"plot_id","1985","1986","1987","1988","1989","1990","1991","1992","1993","1994","1995","1996","1997","1998","1999","2000","2001","2002","2003","2004","2005","2006","2007","2008","2009","2010","2011","2012","2013","2014","2015","2016","2017","2018","2019","2020","2021","2022","2023","2024"
"3293",3.97163826063832,3.90098573017172,3.84891587982764,3.79697825872698,3.75480492558894,3.7091531897113,3.67380922379184,3.63757843228547,3.61042995985854,3.6023396038756,3.59104514901735,3.58532204555972,3.58326017990462,3.58028235900156,3.58741939187504,3.59274819776015,3.60788682360441,3.63723927913124,3.67276305158046,3.69265167083279,3.71544028223849,3.74881463578333,3.77258438328128,3.77817901027188,3.80110005325329,3.83298813986102,3.86425676869851,3.87238750096803,3.89452405077041,3.91876396602989,3.9285050366107,3.95375726813179,3.95856507415595,3.99579938485257,4.0060715381001,4.00507443364081,4.03637038402414,4.06143632896834,4.07669968675522,4.10027430148944
"3314",2.59150141450968,2.54268430993891,2.50459362688756,2.46737888472241,2.43923872961228,2.41419778917261,2.40389777052708,2.40038426974216,2.4120704287913,2.43760776265149,2.47142232716211,2.51963501963681,2.57661741939106,2.63440479187132,2.68952548892141,2.73956897324159,2.78975125473112,2.8614898727181,2.92836358128648,2.96565677451915,2.98283476178114,3.00649501089038,3.01978542994847,3.02494321529292,3.06027358326744,3.0993914894615,3.12569178507671,3.1407918640193,3.16740974376103,3.18778980085314,3.1971441342837,3.21831773716018,3.22441385851236,3.25513091866224,3.25550518210794,3.23849183822955,3.24438551660268,3.24654234598314,3.24185921882693,3.24322071547269
"5311",3.61054705865668,3.54698150419733,3.50183049841839,3.45590705602667,3.4185202371126,3.37961064655611,3.35694670938929,3.33771964634245,3.32962047610839,3.34256214864114,3.35357539660477,3.374224533253,3.39901081993475,3.42343426703684,3.4559099211903,3.48095089064343,3.51530208757591,3.56530353738913,3.61728911727688,3.64280203328939,3.72121802971809,3.79141966663844,3.82705266326243,3.81965862917705,3.82438521249196,3.83817968131764,3.85170464221153,3.84697769675884,3.85599655928237,3.87699595459942,3.88326884399014,3.90034005939597,3.88879642167797,3.9115761031068,3.90776740571977,3.89278620957746,3.90446545406588,3.91705959267201,3.92814914385197,3.94858387106557
"5333",6.10840419584211,5.99490848725825,5.9126375519658,5.82674100651657,5.75633048126578,5.68079957396657,5.62206479757215,5.56363142613995,5.51549003355834,5.4901276429788,5.45386805220695,5.44763123970462,5.45502586143139,5.46249532421144,5.48499567214334,5.49827301209353,5.52396402472161,5.56176355360876,5.59672488583275,5.59672645210094,5.56184712052123,5.52756095401668,5.49326089824204,5.44464218284619,5.40656351221442,5.38824754496709,5.38247499132898,5.33499831469646,5.29454771234432,5.26014990572514,5.20233518379304,5.16276886006809,5.09722109085307,5.06898436470417,5.01643839578091,4.95158422100233,4.90938873113712,4.85103522194014,4.7895579145056,4.7434005867951
"5371",2.6495625066701,2.59912904695821,2.56103026950281,2.52447371026764,2.49318161935984,2.46251264408932,2.44405411973699,2.42943639842286,2.42690064848425,2.43341382780225,2.44216839938189,2.46382033394252,2.49196759575489,2.513924805221,2.54075682031616,2.56211133178452,2.58863460206821,2.6288645469206,2.66542585451342,2.68203603858729,2.70560492460344,2.72105213780009,2.72568095088603,2.72233871677851,2.72924922071075,2.74438466488836,2.76041937067086,2.76177024053946,2.77071665920999,2.78132935552552,2.78126526802465,2.79032682562751,2.78550007715448,2.80430888161157,2.80408036018984,2.79576316156081,2.80495108525277,2.8076377902798,2.80640111629629,2.81256181445127
"7271",2.3611132968507,2.3188826495273,2.28727415623131,2.25550778979112,2.23238371636134,2.21457443233596,2.21306214807791,2.22028916834905,2.24197151807822,2.28164080967413,2.32379674062376,2.41604684105741,2.51362220246456,2.60638450567811,2.69143402433563,2.76122119072331,2.82463241487787,2.90637379225776,2.9699078363719,2.99315902735695,3.01500549503304,2.98083725997989,2.94382765518275,2.90069248787719,2.88791817995003,2.88488645378474,2.88200176452172,2.86202708206167,2.85205658675547,2.84795083507601,2.82489749496473,2.82124463830098,2.8005840115002,2.80582975305741,2.79019025856464,2.7673893238693,2.76584008973653,2.76076087523239,2.75138810101912,2.75176165675551
"7351",1.56967125346081,1.54193168999823,1.52243318933099,1.5031988404625,1.48921835039718,1.47613798819792,1.47382856390969,1.47669749955182,1.49191199808192,1.51914313275774,1.54835487838083,1.58793698423562,1.63525482495563,1.68416390621669,1.74290547818201,1.79965861040332,1.86890005323572,1.95870837754799,2.0528172894467,2.1267038852964,2.21403780974049,2.38125100415705,2.47717188799478,2.52857456367352,2.61054025116539,2.68621506945009,2.77246970631404,2.99650261299256,3.36866703166948,3.79321079884577,4.15475441811036,4.35565838016491,4.31717349303942,4.14213835449536,3.92335014767187,3.73372978448819,3.61320544778332,3.52268234409774,3.43970058417837,3.36964296698631
"9251",2.96259044874728,2.9077941747377,2.86404637354206,2.82065546796119,2.79077695278045,2.77494365757053,2.78474052411462,2.81144378274479,2.85925866422874,2.92673857684105,2.997110712353,3.11101134661066,3.22987950834213,3.34727748964545,3.45866435839212,3.55825693269013,3.66016498797225,3.79318284653085,3.90674319113264,3.97043564041398,4.09329438232144,4.10566984313161,4.10194657954555,4.07734246367873,4.10909233204573,4.14632394285526,4.15936207250928,4.16988290552745,4.1987455950056,4.22740982801454,4.23640312409677,4.29001522648085,4.32505417793737,4.39889787300896,4.42573309803937,4.43402641100658,4.47093824249865,4.50157585777957,4.5137716553503,4.53154425671313
"9271",4.10880526410203,4.03769409086856,3.98707116671089,3.93303450474288,3.88931986591481,3.84443518598645,3.82080470405197,3.80331232278885,3.80127851717051,3.83196263925551,3.85550309793103,3.91481199445209,3.98115075473521,4.04390067478889,4.11596561560101,4.17554866529063,4.24420654229441,4.3327821552771,4.41287790222687,4.4513946575503,4.49108432012555,4.48646098266627,4.47322419438201,4.43692814571166,4.43350885775183,4.44653061294093,4.46673212280824,4.45184517504484,4.45421677328908,4.46595684010495,4.442414662385,4.44764084391736,4.41838818090291,4.42786259787038,4.40323817445918,4.36886228650215,4.36372446758646,4.34910035862055,4.327321077751,4.32169371539974
"9291",4.98637368732407,4.90101477224918,4.84264120572422,4.77700645003251,4.72246716371203,4.66260224122175,4.61551233665272,4.56709739520018,4.52581785493193,4.51442133955907,4.48850955752594,4.4677742136315,4.44776274980741,4.42329286645955,4.41836898267684,4.40815895705953,4.41855762304508,4.44259618731275,4.48082471139995,4.50450553748637,4.54110721179484,4.67709378532837,4.77910112603317,4.79659447732874,4.84002671769366,4.90095137412362,4.9644297093835,4.99576007611324,5.12291124911818,5.41844156682598,5.86841531616901,6.49606683742842,7.08362341171745,7.56070674587746,7.65616257454376,7.4260878674408,7.14093622066153,6.93551293778813,6.75170780523792,6.60055638524013
"9311",1.076141360104,1.05688925462331,1.04299327507421,1.02819837793837,1.0169865805816,1.00658924507406,1.0030595086512,1.00461627226806,1.01466247685665,1.03432768609269,1.05954096156369,1.09797723815167,1.15103755085954,1.21772058232701,1.29651111991324,1.3847080383917,1.48930566705757,1.62234369120134,1.76955225355347,1.90423936620264,2.06437617683653,2.69665268692783,3.11903323567496,3.3102633402447,3.36117086485655,3.24218752444934,3.09141441433415,3.01735068036201,2.98482289214064,2.95208965265226,2.96019265285399,2.99965072153891,2.9986813897264,2.98362271513927,2.94409303078344,2.9004657701663,2.89256093737124,2.89758891205007,2.89979651709479,2.90196746628214
"9331",4.01827757905417,3.94734167753385,3.8968444821236,3.84389013011275,3.80384796977783,3.76710925495104,3.75306953794875,3.74823191084645,3.75942983643652,3.7845329450154,3.80642134427716,3.87722324430725,3.9540631524023,4.02500816142209,4.09388296201053,4.14374272051951,4.19926870579772,4.26519921526037,4.32904457711666,4.35101082447742,4.30366613395593,4.27595782519366,4.25007694730451,4.23126483305177,4.24694948357284,4.27030158558534,4.27581715693789,4.23556294848214,4.20121249384409,4.17783920474279,4.13541880153042,4.11614012627688,4.07494828924611,4.06518943636901,4.03402857224043,3.99334117720821,3.97445610355063,3.94856473129728,3.92736762661226,3.92055062354074
"9351",2.3717321229504,2.32825463778099,2.29753138930112,2.26614488923945,2.24223055390639,2.21951461002895,2.20965560447885,2.20537484422756,2.21436616585676,2.23524771209106,2.25668873985427,2.29549276889295,2.33760381644467,2.37654700566748,2.42078931319751,2.45548462095743,2.49720716738868,2.55059516584264,2.60511309518856,2.63413818921954,2.65128315736685,2.67860329907031,2.69546909044555,2.70838665811857,2.74151544921424,2.78037060728602,2.84476848086605,2.96705005091137,3.16619255787752,3.38608644622416,3.54507358112115,3.61856514140862,3.56235012313642,3.4714217739737,3.37194840944858,3.28114206985566,3.22788841854194,3.17852977077407,3.14201541139216,3.11632166682083
"9374",3.41606688372267,3.35169596434039,3.30634708885338,3.25988102163043,3.22321115964816,3.18819187267808,3.16855645879207,3.15557218750905,3.15859192909978,3.17359799492988,3.19065018684299,3.21810624662079,3.2489143910989,3.27694621762272,3.31212638671097,3.33910916870751,3.37524042968159,3.42504473903703,3.47809585786836,3.5074335331847,3.56383013614642,3.62210825047049,3.65937154801982,3.67589605295045,3.69997686711117,3.72458403122485,3.74491496045264,3.75455582161981,3.77466748424401,3.79723734875825,3.80516573025088,3.83464304353303,3.84485610984238,3.88877644261389,3.90191649298377,3.89377678967787,3.90290812138415,3.89793726470944,3.88786227682531,3.88662102731998
"9433",2.39950581492899,2.35740836545609,2.32876544995966,2.29825856960175,2.27194648839717,2.24613719025366,2.23361520487941,2.22045901231975,2.21621005461475,2.22983277182456,2.24195379931232,2.25571067951778,2.27511460550703,2.28907037868769,2.31305764772326,2.33200066529256,2.36010616969473,2.39762088214644,2.43919620664172,2.46179218788856,2.48598825622351,2.52658685635839,2.55511398737195,2.57036723907348,2.60536602932348,2.65539898842898,2.70260082097693,2.71985996393215,2.74392572003016,2.76954557557429,2.77533080527217,2.79508764372565,2.79263923456872,2.82345992779501,2.82556709587382,2.8070504036556,2.81655214799673,2.81827890353524,2.8136816284508,2.82258233865454
"9451",3.62556694060489,3.56369307738332,3.52040397584095,3.47277837102506,3.43029554103876,3.38920202135371,3.36536534851353,3.34381267246812,3.3370218879459,3.35449483591471,3.36965174492969,3.39043188613155,3.41684516421662,3.4329391389001,3.46632684175393,3.49245226501061,3.52826175451601,3.57411709565877,3.6217066901386,3.64331080448901,3.67187524438334,3.71864189366108,3.75518878598348,3.7609568651732,3.78385845159361,3.82836711486326,3.87749166483362,3.88673717901042,3.90709490201788,3.94077885598861,3.94729811099503,3.97610334546859,3.96792015123071,4.00614388099483,4.00922962478589,3.99438562834119,4.01795114769582,4.02781750323616,4.02335112942275,4.03940994057089
"9471",3.95829535875547,3.88942078425585,3.83903656123168,3.78487231135047,3.73775380952227,3.69570538801136,3.67396476219202,3.65874037050396,3.66452759332019,3.69360934510507,3.72561136044001,3.76561958189389,3.81434780325035,3.85182185819025,3.90891794548871,3.95892339566112,4.01598668225508,4.08843495482592,4.15633362767929,4.19680177465678,4.24060927188094,4.29439986472999,4.33555142607362,4.35394846626399,4.40001545181427,4.46516270541805,4.52727802385477,4.55323700589226,4.59389560017286,4.64512722681972,4.66829241154092,4.71172402598379,4.71630140874032,4.77417560007644,4.79227249801211,4.78968832558039,4.83249600100492,4.86087132450465,4.86981857389993,4.89681858571263
"9511",4.46209164687865,4.38460166728989,4.32277677202181,4.26040520310465,4.2042065405344,4.15466323544588,4.13052793514095,4.11328086185695,4.1152112555659,4.13734994405309,4.15556156828658,4.16360997213768,4.17568251530881,4.17669997217704,4.19611240720746,4.20446017067352,4.22474929070508,4.25679197155914,4.28529994159773,4.30103433734677,4.32486122194739,4.36384316834072,4.38709221365593,4.38319444077228,4.39135971885416,4.42017297275034,4.45449384870959,4.45542105908657,4.47147625607009,4.50045679282365,4.50623093715022,4.5206960497819,4.50570586181564,4.53293373321932,4.53472325099394,4.53174464577659,4.56032093827676,4.57959703052075,4.58422929688186,4.60455263014358
"11252",4.38382311777868,4.30709254926944,4.25113020450171,4.19245725611227,4.14098897538264,4.08662755712929,4.04241395293629,3.99736469247132,3.95716544849118,3.93950269054923,3.90922634452553,3.88111003054606,3.84893839450046,3.80986006723934,3.7830439880096,3.74738816814794,3.72254055515051,3.69805285637669,3.6780212985855,3.6452019538499,3.6134299230686,3.58781535238468,3.56324147020267,3.52232044744927,3.48745457924369,3.46606257386111,3.45594213874507,3.41571253857458,3.38318126071944,3.36063933916108,3.31800736464983,3.2970008991145,3.26056239179084,3.25152905173325,3.22615827536142,3.19610613081852,3.18233400524491,3.16132791449542,3.13974977023094,3.13121066390299
"11272",1.84820744129315,1.81462394008396,1.78943106557354,1.76309459945002,1.74132784599113,1.72017727475319,1.70753431514824,1.6987513149878,1.69639215257054,1.70407081707519,1.71012170939222,1.72374941018193,1.74201394260866,1.76440731673351,1.79551972974411,1.82747290735041,1.87159342049486,1.93199041674123,2.00004483835512,2.06027839258854,2.12380371392474,2.21317285173255,2.27734732811478,2.31401856145207,2.38553783586383,2.45381293310981,2.49572077177171,2.57018587480444,2.69171478128221,2.81714235757235,2.91298777023063,2.98168264127744,2.97633338520708,2.99455901588428,2.98744594470867,2.97674046469591,2.99280235214014,3.02087549625369,3.05182654015495,3.07746606795571
"11331",2.90896732705234,2.85650531901058,2.81623040461336,2.77480930836323,2.74388696131134,2.71531540427224,2.70106832969153,2.69301660660744,2.699083359015,2.70826145276608,2.71726948247325,2.73324613926318,2.74879556964128,2.76869451646149,2.78735997946777,2.8062610648834,2.83057839870699,2.86619863764556,2.90549760201267,2.93120093446542,2.95536142384644,3.05493915056177,3.13067684886563,3.18110626783368,3.24206293911408,3.27855230441205,3.28948804463831,3.30034996233514,3.32183627581823,3.33427282448715,3.32828372819522,3.32995774623218,3.31938350289948,3.3275776181038,3.32132151757279,3.30770609892734,3.30957234567294,3.30883270595208,3.30704844620383,3.30844786882347
"11351",6.03302826846733,5.91896940242116,5.83606402243422,5.74761756011706,5.67876707892665,5.61194113140813,5.56491348497591,5.52910709737964,5.51764394024027,5.51435702095653,5.51412578383252,5.63104740526115,5.7791017283596,5.94146519288544,6.10527274643454,6.2463534123368,6.37993017681753,6.52147394439607,6.66885465754655,6.75175841585681,6.73483011524446,6.63026253008217,6.5253142158629,6.42810721939261,6.3835291226144,6.3557356686596,6.32677460759056,6.2798546887451,6.23853260006082,6.20134555163518,6.140359720462,6.10246373797036,6.03881729295928,6.00996257423978,5.95883178478897,5.8938935976319,5.84934311893887,5.79105401471853,5.73166072142338,5.68512812295123
"11374",5.45361958018965,5.34732598285989,5.27132401273781,5.19169901269763,5.12724933657663,5.06550049425269,5.01272873097499,4.96646744466314,4.93838935897909,4.91170996720271,4.8874944085878,4.88378425330538,4.88520432492539,4.89068105145181,4.90360173684946,4.91167552065361,4.9249546218711,4.94610349551766,4.9780046065199,4.99367239119449,5.00983214733662,5.00543435811701,4.99587753696305,4.97755545595668,4.97407027239382,4.97622061621751,4.97714464917717,4.9639061078333,4.95769908702016,4.95774702892849,4.93851852923961,4.93642184895823,4.9203609635043,4.93387211590658,4.92373542879051,4.89739751288134,4.89174201220124,4.87891431049413,4.86816261505594,4.86660827378429
"11392",2.63063543462627,2.58040957601425,2.54458859696256,2.50729335918127,2.47606280245303,2.44778502528189,2.43067072376742,2.41562425550859,2.41418469333967,2.41742371857918,2.42037385411863,2.42642530095456,2.43441163805718,2.44341164673245,2.46316686129018,2.47969657464311,2.50455534732849,2.53830179170091,2.58244896040216,2.6120728128214,2.65677548042181,2.73130111170774,2.78689307966644,2.81327622723205,2.8414402308699,2.87005946634482,2.89264893822451,2.90720368996531,2.93236976197,2.96352891582326,2.97925786794484,3.00514066974139,3.01021890488839,3.0381348657118,3.05082025162376,3.05069633296228,3.07263696762011,3.08909359547802,3.10149720811878,3.11851629369572
"11411",7.54686378014327,7.41111504430609,7.31902711684122,7.21914151928493,7.12735003451612,7.03186399276383,6.95033980404386,6.86026869184335,6.78759079638827,6.75031210752054,6.69931016139047,6.64311089781051,6.57927956577765,6.50510812567807,6.4522117092146,6.38304098835168,6.3273287751049,6.27219499648723,6.2233971446676,6.14516597688901,6.07119597414639,6.00701123896462,5.9345045637426,5.83382669056098,5.75014310325581,5.68423494090378,5.61735189659281,5.5151220658132,5.42417560888913,5.33948504279435,5.23019911441655,5.1391692216656,5.02501398757757,4.94198232398086,4.83948326372035,4.72202655703518,4.62773782969301,4.52673451249515,4.42134048095448,4.32578942912589
"11451",8.48314637770203,8.33519616244639,8.22923448227946,8.11542721438754,8.01395142883002,7.91101162539663,7.95171669366528,8.06194636759462,8.23984200741405,8.41750112134231,8.55983621449264,8.3900224152126,8.2568399601509,8.11774641124103,8.03683864324628,7.94898391798014,7.89520722249957,7.85314328547209,7.82778452850519,7.76338464510066,7.71299186154573,7.67766091893639,7.64416401889097,7.55427973930516,7.48091936473442,7.45493492839279,7.44788905048877,7.36144020839376,7.27975738426365,7.217573394071,7.11024463876857,7.05089180495568,6.93004388836573,6.87437418484869,6.78739826139974,6.67361816955173,6.60858001081121,6.53359329997269,6.47703556827183,6.47919602686564
"11531",4.09522267407412,4.02501597857826,3.96986088335753,3.91368554810723,3.8637325198747,3.81873697926208,3.78842295279445,3.76890991222443,3.76930250884782,3.8027698901944,3.83895940307057,3.91396006061439,4.00018527072868,4.07615223276038,4.17416305962594,4.24434221102913,4.32835914204105,4.43479809264783,4.5141814904165,4.56534438677267,4.57693324302888,4.59798991700434,4.61176857976624,4.6011364754408,4.62286454686639,4.68980080236154,4.7673211451244,4.7953398551965,4.82618218276465,4.85805505443262,4.84790963536389,4.86850368379344,4.84007627391471,4.87119307710738,4.86838009683889,4.84464463718894,4.86716684097882,4.86642613793357,4.85868427357147,4.87655087256551
"11571",4.63235835932235,4.55815340463517,4.49970256635558,4.44058656706877,4.38748287434952,4.33830927938411,4.30439926487745,4.27858120921297,4.27059935212085,4.2986743247228,4.31863979059315,4.35322770709754,4.38858221804391,4.42000371484512,4.47978706689734,4.51402800257651,4.568446379788,4.64133221921371,4.70328816162751,4.73919536031399,4.81587075575134,4.85926050455926,4.91461479001834,4.97381128952346,5.11863583020849,5.33409943144998,5.52256340488187,5.61450608173313,5.65290600965787,5.63217423499062,5.5323452201193,5.46815030339646,5.36379246388877,5.32967449462712,5.26397464175936,5.18548898477736,5.15556282981399,5.0993907915715,5.03602878908645,5.00650527103452
"11591",1.19213055698834,1.17210556531064,1.15578818721643,1.13897417442094,1.12464347803635,1.11328847152146,1.1071586768265,1.1044985766234,1.10698384592355,1.11669228587456,1.12536732776738,1.13790038465212,1.15409984170574,1.17029970930011,1.19700048866281,1.22011134064242,1.24749589792979,1.28416285141782,1.31811121632181,1.35001063158738,1.3830662837417,1.42233696785135,1.45568815870784,1.48364024328282,1.52317191942859,1.56617032465843,1.59875065586926,1.6243818746751,1.65692662566613,1.69091057249191,1.71591888836779,1.74425453312972,1.76020962033641,1.79204836815008,1.81339272483948,1.82547460469979,1.84964677924315,1.86994531429803,1.88288613437537,1.90194138904741
"13254",3.79527074716831,3.72603278295529,3.67292553058626,3.6174089628412,3.57056245714565,3.52849033329405,3.50069123142531,3.48087364534722,3.47267234683134,3.48223839874475,3.48789255364037,3.50728999583268,3.52592940249444,3.54917205300036,3.5813861250616,3.60672675297634,3.64682464937853,3.70421431249077,3.77370274454401,3.83099284758598,3.89462124858778,3.96084085417025,4.01765081026984,4.04395847028801,4.09961100894284,4.15364792573008,4.19512183538453,4.24334292983202,4.32076678330259,4.41165858363833,4.48350132094568,4.57785536424533,4.61617221650006,4.64599295540149,4.59573600122986,4.50495482407661,4.44735120784949,4.39608207667308,4.3445325553693,4.30574314714313
"13291",3.53744688905385,3.46931013347109,3.41672320649788,3.36217445377645,3.31717989213107,3.27568930889132,3.2489913498559,3.22919544471446,3.2212627461222,3.22220440770887,3.22354757074998,3.2915995916586,3.37790073341407,3.4714065274489,3.56092904334205,3.63424829237589,3.71358642282804,3.80511774059003,3.88463271667018,3.91866610464034,3.94173652522603,3.86210539501959,3.79464079416595,3.73013390235851,3.69869515370169,3.67534311625675,3.6565366335344,3.62306072865211,3.59902490004009,3.5827169972851,3.54745105366721,3.53043798119568,3.49601313625979,3.4846028020533,3.45596738558017,3.42039931626643,3.39839123715834,3.37035964590244,3.34103812104536,3.32146004226849
"13331",7.80851651461519,7.66588719853598,7.55734371204975,7.43805151284328,7.34727820648284,7.26234499153976,7.2031532853979,7.15703640993291,7.14012803280968,7.12706970700284,7.11760695028829,7.13205289593174,7.14462501262049,7.16631313520544,7.1885688171431,7.21033156850015,7.24042877265068,7.29066831257249,7.34507480122566,7.37477879812205,7.40197734692496,7.43890001808676,7.46292757441931,7.47057889051142,7.5173538758157,7.56605723640684,7.60180529030514,7.62226953374728,7.65969875048193,7.69090422363344,7.70114215359179,7.7443498194952,7.7625204226368,7.81612114686991,7.83444470664721,7.83496692753131,7.86200466885477,7.88415789782168,7.90337363420383,7.92449062849714
"13351",3.7465755428071,3.67443709201796,3.61796632882603,3.55698129279025,3.51398867377491,3.48239789944217,3.47668855020193,3.48870691831967,3.52699402153418,3.56120563914495,3.60003753090004,3.63734148038029,3.67412065063511,3.71214572236073,3.74778016282959,3.77955072388253,3.81088407308458,3.85109373865636,3.90438776810469,3.94370957784412,3.97362017462013,4.0183679981215,4.05725840363859,4.09067304495694,4.20979633605662,4.36279141855403,4.49362060291192,4.60322993771529,4.67737991384688,4.69042018760717,4.67300221143118,4.67708874706578,4.67649506264015,4.70681879188338,4.70558413632734,4.66671786556897,4.6227734983002,4.5753836118416,4.53204949541794,4.49402971009124
"13391",3.79898088688666,3.72607092817348,3.67347783310492,3.61684790780378,3.56880059209881,3.52555990252333,3.52726784820932,3.55726216599143,3.62783709952911,3.69695203314183,3.76523630527779,3.73976137405695,3.71522018650487,3.6915142929662,3.68010241969311,3.6626234263954,3.65475724994459,3.65432331799981,3.66364935637195,3.65584203982635,3.65012322434467,3.65955821048897,3.66199594666518,3.64473383745912,3.64302956445423,3.65088327527604,3.66248337425515,3.65164416089379,3.64763432162541,3.65119698463401,3.63492161188325,3.63599506068791,3.61566328787227,3.62003179155795,3.6086318834001,3.58714496637455,3.58630219520278,3.57673420190591,3.56606605059589,3.56677486873148
"13411",4.40598049279529,4.32276736237378,4.2619767012972,4.19753493253702,4.14172777482368,4.09198167179099,4.0605372441215,4.03066233051824,4.02254989980405,4.02452367954445,4.02801540455767,4.093709253674,4.17393779332977,4.25765017234506,4.35468265651554,4.43629177269212,4.52048793432958,4.6119107357318,4.70427534253798,4.74344777728664,4.81600715529896,4.75597695118929,4.69368213912165,4.62719322207804,4.59935178456523,4.58301555429618,4.57687517001297,4.54537601156432,4.52660120905327,4.51723672508173,4.48211755433548,4.46951678518765,4.42544563722718,4.41513365916322,4.38545222649019,4.34231105577077,4.3229781427606,4.28941435133386,4.25269798142065,4.23132612224224
"13452",10.4846309016691,10.2988192532618,10.1516831971245,10.0016695702488,9.86768338309079,9.74173362203098,9.69466381597566,9.66173606941412,9.6850670415055,9.75626026666721,9.81867000822013,9.80420603656915,9.7790470907537,9.73519535147221,9.73667553905492,9.7089428361877,9.714201493823,9.73137685639398,9.76492977766564,9.73825513420427,9.72703287315306,9.74506596814428,9.75947660780178,9.70494020361359,9.69273327591663,9.74192983483944,9.81002607875718,9.77803810939772,9.7566568183206,9.76836054208259,9.70942915573105,9.71705120377135,9.63689853668717,9.6532754472164,9.62509813389883,9.55488374142774,9.55447976629828,9.51761157652706,9.46814896173774,9.46447031204414
"13551",5.05614277878036,4.97301132467082,4.9092135895641,4.84176305696712,4.78294738985318,4.72410859912209,4.7221571914782,4.76110064414281,4.8373808814225,4.93399812571569,5.01417292960917,4.97622484940653,4.93827969184296,4.89121993714796,4.87472426529957,4.83361966122076,4.81616122679208,4.8102755937888,4.80850825132135,4.77805749030059,4.74911898517608,4.73983274599513,4.73611766967845,4.68054439966429,4.64421337737841,4.6569540826705,4.68593635465156,4.65235742432351,4.62351923037459,4.61329671374515,4.56716466147844,4.5628340210089,4.50763806351446,4.50982074296732,4.485490924925,4.44365798472427,4.44540042130918,4.42561066867853,4.40487153206827,4.41706129081208
"13571",1.63166431552841,1.60490759939693,1.58304850047847,1.56053800191354,1.54318519224778,1.53062547351822,1.52956459228723,1.54089095970215,1.56949062472764,1.6170024701981,1.67326881175743,1.74181348481433,1.82098617270417,1.90568216075431,2.00954491320061,2.10175468323235,2.20905433520992,2.34389777816719,2.45837247017146,2.56319115819397,2.66594140921019,2.83903061495324,2.95117779921209,3.03472279778741,3.13200539386699,3.21048651050386,3.25059308334518,3.29453702847546,3.35941470447903,3.42534781907454,3.47792687193025,3.53390838042801,3.57153429457205,3.64303082217936,3.69244949971859,3.7326454616365,3.84092319529103,3.96741059316348,4.07813554384796,4.18685417995465
"13591",8.43045355860568,8.29490280157981,8.19221850681592,8.08185672514683,7.98625301541183,7.89841895302878,7.84041231464782,7.79871571739769,7.78187757225236,7.83274966171098,7.86984391186516,8.06093019299883,8.29483447584594,8.52639968450767,8.81982159214164,9.03920064883734,9.27129318306656,9.54105963063507,9.73448174573083,9.86713327930403,10.2498344221951,11.0763704031006,11.5598439096927,11.6033213652115,11.4296394217792,11.1222017669129,10.8662733624624,10.6253784881076,10.4551599511978,10.3325698491013,10.1518568931223,10.0727147894191,9.89405549350015,9.83118924635879,9.71683653171886,9.57035007307852,9.49955380706346,9.38005240064037,9.25563275894392,9.18847348243844
"13611",3.38940336606167,3.33297069189455,3.28920985222434,3.24225297777673,3.20203898701972,3.16709388394966,3.14631966345909,3.13499032127237,3.13788302813356,3.16740727026809,3.19558645222192,3.23122648743553,3.27674754591359,3.31979004055607,3.39098783267462,3.44696883225171,3.51703963730485,3.60994307524127,3.69223151030475,3.76539124896232,3.84278254425142,3.94001655010148,4.02465967414989,4.07507754731278,4.15590799887039,4.25167298191592,4.32655474665201,4.38328111403467,4.45753628715388,4.52778355006186,4.56472733585584,4.60953464575619,4.62094713471062,4.6768084864875,4.70767146152739,4.72029998365251,4.77798383665691,4.82974137828797,4.8648769226575,4.91976259207267
"15291",5.35024318455037,5.24257133963411,5.16036699713441,5.07242745417892,4.99579474608022,4.92725916409068,4.87902688790262,4.84531189402557,4.82933660818946,4.81625355298479,4.80461576302756,4.79965872770975,4.79459132205864,4.79401247890742,4.79601466558001,4.79135275449845,4.79847635674632,4.82034776905511,4.8423230049997,4.84784744501411,4.85531442476262,4.86505059445461,4.87330942386967,4.86644729274807,4.88227600835925,4.90073380415365,4.9146698703105,4.91271086606652,4.92062123915771,4.93467335997432,4.9260078709528,4.94121461936179,4.93544878524772,4.95961014432741,4.95831293977509,4.94559557441175,4.95166937689493,4.9537642699252,4.94545285812385,4.94506119037837
"15313",4.4361494982207,4.34831780270515,4.27836226256857,4.20386136430211,4.14150802910062,4.08824113644113,4.05425703869713,4.03610466759148,4.03866271457195,4.05231466077342,4.07376642712078,4.1157750603824,4.1594211151902,4.2173132758426,4.277733009564,4.33112327523029,4.39294692942291,4.48339178882266,4.56074718703018,4.61707314865634,4.6699522044882,4.72374243229664,4.77037467088559,4.80525153247298,4.8815047776461,4.94362480386844,4.974799556191,5.01251172311877,5.06762754735287,5.11482868681981,5.14553275811725,5.20424718401695,5.243338239444,5.31121955185195,5.34160602207448,5.35356277948587,5.39067010105346,5.4369528438279,5.45837977217381,5.47706020846862
"15393",5.47161397132199,5.36389419285931,5.2827678618882,5.19722232524303,5.12391268118059,5.06027030427177,5.01857249961435,4.98409098462368,4.98012789802812,4.99458626774802,5.01399803195977,5.1145281489519,5.23128127653886,5.35425288490664,5.48875766940447,5.60299371929859,5.7107845148625,5.84025855817781,5.97889768359287,6.06274075582822,6.21885879067466,6.34061625288598,6.38031214272548,6.30488156584935,6.27948129262565,6.26195308628608,6.24527825429891,6.21991606040679,6.31162662815026,6.52947745973481,6.79835059698166,7.10216716535858,7.27263249746107,7.36415736193,7.27608595674618,7.09199021508289,6.93424113928349,6.79905937171075,6.67476058771492,6.58280123330415
"15431",14.2140442086753,13.9374879891082,13.717560922354,13.5064407170265,13.3065158397662,13.1321539479446,13.017568369196,12.9062277658043,12.8475787399996,12.8326169496103,12.8217692562807,12.8744582885857,12.9399537048783,12.9912085031743,13.0863603000332,13.1536150486629,13.2397883958132,13.3531273855618,13.4623099705413,13.4978717107626,13.5584989618638,13.5878723305306,13.5969950782456,13.5392021530671,13.5288845057138,13.5494966574418,13.5797487628181,13.5299013276178,13.5069776776705,13.5192860969142,13.4508715915432,13.4415008007287,13.3322935224183,13.327079838094,13.2651444928761,13.1611342684223,13.1253520579063,13.0523009383086,12.9677184316173,12.9251665739788
"15474",6.50408403661625,6.39414154470955,6.30681625832798,6.21385691307032,6.13379254550267,6.05220492794194,5.98641474961449,5.9057512614736,5.83974467673553,5.8163360278116,5.77911810419585,5.73634872427451,5.68373232405,5.62375392320724,5.59207901165884,5.54145070999419,5.5126242584662,5.48748441527396,5.4751322351786,5.43315318449584,5.39900666877258,5.38869214275416,5.38171174715771,5.33058547739392,5.29923987596707,5.30579990312009,5.32681073528418,5.29053739280518,5.25616384249267,5.24069357325544,5.18880538306247,5.17399246935777,5.1123259633666,5.10082664966545,5.06888573466568,5.0171113267289,5.00065991714339,4.9641510930719,4.92494981164994,4.91312081833424
"15551",3.83243877257907,3.7678705229366,3.71565118292311,3.65845734067526,3.61337016653722,3.56751249161286,3.54013753728648,3.52108830087877,3.52289353287628,3.55673124823092,3.58792134856571,3.66449846875678,3.75042521946409,3.83232484315169,3.93456079545609,4.00937495785044,4.09589066017301,4.19445145268332,4.27483912387179,4.31768666117419,4.37510169583583,4.3822109435644,4.36831068383727,4.31995706390398,4.30738923077431,4.33489415493524,4.36747661913757,4.35531813566005,4.35204328708158,4.36828024798858,4.34669971638331,4.36381070466892,4.33137927923985,4.36328678201439,4.37028827766577,4.35711463023115,4.38518304188275,4.38688504160455,4.37810540037353,4.39612207762451
"15591",5.91357366066851,5.81699714610927,5.74428253434654,5.66471812508859,5.59858313765946,5.53136995542535,5.48435931558732,5.4484569169701,5.43085390317054,5.46135679916706,5.48236075699744,5.52443996077897,5.57500887009918,5.61462920306921,5.69051138050532,5.72656355350522,5.79061613854933,5.8686243472805,5.93488150635201,5.9640093521274,6.03467822422406,6.16160998313928,6.25792060723877,6.26412849908586,6.28795877002547,6.33033865376289,6.34831965997049,6.29544694494398,6.24391757712495,6.203448831743,6.11627913800813,6.08790097501675,5.9932121677213,5.96809913194229,5.90980341694424,5.83031113618632,5.79931939216669,5.73956731363083,5.6743044504981,5.64507729483262
"15611",2.77547155893711,2.72965797925992,2.69373921007618,2.65492964350805,2.62372220543094,2.59578737815458,2.57934823492218,2.57107851052205,2.57390445356924,2.5984039328649,2.62015608917877,2.64540206031947,2.67673111453365,2.70195917398069,2.74580224911835,2.77187742159548,2.81199414372471,2.86110435817243,2.90366963486916,2.93209765786321,2.96018134794224,3.00384122824579,3.04372256298885,3.05266821005225,3.08412705839403,3.13630469936416,3.18076613420166,3.19951983616255,3.22698106248446,3.25930127897018,3.2726211574848,3.30620618294084,3.30838654987619,3.3444226551381,3.35996180051782,3.36246599396335,3.39302088320144,3.41052748966043,3.41650259268193,3.43998685354509
"15631",0.498054837958968,0.489902660250501,0.483629517000519,0.476792631591791,0.470892161351683,0.464916350288406,0.460165134886561,0.455957048294121,0.452834930019693,0.453012784303291,0.452332433279072,0.456795921065842,0.473660832927943,0.509266113008927,0.576292390218995,0.671021154201694,0.799566510622238,0.964351202239457,1.14601749891137,1.35326076807411,1.58203937003499,1.81260535061273,2.00945260296434,2.19992305545869,2.40681309765836,2.58210042138571,2.69533484046995,2.83021983336069,2.99181174735944,3.12186202465247,3.28001019586194,3.38638232528198,3.51867978661952,3.64360584435899,3.75299689603263,3.85513845760742,3.96314175766905,4.08456449801139,4.15818259806717,4.21716956868148
"17171",4.16481531201112,4.07824047426979,4.00766934275279,3.93663845328333,3.87622684171222,3.82841648878989,3.79501249665128,3.77764684269471,3.77879282185196,3.78010148199769,3.79185752243617,3.84449898354012,3.90103099415609,3.964636938032,4.01935677787738,4.06497723293179,4.09499408056677,4.13661578162067,4.17633854275083,4.20291680178137,4.21449435756541,4.17176702727581,4.13064080361694,4.0896747239227,4.06621504032781,4.04642300640638,4.02049010288385,3.99379829639583,3.9761663593124,3.96183472994873,3.93233156689905,3.91694829433221,3.8910819682219,3.87834661234404,3.84948342438406,3.81727809646133,3.79216911640086,3.76555909920356,3.73685604978457,3.71149731115507
"17252",3.42162158808005,3.35645192222922,3.30531058555014,3.24932316207306,3.20691301820318,3.17230473220916,3.15147192808534,3.14401982913563,3.15724540456425,3.18092555661938,3.21525250536614,3.30121942923874,3.38502911130886,3.48515886128655,3.5717744959943,3.65150843068416,3.73801944974638,3.83861807393578,3.92298878087051,4.00167366512823,4.09208382247647,4.08254889473445,4.08225487613164,4.13314463603502,4.31321082912624,4.5250510953799,4.66164650625008,4.74458376172197,4.75792801062736,4.69394202779213,4.59795205902557,4.54649554480014,4.47751620763677,4.44613974795122,4.39403607375414,4.32992686681063,4.29388252106547,4.25938744687273,4.22268010925369,4.19409485676671
"17292",5.49171754402324,5.38211942235942,5.29958966683073,5.20322690812405,5.1242967381445,5.05650216480783,5.00052582325549,4.95641610168596,4.92944220415644,4.90308428364758,4.8782707284887,4.908392176828,4.94779951065398,5.00505096775051,5.06279484297805,5.11296546555575,5.16834384522533,5.23984306155113,5.29539843990526,5.33158342996898,5.3552602067658,5.2978617160396,5.25306135608956,5.20262210884747,5.18257706647908,5.16374571245778,5.14521399668023,5.11568812603141,5.09386508240977,5.07982517350677,5.04340349525866,5.02599455697679,4.98694700664384,4.97414889018604,4.94185052834194,4.90165653478622,4.87531234685567,4.84151329730442,4.80208177698761,4.77283188921708
"17312",4.78030909435593,4.68512994367771,4.61180224938481,4.52943202001694,4.4615257897685,4.40281185208035,4.35646888557926,4.32134796312556,4.30161281954411,4.28241853480517,4.26455678859716,4.27060426568794,4.27546081693999,4.2921873554825,4.30901310348014,4.32342957179529,4.34329184728678,4.37704582902726,4.40294082387391,4.42196423925112,4.43000705856758,4.45179775249667,4.47324411399051,4.48708945958058,4.52466539022342,4.55304056762693,4.5628879362086,4.55749680252699,4.54936304436589,4.54133312586532,4.51703736039753,4.5111379261701,4.48668375847886,4.48809357348674,4.46989361001528,4.44139720221145,4.42663710106167,4.4075367418823,4.38276410813163,4.36561959621976
"17351",0.928837273409957,0.910883519180694,0.896386039934485,0.880689945140761,0.868165445848957,0.859251087140832,0.857488738613601,0.862497619638477,0.881621778308635,0.910414776604529,0.951770823051367,1.00981376598596,1.07852808644985,1.16177399084505,1.25294502349881,1.34886955398656,1.45294600856136,1.58490093386208,1.70564193890792,1.82484825623228,1.95723260733755,2.08394755669657,2.19712726788742,2.3090780315741,2.45157205107367,2.55715078578738,2.63852633715483,2.74002011803895,2.85539655078832,2.9567396025363,3.06553083496228,3.18689780911052,3.29303699557318,3.41177434360418,3.49776736741297,3.55766216012713,3.63913529680562,3.75167181908645,3.85899414802417,3.93711676989586
"17374",8.66326706810354,8.49760000351635,8.37455202306889,8.23989410193992,8.12468983829615,8.02271024764542,7.95773857237879,7.89252800700918,7.86652646606646,7.85974530476915,7.85095019645594,7.8711252219271,7.88223895939166,7.89081867258479,7.90929148480779,7.90738934151697,7.91329257090671,7.94080870713717,7.95587448402978,7.94030186335103,7.93631296552136,7.91404253056825,7.88446780029169,7.81624146057178,7.7693556167251,7.74993409839433,7.74520431875176,7.69117604231009,7.64279809885865,7.61361723388296,7.53855208903441,7.49720759366555,7.4083529943133,7.37390693683164,7.30488211804075,7.2204176187945,7.16438830237445,7.08833569129023,7.01157593770541,6.9610429943315
"17391",8.85653914907092,8.6821673263029,8.55184843417545,8.4167434647032,8.29898330732872,8.19597917209963,8.12660518618224,8.05772383839193,8.02962502115392,8.02262820662666,8.01331159194206,8.15257782840311,8.32467420684587,8.49954034956583,8.68766248645448,8.83924067523628,8.97477152223944,9.133705609004,9.25803189575739,9.32124228775232,9.29599278591675,9.17363064161014,9.08205797615196,8.99340042989359,8.96247332958048,8.95450360531775,8.95798922772297,8.9217700871891,8.90085219962563,8.90572485300148,8.86697627889721,8.87386267877154,8.8327852256475,8.88089292785953,8.88963696225219,8.87418193827806,8.88735527875241,8.86491330163758,8.82368629689303,8.80722348308519
"17411",6.7950748164402,6.66000974717453,6.55823950809861,6.45445025788303,6.36458096715323,6.28557548983199,6.23240581983633,6.18295020089772,6.1619734063844,6.15204722073892,6.14222445156552,6.17127700616536,6.20651479253551,6.2389928892826,6.28727707959348,6.32461527581376,6.36823347742804,6.43196558821513,6.49055539948516,6.52759591808037,6.64416878738081,6.64434601429659,6.64424506819328,6.63806754848934,6.69224846157501,6.78742794203931,6.91254458283267,7.04971861054323,7.21318204202325,7.36444273038468,7.4295563998857,7.43597183718378,7.31847111510963,7.24485109646224,7.14279679248811,7.04292544540867,6.98178107295322,6.9248215603171,6.87161541736903,6.83464592955102
"17491",1.42873357993682,1.40287107420356,1.37901891973693,1.35378896717414,1.33418185709703,1.32137469889341,1.32410531428708,1.33836993365612,1.37267014442142,1.42091346025549,1.4808898549193,1.5509815311943,1.63181475970046,1.70437325652443,1.7867774631867,1.8564761429053,1.93890107357754,2.02868856970608,2.11165459534807,2.18039879946021,2.24543111073521,2.33862686746311,2.39872726959066,2.44479459127969,2.50923856086869,2.56105861128856,2.58093618307713,2.59883973421677,2.63054957518809,2.67243126932061,2.69806032651996,2.73144718519154,2.74940981408394,2.79558507696031,2.81758944975533,2.82523438771308,2.85861488712272,2.89945183575764,2.93014200179184,2.96027994810194
"17531",4.4587696562582,4.38385279260122,4.32019865072881,4.2507868095934,4.19753450960658,4.14207422916768,4.10761624511206,4.07566810382626,4.06723164171027,4.0864389188167,4.1054268646978,4.15184793545173,4.21241296588855,4.2655596864798,4.33873421145324,4.39141978852679,4.46241131689342,4.54357137207276,4.61791252658174,4.65865103920733,4.68014581904532,4.71045709049092,4.72996028875848,4.7172888705042,4.75648361811032,4.84017382888279,4.91722256494051,4.93647442311476,4.95197439783955,4.97821796101622,4.96379788491326,4.98975116552955,4.96761616219683,5.00618757842595,5.00085003823402,4.96373661751733,4.97529268814958,4.96785119269426,4.95491349986924,4.97095358586516
"17551",5.53209609310531,5.43768866728463,5.35784900289193,5.27184461379815,5.20458331996329,5.13145923271029,5.08268500782419,5.03728341958514,5.01571567710227,5.02460704213975,5.02596793366023,5.0678374468128,5.12393458693614,5.17569623968324,5.25366896725027,5.29485814258357,5.36547471719921,5.44528464492007,5.51345343252104,5.54572360668328,5.61413135955665,5.61259377703303,5.59096472576146,5.515388554733,5.47978457753001,5.4993567941819,5.53590975233704,5.50714275560748,5.48301134969667,5.48136573554176,5.43515751187078,5.4315988901013,5.36501989898528,5.364635906847,5.33104674825531,5.2760535216594,5.26763144589657,5.23283796481297,5.19244529655969,5.18616563331889
"17571",4.74102761218952,4.65803695719511,4.58799027628658,4.51338577833917,4.4547465832086,4.39226230874993,4.3502562025617,4.31500772879054,4.29944850776382,4.30940260547684,4.31227396638003,4.32151821495918,4.33669033287746,4.34588805462056,4.37967420443111,4.38238373649497,4.41449310247017,4.4575546723755,4.49985895393229,4.51817827053654,4.53469389428047,4.57788941675293,4.61322114301801,4.60131838648917,4.61961635896661,4.68089575725965,4.74560019734499,4.75520900791399,4.77161167132011,4.80620424091799,4.80269332741631,4.8379203574634,4.81733887825167,4.85675142758517,4.86278320848124,4.84788301699342,4.87808672875523,4.88532967068091,4.88165541393439,4.90737497704412
"17611",2.88482623084884,2.83670270361489,2.79732273125988,2.7555508832177,2.721533461234,2.68871244356166,2.6871568124209,2.70843766615658,2.74740270511821,2.79320215068572,2.8285541147286,2.79963866164489,2.78113626401587,2.75740252041188,2.75559339282534,2.73891567942471,2.7411994428868,2.74850209997387,2.76297813679502,2.76434629415076,2.76986372657364,2.79001276129129,2.81159303016226,2.80299169485766,2.81641164554459,2.86350836413919,2.91147150547641,2.92276308911869,2.93392311217891,2.94803643415364,2.93808880559085,2.95032799305723,2.93119066585165,2.94700239246644,2.94609044540774,2.93637549783472,2.95545890235445,2.96248750400951,2.96477607804407,2.98625493844818
"19191",1.69969207522688,1.66529277843245,1.63692280156639,1.60851917729167,1.58561397058607,1.56918648519213,1.56088365602134,1.56135329201813,1.57376088742327,1.59134732741912,1.61744790345386,1.65927536536642,1.71088805348863,1.77509424683148,1.84489498519773,1.92374041230913,2.00861735726353,2.11219800872213,2.22560314663408,2.33593425489381,2.43176827455899,2.51435579839003,2.59544228063275,2.68556308410385,2.82433833791483,2.94982380704874,3.00091739714482,3.05720191395315,3.13116911246159,3.1945375987054,3.23053099262855,3.30772049369135,3.38549989172282,3.49439598046026,3.55256041426328,3.56909323016949,3.58752616151322,3.62120197262152,3.64010150306521,3.64340282518974
"19271",6.14813145839004,6.02978182420612,5.93741186408821,5.8332981211499,5.7532167273712,5.68473927796415,5.63362884210687,5.59717635334217,5.58750807157547,5.58594592385079,5.59245257006079,5.62270327442645,5.64756506806211,5.68841706471449,5.72625209115737,5.76244883995356,5.81479726912807,5.88479653724962,5.95202270323995,6.01367946289095,6.06481410559304,6.11103212224914,6.16003055588383,6.18776080823291,6.26219521200919,6.32801181290081,6.36446129908384,6.40176892677945,6.45287112841139,6.50546279012736,6.5353502006764,6.59944679401015,6.63011046300666,6.69315976784752,6.72388128550115,6.7317594360363,6.76662212437914,6.7996646522788,6.8132913767124,6.83017071812479
"19293",3.28687754975003,3.22246643563367,3.16989255783843,3.11042927025063,3.06407138238955,3.02719070345355,2.99972474358915,2.98258043012845,2.97982871559852,2.97833445411832,2.98061873984959,2.99859795315489,3.01519746219025,3.04074798574969,3.06500759431453,3.0888684826814,3.11818159352718,3.15855315322442,3.1951008069163,3.22828514920629,3.30287180255405,3.47210598751473,3.59558633341177,3.6366797479245,3.64362063523412,3.60668108273133,3.5641984882668,3.53867310812172,3.52580759252299,3.51887761642127,3.50332447631571,3.49807672571394,3.48006486318308,3.48504362244719,3.47886098293881,3.46810191051094,3.46988274632306,3.4687094698056,3.46795848979831,3.47206619572457
"19331",2.86586747977178,2.80877262075228,2.76535362069669,2.71665557923727,2.67663675347604,2.64185426168027,2.61493461303722,2.59291699302136,2.58215983967549,2.57382023541612,2.56701371532408,2.56993665177286,2.57117647053998,2.5789206543746,2.58655845911093,2.59241046147106,2.60264602764413,2.62087097896506,2.63502630434838,2.64568687095259,2.65650574736166,2.66854475003189,2.67952124704432,2.68445998929263,2.70045481246795,2.7141327160957,2.72742972964908,2.73474882107073,2.74526222394917,2.75844799486773,2.76040104699668,2.77310958172097,2.77321648013266,2.79009847391662,2.79512782389129,2.7928567763711,2.79959196381221,2.8035245665835,2.80479871472867,2.80995166117754
"19393",2.11714059973298,2.0761714797835,2.04503025261981,2.011640924522,1.98310507981224,1.96074286186117,1.94909835357445,1.94089681514214,1.9478946792768,1.9635597637205,1.98256360869051,2.01572830811087,2.05454223072108,2.09552577542959,2.14625035716598,2.19604502977079,2.25116664205799,2.32284439953691,2.39289881154957,2.45842875732508,2.53222023239921,2.64243108655288,2.71206846917038,2.75929194934415,2.83623663328473,2.90179021810547,2.99028477581609,3.1825441373485,3.48497651604268,3.82904723599838,4.12529474157731,4.29960852106657,4.28228099345519,4.15416135402031,3.99480405658717,3.85824704586467,3.7666613834924,3.69930542821485,3.63270359747705,3.57304117983507
"19494",11.2041277908532,11.0038986490228,10.8374264104348,10.66823213473,10.5197843073512,10.3752373204609,10.352358199977,10.3940601419862,10.5124933136235,10.6534276375323,10.7605336383786,10.5748837017668,10.4262889065095,10.2733870994841,10.1855169738878,10.0771428021013,10.0211499538976,9.97573746954561,9.95235653452717,9.87834241477235,9.8132286407864,9.7706856628944,9.72856834142487,9.60646400666659,9.51100757296705,9.47458386307297,9.45512404695717,9.33824546219568,9.22398090892955,9.1389838705327,8.99992062367801,8.91301233400582,8.75259962688673,8.67024242266911,8.54869385084988,8.39868748780978,8.29420986926791,8.15986706171991,8.02261999911052,7.93260236874464
"19511",1.51075439508511,1.4834558096627,1.45787458510838,1.43088285868153,1.41008560606226,1.39656003956721,1.39856030501026,1.41137623920292,1.44430737468127,1.49100559100733,1.54770718214764,1.61581145843717,1.69432969737013,1.77008149814605,1.85417582673584,1.92859138354818,2.01433924786156,2.10855754707311,2.19678832057886,2.27380931012838,2.34247437491014,2.4470986495214,2.51212237924181,2.56166622502703,2.62654518889728,2.68028532628898,2.70276781878509,2.73255485250231,2.77636155096198,2.82660878986075,2.86882733651138,2.91939249534391,2.95184453497783,3.01047362763412,3.03826142947501,3.0516146340143,3.09046045233786,3.13301256804219,3.15773895589712,3.18305121473072
"19531",7.3321795481839,7.20551987139988,7.10124895379258,6.9882685027982,6.89334814112704,6.79300374188588,6.71249209116333,6.62489659328222,6.54930214773551,6.50644097284932,6.45073457229371,6.39207091321737,6.33452444554118,6.26731659356475,6.22344118605285,6.16038768348337,6.11664972616198,6.0755265665517,6.04551566430949,5.98607087817195,5.9177553798811,5.88643903856345,5.85529995160271,5.76617915262045,5.69435384136456,5.66496691301959,5.65070011312865,5.56996298200103,5.49453678850846,5.44387154797899,5.36070675492002,5.31802617454072,5.22524813826004,5.19383001651627,5.13870489601378,5.06753179290438,5.03927041344095,4.99111406172087,4.94331955915769,4.93298674881264
"19553",0.824966618019175,0.810738586741517,0.796055489264268,0.77980417947687,0.768683864438605,0.764259554075273,0.77753497949411,0.815009919285294,0.889657286345325,0.989484200538876,1.12119536609684,1.28023186736881,1.4595043734544,1.64521527931099,1.84163998883787,2.02472397100841,2.22704944936742,2.45639678290659,2.65317084671315,2.8561850644101,3.03244227762667,3.24608773461229,3.37377515653954,3.50543305035166,3.68746578323395,3.83595027912957,3.88892805727442,4.00645060965501,4.15136694787735,4.27873559224876,4.41559499963107,4.54036190193978,4.66336819927313,4.80564807248031,4.90079561039959,4.98076996760478,5.0936791802508,5.24138463921763,5.34080078567776,5.41562051246509
"19573",3.74449915776456,3.6794877371323,3.62381833094418,3.56540194268419,3.52049391913393,3.47172915725617,3.43639753286275,3.4049830146841,3.38789340651164,3.38827553355016,3.38565244453458,3.38979442118911,3.40003207553534,3.40852414463587,3.4383484569577,3.45209182874907,3.48908531632487,3.53918934279689,3.59080987986717,3.62951403863449,3.67755316237291,3.85157544730916,3.97751940216267,4.02036539359371,4.04256519459361,4.0524939312333,4.05646137371884,4.04038418051524,4.04964785483267,4.08021312957506,4.08001922915888,4.09139901976841,4.04050473616173,4.03328634231333,4.00290555774131,3.95954806561783,3.95344845448643,3.93824719400911,3.91900900802162,3.92353509041914
"19592",7.00765611470621,6.89063100907218,6.79334963042683,6.69174535290394,6.61093887970573,6.52536928716939,6.46195485156376,6.40282094490576,6.37341583664094,6.3889271112314,6.39417847803819,6.47641591356817,6.58562777872362,6.68363595386365,6.8217015844786,6.90243226643402,7.01680784355878,7.1362869977247,7.23576667258605,7.28162506076328,7.24877268252161,7.29579209419105,7.30887947459234,7.22850174513548,7.18117949061681,7.19739769296934,7.23356744025116,7.21238605299511,7.21940452225193,7.25654708553521,7.23361504501995,7.2406555309,7.1457975366549,7.11160493194335,7.03343776386188,6.93474260795831,6.89562913933321,6.82084940525557,6.73514339439038,6.6910164577011
"19611",5.86745453761304,5.77247121583388,5.69590847319458,5.61467839517858,5.54680301002109,5.47213426653222,5.40227400873803,5.32944990768956,5.26664345875774,5.24532632378923,5.20571858819895,5.16581728603861,5.12565853740723,5.07453040828195,5.05352273471784,5.0080183052641,4.98996406005355,4.97210026981668,4.9674982105892,4.93150374072915,4.89684981869997,4.88028298429908,4.86865694750477,4.80233952460728,4.75501163776659,4.75536808119973,4.76347089524669,4.7162638323033,4.67261406338038,4.6454204311501,4.5868153780425,4.56148560741968,4.49268628236268,4.47111816829732,4.4276443641161,4.37197173727806,4.35855827557529,4.33894829946569,4.33207984446943,4.36818595402739
"19653",4.58674139564648,4.50665148022142,4.43977942993772,4.3722154143865,4.31460105575155,4.25735088697864,4.21074612324077,4.17531446897873,4.15784157593761,4.16339246453368,4.17654029358238,4.19646886681921,4.2358069647001,4.26750580330609,4.32248831107455,4.3617855756281,4.42008419375137,4.48213211563194,4.54348643678949,4.59256085236278,4.65870646372398,4.76916291363587,4.85173392288167,4.89967168050648,4.95407816332161,5.007809577157,5.04529887337932,5.07280999042482,5.12193336984708,5.17709525646527,5.2305833995836,5.28593980988195,5.30422718680034,5.33483774590187,5.33840789042798,5.32328720782254,5.33962324810256,5.34934314149901,5.33920201086859,5.34754818753485
"21211",2.31414676780872,2.26737165748245,2.23136224925687,2.195563542354,2.16465465284513,2.1395410526082,2.12122099191449,2.11004485355204,2.10950109597213,2.11323214106812,2.12379305542145,2.14651953199207,2.17602698921552,2.21229786534696,2.25515047957952,2.30575607446129,2.36376836082118,2.43473037793507,2.51408249466472,2.5962189184254,2.66873929756562,2.80365018891258,2.9164032776842,2.97973416035876,3.03953158491797,3.08998177438948,3.10779399026331,3.1480581289746,3.20414152586357,3.26297559358357,3.3073858179894,3.37128525339443,3.41081787088712,3.46600806524809,3.49488385946202,3.50740761206126,3.54591338082064,3.59411238981875,3.62535512540552,3.64665971165119
"21251",4.92285504771676,4.82856042154862,4.75174917244886,4.67011765948774,4.60480530852827,4.54724191854533,4.50246643650343,4.46525522303753,4.44380282945612,4.43073548305632,4.41849035524387,4.42775737008857,4.43476470586722,4.45085298584127,4.46773649220914,4.48515654511526,4.51069813392023,4.54562382543929,4.57881035275001,4.61075393242476,4.63670536620028,4.64013214408223,4.64857799195269,4.64240373455576,4.66562581475152,4.68857643850494,4.70789558716783,4.71813569317023,4.73626218439682,4.75578915867805,4.74888949803759,4.76312490772282,4.75609583066488,4.77198878395374,4.76889094072333,4.75500193039338,4.75919010686735,4.75681448367184,4.74264705341836,4.73775479037398
"21291",5.83165762639818,5.72173638355558,5.62823477351932,5.52561694843356,5.44758435295777,5.38394379077818,5.33648082424296,5.30123686636596,5.28935732898301,5.27663417507501,5.27006135609331,5.28679756203482,5.30051445007037,5.32790809137094,5.35224154330039,5.37934045097788,5.41368601996443,5.46308367705482,5.50694708380521,5.54901850092599,5.58498971649476,5.61440189637335,5.64561054040725,5.66685736236734,5.71967085823726,5.75786760397927,5.7832811423361,5.80986740096788,5.84763641407219,5.8883535358996,5.90961191452813,5.95214012918409,5.97090387885781,6.01676567277863,6.03871893511974,6.04752180482446,6.06923273822849,6.08930159567885,6.09592510068469,6.10656527752621
"21332",3.09498135441981,3.03261860576542,2.98422275535478,2.92865041376114,2.8870562990397,2.84952896293214,2.82230413705553,2.79880052777818,2.78970925929144,2.79036566150505,2.79086757320456,2.8075638099528,2.82411696802678,2.852487389988,2.8863584825724,2.92008668356625,2.96571012357876,3.02841920248821,3.09470310492116,3.15573656688325,3.22218613279487,3.31588506828371,3.40355158973073,3.46975740978302,3.55743635201317,3.62123769227158,3.66809649582965,3.70629967634736,3.75267040174147,3.80020470384002,3.83528590451357,3.88775356495199,3.92092206416959,3.98296096999358,4.02355602279839,4.05454466351178,4.11239758147797,4.18510521517143,4.24908884131605,4.3095489871263
"21411",4.39419931091712,4.30492367184153,4.23937125945899,4.16564243561289,4.10467782753805,4.0522825157993,4.01480350484775,3.98399668042082,3.97354185572089,3.97151853286874,3.96972942296784,3.99009294637384,4.01458319881406,4.03794753555427,4.07084955888882,4.10308200552509,4.13874974160964,4.18749880301323,4.23069070692933,4.26286585039169,4.29079857154524,4.33175620650328,4.3670830372133,4.3710212871873,4.39052682967909,4.41476736313109,4.43734793294976,4.44286542820726,4.46025503201818,4.48930457538729,4.49264771080521,4.51406914723634,4.51418291664614,4.54850267939399,4.56172981770199,4.57082172098234,4.59547828634935,4.61769868702794,4.64385542532653,4.67540115376149
"21431",2.64459068703088,2.59090333941165,2.54870039284972,2.50378260679113,2.46913641351307,2.43881829378088,2.41856721349556,2.40386658269543,2.40231207710052,2.39870494666265,2.39929949733437,2.41291020628644,2.42924035641073,2.44539679838498,2.46100207976343,2.47543778888713,2.49311784032443,2.51355110432162,2.52734489400447,2.53406527541358,2.56983503942246,2.5678178272259,2.55955493235552,2.53748074186054,2.52817946274912,2.52080846679387,2.5147590992894,2.50814030758218,2.50457935816006,2.50648546754286,2.50420951851322,2.50942659042192,2.50778667329855,2.51709580239834,2.51886564902667,2.51824774026186,2.52411447289004,2.53045894584924,2.53647871786844,2.54322884674748
"21511",3.36407178984941,3.30158549400319,3.2498789213994,3.19604721535005,3.14981254596417,3.10749459244689,3.07771698892315,3.04898446581512,3.03248291011808,3.03393504392785,3.03511788210905,3.040589034829,3.05016285077158,3.05855833564672,3.07939703839912,3.09058996502249,3.11444998661794,3.14538335736734,3.17923132003874,3.19930576247376,3.23288115052006,3.26675078337809,3.2893468360999,3.28764388740692,3.30928040908407,3.3526192885595,3.39687150926061,3.41161544721997,3.43246897156192,3.470647116728,3.48798178932401,3.52226544336993,3.52042749774922,3.55865860564089,3.5709525048613,3.56942433927811,3.59502112331304,3.61685409188606,3.63347585335316,3.66622249257607
"21531",4.2391579658652,4.16058138280762,4.09324079498728,4.0234973751278,3.96188994795556,3.90546112625514,3.86457017205119,3.82769348533824,3.80560631520022,3.80413635531994,3.80461168504671,3.82003734474323,3.8439183285417,3.8658691913578,3.90157282242386,3.92991369364044,3.96487458425764,4.00856397501256,4.05324169879513,4.07877450162892,4.10993791065164,4.13791998744563,4.15299290694761,4.13201697551299,4.14014380100341,4.17888552793442,4.22372792100078,4.22224877713021,4.23468019828556,4.26915800246511,4.27637337259069,4.31359358958256,4.29839769792408,4.32713164071985,4.31906773238793,4.29395245925709,4.30631994044927,4.30475052965742,4.29201632973803,4.30507339325074
"21551",0.50128598542153,0.492950111887222,0.483552667870364,0.473160741884468,0.466090510602442,0.464561930853346,0.47457586138821,0.501709304455994,0.552099230377751,0.616509286516375,0.703576669232327,0.81593387730273,0.949433105103134,1.09605865870531,1.25568964839825,1.42815038879038,1.61113330815519,1.82273292470384,2.02007924260244,2.23168846900734,2.43023846005723,2.78727869803094,3.01633163705343,3.20813122237659,3.390217301431,3.47009521283981,3.40334426416232,3.37812676310492,3.35499024177741,3.32798208087919,3.32675854754998,3.33790118741255,3.35787751746954,3.40452972087299,3.42077435130713,3.43571819165783,3.4745969550268,3.5356068675545,3.56607300706179,3.59205713159915
"21571",1.41713095995382,1.39352339362172,1.37187765357939,1.34950702691689,1.33277983607209,1.31738894762225,1.30797941728394,1.30390722055404,1.30955466827126,1.32381291258387,1.34452173986557,1.37855472713313,1.42596750751843,1.48391480922047,1.56152017775497,1.64824541921427,1.75688014132071,1.89235599544392,2.0284757340636,2.17691502815836,2.31905026870419,2.4850986592476,2.62216052539039,2.76014696892662,2.99880626046507,3.26242781151177,3.4623575954902,3.67645525524905,3.86655520321829,3.98975252846177,4.08288043934104,4.13678053927289,4.15911904811873,4.17354161157885,4.11946634051449,4.03234797645812,3.9517542770649,3.86922563659205,3.75727137756382,3.67081771409651
"21594",5.00642939666726,4.92388766518136,4.85101835333499,4.77794870521235,4.71574804735387,4.6543436214294,4.61117422074191,4.57480235807181,4.56086724417055,4.57279116355874,4.57942625420064,4.5892241090695,4.60308417711956,4.60349591564093,4.62734304868222,4.62722255820362,4.65082270631959,4.68004845518242,4.71384908281462,4.72045017531902,4.73467674287353,4.74540302191895,4.76314210278047,4.72787977138507,4.72435833507221,4.76624633708163,4.80613841318765,4.78380325432271,4.76731632673937,4.77073272405737,4.74228286168662,4.77022576461192,4.76992741237633,4.84791618099859,4.89380597230659,4.89351176734278,4.89457497071326,4.84069066746279,4.77521357670301,4.74846107998624
"21611",5.0610339119295,4.97805507213885,4.9067064836982,4.83495497178218,4.7736655948024,4.71111502900626,4.66080707741888,4.61131095430149,4.58002599450856,4.58279713862766,4.57631879914323,4.57635409273356,4.58190372670477,4.57629095224694,4.59829693152257,4.59784527550034,4.62507027630023,4.65854498107745,4.70112941105101,4.71610527131885,4.72652364598933,4.76291673900823,4.79984555636466,4.78049447276981,4.79215779058774,4.85158226634377,4.91328148277198,4.92153887214337,4.93727559099009,4.96917919076111,4.97049742209012,5.00656674413671,4.99363605595829,5.03604276859043,5.04825103134738,5.04453082055644,5.08507174975831,5.1038523636384,5.1087438106266,5.14662959054531
"23191",3.94239234870812,3.86376622792269,3.80112531955834,3.73742740826883,3.68411694985706,3.63959606872903,3.61655044944319,3.61375853829212,3.63222848338111,3.64935777799134,3.6663875064436,3.65199451007911,3.6403887542735,3.63235916763234,3.62757668075984,3.62645069199064,3.62837039730465,3.63689264182485,3.65045177949668,3.66561953543817,3.75224485203351,3.95576831719892,4.11517400698849,4.17204814314532,4.13970112618081,4.09325599559251,4.03997388195759,4.00816685365235,3.98961739826817,3.98766286627433,3.98861349771045,4.00651173916765,3.99136737480359,3.97645942520624,3.9443407788553,3.90900397803718,3.88751738227908,3.86563024446759,3.83786547484792,3.81385538151531
"23211",0.375155204861024,0.36779155681641,0.361911196473058,0.356015866476026,0.351019089882037,0.346885603109991,0.345442099221933,0.350254411890777,0.367255747789928,0.397941290555634,0.445584254120958,0.513040542673122,0.596162786351854,0.693461577294631,0.800383539917998,0.918633925466914,1.04571397654038,1.18780203295159,1.33802587412673,1.49545421990926,1.63838803860637,1.75917668768557,1.87577109152546,1.99727123072139,2.16136650190872,2.31110148928879,2.39979794901784,2.53263955964224,2.68327029197928,2.80677294063634,2.90878971677972,3.0445469399325,3.16453505464583,3.28747183059382,3.36513396300091,3.40740257038652,3.49382227919905,3.61144701375995,3.68291477348802,3.71623847924396
"23331",4.9619814158535,4.86356892956316,4.78777900262178,4.69840606128112,4.63392098397621,4.57269016967133,4.52650345848738,4.48139372576017,4.45473221791955,4.44613192516083,4.4323127468755,4.4352653405008,4.43216079173814,4.43422529894566,4.4435946408316,4.44685664840561,4.45825928854007,4.48361968460218,4.5127234610804,4.52421924967438,4.55162610942308,4.56711499252553,4.58327958998102,4.58050181156724,4.60600577439369,4.63764601931285,4.66465795940514,4.6649295391117,4.67541849999897,4.69948097859153,4.69912491934568,4.74508483839562,4.79265364610896,4.907622385379,5.00798806486181,5.07294052505247,5.09115570589098,5.0453469589088,4.99677755105533,4.96504723907929
"23411",7.00037894736176,6.86140335243893,6.76094418816153,6.64765022758175,6.55690046561982,6.4753717184026,6.43561108978933,6.41695517356626,6.44362554914988,6.48151117016851,6.50823052194965,6.49114154208439,6.46984687060827,6.44435723659631,6.43154395806905,6.41749548978672,6.41102921479273,6.41973000638488,6.42530773199015,6.41605019602783,6.41303705882089,6.4408156219563,6.46606353917925,6.44420387118617,6.43794034739415,6.44771532298224,6.46250487625383,6.44540083068717,6.44527738441178,6.48183192727154,6.51699352774915,6.59657234358775,6.64757221020072,6.71753535681876,6.71215311079426,6.65028684519966,6.58867547595701,6.5255780036211,6.46472774923593,6.421917817902
"23431",4.33543994234229,4.24859724677491,4.18143274624462,4.11063795936674,4.05595359554083,4.00505974356999,3.97093776426681,3.94211542682428,3.93466015478236,3.93547686195162,3.93773331449217,3.9630589833081,3.99199970555932,4.01960797791036,4.05353800935592,4.08299189509527,4.12148380029121,4.16829745909065,4.2017710468912,4.22375946361998,4.26762583088863,4.32835362757981,4.38787228326205,4.40510963950056,4.43017803363559,4.43784389096152,4.42391772252325,4.39644478872191,4.3753628295052,4.36828328849706,4.34531246315494,4.34170042252131,4.31616117170826,4.31874714279117,4.3010375582292,4.27712002087429,4.2690657309263,4.2528263677817,4.23482831204211,4.22706824297018
"23511",0.516697732099887,0.507397868173671,0.497590360637916,0.486824950777202,0.478954956314818,0.476797325090161,0.484794902810632,0.505043204882592,0.541991749250085,0.59113307269136,0.654463374510096,0.724860487312543,0.801641491418862,0.879362787056289,0.956782206570171,1.02833919780342,1.09967849523612,1.17801662217657,1.24413473363732,1.31319204797519,1.37286039785187,1.5291228747177,1.60148395385664,1.61779235709844,1.67311279115847,1.73492939293407,1.77776561218871,1.86031718452304,1.95444533793527,2.04478851513509,2.13895052621744,2.22781790598992,2.31347325143908,2.41116474412186,2.48771729545818,2.55658489797176,2.63562998857541,2.7655703900461,2.88820441675136,2.98622348620417
"23531",3.1141017141863,3.05536020068888,3.00431771811028,2.95097995406202,2.90507430901607,2.86450643570078,2.83491481088765,2.81088459315296,2.80159121623109,2.80905155149353,2.82595484093681,2.8514072779169,2.8862315134317,2.92116188879708,2.96727352394571,3.01086003481211,3.0582314314778,3.11576363417227,3.17263221566865,3.2206920253065,3.29273382304634,3.35435649146946,3.39123175022387,3.39961986470147,3.44107958987232,3.49866134667787,3.54519280286179,3.57612693346285,3.61527335577664,3.6659737894593,3.7010060839187,3.75397564534155,3.76950008346343,3.82345946078547,3.84615367325293,3.85667608346422,3.89697881117847,3.94035559671064,3.970947511294,4.01590650183436
"23551",6.38678126539207,6.27597990594144,6.17941989101714,6.07953342941745,5.99713705637694,5.91574495213422,5.84223409286286,5.76821663171391,5.7010975582833,5.65697664474257,5.60729076246318,5.55802854597431,5.50755200148541,5.45058613356955,5.41065565950154,5.35927695259759,5.32307308428627,5.29083142444375,5.26857749944348,5.22498207887798,5.18363781086184,5.15568053484178,5.13303390735343,5.06615341541145,5.01962122517769,5.01094061699586,5.01956686425677,4.97410951865954,4.93363833774974,4.91083113232732,4.85976027695764,4.8432402610578,4.78487516265096,4.77602182895601,4.74570293717073,4.70191046753013,4.68910085244196,4.65598526215783,4.61728135639495,4.60615572541849
"23572",0.92590609763156,0.910139183753763,0.893086865060897,0.874645307294603,0.860869450374085,0.856383178682669,0.870911983308831,0.915199677322245,1.0016483549376,1.1161077590073,1.27752259885217,1.45638799410088,1.64100045840464,1.80672506977139,1.95861411693099,2.09910963042812,2.23129305204981,2.37076818765541,2.47809720078655,2.58502230860819,2.70311275373992,2.79097695457323,2.86412814097899,2.96774128370638,3.1370726222642,3.28225224376709,3.35735039313165,3.47037154332674,3.61484449124685,3.75252241054496,3.89823933620946,4.02144508794628,4.13328788984918,4.24627213076946,4.30662890986865,4.35012489077213,4.39693004837313,4.45751925614145,4.47260263409147,4.48966004875004
"23591",2.81093885927947,2.76486755056809,2.71720667723565,2.66711157685794,2.62962143636545,2.61189711372042,2.62095126186118,2.65467018755605,2.72087471778004,2.79808799986433,2.89264144546315,3.01542930553992,3.17370878584719,3.33768942722711,3.53478237286033,3.73546767312415,3.97477081337914,4.25823294848492,4.53191600026274,4.82587501569874,5.07727038774101,5.68823415966078,6.10471434426741,6.39319860739263,6.64838069118746,6.780700462792,6.78410798420021,6.85249501024576,6.97570752137227,7.08742885051844,7.18023115477741,7.24530679924743,7.3038710887024,7.41836892619459,7.48019212916205,7.63616293957822,7.94939280145667,8.34304743601764,8.64401101142846,8.93753108028725
"23614",7.01606787976702,6.89892482054153,6.79942390292486,6.69830078352449,6.60834440017432,6.51897322026683,6.4412640601776,6.36373769399992,6.30263365303584,6.2851556867511,6.25625977905595,6.23397389177891,6.21961495097396,6.19326441412865,6.19884528177336,6.1838336759732,6.20390521425881,6.23447877096355,6.28232082449928,6.29714264591296,6.31307174677112,6.35834088528287,6.4061694729031,6.37528404844605,6.38713455134884,6.46416556372352,6.5485309907601,6.56221539553575,6.58339407245727,6.63217074674648,6.64931617360453,6.72453440057016,6.73632518686347,6.8226223137747,6.86611625383311,6.88241056234957,6.94408349837725,6.97138002890145,6.96852861158443,7.01110461084982
"23673",2.76672938938197,2.71731199827956,2.67146420991784,2.62729207681272,2.59130179562215,2.56303010644277,2.55080265822123,2.56044584887,2.59646766340204,2.6517500525815,2.72963624879397,2.87797216434875,3.05509775250087,3.20604962475641,3.35773639002066,3.48145501128982,3.61272822884405,3.73504871638095,3.82614222266261,3.90928808482582,3.93640875977857,3.9788594195918,3.96407439554018,3.92531033722167,3.92174205945972,3.9335667997904,3.94447047907666,3.9648588410838,3.99332646986345,4.0378030484724,4.07332798951738,4.11760116502852,4.1534493852285,4.20698782672581,4.24326260570538,4.25836339908138,4.30825241449469,4.36216199913831,4.3989416097816,4.44562126713932
"25311",4.52118003102541,4.43229183517058,4.36339201881881,4.2853519016669,4.22709479913108,4.17636918985852,4.13979218461139,4.11275288309895,4.11286610451853,4.12375946655261,4.1469051891074,4.20961164626683,4.27634445038538,4.3579993254178,4.43555615927782,4.50713885725368,4.58058571596566,4.67036312663012,4.75024784406132,4.82069059098495,4.98635024005671,4.98079064404843,4.98692804767874,4.98041756633235,5.03532956942179,5.06322294401506,5.07256419670686,5.08355262465289,5.11592569051889,5.15818452863429,5.19865764744121,5.37751724258715,5.66665522852499,6.05337634744591,6.36046710978909,6.48674889851333,6.41774702384655,6.23792924992429,6.07375532457678,5.93914428263194
"25351",2.92075629420526,2.86518404133598,2.81910143513766,2.7727926071317,2.7377896504472,2.7089479143208,2.69383526402615,2.6820042638357,2.69183870968958,2.71351206966498,2.74082978701839,2.78358451502115,2.82716768655484,2.87926427228151,2.93845743046991,2.99924666467165,3.06303718432536,3.15234707921241,3.23892354606199,3.32088863646008,3.39553579367487,3.54660346073995,3.67621978097932,3.74114412341583,3.81621056187428,3.87397498346447,3.92010478824396,3.95781699137997,4.01026485425366,4.06757615440171,4.10761539940712,4.16331647389138,4.19896545405269,4.26783904304685,4.3117692543244,4.34607743299901,4.40257537376734,4.47664421663894,4.54485592845746,4.61075071466397
"25371",4.93222755858411,4.83444317597847,4.75451679768324,4.6731010256125,4.60824856271951,4.55589151635741,4.52685267973761,4.50567816922527,4.52620352956354,4.56693520262012,4.62582971504961,4.72015562854472,4.81557431626451,4.91711233045248,5.02666742636003,5.12556313978595,5.22357207234248,5.35322761267989,5.46816231817564,5.56470957970139,5.65344403373792,5.70625740815653,5.76414885137501,5.7855375266997,5.8762873641025,5.96228854466037,6.02758096150922,6.06346740439815,6.11771719719306,6.1869101531344,6.23208164083413,6.32918878030706,6.41536093155253,6.56255957259252,6.65762565553746,6.71048262885877,6.74988995420628,6.75126734986948,6.7241464463783,6.70933092514287
"25431",5.24372345751574,5.13972543870027,5.05870373472236,4.97563008735535,4.90348849940439,4.83977355780826,4.80050849694615,4.77111711730224,4.77315731414468,4.81114969376072,4.85930260459669,4.95117846240662,5.06003106753549,5.17183857852622,5.29727443987225,5.41039652212928,5.53449624682691,5.67256262134695,5.78126970763104,5.87524260412529,5.97261850866306,7.0039917852178,7.8765318678612,8.40744766879168,8.76026997898928,8.80628298520688,8.6075423878823,8.35015435608682,8.06362780652278,7.81395112613297,7.57920388653846,7.42585035358093,7.25984174682449,7.18626419222893,7.08605665039034,6.98892300915649,6.93922633385685,6.87331453250673,6.80794361707877,6.77257998011507
"25471",5.08167173231045,4.98365647604905,4.90029866162127,4.81703847999441,4.74654840883414,4.68933868320709,4.65751625552971,4.63737993483253,4.64678639514668,4.6915442674322,4.74293384324824,4.81290400233637,4.89158848508767,4.97203739707081,5.06915773355237,5.14483996142266,5.23750653977455,5.33221933311305,5.41828673760255,5.49169186163201,5.60383513543412,5.69182733681333,5.75189804841373,5.76428239765701,5.83445864981058,5.92222688288482,5.9977500433788,6.05416579762146,6.11216621480429,6.19412991469821,6.24781037265921,6.33625949302976,6.37771466143333,6.4656452955772,6.51215685173553,6.54029783750024,6.60752717455902,6.665493782118,6.71792230093298,6.77728984973288
"25491",2.93619491590763,2.8802012138873,2.83225223015525,2.78279568646625,2.74306873645653,2.71090746715153,2.7042789751959,2.71729167325423,2.75055507580506,2.79537914133432,2.84255078628123,2.84801591233591,2.85980652728222,2.873098507884,2.89226063252874,2.90265434762547,2.92257217570734,2.95273747806485,2.97986090256546,3.0053215917401,3.02825642249926,3.05853359527746,3.08481268994226,3.09314105856865,3.12470263674855,3.16656732928737,3.20365379483416,3.22313009455107,3.24418059679782,3.27706568536378,3.2967440633734,3.33559082144756,3.34905766489633,3.38958698960266,3.40953690331142,3.41813463445144,3.44807432532882,3.47322456289575,3.49455247537457,3.52493291853518
"25511",4.45128925030413,4.36636816313921,4.29576222273785,4.22116393193971,4.1636652002415,4.1133286664477,4.07433321680647,4.0444762623355,4.03225643742046,4.03521689131708,4.05007217033215,4.10061361208234,4.17043485100065,4.2440987903402,4.3252708803478,4.38732264811242,4.45315024919968,4.53603681207416,4.59250291030464,4.64595507765166,4.66134331002444,4.67330048904309,4.68078723643535,4.66500403463699,4.6847424194945,4.72085107048016,4.75044676060426,4.75324651499514,4.75917038130773,4.78072613381027,4.78294737611376,4.81296168169902,4.80564345452823,4.83725620287889,4.8442437343391,4.83626025670637,4.85374907026152,4.85793887164149,4.8547636209316,4.86947441767626
"25571",4.92934814977324,4.84297392023235,4.76576530398244,4.68860104102814,4.62115066876616,4.55892912602716,4.50759487718317,4.46152386782137,4.42721984973487,4.40734752404536,4.38982297011206,4.37603503415878,4.3688289767263,4.35570619169574,4.35457568526589,4.34759700820373,4.35619064667513,4.37231424600759,4.39520681612705,4.40515433886124,4.41369175075592,4.49348869915028,4.56977803438947,4.59629689533564,4.63799732595394,4.68213782754444,4.71294072604712,4.70619173952682,4.70318335627601,4.71322609568459,4.69897295684562,4.7166457850524,4.69405882532332,4.71641071440663,4.71413790998889,4.71832249148611,4.77777667142579,4.84875015732464,4.92080589460955,5.02271370929693
"25611",2.87601036039102,2.82741669641831,2.78543068758341,2.74276877887389,2.70518527954519,2.6696779956544,2.64216632549094,2.61732761771309,2.60183096218046,2.6031838193365,2.60271583890516,2.61959131257971,2.64466298327489,2.66344313570521,2.69103586244227,2.70745656049495,2.73549079462657,2.76658942740941,2.79621740275622,2.81110384402101,2.826810814711,2.82221549410987,2.82046075522742,2.79100614767136,2.78089854697173,2.79554474344736,2.81347030786233,2.80221172771612,2.7942631943975,2.7972409184916,2.78455419224599,2.79578074818033,2.78032697106174,2.79628490931204,2.79885892820532,2.79413721253398,2.81032010222305,2.8156685706425,2.814849736715,2.83315456854332
"25651",1.57926268684225,1.55244038786719,1.52457906039353,1.49611298070337,1.47409468299374,1.4643312401306,1.47658149579745,1.52226279092894,1.61096340693336,1.73004443879728,1.89389022932533,2.07027254845147,2.27172454195573,2.44280790182316,2.61618044130648,2.7671846724496,2.92309455910965,3.08445294142911,3.21054934567141,3.34680212281334,3.62936036477043,3.96123233329471,4.12294618844263,4.18368894009823,4.17197273418757,4.15856608113854,4.12395322652169,4.12698562252871,4.13784191097574,4.16744823372548,4.21169361740376,4.24672786799797,4.27387717915954,4.3275054919576,4.37467282323492,4.40257396566101,4.46252267002515,4.54152489275501,4.59883798121873,4.66672332969981
"25671",6.37805010197717,6.26602746618022,6.16830950857084,6.07494673067287,5.99457383916394,5.91364730852051,5.84534936633911,5.78750727012146,5.74796639403591,5.73619662953593,5.72497128176552,5.72165140775038,5.73272906444434,5.7266027857781,5.74433305962828,5.74316708868133,5.77216426789434,5.80622367071568,5.84676102034785,5.86486305991036,5.87661337390161,5.90768659561063,5.94049916581837,5.92658705288559,5.93926676161861,5.99200877306316,6.05031112048689,6.06362554185061,6.07535225831213,6.10278097058289,6.09872290827788,6.13568290817992,6.12052593269107,6.15435900400921,6.1628177476951,6.14527936221705,6.17541326461302,6.18665673863469,6.18234135231953,6.20942573991757
"25691",7.54142615367327,7.40618764080936,7.28554043822931,7.1731004803075,7.07593691897711,6.97944315664296,7.00654931325082,7.19295608752621,7.49575717788277,7.77713322804444,8.06510909302777,7.86473045172209,7.73095392242197,7.57270585633443,7.45674396034143,7.33995159501467,7.27277945700303,7.21946092922725,7.17961048539196,7.12636560815836,7.07848807505884,7.04527326131547,7.02754845880112,6.96056284764578,6.92397846459851,6.94271476464903,6.9794948213418,6.96187530663218,6.92456084642852,6.88653872507678,6.81752647582404,6.7923652614458,6.70879726382622,6.66434701495165,6.59691715400139,6.51084995109568,6.45918510474532,6.38825243155433,6.30366711372859,6.24125721663054
"27231",0.489519667148668,0.480151037797655,0.471418606270021,0.462066264068389,0.455503516761112,0.453441291857779,0.462742212019156,0.490880030563084,0.547255301578555,0.629574131801003,0.737491826534669,0.867706442950601,1.0118894922183,1.16717656741382,1.32745775763975,1.48256802830648,1.65658022578226,1.84122915925458,2.03008284042139,2.22681552222975,2.39741441424337,2.54119300485323,2.67450164364387,2.80568190690901,2.99639932533688,3.16575012090268,3.24700596287359,3.37576240684362,3.52651076190519,3.65950971045191,3.78479404763991,3.910661086783,4.02789497320486,4.14060701091549,4.21138590608864,4.22678491691388,4.30271099247216,4.42489611478132,4.51372461633654,4.56222987435868
"27251",5.13867721444567,5.04122137682444,4.9605408957381,4.8692507114346,4.79596793342055,4.73113167778193,4.68381130864714,4.64456221158497,4.62552829385419,4.60724664377116,4.60290062749018,4.60503845923767,4.6121042161384,4.63450340309129,4.65130245229326,4.65792340321414,4.67781687397735,4.70279719478832,4.72787108467924,4.75295923141498,4.75490024867032,4.75184193160098,4.75135584115445,4.7360422729292,4.74155796679383,4.74685079934692,4.74557744875884,4.73876568802306,4.73791631454846,4.74473566649806,4.73386861498424,4.73562420002253,4.72605236729964,4.73401262041666,4.72764738900768,4.71533398741913,4.72290931553043,4.7294360395532,4.73211011105443,4.74132639551272
"27274",7.12352002264187,6.98749942360388,6.8759797878374,6.75339549484231,6.65824864869833,6.5755528889911,6.53323185228456,6.52612024581255,6.56272294174531,6.58536781537954,6.64011062791818,6.61504029869645,6.59545784917591,6.58880932009691,6.56823700433018,6.53976925336696,6.52039851259545,6.51193534601676,6.49987326257545,6.48754469109462,6.47582592845735,6.44662258016979,6.42064112640317,6.3847045399523,6.36477889086471,6.34282065938138,6.31803021184313,6.28380249288424,6.25112285342234,6.22477696041747,6.17763282292217,6.14117164538034,6.08922871358432,6.05693202759908,6.00763362810067,5.94989232813251,5.90487624523935,5.85223482112302,5.7968565711079,5.75068323968745
"27291",8.89060436031532,8.71660710360343,8.58626441449351,8.43721704301192,8.32120559030674,8.21774631343134,8.1183663788321,8.02591984641507,7.95470417862894,7.87851985302506,7.81020412730701,7.74555814229912,7.68436048742158,7.62860843087742,7.57497800831965,7.51999965276396,7.46846523458474,7.42610331786723,7.38492119303893,7.3407396256371,7.29299490018996,7.24556034974936,7.19889204888606,7.1333071124336,7.07822777588009,7.02923101588038,6.98379176389826,6.91535161455704,6.85168000032002,6.80009899979622,6.72810372151603,6.67306635481155,6.59904495559188,6.5511024889074,6.48367099596621,6.40884154038538,6.34751920044234,6.27584265372805,6.20178184576354,6.13999343903289
"27311",3.01452270022925,2.95456177207372,2.90858356978287,2.85747703428489,2.81894490404904,2.78883294437366,2.77487005778834,2.77306721520588,2.79077836603537,2.80761108976416,2.83203564384064,2.84174558616401,2.85401358099701,2.87056278992353,2.88593318299865,2.89979291445078,2.91558440751142,2.94330389877033,2.96833325980899,2.99639744617034,3.0188134574181,3.0400982666916,3.06392290450466,3.07835548596273,3.11934994052955,3.15937524107702,3.19768391828971,3.2373728478893,3.28429925196437,3.32676319309356,3.35476526638094,3.37985181176823,3.38630706579937,3.3975008615942,3.40070145624044,3.39874862611141,3.41099848664759,3.42446476241569,3.43572863347432,3.44828094069588
"27394",5.63555395215324,5.52084644756859,5.42792690551253,5.33359048499233,5.25204314534897,5.18365188623274,5.13253725871511,5.07855562068573,5.05335642409806,5.03764643430862,5.02405114233707,5.0673985830452,5.13200213155839,5.2023093236127,5.27893282516397,5.34408164320102,5.40562826559963,5.4788705626922,5.5319973451056,5.5659433508037,5.59107734163468,5.50743119857419,5.44202949532692,5.36156648579984,5.31985732812713,5.29663745438913,5.28475337334083,5.24227265816518,5.20580179348899,5.18462503325495,5.13651205060703,5.10841674989067,5.04967604508688,5.02561897507439,4.97754118125613,4.92194160786322,4.88002132973759,4.82304911803647,4.76446320256315,4.72162766054043
"27411",1.68497684206894,1.65131280716077,1.62516994367325,1.59873645717947,1.5753347935347,1.55358196698077,1.53609378215099,1.5164534372447,1.50193565728699,1.49072740751375,1.47788751638698,1.46570871201102,1.45426745884567,1.44926427968683,1.46577913199061,1.51578698713709,1.62038835176701,1.80041130733183,2.04645003407763,2.36747843500787,2.7165442341057,3.04961378072648,3.36630879959898,3.68254480879915,4.09640074807477,4.48049430306744,4.80973049764798,5.18865688554714,5.56722444788787,5.95588444348844,6.3338434612097,6.63839569691123,6.91918138850757,7.17845811691797,7.39304759276626,7.58468540404352,7.82457118235534,8.12141588628174,8.38490764801371,8.52819476842904
"27531",0.537995420317738,0.527797888910849,0.518258839026824,0.509315949498786,0.501279451657872,0.494091306334221,0.49444489377982,0.541307403704645,0.692963230541508,0.958996050545141,1.35846545257622,1.77696280817713,2.20930809625534,2.64142280684407,3.06177873015592,3.47404706372386,3.87554123449227,4.28444595164968,4.64796948362422,5.03133559975196,5.32870543011299,5.86983575653621,6.2651365975586,6.59009862074793,6.95657331639334,7.14033325682496,7.12156201805627,7.21346037164574,7.28975644136818,7.35277887128612,7.45967416939037,7.55630677515046,7.65753466621979,7.75618043261768,7.81749156681652,7.84342840619298,7.8891722809216,7.95788997507668,7.96856611223488,7.9782214063898
"27554",4.91813131090335,4.83154723730816,4.74852673232328,4.67077231159263,4.6016436684685,4.54286863048157,4.50617508891165,4.492990391848,4.50262898580126,4.51004156873979,4.53253101026819,4.52530234576652,4.52908892876977,4.52432469416265,4.52162245769278,4.51723632147973,4.52370265027825,4.53561736113771,4.54885046459538,4.55895863116203,4.56447630066779,4.65507962124764,4.72430390025139,4.73776501934386,4.74529113169972,4.75228300204864,4.7621725174393,4.75293040582938,4.76020511485697,4.80246386924973,4.84658262021687,4.92058758284528,4.95092082875938,4.98955296298916,4.97229423192973,4.91609137314841,4.87288173226154,4.82353190076187,4.77160394082647,4.74322930306951
"27611",1.39758997144978,1.37486662005104,1.35131538064048,1.32663280844199,1.30694320415382,1.2935702030087,1.29185474329978,1.30202156272527,1.33015767512293,1.36901720851446,1.42280629256342,1.49587770109924,1.59493785703744,1.69864505016791,1.81819632797535,1.9499912372372,2.09797154871092,2.27389966874397,2.44498738035629,2.63983908671841,2.8028319733979,3.01496886876313,3.16999944552858,3.30368573659437,3.48092777751452,3.62389549830488,3.70371618110151,3.81470556436868,3.94187651309045,4.06740360163753,4.1836660954789,4.25800035652768,4.34677370066234,4.46081429209499,4.54980703303004,4.63189078205592,4.75007106855473,4.90849592219429,5.01952768460842,5.14133389413461
"27633",2.83230840004076,2.78535296532512,2.74270437635059,2.69900505972942,2.66357459696734,2.63294415465792,2.61196698563623,2.59776331953175,2.60041548988324,2.62099821011892,2.6484121072519,2.68589733403609,2.73609356230036,2.77578275921626,2.82588118033176,2.86744103129095,2.91966469514591,2.97896907948122,3.03195745419898,3.07561486534741,3.15599316159168,3.20794078360077,3.24535544391757,3.259827157049,3.29800291524566,3.34788629803998,3.3843911274107,3.39728110550714,3.4101865226578,3.43093755903895,3.43437814665304,3.45538838270851,3.44706241252926,3.47151455496315,3.4765253819625,3.46984290094784,3.48808180243075,3.49651688338148,3.49265014524922,3.51319922914253
"27674",1.81144561468787,1.78045725102935,1.74894582577656,1.7165408637972,1.69130238480305,1.67455551151684,1.67240482327296,1.68751910053747,1.72496823466241,1.77975011677043,1.85426778872769,1.93549900239862,2.0344535478501,2.11502199395116,2.20471168050099,2.28230629284588,2.3690189732289,2.45939872712795,2.532027601345,2.6101590768225,2.66606793836727,2.73267619339791,2.77478529828663,2.81475612016454,2.87561993687026,2.94147423495321,2.98678497189099,3.02514869830759,3.05840613821997,3.10607905890479,3.14096700388371,3.18374836330829,3.21772247661356,3.27033909104967,3.30569860009943,3.32233965139902,3.36467510505489,3.40363612361525,3.41952765603197,3.45610076116369
"27693",4.33266601504161,4.25889390653214,4.19021339795164,4.12444285750772,4.06705959913618,4.01114969824079,3.9704511141525,3.94730522552786,3.9434820770699,3.95835290055971,3.9701462652976,3.94552739091465,3.92796901922476,3.89545954493115,3.88055216955137,3.85310992751064,3.8439478683882,3.83684485869655,3.83753633371296,3.81743368637639,3.79868310292318,3.78997903803198,3.79284134252768,3.74934006749805,3.72059971639057,3.72357263802283,3.73695277106079,3.71250691339143,3.68585690526853,3.66919768497548,3.63004209024575,3.62204974280685,3.57233923511311,3.5520839175429,3.51740827598208,3.46882560389581,3.44844061150404,3.4145732756055,3.3760878955332,3.35916934233192
"29231",5.72888253144306,5.61970734899013,5.53876096369215,5.45103657242563,5.37770795766925,5.31078595460074,5.25324986146246,5.19868121511703,5.1573538592993,5.12193330674739,5.08403952193346,5.06333828738502,5.04763779856636,5.03358675897048,5.0246563280973,5.01386585866084,5.01158600235131,5.01404505150426,5.020596199959,5.02582573143796,5.02855446949638,5.00980002923563,4.9889911341041,4.96184817204239,4.94951046174298,4.94452896578469,4.93798443748688,4.92390493903293,4.91640141161106,4.91726733724224,4.90564552185523,4.91010665883982,4.89907035415314,4.91020023357832,4.90399390657995,4.88816601756508,4.889861648259,4.88954580830091,4.88712399960031,4.88948705249481
"29251",4.304374164124,4.22294994130543,4.1560434820041,4.0813487257804,4.02379263753753,3.97681628684902,3.97176703342158,4.00240521182508,4.0699412631056,4.13789189539007,4.21432764115538,4.1988713045699,4.1908748894537,4.18728559730408,4.17768782939783,4.16415212674636,4.16199336332962,4.16905662075137,4.17207391976186,4.17666096255143,4.17252478364687,4.17063934414476,4.17526048164245,4.17595902655641,4.1984551533987,4.2377166244785,4.26577402838084,4.27897428326293,4.28354973896721,4.29319742608564,4.29303726054672,4.30582444683187,4.31335475027936,4.331671246558,4.34290179827995,4.34396912975117,4.35581755875348,4.3620260497498,4.36218399893152,4.36490131423701
"29274",2.06095787761288,2.02253624418043,1.9911634466227,1.95667996718242,1.93032495115892,1.90844630904563,1.89110579646933,1.88022539249862,1.87890496294416,1.87506549312614,1.8805469273954,1.88937634686943,1.90457672299118,1.92629640874203,1.94777871763291,1.97090217030621,1.99888372039124,2.03824579784443,2.07796685477773,2.12230198249516,2.16204936833998,2.22058404785101,2.26580361969052,2.29458386382095,2.34844379391436,2.39710414253475,2.43002546032227,2.48026277377251,2.53369573108959,2.58260909338262,2.63069770772893,2.68353740512577,2.74367333846252,2.80108016722122,2.86146402391241,2.9062872433671,2.96875250220189,3.05938287611874,3.1463414134078,3.22076619853249
"29312",2.05600091451292,2.01559337896505,1.98114083649027,1.94346005750791,1.91674337742613,1.90549796145432,1.90964378974448,1.92978675420954,1.97365279303664,2.01979243922251,2.0827630082659,2.15552844811576,2.23711695215415,2.32595779737579,2.41199538774198,2.49302677921981,2.57463637871362,2.6784859994559,2.77033281911614,2.86870539429221,2.94521938812966,3.02170186326575,3.0870123191408,3.13453917100412,3.22656724894671,3.29292136364726,3.33276514890479,3.39047017510793,3.45996147729249,3.51926280501872,3.57469878596457,3.63358004577213,3.6951084485826,3.7532477661583,3.80502286480183,3.83926463848815,3.89013278059357,3.94945436949931,3.99584091269174,4.03034575282925
"29351",0.922692105209584,0.904860550722223,0.88982317891788,0.875512836298681,0.863968343899407,0.854445284764578,0.846658253674215,0.840607686667031,0.838435706801198,0.833709438541492,0.831372601324868,0.833657986202972,0.840866211844041,0.855019241261995,0.874934991462637,0.902874228341029,0.937575199292526,0.986329552301769,1.03989738450489,1.10454912433363,1.16686971724917,1.2504403934134,1.31662152736359,1.36396920220368,1.43546479151468,1.49133756331582,1.52845535369515,1.57955747821691,1.63922395389847,1.69465461410879,1.75191456478728,1.80825287804097,1.87365992326916,1.93766801237285,1.9966166511014,2.04822329401499,2.12625269023144,2.23852972348656,2.35044387871104,2.44322131066838
"29391",4.75500126359845,4.65962175748988,4.57711151890222,4.4966912272635,4.4283185323932,4.37220296677786,4.32948916744886,4.28597960829952,4.26803941395676,4.25320423121878,4.24549561903015,4.24220468152042,4.24863219702278,4.26009128310698,4.27661041607472,4.29636841939408,4.32138187508732,4.36431767743724,4.40497898307035,4.44923651766934,4.48613594687334,4.54727018799772,4.60009100592852,4.63101200016404,4.68943156152068,4.7312549858532,4.76052371284919,4.78445109968095,4.81584815883987,4.85779534989297,4.88257745530312,4.91868757098516,4.94014130365338,4.98418170573794,5.00813073852981,5.02847333372648,5.06441746551528,5.0975990165971,5.13312259683647,5.1659517491601
"29471",5.59080393098982,5.47632592485285,5.37294105139041,5.27330709697712,5.18455605369993,5.10562104013758,5.08452655441994,5.14239496892133,5.26787669506021,5.39472350246951,5.53494709867157,5.43593277280827,5.37395222310337,5.31169894666858,5.26731656824485,5.22547189474759,5.19715938351362,5.18430482760687,5.16768375535269,5.1511429917945,5.13262252468342,5.20405063471086,5.26280669411976,5.260576428535,5.24436981844767,5.22527456790958,5.21921594290293,5.18370640210352,5.15128349115932,5.13378703417787,5.09248630201904,5.07373351360241,5.02071915617183,5.00573253724862,4.96622108230567,4.91715916378928,4.88786183607078,4.84456002492781,4.80154761353417,4.77920829522374
"29491",9.7693374508963,9.57891968929602,9.40950112413041,9.24440801422178,9.10266843270016,8.96652924337031,8.84773628334558,8.73913336661793,8.65167877373859,8.5691433998528,8.49324941576051,8.41802634370295,8.34883862693542,8.27698969062739,8.21817735069297,8.15317844288194,8.09915539346694,8.05179149794485,8.00913014366209,7.95326995088831,7.89860161092233,7.85224059768676,7.81082357438815,7.73700003955523,7.68199320979995,7.64688179188733,7.61946209444065,7.5514920959545,7.48178005175926,7.42477296414451,7.34356427568594,7.28656046859954,7.19392166342907,7.13894108252107,7.06395511139524,6.97611040316229,6.91043842838355,6.83116471985107,6.75156747862602,6.69357909275043
"29551",0.57570724129931,0.565388209271461,0.555216877641168,0.545856836501961,0.537805550603239,0.531010596406814,0.527042227761029,0.528565757189785,0.539399011887567,0.556773284376349,0.587481359399384,0.637988165052665,0.711910022006071,0.802555387004613,0.907902015927347,1.02819572277852,1.1615552588456,1.31586416064956,1.47000899916455,1.63992323488943,1.80088181510197,1.97064664479165,2.0989790215263,2.22215540714569,2.38418820889757,2.50262989430272,2.56289105448958,2.66457292784618,2.76077615759631,2.85180814697413,2.95753313952924,3.04532564493424,3.14288126371827,3.23935406454453,3.31056831794519,3.36921022778775,3.42037963021122,3.48424848886575,3.51549830743485,3.54640643305405
"29591",1.87068157616901,1.83997592895947,1.80873052605099,1.77670888086196,1.75008680363003,1.7263224441484,1.7104562333169,1.70128662941341,1.70379805730603,1.71345880774358,1.73255823227753,1.7627526801683,1.80636460975314,1.85166930263628,1.90523035305903,1.96302253466819,2.03028543978802,2.11316139717822,2.19280253529797,2.28007704571317,2.35414787604954,2.44246370468753,2.51551801360703,2.58446957373112,2.68617698254305,2.772963683476,2.83698110035986,2.92787421393467,3.03281600681249,3.13804448990631,3.22319243937119,3.27161763228879,3.30564738839528,3.36045173316289,3.39668287305976,3.43239340688707,3.50651596925334,3.61126052670819,3.69742556303236,3.79375748384168
"29691",5.05190399369841,4.96698262917769,4.88836360464628,4.81004267071428,4.74514442534069,4.68127934653498,4.63914185856006,4.6155736763618,4.61676107160175,4.64564446994878,4.66935776810933,4.65360175763799,4.65044860928031,4.63084470380603,4.63787674218407,4.63285238441893,4.65667242919387,4.6891553025333,4.73168381611833,4.7535505880713,4.77370796887886,4.87831291172787,4.97091453302709,4.98776407088579,5.00909815857188,5.04808783186666,5.09272220358186,5.1119838799684,5.14720243178849,5.2116169218101,5.23308387346677,5.26070579761359,5.19721093798035,5.18164738702907,5.14995660755905,5.10007227193368,5.10044382299977,5.08255047611175,5.05221762352748,5.05851983638794
"29734",3.45163589538289,3.39129410076943,3.33102042866211,3.27500356665392,3.22685149538607,3.18861965309474,3.16090266512666,3.15041682233211,3.16529344322158,3.2020439357116,3.25660645853955,3.35822407870678,3.4839867365248,3.5882540302716,3.70530089397935,3.81793868266559,3.94198692483022,4.06759636949494,4.15408152792523,4.24321435295386,4.29182160941002,4.32001207344114,4.32508269047413,4.33966037880431,4.38263309690151,4.43297047561921,4.46110058647406,4.48899099287234,4.51953376445872,4.56579589102343,4.59898626055967,4.63790683435512,4.67041661481754,4.72436308342336,4.76741594009384,4.78872271349298,4.83147053211205,4.87564719948385,4.8960019203046,4.94206470823245
"31211",1.56637081928438,1.53597374941688,1.51207322638615,1.48729374631289,1.46774024421639,1.45742894375004,1.45788176547559,1.46775471765641,1.48784108471288,1.50719537095503,1.52876407621105,1.55583626963345,1.59510861691012,1.64748199745464,1.70751640632306,1.78379532628763,1.87868734329203,1.99708967547604,2.13883922970741,2.28988976121645,2.43617484807644,2.57213066876904,2.69353059904577,2.83509951784716,3.01370882138907,3.18913427696278,3.26812005260828,3.38328662694634,3.5314217042599,3.64313628525091,3.75786334231507,3.90198122697939,4.05044905483792,4.21994518338867,4.35059410266533,4.40877014152254,4.52946809220964,4.65705256632064,4.76912030379732,4.83286695942255
"31351",2.68503757270591,2.62946085026974,2.58074447021371,2.53301606183469,2.49416658333127,2.4614211205003,2.43395192561117,2.41465604540224,2.40830953040711,2.3991495112016,2.39995503732605,2.43114285345418,2.47424265226417,2.52453545018479,2.57187908652188,2.61742384661948,2.65312121568133,2.70011116566596,2.73162242758751,2.77107970625732,2.8080145745211,2.77192524744742,2.73991217668334,2.71527022683538,2.71512438812432,2.70977746063512,2.70091020662898,2.69768598062849,2.70058493289189,2.70568302338095,2.70559359592609,2.71033150540726,2.71337446365844,2.72474263333102,2.73173246441059,2.73908210932144,2.75413150715789,2.77007279917369,2.78663084281871,2.80299449349206
"31371",3.35294722628323,3.28133152783,3.21895100098453,3.15980415086523,3.11114989739679,3.06972612449131,3.03606299042966,3.01059475124797,3.00018848105672,2.98357423682523,2.97611031502775,2.97529335225439,2.97971631646615,2.98910197118168,2.99922025517143,3.01149267118982,3.02176582527849,3.04485094023864,3.06279777416182,3.09207274053345,3.11013374588642,3.13847768977755,3.15819101700754,3.17300853792966,3.20965756643648,3.23426593273877,3.24605028427616,3.26447811683037,3.29428846192399,3.3239315694645,3.34342935504897,3.3667418135423,3.39390014869076,3.42670036185722,3.4510698919055,3.51137468973091,3.62726020026227,3.78948243335498,3.9661424696678,4.13175869631369
"31391",4.23174216744018,4.14098163519021,4.06338665724769,3.98910079118272,3.92559663692496,3.86814568512066,3.85401304995374,3.8854951214422,3.96457256492165,4.03886157984991,4.12215608886601,4.05820416939649,4.01560558254205,3.98216923135306,3.95693279661577,3.93657507807453,3.92200848189214,3.92242893850539,3.92503924183379,3.93920988563458,3.94181031672373,3.98027733060464,4.0047806239365,3.99414581713506,4.00223376103555,4.00790418433781,4.01104394108479,4.00847927082683,4.01071751503173,4.0279558447238,4.03462043911609,4.04502612865902,4.03801559510636,4.04922704808877,4.04711236829377,4.04196272392539,4.04764899939857,4.05645121374667,4.06940985713807,4.08709167117612
"31414",3.31575107925857,3.24685248971483,3.18924850244842,3.13313778360526,3.08495895113084,3.04001295591946,3.00914195030695,2.98267007785793,2.98049193902091,2.99265196597749,3.02673777488227,3.07735028887431,3.14948484701733,3.2353527355086,3.33192813946451,3.43271364398821,3.54299173573247,3.67621824887073,3.80235869415095,3.95374151518866,4.08978513115283,4.25162530391045,4.36157265059078,4.4281234726208,4.56995221698903,4.69157001989031,4.79022500505962,4.92068708289387,5.0736149937251,5.23876563068054,5.3852015026742,5.53383093806082,5.68298053505875,5.81985246484218,5.92505196039871,6.0320771870595,6.15185274809848,6.28387215515878,6.41085762379946,6.49429576099355
"31432",3.00850588281043,2.94775868483845,2.8952068490264,2.84517938302971,2.80256086394249,2.76476355292602,2.74126962995038,2.72426848411188,2.72739360347936,2.73875925635114,2.76187399895752,2.80695645547112,2.86606175463036,2.92910102129415,2.99246404799334,3.050867702476,3.11540906114574,3.18652761655152,3.24051639938252,3.2996634752379,3.33291240352954,3.35092420867137,3.36558456260587,3.37012774320545,3.40761997567892,3.44027373746603,3.46533551062835,3.48112963644575,3.49652605093415,3.52328194967806,3.53377211928902,3.55330289409747,3.56835460516243,3.61319943490609,3.63864208623463,3.65636257917096,3.6781600677707,3.69066233817245,3.69545619151131,3.70291403706946
"31474",7.84242650580754,7.68909555218831,7.55106415116866,7.42108439431118,7.30836877015951,7.20235783332583,7.11692203435393,7.03735183623507,6.98925750856244,6.95579839449357,6.93338606642619,6.92772633972067,6.93987929889497,6.95189891722041,6.97828011595493,6.99285548214764,7.02721403303347,7.0697083945307,7.09931324649607,7.1193233250394,7.11853755237476,7.18060605158518,7.23207373998309,7.23661796902296,7.26955351048388,7.30090324342958,7.31245616077433,7.26263727108489,7.21111205188027,7.1862965051684,7.13159860424789,7.11088319195946,7.04264479546151,7.0295230034416,6.98344078212617,6.92246904164257,6.88968005846362,6.83848714326695,6.78792222013895,6.76721288710162
"31491",0.757711610940553,0.743229209158647,0.728583920020531,0.714479229121529,0.703915272975269,0.698858840828634,0.701391040936646,0.714369662767858,0.741036298510454,0.772801376434171,0.818711819118987,0.881069302576404,0.966350233222435,1.06565194916221,1.17929375986652,1.30361976091214,1.44930536327936,1.61178747004684,1.76777595810781,1.93739465222176,2.09629504382626,2.24863868300169,2.36853017769682,2.5084775567221,2.69330888320005,2.84525811662052,2.93635546831905,3.0811903703237,3.20849622898187,3.32498279292212,3.44801490661113,3.55873653161107,3.69751361328024,3.82647668730221,3.94818884274213,4.03645169094131,4.15939257607571,4.33974898775623,4.49950149009456,4.62475027732651
"31514",2.63627624315235,2.58578196119663,2.54150437537546,2.49999935208886,2.46434305772624,2.43182579759911,2.4043919326165,2.38190123159629,2.36914699924036,2.35872633190413,2.3535418296066,2.35396875363867,2.3614986199868,2.36846658055555,2.37912373658119,2.38767382646948,2.40206152104879,2.41902481297251,2.43414261206115,2.44567418341886,2.45364659992475,2.48824358277666,2.52081488300388,2.55488109560374,2.61482730872412,2.68309438327806,2.74280054837345,2.80002944347185,2.83090486393564,2.82624561371504,2.78209276114973,2.75543453946775,2.7298051939755,2.72422486318691,2.71833055434905,2.70855019816725,2.70838732038132,2.71648108337415,2.73636353718797,2.76297038857807
"31531",1.48214992256387,1.45311021099052,1.42734902115686,1.40425017471422,1.38345529063554,1.36444234912454,1.34903965635187,1.33906656142203,1.33840208233581,1.3432273087243,1.35844796545042,1.39181990108544,1.45245265392134,1.53471539241251,1.6454259644346,1.78049658638919,1.94462122309706,2.13703491404625,2.33760599032342,2.56368156868939,2.78650742284288,3.01121697657284,3.19000078272547,3.39377714218368,3.64264137874052,3.81468542426847,3.87882852077869,4.00995001152332,4.13395949109116,4.25338880354027,4.38880524384024,4.57228996214703,4.80755099284568,5.04529960482582,5.23387072788068,5.32533338652485,5.34308861390548,5.32166922820557,5.25537150471173,5.19682182250547
"31591",4.08165985008378,4.01001011268984,3.93819554299931,3.86887010415473,3.81200667412131,3.75998812197546,3.71752035834526,3.68669888146791,3.6717718208908,3.65583626223196,3.65339019548252,3.66638326385961,3.6926305387628,3.71689119998735,3.7443418244337,3.77221954540532,3.80263880402333,3.84274618530425,3.87527079569265,3.90631864003513,3.91929131546904,3.95934216118415,3.98357242096161,3.98893992743593,4.0200034360135,4.05040192022284,4.07548093691064,4.09401296603558,4.11505511426339,4.14498353849825,4.16393963456449,4.19812892373139,4.21270485654827,4.25307423682646,4.27804307024651,4.30532602638399,4.35963591889454,4.41711111052939,4.46031838430397,4.52186175413179
"31611",2.44252660589505,2.39987746773207,2.35754235517998,2.31434927356809,2.28052902778729,2.2497756785989,2.22692075437767,2.2107749995552,2.20467685482325,2.20309827031181,2.20790891237436,2.2213652603288,2.24413713346892,2.26683243510509,2.29435917518058,2.32330564432826,2.35773864456719,2.39982932224102,2.44007080576295,2.48001019688641,2.51312795397927,2.56056288478209,2.59951209580137,2.63026744504553,2.68672044794958,2.73950163169083,2.77358930661059,2.80178847967658,2.83169711458286,2.86744042052682,2.8979955482512,2.93905590470824,2.98204781149991,3.04626388328852,3.08788844783858,3.10538757392625,3.1273278763726,3.15056952587259,3.1625369258681,3.19071244890769
"31651",4.51663335936746,4.43761156786894,4.3652390242079,4.29211663621442,4.23096822842087,4.17479001845855,4.12770361054016,4.09814719122445,4.07082722512308,4.06230393687386,4.05651707515272,4.05839709627758,4.07173358224507,4.07275073350043,4.08943383909758,4.09662572139324,4.12150856412553,4.15106317057071,4.18691752386441,4.20522757155259,4.21832913172555,4.25148720231738,4.28926291992723,4.28005348584271,4.29677863755056,4.34659101143156,4.40550214219681,4.41783539750208,4.43252716992618,4.46216623782879,4.46149888369626,4.4979156717325,4.48209620299666,4.51523606837745,4.51865155226935,4.50284326631862,4.53016593776057,4.53293230105551,4.52452629724722,4.55664083144902
"31673",6.33066533078377,6.22097776587663,6.11960762303219,6.0165196638142,5.93164980417093,5.85230870403337,5.7847613698135,5.73435219627905,5.69022753505766,5.67396239942515,5.65820385122542,5.67861488379993,5.72147547908846,5.74995183619845,5.80085674516493,5.83531628821417,5.89611078420434,5.95915967310288,6.02663252768819,6.06978539045975,6.07491393293906,6.05586645865763,6.05086036347094,5.98567309978768,5.95781922472436,5.98006048807341,6.02201120770558,6.00345302138247,5.9876992999846,5.99279120640878,5.95679024241666,5.9770735774364,5.9235174197243,5.93133744321466,5.90549306447995,5.85544782984735,5.86267739945472,5.8415891036092,5.81434907839053,5.83816745716153
"31711",3.87369169544846,3.80668528510349,3.73968852566493,3.67230212061745,3.61879652935891,3.57179990838321,3.52979534565744,3.49973372906711,3.48306643401084,3.4865305509448,3.49121669327496,3.51700601273175,3.55401679822725,3.58233108894302,3.62346711009167,3.66145929253322,3.71512975312846,3.77603865616344,3.82462397193859,3.86844504346026,3.88151953568151,3.94454806032728,3.9988984309921,4.01622993068395,4.05672128481283,4.11086985831853,4.16003662520282,4.17727574925829,4.19000101063187,4.2147561781583,4.21247605715332,4.24270817667112,4.23130438245755,4.25121167411285,4.25196389145745,4.23316395953303,4.25314508639626,4.25849603542028,4.24932416318908,4.27660410841695
"31731",1.04917342618313,1.0307782747698,1.01075258690113,0.990806651533777,0.973946077862203,0.963060961513227,0.963220268947232,0.991146545882381,1.0608773686777,1.17340193165608,1.34243908319287,1.54482864538222,1.76161966703949,1.94441804511418,2.1240182896895,2.30064896645439,2.47431879145082,2.64705624435401,2.75644635479327,2.89459992516468,3.0314480002047,3.11093918684471,3.13002142406251,3.17992283781456,3.24473127335385,3.2864654526192,3.28671338035526,3.31662037629707,3.35046569599304,3.4008541607904,3.44339527564728,3.48278667197833,3.56511465508297,3.64834367637931,3.7139924499673,3.74777364341218,3.77910400597254,3.81546968799281,3.8128749185294,3.83845586093372
"33231",5.07652068911795,4.98042308814892,4.90266449369403,4.82361258389655,4.75846053440906,4.7112709010788,4.67361236237678,4.6524924055496,4.65147673204204,4.64725758430159,4.65249588646071,4.75171070401144,4.87755930019503,5.01691146904196,5.14152955475931,5.2626310198021,5.37522376222225,5.49824119049363,5.59578526606289,5.68429623442978,5.73439043904767,5.64560652191511,5.57102673818325,5.53032279248796,5.53060894381811,5.57822769011167,5.62092314031094,5.69674993580577,5.77885980309332,5.81008240646651,5.79049194854331,5.74073431086088,5.67333111917529,5.62524641602534,5.5692731532956,5.50161212739134,5.45714829428544,5.41131594570392,5.36402177531947,5.31456678928134
"33291",0.599059769162281,0.587303274182496,0.576071187643805,0.564074863675565,0.555213956446619,0.550877686429893,0.554500519777949,0.572561788608517,0.613256299678101,0.671988846500948,0.75453793417008,0.858899895510412,0.984794345607832,1.12532765032216,1.27297992647714,1.42707318796879,1.58548332556389,1.77291374341488,1.95752619382644,2.16346119007495,2.33435229108521,2.50122039839282,2.64752156873556,2.80218178297107,3.02116894042328,3.19742883251739,3.28523287546466,3.37581653872584,3.47150437162815,3.5265463083337,3.56687945197734,3.60729214766169,3.67922459945083,3.72787041589243,3.76807042710494,3.75479503137783,3.76881094618534,3.78308191559052,3.77748741250621,3.74237088688712
"33312",3.76852453151467,3.69209970161079,3.62489934762403,3.55825456366635,3.50461622170928,3.46106708820309,3.42229243068974,3.39637422178031,3.38537609797916,3.36310627760771,3.35295707380733,3.34882345706278,3.35655261366823,3.37290607366098,3.3884787376853,3.41109601972911,3.43041829979591,3.46516282877264,3.49184368789435,3.54015301281537,3.57394911988814,3.63542970198516,3.67793321332223,3.71668581004938,3.76545394840649,3.79367726824151,3.79560140282682,3.81970740695247,3.85750542562478,3.89441084094827,3.93141334825151,3.95946374351406,3.99500806556284,4.02501481972923,4.0528301966537,4.06557205267114,4.08971335106259,4.12596577961338,4.15932947644403,4.17571664243219
"33331",1.58716823772343,1.55482223538919,1.52507034876214,1.49485412228253,1.47200599268436,1.45894847377186,1.45502310967118,1.46489845374105,1.49304911357979,1.52174562114551,1.56781871642142,1.62742747543942,1.70696102200821,1.80523535705868,1.91255944161118,2.03244089179213,2.15962627205697,2.31561676544594,2.46488083169363,2.64039686299785,2.78954202078237,3.0644484815083,3.27106120487135,3.42290577934009,3.58074082879555,3.64803514815942,3.65062436707465,3.70321384936916,3.7858160818712,3.85526574002209,3.92801936335211,4.00058473313202,4.10387172671527,4.19577632984587,4.2797162430301,4.34126249695473,4.41713424645054,4.51568446408565,4.60349886294082,4.6599783202609
"33371",9.28532741190556,9.08312054506896,8.90980552700095,8.74209271585507,8.60522101454184,8.4821796408069,8.37072489833895,8.27758135875156,8.20401333551518,8.11535262350878,8.0405264129183,7.97102359590146,7.90679277928712,7.84499223675272,7.78299191218829,7.72057390626384,7.65512591394873,7.5984588621533,7.53809278600406,7.48597758045465,7.41869594450985,7.35336636202638,7.29915172763775,7.24305331076567,7.20324280801719,7.16034996031402,7.11590486615166,7.0597470162434,7.00468523591768,6.95096068907975,6.88127815332689,6.82110255399449,6.75005280332491,6.69851849700708,6.63283021355015,6.56113778895022,6.49433515527081,6.4185020604717,6.33872100927322,6.2633069862237
"33391",6.20837914505076,6.07280419744494,5.95330492654897,5.83748155722199,5.74176545588401,5.65789414180284,5.59580838824956,5.54959542489295,5.53827452840432,5.53222181952748,5.55599776968725,5.63435243866812,5.73898962344251,5.8556239133831,5.97412855770332,6.08145961915116,6.17785393793893,6.28997380526692,6.37721674344797,6.49696765736095,6.51890216668298,6.52031855004151,6.51760137183872,6.4924011821337,6.52908892275222,6.5435764855779,6.53576027392034,6.52784471193777,6.5353197280366,6.55754239175202,6.56105032540092,6.57815508665625,6.58658630301563,6.62376934930822,6.63759462909968,6.63926473313259,6.65115877598016,6.65607218108496,6.6579888947793,6.66392538821919
"33431",0.422403002490707,0.413882397924008,0.406530362413133,0.399717197009434,0.393922944864221,0.388362282593394,0.386531892913925,0.395922542070782,0.434680671894558,0.508706856366508,0.631899868768226,0.763749142233092,0.903442181351889,1.04236445328397,1.17199411964445,1.29330335987833,1.41568806570769,1.54180916996938,1.64071522987946,1.756316561003,1.84920127183931,1.94660389535488,2.0276095205435,2.11328216191278,2.25439911432506,2.3602690779139,2.43546882116387,2.55452080812573,2.69077168937538,2.83647413095043,2.97521078146234,3.09442557416254,3.24530809740417,3.39284590642637,3.50239013946683,3.60751614478931,3.6995373811937,3.81306257672432,3.90159865758239,3.94970299284341
"33452",15.1442921928401,14.8379560990867,14.5651826748369,14.3204793602246,14.1131352570016,13.9147819480539,13.7725820906962,13.6455028177626,13.6036288274848,13.5772620861077,13.5820382949885,13.6170413087768,13.6866425590815,13.7599147691279,13.8540975963709,13.9258538954256,14.0475719273932,14.1861990863676,14.2913054711629,14.3987641562503,14.499435568218,15.075706197931,15.5793885037563,15.9478708180301,16.3663872221022,16.5713423415775,16.5674458485386,16.4361736320459,16.2374293249687,16.0839907818761,15.8976590985773,15.7953740489563,15.6404500143791,15.6157205130138,15.5110236945836,15.3863284721316,15.3113557278919,15.200217795484,15.0767631376278,15.0102261818557
"33551",5.21425169561676,5.11139067527701,5.0156686540607,4.93081412880881,4.8560366973792,4.78399208075426,4.72348845241572,4.6835109109176,4.65832484791161,4.62269272928687,4.60574194863231,4.61938146341059,4.65776308982218,4.69546383237032,4.74110968746145,4.78074583633564,4.82064361270683,4.86988120801814,4.9040828519602,4.93170502333098,4.99560682823119,5.12583676329814,5.18392196958504,5.17335796140884,5.13631963953183,5.07911328834787,5.0356213227359,4.98854980708255,4.9481334334258,4.93207372004963,4.90015544009467,4.88544517094976,4.83558247195301,4.81824836326945,4.78476840348133,4.7411051409489,4.71467192706785,4.67410415252634,4.62829503878683,4.60206178256513
"33691",4.69146896924412,4.61060220528479,4.53507537366534,4.45793729076285,4.39832098538457,4.34237574814548,4.30370830494229,4.28166081401786,4.27604610212776,4.29181916343311,4.30771083864069,4.30466941940622,4.31224281738515,4.30352791186405,4.30534293950187,4.29798069087099,4.3082739794268,4.32148709179329,4.33957419628706,4.34059611759438,4.33330933340334,4.35097682510406,4.37264499561849,4.34723382862614,4.34066879419715,4.36021998512337,4.39128223681838,4.38619126179676,4.381172440062,4.38678061672006,4.36592065240235,4.38332279618459,4.3591697243443,4.37224674142954,4.3628239606441,4.33168095938266,4.33931542110982,4.32806775188027,4.30944072940309,4.32504743988634
"33751",2.83660391776361,2.78457754310317,2.73730640280704,2.6919515407766,2.65252819297392,2.61978598252724,2.5900575810392,2.5712799034544,2.56348437127504,2.56505358047207,2.57682551761534,2.60229343575811,2.63615483547835,2.66516737606423,2.70245117668514,2.73854613095744,2.7870623914497,2.8374527097873,2.87411298017197,2.91564768698541,2.93987350210437,2.97609629268515,3.00496326805816,3.0310517654332,3.07051715836485,3.11737720694264,3.1562203685743,3.18393194570282,3.21055162028095,3.24921037802144,3.27789614707333,3.31416013862588,3.3414920585975,3.38181552210725,3.41228829559649,3.42927950446155,3.4667444442053,3.50638042082394,3.5369044019298,3.58453467807958
"33771",0.666951798996182,0.654786322649961,0.644085739460328,0.633909064146226,0.624907443017116,0.617164835576367,0.611253226552297,0.61396112089389,0.63227984572033,0.668617853573503,0.731057919706984,0.809923193899558,0.898772342147454,0.983014456472106,1.07233812696042,1.16051491541315,1.25703030637197,1.35215336522417,1.42163418352302,1.50521050040604,1.58865197043603,1.76583036431903,1.8380210500847,1.88616318542539,1.96842308348525,2.07668451315155,2.19516966800702,2.37682628558036,2.5976425672796,2.86780470497657,3.16241863244693,3.41625767388855,3.75475429657389,4.09509518079228,4.43037858187455,4.73922610765404,5.03354057299048,5.38059579931826,5.67730036236366,5.95356948530859
"35234",0.283252697140444,0.278079240969081,0.273888279659731,0.269523248843765,0.265943806601852,0.263391971498357,0.261737489243392,0.262473048032485,0.266918561865779,0.273923274950626,0.286850778618234,0.309437511485425,0.341842433180408,0.385760872368036,0.436891722439721,0.497777146377099,0.565103013597458,0.647174551898126,0.732366048592044,0.824382338436714,0.910397496354251,0.991567986366026,1.05474304520284,1.12647477943787,1.21797003315908,1.29529747207375,1.33158874842341,1.38347640638866,1.45037939678361,1.50174189703853,1.56268669884463,1.63661971045228,1.72224968686112,1.81138745875211,1.89393972394105,1.93508996397155,2.00367878014128,2.0717457683547,2.13189485770868,2.16436587436733
"35331",7.94651369120831,7.78135060874763,7.64283546214854,7.4991177093656,7.38382028811436,7.28401459832971,7.19116742052446,7.10659635172677,7.04763381969229,6.96922111148253,6.90196307171875,6.83509857102091,6.77725811353915,6.71885620454701,6.65723203493382,6.59901546988929,6.53454018946435,6.47547956569455,6.40872689967075,6.35218613369552,6.28759697150541,6.22484246429865,6.15765643358801,6.09567431201362,6.04276676841062,5.98267039932123,5.91616532907042,5.85562998370584,5.79889436027083,5.74337933970898,5.68706626356365,5.63561915432459,5.58725740636118,5.54495062630223,5.50149010610459,5.45764311304472,5.41844733288121,5.38101309969221,5.34330629382197,5.30418025139817
"35351",1.27015136715055,1.24286550785575,1.21914479097084,1.19522307901764,1.17519472835226,1.15882228262421,1.15143224023116,1.16023052819171,1.18280836435276,1.20214172020698,1.22507610739362,1.21244508463651,1.20923115812574,1.21165348434197,1.21870946547161,1.23201128623757,1.24994108787149,1.28090674004602,1.31511038479687,1.36557156330814,1.4196369552256,1.48872208471085,1.55579021532739,1.62748195538965,1.72229546484278,1.81264991874265,1.88747118719182,1.97068420550412,2.04405840808626,2.0932787646641,2.13904244624583,2.18458719891684,2.2427095575949,2.29456072211702,2.33508049673648,2.37184669767329,2.41501021223507,2.46659156370537,2.51173282626387,2.54372059582645
"35372",6.99696926277523,6.84737321439784,6.71889849259271,6.59136099558894,6.490179326237,6.40388233338764,6.31850911438632,6.25218634295814,6.20211991423299,6.13387044199976,6.07923304151002,6.02721598532537,5.98275250597537,5.94438160675498,5.90269046057921,5.86337218101706,5.82003701519207,5.7863838703807,5.74465089070775,5.71643149355447,5.68321428980743,5.65159553478243,5.61576344634744,5.58513961952298,5.56469877516308,5.53331444949588,5.49333000203161,5.45911994464588,5.42590238945175,5.39317115273102,5.35662684905743,5.32218686450479,5.28920053629137,5.26719404327001,5.25073396878548,5.24270177033504,5.24480643780683,5.24979570361091,5.25100968720317,5.25070770810035
"35393",3.41122407008361,3.3382459591806,3.27507827408407,3.21326628282253,3.16384638745612,3.12068320988608,3.08062549792282,3.05108480968445,3.03982550157209,3.02532617775695,3.02390618088749,3.04042794225244,3.06845324263489,3.1053017786274,3.14178251077739,3.17396091916723,3.20380254291112,3.24251740880778,3.26897649258167,3.30799621687914,3.29838616452587,3.29897700260259,3.29374037011975,3.28821251906068,3.30461810794813,3.30891834491622,3.30189119002012,3.30812004775434,3.33702679430279,3.39204488656503,3.46516568748263,3.55604816879356,3.65324740745686,3.72541099969416,3.73662582750871,3.69495822384485,3.62915645743624,3.57613530257902,3.5290011636795,3.48724377623132
"35411",1.29208897549328,1.26511224713262,1.24016999600475,1.21563646912994,1.19526629975273,1.18106016637916,1.17355280557062,1.17633974492928,1.19666675339387,1.22264211699499,1.26467528949401,1.316932912364,1.38388458329561,1.4615523251563,1.5450840604456,1.63097487927109,1.72292450894462,1.82949976628391,1.92792442331622,2.05126038541784,2.14941621428428,2.26098009657085,2.35308159345518,2.44034696670628,2.58915808876733,2.70537327823018,2.76248008644985,2.82777484347557,2.87938444470359,2.92937950204808,2.977414692662,3.0224187319526,3.09606152099635,3.1623456345995,3.2081824794226,3.25855201396878,3.30820493668449,3.36428034782557,3.40121959168718,3.4213328658881
"35491",1.2675137119563,1.24283764364722,1.22107327068627,1.20128114175375,1.18339447467233,1.16674596183692,1.15288541250903,1.14090039411862,1.13403981249065,1.1273506768639,1.12243608982557,1.123562377848,1.13737315045453,1.1670291047186,1.22094050681708,1.30109660174673,1.4217372544161,1.58330704349225,1.76644816680433,1.99097570258298,2.22668620706824,2.49054514435616,2.68624395965162,2.86540383053534,3.09566439075359,3.2894667237681,3.42199403502357,3.61545302290524,3.7953426644303,3.96660302198388,4.14827332402741,4.3020270923681,4.4710811091591,4.61548872679922,4.71537253310325,4.79940931244633,4.87446586397287,4.97877490139155,5.05598630095359,5.11755599753914
"35511",4.79440106696896,4.7014825549291,4.62104041621258,4.54726791365786,4.47974663819191,4.41944460026684,4.36905088562216,4.33020222292033,4.31277009308179,4.29869912018936,4.29509657042961,4.30971914033169,4.3434417871842,4.37693299233421,4.41546357788831,4.44630364318476,4.49141579159414,4.54099310682216,4.57788888785906,4.60994357808182,4.62364858833401,4.64908137835044,4.66459519628124,4.72739835206123,4.92112117019712,5.19027840614643,5.42071534247562,5.57456558128654,5.58887527319425,5.49526022299206,5.39675634164803,5.33368052866819,5.26772251828384,5.23883681509414,5.19614319103083,5.14767666399848,5.11084260379924,5.06702179562915,5.02144346573722,4.99583981747899
"35531",6.30631028357328,6.18447257186129,6.07925244755371,5.98400882495588,5.89747815615976,5.82586735114368,5.76310792820549,5.72320747157048,5.70632254801928,5.67882053625891,5.67253386260741,5.69094675959144,5.73144430639716,5.77437637570793,5.81943900087926,5.85615896730968,5.90268449451044,5.95797260023257,5.99290279374787,6.03052295981981,6.05391550523732,6.08641325454694,6.10303411877028,6.12487153686072,6.18274312219596,6.22460122386464,6.23377380685253,6.22339114016374,6.21379290208463,6.21508404833447,6.20980495618704,6.25312328089672,6.30385182414353,6.40762848499367,6.48401253126567,6.50998177165623,6.50867617167674,6.465181901587,6.39710367463014,6.350992179627
"35591",5.77939560754001,5.67047330903224,5.57589147763609,5.48887787987324,5.41283996650299,5.34242421279629,5.28177296134784,5.23225986763935,5.20279305664273,5.17856890566655,5.162245024708,5.15835598520245,5.16200591619811,5.17025639975005,5.1881577220195,5.20309464473499,5.23619536660822,5.27457187007701,5.31888639788305,5.35657059828332,5.38870400510348,5.44343891297871,5.5079467602455,5.58575346811234,5.75083461474356,5.94785162495904,6.10706031608591,6.17716597148161,6.1663283927241,6.11929969717601,6.03837301855072,6.00263382747235,5.93710681401697,5.93442511019754,5.90873007284785,5.8544726101069,5.82328511884233,5.7676135404626,5.70712113520948,5.68300463602681
"35691",6.48526550724807,6.36447997331504,6.25667248448483,6.14999332943258,6.06749994126458,5.99354910982263,5.93344993079782,5.88873168573139,5.84694767267982,5.82848085776873,5.81874884529657,5.86779319804018,5.94813762853787,6.01057910035579,6.0774653456964,6.12466706722082,6.18016662958217,6.229880262728,6.26757358767139,6.28609271065911,6.2688248180363,6.22329384715482,6.20113484507044,6.13029329656326,6.09303853474142,6.09433597806915,6.1169542206379,6.08656536251407,6.05860782023024,6.04349216797857,5.99106793476188,5.98903107712155,5.92349325864033,5.90866678948051,5.86478592747941,5.79723941399783,5.78135041001748,5.73568643443566,5.68469821928331,5.67933348878933
"35732",5.38023728253699,5.28231351895424,5.19387701992051,5.1051985900071,5.03296157313886,4.96756168118502,4.90308071409118,4.84098818369319,4.78128985450296,4.74066148599106,4.69762691755223,4.65943915863102,4.62503436471394,4.58719003285915,4.55791257959719,4.52476763501795,4.5065887112102,4.49514930591732,4.49579261821042,4.48008177301054,4.46928143693596,4.47930847871358,4.50274204419898,4.48545228998666,4.48242241846317,4.50745596130169,4.54336234895566,4.54770713017644,4.55413203763619,4.57385048710405,4.57389306374163,4.61227406933964,4.61181186410382,4.64476649418807,4.66158608474685,4.65911650829254,4.69416247917963,4.71523612591081,4.72862164768969,4.77806378065022
"35751",0.0748734772020974,0.0734900598636432,0.0722852551817735,0.0711091847641676,0.0701254164897148,0.0692882602739905,0.0684684852951215,0.0678082805701872,0.0673134424636573,0.0669465937748225,0.0666921625891223,0.0819265407535434,0.144756043207585,0.255396393740825,0.407998399739667,0.59752250210468,0.827190031216186,1.09030492896734,1.35792239025443,1.67666593952937,2.00445711952253,2.31701709344517,2.55757706153199,2.82735913901776,3.09863763841755,3.32595928341463,3.46510304108616,3.65106465379432,3.83757433410598,4.06175609877696,4.28162558359038,4.40941639817214,4.63907608616256,4.84135036059476,5.02366069556707,5.17142828109787,5.31978115150869,5.50546863208028,5.63664138224342,5.76396574780489
"35774",3.72995406141426,3.65982718334449,3.59685421580278,3.53665969601045,3.4881066153091,3.45156491611721,3.42169376285795,3.4136968809781,3.4294172341599,3.45900441989765,3.5197306754645,3.64019986520245,3.7760302660101,3.90760841684881,4.04736188007356,4.17702510311251,4.32665623943092,4.46492275500045,4.55259089120735,4.66052929919902,4.97957928875055,5.07582516899933,5.10417653988665,5.13316856025296,5.13922559142821,5.11938442942189,5.08309964000831,5.07383087833469,5.07577825444552,5.1048998077964,5.22213162344823,5.47588839886761,5.8427622147436,6.22752051382276,6.46818259360179,6.48975487838039,6.37712228273322,6.18229959353699,5.989821621427,5.84957951860974
"35792",0.0465702313485897,0.04570161004683,0.0449375098180045,0.0442074667153711,0.0435957266979448,0.0430835593431945,0.0427161350095038,0.0430333485561951,0.0445897994317706,0.0475731382921938,0.0527330237948658,0.0680648772365839,0.0964390301179811,0.136600755615324,0.188991895939132,0.250884189674035,0.325641963382148,0.40959028880827,0.492673116394715,0.589145976798607,0.697179799491263,0.822296736383339,0.940257526873276,1.079157521364,1.22018999965861,1.34542970423813,1.44495705516659,1.57114384634193,1.72108134172328,1.91282859601196,2.13634244340133,2.3297324521806,2.59052387437534,2.84079646301398,3.07197964331109,3.27349666353332,3.46615197604081,3.6749867209635,3.85132338140971,4.00267370678019
"37254",0.901881660507785,0.885601395408311,0.869254513104145,0.85191126474616,0.838583243861515,0.829677213921169,0.824774612761854,0.825934461239541,0.834527375371593,0.84599960184117,0.864778249369631,0.888670766087757,0.91721083053113,0.949203416517446,0.979189754554607,1.00921553674079,1.03693208224428,1.07185675630305,1.10233114784484,1.13698255662817,1.16371809142227,1.19009240147088,1.21080817885901,1.24712799594299,1.30240320718395,1.34820863122502,1.37672718776269,1.42410398704258,1.48244895989227,1.53322034852378,1.59278773812342,1.65698078987075,1.73057232479631,1.80333442221917,1.87268077412897,1.90532635796549,1.95100780597276,1.99792797357373,2.03506970411805,2.05365986953296
"37274",10.0760318695194,9.88804518566744,9.71798849347589,9.54413417676314,9.40430380962102,9.28416735762328,9.17284608223084,9.07831811340233,9.00352650066552,8.90374421852083,8.81858749659609,8.73336366625067,8.65444909459979,8.58656631184238,8.50824350101497,8.43436910308529,8.3463219239653,8.26976026588617,8.17799964025173,8.10911101808948,8.01987084296891,7.93795643132849,7.84129065400771,7.76286672235198,7.69084482321063,7.59901132756316,7.48330750595665,7.38680044078637,7.29180649546305,7.18482196285576,7.08715185095472,6.96956655380031,6.85255824989519,6.73333308701952,6.63438845606521,6.54322898967012,6.46859618538917,6.40833906137736,6.34779449995901,6.27214264399038
"37333",4.77830145135504,4.68148667262638,4.59452598848658,4.50028566250117,4.41841865831311,4.35497753039459,4.29606719152203,4.24832097897487,4.22766350644887,4.20034752437058,4.18810887228567,4.18649250462362,4.2035074853318,4.22059939339184,4.23929489786779,4.26312329836062,4.28490415625114,4.31709146956545,4.34266119344367,4.39241030081673,4.4169403938212,4.44742740768306,4.46509094553405,4.49983028416215,4.55878698015228,4.58675323082103,4.58462366639162,4.6074312381838,4.64141223347914,4.66809538937312,4.69242966117947,4.72330816926483,4.76268395093027,4.80132063188969,4.82674436260737,4.84743798232527,4.87053432175927,4.89916569858203,4.91631995977732,4.92281916754351
"37371",4.47433924070947,4.38388905916623,4.30319221771941,4.22117561956233,4.15219137527193,4.10519507787238,4.0747414314658,4.07340716183919,4.10049288727297,4.11185070104998,4.13777150386988,4.14197014116793,4.1555009932922,4.17641554638825,4.18960822092934,4.20685041386036,4.21990155398024,4.24985926039231,4.26642051657168,4.30684229798187,4.33628746673073,4.37517964702877,4.40603028018631,4.45398582525965,4.53113411896202,4.57645991656573,4.58820411988205,4.62961675510723,4.67907061055947,4.72895449407655,4.7764748861708,4.8229058569125,4.89994967957054,4.98277293290503,5.05131698982146,5.1046474178055,5.15066273564172,5.19028393251025,5.20735694000809,5.2149650092134
"37391",2.6598410296647,2.60661630173697,2.55957257131671,2.51285217464931,2.47439192944419,2.44514548646669,2.41921021627106,2.40597331322678,2.40839777642557,2.40756866380717,2.42294905670174,2.44729262630872,2.48152162485307,2.52608640716124,2.56928398523537,2.61562324620941,2.66402829254872,2.72084527074031,2.76679658716306,2.83431924877029,2.88721778270444,2.949276611591,3.00258390496314,3.06567162328495,3.15951765946591,3.22452900537507,3.25196316927077,3.30671957933004,3.36741082569288,3.42790024459992,3.48567136567333,3.53933967118666,3.61638844207861,3.68490384004507,3.7403677639031,3.79606884421214,3.85538122215411,3.92160408398358,3.97558038068709,4.01619938427577
"37414",3.51297748650166,3.44254558620388,3.37922856154429,3.31682058813097,3.26435188478964,3.22406491478378,3.19570072490414,3.18694253191394,3.20028286658079,3.20498627765253,3.2219782923712,3.24687986601934,3.27907315644862,3.31470108420739,3.34319091756793,3.36822692197232,3.39203367985645,3.41725881942734,3.42720501776103,3.45335255108735,3.426086379229,3.41015905955339,3.39369538396712,3.38210121719681,3.39849986393273,3.41436101952783,3.41101425299948,3.3973462133136,3.38518750935089,3.37767446583524,3.36960193028135,3.36523737444289,3.36487579611926,3.3660260516593,3.37031666867784,3.37373095834586,3.37077370524795,3.36595222767956,3.35844991536952,3.34913301139735
"37451",4.26543202530376,4.17751178108496,4.10235940499397,4.03176495543599,3.96889313226456,3.91367497057592,3.87084009185444,3.84087835767457,3.83196246185236,3.8099456378241,3.80507587964193,3.81964408310882,3.84971565849396,3.88472333069755,3.91939400517631,3.95297856647619,3.98990283879921,4.02972156891383,4.0520363392715,4.08471393409211,4.12580972787286,4.13948854235202,4.1337007362104,4.12006961352258,4.12864054103784,4.12384957030378,4.10851386030953,4.10619563369518,4.1059037857536,4.10668157768011,4.10156765663526,4.10229673640611,4.10109325110758,4.11204282769354,4.10959038192787,4.10486690826991,4.10418597723719,4.10493375130089,4.10300608645858,4.10591167041737
"37472",2.37500282543432,2.32618961883005,2.28351258929088,2.24261041343523,2.20650467444299,2.17536388919705,2.15593636397144,2.14819241935357,2.16319128446067,2.18012479736398,2.21928408321015,2.2731417375611,2.34185374613362,2.4142094517251,2.48685043035154,2.55560986103325,2.62841403305068,2.70593519715268,2.76129140275892,2.8238222376023,2.8795574508392,2.92747398812992,2.95884287965295,2.99045244690205,3.06001811855136,3.10649887959093,3.11693149017751,3.1475779989865,3.17869269479984,3.20741445580718,3.23488763122197,3.26793667100563,3.32241903377284,3.39253929377527,3.43771785648793,3.47165861165428,3.49307217745736,3.50759989437052,3.5062928762131,3.51078181471024
"37491",3.38813881651376,3.32019410582556,3.26156250206165,3.20632556541385,3.15504843878594,3.10760276086086,3.07410105777483,3.05275404406768,3.05124077314274,3.04857485517572,3.0560513235423,3.05953666633165,3.07264006810567,3.08364645898216,3.09322696773374,3.0969497294762,3.10673136843787,3.11698191813105,3.12094705548309,3.12318994202893,3.13679814645767,3.1688177579322,3.18747468096576,3.17982243538427,3.17211711148584,3.15345485877593,3.13995640476252,3.11937325530816,3.10275874027869,3.09323808629313,3.07379904590959,3.06652043728734,3.04266320571658,3.03803241285932,3.02165587742589,2.99977453117659,2.98793508870051,2.96974749104333,2.95264510178693,2.94787137947985
"37531",4.98859546204119,4.89255531500905,4.81215091386265,4.7350146864914,4.6660348148248,4.61015367034172,4.56682710121151,4.54289869229692,4.54229795753734,4.53836481712131,4.5507607997783,4.57508932583755,4.61737331747441,4.66099998498502,4.70757307004168,4.75093777162238,4.80392422762601,4.8623105331683,4.90669959514177,4.9600563719695,5.01296663668366,5.07392522680779,5.11816171902651,5.1547889214904,5.23477712990873,5.31039004198756,5.36640600859414,5.42777500497001,5.48224111762639,5.53318881336916,5.5570611108284,5.59301477758517,5.616190691822,5.67425187476665,5.70693187212947,5.72567661646753,5.78101292491509,5.84588331747151,5.90383548805723,5.97332352334886
"37551",0.56414945525818,0.553295349426695,0.544325771965422,0.535912498212022,0.528219176478101,0.52140582561171,0.516472307215793,0.515580523246732,0.522439314211458,0.536230328645421,0.562710711443672,0.598858899839584,0.646671253949083,0.698948523618518,0.75737747398209,0.815941364707177,0.880440066627704,0.951064462973949,1.01336440662612,1.08529885815214,1.16046202558471,1.25958828814176,1.35481795114379,1.47205361595968,1.62505991559492,1.76078633228747,1.8637626927407,2.00434937421959,2.14654998431358,2.30022864735128,2.46342347365545,2.60699010696649,2.76575899098817,2.94773345407591,3.11027626555214,3.23248047965852,3.31758626465756,3.40029373194465,3.45637187148455,3.50277290369596
"37671",3.8399736267318,3.76791557873287,3.7027694095419,3.63837489621421,3.58189871171258,3.53592275490431,3.49463114686055,3.45929476230002,3.43846103357588,3.42587900822894,3.42131008025129,3.42175498826845,3.43306180588935,3.43661263514861,3.44870058029558,3.454311551089,3.47280411013615,3.49430337655782,3.51962823613009,3.53503264014133,3.54898738937543,3.57124022446093,3.59761089032138,3.59220395548163,3.60876975486294,3.64552310404698,3.69167724675737,3.70479122865596,3.72029697840078,3.7455742643543,3.75017388365257,3.78350835726965,3.77690031610643,3.80534933457327,3.81425628227741,3.80510336884616,3.83243165577686,3.84325361262409,3.84662393554854,3.88417348589193
"37691",5.8035514391233,5.69057315411687,5.58586956186592,5.47983014754744,5.39328412328205,5.33185485616256,5.28149053261341,5.22993261974107,5.19170067184857,5.16080093709662,5.14817531445785,5.16006996009241,5.19529368961518,5.21978857842835,5.25655507428477,5.27894234877971,5.31949585448903,5.36176569242056,5.39598630096445,5.42028831150814,5.43851519590099,5.4213606626133,5.41539437540357,5.36426564628474,5.33880200856719,5.34530158514397,5.37153950622496,5.34912155719768,5.33081057927296,5.32450641990262,5.28457552174295,5.28873850668992,5.23389712232766,5.22585533075811,5.18984940867987,5.13108812680249,5.11817661396214,5.07505089937632,5.02550752479015,5.01608754770716
"37711",8.05532132434277,7.90066469467759,7.75480783613308,7.6072212988318,7.48633364206291,7.3970069508413,7.31945149623484,7.24776397639831,7.19148869794936,7.14682706703484,7.12281836346863,7.16650788102274,7.25095000964658,7.32123748095591,7.4039268097513,7.4571850163369,7.52091469640189,7.57813925661621,7.60774778277867,7.6203778095638,7.59202982291037,7.52209825052089,7.4997737898843,7.40529548763398,7.34914493376278,7.3553155791948,7.39624877384988,7.35503396919126,7.3188370250766,7.30163486097969,7.23802312747278,7.23453028772715,7.13863250674786,7.10936800305573,7.04235271717751,6.94393849239566,6.91300591067982,6.83887259001971,6.75615209373349,6.73236642271833
"37772",2.36744163005209,2.32230164717339,2.28240126844942,2.24370429484847,2.21177975770925,2.18720248548719,2.16375311069245,2.14987796005284,2.14706279298755,2.15085845236974,2.16569201257062,2.20448637766347,2.25322977988799,2.29936913952071,2.35105929671328,2.39395376954341,2.44526708828388,2.50070119288403,2.53407105519697,2.56988269732344,2.58983588308112,2.60727341565028,2.61385354653775,2.61708936410524,2.6287196727066,2.64382858218363,2.65404553957574,2.66407060258191,2.67710324445081,2.70112586141915,2.72064788282851,2.74759397982142,2.76908142450705,2.8003698724072,2.82311644762957,2.83680380498372,2.86615621660409,2.89277232992731,2.91147049245482,2.93961364650501
"39191",3.7751190365195,3.7045747074446,3.64822144237833,3.58844513015986,3.5318981634856,3.4884811178501,3.45769415426192,3.44220951496731,3.42916185138111,3.41430128918728,3.40702665200742,3.43529689767005,3.47358247591732,3.52178010214564,3.56464941203245,3.61168674660904,3.64835902693437,3.69885292470107,3.74902101700692,3.7896485866624,3.80611769782375,3.84649611136929,3.86448498285642,3.89031864885251,3.91259986260975,3.90987735482509,3.86287553173704,3.82574407939045,3.79334075894943,3.76193477192369,3.73334573844919,3.71464672819738,3.6942271053839,3.6773304297984,3.65875246554747,3.63052776608782,3.60903668151149,3.586388365921,3.562669055496,3.53459907099545
"39251",13.8535932145943,13.5964435667351,13.3604256744798,13.0995483141236,12.8976554204361,12.725083906595,12.5677106194892,12.4410672960022,12.3524255545858,12.2523460691073,12.173439423634,12.117862788214,12.0809379493812,12.0683739028268,12.0489069279824,12.0340720114129,12.0013282989562,12.0073986607593,11.9921721327466,12.0198658825441,12.0174399274361,12.0018844945866,11.9626888624409,11.994396128847,12.0564578263991,12.0642205051381,12.0018713022873,12.0120355609825,12.02900827831,12.0138696741955,12.0291376246985,12.0444634509987,12.0931782958174,12.1296718523989,12.1762803895915,12.1706398998404,12.1858186929548,12.2131663591099,12.2243466181636,12.1981373797351
"39273",1.56210838566266,1.53239324840924,1.50400433893305,1.47337703167577,1.44948795828346,1.43147778688641,1.42045522261491,1.4215435929359,1.44149067872901,1.47755717513822,1.53644527680275,1.61529873710444,1.71027745232317,1.81909314712356,1.93776909661264,2.05815371273307,2.18329265875176,2.3313957471251,2.47487624748227,2.63489929875617,2.76780830043984,2.9344185682007,3.05031493779858,3.16218803047721,3.31459845427863,3.42737495310064,3.47461405762273,3.5607583384405,3.66055665080227,3.73189129935157,3.81067734567046,3.90818960472181,4.03758762440772,4.18433085484216,4.32467961792227,4.39204309484269,4.4983098259935,4.65203812342806,4.79325424708995,4.89400626060194
"39311",3.07688517208184,3.01613168028667,2.95915888013793,2.89878817327362,2.84809078201226,2.8096330585762,2.77826344582692,2.75855666352071,2.76086670991739,2.7694600784635,2.79510723126414,2.83335842561124,2.88594456061168,2.9422174612469,3.00317386419451,3.06281531526034,3.12225311393846,3.19049248685457,3.24912914961673,3.32742483641568,3.43475569558482,3.54133784106065,3.60496479017635,3.64861448458439,3.71789236491644,3.76061820744502,3.76931739534288,3.8164220995693,3.88131465567805,3.93678763422015,3.9893576382244,4.05230058528045,4.12593183433629,4.20492924546597,4.26647431529926,4.3030371568464,4.35248537235619,4.41519238085094,4.4623804346001,4.49292764839425
"39353",4.58402388131086,4.49123194518805,4.40766454461851,4.32520179784022,4.25310152097717,4.1972528724317,4.14593243798493,4.10964530051614,4.09381709393,4.06459469295281,4.05077356454508,4.05117499609607,4.06664177457936,4.08756170307566,4.10643077930508,4.12443460432274,4.13655267355422,4.1624270457008,4.17683585664585,4.20898907802188,4.25899411351322,4.28261918613543,4.28623209440456,4.29575197633552,4.31534716503481,4.29580295378374,4.25355113319039,4.23961856199789,4.23176502681154,4.22432281566714,4.21397047238391,4.21822026475225,4.24391525552461,4.28694597191303,4.33287227952795,4.37650267815916,4.41882544012043,4.45151063373636,4.4568143128893,4.45785125062261
"39531",5.40958683571939,5.30558407533222,5.21882011168185,5.13478114459563,5.05855509071174,4.99450387919847,4.94329630046092,4.9096344111298,4.89938155506162,4.89175265610453,4.90034849871854,5.01800335111012,5.17828499402345,5.34430457720687,5.50688480412843,5.64594332422842,5.77618319941431,5.8894271135799,5.95040058264807,6.01380487241455,6.08234988177019,6.03389926218082,5.95377692187715,5.8415166726667,5.78672812466599,5.74039417081546,5.70117769760849,5.65248373479767,5.61394009469456,5.59359066230401,5.54825642602178,5.52611610251585,5.4718808844379,5.45832327215755,5.42460616766342,5.37789836140063,5.35213626379108,5.31887221018026,5.29225806981646,5.29049855100816
"39551",6.42669260163576,6.30227804850778,6.19867451517284,6.09963459052719,6.01023400862891,5.93160832991001,5.8659965297046,5.81396400397956,5.78477707400341,5.75929589941347,5.74656987597136,5.82199701767879,5.94189969586805,6.06811013097502,6.20533763625278,6.31851105568069,6.43589591550309,6.54778996544919,6.61864416012707,6.68442967653263,6.66923556344427,6.57114088200954,6.48024870201705,6.38734451170234,6.34251939622733,6.31060069720005,6.29135696621265,6.24930905576019,6.21196842515814,6.18309947010893,6.12883887290806,6.10334905579313,6.03851065422353,6.01503014754917,5.96863586450332,5.90644639905054,5.86811459307807,5.81195848578533,5.75394266836132,5.72146894215405
"39611",1.03455319792887,1.01555882365335,0.998186970471275,0.982615424716188,0.968665692846792,0.955638540495204,0.946746935359442,0.942289057449945,0.945419701588066,0.954872807345937,0.971882842434543,0.997248998617172,1.03453019175479,1.07411307042589,1.12118150908809,1.17041990882464,1.23148857339057,1.2998839420587,1.36237268699768,1.43309549626136,1.61052945339142,1.69272373172979,1.72421467185656,1.75737531484806,1.8242987878342,1.88691437049369,1.9404627768042,2.00612556802078,2.06946402506869,2.13416192169107,2.19211435842528,2.24674785457354,2.31472909239349,2.39053033047498,2.46304525834981,2.52257247126338,2.58812561224969,2.67598781321319,2.76461011692317,2.86178282279556
"39691",3.59408216732176,3.5194497625539,3.45172031117756,3.38569004297616,3.32695949991332,3.29430774396628,3.27139857489095,3.24193258558836,3.22580427689602,3.21047377405362,3.20896313983233,3.20037445161321,3.19666801821556,3.18419810291871,3.18391883481623,3.17674304854119,3.18390601310258,3.19436394898344,3.20680887273029,3.21149802723838,3.2169952710151,3.22967213175875,3.24684303452584,3.23843751523858,3.24736467961441,3.27333453859435,3.30624316614992,3.31280377907911,3.32132278330212,3.33693760201041,3.3334413794414,3.356152059403,3.34813127495396,3.36747292913104,3.36992262104604,3.3566784018113,3.37272832821183,3.37226511865587,3.36509233537823,3.38577053587404
"39711",4.2719510727165,4.1883124300881,4.10846232322037,4.02775264896776,3.96059837546418,3.91691697477513,3.88359730887533,3.84943955660009,3.83336013761276,3.82179137557746,3.82547792747486,3.82747835147844,3.83909552433014,3.84137626325657,3.85906886358517,3.8663164221861,3.89173580419968,3.9229908571931,3.95399629150592,3.97948645474447,4.00819274665105,4.08069830706459,4.14890822636933,4.16865788455949,4.1966801588665,4.2380353155689,4.28477359989805,4.29852059810673,4.31524583677481,4.34388040298382,4.34777236489427,4.38826071469171,4.38849706053466,4.42098868768897,4.42771758220562,4.41214099037482,4.43830909097201,4.44276772418499,4.43685348593004,4.47228222466934
"39751",5.19347637809267,5.09807806480034,5.01358214669095,4.92775991609591,4.85819391117693,4.80367527524985,4.75115277924253,4.7089252371186,4.68325783664845,4.66345956712285,4.65484452648895,4.68722252301527,4.73633438633941,4.78673473999991,4.8464513433234,4.89144490768993,4.95151098255117,5.00836275951952,5.04734509682094,5.08163091396081,5.05938613386475,5.0478423974201,5.03637709016772,5.00863400891575,5.00069290545677,5.02220131473808,5.06435657928319,5.10740294075197,5.16506320714167,5.23270383267264,5.25931706809589,5.27106198131492,5.22476352977383,5.18277592678055,5.1303740039982,5.0643158542224,5.03218533205362,4.99167513335238,4.94934413230698,4.9319297600914
"39791",20.638652312747,20.2559248506591,19.9185729789132,19.5946187148992,19.324199159542,19.0922769383512,18.8422409649774,18.6434594140347,18.4814287614314,18.318699527835,18.1754449539524,18.047059802581,17.9254903238826,17.7902721245104,17.6640726003897,17.5138040770902,17.3832616110205,17.2512424259966,17.0893763675535,16.9094036401876,16.7178307690177,16.5225118831637,16.2892412889997,16.0518906681089,15.8321673269852,15.6065529671343,15.3325372401266,15.0523618175338,14.7730936627755,14.5088883906093,14.2354397363986,13.9255561258349,13.653577299818,13.3861516043244,13.1010096736054,12.7810594256333,12.4817464150349,12.1935033172895,11.8870110538493,11.5933702710245
"39814",0.855353689597595,0.839328689541761,0.823247481081963,0.807375803583943,0.795614505074339,0.790801653986786,0.792285189968008,0.805665761739441,0.833390259922587,0.867101679320956,0.916265262072847,0.985949088603057,1.07650089422687,1.17705314449072,1.29816065595995,1.42719694910306,1.58582938958247,1.75873976337944,1.91483696020318,2.09169031365211,2.29538788140946,2.55837039487408,2.75607683764109,2.97481004491099,3.17694028875563,3.31352477780945,3.3536098361932,3.3742367080143,3.37853155464163,3.40411876232775,3.43971460835566,3.43739520638717,3.5011521004678,3.57353034189796,3.63083154334583,3.64243172618396,3.63378085931384,3.63718997956589,3.63790647428768,3.64561297186945
"41192",4.51805326550662,4.4321418100619,4.365383644369,4.29182731302329,4.22301328278987,4.1660406653827,4.1175325254349,4.08145616789523,4.0604626408536,4.03858720798314,4.02548338815196,4.02090662983829,4.02089189683388,4.02902262999485,4.03618153383289,4.04650146375235,4.05100565475132,4.073910586611,4.10565681429409,4.12957802955124,4.1469453524108,4.1821534330339,4.21196031646819,4.26055456801428,4.31880470373183,4.36101921391556,4.35400443525484,4.3516393942842,4.35411618088144,4.35354942658831,4.35598950905487,4.37140292975633,4.38952126063116,4.40836166026442,4.42928497967128,4.42558385795997,4.43383364328126,4.44327859399223,4.45049294272306,4.44603856209891
"41333",6.6414845935073,6.50440309379703,6.38122080125249,6.25507899948279,6.14836222918288,6.06093222067298,5.98553130946356,5.92393239445363,5.89298517969648,5.85776339039454,5.84242032415434,5.8490819403203,5.88101329833565,5.92109520641971,5.97373295859494,6.01690959271143,6.05801208403871,6.11554208521423,6.16607154291849,6.23713047428269,6.4201983651154,6.8325168634541,7.12231139653842,7.27016578363109,7.2786064519141,7.10781924675074,6.91410513380357,6.80941497017592,6.73067046499088,6.68707016830214,6.65390142086428,6.6214876540249,6.57220819689999,6.53098330440248,6.48253401008631,6.43139214583044,6.38906748539112,6.36012435530525,6.33046772291967,6.29984135163741
"41374",3.68059165644505,3.60714388160738,3.54062158580893,3.47619129666188,3.42110993030879,3.37669848370536,3.33670294547895,3.31319678265632,3.31138810587742,3.30122739661765,3.31686867915758,3.34638593723156,3.39720423665685,3.46120674472036,3.53278806424967,3.61183581757508,3.69303062098489,3.79693695930959,3.89746523600747,4.02700239782426,4.13422743082152,4.30047707113609,4.40695589103741,4.50632972780908,4.65631280727196,4.75066241837733,4.78007477341101,4.87730862014305,5.02694536169805,5.21693996038376,5.39619668500347,5.55080949819186,5.70263024295819,5.7963858697682,5.81852898083132,5.80396102833341,5.8068077372096,5.82712019492997,5.82424782750507,5.81460657587168
"41391",4.329271150966,4.24521021288965,4.16731994369736,4.09230704338347,4.0311999063616,3.98435152259949,3.94168276519423,3.9176919979802,3.91141474446531,3.88440103956052,3.87772061804934,3.89112478151601,3.9157018176509,3.95024551523164,3.97932198069866,4.00953425394701,4.03316827191227,4.05812128385856,4.06713473214037,4.10070086128162,4.08797358859104,4.13828164753676,4.17246025004415,4.22274222846536,4.28480727847972,4.29726570842791,4.25711883018567,4.23425880845137,4.19744918976428,4.15897706116559,4.12487465652623,4.09188638899905,4.07518865079797,4.05645031794169,4.03329715661779,4.00385601308048,3.97408135489452,3.94699231213689,3.91740724019878,3.88314668016146
"41411",2.31680214797504,2.27081044441564,2.22809970235802,2.18721771464196,2.15288945208305,2.12669104715952,2.1052406211828,2.09489375520376,2.09548007033194,2.08630185486841,2.08672747861288,2.0889278359384,2.10018234581724,2.12193754651595,2.15009682716778,2.18833298538272,2.23651001581858,2.2999975773991,2.3669222364061,2.46855607692372,2.56513655214344,2.80368748688864,2.99318885146473,3.14567821536603,3.28140649955416,3.32621461897328,3.29465363398085,3.30421830785867,3.32075838218855,3.34237285368674,3.36176005719921,3.38471076942921,3.43911349487858,3.48990404624633,3.52788958770298,3.56422399838612,3.61271203605739,3.6820438734372,3.7412080730784,3.78891440129791
"41471",6.24597926690393,6.11464678846731,6.00231870237615,5.8943066619792,5.79568457661689,5.71064332247465,5.64681108331973,5.60034995912141,5.59002551361019,5.5726017231887,5.58568947604165,5.66446259865571,5.7774061079875,5.89976949479534,6.02892450954002,6.14325522651843,6.26295028231862,6.36970193167488,6.44668932088106,6.54044353630472,6.56717633158437,6.5424923402972,6.5188995176537,6.49253063243762,6.51955879189984,6.51634823753413,6.49612589290255,6.49173545039587,6.49211275503009,6.4948396137663,6.48469594844349,6.49101572180295,6.48739807861552,6.51169683535402,6.51171369528576,6.50135233775504,6.50071325141364,6.4911259116476,6.47522453211647,6.470009753035
"41491",5.2873633322225,5.17414003536768,5.07921401462007,4.98885006705559,4.90607651826742,4.83545967046053,4.79494232113062,4.77853776181119,4.79414162819682,4.80096161447093,4.8290356914926,4.82537145292575,4.83283112984883,4.84162645829404,4.85481357601691,4.86346380401099,4.88383512181749,4.90867990422363,4.92526854285582,4.95054785251165,4.9731439394642,5.00388416770273,5.0293014113627,5.04813665249538,5.10009096290137,5.13686607796524,5.16068400841424,5.19078964133074,5.22521219927366,5.26371871157425,5.29104322086154,5.33125356380266,5.36394897444276,5.42152298886479,5.45642311480967,5.47688483071593,5.50979808861772,5.54125000327153,5.56933592318642,5.6024703900452
"41512",9.04788716978809,8.85778865661752,8.69916958258062,8.54743014839304,8.4080160702182,8.28786419632695,8.20174389105295,8.14291599885743,8.13321582150636,8.12851817500045,8.1729603697062,8.29753332538091,8.45955944298989,8.63293514346841,8.81932835651381,8.9804849774017,9.15708672132786,9.32061992801338,9.42401227756079,9.53829079061993,9.78316362326673,9.77148833378113,9.74376325193593,9.72337316080874,9.89226215640808,10.1087265330538,10.3272426849122,10.5853605913997,10.7878411172657,10.8846456943748,10.8271082278602,10.6854238641866,10.4790852134071,10.3592634051672,10.2208674628686,10.0788904976546,9.98693516737799,9.88597789304675,9.78826117640626,9.72032276390591
"41571",5.12686284956681,5.0266016046028,4.94042819392108,4.85803772472737,4.78024684800683,4.71244569221693,4.6536599845352,4.60324650894966,4.56839485511568,4.53439000551918,4.51012161400705,4.51261611794866,4.53609035142113,4.55875929039403,4.59523498894569,4.62536891717797,4.66872871206295,4.71900612607725,4.75195649313337,4.78490392203022,4.85020770198337,4.84097343474798,4.82034804091723,4.77457097891203,4.76533461273579,4.75859408317558,4.75677208317626,4.73696054431452,4.72170595348973,4.71348065696555,4.68648116317342,4.68210736868973,4.64731219252222,4.64661075386258,4.62826829749915,4.59677049791847,4.58692589780586,4.56337900946564,4.53961967713347,4.53702441500689
"41611",2.10219488598327,2.06209288160239,2.02580806917016,1.99235051578498,1.96242644312974,1.9379212770595,1.92023185042989,1.91136179021503,1.91596056307177,1.92858532656831,1.95111684764274,1.98925798432616,2.05116013485396,2.11941672799703,2.20833701331831,2.30642991350709,2.43339099471864,2.58718720128519,2.72453931017862,2.87858523132432,3.02233119929701,3.18600690503344,3.31162662263429,3.42851397758854,3.59812907839723,3.73171600566454,3.82254625730876,3.93071223436993,4.03346157918719,4.13878999226036,4.22805616382117,4.32858124379739,4.44290998601426,4.54960833501772,4.63271612587817,4.69051852958647,4.7629834973187,4.86580804961472,4.95055361900668,5.05804977390833
"41653",2.69030761889303,2.64114542146147,2.59735506214957,2.55576838606994,2.52039970619992,2.49190604670576,2.46576903405455,2.44715178713559,2.44043561172488,2.43782701307211,2.4408038890633,2.45146661273317,2.47087793497698,2.48596390202942,2.50556031071023,2.52279558174167,2.54823561100125,2.57330386369108,2.59877862686528,2.61991714264383,2.63898374991621,2.66543977856611,2.69073707804282,2.69686225825593,2.72224692379409,2.75775715703691,2.79517490510252,2.81127543584714,2.82851535586274,2.85089330671352,2.85925639839292,2.88783923675129,2.89056027127474,2.91666241074168,2.92948573874829,2.92679413950952,2.94731900711187,2.95747473610134,2.9595027967764,2.98478034491248
"41674",1.9660542558391,1.9296434939142,1.89479537210418,1.86093230473769,1.83594170805452,1.82307839319237,1.81984490999478,1.83288539159515,1.87097022122262,1.91974403769639,1.99086246759373,2.08282245490313,2.20362090020514,2.32718371842852,2.47211758107418,2.62364092468056,2.80297449790142,2.97931399759253,3.14564072481858,3.3419694892162,3.83865728440843,5.33938770359026,6.2350047469023,6.60026426756684,6.58761900776139,6.2430125746723,5.87917481715848,5.62451323663873,5.40950106469392,5.24294002215573,5.18542377607356,5.14094833348228,5.05999418791382,4.94285864926742,4.83427105404684,4.7209461852019,4.65596539482979,4.6004264647401,4.53645434143233,4.51132110486137
"41711",7.73920342490679,7.59794047879549,7.47016700793202,7.33828300960884,7.23212127444963,7.14268742945084,7.0535955743444,6.96167162521083,6.89183998448215,6.83756902640244,6.78326921497664,6.72714845141642,6.676207849583,6.61888468639534,6.57509596189868,6.51749791756301,6.47628500637885,6.43616905520029,6.4153333428258,6.35727475157405,6.30421280953546,6.25692777924213,6.22485185860549,6.14185080884212,6.07662481084721,6.04631025155233,6.02343946051454,5.95295855354181,5.88159395174218,5.82179860984219,5.73605170665025,5.69011693033051,5.59481308351205,5.54082496744208,5.47025746496518,5.37926220574362,5.33008657733768,5.26146031767724,5.1924974618533,5.16719502975376
"41733",4.18631533015422,4.11115848279668,4.0445619091653,3.97444636582984,3.91892084721888,3.87201710432788,3.82912580602959,3.78770235558938,3.76309503899196,3.74825596780131,3.73687071985568,3.7263795139389,3.72161807463123,3.71373541658841,3.71556178954508,3.70809704464404,3.7127473262375,3.72097534000565,3.73494572159599,3.73212644014575,3.73363006021119,3.7420935066105,3.76009858292543,3.75120641942175,3.75941432807228,3.79734400885407,3.83979540264166,3.8530834205877,3.85724230951169,3.86669297609079,3.86047224010851,3.88096460592257,3.88236867689043,3.91707525730181,3.9483257174705,3.9724739115787,4.02126597209858,4.05000901601561,4.05584986955891,4.08753602125342
"41771",0.346302582277024,0.339903560983197,0.333616153007982,0.327039511011831,0.322148928842009,0.320371584076919,0.321821604203999,0.328879383464015,0.343952973158828,0.363731308584161,0.392977150944022,0.439358942576504,0.50594337220205,0.589332013470784,0.691935530488676,0.80756300530204,0.944946916137175,1.09605891601047,1.24093204143241,1.40657676026345,1.58360599769122,1.75337055214896,1.89183260922356,2.06281429022281,2.24721328770146,2.41278848432264,2.54025255437228,2.68493704705871,2.82493391625435,2.9731204910164,3.12298636382683,3.21723166202872,3.35140669840489,3.4563754436352,3.5536923643963,3.65071404752487,3.77265797405154,3.92923580877006,4.06606198163534,4.20011293410828
"43191",5.09777311595361,5.00024535452013,4.92357427083303,4.83909397056963,4.76391490354934,4.69865728783785,4.64579368295394,4.60471532408706,4.58010967269245,4.5528794217045,4.53583095098985,4.53352607050031,4.53907606060912,4.55221621888584,4.56516501708108,4.57769666200078,4.58008147018883,4.60304804863821,4.63233365829497,4.65432136875717,4.67018649855678,4.65292575665649,4.63382521686618,4.62972482237898,4.63491483228238,4.63532718214611,4.6131531711165,4.60358021892633,4.59509349393993,4.58190993751083,4.56767582329739,4.5597976808643,4.55391110213577,4.55120146982672,4.54697609159378,4.52910972289007,4.52030245266226,4.51615673337283,4.51266341455532,4.50257349035042
"43253",3.76115720600222,3.68531675058428,3.62158404020088,3.55106137254734,3.4915572181849,3.44203337516712,3.39813849263625,3.36077228435609,3.33452887973066,3.31005549313738,3.29367026596467,3.28505199552617,3.28266286644598,3.28366793493319,3.29222127709007,3.29395507944229,3.29163703816517,3.30278280672012,3.31152314082629,3.3242527729397,3.32873986691319,3.39385620891153,3.43982849132822,3.48100611541939,3.50512996694957,3.49227184063923,3.44443490479492,3.4231277625753,3.40891579983504,3.39138937793996,3.3735388455006,3.36143519574602,3.35172370177273,3.34724444654017,3.33990810344247,3.32431942756833,3.31348060075974,3.3018159825196,3.29055303621279,3.2780051061375
"43333",5.2250891830308,5.11409864800228,5.01565610190947,4.91604331292492,4.82486170185285,4.75279971370664,4.69035066054904,4.63903009310679,4.61258953909043,4.58644463065961,4.57052700273044,4.56542898608581,4.57784495225533,4.59252550151658,4.6172438962399,4.63774654163308,4.65360451828423,4.67517169228466,4.6886728411883,4.71205348102916,4.71470846582503,4.70529484845306,4.68400833430506,4.6824148028339,4.69589728952667,4.68614648455459,4.65850687799019,4.65232291084646,4.64849751931649,4.64601535434951,4.63635158400844,4.63635979045875,4.64402893731523,4.6568917875788,4.65651595233352,4.64625307652651,4.64335547777164,4.64295944873538,4.64037209698563,4.63593919762134
"43351",2.21854940538727,2.17357452595764,2.13349678358045,2.09367996252776,2.0598665534065,2.0318683688509,2.00608521039874,1.98560294305781,1.97281545323148,1.95237123325968,1.93790486177639,1.92655381279969,1.92170003520944,1.92027592541214,1.92122699914802,1.92490583249615,1.9295467259615,1.94180960728838,1.9548312472877,1.97887478793207,1.99845525472613,2.02928428731554,2.05033254030068,2.08191191025566,2.12054826919875,2.13889614298923,2.1391532600459,2.16223370946119,2.18677345958171,2.21252322738023,2.2356805392688,2.26116082327559,2.29844675200844,2.33417342317876,2.36404011445331,2.389182720266,2.41950245636526,2.45439460959617,2.48057436735033,2.50106368911106
"43371",6.40173187536927,6.27443756860493,6.1572500224326,6.04254610343794,5.9457595524829,5.86820786765707,5.80502814133486,5.7686300313774,5.76571928540129,5.73637282608978,5.72899811978349,5.71274951781713,5.70796018430138,5.70753989386557,5.70342113247241,5.69802057692875,5.68639805370353,5.683974757377,5.67053078830611,5.67809663166065,5.67191715239207,5.73160498710189,5.77536646730156,5.84765488331874,5.9378123136625,5.96845016995796,5.9306214201254,5.91219511979959,5.86910880435955,5.814951438399,5.76158345071055,5.71414137191113,5.68043788063289,5.64491200612181,5.60534374471262,5.56266254050895,5.52235762604647,5.48374620037518,5.44096522068921,5.39320002428604
"43411",7.84930426915022,7.69475282279855,7.55519011351057,7.42445271085517,7.31051961384821,7.21501761146573,7.1240527683074,7.05097058280631,6.99922770632722,6.91950967251131,6.86172508985593,6.80977333172616,6.76406903545785,6.72593500853016,6.68549699621814,6.6473646153131,6.60591678397625,6.56878678163885,6.52291502128644,6.49748643094256,6.46363575815914,6.43213320752478,6.39517613523921,6.36765313471492,6.35040982086109,6.3188579669525,6.27706615323177,6.24596070922219,6.21409179470556,6.18427109693827,6.15129244060517,6.12144740745553,6.09735561246476,6.07763629919651,6.05303352697969,6.02728053301547,6.00480282912017,5.98347948239995,5.95919173143403,5.93198930380787
"43431",9.34516471350036,9.15176421776497,8.98064984029694,8.81884331453416,8.67315990913395,8.55086810844073,8.49835490934026,8.56476731417546,8.72942904919178,8.84572662993918,8.99359340056449,8.80615859198303,8.65532917564587,8.53089556720729,8.4201122071089,8.3245713489158,8.23913711250715,8.17123675129048,8.10315725299966,8.05985425218708,8.01029219958757,7.96647865719071,7.9192275735514,7.8697645407834,7.82699003897165,7.76740122192285,7.68955795377778,7.60481502929176,7.51424032455456,7.42044586019291,7.31501508814908,7.21198282596883,7.1101369179041,7.01515471499226,6.90680090077924,6.79379623190972,6.68093117488187,6.56586043172191,6.44568443372929,6.33131996758972
"43451",4.20004981046235,4.11214245037316,4.03694689607035,3.96427671183604,3.89777042307652,3.84117464319716,3.79398993585162,3.75593606180932,3.736761184731,3.7113381087801,3.69870668177051,3.70071338637953,3.7129702397801,3.72760333144249,3.74567297425222,3.76270427389416,3.77993221605818,3.79803068029682,3.80813919491383,3.82871612905271,3.84360434133583,3.8606492620887,3.86717198304868,3.86450723094763,3.8762660920863,3.87034640734812,3.857100672243,3.8448914340989,3.83677511128605,3.83320410051004,3.82086375726468,3.81826347305716,3.80794322451136,3.81356784370551,3.80646465799529,3.79491150546015,3.7894646785783,3.77940710511197,3.76722037260438,3.76094316773876
"43471",5.55104177443798,5.43566382883264,5.33964485334318,5.24553535491549,5.16001407824541,5.08604109309632,5.02419111734361,4.96765233492184,4.93208531637974,4.89046479942878,4.86088818179558,4.84699663096293,4.84451448554149,4.8435403817745,4.84930318998582,4.85075058079218,4.85502029103595,4.85910361554738,4.85637039970491,4.85650782340766,4.85963735547441,4.83893957326662,4.8141108269589,4.778788544466,4.76217699190302,4.74567986968643,4.73255043355675,4.70725486300196,4.68556024310529,4.66932165003338,4.64130157890224,4.62576442057618,4.5962488175613,4.58821699706074,4.56729711126862,4.5412178204424,4.52500481025646,4.50208630757002,4.47936722643498,4.46678412610505
"43511",7.20819313761745,7.05772034974668,6.93196462120772,6.81146923626049,6.69916335091362,6.60503231738418,6.53253077011405,6.4798766618838,6.4579789413096,6.43125143391024,6.43331241299098,6.46900198670536,6.52438246350661,6.58461865352979,6.66081152923834,6.72270499117725,6.79539694945041,6.86858450249326,6.91121876078321,6.96294430028531,7.05802543003153,7.06925138885394,7.07600589423701,7.06451882815008,7.17694539948017,7.34438752303475,7.53581938042129,7.72663062075648,7.87810701938507,7.95881620747542,7.91842595551687,7.83933313753099,7.71068894323904,7.65122855516468,7.56782100320897,7.47211367478863,7.41594626641303,7.34207079147231,7.2722230169728,7.22941089881395
"43531",3.10381744171343,3.04322419572341,2.98996413149533,2.93935518375028,2.89445910742477,2.86051053306472,2.83851249643422,2.82872208381478,2.83784264145795,2.84931454297165,2.87614351105362,2.91231858414274,2.9592343507299,3.00748154130594,3.07069812244337,3.12689641582671,3.19378065815097,3.26334475960872,3.31356759711959,3.37548692411868,3.43441400747574,3.53891128420922,3.6066027487903,3.64857553672392,3.73710262550447,3.80621099677924,3.85139283201184,3.90678475452658,3.98572776807568,4.07339744702475,4.11675977846368,4.1664612488747,4.21933701078321,4.30589993461218,4.36730797005519,4.49642894673613,4.76971311804299,5.16168187736114,5.61479152420887,6.04029232941255
"43611",5.74981555003144,5.6380397986152,5.54007790508492,5.4519217662921,5.36789826409177,5.2956260182107,5.22934763536732,5.18070557762437,5.1511821776273,5.1347683772825,5.12617895974828,5.15942634979748,5.21974263988106,5.27142579265421,5.34183872935504,5.3990906371435,5.48004932194095,5.57928438621814,5.64513477997886,5.69703398459164,5.75692978370432,5.75723773257983,5.76500728197797,5.73258052185912,5.75009872192482,5.79186186730211,5.84848528382947,5.84993272582214,5.8596762465271,5.88349379062968,5.87069662598255,5.90825919867811,5.886366768841,5.92431931578931,5.92556647974757,5.89640887007198,5.91858141907824,5.90944692507022,5.89073707474684,5.92068720591935
"43672",3.45904197834056,3.3970807134094,3.34280209608285,3.29053721454931,3.2484354844656,3.21433099229393,3.19447984633778,3.18773801688553,3.20048324645266,3.21025515351456,3.22489625356002,3.21160755836691,3.20597519850794,3.19562653014038,3.1922776314273,3.18671564961566,3.19021263090539,3.19557895937873,3.20581215128851,3.20857475464066,3.21300975103529,3.22448945267006,3.23798376398801,3.23183206978508,3.24017574380579,3.26164279063808,3.28543031463777,3.29185892595424,3.29993333742269,3.31447311345515,3.31586170166544,3.33756068281264,3.33979521650022,3.36252245511341,3.37237620764577,3.36742940307578,3.38332615906787,3.39344121873572,3.39956973968426,3.42574374499862
"43691",6.39867084940148,6.28787151974135,6.18741038324503,6.0847576374412,6.00232078655667,5.92805987041607,5.84878621971441,5.76997760179343,5.70501933153031,5.65677561966509,5.60628713158464,5.56086835647505,5.52232109836077,5.48549308136684,5.46424540373454,5.43781318979839,5.43781524573667,5.45120643165308,5.49016554195119,5.51182733049776,5.55549928296862,5.62634437067798,5.72222541847481,5.7732423059964,5.86596641559741,6.01304858538553,6.15542658954682,6.25040708560563,6.34491145412951,6.45571975397631,6.53656041658805,6.66706796801467,6.76899721858608,6.89437860640469,6.980322442306,7.03865049421975,7.1560452718884,7.27759679879038,7.39246857117404,7.56333075615825
"43732",1.67182078532032,1.64093700892671,1.61221215255837,1.58246301822111,1.56020364338866,1.54724083463178,1.54299303051006,1.55121278665602,1.58109491612936,1.6190628915362,1.67881807826563,1.75281650996383,1.84295867373005,1.93436443005861,2.03965803497983,2.14177337317698,2.25636579369852,2.38017391213143,2.47476817272197,2.58645443187362,2.70291303347221,2.85281555380716,2.96652044205026,3.07438074210091,3.18603204624109,3.26581189090398,3.31458721797344,3.36929335358278,3.4209343788041,3.48146044700857,3.53590203109303,3.58457399733237,3.66202808217223,3.73353837222964,3.79202046183698,3.8383688987915,3.89597750136844,3.97102997316291,4.03733453366607,4.12044638400565
"43791",0.873978338135006,0.857523508379504,0.84279280125287,0.828180413546154,0.816138223625349,0.806744188495072,0.798861386478055,0.798209143277462,0.811139256545497,0.835917923230212,0.882876201522759,0.968824155862896,1.1020961669543,1.27603819373463,1.50244592131463,1.76005194432713,2.07625578543938,2.42959668690512,2.76901730171617,3.14234284927278,3.57386210603388,4.07647880307233,4.45476060509706,4.85235932062468,5.21597705564252,5.48609457365,5.63593315259256,5.79537033444552,5.94813939696716,6.09801898414065,6.25814413540962,6.37929875190658,6.5853311161432,6.76196223267451,6.9195166214194,6.99567132375516,7.0511710537828,7.09445013358114,7.11355163626861,7.16852708524768
"43831",0.520050995239604,0.51032298775995,0.500015296250411,0.489325880652221,0.481532461644018,0.479387075487328,0.484442142109744,0.502728242362252,0.538307685349323,0.584164547461243,0.648025043102067,0.741783260853605,0.867518107761965,1.01336785684868,1.19173682003159,1.38685848937,1.62193955752158,1.87644554554861,2.11815608393539,2.38228813825349,2.67765504959194,3.07771066807147,3.36691307510882,3.64960160787557,3.87698025466709,4.00418044817916,4.06385946425683,4.15699140603852,4.26454206138277,4.38649167828637,4.52221431646282,4.62031709948309,4.783955340158,4.9313318086692,5.0727494991037,5.17734642570121,5.27873964330702,5.38098562379035,5.47092388676476,5.57444727446244
"45192",0.934074689621423,0.91641324860688,0.900928780930655,0.883535173112006,0.869446745703728,0.85884168157002,0.854895113993743,0.860270624923132,0.880244843906575,0.915004488710606,0.968973373054936,1.04122717225567,1.13321504548579,1.23984579879455,1.36715213305963,1.50273406102656,1.64099756786417,1.81816069253716,2.0075111263049,2.20145683460423,2.39413552097645,2.58152162671862,2.76915642880065,2.99867510637862,3.25608900855963,3.50299605258189,3.6535164344987,3.83023916506044,4.00817743562656,4.1404058288076,4.2772656241627,4.43061296996888,4.62069013269937,4.7930881785511,4.95490551931529,5.02360509046009,5.15593154068991,5.30790961475802,5.44386457703589,5.51340627284323
"45211",2.11370103175439,2.0718283152739,2.03722123492625,1.99808242520205,1.96663320055028,1.94075047272578,1.92551929351549,1.92550289354675,1.95216935808067,2.01030535802613,2.10962896920488,2.25665307833883,2.41841058703892,2.57872800828737,2.74941869993835,2.89607285908437,3.01686104748938,3.16862453161615,3.31705639785116,3.43920039053241,3.4982880654857,3.54858157765697,3.58103159670282,3.64929201754653,3.75319619663319,3.84572695606649,3.8445555979469,3.88578991988277,3.94419760909505,3.98762685484486,4.0451691816053,4.11852747496198,4.22317092943284,4.36103092078729,4.48314996834424,4.49672983120968,4.55442466001452,4.6289983175971,4.70827448228078,4.75122652194813
"45231",4.76273354321885,4.6680567761853,4.59150797461843,4.50358462455354,4.43129925775394,4.36855873336507,4.31629387289722,4.27051837187962,4.23659440489148,4.21084158197845,4.19122143782893,4.19004091462477,4.20004818787701,4.21418665082387,4.24067068950965,4.2593360983359,4.27202564193162,4.29991739941761,4.33136826911101,4.35849624390582,4.36527165220725,4.35736519214001,4.33890964722701,4.337551244725,4.34650986936419,4.3523622181917,4.33569576633204,4.32949228924022,4.32659266380591,4.32012465021158,4.30827954113365,4.30303340123781,4.3040184008517,4.31699652572077,4.32055023373436,4.30326497299563,4.29759077571022,4.28947385898918,4.28242072880174,4.27295535332181
"45251",0.204169059600777,0.200001314565241,0.196667368925184,0.192934479309114,0.18966492617323,0.186929030148413,0.186638978994301,0.205315737381879,0.268832537075589,0.388368956558754,0.561901774814177,0.77221183612987,1.01735399341541,1.286744082179,1.59892511013394,1.9193942331725,2.25392382245315,2.65318499375557,3.07363996892379,3.50610823239209,3.92094615057892,4.37773769690283,4.78812695400097,5.26809848835407,5.80002728645002,6.30635251186463,6.55375209077278,6.83288455297871,7.11322008116416,7.28564274349938,7.46144785541469,7.75269770761831,8.28887482789816,8.84312604780837,9.31100807408086,9.42363096456508,9.38213933142491,9.1848747647952,8.88869431930066,8.55895164058673
"45271",5.22756366641767,5.11928996454541,5.03026291387454,4.93422668099263,4.84653330009601,4.7749802495472,4.71141261911251,4.65709942040249,4.62041891502216,4.59234192946006,4.57740396805318,4.59800712070433,4.63864101049342,4.68320680317952,4.7475798742041,4.79417331348043,4.82906250802043,4.88639266360727,4.93211001032467,4.97266381130987,4.96255849863952,4.93033860983561,4.89396839400706,4.8798478669058,4.88693418144641,4.89573434665638,4.88286764473874,4.87790348581725,4.8670370080505,4.85267932369297,4.83074321540985,4.82138144715145,4.81215713211785,4.81617512450812,4.81096122910186,4.79455538985679,4.78671553534964,4.77272291516355,4.7603006385206,4.74973842248954
"45313",6.2325139547349,6.09440451892229,5.98044699762604,5.86343748993039,5.74871701818413,5.65924589543461,5.57490385974072,5.50294303190362,5.46052619380715,5.43371224562895,5.41287734940375,5.38257679120158,5.36360786410252,5.34442307576247,5.33447887214208,5.3224547398548,5.30690646328143,5.29610644564567,5.27715949895251,5.26823792354661,5.24959746591539,5.22956640732161,5.20398824036923,5.188606091042,5.18324357086613,5.16593352233893,5.13907569039842,5.12156929963364,5.10701220066305,5.09418086056418,5.07259212525225,5.0588675084174,5.04462281116535,5.04077795811799,5.02970900054314,5.01214829050956,5.00271804816746,4.99163472646705,4.97916770494031,4.96851637713891
"45351",12.5489822149282,12.2936647666961,12.0655826157711,11.8525747775852,11.6575678988748,11.4954683525064,11.3569033867387,11.2356311973026,11.1484047467012,11.0359086859786,10.9394327978071,10.8440572044453,10.758821683813,10.6719231720567,10.5856040148205,10.4954237452485,10.3981734202973,10.3057794901818,10.2008149993536,10.1069300736163,9.99715386717292,9.89067749793884,9.76209703635682,9.65100344481523,9.55387629719112,9.42677028025198,9.26564407600527,9.12901174210417,8.98912945220866,8.85155080675341,8.70008834045147,8.5528376821741,8.42522931204026,8.29723728769408,8.1568976025527,8.00833846560988,7.86642164258343,7.73033290686137,7.58418303295256,7.43203191771772
"45391",0.949403379561784,0.930880462638161,0.911997877825612,0.8946122975449,0.879712422299969,0.87001403175959,0.867623820078329,0.877755884078528,0.90798314552864,0.949482826026624,1.01721572328496,1.10042902095567,1.19417535055446,1.30231976358401,1.42090057120069,1.5429358221325,1.66609406977891,1.80023868947842,1.92681770075298,2.07642522210405,2.20800957557692,2.36212727822448,2.48679333595671,2.64612737241313,2.85169815354756,3.00132938859269,3.07960574902506,3.21392670594322,3.33917794803488,3.473353533966,3.58079737886818,3.6995290665443,3.87694482431334,4.04197934097139,4.17056792370735,4.2869211326834,4.44948970210862,4.65249829731205,4.82057608694592,4.95128581855924
"45411",5.03962737695149,4.94045500281306,4.84597764304184,4.76069698289457,4.68544944507548,4.62410195792392,4.57742764352132,4.54781405976063,4.54484195303399,4.52843078855721,4.53259927256352,4.5402841543655,4.54765406318019,4.56392336726676,4.58146672710499,4.59575908125246,4.60479760954554,4.61722501309908,4.618050942923,4.63754735013308,4.65975766615892,4.67408287745206,4.66744445034694,4.66572862519067,4.67564728086948,4.66449328352649,4.63800015138249,4.62959487870787,4.62074748068986,4.61579721851601,4.60392036573051,4.59717068349992,4.59786752247389,4.60322405517886,4.60070663433319,4.59534390230907,4.6011798797979,4.61647912733086,4.63068568563882,4.64112290207914
"45451",2.05092739358791,2.00914841034596,1.97378419837168,1.9387450110799,1.90595029168709,1.87923073089848,1.85694586185355,1.83696307865033,1.82852310233439,1.82149904775508,1.81964787488087,1.83645424876379,1.8608105367694,1.88723356720272,1.91825433994764,1.94806434512738,1.97584342033468,2.00346128560182,2.02322770591875,2.04699955969888,2.0670547026039,2.05901873055428,2.04742102226106,2.03669022254224,2.04193834302426,2.0417083175722,2.03993850202725,2.03757338646782,2.03927806822891,2.04649826032919,2.04841071787799,2.0603367025979,2.07150059100103,2.09774209924218,2.11633156176,2.1336648678845,2.1552620180881,2.17615627079475,2.19672063584396,2.21916179220431
"45471",1.2485757163542,1.22354245716796,1.20159901099203,1.17939915466658,1.15995245626285,1.14636612592376,1.14245937515358,1.14427514280126,1.15645675817455,1.16640660605279,1.17877394256071,1.18412042414233,1.1992473745458,1.22307927271159,1.26114115130413,1.31208361583305,1.3810424153118,1.46965680265573,1.56737586899401,1.69565599856455,1.84009302878545,1.99374920758508,2.12966994929282,2.27147206082013,2.47087504545108,2.62138783588348,2.70569598790232,2.79158997251817,2.88795011234236,2.9877763073476,3.08474852853956,3.18847931798749,3.31327346943528,3.47831970302956,3.61947185089501,3.73057159257381,3.8031196496501,3.87371698674118,3.90906604616719,3.92620352605138
"45491",4.32045774678288,4.23341427115779,4.1593326708551,4.08618834335518,4.0202711689936,3.96794884071694,3.93638074066164,3.91927320908535,3.93166095218684,3.94315856966827,3.96836469674731,3.9714969323576,3.9788652583375,3.98306535891248,3.99461541224174,3.99839279090225,4.00815379443006,4.02251992423251,4.02556259088442,4.03050949953874,4.03266220601736,4.08135567094035,4.10648572902749,4.09151116434343,4.09943841884396,4.10292921552749,4.10805313415654,4.10520224546288,4.10550590201526,4.11756626564567,4.10896308037585,4.11724770447399,4.11353398060649,4.13749793211103,4.14424648028726,4.18352456692522,4.31327669015938,4.52609817920597,4.79026350158121,5.06694905432225
"45551",5.0641989839732,4.96464719880347,4.87368808567518,4.78446136708324,4.70540946994425,4.65318023220551,4.67176712056138,4.75232568473532,4.89683562099494,5.01870873763873,5.16991036937153,5.13153607320613,5.12141761271335,5.09577097537325,5.09262439697351,5.07897014725783,5.08425764512083,5.09330894943006,5.0866899506635,5.08877671350486,5.09890822109737,5.11991993368359,5.13353991357229,5.1345395915695,5.19140037774338,5.25019838833308,5.30751613364887,5.36647531042504,5.44244371232405,5.54404904467707,5.64332171748173,5.77176800322689,5.86453306085017,5.93168444784014,5.91331674921695,5.81215197698553,5.70853322691498,5.607176066884,5.51827348718872,5.45728240095132
"45571",5.22347520529563,5.11979665038152,5.03183010172886,4.94710341931571,4.86738766373284,4.8058927709997,4.74939325365055,4.69904921367193,4.66772281308562,4.63935088216146,4.62066072410885,4.61245534967959,4.61821119254105,4.61775035457725,4.63029277943375,4.63433415274085,4.65437005760254,4.67792438953149,4.69369012681437,4.69935632202326,4.76438365049171,4.82011294535514,4.8445888133913,4.8031814714962,4.79475133776471,4.79479431639206,4.807434875811,4.79981653137544,4.80064143014623,4.80948537614125,4.7996712644427,4.82190825638658,4.80932306474411,4.82623508385918,4.82595073024966,4.80804667055346,4.81697281831256,4.81890638567634,4.82171237697571,4.84576540787565
"45671",2.13987273119078,2.10218969900477,2.06934690754379,2.03803150696637,2.01277208459102,1.99245171976336,1.97381316119136,1.95849972141539,1.95313683090419,1.94754958091258,1.94623426718902,1.94908902139919,1.95672664458346,1.96321409706687,1.97373585863536,1.98424448961341,2.00014430596574,2.01814359828012,2.03579950310902,2.05215559998436,2.07261888748175,2.13395802855833,2.195561334175,2.25410108569095,2.32772624955264,2.39242004909386,2.4272584994986,2.4354374114316,2.41908215301445,2.40646488860059,2.39088817257427,2.38828203210126,2.38229023952539,2.38535442759512,2.38357254244419,2.37418949322106,2.37624755954792,2.37607840586055,2.37167928741569,2.3783418656424
"45713",7.05473004045472,6.93231312424713,6.82962163861879,6.72207385284486,6.63422725745715,6.55193640505718,6.46931659949826,6.38189157178754,6.31313575925604,6.25961826781399,6.20381708832527,6.1569718180838,6.11038786269835,6.05794905005335,6.00784135882303,5.94261001118023,5.88216875050461,5.81976021539017,5.77023972883682,5.6903354379096,5.61758225443589,5.5622478350492,5.52746361850179,5.47020233784093,5.44496688754734,5.46012729202669,5.49414672697895,5.50610189664423,5.52936909963016,5.57452615747927,5.61089551841797,5.68903088778428,5.75278540563073,5.86760858545985,5.97274456319137,6.03884088729643,6.10456348408745,6.16337684089727,6.21578549243297,6.30189392368266
"45734",3.57393227827381,3.50797315536576,3.44999913051413,3.39139820243872,3.34597660034056,3.3110143339641,3.28160131005164,3.25953583597802,3.25453803981508,3.24808110712977,3.25200043887082,3.27734828018294,3.31164666921097,3.34430286380527,3.38398204955585,3.4167284546346,3.45541172673178,3.49693540913156,3.5212861396269,3.54368573457198,3.5622662706634,3.57183716172409,3.58316490994607,3.593477228536,3.62122825379108,3.65122146646983,3.67660623865162,3.69571987499103,3.71123314523272,3.73307457042524,3.74572667391602,3.77271829555329,3.79091791146881,3.82061467427404,3.84195422131967,3.8542050399465,3.88738485684136,3.91791711827856,3.94600229660075,3.99079726058888
"45772",1.94052403528115,1.90371814531564,1.87008156900389,1.8356961498307,1.80803674353833,1.78968308257014,1.78617578487772,1.7997691006559,1.82957977614591,1.85278527226544,1.8840567594769,1.88016664490228,1.88013416513861,1.87769181201691,1.87830657643382,1.87744560675096,1.88073494187286,1.88716533729697,1.88520240418529,1.88458666768386,1.91297939781864,1.93171693864847,1.93467566130924,1.929085927209,1.93113163083144,1.93531393052062,1.94200719682287,1.95150066767223,1.96428118684725,1.98225462195765,1.99938326286518,2.0233433782839,2.04718127748136,2.07803005068892,2.10724213625099,2.13206792890798,2.16430116232433,2.20496271819398,2.24819858545146,2.2985937132101
"45811",4.04600128602696,3.96809772951942,3.89667468473002,3.82434806816441,3.76690125190251,3.72267412422659,3.68145805863725,3.6546207478102,3.64484696775335,3.62932229217647,3.62609842581736,3.63610144137256,3.66181247824889,3.68894143743345,3.72660293786542,3.76818809042556,3.82761541625693,3.89515417017347,3.94780108412124,4.00548137095435,4.09840823648423,4.32244589562147,4.5059626988921,4.68969115632112,4.85451006338768,4.95014061785846,4.97200200469346,4.9621908977769,4.91440055614569,4.84673066893794,4.77139352867282,4.71703734890055,4.6676147511647,4.6347981512835,4.6012058019784,4.5588752644256,4.53973462322658,4.51497737036634,4.48810134918917,4.47820346701507
"47251",7.59928213382424,7.44986520383101,7.32764127799829,7.19509617131685,7.08328181786226,6.98912004611422,6.89969566373322,6.82105969236579,6.75938950315292,6.71044730887612,6.66434320395569,6.6273249673656,6.60483953941434,6.58272675913969,6.57367745422218,6.56213276601058,6.55008185636068,6.55657441550998,6.56161021797953,6.56651342353905,6.56861588605889,6.57243239901064,6.56281840066639,6.57258899836596,6.59409619678537,6.6053586663676,6.59130635767907,6.59653011841538,6.60802559614041,6.61296027352458,6.60774279076737,6.61266365425943,6.62202964287015,6.64651692491882,6.65851070058058,6.65217063226243,6.65985670803893,6.66250861616659,6.66455382687133,6.66394286805423
"47312",11.3537959812629,11.1127283039429,10.8983016368274,10.6992465853982,10.498303694881,10.3381567935513,10.1872162813123,10.0596421926883,9.97058741525996,9.89922821955241,9.84354494833287,9.80105891543841,9.78578651617675,9.78090957375716,9.80881585560704,9.83425520779632,9.88983266995903,9.96497059790443,10.0222099938769,10.1194559193226,10.2636669319082,10.3649485775197,10.4523284524699,10.585274286455,10.833927964926,11.103158026563,11.3315441390367,11.6441852430814,11.9069109798739,12.0494613479639,12.0200117892614,11.8996344003424,11.7552539470664,11.6370472461979,11.5146531918063,11.3701618247314,11.2770664307843,11.2079745090786,11.1402589116823,11.0766573436861
"47332",2.63995206669386,2.58504797709101,2.53508864203199,2.48921808124021,2.44404310793096,2.40900991752875,2.37617925972939,2.34892672498622,2.3324665137358,2.31626985655737,2.30766365368577,2.30241265020848,2.30514064907463,2.31175821762329,2.32656245577254,2.34384849185711,2.36656047025421,2.39725319507399,2.4265185920263,2.46739174667151,2.50322203872559,2.54553908749519,2.58005900796655,2.63319696295625,2.70386635914542,2.75548289936774,2.78353572069603,2.83824494523291,2.89431096031749,2.95286170665219,3.00318852303746,3.06691996907842,3.15509284614599,3.2399039669841,3.30485169258295,3.34129879067549,3.38502561986131,3.43594596420665,3.47676952325361,3.50548877106077
"47371",5.26915898319212,5.16478141041112,5.06655688849422,4.98098513514233,4.89936645567185,4.83228015469279,4.77366908665748,4.72474092892083,4.69876960950985,4.66502857671415,4.64776713839862,4.65218450081409,4.66925757418641,4.6937065853363,4.72202064740955,4.74923517093917,4.77286374415636,4.80404264323886,4.81667171107474,4.84162099757807,4.87395892534913,4.8777660798346,4.85231398957486,4.83926149270356,4.8367527291858,4.81341484269003,4.77383958918155,4.75861830298589,4.7423233754067,4.73061690822908,4.71190639420802,4.6985342042232,4.69548571018858,4.6910406979117,4.67769299360148,4.66006289515944,4.64621377742251,4.63521860042861,4.6213023752566,4.6014548238157
"47412",6.73370301572749,6.59722577678275,6.46830713626232,6.35630445947235,6.25524805227244,6.1713490933734,6.09483362847545,6.03166098370637,5.9962431369491,5.94396589625111,5.91378516200786,5.89001197122799,5.86593541409208,5.85726739466988,5.84966086182186,5.84603140778463,5.84121459782158,5.8431399052492,5.83726384553061,5.8511692204456,5.8392542060628,5.84371409282422,5.83396744340324,5.84846328696343,5.8811279352644,5.88469020840892,5.86052895383863,5.86785353633865,5.87191187210736,5.87989164773134,5.88119615433187,5.88476641951505,5.9052524790961,5.92333495354562,5.93398179329833,5.93962853200637,5.94748099482352,5.96258672021148,5.97162446812301,5.96770215580131
"47451",0.0379735042615252,0.0371881920161367,0.0365369846917848,0.0359056041948225,0.0352978340655376,0.0348106947798078,0.0343601272037256,0.0339151408900493,0.0336530285710691,0.0334307700115268,0.0332412367704323,0.0438362226552712,0.0888864583799546,0.167067462056024,0.275338380129616,0.410085670383286,0.569660848994191,0.755531758094325,0.956457245968466,1.18933264487052,1.41342406077781,1.63757167857785,1.82935072116127,2.03535974218055,2.28221737366012,2.46835006007916,2.59937950057188,2.77401621249252,2.93886596763038,3.09996220201605,3.22981246096658,3.36545921157736,3.54927725559408,3.72636784725192,3.85642209160796,3.97340885484758,4.06974584345437,4.20591125620478,4.30726545426337,4.36352734411562
"47471",2.33837511651504,2.29070015684581,2.25026693751556,2.2103431191569,2.17223595916242,2.14413377036699,2.12273630423941,2.10572040578737,2.10713577260964,2.11916485168762,2.14089328088331,2.17190241355707,2.21105886368545,2.248928856424,2.29622898463323,2.33893834018383,2.3835856971569,2.43398623727964,2.4761436504017,2.519405316198,2.55292987662136,2.59492906947255,2.62837575359581,2.65523865667383,2.71206099994887,2.75088423094689,2.77816282196115,2.80645763259333,2.83561550351229,2.87234746657637,2.89126482318031,2.92346618532888,2.95612876638972,3.0072483471551,3.03388974242746,3.05497691906938,3.07862267044803,3.10407894445114,3.12132633341467,3.14008330122824
"47511",4.82148933467066,4.72648967481638,4.64508259160545,4.56470766668579,4.49235151401933,4.43529839720777,4.38795658036179,4.34828028904162,4.33104729812091,4.3129275399942,4.30434923026975,4.32438870834816,4.35650685139035,4.38943089199973,4.43236219095745,4.46493974916842,4.49863931366186,4.532720714954,4.5456143261277,4.55592789061864,4.57695702485378,4.55888500396259,4.53203920060609,4.49712761765906,4.48291957687265,4.46313976108322,4.44733751517757,4.42481327549747,4.40421281193278,4.39020191355688,4.36301368161637,4.35004531884867,4.32186000376844,4.31411400699515,4.29275816843585,4.26333981150704,4.24538774943008,4.21869567911435,4.19140867205526,4.17342032731666
"47531",8.62961415222675,8.46425379941653,8.32014093815729,8.17769712773531,8.04965308623786,7.9452402526172,7.85377269964219,7.77394188295888,7.7300440695175,7.68193356101283,7.65135271543406,7.62744586957385,7.62168016962574,7.61424732011703,7.63272263744756,7.64110636606862,7.66321136753862,7.68797511168978,7.70330106814585,7.71631544476813,7.73582952642613,7.76407420656026,7.78416031556335,7.78975020075172,7.83164543603541,7.86441601906438,7.8943233087565,7.90508815051261,7.91772913637871,7.94090690573602,7.93726344810048,7.96803599380893,7.96802909050291,8.00906992621186,8.02531218026476,8.01525961012258,8.03552758013983,8.03957916879783,8.04171223485527,8.05889885480779
"47552",4.95588707575803,4.8596897094839,4.77836893351177,4.69739836102222,4.62505905564137,4.57102773495236,4.52133069085856,4.47809414788337,4.45633829145747,4.43760309819645,4.43000653917355,4.47437685994736,4.54975940969385,4.62345491201944,4.71459586564869,4.78386621369326,4.86824530804836,4.94204159653899,4.98372419656548,5.01885372119586,5.03241466980737,5.00061321348507,4.94965103907021,4.88005791164076,4.84908657974805,4.82242013605063,4.80543926694432,4.77171843487326,4.74849672983766,4.7337461204056,4.69615939643917,4.67865279042646,4.6354076023308,4.62072257965448,4.59337123132315,4.5532065561003,4.53290967955206,4.5003872542421,4.47034533074121,4.45704557451525
"47592",5.90199911376262,5.78699665454686,5.69379088083641,5.60188193811727,5.52007239725521,5.46092426343106,5.40452830307161,5.35496262958043,5.33336018181769,5.33241104841789,5.34189144289821,5.42163614104401,5.54186403174703,5.65196060020687,5.7900799202555,5.90216694036218,6.03642190252453,6.16006047257314,6.25607372206113,6.33264292645823,6.44452136261124,6.40359896645984,6.35726905723682,6.29788398277293,6.31019393841836,6.34062811098651,6.38557644344016,6.41408047363562,6.44911813930787,6.47795208204428,6.44093399704893,6.41156167721678,6.32797116754935,6.29455955690897,6.24614373136086,6.17625859338593,6.14244474487306,6.09761198899015,6.05061928523508,6.03339239274587
"47633",4.20588653096502,4.12157553358045,4.0534161192915,3.98659117481305,3.93184506033425,3.88546365294614,3.83953855340936,3.79887504210284,3.7758714489874,3.76019348417625,3.74900366470818,3.74556601909641,3.75225263687452,3.75326233830418,3.76944549612802,3.78084259108567,3.80024273835178,3.82806070817738,3.85539572257839,3.87251925501554,3.89117114259995,3.91728630695792,3.97093381177068,4.05612983466584,4.25233560335616,4.49900071650959,4.71003361801723,4.81305517561855,4.79825034657478,4.70864649349347,4.61060298917321,4.56132492391563,4.49782372964115,4.46734920141222,4.42731015746112,4.3746172368296,4.35212822900223,4.32208873650483,4.2885195724286,4.28068600272558
"47652",2.93160631790281,2.87558488075044,2.82778950352167,2.78138499294999,2.74405298464465,2.71438135056904,2.68693854804336,2.66641537263569,2.66098303999963,2.65227750592337,2.65290642025479,2.65961628104183,2.67549263104084,2.68900978327531,2.71002059630083,2.73012971521757,2.75754680129775,2.78869456775697,2.81164972676527,2.83937317610394,2.869599609471,2.90112449203494,2.92699013059836,2.95385733311074,2.99996138664802,3.03971303430778,3.0724940656142,3.10499655335987,3.1363102535484,3.17164419562204,3.197546723386,3.23022992661754,3.26461381152512,3.30459662605542,3.34045958336621,3.36746885362821,3.40412797237716,3.44277530428058,3.47124883328054,3.5104638128092
"47713",2.23863136812398,2.19657480598951,2.15963543357441,2.12231523452953,2.09427058527464,2.07408483732095,2.06372691000712,2.0682964662196,2.10336391073246,2.15162320137533,2.23071210283168,2.33641537501292,2.46498186787624,2.6006894055262,2.7583306214675,2.91715869487584,3.09495349968945,3.28762160032646,3.43665717935695,3.61737299595826,3.82015950312155,4.01600745517377,4.15667800028983,4.3243163872759,4.52878426275185,4.6879906146151,4.79450044940615,4.92328821793879,5.04695850635864,5.22027607654938,5.40892326173233,5.57682535561444,5.805681355073,5.97050955082715,6.0790175380574,6.11540295064277,6.12425426180012,6.15063207461927,6.16463868183794,6.20226182152474
"47771",8.68668118975154,8.51795064135523,8.36465362101296,8.21164298400113,8.08569393093527,7.99072052413387,7.90107743332553,7.83298987928073,7.79579324499477,7.73451583245036,7.69667581963033,7.67499934629882,7.66687829844858,7.66090024641007,7.67199519514559,7.68558391320396,7.70839207976271,7.73449123555933,7.7289560255352,7.73643695310193,7.75819504332192,7.7722170898132,7.77284177991661,7.78893957079361,7.82118667493812,7.83873874234916,7.84892735589568,7.86392337562723,7.8755958971562,7.89437020357046,7.90217740627158,7.92421826322399,7.93283586341349,7.95594186297867,7.9650790430103,7.95904198477142,7.974483872293,7.98230422335301,7.98279546441012,8.00056191085217
"47791",1.95108458517876,1.91441393248274,1.87617548351757,1.83636459415837,1.80537881899113,1.78842122356635,1.78329305052252,1.79722642607659,1.83540915153539,1.88040140112995,1.94499680968504,2.02661864685188,2.12672470179052,2.22723792302091,2.34255301335905,2.45756163614526,2.58704006835759,2.71804814249011,2.81479750898912,2.91011822673878,3.05024387095109,3.14245664482018,3.20389964238986,3.29980195408007,3.44668972094216,3.61006315861595,3.79105334449077,4.00848574764941,4.18665625200333,4.28524466013555,4.26489968678487,4.12121306526319,4.04324077342308,3.99580072113955,3.97113781003945,3.95939580252475,3.96806790501005,4.01944469440814,4.09453179638782,4.17720188070271
"49252",0.744498838107425,0.73060536924079,0.717387939016094,0.703014636937838,0.691577534220885,0.684027714667632,0.681724464704833,0.689187037544664,0.712227562904506,0.755696861862572,0.818267798848045,0.891189885898575,0.976294089118963,1.06472701949066,1.16043578602972,1.25010910492173,1.34005921820399,1.44639584567149,1.54835262395063,1.63785057086216,1.72161685775174,1.81182137806682,1.88968182553586,2.00087410668144,2.13164869408075,2.24692735535796,2.30697865126227,2.40820327210099,2.5184820518188,2.60062476340594,2.68990028776174,2.78796411702664,2.93337285791553,3.07542934913243,3.21009558231264,3.29099957931634,3.41896163082389,3.56983526184594,3.70649588032619,3.80282508166632
"49311",13.0938433234376,12.8177397236038,12.580882985239,12.3699473861225,12.1614350232152,11.9970965863067,11.8562005104383,11.7350075427934,11.6391193447614,11.5384042373646,11.4442899611893,11.3507885223598,11.2618077500383,11.1697118534581,11.0799218993085,10.9763822724645,10.8730609137165,10.7692366798214,10.6475548588141,10.5311361585634,10.4041825002509,10.2694425036157,10.1163595837189,9.97632105053198,9.84468753075238,9.6872031992311,9.498810915551,9.33343629729494,9.17141220400493,9.01017960986068,8.84314782545771,8.68373433006726,8.53499983492102,8.39100806321732,8.24549140259853,8.09632534763941,7.96598275224407,7.84637038591127,7.73005986218006,7.61440588593615
"49331",0.571584284749884,0.56081133698385,0.548611617005086,0.536266428829849,0.524780580836808,0.51900686580924,0.522009685309962,0.541987193001748,0.587923527760708,0.658589524796429,0.756991607930996,0.862262232368032,0.9719148591792,1.07805590273001,1.1881709357413,1.28620856480103,1.38431093610646,1.48332115345647,1.56814553727271,1.65482431962069,1.73005441991868,1.86332777099123,1.94276773881461,2.00555022186662,2.07511883327154,2.11503354295203,2.11993349674521,2.1795159935549,2.24908484218201,2.32744220903728,2.39633677959146,2.47331856090554,2.59456050730217,2.70552333486317,2.80360611426243,2.87294328989807,2.95906960796451,3.05703715964149,3.13465832096672,3.18692935053442
"49352",5.47500209579187,5.36537050998009,5.26143484972288,5.17211348718437,5.08531120139545,5.01665634560959,4.95192523638885,4.89325768854331,4.85545108444577,4.81394565071602,4.78360571094488,4.77732496422924,4.78538987087813,4.79942677210207,4.81899505166281,4.83388569804673,4.84757268754489,4.86566473051998,4.86592710834131,4.87297965863117,4.88458843892359,4.83794051207848,4.78758103383066,4.7574566783152,4.74030453621458,4.71111355280759,4.67483367422022,4.64984596323232,4.62484130652596,4.60300826232106,4.57462806355821,4.54988728666836,4.52794637267334,4.51014720506588,4.48714561876703,4.46099096893992,4.4388991796331,4.41777845987232,4.39554122141197,4.37151410080439
"49373",4.40869757928182,4.32089024116525,4.23717640166574,4.16613856653882,4.09778955183966,4.04416998530086,3.99421633403405,3.95095909688258,3.92634528938147,3.89453939542568,3.87499650117358,3.85915257157678,3.84782532905464,3.84172160872135,3.83725550896036,3.83302246063413,3.83085650946684,3.83423660341369,3.82943062402373,3.83612998988284,3.83679154822205,3.84152285492871,3.83677988077721,3.84745555055189,3.8698779082427,3.8749984353114,3.86204525345751,3.86756881715431,3.8709713915387,3.87759286140843,3.87805238680926,3.8810125073684,3.89569322786993,3.9086825343246,3.91671164387141,3.92056214025718,3.92836074347685,3.94031837148712,3.94823398349351,3.9477928662926
"49394",3.26349934487578,3.19820757477895,3.13441608288927,3.079899199667,3.02941270769082,2.98976076803896,2.95766680242597,2.93776090240287,2.93846181456705,2.93287249339868,2.93965562515595,2.93388042473906,2.92877278563863,2.93104215336596,2.93504969660155,2.94068370738308,2.94797441914829,2.96252180415161,2.97154946713885,2.993317420456,3.00734827201241,3.08264190479549,3.14617357371385,3.22706552225084,3.32204689944718,3.36706730527659,3.34741351702969,3.32879783158045,3.2923826884789,3.26876763105047,3.2438392874708,3.22630096371728,3.22157590134273,3.22283568659487,3.2191932947274,3.20476257407438,3.19077794213404,3.18253432979698,3.17436683216326,3.1596623338093
"49431",1.40526398020527,1.37762365414187,1.34825438382436,1.3178961809252,1.29031835810593,1.27509445692086,1.27476910654947,1.29512050023166,1.34830762222168,1.42045539105315,1.52458356752634,1.64949110769788,1.78471889915723,1.92949420964201,2.08848326418091,2.24946674210392,2.41249773147828,2.59295090939016,2.7595693400176,2.94074667772005,3.05965178073436,3.27493131008693,3.42126395642963,3.56986155369608,3.75461262662378,3.84725272646593,3.86257720238678,3.9400593060611,4.01235941485557,4.08973580190466,4.11871186854031,4.14997998590338,4.23018506648501,4.3128300102495,4.36185176226669,4.39826867680241,4.45261718962606,4.54262748448769,4.61298984861486,4.6527557367574
"49453",0.915159077023692,0.895948244169189,0.880157239174908,0.86463514449988,0.850256337228438,0.838797384314448,0.829237222162671,0.825186281270573,0.838229245674795,0.871111165923687,0.933680002295277,1.03750421904415,1.18716467632893,1.37842106852595,1.61570739911009,1.8872705967614,2.19778441236523,2.55685495173612,2.92280800413675,3.33729321157248,3.69875790726586,4.11387290420815,4.48385074218524,4.87542776045253,5.5282051403622,6.22686645718818,6.84972799746009,7.51817983356916,7.95951811327224,8.14679123884973,8.00681627367919,7.68924816146104,7.3968105260088,7.15328509909621,6.89693844014873,6.67103428725974,6.47021199157615,6.36130670850617,6.2679077742082,6.15316693295102
"49511",4.19872291634082,4.11561796193891,4.04415527958335,3.97309367345557,3.90827934343777,3.85700122476724,3.81344143332236,3.77667843322924,3.75924185861647,3.742335531729,3.73274484978685,3.73647104149951,3.74898672654347,3.7630047203562,3.7881410891354,3.80814526292522,3.83233017493272,3.86008845791382,3.8773207601622,3.89224806592226,3.93282535629367,3.93934118506809,3.94269880158415,3.94227554103387,3.98154843092359,4.03857873873746,4.11032579648339,4.19451277093115,4.27078291062906,4.32776755323048,4.33005585057887,4.31020455809891,4.25679181103022,4.21280904783793,4.16234927386616,4.10983488004511,4.07529065726975,4.0362154144229,3.99715296180643,3.96856917768814
"49551",6.89360234041005,6.76248368039111,6.65124616333947,6.53985495681888,6.44251587635965,6.36715363065135,6.29956696073042,6.24268203541185,6.21532301028215,6.18661387633098,6.17142772485477,6.18511441977991,6.2246794738417,6.25743234264534,6.31015707555614,6.34780854034391,6.40692635482038,6.45885641133654,6.49252432204715,6.52389556470084,6.5644695888652,6.60058044193667,6.61151214336071,6.5982503209139,6.60348382492189,6.58929266681249,6.57540479019922,6.54890680222419,6.52583654946017,6.50936223148045,6.47314779252543,6.46654370274837,6.43060500250327,6.42674692152064,6.4079492155977,6.36987762123152,6.35708363143158,6.33134241259893,6.30315399473069,6.29046749325755
"49672",1.80337491154026,1.76807630058314,1.73634503101247,1.70509703893196,1.68101781406205,1.66711750626779,1.65979559105966,1.66353375837152,1.68352121308334,1.6984278492804,1.72613191504205,1.76175061184579,1.80752271288795,1.8525854997854,1.90463193111857,1.95638171850217,2.01685286101225,2.07888427128728,2.12000868384592,2.17933963600747,2.23969979814817,2.33999154300731,2.40283573885916,2.46023711544239,2.51177011695954,2.54162521833421,2.5553093655735,2.591175749762,2.62926800177124,2.67588703976356,2.71907771264451,2.75744825914145,2.81843915166369,2.87120232109833,2.92290222040487,2.96407449922518,3.01126473605491,3.06811293389084,3.11575666400657,3.16639716209129
"49751",3.41621258333434,3.3495155610385,3.28908853191131,3.22804750520567,3.17853874561244,3.14030501470792,3.1052964260173,3.07648872771607,3.06197317590204,3.0413893095246,3.02966319456483,3.048749818608,3.08000513596916,3.1134918111249,3.15774784916567,3.19709922211307,3.23728515327699,3.27514222279836,3.28655903354179,3.29432497012463,3.31472321591922,3.27539189086744,3.2368368023284,3.20795467981496,3.19459980827164,3.17727310969267,3.15972935901526,3.14210140377349,3.12804658703194,3.12081673294427,3.11148248826357,3.11597468237305,3.11420566622201,3.12367875064969,3.13093046750563,3.14004093957798,3.15855646650177,3.16936810169784,3.17326852188654,3.18565676819335
"49771",0.440221293766873,0.431705172947125,0.422920658757715,0.413899714667176,0.40675077996227,0.403114430851893,0.403136570338201,0.409109752960913,0.423752704373105,0.44203411338032,0.469351542696977,0.515073435155879,0.581740647007716,0.668076522774064,0.783534733419832,0.916281272326228,1.06899435957621,1.23586598423586,1.39115803957428,1.56071929071761,1.75975429295869,1.93713151636648,2.08020319568229,2.24826583610489,2.43096292488501,2.57673846238474,2.68410447534737,2.81453203781769,2.93328927348247,3.06075489039206,3.1829282177404,3.27540143771657,3.42569810913724,3.54975305937148,3.63533325057887,3.70180227423321,3.76917367917917,3.85785900917294,3.93988932056152,4.02164400166737
"49791",5.57823335570348,5.47021659794478,5.36847842699215,5.26687150277307,5.1833558388691,5.11956135841746,5.05942017106566,5.01547696123025,4.9949401628257,4.96470800661056,4.95086212585603,4.95200959002094,4.97014036696383,4.99204711447965,5.03263346185878,5.08019147943597,5.1424224581579,5.20679457823275,5.24445522186254,5.29130275788098,5.3870964448978,5.6512910572973,5.86992000987258,6.08480203947254,6.27278414271183,6.35450162171783,6.33429026114449,6.26443029400492,6.14658769847626,6.06187968412359,5.99063714576642,5.94159923878319,5.89990489879449,5.87210468026644,5.834546159797,5.78973840630896,5.76347203101984,5.73399585426263,5.70174630607987,5.68175917936953
"49811",16.0546471099379,15.7505923611631,15.4695303793921,15.1922158086797,14.962608517595,14.7838230086801,14.6045228749226,14.4581610133479,14.3437420722563,14.1788403912105,14.034754789219,13.890239612783,13.7645156086861,13.6340551900066,13.5050635013614,13.3873930575811,13.2753371625658,13.1598673105907,13.015269037801,12.8984159863987,12.7923901959855,12.6927387269713,12.5761377947307,12.4771609360395,12.3766468040291,12.2471047505575,12.0995483449107,11.9590614348697,11.8057083397045,11.6474908911124,11.4818845282162,11.3052363631379,11.1361317262434,10.9691560847456,10.7900387485323,10.6042602605928,10.423465900058,10.2436883837776,10.0582769429405,9.87853155399918
"51291",5.25547774850416,5.14618851446807,5.0509812351051,4.96353070327994,4.88134322801298,4.81486767778337,4.75517800710804,4.70555049372063,4.67149169239628,4.64185779181375,4.61883845469594,4.61477224588929,4.62384405573662,4.64096816925383,4.66647681145893,4.68252983477097,4.70158488408548,4.73322416465247,4.75421994998909,4.77549187538615,4.81858526026318,4.80789228097345,4.78810494143201,4.7928491799713,4.8172670932668,4.82738051645556,4.80278298012018,4.79696769787412,4.7944948381091,4.79078214708529,4.78522947190366,4.78326126576019,4.82436425565888,4.90775806811503,5.0319521685878,5.16984437940874,5.33481631487998,5.50064030776843,5.62127956833227,5.72028836073105
"51331",4.63693977896483,4.54580002632659,4.45603461635516,4.38026739282119,4.30804710841223,4.25429068577728,4.20006417130299,4.15807758211815,4.13416930807104,4.11045943492455,4.09993839578621,4.1448134644134,4.21111563564137,4.28758544755096,4.37150526768191,4.43678722520933,4.49791225631188,4.56016266157186,4.59748827264579,4.63414216541724,4.66441894081089,4.57235029847964,4.48586834906157,4.43621796765478,4.40754787643751,4.36825355256154,4.32216278170155,4.2972165461865,4.27495091468784,4.25618701011781,4.23205990581924,4.21272130620839,4.19816124469727,4.18961890923158,4.17738627809684,4.16187533676559,4.15381191731228,4.14847462356075,4.147927578108,4.14782295685899
"51432",0.892049641254437,0.874510978755851,0.855602354228877,0.837135589374546,0.820115079632027,0.81109196167524,0.812278732946541,0.831912889888448,0.882586489278369,0.957625701746698,1.06736496303382,1.19173195337451,1.32030856461657,1.45111562166977,1.58750504291235,1.71555596090063,1.84178508762502,1.97767390786485,2.09195741638277,2.21258740054579,2.30448788126304,2.41976842509117,2.49197469422786,2.5697999809851,2.68954261482088,2.75806803652075,2.77097490912415,2.83703099796263,2.89873561053,2.97052709813948,3.0183939437714,3.07589629394364,3.16870174838293,3.25427046847176,3.31701666597868,3.3622479615463,3.41326910772675,3.48829374758893,3.54561737266196,3.57121867965694
"51471",4.51839143058461,4.4233683784705,4.34276111405391,4.26981723800298,4.19848509671689,4.14190090241866,4.08830659162429,4.0414721374245,4.01497754470816,3.98924894306277,3.96908810815483,3.96087390812489,3.95738264043384,3.95611994147364,3.96216094844577,3.96466840107249,3.97080927823903,3.98292838837712,3.98945330361754,3.99683108371531,4.0019610006491,4.00100615632298,3.99332221413928,3.98440110925962,3.99150615817941,3.9887678403862,3.98059390496763,3.97439540445555,3.96770069033232,3.96652884335885,3.9554009510095,3.95303368989947,3.94809386194285,3.95408415209563,3.94953918006478,3.93933437452486,3.93423896524977,3.92753448310653,3.91766578805388,3.90868164094879
"51493",2.53311035481518,2.48203476165298,2.43766170481485,2.39570654945689,2.35614103154163,2.3265378822416,2.30110445534162,2.28181059827124,2.27525930250157,2.26651902198668,2.26249216544283,2.26563890495657,2.27641238299682,2.29435668243569,2.32229498448843,2.3551717734143,2.39817882538665,2.45377651533784,2.50751980218736,2.57486368608927,2.65054889306024,2.73469219840361,2.8011364129035,2.87730492025245,2.98109391168712,3.05276751841904,3.09266097581018,3.17061206354474,3.24492750102885,3.31960331955636,3.36602675020419,3.41985129228223,3.49444627335917,3.5691971031351,3.63565491172239,3.72761285960004,3.86170768860462,4.0312092044849,4.18480991437659,4.30597330016565
"51592",3.89525824860808,3.81670224557,3.75556597672239,3.69543041728475,3.64215766344558,3.60334767573053,3.57169333164039,3.55028666172063,3.55098198290286,3.54853159700557,3.56199541358423,3.58291443109361,3.61981036230842,3.65740633965639,3.70477882220443,3.75281134094276,3.81997811121425,3.88352187131958,3.93413227622591,3.99648616534005,4.05540331309934,4.12849210501944,4.18604951084114,4.32202511709184,4.60142308968835,4.91587913033204,5.1442386882874,5.29007230124055,5.2874997751354,5.17708560192148,5.02887436733968,4.92838653163337,4.84488462516449,4.7818034093413,4.72310847564402,4.65037575271217,4.60525638758553,4.56752399670473,4.5315458150658,4.50477465609261
"51631",2.37562301124267,2.32945897355314,2.28986127153746,2.25118832150665,2.21677930267115,2.19298983082905,2.16950645964831,2.15381862524439,2.15151656375171,2.14645441371436,2.15189593269302,2.16434190522938,2.18831753934744,2.21411750868552,2.2494145242679,2.28567375964714,2.3357387440271,2.39695854130053,2.44612828727015,2.51026249785439,2.5747868678656,2.63859469965965,2.68569964679293,2.75226641119151,2.84961669439947,2.92673449568394,2.98542596958085,3.05169212336323,3.11720671264037,3.1940579660372,3.26356187376447,3.33019540632321,3.40305112237927,3.46085286665584,3.50836603820768,3.53506608791099,3.57092991814952,3.61322081163462,3.64334276031646,3.67639318172848
"51651",3.40122316150718,3.33207776738978,3.2734787250862,3.21716559920115,3.16690502845865,3.1314391108002,3.09723537016172,3.07564932827646,3.07071712791237,3.0547524127424,3.0515308584734,3.10270552912255,3.17771779982578,3.25606694783224,3.33624112284754,3.41030730428996,3.48823873985894,3.56084885347026,3.58533065457312,3.62906422869275,3.62432038727315,3.55542311424484,3.48483346230033,3.44460498764485,3.42353038234184,3.39169321206363,3.35682179460524,3.33184340097829,3.30840827115547,3.28660332248914,3.26142591776869,3.24261696379795,3.21867403156291,3.1999341751806,3.17875597883762,3.15316727560492,3.1338766829253,3.11358088830805,3.09378834992987,3.07881897866134
"51712",5.67387234395463,5.56103392127307,5.46569266058908,5.36744573241638,5.2861325198502,5.22126037441516,5.16082101625095,5.11376728008946,5.09412817025138,5.06644281682469,5.05237214390154,5.06304794847358,5.08586621357757,5.10687109925109,5.13930157888706,5.16236454616723,5.19618020845069,5.23636980406335,5.25271113508166,5.27005216305205,5.25596969119644,5.24438225927059,5.23417312429001,5.21832553709982,5.22373260645721,5.23480688620779,5.25134210266316,5.25239635004863,5.26008397485316,5.27408611135531,5.25718860920591,5.27016990807934,5.25249263249698,5.25811866494307,5.27218063988362,5.32177913993012,5.46689606441106,5.67859279427796,5.9220939299299,6.2056580531168
"51771",6.91426976588444,6.77908633639048,6.64971264525531,6.52329594131976,6.41759894305705,6.3405044403493,6.29070939690218,6.27404075020583,6.30308573345449,6.31607352051613,6.3478707438208,6.36644189410851,6.38382785561118,6.39463943034672,6.42292811932541,6.44876094580691,6.47320078044631,6.48921096714596,6.47451174358432,6.46387612875463,6.47241988031927,6.48750494520844,6.4804074222735,6.46767668732096,6.45578381592073,6.42660160316302,6.39135199160187,6.34702837569539,6.30313471299432,6.26716202792215,6.21935530131579,6.19199056755615,6.14098412299188,6.10521651173788,6.05798471659694,5.99958010599082,5.95583190362924,5.90216640432793,5.8417457714009,5.795060995921
"51791",2.35608914226509,2.31016945312638,2.26651650401517,2.22340544897401,2.18747942780742,2.1613513926385,2.13889455470365,2.12529987650161,2.12557648973424,2.12297284263786,2.1312243774236,2.14874364473787,2.17461993887289,2.2037037479712,2.24505428843682,2.29195161170397,2.34632925257658,2.40043047182849,2.43765345560608,2.48182241939297,2.57345213841688,2.65129214141636,2.6941252222072,2.73164373052474,2.77462666254641,2.80643589610761,2.83151951633415,2.87025343919279,2.90678781922459,2.94896685308786,2.9884867173865,3.02159847123991,3.07184679852728,3.12474047320986,3.17166167094772,3.21504129423577,3.25942265203331,3.32122859780211,3.3812619555526,3.44114753217855
"53311",2.16711348896985,2.12301730826892,2.08269099565138,2.04677733496672,2.01306098514981,1.98646307718181,1.96150784983641,1.94266932194303,1.93620753863761,1.93862207450246,1.95589740366782,1.98653576112765,2.0317464918384,2.08849981812827,2.15992901979019,2.23055128626882,2.31243943327414,2.41343620173723,2.51383287904612,2.61928288755428,2.72170507950069,2.85091421741376,2.93948097601716,3.03329099196081,3.15097845476607,3.24525154571058,3.28968334716081,3.38226913803684,3.47627429985388,3.55995667609032,3.63900306592362,3.7055860268973,3.82288215327209,3.91976360848688,4.00722963802038,4.08012604352672,4.20561053328946,4.36900060966767,4.50867891898029,4.61584863031987
"53431",0.210074252948232,0.20567731994453,0.201681935645128,0.198218857190283,0.194857032385705,0.192313362830606,0.189772560665247,0.18764133645586,0.186371993788003,0.184689996653864,0.18348966836085,0.18509753805114,0.19543840514141,0.222911514318587,0.274399234041733,0.34932865631564,0.447501237620362,0.568772433882794,0.701525053713397,0.85501962888209,1.02192198213828,1.19921934325663,1.36235734895678,1.53605008099938,1.73190990472956,1.88642090818125,1.99134558635704,2.12378029747267,2.23210738972258,2.33641450205406,2.41513839274001,2.49918810577489,2.61889518699522,2.7277814207863,2.80683645185955,2.85603239762604,2.9135952495194,2.99641042609258,3.06569232028132,3.09946638062162
"53471",6.64150920624563,6.50446333934388,6.38489775991479,6.28166023963793,6.1748295981857,6.09272085388326,6.01166676999855,5.93811295367362,5.88603811603373,5.82521453671072,5.76894925301152,5.71802023212658,5.66981829143463,5.62490800953679,5.58328747976492,5.54045249583391,5.49907490701902,5.46171793276794,5.42029828594064,5.3845332741649,5.34683980067515,5.31287007981808,5.27516472117993,5.23974346155867,5.21223680627623,5.17781503340882,5.13935121764652,5.10237438524172,5.06410833164733,5.02854627532192,4.98717710150395,4.95151824087337,4.91453666723024,4.88952930610057,4.86621940707821,4.84702759246288,4.83849704488621,4.83379693086543,4.82668837746207,4.81853612313064
"53512",7.77124395837433,7.61636364176581,7.48535281310683,7.36516050045327,7.245606625065,7.15072155202435,7.06230386569204,6.99653616964684,6.9623511883035,6.90729664642295,6.8626771253284,6.7928963278289,6.7351388615493,6.68544468812551,6.63782537976037,6.59002608668463,6.54269750572518,6.4953475762301,6.43644993140847,6.38472844136194,6.32973922044694,6.26794439839018,6.20559686415251,6.1548530541243,6.10891276118139,6.0510834363857,5.98488702831768,5.92466715240123,5.86259666283278,5.8052258157415,5.74632138904054,5.69531112860064,5.64961424995751,5.61378000592421,5.58058025347069,5.54860002107145,5.526939329721,5.51213729971244,5.50310486683273,5.49344993940113
"53531",5.77837080241946,5.66306795643888,5.56397550516312,5.46818778306734,5.38056370855104,5.30658744724311,5.24140712109055,5.19404131110039,5.17752671096082,5.15679761571835,5.14692322929304,5.12514640283985,5.10955588073668,5.09159183545559,5.08397724394929,5.07040958415775,5.06333742589994,5.06183082441172,5.04946078355952,5.03452881944604,5.02517533784261,5.01121141659959,4.99494086991189,4.97634921705099,4.97479466706336,4.97367062402991,4.97411378881698,4.96586469764503,4.96095968671971,4.96446749384161,4.95018669331625,4.95163158729935,4.9427842868655,4.95397210073725,4.95765100347661,4.9680414067661,5.02674383443944,5.11766442885271,5.22521145517706,5.3378767532796
"53571",1.37057700315403,1.3427238001545,1.31989145401442,1.29714300848716,1.27669344039238,1.25902064909445,1.24213277112869,1.22781463751677,1.22075097306795,1.21438514493369,1.21253789696994,1.21688766686339,1.23175154444113,1.25342527689072,1.28973397072681,1.33245978891433,1.39056481365487,1.46358715541216,1.53200763129042,1.60325332160965,1.67987283146293,1.77602263069865,1.84128017198806,1.90718540301728,1.9972188031016,2.0709186589854,2.11788889516255,2.18549136330255,2.25019283668097,2.31717771834936,2.37515180231391,2.44419051087145,2.52116187371081,2.58911867410056,2.66132838770987,2.70553123564392,2.76261395351732,2.83576437090543,2.89961384149214,2.94069653718137
"53631",0.618267205952775,0.606698801298345,0.594887935137227,0.582541179287904,0.572232328560021,0.569012575302736,0.575633026326922,0.601681550341266,0.656419663056886,0.730553720065598,0.834633866538192,0.956404353790811,1.10014590664611,1.24645562276097,1.40641379939158,1.56504705589453,1.74514121007986,1.93898696127656,2.09537013202438,2.28552477756726,2.49113725705979,2.68361250712678,2.81790601212878,3.01285974471756,3.31454129771013,3.57175651110842,3.74042830750988,3.8814971935137,3.9302170519413,3.94189230815254,3.95762667932963,3.98170672486414,4.07838718427381,4.16397153216983,4.26176505044971,4.32415932048608,4.39841406437918,4.49419807955967,4.56981545267661,4.63304281053957
"53671",5.26158174488536,5.15429626350331,5.06331960756348,4.97633933053663,4.89843754645311,4.84087480032725,4.78294718506846,4.73838674835407,4.71622197863995,4.68347172326548,4.66500567691771,4.70736229136829,4.78180799410223,4.86148370710619,4.94913139862336,5.02956609670578,5.12198743484999,5.21304147542259,5.24683066464822,5.30262212690528,5.38787624837535,5.2921860843355,5.19634507726426,5.13683126284764,5.11022264473634,5.07106150326218,5.03319835973907,5.00009848775889,4.96954546010745,4.94449454738676,4.90907930264725,4.88867621216246,4.85362095990199,4.83132236762932,4.80404342367382,4.76719380082265,4.74246713349851,4.7123358317524,4.67974317178508,4.65684327313341
"53711",1.81725244560348,1.7814382653513,1.7502838487164,1.71838647805844,1.69236596646866,1.67440790166723,1.66112329250911,1.65657244995831,1.6697504918463,1.68714325561938,1.72029691218897,1.76687337457706,1.82724914278234,1.89288820036553,1.97271098602774,2.05397643698187,2.15321304920634,2.26500949246562,2.35306640448448,2.45814306980448,2.57826605260673,2.684553376531,2.76365024166393,2.86841176367072,3.00461726553464,3.10678595916026,3.17077248166764,3.24152753839775,3.30028472401957,3.3716586472252,3.43198081834136,3.48228059913918,3.56395067596149,3.63654976441398,3.70811371594528,3.76297851293798,3.82241868555661,3.88893556753186,3.95155743278149,4.01757686869917
"53751",3.14369211344563,3.08346928503454,3.02680464698061,2.97095355627824,2.92579240389059,2.89545291796018,2.8754026594363,2.8695007426209,2.89014289164407,2.9114956441286,2.95603393661013,3.04421663420617,3.14108265096704,3.23361485795153,3.32919153165293,3.42329609055457,3.51570094063826,3.60382926307115,3.65520719102521,3.70646575212161,3.76983258698551,3.77231654361564,3.75842498720185,3.77526418714781,3.81606011432001,3.84508168942806,3.86603340762382,3.90335053475724,3.94198329807744,3.99655394888386,4.04573807476521,4.09906072814204,4.19446897449994,4.30898319794961,4.41589611997885,4.49690258010752,4.55540110070842,4.59804401053053,4.61806296552418,4.64333332551471
"55311",5.79606841547302,5.6779515176162,5.56991769420896,5.46998539766948,5.37641663637063,5.30651739511633,5.23822365901208,5.17766172543567,5.13989709372593,5.10904066948271,5.08073914763892,5.08674457661413,5.11720749525885,5.15268912097761,5.19556931472156,5.22313615545033,5.24871036420761,5.28784817796066,5.30720508828826,5.32554455016037,5.31694048002388,5.26211359259533,5.20849808603733,5.18204250952032,5.16601067354406,5.14119982237328,5.09919975883524,5.07630982100409,5.05451710138101,5.03167542085796,5.00647525148608,4.98251014120428,4.96538714628013,4.94797616775831,4.92652585804883,4.89772111724698,4.87445481281013,4.85367698739063,4.82970047843216,4.80376154271037
"55353",2.76589565327797,2.71190326162692,2.65667877750165,2.61502179238452,2.57010874446548,2.53980737951391,2.50823843200306,2.4839225471979,2.47178207598299,2.45843826079148,2.44767742759193,2.44122540662653,2.43734879995065,2.43776195161248,2.43861480652573,2.43722567062795,2.44031780600005,2.44875278068258,2.44848169535361,2.4567959478617,2.46774989207095,2.47801868224922,2.48661745457152,2.51225421540848,2.54763478928203,2.56983676430012,2.57567923903679,2.6062730652675,2.63667899238442,2.66129126138403,2.68051461218625,2.69729503648568,2.73480256653385,2.76332926041747,2.79319260460458,2.83292074956691,2.89216903673837,2.9738021455049,3.05094590500312,3.11563444795824
"55392",1.6292711337006,1.59863719081942,1.56629994007326,1.53832217557612,1.50946926568176,1.49254553453407,1.48068004198432,1.47909694019915,1.49321057978082,1.50930965048569,1.53661613920403,1.57664834404208,1.62495290092816,1.6805179642647,1.74860572239974,1.81717731857412,1.89942098099017,1.99597290334842,2.07360298845517,2.16906780426291,2.26886285936609,2.37320548663248,2.45190573968146,2.55256963198785,2.67719450408206,2.74640314426514,2.75770645739112,2.81427040816414,2.87156218589678,2.93015779143912,2.97838204773386,3.03036402328082,3.13130350972841,3.21242518969865,3.26956899531104,3.30857876100679,3.35548249273952,3.42725419820168,3.49521543000805,3.53595518370097
"55411",12.2472924593114,12.004889463955,11.7753678576162,11.5822995823663,11.3793328462622,11.2341116959831,11.0874092593701,10.975574260729,10.9157838117388,10.831213942948,10.7725843968265,10.7531677183176,10.7512888495559,10.7555237576762,10.7739525356911,10.7895993011182,10.8112455509806,10.8481850688557,10.8217306227097,10.8429061210579,10.8811648078344,10.8190769920265,10.715701648738,10.6560542817532,10.6261904284473,10.5519227243591,10.4458594803742,10.3968203249403,10.3459439282877,10.2933198013502,10.2391964862014,10.1819253850346,10.1423254834397,10.0943734385187,10.0448307839112,9.98959115887824,9.9353105137128,9.88999818264584,9.84277243194466,9.77982088594927
"55592",5.41963046347763,5.31194812211062,5.22982748969865,5.14206518637633,5.06330077677007,5.0045360073348,4.94829015308503,4.90545152044458,4.88423261746266,4.85220712399504,4.83645868745444,4.83290980380045,4.84061527091381,4.85037104525092,4.86612090532561,4.878159618096,4.906022688319,4.93864586338521,4.9493862117501,4.97021181408664,4.99373565237768,5.00068133248777,4.9951334095977,5.00438080934589,5.03540622697121,5.05361298583514,5.0589384208444,5.07089453026678,5.08084312650745,5.09560906541919,5.09905319044812,5.11748488973582,5.13672388243854,5.16693664387518,5.19296805822306,5.19347328380717,5.20583482562974,5.22028603143906,5.2288953610478,5.2382413118448
"55711",12.8859881784239,12.6439544245021,12.4465307789688,12.2446431496285,12.0694671363757,11.9313417674371,11.7785597419998,11.6484537752898,11.5523324305907,11.4198231468574,11.3078918142648,11.1925753167315,11.0859932757432,10.977632460293,10.873628301173,10.7710035487239,10.6762201531296,10.5814476105974,10.468433070632,10.3721636588102,10.2766779102506,10.1916298910007,10.0914646266829,9.99544165594377,9.90623715984664,9.79399565663312,9.6598074935466,9.52825956466387,9.38401287809932,9.23820246312132,9.08651538771606,8.93785311009517,8.79017146537319,8.63957482818171,8.48046311590246,8.30558313626102,8.13773317615827,7.97158281708571,7.80333421623021,7.64705362827612
"57353",3.17986066972984,3.11593413362841,3.05445809520539,3.00478372630669,2.95128401679291,2.91767198901237,2.87944688353199,2.84755757558483,2.83063513342628,2.8104687551518,2.79265566562269,2.78174047086183,2.77617847362304,2.77478281446351,2.77645127556468,2.77756590990942,2.78551461982622,2.80169366244834,2.81147634029325,2.83088463681353,2.84969471503251,2.86714319039477,2.87724914314875,2.90795474758382,2.95056429631437,2.97508463259293,2.96982207713757,2.99289724732744,3.01784024384187,3.04100302765729,3.06664793854173,3.09626484823116,3.17346223166465,3.26276922888789,3.37129376744818,3.47494725813204,3.57428998321178,3.67617145782814,3.75041008398568,3.80616937338693
"57371",6.11481842998515,5.99436291280553,5.87929962723853,5.78909365066569,5.68763959696669,5.62519043562129,5.55237335874751,5.49566195713173,5.46735192482099,5.42957477992916,5.39863383854305,5.40487569528226,5.42322705050597,5.44889112164152,5.47781654046728,5.49487524314917,5.51900767911002,5.55036109625608,5.55154596602543,5.5605265534076,5.55082467606696,5.50190730990688,5.44466873482705,5.42550021499881,5.41645463885036,5.38355960317752,5.32601688426139,5.30294664463457,5.2774966020264,5.24568639505183,5.21659814587753,5.18256164881898,5.16123270642288,5.130623298609,5.10221033412859,5.07181494191274,5.04103541443291,5.01706285047431,4.99175495782774,4.95964391424333
"57412",6.36347399667079,6.24001521933384,6.12233443024557,6.02481090879673,5.91806098817991,5.84143861264078,5.76104180276922,5.69865117862159,5.66203889090186,5.61769710552529,5.58073178154175,5.56793133820578,5.56491082013486,5.56670226767399,5.57803505742672,5.58566880949618,5.59973435171983,5.62448926761643,5.61847222880959,5.63045589013902,5.62104994597876,5.61549867428956,5.5869439271226,5.57790619802071,5.5819437293763,5.56094856723236,5.51775483051467,5.50565410466237,5.50439651187232,5.51607917236583,5.54291831779631,5.57827310185264,5.63214488195165,5.6576576560883,5.65004950807971,5.60314634925806,5.55131148102222,5.5127515765845,5.47578189440869,5.43158178258515
"57452",20.9915497604777,20.5527434188497,20.1593747983592,19.8208360011257,19.4737424350799,19.2173228660174,18.9426439016213,18.703573800198,18.5298456126357,18.3306728405351,18.1452899426361,18.0093378817425,17.8947873632098,17.7710791713139,17.6397122289581,17.5017936363551,17.3522570972967,17.1993392332132,17.0048571245983,16.8318563166388,16.6437543307249,16.4524819861938,16.2364152248951,16.0561984881928,15.8941615414419,15.6880707262506,15.4492863095958,15.248432318607,15.0390062947034,14.8308759602608,14.6171559235906,14.4017624907381,14.2151119356826,14.0240963498805,13.832655463194,13.6333887998043,13.4414610705362,13.2620359076275,13.0848029360783,12.8988660899145
"57471",1.06288354399261,1.04156531114444,1.02092874539505,1.00142979310423,0.982204336450915,0.96975487440482,0.959374150576451,0.954510327340982,0.958116406025768,0.964775363819191,0.97775446757423,1.0018934974165,1.03981301798562,1.08876222380126,1.15050674413458,1.22340845471444,1.30886336897612,1.40980289366336,1.51404014899793,1.63140998866677,1.75346846068999,1.87434502528031,1.97389349634548,2.09667159748101,2.24773368015196,2.35721677150849,2.43030104574137,2.53833072374898,2.62715354480346,2.71813032539114,2.78336443038742,2.85076880096422,2.96218613600663,3.05857531409251,3.14131401187383,3.19807775577053,3.26707614708323,3.34947039484332,3.42234770836711,3.46618448311144
"57491",1.43097450060442,1.40233308046946,1.37661788216707,1.3519907295035,1.3277482786189,1.3109564783906,1.29502357639122,1.28448076808486,1.28023044394973,1.274974679304,1.27391507685444,1.28032161915692,1.29637781884051,1.32208874825616,1.35813777605655,1.40400876881012,1.46440485802268,1.538323402757,1.61821596815988,1.71705172248083,1.81623387249128,1.98210940307323,2.10603828688893,2.22228355804581,2.33155591676495,2.37076829153446,2.37081673627916,2.40904624877969,2.4387968213413,2.4847155086352,2.545675575207,2.63907088621464,2.77397906128436,2.88019749618471,2.93562126139673,2.91217789338995,2.84747492652497,2.77505336046781,2.71521203095583,2.64786783262397
"57551",2.28510627516467,2.2402573953876,2.20214519373904,2.16086617069228,2.12510092541067,2.10073318366421,2.08156802636448,2.07292908681378,2.07598441367307,2.0778306178539,2.08899549989891,2.10495652573816,2.12703875758647,2.15084996565389,2.17927870817708,2.20118776422708,2.23201379286419,2.26644125008542,2.28151486900523,2.30417206436595,2.38406333202521,2.3965672898855,2.39517408570336,2.41672174058255,2.4565667773882,2.48460527062854,2.49714418183625,2.53212459824361,2.56144223799177,2.60219861421342,2.63819686597168,2.671277046446,2.71358528667311,2.7535542873298,2.80021471635005,2.82997472757026,2.8714731924898,2.91996859310744,2.97170386622004,3.0100151625051
"57571",5.42023586551027,5.3120675731025,5.22780237934716,5.13555522297588,5.05555456490192,4.99418483224111,4.93835937248977,4.89961902780931,4.88073852054839,4.85420507999927,4.84569372921368,4.87554091219618,4.92472625012825,4.97883267540422,5.03761698495182,5.08167074183156,5.13967990999183,5.19736211167054,5.20825069754358,5.2318832050644,5.25036702046995,5.21215768608728,5.16076133761635,5.14672061305678,5.15486379995505,5.14506234263848,5.11729710976716,5.10818951903817,5.08681512254963,5.06081334932786,5.02244399713788,4.99525561406935,4.96928857848983,4.94825052414325,4.92643709515546,4.89348399957869,4.86932120576045,4.84669300591694,4.8239286677098,4.80147424916475
"57611",0.243204348820552,0.238300217536661,0.234551733217458,0.230605375065294,0.226963796440765,0.224198076025041,0.221550698882478,0.219655806504895,0.218576074091727,0.216724849122438,0.215700458023023,0.21806845402763,0.229504885232457,0.257262240603431,0.308406726713854,0.383738106734612,0.488870561094926,0.619094578747136,0.759102012548903,0.922732964749951,1.09180323656002,1.29153677490303,1.41430353867332,1.55254296975536,1.72591600987007,1.88453837879016,2.01898061304831,2.20541392195041,2.39222112656425,2.57127644380716,2.72928503461741,2.89037991458331,3.0950256499912,3.28403908310828,3.48069577733944,3.61695428954614,3.76232393348268,3.93544062655622,4.08692704430375,4.1972644637702
"57631",0.596452377590209,0.58480941372014,0.575337736327449,0.565369799011241,0.556687552930948,0.551291002406973,0.550280776451681,0.561172504526874,0.593842866877519,0.647404111011607,0.737806992934542,0.850900472762134,0.987449934102863,1.13466686978928,1.29518407156297,1.46133873690254,1.65645397544221,1.85625515669484,2.03471037537752,2.23481240598988,2.4415162925478,2.63657091559964,2.80755746530295,3.05979496338699,3.37510907113675,3.63513425395144,3.80934542041578,4.06537095096947,4.31243949344341,4.54128378655358,4.77762389558462,4.99826992721858,5.2617446458956,5.45400750017983,5.62198372177831,5.70246071226097,5.80291460937787,5.94482074707179,6.06680295042259,6.14831435949064
"57651",4.50029184571016,4.4126562378745,4.34092058962778,4.26694359925709,4.19756851863527,4.1466423615492,4.09763262417413,4.06108089244154,4.04515577374072,4.01723198632145,4.00662590085728,4.01320075647735,4.03531848583417,4.05457031141271,4.07735664300187,4.09932242636424,4.13308830482526,4.16474289024597,4.16722525275448,4.18774323946397,4.19741460423686,4.18703059363795,4.16492602765403,4.16798139253209,4.18727369543487,4.1854988121775,4.17121623920413,4.1749378734514,4.17777510872327,4.18105620301581,4.18438218103072,4.19283996973862,4.20095841262091,4.21043622996722,4.21636927378458,4.21040594003169,4.21171848912838,4.21402885832425,4.21557809352175,4.21654390063034
"57673",0.203985653575427,0.200066484863607,0.196642751030345,0.193139194858744,0.190002332422808,0.187995955735088,0.186819402427876,0.187810795783784,0.192480806322779,0.199422404596168,0.211161217233754,0.228049046960412,0.251757835979134,0.279390754920863,0.312666263186204,0.349480464733353,0.393300631108803,0.44124752955361,0.483772977122564,0.533259417516948,0.59055780132108,0.646125124287533,0.695092107059603,0.761178798217776,0.847344867152116,0.922155123858746,0.981742580425548,1.05636241052453,1.12632607616547,1.19861364009274,1.26062438174174,1.30775239062557,1.37746643467747,1.44917470000906,1.5293150724142,1.59651813790343,1.67037994286479,1.74886146041291,1.82258573140872,1.88670613128685
"57694",1.3763920195748,1.35041918943687,1.32737621292663,1.30391981888817,1.28438032393286,1.27351501673178,1.26986103146241,1.2808334531564,1.31519707190556,1.35904826187392,1.42874687843777,1.51139630065341,1.60830240533832,1.70461305518121,1.81235673677097,1.9168921973731,2.03642647412985,2.15546763894518,2.24396126519645,2.34852373962767,2.45075359643942,2.54478876088521,2.61085043793063,2.70352834151686,2.82611118026342,2.90513433416268,2.93924581761775,3.01277091682023,3.0840725122656,3.1605844715562,3.22301619612505,3.30815615106425,3.46103889352475,3.61236248672697,3.74651015175803,3.81519809297905,3.84190090122367,3.8511582995052,3.86399646383264,3.88011863724578
"59551",1.71906710990401,1.68519575824405,1.657380181631,1.62680108684592,1.60030298466373,1.58210480004266,1.5672042768682,1.56067566707621,1.56261498991119,1.5630743698043,1.57188027654085,1.60379062899357,1.64351620522683,1.68358518927239,1.7234180236731,1.75418335244874,1.79148810220056,1.8238250213184,1.83360518961973,1.84962593161408,1.85930613195834,1.85268386856508,1.82776916771611,1.81365053381624,1.80945677871946,1.79494087673656,1.7732185959155,1.76759346227422,1.76128771261694,1.75664865062061,1.75109984934763,1.74760838469223,1.74880563593187,1.75080955377922,1.75479852637492,1.75449437862658,1.75796470647303,1.76360837863591,1.76873254351951,1.770386065623
"59591",5.69553928488497,5.57986397500826,5.4894658221367,5.39236604634803,5.30740676816056,5.24288279146377,5.20716159079292,5.21630898438587,5.26341767650534,5.29243572660257,5.34214334513294,5.31562748970873,5.29823428334333,5.27492026291582,5.24931249868929,5.22041653256587,5.20632047569235,5.19155592429073,5.15117986847945,5.13012314571155,5.0996747038116,5.07571891179173,5.04393767937596,5.03255926928986,5.02829754137589,5.00781056965832,4.97834320590741,4.96193332772157,4.94092348826561,4.92086313461504,4.89683897294411,4.87884431952318,4.86283893220319,4.85314752175995,4.84414907988892,4.82637313562234,4.81756403323041,4.81323812813209,4.80867877915778,4.80367141754824
"59631",1.00132462164526,0.981628160777353,0.963975515467644,0.945250505456819,0.929276588114369,0.920954648950928,0.918947195460526,0.927216920890316,0.948671475064254,0.972299696431703,1.00922214712171,1.05669679621302,1.1182653622862,1.18521312017798,1.2611186358971,1.34038024313613,1.43825167366979,1.53882310091271,1.62282703643182,1.7206281386566,1.81628680722452,1.91760575904567,1.99325775007934,2.10748861373274,2.24298367141958,2.34216534196961,2.39471421589952,2.48288239264651,2.56794018896178,2.65215930120906,2.74345115980783,2.84493019638649,2.97346406798901,3.07579099170525,3.14678304162285,3.14368805075825,3.15936356624011,3.20086364971854,3.24331092351011,3.26639880261795
"59671",3.4554313510475,3.38914776169787,3.33712553680174,3.28381104903335,3.23353594167164,3.1930883531444,3.15213693579461,3.11573482229311,3.08797620858259,3.0501085686761,3.01710853718454,2.98353690509226,2.95562460846042,2.93201105611326,2.92012628986408,2.92632496037966,2.96009777575527,3.02303351647632,3.10124193903102,3.2256309098619,3.39320684729905,3.59779183965854,3.81191177388697,4.09577830915895,4.44557058826018,4.74606681100193,4.9706904853702,5.25569659259055,5.55098348304697,5.82008988019134,6.04124413660467,6.21800053759646,6.45344628268342,6.68099652917925,6.90915545487846,7.07859838578993,7.26975877474707,7.47817521253757,7.67254425917969,7.84134422637973
"61351",3.29637789841877,3.22972662568295,3.1662838588228,3.10763381433616,3.04732023534993,3.00739800330933,2.96271392738261,2.92401993156314,2.90171307823381,2.87686402665426,2.85230068108017,2.82879783679721,2.81054582249183,2.79027063632165,2.77231791841575,2.75388837853544,2.74051949768146,2.7317081321134,2.72176483914773,2.71970750372014,2.7142454553009,2.72119433831772,2.71818642000423,2.72283442211453,2.7339098999927,2.7454069702243,2.73905951772174,2.75852274276095,2.78011372066388,2.80057536767247,2.8438898420734,2.90207871077617,2.98399175875733,3.03913053835509,3.08060857317631,3.0889411790917,3.08272053360715,3.0919656251419,3.09755491458069,3.08979247047902
"61391",6.17074905509426,6.05301309897295,5.93559847806256,5.82821567888608,5.71623073156268,5.63924419401829,5.55642302822634,5.4895000944828,5.45097407350937,5.4122970619143,5.37808059330328,5.36431507707759,5.35974413500319,5.35742913798279,5.3648412746453,5.36865626110688,5.38406434963891,5.40852302835581,5.41512048016052,5.43116054644778,5.44654728085933,5.4400752306961,5.41625457039035,5.42331374750485,5.4494752029563,5.46069974241529,5.4297217500342,5.43073310077297,5.4280141269792,5.42017591347987,5.41637128594864,5.41249375457266,5.42713348227105,5.43101446069557,5.44143859495426,5.44399692511636,5.44901769537594,5.46359380522822,5.47591844690565,5.47456604541436
"61511",0.172918133389431,0.169279471179645,0.166190196513419,0.163217729572072,0.160194980522083,0.158024632689892,0.155688809328747,0.154196944437682,0.153878469184338,0.154744963402693,0.157636060918106,0.192984073773714,0.301839204172332,0.494855945737384,0.767515045381204,1.10887813721213,1.53726717266048,2.03148999773322,2.57856137977521,3.21284034439494,3.88927776836104,4.59112641361731,5.12827523908955,5.69537859953622,6.30876925418081,6.73048651997084,6.96206539787855,7.2475733164469,7.45376495204228,7.62895478942333,7.72092278740532,7.82693209495306,8.07518227570959,8.27201608370482,8.48564502104516,8.59926621572746,8.75412096592538,8.95062798312803,9.11684934935791,9.1709231421542
"61531",4.73491779029051,4.63855084011415,4.55577961112325,4.47356690952314,4.39293178784591,4.3372375673147,4.27872307851363,4.24164187209099,4.21924202894899,4.19615930943544,4.18509168620607,4.21239744443079,4.25004846919735,4.29425807597823,4.3359570746921,4.37361661653207,4.4328589370142,4.47891213797982,4.49247835590303,4.53161366226375,4.52178620727131,4.6283659804791,4.68397877279072,4.76564554696909,4.8498725660576,4.85568053020372,4.78683689327852,4.72699341500431,4.64681536944709,4.58317865147187,4.52818787682498,4.48464336069924,4.45145697851336,4.4260748146796,4.40087867928474,4.36578098430098,4.33271446216028,4.30060634061783,4.26751469400968,4.2308609962463
"61612",6.51162185020858,6.37943619877625,6.27321084600499,6.16417790198584,6.06496970057572,5.98592136052398,5.91415155838374,5.86381445215096,5.8364531609697,5.79153893158778,5.77160163018951,5.81282952572946,5.88675100954071,5.9717045244296,6.06146666983763,6.15022791041461,6.25675186671995,6.356570695088,6.39562336010839,6.45563218141613,6.46861821992512,6.402334976298,6.31341271073904,6.28651072366735,6.27856385256367,6.23458322902484,6.16630191240686,6.14081684634875,6.12035816780478,6.09935576661616,6.06708779443946,6.03786834292183,6.02044917796953,6.0026495698632,5.98437266209907,5.97694803594837,6.0117186892837,6.09591468820728,6.20800716935918,6.31951005147805
"61692",3.29065447642772,3.22355851185277,3.1669586495356,3.1098114484768,3.05970978267472,3.01954294179925,2.98242913328213,2.95538254054862,2.94658169729265,2.93479207258744,2.93469803996011,2.94418978975334,2.96745056402763,2.99069171021395,3.02513994533603,3.07350583378011,3.12714566121607,3.18909378803169,3.23768289576767,3.29871633177612,3.36349283200447,3.46147245181118,3.52960432078399,3.58748881812507,3.66472405457796,3.72032760272193,3.75275644117112,3.80272210391761,3.85266662792179,3.90712608505191,3.94758487731854,3.98408031110029,4.03294214542079,4.0910888258374,4.15033652543621,4.19433018111391,4.26011608782987,4.35002452447886,4.43585222740485,4.52204837541265
"61751",1.67317393991088,1.64120753689193,1.61225126856398,1.58218136654495,1.55568786613709,1.53859808670136,1.52732763662931,1.52762450469972,1.54299745143841,1.55549727058441,1.58246838690199,1.61768773043518,1.65894477952749,1.70050393855884,1.74719615091796,1.79597859703392,1.85201074999028,1.90922791986194,1.94507155594669,1.99406049743177,2.06835160246288,2.10803072796271,2.13819835381746,2.19571488511845,2.27017314991585,2.3233834719173,2.34836897341664,2.39870774341211,2.44834496365551,2.50033472357955,2.5475241665487,2.60073041708048,2.69106749304979,2.77005124291904,2.83054947066511,2.84867081926932,2.86801642289786,2.90894894688845,2.95619205427044,2.99381479137308
"63491",3.53881449792701,3.46395790167187,3.39996682233991,3.33646139323352,3.27222594379877,3.22612577754535,3.17970547261464,3.14353437288054,3.11961209358192,3.09923333597352,3.08717525880379,3.09065257928318,3.09999386763542,3.11706166944184,3.1437163292683,3.1673939710514,3.20935814827554,3.25562411191571,3.29502565725657,3.35293734249267,3.40701226372473,3.46847633378514,3.50295554104566,3.56263266354219,3.64672810448632,3.69455541066145,3.7227234981235,3.78517564689323,3.84539512103151,3.90435232566969,3.93905602120111,3.96879502361737,4.02797686194482,4.08217724685096,4.14113897774661,4.18081198986302,4.23292938373352,4.29530576846427,4.35582306914933,4.3924969811941
"63511",0.917433551368992,0.898098240494402,0.88179577628479,0.86600622207195,0.849664888707467,0.838091224633251,0.825595037212139,0.81603110363026,0.808810218305728,0.801473016280846,0.79452052637498,0.789821190832799,0.786309818866397,0.785047919214842,0.786784070298863,0.791423677609432,0.803092495871056,0.819378447207655,0.83742214636415,0.864894195747052,0.893813255095565,0.939191395040569,0.969696645982598,1.00014191524525,1.03343551883016,1.05498239239429,1.06746736385554,1.09163791076364,1.11496521105836,1.14156425638591,1.16288742010459,1.18101602183096,1.21016056405764,1.23659647030371,1.2660279819505,1.28762313278321,1.31372995101665,1.34418713244356,1.37518981961957,1.39456003311185
"63633",1.24731560591453,1.22290237462549,1.20167859350714,1.17998470412805,1.15967873076947,1.14722803722603,1.13821703148785,1.13803978400716,1.1478299232296,1.15823784062557,1.18043182706929,1.21054458591179,1.25207982930759,1.30133452216292,1.36079992109355,1.42883816634177,1.51288706509183,1.61031812207968,1.69056321852614,1.78768923273709,1.88977464494558,1.99110765888401,2.06813259330808,2.1783440853946,2.32231951795067,2.43799973656552,2.50988354295475,2.61463860810669,2.69677901024872,2.75395541871223,2.78704167753882,2.8116571231721,2.86633435627709,2.90658493373276,2.93609155964392,2.93352634309551,2.94799797499507,2.97835956465962,3.00261309316229,3.00323160327164
"63651",5.750440780899,5.63839539976905,5.54673858674777,5.45372698151469,5.36459113448231,5.3017828806973,5.23972585338229,5.19962733549814,5.18238921869921,5.14746084805089,5.13213432815906,5.14918867173601,5.18185800192345,5.21568448212603,5.24950416045621,5.2847947596839,5.32867733871352,5.36889260218932,5.36393106053219,5.37462533169369,5.36322708345871,5.30406917333195,5.2418463666212,5.21266470449432,5.1953970662398,5.15867919742684,5.11111680764895,5.08371995003217,5.05475996182867,5.02471951553715,4.99331200180297,4.9619583087824,4.93357761835717,4.90646068960894,4.87793305834754,4.84449443279357,4.81474405187615,4.78623218049275,4.75705129291801,4.7244536544027
"63734",4.74428751410507,4.64742251284341,4.56870420630869,4.48759611877955,4.4094683265296,4.35054329471103,4.29321034566257,4.25043973424956,4.22646798459809,4.18599519451375,4.16138091187522,4.1438411426831,4.13284817686861,4.12482752949322,4.12735218028403,4.12945561500928,4.14122388447005,4.15641032319471,4.15342978932106,4.167035566354,4.17917038693474,4.19287737778654,4.20133700402093,4.2399927555589,4.30201820772683,4.3492791225697,4.37712564236054,4.43415640445644,4.49294424434379,4.5518817681976,4.60762351035204,4.65858008726847,4.73259724243277,4.80109362733917,4.87419747528604,4.93595450333549,4.99706025060021,5.07310346270585,5.14150243193937,5.19508798278165
"65431",7.30444962598774,7.15387520797899,7.0283771169903,6.91118478665022,6.78459454607007,6.69504278897641,6.60249134749686,6.52608288795122,6.46804820651978,6.39977187619742,6.33586282318674,6.28061980295713,6.22641023474545,6.17755302294259,6.12694710144781,6.07387650557293,6.02485256928999,5.97828699297416,5.91561600036674,5.87526644098375,5.82986634787063,5.7839914398715,5.7270529275543,5.69378609041074,5.6614799755128,5.61460008497216,5.54437640098269,5.49834953429583,5.44783636593177,5.3926421012103,5.33853631144823,5.27931702163485,5.23061286925628,5.17562922602101,5.12575378552809,5.07198517729662,5.01873861650162,4.97120349238891,4.92483206324381,4.8727099239562
"65491",5.2733434810671,5.16353566331204,5.069768005683,4.97603723167893,4.88112239782539,4.81325029905887,4.7451953716983,4.6917819014898,4.65341290206137,4.61474676139079,4.58544449201409,4.57757903019198,4.57188275183488,4.57347624888458,4.5833797362205,4.583986360315,4.60112981624085,4.61902120150225,4.61696217038311,4.63185626022821,4.65189677800004,4.64776736480845,4.62361551035797,4.62713639429775,4.64742029527594,4.64546706644776,4.62505604051637,4.63317629850179,4.64047527266245,4.65136445552134,4.65544525563594,4.66026127400373,4.68063943480209,4.70022324858627,4.72416306208613,4.73700629856398,4.75701586560615,4.79527711806874,4.84090715906965,4.87135090665015
"65611",1.1066691140271,1.08424633988084,1.06312962601942,1.04068548183322,1.01919821303593,1.00518622113363,0.99625781602744,0.999255495396165,1.01660109401266,1.04369644916099,1.0910788370761,1.14450819945611,1.20456260456357,1.26196564364551,1.32335615568177,1.38350711204426,1.44832689655342,1.51250275673479,1.55219239542055,1.60014648374753,1.64007780160449,1.68265933355447,1.70477083558188,1.7511535579082,1.8073409087332,1.83644981647404,1.84015769963879,1.87060176262221,1.89601121140472,1.91848921833263,1.93301899798484,1.9513094691824,1.98707016555426,2.01556247290538,2.04574129920568,2.05856099367664,2.08204522584842,2.11258874498696,2.13596269688084,2.14461419826634
"65631",2.2520995981008,2.20781157476884,2.16996432797585,2.13212974398426,2.09554915288948,2.07085645839312,2.04769319099906,2.03430362006046,2.0312847092554,2.02363122492938,2.02826333230218,2.03846144932158,2.0587400106031,2.08451571474316,2.11938304430102,2.16385724426669,2.22364925270926,2.29456637044119,2.34771168773713,2.42561755032198,2.51169282647792,2.72550264437016,2.86824303663705,2.96888054192558,3.05645968889476,3.10908689087616,3.12477954714628,3.1879815779143,3.33857651068802,3.60011128512912,3.93652600990386,4.28317339996514,4.62288632339274,4.80520582549368,4.82097148172708,4.64951477856574,4.44724058180249,4.30358790249385,4.17946487225527,4.04570372787769
"65691",3.76892257385436,3.69369132128328,3.63367207964987,3.57130166943943,3.51160498614875,3.46889794276063,3.42561271399078,3.39510425790297,3.37746404606511,3.34806530389028,3.32918892119716,3.31419197827445,3.30378966536733,3.29513680347539,3.2885526633088,3.29108026375469,3.29899657049223,3.30975049986001,3.30598834164324,3.31818996411726,3.33366078205312,3.36245978623172,3.37986453318495,3.4146848357578,3.45555610956325,3.46616382768195,3.45493487753842,3.46654229933117,3.476518549712,3.48475748093119,3.49357183176494,3.4978636915598,3.52167772895146,3.54066037787184,3.55536333446554,3.56501079117226,3.5774027233141,3.60010437095661,3.62426478640367,3.63850182434525
"65711",0.851488324469539,0.834735959980263,0.819655420361219,0.803656545557149,0.788530390462973,0.779029074695341,0.772173076938552,0.771952450778168,0.778901322593671,0.785409702743984,0.798863251259923,0.818712068060557,0.846855380593874,0.881912584454613,0.926322828802719,0.979898467360762,1.04403218932415,1.11800292978274,1.18555668833717,1.26332087601462,1.34275817254603,1.41883790140931,1.47572856494862,1.55116068204304,1.6487821704505,1.72440763275577,1.77840545402236,1.85607746725242,1.93670221958249,2.01416977093654,2.08274120409267,2.1475964235738,2.24103722829886,2.32530796609557,2.40020418033359,2.45343583791732,2.51136992339793,2.58659469541452,2.653690205297,2.70434030929982
"65731",1.05479277399498,1.03381115809004,1.01557564458913,0.9960241942964,0.977340035437422,0.964747126699394,0.955449307984928,0.952929363669711,0.957267579253332,0.957445101893584,0.962425381863465,0.973037577884954,0.997069314928475,1.03732855885631,1.10335934525172,1.19008750826844,1.31096729716922,1.46403303213927,1.62787277288129,1.82193899616747,2.01827431747493,2.30871323108016,2.52523490289638,2.70801123154406,2.87615776355747,3.00051796891868,3.07344825307536,3.18769002023247,3.30697089610857,3.42554053520483,3.53268921767065,3.63585141947005,3.78693981507952,3.92672110232658,4.07142990449087,4.18869220542496,4.30270327145098,4.44323208752486,4.56529312199739,4.65571328229705
"67391",7.77306308739341,7.61220850398315,7.48288736587714,7.34895326315518,7.20287115529809,7.09639664545412,6.98863827050239,6.90140762467061,6.84676006887834,6.79292612415017,6.74387155596298,6.73482596462236,6.77164976780803,6.80594481390317,6.84320828832582,6.87107492481729,6.89007030450548,6.92146081738829,6.91106709845454,6.9229430028287,6.94224836915326,6.90335984229205,6.82262965511841,6.77900580216271,6.73074058900598,6.68371508028697,6.59557538970922,6.55763245979902,6.51978390605665,6.47818119055115,6.43860559823284,6.39795543900857,6.37207713759064,6.33177044948129,6.29859393011627,6.2590681869325,6.21531853373536,6.1774043011454,6.1348837174148,6.08415718769923
"67493",4.60218111451389,4.50906573675997,4.42492897944694,4.34523738438267,4.26315702228529,4.20547306395474,4.14631892811435,4.1047762829863,4.07872718650843,4.04978160414055,4.03087466500474,4.01060010678906,3.98552303380667,3.9637687608634,3.94553880502474,3.92056897284673,3.90708228771892,3.89405043835724,3.86787621614755,3.85373885711386,3.83726161007242,3.82972216166029,3.80924102191854,3.79766675971164,3.78957908498128,3.77123338353864,3.74124587870279,3.72832683875074,3.7144260518927,3.70078157520253,3.68557173669117,3.67138042004941,3.66333992978914,3.6563305369853,3.65092769066474,3.64021836425335,3.63657309113179,3.64132827175465,3.65139566039389,3.65657249744245
"67574",2.78310061142929,2.72563073626475,2.67107548314813,2.61831530552835,2.56596942674327,2.53103203894362,2.50066353931462,2.48455268103096,2.48160565573678,2.47929931658325,2.49162739844432,2.51400643993793,2.54118269095501,2.57156910367919,2.60850116521723,2.65010422606124,2.7113512326096,2.7733129889148,2.81906950646839,2.88471125075275,2.94491343373265,3.01009255941533,3.05470692469395,3.13735201468084,3.23935509875355,3.30779767387864,3.32156996899071,3.37057184685068,3.40818024039969,3.44247609129746,3.47216896848819,3.50311158722138,3.56654873664685,3.62512188947153,3.68792555783828,3.71555031987274,3.74101967074168,3.78280661985929,3.82132115213879,3.83376149431006
"67611",3.95450446482447,3.87430836304564,3.80625559655034,3.73848835330583,3.67167701360684,3.62373788329749,3.57917726758019,3.5483248430289,3.52975429320663,3.50153074739487,3.4873985331544,3.48137490155171,3.48252094698119,3.48099247409362,3.48314914445722,3.49074968048268,3.50336555934203,3.51330668455249,3.49732296248938,3.50742280235597,3.53399621151349,3.53162872874222,3.52274549939702,3.54612388870637,3.59541119752883,3.68709767915205,3.79226235331444,3.95856860642394,4.08514474174862,4.13696649297711,4.12043903789577,4.05270431131067,3.99025805895386,3.92550817258542,3.87934212169113,3.83146078645559,3.79148614497926,3.76409282427841,3.73966692122447,3.70550603761312
"67631",8.46921291880537,8.3045424598105,8.1650772461271,8.02563659620136,7.88440998930499,7.78389455048999,7.68311965228879,7.608792185648,7.55979645111252,7.48579434015433,7.43780014836954,7.39110073717125,7.35466050616946,7.31176857918036,7.2763022990673,7.25111961041781,7.2375323703394,7.22586720020064,7.17221357475018,7.1622920094127,7.14393453811418,7.13105270939816,7.09836463656415,7.10813727110234,7.1273074723168,7.11575518021047,7.06768042496841,7.06566159379746,7.05530341408612,7.03857846751636,7.02807301190316,7.00553447139509,7.00647121845447,6.99328419519419,6.98956937739792,6.97776626885537,6.96690613694747,6.96616055249456,6.96541357290691,6.94433424786578
"69553",2.03478354249725,1.99298719480829,1.95323957799475,1.9146384928095,1.87524726820599,1.84956714200666,1.82747747199305,1.81806930929187,1.81929018760675,1.82113426774466,1.83744270913314,1.86913406157733,1.91414639395189,1.97432155687027,2.05791204282226,2.15850269786963,2.30055261376655,2.46436503790824,2.63129585872831,2.83819535436651,3.02721179190037,3.40781284735584,3.63590198005376,3.76976981587435,3.94348280291576,4.08574946587281,4.15769114536652,4.3323378093621,4.49447804074151,4.70581623042024,4.8606305248858,4.95007491615124,5.12939679088276,5.29962664131132,5.47172794603301,5.73951569202551,6.24660994097558,6.91248895337385,7.48732867772397,7.93793140636304
"69651",5.83328669963835,5.72358861088173,5.63227900922483,5.541027064763,5.43978703492739,5.36983041092823,5.29983096346435,5.25311421207902,5.2276838586191,5.18448467002611,5.16129104005407,5.17088817288746,5.1993668129659,5.22045157133707,5.24753951677154,5.28175155286617,5.32401808146319,5.36068066437791,5.34391864892224,5.35858878182046,5.34974943694004,5.30268246210856,5.23764364103325,5.21901604133858,5.21280480054526,5.17818366379278,5.11581807349427,5.09052801760736,5.05962229922213,5.02519232046122,4.99790496071081,4.9573438722839,4.93541985543373,4.90136506941197,4.87213492715837,4.83891237237927,4.80088455597863,4.76836476847774,4.73630715969217,4.69047145060242
"69711",1.43694104267171,1.40842941186044,1.38545038048083,1.36024723954932,1.33535401790102,1.31871320939208,1.30234972226712,1.29332726303559,1.29001280443352,1.28073536973696,1.27873285572551,1.28090883519607,1.28971399249418,1.30034373520354,1.31686131479765,1.34168789144839,1.3770083682355,1.41837007194833,1.4542445948485,1.50379649335936,1.55343488175058,1.60953607338425,1.64478858308986,1.70253694142602,1.77823206100652,1.83430690602321,1.86886144691686,1.92636904707566,1.97935746322018,2.04483037419071,2.10663829789916,2.14606636669514,2.2000288690058,2.24556650991923,2.2945894067118,2.3332088853575,2.37558207631321,2.44923248472458,2.5228862026866,2.57453258414822
"71433",6.25920403977433,6.12862564432195,6.02327352720491,5.92061683220572,5.80629213842279,5.7176700906803,5.63123060342274,5.55327946184447,5.50610913371554,5.46173753785631,5.42356702855964,5.40400234588361,5.39269118664308,5.37570003225393,5.37014827648384,5.35245444265519,5.34710443842758,5.35362650272151,5.34028220593385,5.34061373087632,5.36650412956928,5.32329611532493,5.26661349927446,5.24434082215411,5.22924492603844,5.20969329314292,5.16534969005215,5.14996673514756,5.13290029788817,5.11361342103185,5.09185040848547,5.07360996003139,5.06399842863903,5.05019659299132,5.03861517947511,5.01752306674904,5.00129917622294,4.98929154222537,4.97684844661689,4.96175719857849
"71492",0.59388309740929,0.5822432811283,0.571254299735882,0.560622661293365,0.549491868115686,0.541875971653296,0.534623590930123,0.528656973180695,0.525038206457294,0.521153130018814,0.519068026444893,0.520774734952549,0.528802573664111,0.546300697499161,0.580707044751079,0.628276554816677,0.70123754072714,0.791598211755971,0.895603015925517,1.01043416150375,1.12443324519195,1.28240260529816,1.39050980638507,1.47172011325067,1.56774185433693,1.6519901070306,1.70266982378533,1.79296060506963,1.874021672573,1.96686816343306,2.04255385901186,2.10423529267841,2.18069667000645,2.24949197853452,2.3231391087405,2.36748083747074,2.42198707839168,2.49210213166497,2.57150914888759,2.62277441314638
"71531",6.32277847667436,6.1974455827751,6.0825208092707,5.97351484114524,5.85908718646622,5.78003314568116,5.70235645867629,5.64119824726915,5.59789447507754,5.54251653508597,5.50597836980538,5.4950341906823,5.49021462890898,5.48676574901192,5.49663249167771,5.49399267522045,5.5140111529175,5.53024107113579,5.52112403628452,5.52942179288916,5.52730340635891,5.51951796205315,5.47316238789906,5.43755538682495,5.41570837198483,5.38378344005179,5.33429276778534,5.31773739112185,5.30098685690946,5.28293913441064,5.26312755365292,5.24345771812826,5.23488157037038,5.2267431120203,5.22093664698747,5.20688987104472,5.19579399173351,5.19634641045776,5.20443296465588,5.20456273508549
"71553",2.73872747101148,2.68394330719917,2.63350257501202,2.58486638299569,2.53391840702677,2.49923400731435,2.46535606186696,2.44155047433521,2.42602485783716,2.40558188404523,2.39580092271764,2.39390576795164,2.39328229714129,2.39125554420747,2.39323627588349,2.39501437225836,2.40667594709447,2.41592104775026,2.41422143091808,2.42534601362492,2.44512860634398,2.45277264380661,2.4369086831757,2.4427646723688,2.45775451395179,2.46875169751034,2.4665066226167,2.49412613339582,2.52406870574121,2.55307279045656,2.58899964475103,2.61324969882147,2.65654895490505,2.69929726446339,2.75054237885044,2.79093992291473,2.83414349426633,2.90366895995546,2.98465935849072,3.04516488715719
"71591",5.22167925060389,5.11603630834701,5.02188081975093,4.93381992034771,4.84319130461507,4.77749881076889,4.72651556175536,4.7229451971437,4.75141691762937,4.76500255402834,4.7926567481543,4.73942525751265,4.69044702637801,4.63714900647628,4.59144849937331,4.55395926000894,4.5256432592134,4.49192039870063,4.4359401882435,4.40906299041004,4.37541332162203,4.34450079657506,4.30232471349127,4.28515645720286,4.26742429150064,4.2346133293548,4.17877776546531,4.1498043942912,4.11662810366477,4.07898381653695,4.04701659150281,4.00467275636041,3.97486785854478,3.93542211543037,3.90309154650142,3.86951722438626,3.83456685964301,3.80872126514891,3.78930931899448,3.76162637913006
"71613",5.25490544180134,5.15223693161079,5.06642475506257,4.98383419022655,4.90076067788931,4.83945238150783,4.7875406238995,4.7597092978944,4.74986481378868,4.72132429132071,4.71293829806195,4.69330274836852,4.67912378636822,4.65764213066004,4.63770690896545,4.62749943790012,4.62460067744017,4.61533947410891,4.56810112933792,4.5642752634245,4.55798962334595,4.55275628504954,4.52274966858629,4.53610126554612,4.55127655767551,4.53795416522705,4.47598271227819,4.47393607339584,4.46407754043859,4.44721835103276,4.44601972998043,4.42052455647808,4.42906778030141,4.41529694229175,4.41804512412057,4.41546305993405,4.40875331469043,4.42264998198355,4.44610883944872,4.44586137741785
"71632",0.251244306708815,0.246596756101673,0.242135438491774,0.237504987894996,0.232813898623583,0.230175630955169,0.229442567695882,0.232330744848517,0.23979865781682,0.249975285405269,0.265829275503546,0.286099278117146,0.31084490006773,0.337430430954244,0.369348341422661,0.403693108338193,0.445136059065539,0.488827470876929,0.524690701751375,0.568328896548136,0.620250782719101,0.693436437582798,0.7707801888233,0.870665848750351,0.985550183903832,1.08428654794038,1.1508560197626,1.23882838740807,1.32216568338622,1.40367662473879,1.48529336499941,1.57218803083934,1.68974020667143,1.79592469908717,1.90590307191582,1.99025318827039,2.08304354644126,2.19536604803506,2.30086914534771,2.37092833641027
"71651",1.80855208931177,1.77305401243656,1.74449673556238,1.71524585786075,1.68273311388178,1.66095052603766,1.64053617615587,1.62930413306171,1.62731083183554,1.62166319383822,1.62695758321867,1.63961161304717,1.6586669858043,1.67760055947847,1.70374229917383,1.73723921068852,1.78493146203293,1.83398863892256,1.86909250630663,1.92334966962581,1.97329059155432,2.02850997369176,2.06519143982905,2.12486066830383,2.19895263650053,2.24850035515228,2.26396174339876,2.31106270959328,2.35235224913672,2.38908772209472,2.42319951227017,2.44723349325463,2.49714561530183,2.52827678651537,2.55862025359294,2.57201929892716,2.58569345439094,2.61510421809303,2.64291504228193,2.64699752122561
"71671",5.42012342214227,5.31384572467022,5.23213113911828,5.14646107208118,5.0471568088453,4.9817357315189,4.91517746139731,4.87247972033842,4.84621613348019,4.79663195908115,4.76390207619647,4.74403207576894,4.73227747082625,4.71048553661906,4.69421317841269,4.68895906998743,4.69807338926787,4.70001154984194,4.67514930405954,4.68161189776047,4.67104643568413,4.6718243780957,4.65207956370597,4.66866679118187,4.69180168930008,4.6845062794182,4.64558586844125,4.64487526353345,4.63694236696267,4.62079660125065,4.60922698697777,4.58082673809024,4.58109696858238,4.56560535613597,4.55907934262895,4.54963005010033,4.53378846159822,4.52994573966588,4.53013745232904,4.5092548868596
"71694",17.0075949696248,16.674223975304,16.4187426502228,16.1359977409071,15.8373744574287,15.6390298298439,15.4339255790092,15.3008830094512,15.2153922063568,15.0493457823769,14.9390150091634,14.86051148902,14.8077850166866,14.7240016240217,14.6570686941668,14.6245143345514,14.6338799085026,14.6237450999288,14.5320790656498,14.540823867074,14.5263555112576,14.5165579035665,14.4446485044265,14.4962153573296,14.562564691366,14.5206620797797,14.3723788763723,14.3559360902125,14.3249070203323,14.2809268981831,14.2700531846829,14.1911425595201,14.2208266541926,14.2013958672277,14.2182335140348,14.2248953608058,14.1958507649263,14.1990418910909,14.2064558406716,14.1383968904357
"73453",6.61926224098781,6.48783872810474,6.37140333885739,6.26021276174412,6.13793363028668,6.04776239963916,5.95628729502247,5.86403340012271,5.80759081690067,5.75764550685334,5.71235115990413,5.70692513609211,5.71379097073847,5.72499958298585,5.75019587408265,5.77213645062728,5.83195326896111,5.91268226382314,5.9903907357002,6.06720025209162,6.13739875815563,6.22225436801543,6.27359716429842,6.37204543011902,6.48797423716148,6.59637818137326,6.63320330620325,6.74723458318271,6.8563367443705,6.96459211776831,7.05135991679287,7.17608747990521,7.34878215143415,7.50021617993343,7.65173700657193,7.75517840962061,7.87589957372313,8.02732765223967,8.17866443836737,8.32548264231659
"73471",1.85617894235191,1.8196771279566,1.78551225678849,1.75285849098619,1.71639626088224,1.69033473176404,1.66580509014872,1.64337910861286,1.63287931304913,1.62522518423885,1.62268798603209,1.63232837362813,1.64676053510809,1.66399494124782,1.68993316147843,1.71367702955409,1.75491124379342,1.80370425827907,1.85376528486614,1.90185555706275,1.95105108522259,2.02028293195743,2.06404932293683,2.11240140329113,2.15972830985275,2.19895793090635,2.2074698672597,2.24776140566769,2.28353417481704,2.31718576373214,2.34234327123985,2.38047064240903,2.43569666543211,2.48553990123378,2.5339170705619,2.55890493095423,2.59727208322701,2.64631329081681,2.69692837421542,2.73757004404341
"73511",7.21190637581112,7.07203715045,6.94417144760386,6.82039230908708,6.68946739080992,6.59789908265828,6.51111452110148,6.43533118040435,6.38712435431917,6.33068179206598,6.29251540312747,6.28166372877775,6.2767381299811,6.27233255859509,6.28828648607928,6.28400301384621,6.31106999027778,6.33757121900559,6.3436811491954,6.36180839258658,6.33765043279462,6.32416612022,6.29392585093545,6.29583385350435,6.31511777266362,6.31826542174899,6.2837648956203,6.27502302504435,6.25717827637943,6.23931090909401,6.2168403296325,6.20178420733522,6.19806119746137,6.19623244583652,6.19165746341079,6.17236464532159,6.15990241420836,6.15167943191847,6.14542069335108,6.13242632536237
"73532",3.10425869797225,3.04554509757042,2.99092747259684,2.93698368352015,2.88012933622419,2.84053973743974,2.80678546427075,2.78563949265185,2.7871146886455,2.79294534468851,2.82460607592126,2.91903699713179,3.02561206900219,3.13029925286121,3.24782381452475,3.333184672113,3.43839289513365,3.53149875783738,3.58119865475753,3.64347989026826,3.67665515225055,3.64892172401766,3.58956611337117,3.56995300962469,3.56707884168788,3.54940479413261,3.49482973040168,3.48813644228952,3.48110024496062,3.47275461002862,3.4632961682368,3.45820344484159,3.47364481339661,3.48569577157293,3.49893618893237,3.49752576426957,3.50011704337023,3.515035295152,3.53328111225429,3.53846507159
"73612",5.21264827367898,5.11098537472405,5.0262673704091,4.94395387096442,4.86264353188402,4.8015495836792,4.74407244170526,4.7067197383439,4.6823994011139,4.63892445034251,4.61160148670533,4.59179935255312,4.57892621122373,4.56250801879104,4.55030457517362,4.54890566679847,4.55615559870083,4.55557296546665,4.51723825899541,4.52054494699631,4.52580717296327,4.52596665807918,4.50061813904915,4.52010074431562,4.5402973735915,4.53164340424645,4.47655029985928,4.49073377443135,4.50112204327962,4.49597911869145,4.49325562809504,4.45273491108212,4.43284021970015,4.39065483268447,4.36567891074514,4.33763468976057,4.30164052381364,4.2774151375397,4.25773464892839,4.21831972046925
"73631",0.459146576481659,0.45012481301735,0.442914801360679,0.435696879797753,0.428319432559517,0.422992578101158,0.418236227104093,0.417187124111299,0.422386043352872,0.433369242109836,0.457210337663425,0.491812980903136,0.536824264589156,0.588028551843371,0.64981380363237,0.7187176148885,0.803319919095667,0.891793519615496,0.968289925130279,1.05990584377738,1.14983204002759,1.25449148876423,1.34635701929791,1.46315631360638,1.59661066004702,1.70379594069178,1.77324644905666,1.87393398292614,1.94901133019065,2.00304948597528,2.05200042132077,2.10117702030632,2.1891766039454,2.26521308228023,2.34689645056601,2.40249982447068,2.46660875337157,2.55238290444449,2.6330235662331,2.67799292917377
"73651",5.90649828115594,5.78731106046858,5.69315543166425,5.59704386869884,5.49342647429511,5.42215522696573,5.35730817408444,5.32478239959157,5.31392942363149,5.2803962551703,5.26735771509756,5.25327269273429,5.24037447070543,5.21536316998832,5.19349389659055,5.18423512113365,5.19369526019386,5.19407347121232,5.1546705314513,5.15795394565435,5.14318598440499,5.13289564515221,5.10268757245516,5.11754385145831,5.14653349938728,5.15024882622513,5.11456954834901,5.12002443017193,5.10887891070768,5.08990646073957,5.08215301677367,5.05348679496865,5.06187408881377,5.04833202898265,5.04643398268785,5.04032938263107,5.02568302249992,5.02559887716211,5.03147480000887,5.0089424115441
"75453",4.63397926650118,4.54305761507841,4.46315845903779,4.38685782371108,4.30260867779515,4.2403606968124,4.17741657121461,4.11516222779301,4.0742256060637,4.03373688889763,3.99434922827031,3.9868442889122,3.99243417338601,3.99728367805476,4.00783239526524,4.01058130993393,4.02919881163551,4.0524836961732,4.05623916641891,4.06042702239153,4.04681539630104,4.01338023188847,3.96542178565159,3.93953113413503,3.91914252344537,3.89680707767496,3.85830536204199,3.83950197140151,3.81961587874109,3.79983309771392,3.77720795687604,3.75727342836979,3.73992211150259,3.72207867313254,3.70210955641591,3.67593162238088,3.65259028077764,3.62858286784773,3.60339370497931,3.57933534693424
"75491",4.79726206398811,4.703215802203,4.62017491238641,4.54138901855216,4.45498012790478,4.3936246337903,4.33336151832107,4.27611589086469,4.24006318407085,4.19868278645478,4.16336147330838,4.14373986699275,4.12527946333553,4.10552694671938,4.0952194742028,4.07588101527723,4.07473504977596,4.07759656168437,4.06536411021777,4.06669622451782,4.0649334340694,4.06494711883481,4.05366628068348,4.08334136086084,4.16760101084493,4.2887293525481,4.37858405117416,4.46759055385672,4.47642107088851,4.4147548988792,4.35311064435942,4.31132008994616,4.28872811717241,4.26724057200286,4.25382324396677,4.22730985815551,4.19935169554789,4.17497706965457,4.15234670103905,4.12741019379905
"75571",6.75862590192663,6.62786429833561,6.5092532437933,6.3968816368602,6.2831744281356,6.19732535664453,6.10678813525367,6.04494843616454,6.00910090448614,5.96038818949709,5.92631149690422,5.90010443384601,5.8755006656447,5.84654994111145,5.82845583454551,5.81465238758503,5.81068371122968,5.7999804712812,5.75437056013632,5.74247113144765,5.7122577792554,5.69341326621115,5.65258826114432,5.64679978709842,5.64320063799535,5.61890093242292,5.55799793383546,5.54168740385449,5.52327671771363,5.49918228486714,5.47801440314564,5.44716948663168,5.43346065757652,5.41037374152544,5.39381411448222,5.36944062535414,5.348300712678,5.34021551300991,5.34103259906317,5.32956398210294
"75591",4.0333670784931,3.95446268365384,3.88443050500453,3.81683769034871,3.75099198773067,3.7010353738594,3.65248581172944,3.62322094113321,3.60861026106742,3.58512005374251,3.575711313157,3.57588462741898,3.58285359771157,3.58986168889133,3.60657867672992,3.6341727755687,3.67015077589697,3.70223080182424,3.70341174335404,3.73737326252108,3.75547157440409,3.78597203592318,3.79238498441041,3.83989099074653,3.89784147924408,3.92760700787378,3.90654188036441,3.94654821557668,3.9818527279867,4.0089038962705,4.0424350242916,4.06740038368717,4.1265037110638,4.16943652267572,4.22618632981881,4.26106119336399,4.29827037296069,4.35096082448226,4.41042907964974,4.4381386869988
"75691",2.98644328050142,2.93009118669506,2.88332818161175,2.83336997043908,2.78157538393484,2.74630849699466,2.71047934851771,2.6898747243399,2.67877344632514,2.65655918016653,2.64603607481193,2.64490345818787,2.65072995223044,2.64910324078081,2.65267295899512,2.66129290598283,2.68327156202297,2.69955551100472,2.69589946641618,2.71435179084918,2.72310081863628,2.73328254524499,2.72546149775948,2.74359066615487,2.76773571129278,2.76949296343977,2.74558238674977,2.75797212996594,2.77310283730178,2.78735431652882,2.80664819595893,2.80203262026091,2.81477046419237,2.8073083786031,2.81153350470268,2.81589793316253,2.81800158114623,2.83478159977325,2.85964980163373,2.86331180090872
"75711",5.4658448727604,5.36399874173608,5.28100355098147,5.1908006595143,5.0984722680029,5.03536010621146,4.97035293201653,4.92966975444622,4.9026440066284,4.84873765267981,4.81072578791289,4.78430060821038,4.76789664315244,4.73857297222101,4.71735217033991,4.7064239904088,4.71227343443874,4.70810427346284,4.67418697008872,4.67839809378177,4.65898284353975,4.64253132096991,4.60728283932277,4.61889733713848,4.63672871422064,4.62495326009528,4.57465685096282,4.56958619841016,4.55259744096988,4.52941480165677,4.52159624137528,4.4845723894961,4.49137746929256,4.47700330927928,4.47847461543414,4.4732947096553,4.45202655979839,4.44421102977864,4.44327750733672,4.41377500484861
"77473",3.37116962944099,3.30348829307437,3.24574688506381,3.19264231355888,3.13157623034618,3.08809755997205,3.04283167158523,2.9992103425109,2.96796369898646,2.93443147177959,2.9030293958475,2.88397566461748,2.86624124509746,2.84643430378997,2.83277274085557,2.81924676746829,2.82124524501815,2.83194748488919,2.83454524574577,2.854751794196,2.86756804516197,2.89303016890127,2.90432620175111,2.93650630865948,2.97526175802007,3.01118213100495,3.01665129044662,3.05323626629091,3.08946548699181,3.11990631163928,3.14097610890138,3.16596877939046,3.21139249453019,3.24731233643394,3.2855002858065,3.31816597742224,3.37058589579954,3.44031366512415,3.50984632847839,3.56363979634038
"77591",1.35359744540579,1.32725187852503,1.30556315589747,1.28370734630225,1.26205830961155,1.24570392186359,1.22936088550205,1.21732301420165,1.20919375373086,1.19853634575253,1.19264394390623,1.19248501517348,1.19777949890288,1.20655555486325,1.2236629690905,1.24963154925046,1.2887089820025,1.33532116900671,1.37471029471837,1.43737292119298,1.5018891031284,1.59573932594183,1.65209387409545,1.73293556568716,1.83445038167394,1.92982161893582,1.98930972811171,2.10254464008263,2.20592606113333,2.32278879731479,2.42956514613361,2.49904959582051,2.60070476960636,2.69186365538686,2.80349058340402,2.88602463044308,2.9741617495406,3.11774538815842,3.28325646176887,3.39960843965222
"77611",6.24401882209823,6.12171458271462,6.01918146251425,5.91508331715372,5.81205805738291,5.73404448096132,5.65683455162795,5.60334977454911,5.56710569340522,5.51462515621379,5.47727726890535,5.46811021994059,5.47518478071635,5.47622375576638,5.48650263656305,5.50303767359511,5.5375009443707,5.56014149102359,5.52755568504661,5.54200539766169,5.53009485497923,5.48278989519733,5.41599466391015,5.40250583368872,5.40479608450173,5.38699333593282,5.32571100761529,5.31435623873962,5.28956887672745,5.24804083492792,5.21419722141869,5.17035974669529,5.14737535272825,5.1098428278552,5.08076517284068,5.04636385647506,5.00653825792872,4.97065938741586,4.9374289938261,4.88864634986103
"77631",6.37872967107104,6.25466097290936,6.15306904415895,6.04744370156196,5.94522502937245,5.87122801023237,5.80381344063888,5.76653291265365,5.74954923815114,5.71150332778678,5.69120109009367,5.69569407828352,5.71151877623068,5.7164411570354,5.72418106706515,5.74100717218196,5.78368313417599,5.80868834325224,5.77137782155515,5.80041425066753,5.76427393610802,5.74182565003719,5.69348733408766,5.7062978159851,5.72223846847294,5.70802921478619,5.63505278007753,5.63290591349722,5.61039003759202,5.5713435644863,5.56011732383033,5.52300430964962,5.53201400956774,5.51058026866707,5.51216497330698,5.50920409928715,5.49383793438122,5.49318842812123,5.50178431665344,5.4765465958647
"77654",7.42495229799205,7.28328029430494,7.17117729605529,7.05086439637421,6.93603951892031,6.85543599484803,6.77634234197717,6.72819756160188,6.6955167391281,6.63540691250792,6.59294318455221,6.58261555476627,6.59375589755325,6.59272392271618,6.59623462188438,6.61087299780082,6.65927712153719,6.6840599264565,6.64310885630786,6.67074855670167,6.6715953283303,6.60692242744899,6.517000032695,6.50432978833615,6.49502726444337,6.43976332993939,6.32102688010448,6.28473745551939,6.24150071004682,6.18292906675906,6.15190824333946,6.08494545971597,6.06544912693142,6.01107820936612,5.97826888285067,5.94173924691815,5.88768611767975,5.84536540125475,5.81031447243466,5.74335185014253
"77693",1.03200910167198,1.01307665207119,0.996346592746819,0.978537717163759,0.96037878659969,0.948271298354849,0.935814721091734,0.930276953094654,0.930675795798258,0.931433133733403,0.9406864422231,0.958235058194518,0.988424203130667,1.02284372587011,1.07277592649729,1.13409317125187,1.22019446139163,1.31172367042341,1.40226740805788,1.51422777583208,1.63209175340465,1.79514399503459,1.92338052396573,2.05690023802023,2.20453697966556,2.34130041951768,2.47733246088868,2.69905984792932,2.93703172262941,3.1457933616994,3.27029176831228,3.27580954269454,3.21970073827465,3.0609880602539,2.93299208829619,2.8091047280006,2.70482462946018,2.63598348717146,2.59033635962194,2.5223041892368
"79491",2.02453437969125,1.98458092881573,1.94844964782808,1.91462429401358,1.87511903562452,1.8480389242095,1.82205306574611,1.80311066666508,1.79771562112265,1.79583157721191,1.8014585742519,1.82509106284635,1.85560536445321,1.88856732338884,1.93703140820705,1.98731668550781,2.06936848606642,2.16662799911442,2.2449330732107,2.35536196204423,2.44638461170332,2.56677586349806,2.64333117129583,2.74451746306613,2.858089321649,2.96384268902608,3.00664025615021,3.10732906845028,3.20162559605256,3.28189566310178,3.34933971737615,3.42414722305439,3.54421914303358,3.64088427693367,3.73189085676534,3.78328185423903,3.84840042990509,3.93749615333791,4.02963772808164,4.07972053956037
"79533",6.9027067422973,6.76773580289269,6.65648271662215,6.55144705793339,6.43372798107308,6.34856373156924,6.26869200057174,6.19610281802033,6.14159486096852,6.07369417078094,6.00756256438723,5.95217736306301,5.89164006377563,5.82379848183143,5.76138381391117,5.6949832133314,5.63994681858101,5.58583374745277,5.50820792135886,5.45501311824365,5.39565174614529,5.32889714314006,5.27050732697746,5.24525679071844,5.224435620051,5.19470990752234,5.13784859522688,5.11038626815909,5.08044917523526,5.04575102181737,5.01326754606995,4.97662781314811,4.94728471583463,4.90999911575107,4.87313391617045,4.82909741641446,4.78282595102025,4.73744206890897,4.69228079667686,4.63775339647796
"79551",1.90594108273605,1.86954509479178,1.8377899289245,1.8062508031564,1.772187243482,1.74775473557801,1.72444952381171,1.7065313835643,1.69959081255563,1.69524092982433,1.69816477079159,1.71431878557994,1.73589643015361,1.75809633113538,1.79194978106745,1.82877589553063,1.88201416058532,1.94250622435656,1.98497684647056,2.04849036090523,2.11183042261824,2.1734576274426,2.21519002352875,2.2895597021409,2.36874190206347,2.43973024251347,2.46344114067337,2.53449339588113,2.59581136006087,2.64847988016903,2.69572929082976,2.75150400175128,2.83076088886249,2.89148013561965,2.9525501933492,2.98797837061458,3.03315187100741,3.08734639753971,3.15120021799402,3.1810478606725
"79571",3.6487158133897,3.57885876825091,3.5191784465276,3.45812215374574,3.39506979781128,3.34914652635678,3.30339772330296,3.26498817996506,3.23823031303313,3.20549199996506,3.17616177114243,3.15632485338561,3.13804766107154,3.11739669985926,3.10353473237342,3.09265418114385,3.09272321131754,3.09609745261857,3.08184384416841,3.09009505401082,3.09348096252911,3.15872074562685,3.19595307382792,3.22808039803162,3.24154659845567,3.24692819789796,3.22255580073163,3.23674594522406,3.26686392506524,3.32741851462132,3.411902086036,3.49087590941895,3.56308009766616,3.57471610981799,3.55336478299872,3.49287236504741,3.43382735173255,3.39084224408128,3.35969644242774,3.3189602449243
"79591",0.946746879560105,0.928711049531716,0.912719889549831,0.895830835866856,0.879165536629408,0.867563253040607,0.85785092113862,0.853715515505275,0.856012587252454,0.859519013544226,0.868817589450206,0.888744868336598,0.919725310483431,0.959332642504186,1.01473249240564,1.08300900816278,1.1750549462019,1.28044661259285,1.37670545286472,1.50078657995812,1.62147207277727,1.77056798138672,1.88196371643731,2.00509561802551,2.13658857658965,2.24212501768098,2.28483012944009,2.39160183390064,2.49217061105206,2.58365299656001,2.67023647561097,2.75683623315477,2.88395927189201,2.98109962842954,3.09456065321097,3.16704234103028,3.2435838721873,3.33223003724032,3.42732301447371,3.471337584992
"79631",4.07222932078132,3.99171146364662,3.92735585447755,3.85959098253297,3.79351690835413,3.74537320873105,3.69951177517122,3.67048179267055,3.65153992885297,3.61913600399836,3.5969814090232,3.59236794844174,3.59832721335753,3.59858809691523,3.60185283877395,3.60922606011572,3.63251793462704,3.64525808031938,3.61789055487686,3.63120401475883,3.59961060334986,3.57687212314877,3.54048518925154,3.53908488266674,3.541575333497,3.52840721733889,3.47987754765757,3.47219650303654,3.45509436245065,3.42509903836551,3.40956699213997,3.37906025667321,3.37184244333805,3.34847124751724,3.33734070395105,3.32345307612155,3.30137381387018,3.2841353178768,3.27029227977709,3.23937588718195
"79651",0.606780224998596,0.596398024485299,0.585802691903771,0.573013114188049,0.560766674473584,0.555412578384595,0.557465116166628,0.573329299478796,0.605118539443491,0.648480234004308,0.70981816322416,0.801039277311536,0.891580642434564,0.965680525203288,1.03397818113733,1.08808736222537,1.15218399266369,1.19751771486776,1.21700370187723,1.24268292440272,1.22412962997686,1.22100654932056,1.21474190430626,1.23167383099514,1.26150357741831,1.27615017165488,1.26292027983108,1.27855657902739,1.28934748860333,1.29553079137871,1.30549509623354,1.3128844314691,1.34209067113962,1.35962331901088,1.38429719874442,1.40479195877311,1.42630798210051,1.4556012180443,1.483631497864,1.49302133150832
"79671",2.28644462103266,2.24296672770983,2.20710194561866,2.16849653923173,2.13051130645728,2.10571124692789,2.0801644444511,2.06647892454634,2.05881163575111,2.04416986717439,2.03562224434999,2.0277776657779,2.02496145775357,2.01551377779184,2.01118603969874,2.01091128874187,2.02174649911472,2.02835348048005,2.02158551665758,2.03708443429399,2.04755321014592,2.06752253111227,2.07365162661427,2.09733300922557,2.12266417733473,2.13016423376153,2.11111856720692,2.12512854774123,2.13887710273731,2.14853528745311,2.16518284619013,2.16308327873374,2.18464076740468,2.19084413443685,2.20949284728505,2.22473551160783,2.23488724574567,2.25519556011013,2.2813456987739,2.28595836009172
"80691",6.08527529385128,5.96846476695641,5.87272872457267,5.77171037598946,5.66888567050743,5.60037224941813,5.53171963678035,5.48627054818862,5.45427801681587,5.40263275997701,5.36470694880308,5.32962880633895,5.30112397585189,5.25622122945727,5.22212920101007,5.19482952323343,5.18739786693442,5.1676188021267,5.10751790144764,5.10608126622947,5.08980323970676,5.07749130890767,5.04512734602975,5.06715654187291,5.08916732875093,5.07327182537344,5.01491150499642,5.01457703763815,5.00709598112129,4.99098800242184,4.99464897437528,4.96401643760767,4.98554409836899,4.97224319389806,4.9847106477082,4.99280674331153,4.98572283659925,4.99241610594756,5.00751871691049,4.98037615848892
"81531",7.167555617268,7.02830058466403,6.91140753633709,6.79652076741403,6.67533620364331,6.5853443009874,6.49843474938585,6.42229628572131,6.36994895965218,6.30549475157873,6.24659221694319,6.20950003846649,6.1723622764047,6.1254207786979,6.08788462150555,6.04594286957577,6.02626015328726,6.00890263794447,5.94792604957185,5.92726183237825,5.90395851739198,5.87431237534555,5.82642521053694,5.81251810702486,5.79995596099817,5.77959736698493,5.72437764921784,5.71305420090464,5.70227525048556,5.68737129568414,5.68585820727451,5.68071784896845,5.70765837023794,5.72291606520268,5.75379846285082,5.78106848656103,5.81431040965694,5.86704147979031,5.93656112318998,5.97533370409772
"81573",4.16572749830594,4.08542965187889,4.01799164078644,3.94731701657711,3.87583178586961,3.82354785958215,3.77473681500724,3.73734224388651,3.71564946931008,3.68612691631189,3.66218491069522,3.65051065466164,3.6405084627927,3.62401616894648,3.6138148457036,3.60340635606559,3.60746785253191,3.61261403016147,3.58675589459306,3.59284755432309,3.60553968589332,3.61379157265758,3.60645951507983,3.63036846512941,3.66719688357045,3.69275090044009,3.6631625850547,3.67671321958817,3.68840522976372,3.69616570669174,3.71235967136902,3.7299234458176,3.82276126104476,3.94696322432192,4.1174537500034,4.26733433304965,4.38617864235961,4.47365488546804,4.5305973382134,4.54276768157171
"81591",0.255568592737041,0.250826234404709,0.246563807749204,0.241687660923909,0.237163209109572,0.234498510825752,0.23384271877022,0.23702947304338,0.245396491429567,0.257571794737682,0.275839869004579,0.304387823931167,0.342980240384342,0.388525128582393,0.444816304952264,0.507100800946907,0.585697706592575,0.67014471766879,0.746823183935668,0.840656580708905,0.928848619104857,1.04578841929466,1.12599524526879,1.19969336206403,1.28606276957239,1.36321172486627,1.40129524162252,1.49085716570108,1.58266091656827,1.67270503222766,1.7562237879625,1.83926081606026,1.95701272476652,2.04704545586977,2.14785848682867,2.22333702133977,2.31013530060559,2.41824407668191,2.54016464930191,2.61650406854393
"81671",3.5275199326999,3.45918469707286,3.40383611745726,3.34349646669607,3.28455512963852,3.2448570213092,3.20498566494079,3.19200963328896,3.19424809362334,3.18527124040667,3.18515294183212,3.1559856062905,3.13267979391464,3.0996754787567,3.07471480803671,3.05445339002425,3.04777461375488,3.03549513786112,3.00206023498143,3.00458453679051,2.9989103908203,3.01808783453776,3.01941528660574,3.04208097910038,3.05122856554149,3.03975638188949,2.99935026917243,3.00453585552698,3.01071249832584,3.01200424230833,3.03038351260919,3.05329320974964,3.13510149048553,3.2001585783532,3.27052326009572,3.3035952473026,3.29872564903506,3.28485903220169,3.26637754880245,3.2202150905278
"83491",4.34382456111052,4.25820198704949,4.18832490127786,4.12199053228566,4.05608300612843,4.00258563309652,3.95232717424739,3.90980952515181,3.87835891521181,3.83865719419909,3.8032090635195,3.77790153540666,3.75025846118702,3.71883003779504,3.69039221745922,3.66168642565355,3.6484459597106,3.6412653495498,3.60920422429495,3.60784658023857,3.60323769748454,3.61926285964582,3.62630864247742,3.66549626707478,3.71353093158146,3.75569831097347,3.7479314425229,3.76353062763042,3.7654691587203,3.7579268173066,3.75704085546642,3.75190731722787,3.77251690541299,3.78074120763026,3.794045187239,3.79456009030924,3.79660836195058,3.81057226091066,3.83033442520248,3.82856060290942
"83571",3.14468741768485,3.08398371514729,3.03334990357355,2.97918098753106,2.92564679563056,2.88625983606172,2.8507286868674,2.82514579296005,2.81358341839871,2.79772218563859,2.78953511956466,2.79577358396715,2.80617873423295,2.8094862763844,2.81912540964322,2.82687862269007,2.85053505908864,2.87348465663757,2.86370159018978,2.88334628133293,2.89138169801331,2.9141913880001,2.91519318512139,2.94018572538418,2.96533165509991,2.97955718861321,2.95283812370784,2.96800474718234,2.97868978749519,2.98181937616239,2.98990175677623,2.99072713853326,3.01779429887644,3.02681541471194,3.04546048602798,3.06320407378122,3.08980416193732,3.13063052347473,3.17829512294392,3.2017121362467
"83591",4.13632469038917,4.05824485729655,3.99704222801664,3.92660178406205,3.86229015982404,3.81560634600364,3.77713003623051,3.75556878941696,3.74715568245518,3.72532871713674,3.71534995057073,3.71534294280956,3.72095090787861,3.72042575435039,3.72371389672448,3.73136229600947,3.75583498078901,3.77653296331304,3.75385837543876,3.78173817832971,3.79557799207593,3.82483526901539,3.83458332790404,3.89062480355055,3.96920111900202,4.04845889195344,4.06273734118946,4.16538294971331,4.243557114257,4.27003630119441,4.26604173984049,4.20390571853952,4.17969448244124,4.12399122901413,4.10093783904452,4.07370119339341,4.04274243845436,4.03275714690489,4.03372294094436,4.00525022480562
"83672",5.9927244124836,5.87925086391903,5.78850935718989,5.68761924059989,5.5925776135622,5.5280821179537,5.46207679931756,5.41256646498563,5.37661959949672,5.32297435132924,5.28231249175268,5.2514889368265,5.22831143609907,5.19096903696777,5.167718337829,5.14756195607551,5.14987756054817,5.13985664794538,5.08254349477984,5.08813831270954,5.05533806136204,5.03658323300983,4.99630979662065,5.01287334556204,5.02747201329746,5.00957508384546,4.93772892768088,4.93824025441001,4.9346543026709,4.91560068152544,4.92202352874512,4.88564862209333,4.91063828818503,4.89157988550188,4.89838344714747,4.89325475939569,4.87020346031491,4.86086427248906,4.86118227964345,4.82078618250061
"86531",1.69177651450526,1.6609065813599,1.63325757900041,1.60344538652167,1.57476942788615,1.5520098818897,1.53276299093579,1.52096211334125,1.51959081017342,1.51987661328307,1.5276907748694,1.5475391638294,1.57229681169205,1.59051238837073,1.61792399281593,1.64264091276094,1.68181933982671,1.72776836122193,1.74545032568529,1.78838596810107,1.82009072669359,1.86901178137265,1.89611102843205,1.9501211313079,2.01075680743724,2.06735417892921,2.08381866681705,2.13482844680206,2.18613954641829,2.21993286790361,2.25711476470431,2.28512829928296,2.35264858123891,2.39769234317945,2.44437851028188,2.47710266045255,2.51235985879419,2.56312122649198,2.61802379020147,2.63312300617577
"89391",2.01819860171807,1.97706298827739,1.94108965927708,1.90816027926019,1.87673867137358,1.84912807891149,1.82304023849634,1.80391747981999,1.79107014669337,1.78005898796586,1.77130008393719,1.76902447074695,1.77100023137701,1.76703485555168,1.76735625770975,1.76663772988253,1.77334034171123,1.78390695218326,1.77919795748235,1.78811018756237,1.81175853069077,1.82206920334606,1.8220040412877,1.84372045549127,1.86397259137594,1.88482810533993,1.87289423015192,1.89487604702345,1.92007328675028,1.92466865646178,1.93084169638855,1.92553574801942,1.94751716737918,1.95972089914674,1.97380834295978,1.98062712761685,1.99122569119394,2.01234160835893,2.03474508056913,2.03631022541621
"89433",3.75252090119546,3.67788182442707,3.6124627532597,3.55308593969525,3.4932720198805,3.44338810922003,3.39548785197872,3.3564752517692,3.33156447989985,3.30648578018473,3.28317155536499,3.29292822607239,3.32273967967826,3.34217375655459,3.37625185737058,3.3986287594232,3.44042248855665,3.49678229206295,3.50958409643798,3.54422215367181,3.56995710697492,3.53363311992583,3.47659241301944,3.45639719998673,3.43853777915008,3.42311710361455,3.37224625183811,3.35634374881964,3.34610111548908,3.32386561992159,3.30785826222875,3.28375824830806,3.27989704559854,3.26650153557578,3.25751345002791,3.24559016310672,3.23497019439045,3.23169759758072,3.23037769085681,3.21195775392753
"89471",1.22775493840259,1.20436601352217,1.18392671478286,1.16434323069447,1.14459372985438,1.1284706712538,1.11320815554258,1.10202801904846,1.0965385249148,1.09073482464685,1.08840435571334,1.09081776628268,1.09787908036749,1.1012284708239,1.10960704520094,1.11730103211704,1.13338423976261,1.15627674693876,1.16637462883642,1.18920834811315,1.20869962183884,1.25603491993384,1.28606851319528,1.32152298189239,1.34988120396886,1.37789336657819,1.37865612946607,1.40159507684302,1.43006206175328,1.44770078974783,1.4677038074954,1.48326724981323,1.52920483535227,1.56657792606368,1.61003902655925,1.64531501692171,1.68476483147971,1.74485625404656,1.81207069407434,1.8503223806174
"89551",1.59424187420183,1.5660095376839,1.54185452107237,1.51418707487612,1.48860055033624,1.46904783756094,1.44940968529534,1.433775114478,1.42493607439439,1.41271669226306,1.40302822515204,1.39922018597984,1.39810051045926,1.39403378467875,1.39430861528996,1.39340005016787,1.40242372043795,1.4125752426058,1.40359225785605,1.41645466280316,1.42390100384603,1.43930614362114,1.44403344588553,1.4677839637368,1.49213615118864,1.51312768301132,1.50939471971668,1.52968951599702,1.55008990620545,1.56144569623621,1.57768273888252,1.58652358609136,1.61972711753784,1.63715394552122,1.66269561410189,1.683285051187,1.70374378202747,1.7327371028534,1.76507961947546,1.77533287099277
"92531",2.70949342866713,2.66162601936141,2.61990468332642,2.5749430742362,2.53025642826732,2.4953834632872,2.45964238185835,2.4312768521855,2.41431449958799,2.39254554997841,2.37319146333688,2.36138088807138,2.3548372796484,2.34203754852148,2.3352732299789,2.32449501873286,2.32703259485928,2.33222653219822,2.30973433681664,2.31655863951586,2.31843006265761,2.34673179501989,2.36112210896979,2.40240592957955,2.44433608440631,2.47831121328064,2.46845659672607,2.4868190556732,2.50118623803653,2.49470920102853,2.4947099029787,2.48562123865571,2.5127372328752,2.51710939370225,2.53354583181771,2.54098636258499,2.54192192912816,2.55054774039681,2.56331380619621,2.55096527030096
"92571",3.46020957867407,3.39828941847405,3.34579544472096,3.28574749835246,3.22846581017538,3.18506271938005,3.13995050794048,3.10330659412713,3.08305274862132,3.05639726762606,3.03211388316844,3.01370220182764,3.00118964861541,2.97797227691268,2.96018958687151,2.94279159063572,2.93735024740415,2.92816328070764,2.88212534144598,2.87705667780141,2.86124306115286,2.85206197990133,2.827190693182,2.83385383497008,2.83832246691144,2.83624249811235,2.80271508417618,2.80354091188773,2.80359261135395,2.79092092569515,2.78845801643735,2.77207836395386,2.78441252719337,2.77470107956247,2.78034870283178,2.78521716694008,2.78635721245419,2.79366018922071,2.80618565927896,2.79586486368347
"92651",0.707337423309771,0.695313502610649,0.684351468548794,0.670042997389989,0.65692177536331,0.646997908690643,0.63850974403757,0.636122397465206,0.643614434834749,0.659530852251508,0.689023591204996,0.73239853504291,0.789332631372514,0.851047087162681,0.925732690310558,1.00691532234073,1.10936450856963,1.21601902378211,1.31322784687523,1.43159409459063,1.53096201449872,1.76346927094742,1.93822169460144,2.11257520900904,2.25417237934172,2.34672548561172,2.33721405899775,2.34769793959407,2.35818248295722,2.35872065473039,2.3597680351197,2.34856908481367,2.39750356919332,2.42516972834517,2.45986877694934,2.47812770141918,2.489264327818,2.51807756668205,2.55483612502208,2.54945652742702
"95432",0.965829015639075,0.946654429691888,0.930184512258504,0.914488618271852,0.898859443539512,0.884589349806432,0.871262528874489,0.861634794061003,0.856211873193997,0.852328624673058,0.851182873152631,0.853671128356122,0.86248052030511,0.870289664663844,0.884364977347389,0.899223675233879,0.92143887380578,0.950199403873162,0.971792450137442,1.00694560921181,1.03635818625736,1.07795754332107,1.10575308212014,1.15178362777201,1.19830884687417,1.24487964807968,1.2609259226735,1.30019086112703,1.34971859105243,1.3866847568389,1.4190235567096,1.43913706617931,1.49942643860942,1.56337421289966,1.62929726334952,1.67426339246141,1.70703778521589,1.7456990005828,1.77789828969123,1.78716528189662
"95551",2.40222652549694,2.36018262600554,2.32343548424608,2.28072099223187,2.24038178117904,2.20805965483467,2.17794004763843,2.15582500247148,2.14496206959532,2.13129200132419,2.11922773717105,2.11131410412397,2.11165481779617,2.10205959168308,2.09926850450469,2.09357595872108,2.09847889349139,2.10262648603176,2.08267047691394,2.08884919226772,2.08885204491812,2.10203021696878,2.10222347653029,2.12975542602276,2.15851219813486,2.17907369821048,2.16076708425271,2.17426274973651,2.1890432760914,2.18888878854367,2.19544510871837,2.19221745209457,2.22073781457816,2.22410978535172,2.2457240858869,2.26194922216822,2.2775024317686,2.29753182196456,2.32333195497127,2.3233332720346
"95591",2.88639138811067,2.8339443657269,2.78910741356339,2.73811038687395,2.69003825718247,2.65209011110581,2.61512671231674,2.5833967564569,2.5631991132024,2.53700585276025,2.51247996851459,2.49309219101944,2.47846408381084,2.45346317951497,2.43599366267484,2.4187844079594,2.4114389965596,2.40282054971889,2.37494909010326,2.37094849169412,2.36086198967794,2.36877771292542,2.36030848287841,2.37508963695339,2.38411925658337,2.38692281042156,2.36193095891096,2.37028949549782,2.37807859998669,2.37235328563628,2.37562669698209,2.3659942277039,2.38550182446482,2.38147901831237,2.39358471484806,2.40581425318046,2.41723633285555,2.43587623533852,2.46142298368979,2.46293802984262
"98451",2.59163745089537,2.54094101465542,2.49870341510217,2.45667894763738,2.41403401079765,2.37427937549082,2.33377300702252,2.30869947304786,2.29705141217605,2.28583936341737,2.27600279682686,2.25969812132737,2.25006975460725,2.23094649629906,2.21912310139328,2.20174913181395,2.1916051187825,2.18543237138612,2.162156457125,2.16009313703945,2.15561555754549,2.17597472859635,2.17881413293057,2.19485740712753,2.20636694534414,2.21574534132369,2.19826885502842,2.21358305109421,2.23734743573452,2.2469400413477,2.26210535999294,2.26053105196831,2.29678920255747,2.31499943770045,2.34438774274767,2.36932444211485,2.39415593182387,2.42909974361456,2.46380544034118,2.47558409626395
"98491",1.52255112173485,1.4942401808638,1.47100300267639,1.44643604939474,1.42332774400495,1.40218045769178,1.38197211521847,1.36786368426663,1.35907311936594,1.34874627719416,1.3396182067156,1.3338131090005,1.3340897746372,1.33236517433298,1.33771073904508,1.34427500637076,1.36103045756707,1.38501991072851,1.39841970548183,1.43366047687167,1.46699737560359,1.51451649512024,1.54950364354971,1.61040625777331,1.67899487893486,1.74397872781356,1.76609324520891,1.85013890425918,1.96878071156099,2.07410319370597,2.1626874496402,2.20021643117215,2.26466605435294,2.2651332113697,2.28221275496967,2.28619379997852,2.31135473351054,2.36566553948903,2.42361232336418,2.4486043981129
"98611",1.97552929816871,1.94240012178113,1.912930121675,1.8778571708478,1.84555651146297,1.81987875835003,1.7925975830648,1.77205712750687,1.7583672517839,1.74243966866614,1.73038316707577,1.72954003609208,1.73283337861601,1.73812662178266,1.75691448727756,1.77928670907038,1.82540053012073,1.87109885455441,1.89933235776677,1.96157820782787,2.01412504313868,2.07826366249031,2.11410760144504,2.19513609259847,2.27965790040601,2.35402490487512,2.37977123756571,2.46568180520834,2.55623737280738,2.60814474305043,2.65143094382568,2.6775536687351,2.76458488152853,2.81076648823095,2.88271088929034,2.95207176753626,3.01638290912534,3.10798089464644,3.22126404079195,3.2812502535578
"101391",1.70725633735279,1.67590377026732,1.64999092572716,1.6238064286882,1.59975862558372,1.57658964197806,1.55511881243853,1.54028404323909,1.53010782018203,1.51988873248007,1.51427327011844,1.51132346918397,1.51264564297328,1.51204747582671,1.5175159845801,1.52160769302933,1.52978414602625,1.54093823613688,1.53565543337816,1.54815247239502,1.55413968319105,1.57946042944653,1.58804945277132,1.61711080140714,1.64201706719026,1.66263209120326,1.653457119064,1.67802205974116,1.71058030348902,1.72730723829497,1.7525482229672,1.76170427589699,1.80973947380905,1.84526802627314,1.884238993133,1.9184235928119,1.95513073952462,1.99891184683867,2.0415034305557,2.06267661014954
"101431",2.73683006732807,2.68554992317956,2.6450694381886,2.60292439212882,2.56177540746584,2.52217677972709,2.48591693010289,2.46049540042782,2.44138686257301,2.41869093185443,2.39863114751452,2.38369597574508,2.37325660644026,2.35787798641518,2.35088368136577,2.33775672567831,2.3312947929429,2.32624786419587,2.30020985356354,2.29686527917953,2.28969142356507,2.28616026279549,2.26772416439363,2.27729682316148,2.2851492334636,2.28547871929632,2.25386288639218,2.25776198282659,2.26593506117326,2.25701986729015,2.25857765488931,2.23972979791226,2.25922687440358,2.26291887860397,2.27691480052001,2.2894542194232,2.30373222881485,2.3284807478096,2.35661642349472,2.36468004572282
"101471",1.93447413658676,1.89832408687925,1.86951204885421,1.83954736730801,1.81029571794778,1.78213246793607,1.75673509006353,1.73837627237072,1.7258285527782,1.71033418287267,1.69649389795251,1.6870967511755,1.68210198187604,1.67211248213283,1.66772444458544,1.66002251772703,1.65905856349142,1.65941769265072,1.64447846909469,1.64682885077147,1.6461792855181,1.65246515948685,1.6469983743571,1.66215522640738,1.67737940024798,1.68491907034171,1.66375546027608,1.67405435660283,1.68826643767285,1.68823382267295,1.69643643950422,1.68631896275932,1.71148242056447,1.72085656556729,1.74219974810894,1.75695797060827,1.76940128275613,1.7895574548638,1.81201749798662,1.81642666196305
"101631",2.60062192824102,2.55853145641528,2.51947131530915,2.47528667672722,2.43382282390027,2.40222055949836,2.36963890710203,2.34345725300944,2.32511694985966,2.3005335095646,2.27944588787748,2.26693175152136,2.25946430685711,2.24447419863932,2.2384274331613,2.23370158432717,2.24694539495331,2.25964652537127,2.24925220442177,2.26996138294484,2.28617487812084,2.31209163898346,2.31517946438916,2.36287955621005,2.41717221514571,2.45658602374104,2.43864349325485,2.46746303005431,2.49956502714686,2.51148606535486,2.54409595998212,2.5571896934671,2.62152823188058,2.6612787572627,2.73877058074703,2.8127403454102,2.87166992993056,2.92411684601051,2.97994807287903,2.99088097539852
"104411",1.03653653379318,1.01758695277356,1.00256187992102,0.986888843652514,0.971866481475712,0.95703123488495,0.94426383675673,0.936709201005894,0.93299013058996,0.929608242144765,0.930375902690307,0.935345205862732,0.946303639294891,0.957367241405977,0.976623217641117,0.997296954555773,1.02562426066033,1.05971437300213,1.08659916436558,1.1257642914838,1.16282319718447,1.23985766769294,1.29559914565789,1.36973623737009,1.43834285701655,1.48483361851433,1.48178248527996,1.50440626849241,1.52272966201868,1.52372615173311,1.52935679496617,1.51562429526959,1.54780730752995,1.56987035904603,1.59886388103463,1.62444670935932,1.6576998698572,1.70565876990453,1.75782296776612,1.79065303884982
"104452",3.32103044124917,3.25845011669585,3.20935394296738,3.15949694642907,3.10899338781443,3.05949958843408,3.01462853521462,2.98263610791027,2.96063066201985,2.93331154636926,2.90896703800911,2.89325410590696,2.8845158252255,2.86522879802129,2.85570420722373,2.83821576440528,2.83176956894799,2.82420917439361,2.79165777106654,2.78216084846611,2.76803342321353,2.75378746147889,2.72298728036077,2.72076206221586,2.71546535077466,2.69926728162829,2.64918906469671,2.63831723719205,2.62844760166639,2.59956289433888,2.58268795161601,2.54243798065923,2.53863968749657,2.5157330976747,2.50486180734518,2.49321829669376,2.47694686373838,2.46540345957144,2.45649067785258,2.43045650502228
"104531",4.57137049789805,4.48886925337715,4.41749848401738,4.34484467845663,4.27850552833367,4.2183186233651,4.16483052434761,4.11359511743946,4.08179628752848,4.04103765158638,3.99972062586048,3.97746002679801,3.97713053426342,3.96289842994079,3.9647257862212,3.95486980545991,3.96427327458151,3.96909713000149,3.92252595368854,3.91744327594218,3.90703382741131,3.87189988844517,3.81270147860156,3.80331784194664,3.79046738450389,3.76483294260617,3.68907730926235,3.67335377852581,3.65897585994962,3.61826890250254,3.59700138414029,3.54757411124037,3.54606808808747,3.51150175721119,3.50199144070052,3.49037899653771,3.47143770569717,3.45687162648308,3.44778700507468,3.41178712263128
"104651",2.74542768470784,2.7008203386121,2.66168751503971,2.6157087909379,2.57575098199638,2.54420916750614,2.51320439611549,2.49010251474244,2.47444529259255,2.45075089879169,2.42839566082437,2.41478613863617,2.40415274913265,2.38350346018941,2.36985953433952,2.35897373224448,2.36149115314509,2.36131753674996,2.33950351867547,2.34145668737131,2.33361413032202,2.3417451034663,2.3237718183577,2.33789327027416,2.34319092211054,2.33605721856268,2.29155688815465,2.29309039044603,2.29076454939997,2.2737991909514,2.27009282262149,2.2460964794748,2.26637634760407,2.25989527496518,2.26787364610846,2.27038286622367,2.26811163770453,2.26909170299475,2.28212351840679,2.27031558803448
"107431",2.55544917527011,2.50678832977528,2.46753214802094,2.42741394689548,2.38481544474959,2.3423986172202,2.3099721799599,2.28332707876181,2.26347619536851,2.24334947620269,2.2260645638562,2.21552395004257,2.21504212211663,2.20530220493079,2.20574121988181,2.2027766212581,2.21050565173853,2.22029347496876,2.2106984670056,2.21865154504817,2.22373588497872,2.23792406426963,2.23640285132764,2.26257886176189,2.29011481733881,2.30877758665816,2.29087210079182,2.31664368507185,2.34517800688564,2.35167864866652,2.3694078703624,2.3592703782049,2.4025753650985,2.4262076093191,2.45607646370865,2.48067132852847,2.50503241627041,2.54015376309874,2.57643684143266,2.58612143671146
"107511",3.79775155426812,3.72883059782452,3.67028166890712,3.61143633711707,3.55616177325647,3.50492339311235,3.45904537744577,3.41743187086747,3.39101054655775,3.35546810760019,3.31852792292451,3.28961680771023,3.26677133240303,3.23236287375907,3.20750785327959,3.17808277697571,3.15987831876631,3.14249676060504,3.09638160336157,3.08093202487835,3.06135681409263,3.04983818166475,3.02061443356212,3.02492934934366,3.02591087526473,3.01732629996829,2.96407517560368,2.96169727748225,2.96036869890289,2.93540030307229,2.92808639058105,2.89205510260895,2.90603670492997,2.88804985858327,2.89378789872155,2.89744891271324,2.89578587803315,2.89982524457188,2.90988797499204,2.89168494006299
"107551",4.44121749268663,4.36248495051926,4.29459959082641,4.22332027896339,4.15734917890651,4.09868678230224,4.0436917215418,3.99688493651961,3.96817242416925,3.92997563643911,3.89158514617702,3.86545432164492,3.8488388711217,3.81618637187223,3.79692601923899,3.77073857989532,3.76325572450194,3.75279767386985,3.70269987420759,3.68983612504243,3.6718300185529,3.64661980951743,3.59909969312733,3.59535490181219,3.58664053318903,3.56578851754904,3.49601100168529,3.48337551707166,3.46883127544789,3.43096508047795,3.41092371782171,3.36270238325314,3.35986386238821,3.32379077971393,3.31159383175748,3.29772121047882,3.27854450941672,3.26100965087615,3.2499105375671,3.21285925686654
"107632",9.4354033457938,9.27597767042309,9.13789263009004,8.97944475407803,8.82861542312924,8.7176047749109,8.58686060793667,8.53162912295337,8.54047452048814,8.53597649535693,8.5420837432255,8.46422959941886,8.3961566256755,8.28201883905247,8.19668534095895,8.11411519679356,8.07609725205015,8.02226388228284,7.90675221407534,7.85798097648828,7.80419862578581,7.76260101099776,7.67393703488172,7.66541762497901,7.64428946804792,7.58756781395061,7.44392745038982,7.40386955129811,7.35979279689151,7.28108708786591,7.23953016181447,7.13862529158125,7.12402580583626,7.04729420542962,7.0111777820042,6.9693122005096,6.91596157102921,6.86498761444833,6.83115471844507,6.74747881507651
"110371",4.50218365157007,4.42204576581754,4.3530585136294,4.28558149303745,4.21931587778551,4.15283437719356,4.09267082808489,4.05066362624215,4.0164670096022,3.9744325137884,3.93883058086805,3.91155268291098,3.89869589868845,3.87988104413294,3.86764771715434,3.85969390257316,3.86261135309227,3.86797987036241,3.83478321600491,3.83197218787146,3.81870903756207,3.80409896966166,3.76814720053914,3.77695315912229,3.7776346220858,3.76681260348002,3.69753189267665,3.69589017819624,3.69526731893054,3.6532378992469,3.63948069586314,3.59215845153044,3.60209338660948,3.58442581758085,3.58611292148876,3.58828909854568,3.58544939795111,3.58871792816757,3.59878442263227,3.57484150737341
"110452",1.67440367999885,1.64406949945566,1.61866478717872,1.59168991072477,1.56324052010053,1.53670292358987,1.51459450824007,1.49688131034399,1.48506818490442,1.47059215269197,1.45827666575011,1.45212337214613,1.45568745361371,1.45619346646074,1.46722933792859,1.4796290823094,1.50329213217643,1.53531683391643,1.559046822103,1.60164059509715,1.64310587029251,1.69685278622106,1.73517201737291,1.79868171966209,1.87038889124647,1.94352926720548,1.97272983361244,2.05133506637517,2.12385555563759,2.1563066914774,2.18245315043846,2.15851308457106,2.20108615241323,2.22274883802486,2.26127559377434,2.29333435796561,2.32393230020831,2.37118385138949,2.42013776688296,2.43776184668471
"110532",2.83688629384943,2.78658118302194,2.74158045624635,2.69703896247242,2.65251969605934,2.61394720553854,2.57788245157967,2.54604361563555,2.52503737397728,2.4988107328483,2.46946536694579,2.4492668267392,2.43340703646642,2.40743507115725,2.38949103387647,2.36824515006924,2.35697822825222,2.34699152631502,2.31657759804442,2.30543611910225,2.29347838182484,2.28475593418466,2.262293404931,2.26379150428275,2.2623958423132,2.25440033204426,2.21362364078906,2.21129356481657,2.20787802776858,2.18990003474683,2.18498789477884,2.1576354096173,2.16811670667161,2.15531312038354,2.16200361669794,2.16807814629786,2.17430958540914,2.1854321747985,2.20466372336478,2.19860992426089
"110571",2.58641755593407,2.54285665421077,2.50446409075315,2.46484451109612,2.42637501973124,2.39349703193236,2.36362112657254,2.33816404832534,2.32109234407638,2.29855233772016,2.27424221984051,2.25877561835611,2.24478055423686,2.2213893630233,2.2059696526938,2.19001626696998,2.18544306199596,2.18130387909656,2.15594602789916,2.15410992740195,2.15441966532322,2.16253217321089,2.1554560724925,2.17771752148092,2.19945884042512,2.21481624030946,2.1894006980108,2.21347202176754,2.2358682019856,2.24276885928182,2.2638950387231,2.25663004743698,2.29991720540463,2.31358105109795,2.35537483616198,2.38968420985422,2.4199090794942,2.44907082353941,2.48556405875998,2.49009765825891
"110611",4.26627134992057,4.19669401158668,4.14111647637453,4.07523570429179,4.01180625360966,3.96300271281066,3.91774945448914,3.88040123253445,3.85425992611078,3.81640058449515,3.77872399871052,3.75447115961467,3.73625016876922,3.7030614281997,3.68384616610497,3.66540792170898,3.66679853222285,3.65875245328074,3.61499608206697,3.60304182762017,3.59468640918489,3.57492991435265,3.53177777886562,3.53413249512774,3.53157616734454,3.51574750323228,3.44819700782719,3.44355146589713,3.43173904539368,3.4010407905419,3.38837441098256,3.33576713349747,3.33663697656395,3.30121234504111,3.29449546863399,3.28384848403901,3.26663237519437,3.24969081981127,3.24312672388952,3.20850946754905
"110653",0.613788601698602,0.604245469975312,0.596878673472989,0.587233071762864,0.577848921738187,0.570999955093074,0.564308991391233,0.558586916345828,0.554735954587139,0.550023855558608,0.546840554579285,0.546727780246195,0.549918276979044,0.552592036338335,0.561064349322062,0.573564737854674,0.596052755949667,0.620223756612407,0.644764348717693,0.678167442910431,0.715482428282111,0.763636810812613,0.798916482566672,0.842406683068463,0.888949825034174,0.93138313774223,0.954816513135123,1.00504938288807,1.05725875744712,1.09747715759888,1.14423889110752,1.16779194691108,1.23220771420837,1.27594852157163,1.3344149769982,1.38654551345962,1.42972413357053,1.47738155200894,1.53395416214837,1.5700158862331
"113392",7.11972469575088,6.99748946143271,6.89795911883447,6.80183813722349,6.70427306719827,6.60972214625306,6.53965270858611,6.49085424433228,6.44771246788385,6.38391785924025,6.3282851990249,6.27447535368415,6.23028120065067,6.16971047671138,6.11226837469777,6.05545087391239,6.00826516843158,5.96157376637371,5.8713387090601,5.81185807350094,5.74365854728779,5.67746480512545,5.59144019537864,5.5577347206377,5.51663985731945,5.46217109914333,5.33351093324636,5.2876704967462,5.24258106157586,5.14768966647083,5.08353454163851,4.97525562315009,4.9447442177117,4.87868095012638,4.84220414108305,4.80577677187167,4.76126351237543,4.72505958268654,4.69792573810816,4.63685753924623
"113473",7.5504520833578,7.40905876993311,7.29721088075198,7.18150551367189,7.05977334288921,6.95805992019316,6.82314044780859,6.75714577121604,6.75470943006337,6.75179357620704,6.75941435063132,6.69489882141189,6.65189879503781,6.57442586799554,6.52210390973625,6.46826230917582,6.43097528010684,6.39689608467496,6.31677891254409,6.27946899875833,6.23838374740238,6.2035519309336,6.14057664495367,6.1314513379206,6.11002990029318,6.07671132472,5.97145108937744,5.94253385553928,5.9091575901047,5.83461433714298,5.78303269440278,5.6771728559411,5.65158626535995,5.58415258977566,5.55001822403551,5.51118338016814,5.46161288357048,5.41584210839177,5.37553817924461,5.2924827209987
"116371",3.93741736574349,3.87771373155447,3.82646131755814,3.77649587369476,3.72413091671067,3.67401464471439,3.62962437175318,3.59747483596439,3.56890301422027,3.53032138450247,3.49508032758438,3.46644184065874,3.4382543581343,3.40349512420026,3.36996028040352,3.34184668709488,3.32064454377899,3.29863154358622,3.2505307903727,3.22411963133708,3.19844949884484,3.17766173306713,3.14399013712069,3.14162364767455,3.13374961238409,3.11806181010944,3.05907570949612,3.0516663952715,3.04351426913792,3.00199143974565,2.98586876190172,2.93992156345533,2.94264686860306,2.91838249797242,2.9146392414741,2.91256459725032,2.90479320378516,2.90165547892846,2.90640529930639,2.88236055826586
"116491",3.95231383397138,3.88534506107005,3.83206890278492,3.77621873805639,3.71619941600162,3.66946919951988,3.6188806854164,3.57981390199958,3.55548544992956,3.5195618638945,3.48649643171555,3.47053096498278,3.45782640207949,3.43005592865411,3.41144220165175,3.39758933102421,3.39500276815121,3.3919074455623,3.35693794430893,3.34700233478478,3.33860728313494,3.32379634464172,3.29432190108606,3.29901282503696,3.2970358684086,3.28550313814816,3.23400191065007,3.23256683787706,3.22711147799116,3.19901890431428,3.18679667621301,3.13519352732563,3.13816544020352,3.11013772870409,3.10807625245582,3.10284043357911,3.09333791707221,3.08758709046859,3.08966417110494,3.0575030314691
"116571",2.79676490704377,2.7536344260042,2.7171651535742,2.67751853529412,2.63885578684409,2.60842768169682,2.57914016193063,2.55638598256691,2.54037036576568,2.51564070897283,2.49280676324081,2.47747216785834,2.4621751278628,2.43694943521381,2.42030903453376,2.40703812369961,2.40148754629054,2.3941358651539,2.36669250514611,2.35551918615214,2.34694030607517,2.3467960614425,2.32940393375337,2.33764907637334,2.34092233348661,2.33683587256055,2.29662503363213,2.30215159716967,2.30474640058916,2.29810922097845,2.30315685820763,2.28043559825946,2.30364395185061,2.29953487919049,2.328066475265,2.35054002174805,2.36960122060018,2.38446394405648,2.40963242045495,2.39918271247912
"119353",4.6991657352393,4.63303229852518,4.57540809787258,4.51679500479827,4.45226412229121,4.39146996861923,4.33012271199036,4.2881383618935,4.25049678637312,4.20489117402375,4.16107415128411,4.12605777678514,4.09403619520699,4.05196590286682,4.01274259557577,3.98193662879576,3.95822281184555,3.93309883020626,3.87909661933122,3.84625217381408,3.81159651415817,3.79149272834955,3.75275462389383,3.75127315410323,3.74368220579948,3.7338962307473,3.68118858581704,3.68820580748405,3.69380030802843,3.66006023526302,3.65829346127321,3.61950512384092,3.63151409157291,3.60303722173694,3.59659163140811,3.59182666913098,3.57928923776091,3.5688278052703,3.56843172548105,3.52557493285589
"119391",5.09785947215945,5.02504458863589,4.96237156549377,4.89724524641706,4.82953540449779,4.76719275953042,4.70413240368091,4.65830571387868,4.62081302271964,4.57059314556466,4.52384144205347,4.48526124419752,4.44923866847285,4.40180648710655,4.35964019752558,4.32783554960382,4.305841514814,4.28168348348198,4.22620012433759,4.1941699036747,4.16407081553279,4.14200452194115,4.0999125407334,4.09677363016064,4.08634714363385,4.06836516817556,3.99909179263048,3.99005310109455,3.97721171201592,3.92832820740851,3.90829168675312,3.85092005023791,3.85230288854692,3.81528734615445,3.81015843769299,3.80709590137952,3.79611882295264,3.78781284126302,3.79018695584843,3.75212406378882
"119473",7.34614639764935,7.23036925077285,7.1405771521446,7.04308948092773,6.94538136011308,6.86086819526862,6.7772593678871,6.71110061434484,6.66430911648886,6.59459816683376,6.53390066392482,6.49261171408013,6.45024148494284,6.38000337959581,6.32235533588933,6.27932355274725,6.24905980443968,6.21380513694976,6.13003058396401,6.08534112304419,6.04180116760724,6.014065987432,5.95651464422746,5.95803245564559,5.94737480309285,5.92224234618767,5.82395019780322,5.81608462751001,5.80124611178847,5.74765819620808,5.71983549417287,5.62624761204006,5.62924692853919,5.57105370831865,5.56770764774275,5.55993571272456,5.5428120490122,5.52878362266729,5.53089887401339,5.47388584523312
"119551",1.30820406462583,1.288363937212,1.27150647374255,1.25186891968377,1.23166819246344,1.21625124659133,1.20217117803273,1.19138543584439,1.18504966596091,1.17694017047274,1.17219186785785,1.17383048072853,1.17991174753032,1.18495150812305,1.19935345587512,1.22235022759989,1.25782542209498,1.30006169658769,1.33925047275592,1.39313535878965,1.45687830432164,1.53718727777409,1.59628252594994,1.68043600729189,1.76223230986242,1.8352304199209,1.87223200675119,1.96807242527295,2.08589984209833,2.21342936771871,2.36015484825451,2.46767299079439,2.61740058252473,2.6787975354675,2.72113856423074,2.684074374477,2.65376916966396,2.63119227188912,2.64535738691432,2.61481215330938
"122571",8.90252424801756,8.76208848928294,8.65587760695612,8.53475831663414,8.4077233044835,8.31653281403095,8.25199447599139,8.18921078725979,8.14604285190513,8.08138135966577,8.02000991198241,7.96950044140855,7.91579772383369,7.82290448372894,7.73914722253037,7.66867447284116,7.61036624316193,7.54156767079921,7.42306135013257,7.33299634981097,7.25297609230924,7.19201632953135,7.09279727483527,7.05407263644554,7.0003294208019,6.92842439468758,6.80314584002098,6.74990749359473,6.68835993095807,6.60680357944919,6.53016377761587,6.40223982002711,6.34930217841438,6.24349601974773,6.18948720618717,6.11935673580648,6.04263296949908,5.95854915633048,5.89077439276965,5.7784287324166
"122612",1.22648784054249,1.2074443955326,1.19190290749798,1.17174223644469,1.15118111974224,1.13474333553713,1.12037358651459,1.10828811721731,1.10174893464386,1.0944423962211,1.09045603630635,1.09432831153362,1.10487011190472,1.11582604286253,1.13774225935659,1.17382282381309,1.22747527909588,1.29131142836559,1.35255705190746,1.43714660561463,1.5243252051733,1.63321470880111,1.7236802569439,1.84335272178096,1.97652126402768,2.11656958976069,2.2257018646682,2.38440996250444,2.53851097260402,2.65973098849719,2.74499815673001,2.74026801228424,2.80223560122391,2.77525625382204,2.8038644004765,2.81458612230108,2.81973724816425,2.84568915567409,2.89411532759232,2.90042212646059
"125273",4.35656181957219,4.31755893873593,4.2827849474713,4.24329137655167,4.19890981051476,4.15053699997731,4.10360556534172,4.07675499483896,4.044999952295,4.0079068684237,3.97867409358407,3.94743792734772,3.91588247130878,3.88472968137675,3.86066456768823,3.83951045871082,3.82306143376588,3.80522573268749,3.75558575351066,3.72807448960676,3.70053475881858,3.67852221326711,3.63967038142228,3.63534770241627,3.62260194120734,3.6091768625704,3.54937225399514,3.54377840580007,3.527747368833,3.48093547250602,3.45647264094949,3.41775695120455,3.42078838081866,3.39027352463233,3.38638419988778,3.38583207927657,3.37729401426335,3.36619322877152,3.3616564517374,3.32654387648093
"125511",2.56922116222286,2.53204870122584,2.50171317142242,2.46555037175664,2.42752336622628,2.39806891058863,2.37042364795024,2.34384667489016,2.32299825985008,2.29734543048565,2.27293714395525,2.25590158023965,2.23991857852375,2.21289837762869,2.18974699753055,2.17486829393874,2.16299829755682,2.15186519016762,2.12613981694454,2.11073240675814,2.09608684954424,2.08829578172573,2.06648601427033,2.06830748196076,2.06366719785278,2.05429405881665,2.02431995008415,2.02437610656676,2.02042282935592,2.00786114420262,1.99949312699688,1.97350014984867,1.97732179986184,1.95827469409566,1.96405638355423,1.96575371103835,1.9699720251282,1.97184491025961,1.98388036901272,1.97266956087672
"125551",3.79399647700737,3.73520602110762,3.69135171525795,3.63971679298113,3.58512943030626,3.54306610508933,3.49854855502302,3.45877088212735,3.43297860416871,3.4013775650052,3.3766370750846,3.36009658340436,3.34223343015363,3.30534048669715,3.27242023079542,3.25277594525155,3.23740584416817,3.22111562727044,3.17980357525933,3.15628315904396,3.13590152311218,3.12690595553891,3.09995748357468,3.10905567249794,3.10761942785696,3.09646850558667,3.04728907523298,3.05109311650768,3.04967863223728,3.03612107611616,3.03035077595024,2.98912873160757,3.0052242366654,2.98879186006402,3.01379455327279,3.02321003009085,3.03277701817409,3.03778510689929,3.05757241783457,3.0438705214315
"128531",2.60702891717256,2.57103211729317,2.54057730636389,2.50372567050146,2.46601359039071,2.43598277571023,2.40912280805505,2.38197451932225,2.3603409753936,2.33322811715564,2.30724432433067,2.29097395348694,2.27425475339348,2.24694646383572,2.22217920861449,2.2061090184543,2.19247931286367,2.17975532150477,2.15142987123672,2.1332455609806,2.11637774089486,2.10794048605009,2.08634230226382,2.0872330235774,2.08148807228552,2.07158995246767,2.04046390942574,2.03934628981796,2.03389467765059,2.02053837486464,2.01246721253451,1.98696641901892,1.99249027667256,1.97507053546013,1.98140684820494,1.97885415241418,1.97878078211491,1.97387615465581,1.97728186579866,1.95916405247154
"128611",4.81791578983906,4.74083117713612,4.68406023526656,4.61164414131851,4.53467668485924,4.4720780550633,4.41934863309287,4.36325022006384,4.32419424223629,4.2712176008597,4.22857426570104,4.19526364414954,4.16550222824153,4.1156440777465,4.06640454238329,4.0390814216542,4.01881019271877,4.00104627037426,3.95056198053891,3.91982989994183,3.89748994144731,3.88437251805925,3.84318693902083,3.8480949656613,3.84252093747411,3.83051940078956,3.77944036971237,3.78824694186449,3.78978917866776,3.78305982266151,3.77976609313368,3.72244815550311,3.72989003925206,3.6944837055073,3.70190124165176,3.69053231783566,3.68090360552422,3.66708756801925,3.66332703186187,3.62741154006472
"131591",7.99936137023682,7.89091383826871,7.80356300477628,7.69586711608205,7.5804154619784,7.48535333736698,7.38629692489598,7.28835820760913,7.21962052363821,7.13437082715034,7.06590783858284,7.01875897535954,6.97280628517508,6.89906715190339,6.81446522609439,6.76767118133639,6.72889371175161,6.6971891065744,6.60967927262885,6.54522939886475,6.49482178942575,6.46532632536454,6.38803595581071,6.38353331412068,6.35626500302534,6.31758318289996,6.22091419572013,6.20594977214944,6.1739848490403,6.12967754573015,6.09041520678284,5.99194835795599,5.97968827130942,5.91784189143107,5.91380182437798,5.88363238604195,5.85882867256622,5.8258734886355,5.80339791717656,5.73701514706967
"137551",11.1706163539649,11.0367345199453,10.9367693902017,10.8041505801751,10.6685105591822,10.5627767491591,10.4500687839095,10.3293161398584,10.232549613613,10.1086030703793,10.0102443059235,9.92376189460463,9.84152910625649,9.73397239555981,9.61197094041941,9.54523520572002,9.49316291197188,9.45378468289639,9.34434189633496,9.26452081735273,9.20215485831756,9.16853857128062,9.05452161881399,9.05403535436292,9.01264526141834,8.95611146251035,8.78928536975159,8.76541687084251,8.72094046443701,8.63610431223952,8.57691764657024,8.45329912386772,8.4379502434515,8.3535070656908,8.35423799960888,8.31969093600766,8.29831821450006,8.25887551207778,8.23947317486246,8.1539150434361
