"plot_id","1985","1986","1987","1988","1989","1990","1991","1992","1993","1994","1995","1996","1997","1998","1999","2000","2001","2002","2003","2004","2005","2006","2007","2008","2009","2010","2011","2012","2013","2014","2015","2016","2017","2018","2019","2020","2021","2022","2023","2024"
"3293",66.4112735894255,66.5252503209203,66.7835118388644,66.4767644103666,66.3992319832201,65.8326835726571,64.992731426975,64.4150655209885,64.4590220229625,63.9483441319849,64.2701074510112,64.1331558476597,64.4808124155184,64.8808255550197,64.8899768871995,64.9397289480907,64.8430446436205,65.8327040803382,66.7258823977689,66.855488803204,66.7102499435513,66.8671292669464,66.4288403779787,65.793671561482,66.3971246422742,66.4728102790474,65.2321207463097,64.8364935696135,65.1539199614749,65.0431312221103,65.2229793411464,65.4575734879808,65.5194397301185,65.8588809608329,65.4956373491997,64.8021447472177,65.0244651492862,65.674514992485,65.8462228976255,65.721882125483
"3314",42.6989930879509,42.5461377791646,42.7605947288366,42.8185025798171,43.2417750122263,43.6242285358727,44.2467893065566,45.0480613983318,46.2288070889502,46.9523330666978,48.1845322900699,49.3985230122362,50.8218336331232,52.1406125939933,53.0150437113662,53.7369988392462,54.2847947611223,55.5563242792391,56.5841541916159,56.8462378304852,56.5373829109927,56.334686311083,55.7440457877128,55.1599868780513,55.6731880691705,55.8574190504046,55.0141778606328,54.7571877470207,54.9719660326564,54.7510277906104,54.6967185789591,54.7134624606277,54.6474276324714,54.8166674074152,54.2501573108608,53.2049111466083,52.7186932729205,52.5990687375616,52.1918995125272,51.5775336212278
"5311",60.0612428649652,59.9950902323,60.3476009669816,60.0505496385474,60.1349174160494,60.0478939927302,60.2098099422319,60.6154056944927,61.3592399815204,61.4201346279869,62.1201339362155,62.6704190605838,63.5382246734421,64.4165489118233,64.9095225535245,65.1454116862503,65.3462855920249,66.4176470447042,67.286256082066,67.2564396951476,68.5437557539326,69.428227327429,69.0889425554209,67.9993657024307,67.7643593886058,67.0687962776218,65.2386693168559,64.3863217798588,64.1517533708366,63.9399063668892,64.0341890103841,63.9685399832754,63.5734424512335,63.5263751081516,62.8364204536424,61.8807659893021,61.5607166606119,62.015101864125,62.262029767602,62.1803675749373
"5333",101.597605985041,101.615628008084,102.166205079461,101.549429715006,101.35983405315,100.605292824589,99.0085672168736,98.041498860406,97.7262762559196,96.2258616272461,95.4344289362284,97.242538654025,99.1992638050461,100.635735346636,101.291475154723,101.458632673821,101.500376041378,102.446278103843,102.818892535827,101.666605766149,98.6061555338454,95.1784549604122,91.2701924805152,88.0119055732296,86.2929594471355,84.0550571988477,80.7369060266698,78.4648496024509,76.8671411186861,75.0418308927738,73.5594407857586,72.2642878057636,70.8255312603539,70.0195823560271,68.5909931356822,66.6614215828738,65.2240171991018,64.3811053259063,63.3167114504311,61.8784385223437
"5371",43.5547673384787,43.5235921800864,43.802262930654,43.945695092456,44.1100349010556,44.1892403266715,44.4971390802846,45.0100765356218,45.9161784300744,46.1741502523838,46.8471889902391,47.6981268292521,48.7167267329803,49.3274439524138,49.7311260210082,49.9227771105929,50.069342545422,50.8415257596454,51.3510111102192,51.1427306683007,51.045563998896,50.6680853740681,49.7516184875816,48.9638144414027,48.7676766262854,48.3803086496194,47.4099662333991,46.874010536653,46.7678558746379,46.4275631993219,46.2261315515578,46.0438686543757,45.8120682224983,45.8652833408889,45.427385302311,44.8046911923052,44.5223633480862,44.5548116086254,44.3685924747978,43.8775134571384
"7271",38.7420060501475,38.4515892582353,38.7247101293092,38.838374257335,39.3677749876896,40.0786472254195,40.8678692320702,41.8925200285742,43.1512115775042,43.9320102333569,45.0290216241257,47.2750408910954,49.3900350179959,51.2607510636799,52.5836668854612,53.6134765303892,54.3201189168319,55.622280529163,56.3971926884948,56.3465661710383,56.1452827929471,54.6504594735235,52.7731690049321,51.0055901829163,50.4346555946541,49.5839187948917,47.5993427984228,46.5058769587451,45.7075204696592,44.8499347839046,44.1910921186504,43.7409238247654,43.3521813021083,43.0883085742854,42.3450114796431,41.5272627679607,41.219325513699,41.4400661995223,41.379468195815,41.0813245977974
"7351",25.8346733525417,25.6858152861886,25.8954997604591,26.0008671912099,26.3120282414112,26.6546885874979,27.0931718956849,27.733464038394,28.6949705796238,29.1777406742168,29.8877454632145,30.8353310044319,31.941750532596,32.9534126991132,33.933343375215,34.8309933485567,35.8691974369404,37.3999621109213,38.8798686148478,39.9181782032927,41.1582885713121,43.7306451649269,44.9691472895425,45.6625903189822,46.9365705022501,47.8855024095802,48.7411046048019,52.2351420372274,57.9345179756804,64.1399628775616,69.5449170297824,72.5774598960309,72.3828617195906,69.8837711125157,66.4439385067542,63.116868991509,60.4482986873856,58.5029896199512,56.5184313820253,54.1723700122164
"9251",48.1702682866973,47.6322529481128,47.9758225135879,48.3687340281895,49.4388143552626,50.9486286770492,52.4910896733709,54.3227464937949,56.3287161973232,57.6858050344485,59.2494108020062,61.6923174593091,64.0381747727758,66.2751383383409,67.9610930780881,69.4392212614387,70.7675889989655,72.916777942887,74.4835171984241,75.0689492035222,76.6165759381775,75.994095958838,74.8395183965408,73.5610468335856,73.9160385016685,73.8720850057059,72.0868677187155,71.6647900396361,71.6603504719944,71.2346716016014,71.2503653269493,71.9156873204482,72.6973512011934,73.5851331841627,73.5099637352083,73.1594447430163,73.2087993247276,73.7838053504167,73.8016590873724,73.1957852889738
"9271",67.7844219857814,67.5278166768865,68.0138957140608,67.8129016873744,68.041017776099,68.2769969368704,68.7196281946104,69.5953506066361,70.8366103736515,71.2572749786958,72.0346611387995,73.9738492348503,75.9249224181796,77.7345232274007,78.935710786688,79.9071217123985,80.6303559934415,82.2649643029601,83.2685513291779,83.2854998283605,83.0961782394303,81.5323785634024,79.3942521532352,77.3255735182111,76.9427541563403,76.0045767169016,73.3882378246029,72.2612195713942,71.6841894936254,70.890799072876,70.3706551946064,69.9866961505902,69.4725243454688,69.0082304562948,67.7650657313241,66.4839667479534,65.7021354457092,65.6725934833323,65.2481874581428,64.4016326124611
"9291",82.9476984241068,82.9345322725615,83.6268770783919,83.0704582379652,82.86123785805,82.4049210142794,81.1751215174847,80.3585182336974,79.9374524265584,78.5239816484326,77.5343549028833,76.9223404734612,76.9049667798054,77.0233885281377,76.9030666048537,76.8273753305528,77.0130394203634,78.2748670101594,79.4389690277789,79.9818493855821,80.5090789296737,84.2406323362719,85.6882046613602,85.1644047206904,86.1228548652266,86.3717668264996,84.9334684764781,84.9717134447309,87.8553953217412,94.1126770302784,103.492685860425,114.431358958773,124.260513742777,131.410145855088,132.62428655942,128.43809323994,122.429306903373,118.137650652482,113.806379372542,108.922271598823
"9311",17.7883829689035,17.7290118621422,17.8818027466546,17.8719117617118,18.0101470425001,18.1594398705169,18.449645163143,18.9320181107111,19.5924484176673,20.0840755865804,20.7595480362728,21.6821719013178,22.8594478830771,24.1858333861715,25.5269136990137,26.9594218099353,28.5748760375074,30.63913910379,32.8333755941056,34.80394147116,37.1119639429329,45.8549319461294,51.7066569210512,54.6513301429268,55.7031545974892,54.4346292003844,52.3490084232365,51.3582660078182,50.8988596768628,50.2553017454881,50.4394361024994,50.9638723225466,51.0096445281759,50.5346814104805,49.6578371435752,48.6486563299428,48.1090330077701,48.1227136986107,48.0367169685861,47.6300268585918
"9331",66.6207583681709,66.5341895193,67.1719343584866,67.2675919005278,67.7947420905028,68.3453567462403,69.2010804975194,70.3230537026496,71.7355108103249,71.9184692438254,72.3280822715397,74.5981489784368,76.7775118719734,78.4560292541142,79.438954285768,79.8691038573875,80.2570859108447,81.2396824229542,82.0308466465803,81.6491726891985,79.2241881880634,77.2540725793225,74.8054244163685,73.3935943414832,73.6777683139792,73.1925764829794,70.9527654169402,68.7611936091532,66.8540261380186,64.8712729305566,63.2535709222489,62.0848201681474,60.9679270038191,60.1497192164036,58.8658716033975,57.5063416962669,56.7096383544391,56.7353239476239,56.9583890608868,56.7636052051977
"9351",39.1128290278384,38.9261437482954,39.2635837193914,39.3753705545906,39.7706569143206,40.1686126553752,40.6126099005439,41.2865141621888,42.3447076881325,42.6522747240535,43.2152584930494,44.3987715630837,45.5722308741463,46.4781948508307,47.1861556592141,47.6073905153917,48.0633688431202,48.9879221811045,49.8196857574205,49.9490033832773,49.7154224419604,49.7259043576795,49.2805332564273,49.1257745772505,49.630970685406,49.7806778960243,50.0458296233874,52.4385060959944,56.2533464952958,59.9114869506757,62.5892136175051,63.4785327664036,62.2700494640121,59.94056933211,57.2496284645118,54.6070304379304,52.3881849185596,50.735458421059,49.423582573991,47.7586226789824
"9374",56.5546109749169,56.279686373678,56.7117140037107,56.7323698166869,57.101794561996,57.452709159729,57.8760140885254,58.5821357795409,59.7951229393604,60.0106760274465,60.5557011760922,61.5246678431507,62.5560901057927,63.2750482193978,63.793500459711,63.9834605833064,64.2776298738404,65.224178309686,66.0882184233703,66.1118383959935,66.7312057011945,67.3774305528053,67.193327058506,66.8964646612148,67.0344706070696,66.5737502118437,65.2202760223912,64.7075182008679,64.6791191037818,64.35033606122,64.2915068452558,64.3605821001346,64.4432917784602,64.8698375383882,64.5296998646317,63.7314724816641,63.053041144802,62.6553727966614,62.0743934536323,60.9749468536795
"9433",39.3683799014637,39.1878251145422,39.5327413087299,39.6051529446568,39.7341552886285,39.9338171419417,40.2918777739776,40.6920631024672,41.3866861816297,41.4194913766381,41.9299118392552,42.2735503732473,43.0297701828323,43.4689184968455,43.748382084995,44.0115459314495,44.2257733242533,44.9385784941048,45.5357982405889,45.6242622901548,45.5199683651651,46.0291448748234,45.8249847032435,45.8080976434233,46.4931786818993,46.8370690937139,46.4160020663165,46.2468381586413,46.4872472174705,46.4067423675772,46.4209838052801,46.1945526439386,46.163246390614,46.2802788215335,45.8413026167256,45.0028146674288,44.6055986671083,44.6481283481491,44.3816492672418,43.6782665607206
"9451",59.5413336673568,59.516878730935,60.0492311185075,60.0762061923855,60.0914029532379,60.219217849562,60.6142721900678,61.2577946016426,62.355724106393,62.4422577057988,63.0762324175135,63.7164025150616,64.7529049200016,65.2117692812888,65.7154192740862,66.1169759727324,66.3287966825229,67.1049668504378,67.4912070933633,67.2773366949048,66.9659337755752,67.2556351722784,66.7864812185513,66.3037290499641,66.6301838857669,66.4335522495368,65.2434121613946,64.6457386213811,64.727585421995,64.6815595977925,64.8370554293016,64.6095176088333,64.5055332401326,64.5807144740351,64.068487741099,63.3251543159133,63.0545783559321,63.408498601014,63.1063148157983,62.0676634494594
"9471",64.9445511747956,64.860904986101,65.4166305792691,65.4876330531428,65.6501300681008,66.0592976371271,66.8047135007021,67.8633499836279,69.5001343222722,70.0207073095788,71.1347472133726,72.2273747390347,73.7301637537838,74.5785966402889,75.5870181869825,76.4416726665437,77.0444186287229,78.2923656310827,78.9733268193129,79.0809636158952,79.0406340423953,79.1941127871052,78.5693163430363,78.1980829198203,78.921275824093,79.0960446911647,78.042141223461,77.661405462999,78.0449675550324,78.2194461690619,78.6182843957325,78.5600827077506,78.5932852021062,78.8532739819528,78.5239180545689,77.9161708068805,77.8396322360104,78.480121600805,78.3667398597322,77.353824504999
"9511",73.3059750117565,73.3785278268011,73.6380106999542,73.4907193847473,73.3439562106893,73.4915094494605,74.534232435877,75.8806232020374,77.5962878730003,77.936818233606,78.6830287239638,78.6035723368114,79.0424179344007,78.8781926438756,78.9780989091167,78.739796459246,78.6116065972401,79.226374309158,79.1202101171935,79.0432913894412,78.8984595330637,78.9869015138366,77.8810413351258,76.9309027453701,76.699998637485,76.1745630789427,74.5817673561941,73.6056598090935,73.6070493382596,73.6081107344721,73.8276829386964,73.3370371941166,73.0012995237558,72.8913083261944,72.6252923696182,72.4600071476756,72.4636152494125,73.1468686937994,73.1646961495208,72.7320673600545
"11252",73.172828443843,73.2529094289279,73.5596758719244,73.1150254001732,72.7134867836331,72.1411443000212,70.8034186333886,69.8646066448894,69.1208288482155,67.5246212422266,66.0397707370816,64.4244171895498,62.9091242000774,61.658648931166,60.1663431847469,58.6237639160877,57.2958621770577,56.7156528944177,56.0852295849121,55.0908084604391,54.4552291104637,53.7969303500662,52.6677876314014,51.0081635177882,50.4998083587746,49.7840932823879,48.1396221945873,47.5589840337069,47.3509413000412,46.7924294446617,46.5933362451917,46.7291744550832,46.7934525129567,46.8563186466288,46.4413879684734,45.9101171595176,45.6995365498299,45.8469319538218,45.8043635562267,45.3124238082229
"11272",30.5798815922134,30.5194001446936,30.6900102837733,30.6071605063008,30.6571447016308,30.7326923233894,30.9185116979047,31.3181532566673,31.8402493280936,31.9768319371821,32.2055803828218,32.6944683446036,33.3204346108298,34.0677455514256,34.7130302314284,35.3405618210644,36.1265198663373,37.3853603858674,38.6287155817201,39.6261706987656,40.548424058189,41.8726154589447,42.6012164798927,42.9327701370529,44.1515466390689,45.0194047040708,44.8339952724091,45.9340235105489,47.917163415013,49.7031068660206,51.3058211713295,52.2428483903381,52.1113568007169,52.0815823367087,51.6362684652458,51.1138675082184,50.9536861335648,51.3653985519221,51.7814493303432,51.7173906391212
"11331",48.1900013888724,48.2239181690699,48.6218773285465,48.7133018762062,49.1784793298189,49.5379415537873,50.1353591045973,50.7720804613265,51.7881541055867,52.0504513606416,52.2166239829285,52.724145716498,53.1053779579531,53.6171612971748,53.6843989856853,53.7885573898584,53.9422378996816,54.607187605186,55.2440256033883,55.3309546420543,55.2276668607729,57.2462182492223,58.1533951296153,58.6679500721073,59.7982601552113,59.8878406817273,58.7979523409413,58.5044671569663,58.6316187186515,58.1408319760776,57.597424293282,57.096749692764,56.5867925407377,56.1354075531016,55.4351249541035,54.5698127753417,53.9951049745946,53.8156980471335,53.5948511645516,53.0472015477481
"11351",99.7841494254029,99.7717392958818,100.643910558227,100.559515063424,101.114803058889,101.403796269908,101.694854041764,102.394525620468,103.915297361265,103.956312506826,104.093826179804,109.693895477985,114.573763223997,118.752248649146,122.062556261341,124.395612290891,126.268845024487,128.451834489457,130.75196051234,131.366796907414,129.516928998401,125.533787047203,120.751719287936,116.406154463515,114.082421592434,111.284287778803,107.030829586044,104.082509281709,101.640855561474,98.4595133973783,95.6286712602518,93.1869118396037,90.7537865479221,88.6671215563982,86.2199252701255,83.5960977496831,81.5564277327268,80.2851121254117,79.1379208695958,77.4093570505924
"11374",90.299478746643,90.2776382717697,91.0401374917068,90.9208213493204,91.1403610534167,91.1179935755532,90.3249182205302,89.9510941015528,90.5137871947969,89.844628332052,89.2611482644991,90.2562297712635,91.1409622229999,91.794400890469,92.2165030402295,92.1079617393943,91.9585506781456,92.2582651108554,92.9660691162266,92.7629712111007,92.2102892663302,90.8145623140298,88.9108837392944,87.2370618016602,86.6758426367287,85.5870199396886,83.2435586985583,82.062725322501,81.5600451524863,80.7251344345267,79.9868415367589,79.434738683732,79.1283038344548,79.1168005164163,78.31294034287,76.942895354199,76.0863196573891,75.8862505573126,75.7555376015922,74.9698900535848
"11392",43.2494402399448,43.1378290576076,43.5238510475431,43.6046622747814,43.815640992429,44.1092319068942,44.5152176858694,44.8863521535017,45.7501230022379,45.7653017964344,45.8545140596804,46.1142482111274,46.4738329823234,46.798606884046,47.2304776254772,47.4653848564059,47.7676170680549,48.429618575377,49.2914864893937,49.6140267897679,50.2760115018101,51.5671740562354,52.1656550631028,52.3288292235443,52.7126715755898,52.6087114496453,51.836342547974,51.609826911271,51.8264816589833,51.880597744098,51.9797001817851,52.0232798665238,51.9656746328274,51.9616726644486,51.7397832670465,51.2345447195994,51.0734027782717,51.2877877232853,51.3548890618513,50.9547329054153
"11411",124.76541665243,124.906891514546,125.933681329774,125.590102883765,124.877447456714,123.902578558184,119.62136800612,115.445800269134,112.739154035971,108.159998294499,104.315791013367,100.940118771493,97.9859069723567,94.8881504078647,91.9384821678126,88.7511354535006,85.7571483289184,83.5098249387856,81.3982573925827,78.4055956445274,75.6623960188146,73.3005848800846,70.5048705296549,67.9883999438381,66.5255923148856,64.4356891996333,61.6453321118846,59.4075331922056,57.9012596755613,56.1740513656428,54.5679824033624,52.9849675238632,51.5548415272727,50.259659295954,48.712309339234,46.9550455391405,45.5444313149776,44.5598916888151,43.4126517146538,41.9212791789946
"11451",138.824323681916,138.460884790242,139.416675765851,139.515569598703,139.597020497707,139.753636008534,148.853713436758,156.655376916769,164.170590955052,167.096951205614,169.70021060474,163.230658570958,158.149012391418,152.32679990725,146.968834206707,141.987620766238,137.050648655554,133.214014305237,129.218503342027,124.400951772005,119.861741136064,116.138865268552,111.584561706544,107.844917384316,105.860814592918,103.39205549424,99.6234938450251,96.844454272948,95.3485141449286,94.0766871197432,92.88710674084,90.7698408307011,89.1568131953924,88.0690133532045,86.5245735854074,85.1559713538214,85.8462276137765,88.422641306043,90.6039249633079,91.5522665041194
"11531",65.8992071537353,65.8643948697346,66.2247963934077,66.31367635071,66.6217151714746,67.3137771423373,67.7982681642139,69.201083520205,71.0818008512551,71.7681465717062,73.0005181729043,75.486493964242,78.1046377679782,80.0711155008944,81.8427409493906,82.9476239495184,84.0233444885707,85.8675482030366,86.3931344546453,86.7806543913227,85.9661176259232,85.1143279302841,83.3965728579798,82.4879240017022,82.5798113594335,82.4819536275834,81.3190770620324,80.991615763697,81.0359099512937,80.5621403758751,80.2658736742984,79.3734370731332,78.6945857721172,78.0629330654921,77.296793606585,76.5098619154771,76.084549580233,76.1916203467703,75.9391245982625,75.0552996339099
"11571",74.9618760518004,75.1663209326812,75.5399699049858,75.5643749943759,75.7661553786167,76.2396417014359,76.2574525864382,77.6387803041231,79.3875961593764,79.3883403594097,80.0820649818261,81.2707755792927,82.548051205554,83.6928095679464,84.8396783164418,85.2493096504284,85.7529264198511,87.1692911632885,87.2600658568049,87.2615816735337,88.1668070462737,87.9315418620027,87.1588245782442,88.390119879358,91.7931436456587,95.0950226345994,96.2516424800199,97.1572352587664,97.1642841538997,95.2817685544215,92.5506469056064,88.9366059639301,85.8966857133795,83.012748692421,80.2007171117045,77.4398249733184,74.9681112103589,73.1730827605896,71.0794167513258,68.7202855249738
"11591",19.2511242295772,19.2320840115869,19.3475258452914,19.3937171403791,19.5163356585124,19.7877068159183,20.0318325120515,20.5134394916251,21.0412539621473,21.1785196762222,21.3948023156847,21.769909612617,22.275846166547,22.6999354845816,23.2624536857448,23.7005555905565,24.0888774643604,24.7763363581319,25.1968378223289,25.6617184975092,26.0880342580792,26.6272498456831,26.8752691378061,27.2931627085033,27.9567558563309,28.3962732426461,28.295608729582,28.4763814763139,28.9375325300374,29.33491443338,29.7926303908229,29.9124066660662,30.1858271305477,30.476761466579,30.7142774822484,30.845434791733,31.0038957401203,31.3261622267668,31.4239973669396,31.3957226494046
"13254",62.8789155492715,62.822289385219,63.0761254726096,62.8797859133206,62.8945547942806,63.1816011389966,63.4150780365769,64.1694058567907,65.0953744434517,65.1772000350438,65.464639758651,66.2974525999549,66.9535858746693,67.8852211390867,68.3995999231644,68.6324590959715,69.0613143597459,70.300843748796,71.6767633737553,72.7338929169867,73.5766031745486,74.1323578098071,74.3913818419501,74.2265763926607,75.2498348021781,75.634869386238,74.5865910729028,75.0779973139281,76.3317636372451,77.3060082818117,78.6390648457583,80.1093282019765,80.7579593141412,80.5321394774439,78.6024707781706,75.4936819180031,72.8645444042711,71.0030832715035,69.004667613268,66.4831926461133
"13291",58.1652753587756,58.0684795561626,58.3987345769232,58.3563252190323,58.5637419451965,58.8484959180168,59.2927143175341,59.9541843880905,60.8603996294068,60.9471365855562,61.2001886769673,64.3366249879088,67.1739582361184,69.6756870375512,71.4144827091709,72.572155717481,73.7817972054555,75.3861126909281,76.5574987813907,76.5904067055215,76.2729061274757,73.3661408460458,70.2965532243175,67.4121195553012,65.9210416574488,63.9188506777076,60.7380248366591,58.6586072074506,57.1189642921842,55.3280140276957,53.941445551979,52.9803135538812,52.0942921099083,51.3354100394669,50.203516304821,48.9335394311893,48.0962540284761,47.8693905203246,47.5656156311085,46.9117793471318
"13331",129.557797221571,129.880874892122,130.967868752548,130.504147079057,131.091278598633,131.350927299797,131.769417046639,132.44205547355,134.085145824722,134.038970956587,133.941397747056,135.058672489994,135.634226998453,136.424547448214,136.426992429406,136.293787025524,136.224469833864,137.223201900793,137.995273709162,137.457524755405,136.503054199775,135.882801204638,134.138413764981,132.741556065174,133.805931311522,133.515836575464,131.276214633666,130.974972126919,131.610068249376,130.670120191214,130.465595447216,130.942538903335,131.388206728836,131.743005987516,131.256666981169,130.277866376521,129.78425001317,130.110266194767,130.24534991248,129.522941157804
"13351",61.2141502291097,60.968593361804,61.571081578635,61.7837426491879,62.8432658808598,64.0901684836274,65.8583986856777,67.6244767012426,69.7985422073086,70.8889352965353,71.8560695955557,72.7260859928075,73.4552441368855,74.0722266956257,74.4306464694093,74.5615842635595,74.5797350738849,74.9334787224959,75.7185633318808,75.9890217028787,75.8107175909779,76.0585795572497,75.9127117970751,75.8479722880248,78.3107063156871,80.962851295857,82.3785267304066,83.9986027558646,84.9941742672089,84.2798518631169,83.3056278022036,82.6204313513148,82.1459553908392,82.0086534076144,81.1984446270396,79.4164182911082,77.2106794743474,75.3917565188821,73.651581845149,71.4488227810619
"13391",62.3277931967185,62.2884458456876,62.8526567709954,62.84530939529,62.9992963178258,63.2906924858458,66.5592269934204,69.4694985396387,72.8036159686209,74.5526384382827,76.0794955019252,74.8371130211009,73.6567730406223,72.4866104400634,71.4544059224478,70.1991310314894,69.0647447891399,68.3470211842291,67.9862155607617,66.9816498196518,65.8780417599818,65.3100064496569,64.2628257895639,63.1115091384035,62.9468315476272,62.1293532588187,60.6531914006415,59.7345380572213,59.4426378399317,58.9071127785605,58.4598915611535,58.1317343995533,57.7259641124287,57.3367948457858,56.640088700179,55.7035542442253,55.1545361538423,55.1651053063723,55.0455665831297,54.4351889841983
"13411",72.1507665314292,72.0923840675656,72.7224978985308,72.804274596232,72.9953792328529,73.4317546138797,74.024052864178,74.541849345731,75.8735554890897,75.887002840205,76.1485699629562,79.3186946993989,82.1725705726545,84.5177067695854,86.583645061475,88.055418790423,89.2763992977095,90.7506493094937,92.0926484064522,92.020174079223,92.6716097352103,90.0260690307142,86.8725025732505,84.0647374472406,82.6794827020316,80.4529375346169,77.5129641349975,75.2549164159653,73.9705791554823,72.4258934433509,71.1581275960393,69.94844033173,68.6432988995972,67.5269930172901,66.0905166693891,64.4195306380536,63.1453635735287,62.5191281093563,61.703998667895,60.3662830225847
"13452",170.172781131191,169.996798083685,170.593088334104,170.860959853987,171.021696007373,172.007696392237,176.740697965539,180.84849417528,185.807364776248,186.80358420179,188.423536677785,187.21691833795,186.248034027476,184.556830775061,182.886286394177,181.0978776228,179.339405526805,178.509729955497,177.257016605476,174.747892175693,172.421620425086,170.330371560882,167.039379255863,164.733071866744,164.456846395711,163.02531408074,159.250513198313,156.448810770567,155.158338600894,153.813003815154,152.90005367372,151.38423837132,150.331346838395,149.785600845339,148.267347635063,146.145018260877,144.755728260664,144.589134762467,143.524725982257,140.831933809037
"13551",81.32644657846,81.4287819515597,81.9189768946513,81.8146066267125,82.0978729530107,82.5710388938586,86.3299550582378,90.6550163487842,94.834251870721,96.350671408289,97.8888551872019,95.8593661925246,94.1849753354197,92.4138500912451,90.7075065177781,88.4857378763173,86.4381593828989,85.3689510449414,83.1900444277988,81.0325119132798,78.3009967976239,76.459578344443,73.7799472530687,71.958969333399,71.2123423057322,70.1824445628257,68.0827828031663,66.991207152261,66.5938336136335,66.1382416831981,66.0512577928421,65.4173341736644,65.1186903607686,64.8468764735591,64.4899709616974,64.0317097249726,63.9441470545939,64.3858131074587,64.5289689340912,64.1688721058596
"13571",25.9532530241919,25.8475079273038,26.0077309825792,26.1650780808675,26.6346749780706,27.3327662683228,28.0004899434939,29.2362626016569,30.6949747214638,31.6108319923716,32.8584231202387,34.3014070094836,35.9042972589473,37.508754647779,39.2258838277113,40.6939775748275,42.2900803668516,44.3961561490352,45.9423540700412,47.4558486220478,48.8791792188375,51.3955831585367,52.7469420717371,54.0524159541053,55.5721830976918,56.4119801114321,56.1847500185512,56.6221671895217,57.5372179236707,58.277008766338,59.240799035449,59.661476837356,60.3965201161476,61.1333362618952,61.759310304715,62.4058907022116,63.8403729008733,66.0391638648142,67.8685218301806,69.1368746479434
"13591",136.346929555383,136.378341421729,137.143201544854,136.959719987958,137.322950139717,138.406364790243,139.033435981369,141.702540760807,144.549381041489,144.72138407193,145.572421459718,153.001901203023,160.23728882216,166.079334685175,171.927579328726,175.734354671222,178.890245009807,183.404517109799,184.850470088585,185.882690211559,191.849737967717,205.942677902579,212.188434166006,212.162798669068,208.103641730308,198.598020361811,186.243070925787,176.954112726883,170.047060288532,163.017476795877,157.006708328254,149.789410676176,144.15300658329,139.131028532578,134.553787625954,130.371011837506,126.892408937451,124.284608053066,121.964728681514,119.241822763624
"13611",54.5102861125187,54.410974178651,54.7366326819676,54.7800444670536,55.0660767724371,55.721633439523,56.2860486220426,57.6544796367278,59.1783835294919,59.6694945661663,60.4902487225295,61.6309207572853,63.1128320100319,64.2934481758413,65.7696154902712,66.8047306910865,67.7397524951454,69.4642678354838,70.2687849841667,71.2574690912501,72.2147544731402,73.5630715296913,74.2730474279514,74.9587450125789,76.2807045779637,76.9985833691979,76.3815178003249,76.6516118355404,77.6705673541126,78.243964683977,78.9387971330334,78.545147616896,78.7400601445366,78.9418541038282,79.0607540515958,79.1103117746918,79.4744791012878,80.4238646437981,80.7864410349795,80.7966022465153
"15291",87.038177850068,86.9814719507498,87.5888704212189,87.5349566999444,87.6292965184133,87.9274213061889,88.8893511357773,90.1414266850615,91.6051890757411,91.7661759467546,91.9352796363423,92.0981316789693,92.1839228455912,92.4859510187467,92.2876090393794,91.666007859076,91.396755787459,91.9380121808836,92.1135921887155,91.5559663229127,90.9011732642934,90.0537766238584,89.0253755089321,87.8769070463935,88.1792605153555,87.686419326343,85.530418553291,84.6903691083253,84.4368073875708,83.5684387044441,83.0567679943014,82.9790198518673,82.888165054503,82.8909705540181,82.2190359296121,81.1463533604424,80.5191567058847,80.6471370405342,80.0928844504463,78.9243878959226
"15313",72.1076405091308,71.977754804174,72.43382367408,72.4795052261395,72.9067513237137,73.6273784217387,74.6013427239602,76.0394006261911,77.840586124213,78.9126824496529,80.0433957395719,81.6646807121676,83.0030548833559,84.6762086721854,85.9302923519751,86.7657059245684,87.6762398851477,89.5093707132564,90.6406328920765,91.1359647394882,91.4131551337577,91.5860368588282,91.4474963297853,91.2952221484304,92.5512685939669,92.8988508994975,91.5318058175402,91.4797394825193,92.0490710218587,91.8258703198662,91.9477718313595,92.5084267848129,93.071634976307,93.7355397473488,93.5768127250338,92.9586909945374,92.8107589896847,93.571062581445,93.4286033973857,92.5493725898085
"15393",88.8516212615974,88.6827723672466,89.3308504021381,89.5021968486844,89.9278738399859,90.754122985762,91.755251262171,92.9228486590105,95.0345134432235,96.0649899362568,97.1598743125593,101.379791891652,105.106856404399,108.307743271621,111.044800893078,113.023695164474,114.402157050361,116.460224727041,118.590514827083,119.423710843585,121.718030127302,122.975596592353,122.357701436059,119.75148249132,118.409974947644,116.238394697117,112.960996340823,110.977799070591,112.67963240037,116.908766440031,122.759060403041,128.266866543847,131.335228875177,132.005934591612,128.999845729802,123.704179292659,117.96678045482,113.409826942509,108.732832125581,103.321117515907
"15431",231.097201744613,230.834304306719,231.552497233243,232.099567431909,231.661680973687,232.663783884361,234.621408210417,236.452763312378,239.879189662464,239.96151785881,240.713233123656,245.040964727411,249.148367428612,251.551874921388,253.714384088774,254.963981203755,255.520466760056,257.40199674306,257.943037693928,256.547734235261,255.795152023578,252.928227670993,248.679751622181,244.854802721421,243.143284964349,239.292313392554,232.465374697823,227.553978890469,225.098759775789,222.441861724552,220.216923256093,217.245552810757,214.115656130021,211.946158535318,208.254253779306,204.057314850053,200.711001473831,199.029243025395,196.578976077703,192.214754621739
"15474",106.125974651019,106.508779130537,106.72244371721,106.169935655051,105.682946118637,105.365577267936,103.528016597957,101.776241636019,100.973195862465,98.5192272148983,96.7919161793725,95.7890489008297,94.6904085960732,93.438524387326,92.1972388030106,90.9188888716881,89.9178950654979,89.413940246836,88.6659727615651,87.4320907366637,86.293515768673,86.2499199514747,85.2786675910832,84.4554502213,84.2923361168753,83.277293521873,81.0352866658586,79.3330574916144,78.3298420055984,77.5394723775932,76.9745921014893,75.9709570936703,75.2391713136607,74.740853468803,73.7260368756348,72.4676014242036,71.5752643109966,71.4627013490738,71.0522460234048,69.8483649984268
"15551",61.1098272149102,61.0931332642187,61.3948133381587,61.2469396832339,61.8136978211222,62.4621791440826,63.2006506599997,64.5896584855404,66.4372269677531,67.0748491810144,67.902247683424,70.5746222460467,73.1857645074473,75.3518559760782,77.2865947291551,78.6296664561493,79.8021601025648,81.3763505640492,81.996014804995,82.1938387233632,82.4658786535564,81.5848155281454,79.4373072296616,77.7318017244228,76.8853887435612,75.5811577131966,72.9952967881786,71.5886291846142,70.8070187073343,69.9134245098501,69.4288250548558,68.4404886954306,68.0761874321347,67.9848283229099,67.9126106253573,67.7495172431829,67.7303534957821,68.0171796549308,67.8039834480035,67.0521756995602
"15591",95.1297448359286,95.0902313753067,95.5787797656918,95.3653821111008,95.8061150040499,96.4185438018723,96.738265102545,98.46354248918,100.452684525093,100.485861204128,101.068349845036,102.920565585084,105.103283154437,106.605456621345,108.108541793553,108.533049775754,108.995018316911,110.304817886588,109.971668712846,109.595705186115,110.246475621475,112.350387648343,112.799312349054,112.498428897426,112.574812727235,111.000278057792,106.821975297148,103.504720515089,100.664189361476,96.9698865034589,93.9634431339453,90.2922149941096,87.645081830779,85.2013102342991,82.9110191867839,80.9071368598821,79.3338224896415,78.4843030269683,77.2955194032431,75.7802811212223
"15611",44.3196660398781,44.187277468937,44.4409310001183,44.5299726935691,45.0042808079933,45.7186038833635,46.2122616092559,47.3698128735328,48.6300765262026,48.9398454727608,49.5290889919781,50.3054592179606,51.3519418321495,52.0720288645002,52.8698655388193,53.253096745826,53.661612289633,54.4722529680318,54.5517590411564,54.7041158851126,54.7290373743805,55.1235658813897,55.1358406085309,55.1282469600369,55.6466018854675,55.7222445253523,54.8517211084663,54.6180792735704,54.8764967997289,54.8056631042982,55.1764416564334,54.9508136543178,55.2036377599736,55.3536545932869,55.3896823150867,55.4250126366187,55.5087539361318,55.8863083433623,55.8096246230099,55.4833923467623
"15631",8.02327522181804,8.03935242829855,8.07844017128876,8.06450789019996,8.07265333859512,8.08858600220263,8.06201883105434,8.14945771245741,8.25919014008802,8.20741119129545,8.20249659128878,8.52062583089156,9.21299714904027,10.1634201137026,11.4745664837849,13.0471185416898,14.9502029107404,17.2606647115731,19.7365499558892,22.5566000997448,25.6752970417465,28.8231049580787,31.6241791505029,34.4110872627697,37.371688978453,39.9931943352239,41.9081065660538,44.1124744751256,46.6375990824456,48.7769755147504,51.3293115256278,53.1586040050909,55.4404991419415,57.501967078814,59.4409981501311,61.3564257652994,63.1908569250338,65.2890190998208,66.7762281198808,67.8983289466019
"17171",68.1015949009776,67.7986367645197,68.073181670407,68.1050016869861,68.3989707040062,69.0496768896072,69.8391357582732,71.0056854346417,72.4725670178935,73.0856553838713,73.9862122262742,76.2399953243901,78.0210339436055,79.7292084169067,80.8058230607842,81.4183229595011,81.4470929292649,81.9505053737456,82.4017235624786,82.440509459161,81.7498415681919,79.2636363333013,76.5063396008663,73.9817622877713,72.4597827778429,70.9070983143905,67.9527040030227,65.9744660289348,64.819212899183,63.4191590688407,61.5494398509682,60.7774960746443,59.921666322033,59.3994525824026,58.0653133363865,56.5719276051851,55.6382860638071,55.010616131759,54.300662784841,53.2170391828399
"17252",56.302231793965,56.2415708906452,56.6226090319474,56.4711170849088,56.9130034335505,57.5642652065223,58.3193490331184,59.5121712267831,61.1531913534937,62.2072670681832,63.4846121938434,66.2196541709925,68.2318581719485,70.5057741662955,71.9469882081423,73.1083204513133,74.389835965668,76.052836577927,77.1623125856805,78.238064699187,79.3626993709927,78.2484338247778,77.2796083775542,77.5481598238627,80.9728685470944,84.5136374940482,85.8333243344482,86.7637769183789,86.4705685084672,84.1993954102257,81.5934317605487,79.6590199085595,77.584361964862,75.7776205584991,73.6194108777044,70.8988631852384,68.8124829046306,67.4258420305128,65.8783453167506,63.8750710371232
"17292",89.3431638791136,89.3856360502846,90.125920420187,89.7323110372348,89.8234956045738,90.2216752516842,90.4666194745392,91.0880821620064,92.0964424410359,91.9427924047836,91.7459596604955,94.7129505152744,96.9826224720962,99.372839173312,100.964811623847,101.943350736764,102.895949219655,104.399060055709,105.062900434085,105.123115448853,104.642848155422,101.475961599264,98.4347853021915,95.3220300467145,93.8381089444058,91.6450526236665,88.0352676478617,85.7645164783835,84.0957948543204,81.9642423517022,80.2573725212991,78.951338832217,77.6403525130087,76.4461138524287,74.9367837776237,73.2198139964758,71.9455649887763,71.4397370366358,70.3995001516116,68.8721416995595
"17312",77.8431508294571,77.865213563696,78.4483956940376,78.1978727659809,78.3428994741922,78.7123412058624,79.0193486631417,79.668016481808,80.6496977843723,80.6812832509792,80.5942093347656,81.6993403102292,82.329089542189,83.336987873323,83.808500436377,83.9635686996417,84.1846438042399,85.0088809362623,85.1605676867867,85.0640990225311,84.3831155833469,84.06922900303,83.6279136959526,83.176368774109,83.9122231880402,83.6955541553322,81.8765396660376,80.7025446277932,79.5691507347194,77.7836757694981,76.3750229970864,75.2914236648619,74.2378161699299,73.4135597016786,72.160683591683,70.5195396299119,69.2156217667264,68.7029142682848,67.749363315376,66.3404937768631
"17351",14.9669474786255,14.9058149762196,15.0413250358955,15.1420905997497,15.3682707066736,15.7298182113779,16.257352853743,16.9048620116387,17.8276691794198,18.6760057016704,19.6935963810886,20.9174218315066,22.1950139661811,23.6172833976742,25.0634164270881,26.5174830247811,28.0588399656234,30.0018259178827,31.743803218173,33.4604784556898,35.3665822623749,37.1993173334298,38.8473873868263,40.5193963083611,42.6064386579957,44.1804067612327,45.3740185066775,46.9294192006947,48.6913135285215,50.1980069503941,51.9416570087021,53.7716519498903,55.5125741314195,57.2989873924814,58.7057842997016,59.7635078851033,61.0132227058562,62.8448080977708,64.5916008711405,65.7798377362233
"17374",140.993061645026,141.173483820599,142.34420885399,142.426247519853,142.764791247412,143.658584703961,145.533624547521,146.801912360109,149.091430502834,149.341740920152,149.805933744126,151.445401893098,152.394055602273,153.047092350781,152.963667807335,152.070697587461,150.756738441319,150.831561126034,149.434830425134,147.400961238816,145.649613264511,142.196893278304,137.882122233848,133.66553248066,130.803846231047,126.827305847506,122.152842295097,118.625337475466,115.757687891816,112.498988858813,109.839482834032,107.543982836624,105.290170965598,103.618508215257,101.600049149889,99.4216332785714,97.9260637749627,97.3596538436843,96.6013788111168,95.1367009908278
"17391",143.939907362151,143.831085343889,144.924342786075,145.380477642036,146.017464726913,147.167950188298,148.582084617656,149.671620612315,152.013083106025,152.683277141635,153.09062891463,160.448995816356,166.759902961543,171.675318992979,175.731502806544,178.392799044549,180.007176100759,182.498367516925,183.598802959715,183.37239692677,180.875369359145,175.006357549369,169.145024380261,164.706298340671,162.505396002378,159.137289346316,154.541244136724,151.424770920214,149.324864677312,147.027512508239,145.574068507316,144.559662724135,143.828019928688,144.538299464605,144.316798673885,143.46661977146,142.466258905168,141.746382192815,140.001281010237,137.157336505748
"17411",110.856736865586,110.763449236936,111.551499292137,111.812570932827,112.218512425815,112.868528174447,113.857505425116,114.685763224172,116.355574218387,116.806730895239,117.013009496956,119.099671450475,120.956310168695,122.114407344107,123.243665713485,123.749161483206,124.031191209539,125.193265366035,125.671608736808,125.526219830768,127.834590641611,126.011152088407,123.931987361103,122.555329751826,123.46890566505,124.516261515319,125.307818154959,127.84403170756,131.053589249129,133.112105584526,133.959962327661,132.621582763251,128.874254086758,125.099751919924,120.369907188711,115.857970654764,111.792470311838,109.298063881663,106.991668137515,103.898320980487
"17491",22.531664257753,22.3479896616495,22.4239553427551,22.6229127890379,23.1413369425772,23.9442207463419,24.9594329155084,26.1632318895317,27.6387289941506,28.7646552949699,30.0939662438219,31.5301733325511,33.0942554591237,34.3572760504047,35.6671324372353,36.734040831826,37.9589377648703,39.3022449569206,40.4407225090514,41.4181789780868,42.2930997406874,43.5502452792026,44.1645379307512,44.8297549593836,45.8032730983468,46.291834342866,45.8721397032772,45.8762679575113,46.2106284841431,46.5670300346495,46.9769244391146,47.1205420976334,47.5034360864858,47.9530782593558,48.0437257117234,48.0011131088008,48.124424418113,48.8209868355496,49.2747737927652,49.2093854433674
"17531",71.2032044209964,71.458484674972,71.7399236920627,71.5687303995131,72.1670603938344,72.6983152985398,73.4895685636945,74.6374922132126,76.5062417800481,77.0759770437119,77.876939397442,80.0853582200808,82.3044885310198,83.9191701197524,85.3219055582719,86.2666204745441,87.2105204194508,88.4789250400024,88.9037030802307,89.0254721597548,88.4142200022545,87.7339116336308,86.0692169517732,85.2525047951727,85.8972186031732,86.2039544449907,84.7287693096848,84.2276015837523,83.8983496100776,83.1165498520045,82.6002306450881,81.7647611111375,81.494641240222,81.1878726643447,80.1356375904138,78.7431354876695,77.7610285750266,77.6420676381187,77.2371523052634,76.1380511107788
"17551",88.4435328013926,88.7761672611748,89.0158187118234,88.6484430417041,89.1534891582502,89.3851855824725,89.9636274754232,91.0801574653647,92.9100610385591,92.9909706609589,93.3063032964374,95.94387218052,98.5956418540801,100.634845959113,102.384982777843,103.003947849954,103.931185189404,105.204446337464,105.15346809664,104.948491136808,105.330563890091,103.543632271996,100.017471705822,97.0227404269252,95.243132191387,93.0181227900731,89.1954165893597,87.0422964566259,85.5638117229343,83.8064647165812,82.6483740906623,80.9595378819683,79.8270425375779,78.7630865253394,77.5213776806573,76.3793400787886,75.5681001180789,75.4195284336056,74.812612754152,73.6562841890202
"17571",75.2070023342855,75.3130568091217,75.5368591139811,75.4325643345207,76.0894357494274,76.5869130630002,77.2005243660696,78.4161299892222,80.0921578350377,80.2092536832085,80.5483883052903,81.3190154693949,82.3676070685132,83.1003550864857,83.8392119839186,83.5060050099431,83.6842605701985,84.4181979124768,84.0582607782467,83.9014584016556,83.1443707548301,83.2796933308293,82.2131783440847,81.670258812473,81.9893111939852,81.7076626021544,79.869653274521,79.2824697638586,79.2283854738051,78.7730337542681,78.8278659532659,78.3498605757478,78.3711770165801,78.3095810968988,77.9558158914148,77.5926496204526,77.4006123638443,77.7659593542327,77.5600190739858,76.8233533570423
"17611",45.9069971859074,45.9746538855141,46.2318251338493,46.3555036610313,46.7874843411072,47.2913326374279,49.528070864357,51.9658069006134,54.1931266712192,54.8831815386272,55.6052714461769,54.2587947185275,53.4719477701667,52.5282818341019,51.8961559858678,50.9690548321479,50.2905772523135,50.0003141428739,49.4445243582905,49.1094055963822,48.6024224009577,48.5602937957623,48.069442540354,47.9584724168614,48.5145265793406,48.8272837937813,48.3311923563886,48.2312296251376,48.3009710162851,47.7174867625447,47.5121647447178,46.909161724943,46.8105485772063,46.659410005164,46.4791494148148,46.4428310288796,46.4849285941326,46.8942734121703,46.9856224490888,46.837163523754
"19191",27.7691858330135,27.578621220646,27.7018137536766,27.7937170516178,28.0786077550605,28.5798353524712,29.1211987141988,29.8871904552913,30.8543214307982,31.5199980649612,32.3740240990683,33.5326076710524,34.752200233197,36.1176826302688,37.3995179209506,38.7659013969241,40.1546876457208,41.8685409590392,43.6822609939003,45.3712728447482,46.7237247902544,47.8083804877212,48.8553804203599,50.1056291837016,52.2362138748597,54.0839923977703,54.5427068199115,55.2601341786177,56.3394538578006,57.134770862442,57.5502071635963,58.6526817054282,59.8663241794054,61.481223956675,62.2705721695318,62.3191734736286,62.3695244788796,62.808050569681,62.9172013752168,62.4786171401198
"19271",101.140123926479,101.170018189977,101.827322636909,101.307673696616,101.727871173674,102.424958346609,103.069859946011,104.221598971282,106.082598066042,106.765935726434,107.669366400998,109.259126481889,110.099131562487,111.509680249796,112.038473265643,112.341217540181,113.117403770915,114.533419778482,115.4346360542,116.265394339013,116.416838405805,116.129374324033,115.883300149544,115.290955638448,116.688063416766,117.120404205949,115.302591157135,115.108502010657,115.466366842857,115.064730252447,115.173450857496,115.827114546649,116.148070667169,116.356695760772,116.141080037183,115.151642707763,114.647278386971,115.007187353885,114.541863731375,113.193899808185
"19293",53.3167671388841,53.2676785424131,53.6192592624818,53.4772739501188,53.8760913954407,54.6027124873238,55.1915013679402,56.031115277057,57.1438676317071,57.5618477643117,57.9760348550265,58.9180026959562,59.5440569802537,60.4049066897203,60.8850424872764,61.2311098337472,61.6730172263243,62.4879881649432,62.9735110257233,63.3583859688151,64.7232332954556,68.1403644523864,70.1319098112428,70.3119364324442,69.991117385346,68.3300849169421,65.7902998694757,64.2920867729442,63.230991646624,61.9150930195353,60.9689704222083,60.0615292091397,59.2083281261045,58.5586854457958,57.8468817098451,57.0028035838849,56.3919744114664,56.293741893077,56.0888096169104,55.478216751073
"19331",46.7094930094188,46.7180427899168,47.0653345809288,46.8970387226715,46.9588747896306,47.1621892435029,47.3546063350372,47.6939489965563,48.3730801982192,48.5221847827237,48.672358119476,49.1923832382109,49.4556048873269,49.9479123974586,50.1145263561603,50.0918757292672,50.1658301349591,50.5917901695233,50.6022195192212,50.506544138303,50.3354651342907,50.1129291486194,49.7636538875991,49.4163762319664,49.6319389434858,49.3189069781569,48.597805010334,48.3217946369943,48.202153912276,47.7966030076588,47.5806728529024,47.4190838511331,47.2636547377813,47.1826443618919,46.9246869968249,46.4401304116006,46.0284946295184,46.058873252981,45.9114736872572,45.4521396155499
"19393",34.2134319443504,34.1446810190203,34.4577171554208,34.6480338843003,34.9683212473555,35.5473918548027,36.2474417904152,36.9369878947936,38.0000320983822,38.7219037451106,39.4059735596521,40.4864047672176,41.575620959045,42.5311667767404,43.5354107824641,44.4205651833346,45.2795966166121,46.5394774920868,47.5863355690018,48.5530360339607,49.6555119657682,51.3140394749758,52.0800279738502,52.644917232539,53.8360955360387,54.5515746477466,55.4523617072936,58.5398483455455,63.3631802058111,68.5124969452981,73.0464391308961,75.5928597010171,75.4704263274186,73.3607890752063,70.5811420072771,67.9798350237787,65.782590999738,64.2123491249526,62.491177137069,60.3401135184656
"19494",181.171708958556,181.737184746845,181.682744481414,181.130036295902,180.89490239793,181.094857607812,190.875166974683,199.272762870506,207.246836008242,210.374451879784,212.719753498916,204.794986160598,198.23278823868,190.999319751021,184.322957189051,177.14992600516,171.316714595174,166.408150935123,161.026286555231,155.747122643176,150.56357515896,145.901500324495,139.677208108922,134.750403162829,131.736544886707,128.325528568189,122.973712526458,119.329743815036,116.631127094741,114.082222253124,112.288633714528,109.809196557157,107.83549942783,106.172452181318,103.749170270822,101.176720235673,99.3867353543872,99.2282559250735,98.7657973222211,97.4110102837107
"19511",23.7440211740706,23.5689017036672,23.6312467558946,23.8510250070555,24.4367840864656,25.3171531451466,26.3606204393239,27.564101464303,29.0503352252932,30.179334937852,31.4605275689718,32.8976784670696,34.4419076695211,35.799373433996,37.1524538412875,38.313745912268,39.5906011154219,41.001472035459,42.2088103924705,43.3188000723411,44.2440891680131,45.6794460900215,46.3490399402626,47.0724253139614,48.04977595129,48.5545732528071,48.1079622776824,48.3305997840252,48.877632106043,49.346803076629,50.0514625743932,50.4936964668003,51.133499287771,51.7705299351006,51.9548804350617,52.026115756,52.2335669296084,52.9451571259045,53.263183713064,53.0809339524943
"19531",118.405804387895,119.294423292993,119.592201490001,118.686096270533,118.073488997547,116.958840510751,114.138475610746,111.991145885874,110.713438737419,107.560713973743,104.982815854298,103.245209590698,101.730489461571,99.800166946543,97.8265258566437,95.582071376558,93.4505524560523,91.862150537933,89.6503117715476,87.4479112232183,86.4896346314508,83.9540953670508,80.5780375258378,78.355960096945,77.3122186972826,75.9865055555404,73.3072890090532,72.1661210847187,71.6803364756059,71.0649417922552,70.8371744754195,70.3594128452435,70.2721034186829,70.1975454110538,69.6439904658254,69.0885265996327,68.8903197729071,69.4839031642863,69.6067182661222,69.1217275789835
"19553",12.6774864837523,12.5360935706957,12.5942199146579,12.7984617493279,13.3470431843062,14.0958781374696,15.1570589151577,16.5858963225669,18.430276299853,20.2229861604247,22.3771865935983,24.798091794073,27.3984547919761,30.0285723293442,32.7622439003931,35.3619281759165,38.1980635449411,41.3753591883248,44.2033540821504,47.1746374726961,49.8636708327787,52.9956621256998,55.0970561275666,57.337048313459,60.134517977229,62.4260415568846,63.342516233465,65.311682063472,67.659231601879,69.6504410211996,72.01404438865,73.9424565184741,76.2033550378617,78.3661623063726,80.0326828806929,81.6201695052348,83.3382397841145,85.831012736469,87.6135757024295,88.6559827372296
"19573",59.7238813985722,59.984216559089,60.1645565247645,60.0559183238759,60.5201681353922,60.751970045663,61.0606848536676,61.7813175626128,62.8963578986238,62.8067907290965,63.0427869041432,63.6781697386037,64.5489197063429,65.2276903143172,66.0150378023013,66.2463667829151,66.8199475775899,67.8932269543357,68.2288539372155,68.7879229338954,69.2266910979801,73.0137735104672,74.5703722653976,75.1916439015424,75.2840094016917,73.9383087455362,71.1143663236334,69.6836782200807,69.2649401278437,68.8182951204364,68.7322772725731,67.6747821231805,66.3199276951713,64.8073413959477,63.1536104709137,61.6376942169774,60.4348572632656,60.2326007865384,59.7541812837525,58.9163916768298
"19592",111.391024780202,111.847063002151,112.370088985883,112.558529513296,113.538869751688,114.307749485035,114.864035335155,116.24658840972,118.439188402958,118.128196084888,118.684455065956,123.017065666747,127.446293827101,130.66084603037,133.609452329439,134.98645626167,136.373632696173,138.082397831871,138.095699677956,137.905832795027,135.005123010914,134.189265520662,131.262544098257,128.453152339219,126.405863242829,123.332133661011,118.745691391814,116.73270104238,116.476765747283,115.753243889695,115.704862072701,113.658467762905,111.159227204431,107.342701292998,103.004847188429,99.0307234879669,95.3283045594312,92.4705165255875,88.9991807596426,85.2335114646335
"19611",93.9179333496283,94.5832199001682,95.0564021170247,94.9624899159032,95.1648044953408,95.0385126240308,92.8238908311353,91.5828690721309,90.9245914773726,88.4651556673909,86.7829530071076,85.9049798366509,85.6380868016383,84.7584327993553,84.1090041263633,82.7740746843628,81.6363183651512,80.8290752186805,79.4010382783772,78.0533681577122,76.0282109599731,74.8255019714884,72.6065015464011,70.7905106869452,69.8332911463201,68.5001683960046,66.2380936396372,64.8463013646767,64.0250461132224,62.7536174192573,62.2845670585737,61.3575703284945,61.0568710979569,60.6947202162251,60.253873278868,60.1086462087269,61.0236977017901,63.1149321617139,64.8460394166574,66.1616584603113
"19653",73.535202719456,73.685732941351,73.9008663491389,73.9987198329489,74.3558965265206,74.6490239604322,74.7003216349225,75.8776719044687,77.579653195681,77.9886686462154,79.0439823894666,80.4142671058277,82.4235397921672,83.673992250238,85.0327989074171,85.9230890030457,86.9534640737569,87.9354948977459,88.3807702726618,88.9009205198943,89.6006107666774,91.4944043586742,91.9141518699164,92.6193691908476,93.4145545283467,93.2914338953866,91.7955120773658,91.2401303150819,91.5467092540808,91.6105861741776,92.7801154328888,92.417258156071,92.7721418964701,92.3655059066162,91.7744055407738,91.1294594129753,90.5489669673688,90.5918717714897,89.7793131303778,88.5689802304157
"21211",38.0164706189427,37.9356157300787,38.1535337154097,38.2105279055184,38.3227785013287,38.6072768797444,38.926408219787,39.502108195391,40.3140160153552,40.7728877739577,41.4130275777846,42.3229744952311,43.2649778355121,44.2255985951777,45.1457999825207,46.1697603882295,47.2473103319284,48.5826802953178,49.990164446051,51.3764272188089,52.361845551823,54.4304588931114,56.0302414178223,56.7631089863791,57.5998417179101,58.1368694241419,57.6863691724255,58.0059256787399,58.7471657956157,59.326446182779,59.7933779640356,60.6423022539936,61.179783012361,61.8131419515116,61.9638055356974,61.6928313933557,61.9533962694257,62.6603061113499,62.8855518802296,62.5756077238737
"21251",80.7586090354758,80.9308168250899,81.2858359431975,80.9438194479069,81.110159308266,81.394626650303,81.6286384428108,82.1265223985781,83.0144099039354,83.2272672742922,83.4112439026433,84.503137783863,85.0552651117661,85.9086636389457,86.1813154225388,86.376450153713,86.7074186737659,87.4085789817783,87.6803790509363,88.1310169404991,88.0172093497084,86.7872987098026,85.7269476477908,84.5505756198639,84.9295830192504,84.5790653783224,83.0578223563706,82.6487798234438,82.6622729001984,81.9215394179316,81.2328664847866,80.9533743479562,80.5820590956268,79.9890385779376,79.3016093335611,78.1323510577154,77.4098419026435,77.2301032196903,76.3556895576005,74.9350342295504
"21291",95.3292451715066,95.5323136056168,95.9973868041715,95.5399750875366,96.0835491883152,97.0287537364528,97.8262700066155,98.809359194694,100.340340496087,100.585277920561,100.877657095573,102.081884224959,102.719813892852,103.805035306303,104.171221844861,104.505848623336,104.957911640275,105.994676992869,106.435670365954,106.879077706302,106.85687619672,106.330295426017,105.806328082052,105.28062348766,106.220857979632,105.940490037156,104.292033230108,104.010404632038,104.249513332286,103.942033584678,103.944803039473,104.132558594587,104.185782769707,104.194634972263,103.899653778942,103.203721622564,102.465397096312,102.564161591851,101.998171328879,100.778620241111
"21332",49.8905286295739,49.7723861489403,50.0463912949441,49.8270135958116,50.224212937761,50.7643655184631,51.2115303454955,51.8002529533431,52.7850507599325,53.1501058895756,53.5587447534444,54.5810411205838,55.3989428203109,56.5717621844744,57.4180921220721,58.1454686071771,58.9981162969626,60.3163691280307,61.4088099455093,62.4187599061867,63.4160980401016,64.8457456521986,66.0143500554938,66.921458238471,68.3842205366069,68.8813666007251,68.6688612007772,68.8633837341114,69.2758989353272,69.3919386351917,69.7577673386822,70.1768729485194,70.5591376726799,71.0725970885715,71.3402252755537,71.4696363051264,71.8764766102428,73.105584068426,74.0178122586195,74.3587878522895
"21411",71.2012912225396,71.0162155630197,71.5725557781816,71.4845385212072,71.8273162982423,72.437169528743,73.0302755719058,73.8605052706317,75.234857482725,75.7185951192144,76.0828282943457,77.3855105316717,78.5697957026226,79.376583318309,80.1127378063856,80.7856334695218,81.2476478262348,82.2053908738668,82.598668624934,82.776964661299,82.649453876201,82.591395886538,82.2680131214763,81.5905748351621,81.5870340307275,80.9620395625591,79.621229235145,78.9202107682552,78.6741198040652,78.419595712442,78.1711492974074,77.9029278542883,77.8321101280497,78.0296294363004,77.768550001312,77.5474297263485,77.2946448139244,77.6795379200691,78.0928951908707,77.7595577595147
"21431",43.0652827789671,42.9783708229013,43.2166052001505,43.0996774501436,43.3969208649714,43.7146654200063,44.2725280058993,44.8165863126061,45.6820822421946,45.9000323111561,46.1692494811265,46.9194114316484,47.5894376288829,48.0351735755585,48.30923006753,48.4696840151591,48.7282245210046,49.076758097577,49.0482328059078,48.733146537564,49.3258669434617,48.6536689797532,47.7201668689885,46.4047323589825,45.7026465161469,44.823355289418,43.5447202036362,42.839865575806,42.3552081730127,42.0451918291431,41.9732392927211,41.8870677867026,41.892019801938,41.9802934929844,41.8135227440154,41.5757716305576,41.3749242765509,41.5524996989262,41.6520405570194,41.3722344234068
"21511",53.9296860108762,53.9962913200189,54.0773191558379,54.0245829925758,54.2099634004495,54.6046944795716,55.0376447454757,55.6630351470913,56.5792031564747,56.7272962978355,57.1140338302532,57.6516259317326,58.3595295207023,58.9159455168103,59.3680445570523,59.5593181388091,59.8122576459405,60.3097473747408,60.4113269466288,60.5778437267493,60.9265599672828,60.9648988404682,60.1713854719676,59.8202383925964,60.204243617037,60.217799206896,59.0501903830019,58.8740446863369,58.9806185293865,59.0681490927955,59.5047234219857,59.4905723607809,59.6120378781345,59.7802601437479,59.494235729485,59.1590752484306,58.9593906460842,59.5304351746939,59.8136287283511,59.600839446131
"21531",67.3347686845493,67.4432166506839,67.5380849131694,67.5017151361083,67.6783721348214,68.1374782807164,68.6787367851149,69.6068893481851,70.8879418317491,71.0100592926088,71.6677995653888,73.0044281337487,74.4249565971951,75.5083910478937,76.3096796468961,77.0566920924015,77.3922994529783,78.0431176059442,78.1403978815753,78.2652119606817,78.1417301314067,77.595311948291,75.8125857905849,74.8070062015586,74.7191605378072,74.1020478073649,71.7435293145909,70.9707377213224,70.9386240676317,70.7823808334957,71.1037428127781,71.1253284995727,71.1547285385747,70.9155850568841,69.8789118739508,68.9281628885589,68.2808336502686,68.419148686689,67.9729489494199,67.0383669791265
"21551",7.64087674745254,7.54597931698479,7.59056480524994,7.7656881630435,8.15454677785256,8.69108718936009,9.39339231177769,10.3368030285211,11.5077194231146,12.6333947981066,14.0332146086842,15.7074485747194,17.6021595593188,19.6327677247246,21.8195374812476,24.184676383926,26.6997095713257,29.567639462239,32.3368165025599,35.3246747372814,38.2534876445308,43.1460015921011,46.6265364205526,49.6706081196402,52.477855535153,54.0448413203439,53.7169983710138,53.8630165758669,53.9516574183827,53.8280897076938,54.1708431768421,54.432692022788,55.0903986142552,55.8142451008696,56.1991673660548,56.657318158771,57.1960620537015,58.2976648738633,58.8965443846538,59.1050692064346
"21571",22.4050402308508,22.5114319670775,22.6241776938248,22.745653688989,23.1334579402015,23.5539543924697,23.9893517721849,24.6558962225435,25.506727866633,25.9122782664042,26.6409203324485,27.6694492054874,28.8944854304548,30.1808811449708,31.622445428022,33.1706694634077,34.9334322869648,37.0978889078886,39.0656625533513,41.3069781340566,43.3427846702887,45.7028613074444,47.5152815011534,49.6368648204981,53.1717490247511,56.8236385264772,59.3791752709145,62.5408533420657,65.4038620555482,67.1937618097391,68.8223717772248,69.585341279316,70.2737716772769,70.4211057148683,69.6306129645881,68.391120363397,66.7587744500072,65.3423553654451,63.1938633495159,60.8094201952056
"21594",79.3168139609537,79.8692384798991,80.1676461855819,80.4477633525399,81.005138750555,81.563186369896,82.6270871882531,84.1122977222876,86.0182410705387,85.8589032224949,86.500686989066,87.0604114219455,87.9349977014434,88.1368623427169,88.2907368083579,87.9556743022383,87.7122147582586,87.8302395303162,87.1157059679494,86.6318112669095,85.6780193542519,84.2312847239847,82.04323204453,80.9639088095558,80.9908576844691,80.1805990903391,77.5397549180859,75.8418968556904,74.6930253044875,73.2357537116089,72.774876660851,73.1853762201999,75.2501627203714,77.5782080995768,79.0817988022139,79.3499741226469,78.0030199245914,75.9696062726618,73.2127725453064,70.2495711868523
"21611",80.2968833273844,80.8603223352794,81.1729270913165,81.4157152857437,81.8841723478769,82.2767830557366,82.3792534304502,83.0706354963161,84.3172330206291,83.7470619125119,84.0163384054722,84.4343861560295,85.3749706507541,85.6503377589205,86.0049670182818,85.8728774611096,85.8959006331154,86.2762032988133,85.9481961018867,85.9103729897195,84.9976998564446,84.8312729916964,83.6738673671339,83.3096865922482,83.8640472794717,83.7355447652586,82.2582208894933,81.7268011194966,81.65566699965,81.1399092655043,81.4624209456935,81.197518487935,81.5559695726566,81.7371484799957,81.7539045003326,81.8675757676432,81.9322208528426,82.6115517907636,82.5623351851604,82.1268907099664
"23191",64.7122863661862,64.7920115727085,65.1367696808825,65.02345188641,65.0787821499659,65.3013545414434,67.2751670030533,69.178138815948,71.1373945487854,72.2320030160943,72.9072130942328,72.0856973472392,71.3249111914635,70.6678957621061,70.0392247203847,69.5302027777301,69.099808555188,68.966355941617,68.995392486299,69.0872351613651,71.4661253442846,76.4776648450493,79.3451967967891,79.823694695578,78.353313298075,76.2926870855223,73.1158888814695,71.1734658440815,69.8476050912111,68.7450376245692,68.1947511070598,68.2840464331485,67.4662480080043,66.1826406521354,64.306479970108,62.191274313576,60.7590298115262,59.87236594714,58.6181720232567,56.9258185374499
"23211",6.13849871087313,6.14084326439197,6.17825394530666,6.18974406709389,6.2174782795067,6.26656789984255,6.4949669671219,6.92630321612389,7.56702976001028,8.31118575400654,9.22183164608364,10.3334261779788,11.5813747313322,12.962795342979,14.4509771671194,16.0739220116154,17.8210937378546,19.7596648510764,21.8191722397957,23.9880697409506,26.0590484699623,27.91759562167,29.7395978338362,31.6253179127044,33.9870749998193,36.2332025579015,37.8411323924941,39.9401190906989,42.2558787559674,44.2627436116599,46.0574251447876,48.2014644765316,50.2008785775654,52.201281010469,53.7036981968948,54.7661602033285,56.3109904699322,58.2763050529897,59.6512721770215,60.4424276201691
"23331",80.2409344994488,80.2349418631104,80.6153296437085,79.9484202146657,80.3820723166422,80.872377916491,81.3037085205236,81.8495165661782,82.9068221682354,82.9365552384515,83.029356643049,83.8450190249881,84.2619739391412,84.9736274118152,85.1396651100147,85.102264906668,84.8294152799177,85.3398354237354,85.4476008192028,85.2965127307549,85.5051894944785,84.7860161677926,83.9863355926992,83.399788009425,84.0273553242885,83.6468278922304,82.2966087905703,81.5759277387137,81.2850679006924,80.7612876845288,80.58528129989,81.3647384603888,83.0282133198747,85.4291422153827,87.5523691851099,88.6296386312167,87.7986311087937,85.9162560261642,83.7625431825526,81.1514711107439
"23411",113.961534193977,113.826886404967,114.689507135691,114.376326412319,114.878188216398,115.613048841685,118.666854167095,121.613989925966,125.206811309871,126.836560562916,127.715616643489,126.647547155411,125.508310234971,124.192556427163,122.802657660206,121.695199551072,120.338571954884,119.966898384636,118.546444279903,117.245458633791,116.096514192317,115.73823567811,115.170324560825,113.708289099385,113.150544986398,111.801169120779,109.467853080905,108.049081419843,107.601656492669,108.289432785005,110.198972865914,112.317238466637,114.238120095199,115.262300737593,114.029668380474,110.958107579068,106.876763465723,103.873647186254,100.940553259734,97.2181203484008
"23431",70.4379838420394,70.2999504597199,70.5843772768225,70.4488507408665,70.9643587553371,71.4987732001865,72.2793086165395,73.1966245776998,74.650538606829,74.9621523584794,75.4453025966204,76.8253450669763,78.0950641382199,79.0566525295077,79.7146023846538,80.2192624960092,80.7565713616501,81.5602052676959,81.3419948674237,81.1145268918351,81.5091766433524,82.1202979125903,82.6658025648179,82.445285175108,82.6141049044472,81.5754663378693,78.9803778308594,77.1420197814114,75.512980552369,74.1166300256314,73.080161721555,72.0450978054642,71.219219077965,70.470810359328,69.378841048985,68.2201624777886,67.1287049794731,66.6370147694535,66.069348822071,64.8806616123157
"23511",7.93848582025306,7.81315078438685,7.84260852457391,8.00512220410291,8.3540808050811,8.8756978574417,9.51821503094703,10.3178514151275,11.2760723826201,12.2062932064226,13.2947197630755,14.4106420230743,15.5753467918593,16.7190491587379,17.8314980119787,18.8697279594175,19.8955558841116,21.0151630599223,21.9700763771267,22.992300531572,23.8970148972654,26.0795639808326,27.1699070179387,27.5687776248078,28.4490934216796,29.3675208266647,29.9442040243231,31.2046719328541,32.6367861846019,33.9693476689348,35.4681174517778,36.7917705571691,38.2240231178745,39.6786171245849,40.921873752467,42.1171021484708,43.3317476457544,45.3741022012467,47.3241385929668,48.8089051663342
"23531",49.3054562533488,49.3462533560899,49.4033462628224,49.3734560641863,49.6149469068726,50.1211643380704,50.7222275432318,51.6843926743629,52.9959809514901,53.5509102873738,54.6954120962033,55.9295157283172,57.3080415361806,58.4572704738789,59.462081502675,60.4519186064332,61.1402316378391,62.0919941864268,62.6532255207547,63.3536333341074,64.3302942239083,64.8914312241868,64.4393376944026,64.2501605839657,64.8698353997485,65.0336532204787,63.8174423667897,63.9065798278743,64.28083355211,64.4482158039247,65.0601103379856,65.334032660795,65.7453831112343,66.1176469827816,65.9854580063834,65.9052550211848,65.971640712959,66.8546291263217,67.2609331129787,67.1979754344219
"23551",102.539569093972,103.443850230914,103.706339111294,103.322858070997,103.357447559004,103.234910951092,101.018303370782,99.4876257617442,98.3707737878857,95.5656794120432,93.8075304077215,92.4691522050488,91.3532590889529,89.9792989373676,88.5518985006921,87.2568530489198,85.9539736225225,85.1971840151293,83.8797396287492,82.8741275619214,81.2206098267928,80.0139213681071,77.9743674475819,76.6658132153663,76.4056363888291,75.536353589629,73.1521643632723,72.1837271546872,71.6290167251706,70.792890596057,70.4538238839836,70.0618650273914,70.2022884646573,70.37168764783,69.976522340032,69.4497689397322,68.7659829848231,68.4767734908892,67.6090256953603,66.4372837458733
"23572",14.2132882790544,14.0839531071224,14.1429598478857,14.4105445978831,15.0053060871776,15.9021393559609,17.1135889799551,18.7820590449793,20.8861341088381,22.9351121506807,25.5707253081002,28.2675588496962,30.939192089115,33.3078585408237,35.4763790760683,37.5162068139969,39.4400366661803,41.4571516037468,43.0637416457621,44.7046796589179,46.5150405911604,47.8969988864216,49.0447423238746,50.7357699339296,53.2601832056006,55.3653234573612,56.3848742562649,58.1608342485676,60.3929970894084,62.4395042285915,64.8092869723511,66.6362436119476,68.6185488905214,70.3371938745275,71.4335664544022,72.3847778906422,73.1064208042155,74.2319389315056,74.6294718377066,74.7219192426021
"23591",43.2168554016657,43.057048569513,43.2301148118203,43.942529300122,45.4920489644708,47.7554826048246,49.8470100710068,52.3299637207028,55.0985738001712,56.6349864301612,58.798520539159,61.3617852999719,64.4994092359635,67.4424339077514,70.60674360317,73.8068252751194,77.3783968653477,81.615431491476,85.405925097705,89.7601515551182,93.3095100156591,102.023514418621,107.718100911035,112.252395164313,116.200663685705,117.900245225809,117.158808723927,118.127240791755,119.956931715898,121.195725647615,122.862177802886,123.278531912788,124.65871426461,125.971635995295,126.813886760788,129.560715185845,134.085843898359,140.562675039942,145.406799255911,149.382655139257
"23614",111.66171985654,112.586552625609,112.89829140953,112.911093315086,112.960232581189,112.986829404496,112.117144577467,112.303282781279,113.178367752943,111.762561506357,111.72463447581,111.890140940818,112.84761941328,112.900578015577,112.908355678154,112.680596558258,112.685690392933,113.279267246717,112.938370532401,113.197660517397,112.425699415098,112.384327420312,110.839034234587,110.315079300214,111.092672784447,110.97689534943,109.222772550645,108.792848927155,108.752582225285,108.575807608995,109.638365846388,110.287698049567,111.730892103704,112.954995953187,113.732293563817,114.358078338237,114.517796562489,115.201189041699,114.610895568251,113.678510762627
"23673",43.4442979790367,43.2783777012752,43.417513408871,44.0145882121243,45.0245781281061,46.2452920237629,47.4610168814409,49.3935252787148,51.6448635951305,53.1337918367694,55.256511298773,58.7646811820006,62.4614200017018,65.185056428987,67.6425515308482,69.5771170238019,71.5018613833744,73.2498201104671,74.2571282669792,75.3925101539029,75.4610723485382,75.7787572553809,74.671913611004,73.7083733291615,73.3323586446348,72.6059081390619,71.1854416611016,70.8264187719775,70.6676634038343,70.7697351600142,71.3274983351463,71.0806592840303,71.8433411080145,72.2023699463435,72.612279152086,72.720124613803,73.0100296934445,74.0577120345375,74.4950871628708,74.5353894550409
"25311",73.8378422286977,73.7825182200875,74.2524255932084,73.9442995960389,74.4692877114365,75.1419429253059,75.7819240171756,76.7607739606389,78.5646862414371,79.445171063875,80.8233083986786,83.3131987811573,85.3798159172021,87.6553659598493,89.1807199903664,90.3839117776796,91.3760079079042,92.8859024969714,93.8233409027437,94.719842882953,97.5638744041211,96.1738464384497,94.9608173523141,93.8352016997998,94.5885045412525,93.8834741030382,92.0346978462131,91.401678290093,91.4809080728219,91.2775000827255,91.9042040457748,95.5614076468899,101.799969758946,108.612964406277,113.766920091441,115.526038439796,113.21125632873,109.001461423765,104.595218871422,99.7788680504931
"25351",47.3404512579189,47.2730331433763,47.4076445156203,47.6051857155496,48.2602321251346,49.0923261302269,49.9029725898688,50.7485596006988,52.1700040859671,52.8478121993036,53.8953048072263,55.1927443719513,56.3292317376789,57.6415395686137,58.7250989039592,59.8207931257756,60.6481362885422,62.2465575314802,63.4386644316979,64.711934749383,65.6210510177358,67.874837262605,69.6178979401546,70.4124749333668,71.5791394619769,71.9224615467691,71.6085710520287,71.8087675383954,72.3534849989965,72.6956777045051,73.2186164643302,73.6675432040743,74.224483504513,74.7891946234621,75.1681430997625,75.4520771511169,75.835304170466,77.1032436014054,78.1433076020231,78.5603383093225
"25371",79.4924718184548,79.2101960256749,79.4574493549619,79.7647871598848,80.7228296801433,82.1371250843182,83.6001908997246,85.2150119177172,87.9656187186895,89.4421716956963,91.7277985307848,94.6093651381164,97.0830628725466,99.4763925844663,101.490755666097,103.158403170284,104.385083960562,106.56614108978,107.970170333531,109.243319067852,110.031981655769,109.655703177761,109.257482482754,108.790476113667,110.231977688057,110.585435340655,109.65200719572,109.411121926953,109.671037462888,109.727008902662,110.208091842319,111.180343881324,112.946019165605,114.834217412459,116.065826111937,116.531544668978,116.05577242773,115.555959378108,114.257739575354,112.111735328113
"25431",84.7540631310117,84.4898555561174,84.6020134393351,84.6836215143862,85.0578078801798,85.8678095585968,86.8778575627298,88.627688515106,91.1037515352358,92.611113889972,94.7674490140067,97.8029318460182,101.016102178694,103.89274348274,106.364833857257,108.475484400499,110.425445216708,112.686381995449,113.622268650969,114.746076392172,115.741819485568,133.978196432646,147.321166284977,155.390473014988,160.724854756668,160.800752149096,155.988614131266,150.881416578502,144.670274821122,138.055063739697,132.156131771916,126.564282947207,122.000371694775,117.723278200682,113.564262805626,109.761849641465,106.361815352093,104.029736587598,101.84159177797,98.622199939788
"25471",80.9999081911561,80.7317784387765,80.7923280590201,81.2384248470725,82.1782545663219,83.7614539241526,85.2939864428283,87.3256887962898,89.8177847813222,91.4780688410835,93.5059256105129,95.5913335711552,97.8298462462192,99.9323464437095,101.848058380691,103.13526970757,104.484075132557,105.735275358659,106.172346940522,106.991187168659,108.580939039762,109.162062616905,108.675696696893,108.262959016014,109.329980785668,109.656562437042,108.296854009062,108.594541307851,108.772803752342,109.137320248847,109.898690427842,110.549062368275,111.377761850438,111.685003115141,111.823600498286,111.804846082086,111.940185528623,112.871498766366,113.650930336664,113.185415047972
"25491",47.1372230583808,47.0823353002967,47.1428765637491,47.2282261990944,47.7428820967985,48.551668393138,50.6355125617325,52.7821569629009,54.8479272992422,56.109842660285,57.3932341106602,57.2359783699136,57.3889082355347,57.5958420664848,57.6995692308767,57.5796755438293,57.5340084784269,57.8266396049178,57.5942492149269,57.7889463902527,57.7273812796459,57.6729980338184,57.2053159282765,57.0595091930497,57.6298710883362,57.7223807518768,56.7919012263241,56.7468854174179,56.6968250894499,56.6465818902377,56.9584654705611,57.1751973354644,57.5692031401196,57.7531721231451,57.8002236895016,57.7172891151781,57.7481291505879,58.2398491176172,58.5518124460289,58.3942845224199
"25511",71.7009423630131,71.7769715504206,71.9597104611941,71.8680166130246,72.4962485744409,73.2924752258907,73.9543969444631,75.1140298857172,76.5738807023442,76.8865084961508,78.0105056727791,80.3041898772514,82.9025091338921,85.1209064516942,86.8945163040648,88.004896390941,88.8308303016829,90.205714452748,90.1783036737862,90.7480536160148,90.0503500638298,89.0720562962868,87.5759191185775,86.5068399050653,86.5589984357462,85.9869491963677,83.8425669089545,83.0114838212,82.2678207088522,81.4898903467226,81.3377996452405,81.0357895091721,80.9874006305932,80.7199580506148,80.3277134837388,79.777325793526,79.2946283408693,79.3372014336739,79.0069609402075,78.1914672607317
"25571",79.024321720214,79.6149374239165,79.7579085558366,79.6640981444799,79.7742469064307,80.0213029582857,80.1572341257422,80.7270172403115,81.5299493292182,80.7648986392127,80.8629379758122,81.0756038003689,81.64932786002,81.693877281685,81.5041622492185,81.3240121183536,81.2502706440939,81.4932082501621,81.2211362691649,81.2740903548967,80.680467743499,82.956535149137,83.8508116116803,84.4223746265661,85.4127400913977,84.9819224556651,82.6797075092372,81.4374906262643,80.4311410634506,79.2516784193176,78.6443420772763,77.6898347970319,77.3832619083605,77.2073544456931,76.6950169314142,77.0891374224313,78.3413993761276,80.7602390740393,82.6175832175708,84.1441614023614
"25611",45.6772973022373,45.9627062491807,46.0910183863687,46.1877620394195,46.3828140518465,46.6863033932985,46.886167879593,47.4427942214927,48.2277046643392,48.0543186963637,48.3732262149632,49.5015307611999,50.7877181970032,51.5313795194182,52.0159510282625,52.2859309415429,52.5393749858068,52.9331014016904,52.7545732549004,52.777078508946,52.4652639775313,51.3477515343594,49.7335663621336,48.6820628982731,48.2346882133228,47.3934288576989,45.8927678592094,45.012530390505,44.3716786760078,43.7966444854729,43.7151394400842,43.5160744514307,43.7172315145807,43.9597614873328,44.125031295706,44.3381945857572,44.443620016963,44.8288287430034,44.8031852503606,44.6825305739876
"25651",24.1858234003262,23.9731123724326,24.0449237444327,24.5652263323017,25.5218553612331,26.8626490300427,28.3967642630574,30.5946427474746,33.2278815496102,35.5745638684757,38.5909085333972,41.5169117196904,44.7073580792941,47.3012197450523,49.836356825592,52.0786125250364,54.3182623780996,56.6407632077539,58.3910052103934,60.4273404704468,64.4845302789155,69.1797001891347,71.4829962960707,72.6936085534853,72.7855271678843,72.4832023617539,71.4602178079288,71.3662910102362,71.3536228283543,71.4728034600635,72.233583459176,72.2202656023916,72.8660655655183,73.3558691437812,74.0399727573679,74.5760247330818,75.141547022924,76.5353878269767,77.411981578819,77.9635940856391
"25671",101.683438696418,102.099542684586,102.29389048961,102.738887253361,103.473319393791,103.964287981611,104.025367186158,105.046739367283,106.467090345517,106.032270549697,106.461800949898,107.05256171819,108.468837226279,108.676633997134,108.970276771455,108.809264309407,109.031782089921,109.358586414761,108.822248250888,108.916061497143,108.317642238183,108.187987105193,106.71086073888,106.288064591858,106.50324284109,105.974031828605,104.054318024869,103.237220233152,102.412665087799,101.865693612341,101.863705060242,100.808128870454,100.992452900509,100.831391630643,100.79458519315,100.365784105083,100.061239183773,100.594722950324,100.144063399417,99.4074894107752
"25691",120.610405102048,121.056908992564,121.098509955201,121.556459653421,122.275505017954,122.709741333784,133.307546594516,144.084076944322,154.303990450718,160.377056795873,166.379875709377,161.117394736358,157.385388144199,152.370850627912,147.602502630702,142.700432340327,138.682500360461,134.897191605921,130.301634062903,126.697100155626,122.747201522497,119.397708611033,114.904680974057,112.534300066622,112.436462902832,112.885652542937,111.789284316011,110.784296577123,108.290641456302,104.472337624608,101.074238265322,96.5065221254416,93.5543516192482,91.0170447682558,88.7836489318535,85.7445800671396,82.8005146922123,80.8679648484794,78.3603868301991,75.8918294963902
"27231",7.77434132343966,7.68268406265307,7.75433195298875,7.88070510003398,8.15449981173409,8.53887785448564,9.207181836245,10.1475657796863,11.4045097463766,12.8570681327646,14.5264173854719,16.4058917133254,18.4111740128753,20.5264276974311,22.721573610015,24.8797173255053,27.29127656327,29.8531020815968,32.5066480437064,35.2738330261515,37.8321927228697,40.1259122549949,42.3049341317147,44.454215189411,47.2628697322253,49.8822914749845,51.5419051950125,53.7123307212508,56.1493292318632,58.3741868445044,60.5616712779681,62.6916246056773,64.7406858852204,66.6677584907683,68.1122623652918,68.8080015064143,70.2048689242758,72.2859751588831,73.896003027409,74.8394311332959
"27251",83.7024991936581,84.0890326368109,84.6263240984755,84.0813836469078,84.0919691494584,84.1175545150236,84.8074812743211,85.3770657125158,86.4599333823688,86.7275594486287,87.5073459827798,88.1369700897355,88.7347101455523,89.9073190181044,90.3440162764596,89.9416547091951,90.2361124579771,90.6514671609192,90.8680738994813,91.118785543288,90.1578374935629,88.8093414775995,87.5562687888939,85.863818877371,85.5500068768939,84.8123951330958,82.9419873523951,81.83444405865,81.2115304793534,80.3921286928373,79.6088053630986,78.9093533465104,78.5836036135859,77.8453566825844,77.169398544799,76.1173684671907,75.9403185922357,76.4042477907166,76.3892747576148,75.8824187721192
"27274",116.762678745713,117.12529744875,117.846586246889,117.180635026139,117.493661855659,117.77024162426,121.12106477248,124.156165995933,127.676047861135,129.238666048528,131.618836337872,130.153331203927,128.868061410231,128.109551780347,126.472525380739,124.062651104029,122.395908848584,121.398696488468,120.048564949635,118.700132288898,117.014354869065,114.071068751555,111.294637020275,108.345519059678,107.304621868317,105.472555673265,102.244694147061,100.272881204503,98.6213312436326,96.5335026633429,94.6122491164928,92.5136304447887,90.9817823415911,88.97871954299,87.282446235587,85.1438818126848,83.8354191961452,83.1982738044409,82.1998196889994,80.7651540770478
"27291",147.132619771273,147.468251309466,148.421364875054,147.007688518057,146.675126558522,146.200329572156,142.38367829367,139.285853629696,137.743891226634,134.81605949978,133.034787050949,132.059597909098,131.139607694289,130.396620577047,128.975358465627,127.004585365827,125.087140653202,124.247667401661,122.682351241897,121.346424501063,118.340980758528,114.823438444095,111.542831789348,108.318380989722,107.158815200184,104.967091192665,101.857491602501,100.25378276482,99.1797924870081,97.5619814501829,96.1356010216019,94.2770824917562,92.8767020087972,91.0322762288632,89.4786796230692,87.627115218606,86.2257831113272,85.3381042895864,84.0629957155739,82.3245601266294
"27311",49.5544004055125,49.4162310684717,49.7431748300736,49.5111040669664,49.8598954167711,50.4152449165397,51.5865878211411,52.7657750669236,54.2860553679157,55.0541965801214,55.953596519316,56.0791767779477,56.2664124569633,56.5392438833098,56.6123386037583,56.5220936696938,56.4353505950569,56.8611490768741,56.987594863363,57.3111528712899,57.2315049269092,57.0017892963109,56.8195480840526,56.519723318371,57.3584049957767,57.7072550660672,57.5935199904353,58.090494069343,58.8438381578978,59.1416688063898,59.4926737110593,59.4860948140228,59.3599182928081,58.8277019041904,58.4012609291458,57.8419412616111,57.5282349093657,57.625267033701,57.5552181929284,57.1295448420791
"27394",91.1304385930946,91.0631701469766,91.1202267557881,90.996328204201,91.1148447155411,91.7719101790654,92.3660599972184,92.812675031311,94.2481200735422,94.3953987764705,94.8819548536786,98.1827246431118,101.349415058563,103.918400097969,105.811666821823,107.168697773307,107.939114368964,109.166706059048,109.272904065176,109.276103786519,108.666754673661,104.416219920849,100.040541793318,95.92234497737,93.5469735226123,90.3974319531193,86.4206030273818,83.363937255593,80.7974378671798,78.3735952591008,76.1662196241488,73.8960928505767,72.2230125478321,70.4806047870124,68.7025940800565,67.0774610959984,65.5251996691757,64.3456721927056,63.1506207862549,61.368474276837
"27411",27.6046884269309,27.6685144498809,27.6595934400985,27.5086009992583,27.3311547353855,27.1818473084048,26.9134731452639,26.5703738731241,26.4196975858638,25.8635200696235,25.3457546875788,24.9664837431887,25.2795988597485,26.1883458303039,27.6708146678582,29.8181958867291,32.6278948710473,36.3692641231735,40.545961083079,45.5389506787924,50.6184871994115,55.3371288266829,59.7994619989405,64.3288146302179,70.1039870519219,75.5347917951684,80.313860596254,85.8402969497589,91.4269318337361,97.1434056937534,102.894120666924,107.650400837164,112.217668708887,116.389069371448,120.1139876973,123.599539100246,127.566932164676,132.411261016338,136.823633467905,139.453258226499
"27531",8.58659591736579,8.62953526443043,8.62491543856012,8.62553620412057,8.63228963063092,8.65237636896696,9.45578463429038,11.3020760205014,14.2528579244491,18.155959893577,23.4352884932858,28.8150266766832,34.3552290211069,39.9555494272703,45.5502724259979,51.1559257559315,56.7661603265566,62.5315418171902,67.9870886104329,73.6766874050913,78.6166745595083,86.5224260518746,92.904731919627,98.4428642306429,104.181713465346,107.915146020444,109.20223764676,111.65568689509,113.853397556546,115.67307670215,118.144911757805,120.147267973769,122.572190932075,124.525752137554,126.127997154791,127.339177748186,128.412486260248,130.023578421111,130.710056845517,130.902750507526
"27554",79.1736695135292,79.7134775919124,79.8314780547672,80.0356256994025,80.4019400696179,81.0384693982265,83.0790427831759,85.3455059525884,87.5912706079978,88.124464364507,89.3315721177562,89.011106517958,89.205826786807,88.8532218988855,88.2214484943055,87.5787250433138,87.1634063941606,86.9235398631677,86.281470811302,85.9832638769831,85.110346502687,87.5041800569746,88.1403643874484,87.7833150569846,87.4579842505103,86.0338145624344,83.4256742847671,82.1043054544755,81.5303749238284,81.892144261817,83.3290384486993,84.3149662207229,85.3709392344244,85.5391903210437,84.2801646786538,82.0233430638723,79.2598425936401,77.1170801651175,74.6442556867873,72.1929723583849
"27611",21.828250839688,21.8472709574222,21.9323781687004,22.1736481486617,22.7244023919855,23.5045067071164,24.3708910988088,25.4931415339879,26.8531021280402,27.8056133881786,29.1136980285295,30.679447354852,32.6270304730325,34.4310980095735,36.3368719056595,38.4010216863624,40.5987972166949,43.1906341578291,45.6077465322887,48.4492909431126,50.7929690115478,53.8120345517866,55.9881422043108,58.0836158527892,60.7270920107788,62.7439639587461,63.7146734894345,65.4025968117061,67.3327028102293,69.1410890709305,71.0710970406,72.0469981544573,73.689588690333,75.3527402040592,76.8005332059834,78.2889591235227,80.0084418077671,82.5800292860466,84.3900057363149,86.0823438296555
"27633",44.6747726000744,44.8739142943416,45.0641223323944,45.3624717872873,46.024053561522,46.8666669271657,47.5818021402728,48.6482838848506,50.0669469842105,50.658760223154,51.7406111901128,52.9551484161804,54.5062018608735,55.4444755318493,56.3096642667004,57.0297139094058,57.6599697740641,58.5005053388578,58.6872198711888,59.2566331978153,60.4469659677452,60.8872453230309,60.5104337259225,60.650229518631,61.252245227408,61.265596267539,60.3077037513239,59.8828976453034,59.4818635811255,59.0583087973768,58.9981256370965,58.3933588996178,58.3268115947302,58.2025867380673,57.9690573623918,57.7716350507962,57.483185982104,57.6230815487218,57.2162157145006,56.843092936976
"27674",27.9305341368272,27.809597043382,27.8603141880147,28.2631488416719,29.1281462828694,30.2852344313106,31.4499846414368,33.0127017596403,34.8072312357134,36.162391570073,37.9684991361879,39.6426311498055,41.601191800852,42.9940461742883,44.4179749007837,45.6387181910358,46.8871523352838,48.1922930091404,48.9990688010867,50.1584418520137,50.8456330226247,51.6467412315777,51.7672857016014,52.382476933677,53.2933275542305,53.8883224276492,53.7647070500383,54.0521034971898,54.2323434317529,54.5795650844099,55.0800728288992,55.0866339863369,55.8182824116592,56.3351430222841,56.7683645957913,57.0271996895025,57.3064150337726,57.959748346949,58.0212353723674,58.090466612424
"27693",68.5887258626918,68.9911696749488,68.9163053948016,69.1146122504678,69.4577145510041,69.7398099904134,71.3170298722856,73.328690546037,75.3493626051417,75.7888633280192,76.567600532282,75.3267080835821,74.7225247826712,73.2664720652941,71.9768125983275,70.6301882261258,69.4991283698938,68.56287249493,66.9948979688548,65.9076176130889,64.4251977492905,63.1386111400854,61.0245592688901,59.7742316381097,58.9677374486524,57.886359403857,56.0715150821803,54.8370422797124,53.6366452600769,52.616118805975,51.7753252450821,50.3994035432555,49.9298712508533,49.235540072579,48.5585196022641,47.8297905801555,47.2033652401048,46.98707272205,46.333435692702,45.7568388979104
"29231",94.9340290435511,95.2404225291895,95.9765276791316,95.6189820883955,95.456229973576,95.0917071556468,93.9926957868464,93.0679721160184,92.7039251161691,91.9624071610006,90.841611720774,91.2202891606735,91.6136320684532,91.6566930350629,91.5514862015995,90.9742399237107,90.8974684376148,90.9795928216804,91.0133109606817,91.0648362226432,90.4422588542579,88.3092090103233,85.9294347006208,84.0020729391058,83.5076627610719,83.0048278683434,81.1342664794205,80.275107093479,80.1628172357654,79.6262184373855,79.4168388442172,79.5072450623555,79.5164869958463,79.5349398050979,79.098308566831,77.8586287017614,77.6115714820365,77.913277199863,77.8113935874738,77.107430461995
"29251",70.2127107070098,70.3607597785253,70.8994745069873,70.6975595019388,71.1886446151838,71.8384170628544,75.1964913491201,78.279950419612,81.5020286979664,83.784221180994,85.7965096590536,84.8457026295777,84.1221215294871,83.450614378881,82.464634616187,81.1449510428751,80.4199412800145,80.1090927604265,79.5197413025022,79.0195308526198,77.8869827830012,76.7007450864697,75.7786345734936,74.9300788352528,75.3782493114742,76.110148692796,75.6426202653957,75.2618970317688,74.7411109399102,74.021798038738,73.5129548026299,73.1892438098557,73.2574694233307,72.8750457001908,72.6988561296399,71.9603202346587,71.6596456238683,71.69467259707,71.3240847254044,70.5389877665379
"29274",33.8913089311893,34.0041635796847,34.2535003305617,34.0920985507846,34.2451481878265,34.4111215823726,34.5467530429804,34.8321847093418,35.4161804530172,35.6341188605485,36.1386946833027,36.5661069857741,37.1360256772326,37.7701568896358,38.2431814774446,38.602523583799,39.1439847499594,40.0171665061203,40.7753897373134,41.5477229470944,42.0302875128419,42.8801767656349,43.3706117197339,43.4836525019314,44.3942118086362,45.0570183911922,45.0968257078391,45.7433039734948,46.4812886358242,46.9754893770308,47.6365115952674,48.2840931678356,49.2635622088132,49.9059762019132,50.7529893383748,51.1955283851966,52.0317353801204,53.5729798667739,54.9239325681807,55.8788757018648
"29312",33.1998900179324,32.9334266395022,33.1837535194081,33.3507551924945,34.1435193809171,35.42276685716,36.6597975767492,38.021921621253,39.7632985221166,41.0733071966495,42.6064984493372,44.1397004259949,45.7142193061353,47.2740024896264,48.6770968989651,49.8608558628255,51.0545334769161,52.6965123195445,54.0433538298084,55.4833044537875,56.4342985591711,57.363871236895,58.0569716366924,58.479300230487,59.8774993821734,60.6672612034401,60.7648318747181,61.4344610648703,62.3855943498651,62.992956708058,63.7614000111769,64.4356128768753,65.3967477500911,65.9729898898564,66.6157141114092,66.9166466411061,67.4449151259793,68.3391735074191,68.90931398165,69.0024480925502
"29351",15.2508324948458,15.2720851207693,15.3006787516642,15.2630453859225,15.2977524979892,15.3386608443432,15.3662667430864,15.3898512080559,15.5696966407318,15.5323347719361,15.5499977551438,15.7886213848495,16.159823161112,16.6617300809108,17.2396354553148,17.9070975188172,18.6423096697407,19.6384936237172,20.606980262474,21.7031200287023,22.6701085843809,23.9613251890505,24.9163355476181,25.5467404063266,26.6371891519466,27.4501939929004,27.903475363258,28.6122065821941,29.4974853489127,30.294482370219,31.1617852897463,31.9771737743904,32.9831557298696,33.926139907965,34.811282351886,35.5955515094723,36.756024440195,38.4754553323678,40.1658305308667,41.5550732749548
"29391",77.0490858539019,77.1502197778272,77.1241475896586,76.9881972291511,77.0861496201865,77.5845482003696,78.1878491122892,78.5850038107313,79.9143171296689,80.4087015911239,81.1194837202264,81.5964818769509,82.4002749725322,83.1401143464317,83.6145257867732,84.0912843435475,84.417986936284,85.461929352257,85.9299357902109,86.7119160354632,86.8773621251088,87.6459185075967,87.8711746653688,87.8123933863285,88.9051156041498,88.8240411691892,87.6271953734201,87.2187641341311,87.1807821009604,87.158700836309,87.2008609568524,86.9338622670106,87.2335211211915,87.288204263494,87.1375661703465,87.0531353434561,87.0410353466071,87.4535776754415,87.8466122911492,87.3524179604723
"29471",88.9558453661474,88.8731139969716,88.6516466792538,88.6132982361222,88.7913906794064,89.342442389445,95.5867895405875,101.629777659909,107.442851053499,111.110959181774,114.793874824244,111.590307583285,109.460669558538,107.156943089025,105.03500655635,103.007429102459,101.143487097798,99.9196414410343,97.7268516506533,96.3581774451849,94.5745422401951,96.8978185662196,97.6443936240136,96.9323498776864,95.6226509946856,92.6210237818896,88.5571368210626,85.8705245697243,83.2898520771814,80.9532294631943,78.9930867136959,77.0434982896367,75.6446994250385,74.2149467458604,72.8824826160044,71.5327920139806,70.2725772849624,69.6157159122619,69.0761953731465,67.9544255765759
"29491",158.413747782313,159.080914655033,158.856241033144,158.084367239781,157.573858020517,156.662435939658,152.811432958916,150.349696100226,149.052854256942,145.869989819193,144.112529852639,142.560810411833,141.66366164872,140.25058059055,138.930671098133,137.22812730264,135.709769607501,134.652079438197,132.590531305747,130.762346343322,128.551374967068,127.016893676135,124.779241028064,122.022265797058,120.456991878893,117.964613453813,113.833021590093,111.322972465563,108.667188244346,106.128890196818,104.317926104327,102.468382622294,101.198728937371,99.5853827743379,98.1699919518506,96.3732440892634,94.7029324609238,93.7743765229051,92.6116553599151,90.9433435691125
"29551",9.22680795282359,9.26931308897304,9.27975652476504,9.32624768417738,9.41464999726319,9.53074280239444,9.78072651207485,10.2224860814272,10.8435086140364,11.4068990004787,12.194791349571,13.2508646952269,14.5749039508809,16.0152815468645,17.5837835806149,19.3082653680283,21.1826004246301,23.3165474485349,25.4607033117254,27.8100408803943,30.0931429914593,32.5075682367042,34.4575290074847,36.342082814874,38.6671775660259,40.525437243144,41.6733291003861,43.3257584241295,44.9217156624934,46.4289617825264,48.1774235509613,49.6231495303735,51.2905155552111,52.856616995529,54.1406037207982,55.2920789920403,56.2481214197795,57.423853620159,58.1225910649945,58.7135252048527
"29591",29.7865397127156,29.9989419510231,30.0620819152499,30.1135681301806,30.4138950279831,30.7837761383839,31.2636025104763,32.0045909264965,32.9863842985938,33.4504933508433,34.3069552597196,35.3697391715954,36.6826703766186,37.774639961892,38.8362871937091,39.938079703653,41.0728492908903,42.5068435231535,43.6651345203955,45.0879288907067,46.0975408543432,47.3689114146638,48.2008216494241,49.2384255730804,50.856350316603,51.9348375570354,52.3194510039935,53.5786866554721,55.0757041642907,56.4835259659697,57.8287153501967,58.1745371373602,58.7708492996295,59.3913742371163,59.8073903879709,60.3615475736287,61.2920965032267,63.0056547393264,64.2851272847306,65.4960016552035
"29691",79.5129607739524,79.9613722639659,79.953896303615,80.1786858076448,80.8212132720194,81.3979854068336,83.5494418181757,86.0445611491636,88.581019486019,89.3060991650398,90.4007920617676,89.4380898687169,89.4317721898068,88.5270447826826,88.0466273112552,87.6869248569534,87.7374791932821,88.1737143415739,87.8532983130766,88.2471228390879,88.158029406517,90.6086061918369,90.9979673267106,91.5447190044793,91.8599013958547,91.065191634615,89.1233642654089,88.5889924776397,88.6384404336755,89.2344981475683,89.6661751745475,87.974672245548,86.2621500766477,84.26955921941,82.5814995171674,81.1289301978597,79.9653869604489,79.5922316676981,78.5287020686484,77.6915550294384
"29734",54.1177834264323,54.0981791589224,54.0250646110691,54.6550107581546,55.633289602898,57.005482479017,58.0715342624366,59.7753685730285,61.8827454919037,63.2783421258419,65.2219473132868,68.2014991768961,71.3733383517359,73.4673188680573,75.5549044137549,77.5652108933865,79.5799837094618,81.5629615288098,82.3971728191585,83.6746668577759,84.0263796257103,83.9275414904128,82.7622792596456,82.7147824493552,83.1687365627792,83.1982477761083,82.0770332352254,81.7657568778184,81.6368495885357,81.7995864389711,82.2088409033348,81.4870389794225,82.1327933059832,82.4896037839722,82.8914011895268,83.1013256071301,83.1494005785184,83.8706212487589,83.8363652970184,83.9529664807235
"31211",25.5321088442447,25.4326765587599,25.7211202088352,25.9245322218344,26.3075221398569,26.9796684492037,27.8435639330128,28.6879876118452,29.6039325448701,30.2628018438873,30.7834995497095,31.4243879447229,32.2927848648969,33.3272897251602,34.403499092454,35.7161964524051,37.3527141458449,39.3357472188127,41.6322054164847,43.9379732536785,46.0588294235517,48.0156387931247,49.6998169255285,51.740390648358,54.3933274697506,56.9932774162414,58.0552906968935,59.6721055597982,61.8959581791149,63.5020719231406,65.232199750453,67.4044858853752,69.7173689016322,72.294912063491,74.3366832040697,75.2052139663257,77.0540261880165,79.067602460806,80.811780293664,81.6925017414076
"31351",43.4773894878381,43.4237404762953,43.4496444511961,43.3261597844993,43.4810722281067,43.7047791517869,43.9080874707198,44.3026850141003,45.1028813542426,45.4907340652756,46.0912784267952,47.8880647206619,49.5412281806471,50.9851657146157,52.1207584072367,52.9946485551662,53.5214833669196,54.3903037662976,54.7735610425976,55.3472916908574,55.6698577302292,54.2142264255476,52.6449207721762,51.2131737950438,50.813642228022,50.0282306910609,48.7204362948652,47.9651460523978,47.6167732973733,47.1965517024777,46.8425965702778,46.4650905092602,46.4644710946213,46.3748438037543,46.2910343426566,46.2681699385486,46.3844317046297,46.70955237993,46.9402332709138,46.8992330231253
"31371",54.1110928110897,53.9388477161242,53.9163382937346,53.8515519734231,54.1035296976424,54.4283134403922,54.7410676339608,55.1314234124851,55.9777775282968,56.1762766858343,56.5538494595091,57.0181441676503,57.5169654763632,57.9773166505413,58.3680298411427,58.6233069193664,58.7099279206605,59.338018182426,59.6081183950415,60.2336973211507,60.1883401540361,60.5126647993583,60.4002846004278,60.0624668445398,60.7734929229359,60.8458734213711,60.0816229970206,59.840541335824,60.149501247998,60.3098512889654,60.3380942100543,60.2659264863949,60.6882557982138,60.9418646022892,61.0275434994117,62.1734995421589,64.5246133337232,67.8356915410405,71.0462640035184,73.6690144577897
"31391",67.9902016808455,67.8214536530446,67.7072158873706,67.6068700651842,67.7569355346223,67.9621547318616,72.5199836135827,76.4254119143286,80.3505780755834,82.800348146737,85.1086593426623,82.9025835903239,81.2752919854531,79.821004043001,78.4810076735454,77.2487395364404,76.0715743014751,75.6155599109778,75.0148388940329,75.2180106758655,74.4783864850091,75.2511955815523,75.1781002684697,73.9518127150523,73.7884073276136,72.9239072104938,71.2537876190763,70.3360433091249,69.8123148121452,69.6421901613709,69.5579295837938,68.9660808461558,68.6730367506259,68.1949374013046,67.5834282378951,67.0903300396914,66.6763678212428,66.9301451069943,67.2115085398371,66.8536346806725
"31414",53.5095785939576,53.4205006998665,53.3244331045415,53.261883906034,53.3904483715771,53.5414696052208,54.1387807268814,54.9850263181281,56.6324425937958,57.79168885404,59.6760387548034,61.5697915345884,63.8204417568975,66.0449554087606,68.103507501859,70.0499575900497,71.9578367774875,74.2915220732182,76.1908197359231,78.7249999371611,80.6620738333767,83.038801940886,84.3536579042706,85.034529244256,87.2248563876426,88.6979435674158,89.3778377730335,91.0971132797746,93.2951754607179,95.5574684846909,97.7400160002773,99.5974806192211,101.998036399306,103.717382920326,105.066984706675,106.581644276107,108.053329990008,110.061744179065,111.924154731436,112.478051853689
"31432",48.4804520385429,48.3442655783568,48.2597756356369,48.4025774023892,48.7857376455343,49.2790698041592,49.9536229673243,50.8478847943914,52.2518347023273,52.9663638271193,54.1761190712927,55.7951977700129,57.6292711122209,59.2538593152348,60.5240777354303,61.5731180650423,62.6350861078774,63.8251514051938,64.3112749872943,65.182653977844,65.2735743147161,64.9303240091744,64.3459791708342,63.8470522285636,64.3250740292008,64.1080743819288,63.2147999170675,62.92085403679,62.67562467433,62.5440136155373,62.383849203524,61.9301835850977,62.1938870005267,62.557233089902,62.6590485095251,62.7051294380833,62.4851076844105,62.5202929634645,62.277606885759,61.4428988355427
"31474",126.783125521507,127.154523872505,126.719935255725,126.391196410219,126.309302962226,126.18532031089,125.799882769088,126.250938265207,127.858344884413,127.754219538152,128.837242389273,130.228238408554,132.231105903938,133.572717691803,134.564996969815,134.895005583101,135.606088518188,136.451193595756,135.50935647351,135.313659207697,133.623709180954,133.998198031455,132.981739906116,132.322057424923,132.825080901593,131.146176132184,126.943391789338,123.565481494354,119.923672326582,116.583224276208,113.753717185903,110.870954633053,109.131560475437,107.398680939659,105.489162947093,103.613399930722,101.801460943243,101.076165656143,100.302375391492,98.8340733215116
"31491",12.067219892829,11.9737429373083,11.9807103587608,12.1227148194921,12.4600823645552,12.9503741845519,13.5180261872917,14.2551231519415,15.1648242122443,15.9535992218441,16.9343105887402,18.0971017217561,19.5569909573615,21.1105477428961,22.8178567252954,24.6189892883875,26.6988965004767,28.9866862201203,31.2031204829618,33.5902737972693,35.8710781231856,38.0956407879573,39.9376103754153,42.0247913832256,44.6720657929442,46.976237285519,48.5280482201197,50.7559694283273,52.7910594665052,54.6771029774252,56.6888859187721,58.4899861723887,60.7275188450912,62.7940794354681,64.8042434488175,66.4007831492037,68.3972300370239,71.2390418086334,73.80142485612,75.8771190482475
"31514",42.9877274099607,43.1251830145381,43.0962290300871,43.051334937135,43.098308472288,43.1268278825456,43.0184343012691,43.2391917364999,43.7769320809796,43.7631889773064,44.0616778952489,44.4756098205313,45.1538599802876,45.5394559710412,45.8674789053391,46.009673125517,46.2846965151284,46.5920134372048,46.5603798554518,46.5318689207056,46.2945853578493,46.9507738621123,47.1798425055131,47.8460646598412,49.264957075828,50.4179005167546,50.79749479888,51.7120530331354,51.904906467306,51.0734486677757,49.5019258364298,47.987060574004,47.0360246037385,46.2135460104841,45.6611900636108,45.0877631872015,44.5521616362476,44.7604847190282,45.283457052952,45.582271513313
"31531",23.9444058287257,24.0044239725428,23.9878806901104,24.0331422384254,24.0794622623129,24.1161156752857,24.2706393941448,24.7544255053511,25.500224583954,26.0113803825094,26.8390794188029,28.0621705422308,29.800531587784,31.6585062522412,33.8015978182189,36.152546801413,38.7974014860553,41.7459272076255,44.6822769864461,47.9596834924776,51.1521684063377,54.3634837873534,56.919545853792,59.913666530584,63.4939655346358,66.029100339009,66.9688036799992,68.9956909173226,70.9342054959434,72.7314662794481,74.9100677173066,77.5910167591653,81.2705016879388,84.7820576413798,87.7365688666842,89.4267489746699,89.8679587225645,89.8360255344299,89.0205096308492,87.9906273584714
"31591",65.431854700147,65.8803623578897,65.9229855739915,65.9504137547483,66.4250807350062,66.8828048251074,67.2965293194308,68.1517791228961,69.3522405956781,69.3525977138509,70.0630139472383,71.2286726404808,72.6979586717875,73.6475381805315,74.3444385883037,74.9815525629405,75.4019255731578,76.1428990888828,76.2485421842694,76.5784517567411,76.0640946038232,76.4617975871071,75.9389164883011,75.5148343728554,75.9947588885852,75.7392433515562,74.4871462859807,74.1262446111067,73.7941031470582,73.591767759748,73.7564397790498,73.3692552133183,73.7384708045072,74.006886620554,74.1061204804055,74.5842055290578,75.1919401303508,76.4182178316003,76.9248815392188,77.4416918267287
"31611",38.9478148815331,39.159896673497,39.1844759186392,39.1559552041623,39.5726505122858,40.0148246466718,40.4643175113229,41.1583473659758,42.0350883760983,42.217500479198,42.7523436719845,43.5141681388972,44.5230137528124,45.2715351543826,45.9178782322182,46.5766075386879,47.1680861720384,47.942725208065,48.3989117806098,49.0547010669463,49.3677074897327,50.0586379964073,50.2702626030604,50.6799045465811,51.7081454476831,52.2139488302963,51.8367335223218,51.9000766037078,51.9803823792693,52.100614071727,52.5248538077607,52.5668107019612,53.4414036073137,54.2764038280433,54.7610437500764,54.8986827245943,54.7390400241481,54.9859419530755,54.8136775280604,54.7089973972148
"31651",71.5972534474747,72.0073880205179,72.0842262805797,72.1386635455114,72.6083259160451,73.1405356931289,73.4953224806313,74.8891977251621,76.0207251650775,75.9917886985044,76.537313205325,77.090781363146,78.2294003324797,78.4364451856428,78.7406907445839,78.8093184739726,78.9491600094385,79.1250271101725,78.625729803048,78.7893361599193,78.1614027986182,78.0721262522184,77.0841328186242,76.8289880085887,77.3127632361682,77.0394054656498,75.6867552238157,75.0361176136173,74.4286501142639,73.78236732772,73.6311900316477,72.7409326164929,72.9191945375949,72.7860040120172,72.6084606877895,72.3624498404768,71.913420048393,72.140599142528,71.5996019814487,71.3359588238976
"31673",100.248990457179,100.854778595394,100.903103484233,100.89484190641,101.53697846141,102.216860357858,102.582351931716,104.107712032561,105.445132706482,105.136607255293,105.547729535581,107.644813412556,110.409526177845,111.713557747268,112.977249751582,113.772313321928,114.691615972996,115.452459215311,115.229116498636,115.857318249712,114.399794916364,111.846434188651,108.160827199783,105.71936666678,104.43976065745,102.313722400226,99.1585416787105,97.1616947754754,95.3353978383101,93.733031124974,92.7745961436465,91.0153696254245,90.7211120503109,89.9584333448227,89.2656122133498,88.5385188508704,87.8037449534382,88.0848693080311,87.6221750768138,87.5090980622823
"31711",60.5306098695702,60.7564309066582,60.6223683148098,60.7717058276486,61.5539910672722,62.5320073882466,63.0370296918194,64.2554904809939,65.6499624152654,66.0576329760336,66.8425792998774,68.2428678534479,69.9300240367729,70.8699870512904,71.7299298475693,72.6700585515912,73.6674895115283,74.8150363803811,74.8308369722865,75.5711105737039,74.9990569805402,75.6552720820978,75.167686267826,75.4138727539591,76.1151294276014,75.95297849448,74.7355792257352,74.1647772217374,73.4977622731198,72.8718808929773,72.3815109935394,71.0946117694787,71.0898917421165,70.53846127222,70.0648795927957,69.5939256700879,68.8471857956023,69.0150855972934,68.4589191081758,68.2538375777391
"31731",16.0814662207288,15.9999779330821,15.9862327444525,16.2330504016373,16.7033251839149,17.4041440241314,18.3842388808183,20.0140790367149,22.1368874097698,24.4476295110473,27.3964087200032,30.540733201943,33.7046340721866,36.3219212830755,38.8734583326084,41.3885956049756,43.8529374482824,46.3045977999197,47.994429004014,50.0540344071192,52.1592897358343,53.4885672259294,53.9529400843719,54.9345960659498,56.0475114948006,56.7099506644413,56.5902982011615,57.0532537417905,57.5770891155149,58.2667354527253,59.0181221061766,59.2320933778996,60.7254506585181,61.8967812152972,62.928424822035,63.6032014078662,63.8655730298181,64.4948770647362,64.3947203148287,64.4872581973586
"33231",83.8747210804128,83.9995542629833,84.5558503912131,84.4091519933963,84.5855923108941,85.229681589379,85.7185920958613,86.4762617593115,87.7288209606876,88.550674353363,89.0094102466486,93.3422072464706,97.1911948229348,100.410509204004,102.786379882348,104.775168725133,106.625894993549,108.733427044928,110.161048585174,111.16242539427,111.015885193404,107.747953939382,104.348834998106,101.914824237706,101.134047805351,101.655006418923,101.219839246907,101.953955374322,103.308717124487,102.879309581656,101.352920937439,98.9385751759812,96.2470199081954,93.8260547148888,91.1444899355528,87.3613819414374,84.9826930058845,82.98699698427,80.8521567761048,78.1355685695303
"33291",9.53985425289926,9.45476059411545,9.50543681714375,9.56273838760042,9.80224028532664,10.1690896695476,10.7502719886782,11.5663189865725,12.7019254557493,13.9565283168864,15.4041068314261,17.0493614539417,18.9025559994778,20.8730833847602,22.9298932623267,25.0578448070864,27.2781466053191,29.8522383415084,32.4467247024933,35.2798790798202,37.7888173697997,40.2945317619398,42.6009521918667,44.9759967633486,48.0859933354006,50.7895419561595,52.5296214393325,54.1813069901376,55.8696023618491,57.0597809184868,58.0284670689237,58.9695320781482,60.2727787068141,61.2993204697579,62.1811076331053,62.3124603379586,62.7509191795667,63.168889989208,63.245255348683,62.8094804055878
"33312",61.1750146528277,61.1947097477143,61.3444044932341,61.0059119107961,61.0457931684791,61.1537481430171,61.2268398450959,61.4680829856813,62.2206458696228,62.5281026560572,62.8599159554424,63.2601068685852,63.9897736769137,64.6234846948649,65.2303744180739,65.7717028125424,66.2743193405404,67.2785566578917,67.9371050632502,68.9539910349447,69.2563962516419,70.4320305984433,70.8950554817799,70.9357193431413,71.678329994676,71.8842585804849,71.14553931113,70.8739143255558,71.269747634242,71.6062548307807,71.869935099326,71.9510272555174,72.3180400647029,72.5715473221669,72.6515391342895,72.1614532148047,72.1623865864159,72.5377592664692,72.728627949181,72.3983708246698
"33331",25.3577637384776,25.1361449561266,25.2478398371353,25.3647396513762,25.8753817297258,26.6368428925674,27.4447479836884,28.3818187691765,29.6712849318076,30.7573178296044,32.0185952033176,33.3791759108061,34.9969965302823,36.7667112615035,38.6135128124233,40.5220542816051,42.530138410141,44.951363348199,47.236863753078,49.8033104173434,51.9586590056014,55.9449272347333,58.9646899080893,61.1128057517421,63.4086670270532,64.5501568934352,64.7662546403964,65.5412370439243,66.8133234622928,67.8989518121445,69.0104771154609,70.1161769241276,71.6836287749327,73.1148905017642,74.3897665644934,75.3070680613365,76.4467977612651,77.951291879732,79.2404064325778,80.0453385227586
"33371",149.274035161732,149.145403746646,149.002943967759,148.160775648859,147.981098025834,147.588028537986,144.812244635154,142.977806017189,141.989870960183,139.597556540342,137.875347436043,135.765496603196,133.990205771388,132.168816830425,130.280536220312,128.046698030487,125.558720619824,124.085917635574,122.061216998382,121.015295837605,119.395004802597,120.249633324645,119.881034712285,118.11255674085,117.114133341319,113.908563109605,109.298109553027,105.8607849669,103.235529861072,101.01186974131,99.1188934775252,97.0862856488901,95.5385407603,93.3109127320675,90.8084585895822,88.4228726417052,86.1790579653326,84.2528115596848,82.1012505219567,79.5773928681138
"33391",98.5061633252698,97.9268251257347,97.8156279713525,97.9564845905335,98.9153248070845,100.107859289078,101.419847810649,102.960029955289,105.337840851897,106.747060356869,109.007536243023,112.798756532266,116.529818872565,119.828950579068,122.63668091356,124.734353714851,126.296122598029,128.251229887944,129.339424812716,131.422271983106,130.629325345493,129.53294046077,128.048842905747,125.9399578524,125.956168076113,124.706667816816,121.85106970327,119.989330395705,118.878393413136,117.896321637612,116.926328291723,115.679189345872,115.526331830856,115.158821858276,114.461375369517,113.669136729413,112.74032186114,112.307105251627,111.628989525516,110.088013864191
"33431",6.85970174747412,6.86400359862963,6.84457485728435,6.83651645257619,6.84948238434062,6.84528308231186,7.17687670665046,7.87392361725589,9.04544805443743,10.4822253168862,12.4315514716806,14.3138381690849,16.2306809855386,18.1099991258557,19.8910558795449,21.5877850304447,23.310955982719,25.0865573787964,26.5929480439029,28.278557709337,29.7485564019811,31.282215016932,32.6446156048577,34.0674938419679,36.1264065823109,37.8247782617144,39.1598835137997,41.0425748452539,43.1638030583461,45.4011282945209,47.6137411126384,49.5581010950418,51.948833251547,54.2572787296453,56.1446650006083,58.0035727696418,59.6301131060266,61.5724762129888,63.1772067378416,64.1695281372322
"33452",244.661119771714,244.536393663723,243.634217341686,243.954762168165,245.25523775539,245.942778285497,247.43882215116,249.620296752542,254.73828279031,255.758151349102,258.871498636763,261.903809297441,265.962600880044,269.128079971,271.493699818212,272.618274012121,275.058118529015,277.685231168065,277.136947605837,278.416870369576,278.165352174093,291.293456329357,299.307605076123,305.469408064193,313.289565589398,313.31737936113,305.881707433249,299.237373596357,290.671552490092,281.725496464287,273.413440301859,264.491543765713,259.276162566619,254.919089701408,248.888377960777,243.584841351487,237.729286638165,234.036174593503,229.352751599459,223.607341701501
"33551",82.9603534945914,83.1152608045753,83.1144037460052,83.4747922960643,84.0421035457939,84.3875454638062,84.6372717573545,85.7776859085235,87.0660461679074,86.5354042710654,87.0996386520232,89.1336540791451,91.6389997525435,93.3424764058382,94.829904698196,95.8327976634111,96.514720367439,97.4702388090066,97.5021246757373,97.5582077022637,98.3904597444922,101.043217033434,100.882868124657,99.7610759254166,98.0508260982467,94.6665965134239,90.2707796006962,87.2355489761258,84.1433765364362,81.943747004763,80.1727361078853,77.8102442347957,75.6884829700426,73.71139321781,71.8012022961061,70.1430485571203,68.5769371448815,67.4848336966332,66.0069586750081,64.5003260140782
"33691",74.5916758460461,75.0340184975312,74.9771476348078,74.8996353590471,75.5622291972574,76.2051542587231,77.8961749086457,79.9793783273886,81.9384116170138,82.5757806817491,83.4650893171621,83.2077455774218,83.6402131160518,83.1478682790435,82.6280526022233,82.0277418205953,81.6801046988478,81.3992835424203,80.3233012956929,80.0498541031178,78.9180379766641,78.6433262519524,77.319373813389,76.542433759912,76.3253968982576,75.2513408801587,73.4205766351034,72.4492244096411,71.4777769730034,70.5756324150759,70.0180789141489,68.8259249587336,68.9636898340394,68.581920005262,68.1824992217598,67.498185464227,66.6281041392399,66.6798769656441,66.0656051330442,65.8625425237812
"33751",45.0241175470352,45.1037753084704,45.1657449075188,45.4697716850468,45.9449800818864,46.6089583489694,46.9580381646917,47.8351412064285,48.8289493842871,49.2223781385634,50.119961913852,51.3633320613922,52.644765299967,53.3996849408473,54.2270621435937,54.992962481321,55.96193941991,56.8638046945144,56.9925375979138,57.6278772305522,57.6230364698646,57.8784885051471,57.4589209312989,57.7622730129316,58.301270629563,58.5476312383747,58.0487988397851,57.9322369071145,57.9089219033011,58.2289454992349,58.6336754582288,58.2127966379511,58.8064850775222,59.1705293862521,59.4674397841337,59.6342933820011,59.8185945256706,60.4836668016033,60.7583411446754,61.0653411808233
"33771",10.7221665208088,10.7753773396871,10.789556451842,10.8210069026613,10.8580590796548,10.9183116525711,11.1771130368317,11.8251730414587,12.7563569286182,13.7709246470947,15.1384843338492,16.5814805671087,18.0355652949721,19.3121449265457,20.6328979019602,21.916425949671,23.3026407368772,24.6638627578317,25.6793648349872,26.8961815880841,28.12171499968,30.6024552015595,31.7017879763502,32.512041940364,33.7579171661885,35.345864275397,37.0519262598543,39.6627845839228,42.8459100838204,46.6846706544674,50.9043046605414,54.6070667675268,59.4757483251744,64.3821666140555,69.3141214054522,74.02695456347,78.5497844621131,83.7596932652829,88.4575333804754,92.9040593034359
"35234",4.65870314038899,4.67769072601988,4.72200504949123,4.70903396409109,4.7109821008714,4.73112857486331,4.81782311868777,4.96586591165251,5.20968156125748,5.49728233283553,5.84129488927471,6.33823270103958,6.92929875050086,7.63147073854648,8.40029361114625,9.27496622713737,10.2334119616868,11.3723276464277,12.5601333077855,13.8214046664794,15.0397627117363,16.2237516987285,17.2058437553504,18.2644831279288,19.5570973412072,20.7192792598512,21.447485996095,22.3071255874202,23.3593647953291,24.2485894597624,25.2427337823998,26.4071645682392,27.7091490371407,29.0904858268891,30.3921905924628,31.1949557511116,32.3381523429376,33.4645176320684,34.4877187006851,35.1709710368944
"35331",128.616433130637,128.882615970895,129.21758469898,128.168964264335,127.722310769897,127.167691011875,123.501753863571,119.796579713122,117.804874484887,114.792492247393,112.203464827292,109.598088322322,107.927551329583,105.933366912612,104.099791648978,102.478052988203,100.716340937183,99.6381739311099,98.1244447292996,97.2109481283663,95.4391564144104,94.2576388236232,92.5369089034812,90.995599154476,90.8503164996151,89.8690703255765,87.7482537678367,86.3509892305438,85.6849517856517,84.8855795484405,84.1230563637425,83.565298923475,83.5012988976544,83.3178541053694,82.8823495132375,82.1104297234934,81.5709976830682,81.2628334440071,80.6263262084877,79.591810538228
"35351",20.2582326444925,20.2007311874287,20.2249938649877,20.1646765902705,20.224957930175,20.3724580027416,21.5759969130756,22.7218877510067,23.8742857583157,24.6261474753018,25.3021653699589,24.8464669296447,24.6644362643635,24.6100342798748,24.7073209588556,24.9391030724599,25.2803078822855,25.9583676290603,26.6340392389917,27.6074355493939,28.5267553727508,29.7230999037934,30.7765582781922,31.8344862325191,33.3480759637823,34.7249058782996,35.7564964039953,36.9301890747772,37.9972871610414,38.6754344046504,39.3037191997769,39.9159343960045,40.7715308638873,41.5159895828674,42.0623693917316,42.552907018047,43.1366508251322,43.8838545050018,44.490673773535,44.8606079730909
"35372",112.213664622685,112.234086457429,112.351308161511,111.674423520489,111.655351311846,111.655680888074,109.835279988345,108.817725114032,108.526154727643,107.270104264483,106.444711193937,105.559290182864,104.936052947728,104.289164299342,103.422962269639,102.226040856079,100.854100447847,100.277842215834,99.0174942401907,98.3657449042697,97.4518875930683,96.3013737858112,94.6306618433892,93.0686202887086,93.0712275608244,91.9620176344469,89.2033988569729,87.1769119763042,85.8280524721605,84.5519179189619,83.3127853498309,82.0413307668933,82.2124293468691,82.9603005603269,83.7957392056459,84.6894260011993,85.5264119643869,86.2889589482384,86.3281710519839,85.9867729755333
"35393",54.6549488738471,54.5258457953681,54.5499034590426,54.4295633254868,54.7269104065243,55.0554033965861,55.1236831475686,55.5106586668581,56.5549363428205,57.0359313959917,57.8806270369488,59.314811229145,60.7569460895473,62.11529307869,63.1965989559107,63.8469428073388,64.3338397876512,65.0986570819074,65.3541759738078,65.9911871827956,64.9968124781478,64.3915408810997,63.4350586661973,62.4423869988118,62.5003613338041,61.9104586499023,60.4387135494878,59.8549187975295,60.2733487833323,61.4047977319828,63.0624629191319,64.794530123301,66.8744581707317,67.9639497634493,67.5625273195477,65.9098441142282,63.3594700636788,61.2375873935201,59.0734784466667,56.7023167483566
"35411",20.500796820362,20.323626637917,20.3359976047058,20.4768660097262,20.8424243462704,21.4069808459781,21.9646191817204,22.7381017754251,23.8932197441577,24.8528037450617,26.0578655826598,27.2749558997541,28.6622812994737,30.0978952150234,31.5329239843712,32.9058332079626,34.3359358445552,35.9784611640398,37.4478130408764,39.2840447568424,40.69269599246,42.3208688922186,43.6401212721524,44.8779046974903,47.0561511180136,48.7553881189752,49.5258774700152,50.4535270413828,51.2253414291638,51.9447265326248,52.6729036490033,53.2704687684458,54.4282742621814,55.3836182221612,56.0331596473425,56.7940735090251,57.4669746129073,58.3241655739322,58.8185878179043,58.9254375805953
"35491",20.4689934524055,20.5357660867244,20.5429617021769,20.5794827115233,20.6136949959971,20.6185472966845,20.5962522220078,20.6751396413339,20.9217751248419,20.8309350309993,20.8863602852886,21.2659269323028,22.1673365132755,23.345654360731,24.8564625634163,26.641513910986,28.9438603115015,31.6785474078088,34.480730359101,37.8053788712056,41.1884894569511,44.9158496041145,47.7035005690289,50.319160668482,53.5946656800145,56.4180147909146,58.4145712812766,61.295998183939,64.0313322134758,66.6353398235587,69.4696404542659,71.8458118649619,74.560064433616,76.8259275053078,78.5672690769027,80.1429405783085,81.4582959388374,83.2663893212037,84.6616821503902,85.6977999796804
"35511",77.1003762538424,77.2571877898004,77.4303273385543,77.8021763808015,78.1859894088542,78.6406730077902,78.8365346486207,79.6395670222266,81.0032636196502,81.0782130101303,81.8167979166314,83.0935377044699,84.9778489455859,86.3410947656901,87.3761638563283,87.9466698414932,88.8164823174711,89.7025254182896,89.5366881463851,89.6910051224458,89.1439673203292,88.9137654711364,87.7279287732045,89.0144141024811,93.8251005640198,99.0076396463285,102.028162936972,104.417603011407,103.774943981167,100.422363107165,97.2969037887106,94.1243037306119,91.9901635440695,89.8554118481537,87.6429225313329,85.5281688995265,83.02462612646,81.167227657663,79.1205701174301,76.9130272612282
"35531",102.289770556046,102.529681858526,102.822320899659,103.248796439395,103.62991485897,104.259960900939,104.429213493998,105.605507990239,107.220910945817,107.038490906437,107.857854807601,109.431903564839,111.614019720124,113.197609163272,114.407723872406,114.924074980983,115.666356355349,116.658972036389,116.346074990919,116.407214777384,115.811613331165,115.593025060588,114.011725473267,113.646184182224,114.787437870395,114.523127307228,111.818767997027,110.25646499153,108.625606972295,107.118950778057,106.371130472977,106.396555657695,108.313732618901,110.551164741998,112.065579524109,112.138391532159,110.661393962565,108.694106468946,105.636515125657,102.480444161062
"35591",92.8756030192295,93.2561437394326,93.4436213526166,93.7939745834867,94.385049066684,94.8289907981962,94.8888061285748,95.621489560192,96.8649951692015,96.3314912820761,96.7225219675389,97.4513430035511,98.422406421202,99.2107632838499,99.8082485043491,100.218167714028,100.852111218633,101.458025876963,101.308008213607,101.907347214626,101.737808910269,102.345967233243,102.266661519933,104.344906308253,108.617929969911,111.952999449254,113.05780242751,113.53875713183,111.740218030732,108.645429439691,105.490803158608,101.763178788312,99.6705296818073,97.7559716168745,95.9933840382645,93.7758047820597,90.8515157255835,88.4701213903593,85.6863171663326,83.0261253492704
"35691",102.979237355253,103.232644668463,103.1647867309,103.213095636327,104.229146971155,105.32769261967,106.225709420566,107.965898284566,109.24192724188,108.775005468935,109.59744914826,112.994151190911,116.854681535671,118.971772364851,120.441106698865,121.283210187401,121.765092772799,121.932778507051,120.482780833111,120.264258760938,118.348181636394,114.931952483192,110.860049838671,107.975548292013,106.293333414577,103.52448814544,99.7378266490187,97.1691132022671,94.6395343692548,92.3208124523996,90.5589778581527,88.1846839153489,87.3249876412696,85.8341604369275,84.6189172127898,83.2776532923418,81.8910376650918,81.5990674153983,80.6340247115264,80.2004937452142
"35732",85.9233551192991,86.4306201029565,86.2328449584625,85.9401804902134,86.1145954571605,86.3179960951426,84.6921523445319,83.809831620623,82.9770909002864,81.1064304011697,80.1220046738558,79.6221577066541,79.5858464881847,79.0543596671272,78.5334051679455,78.1736284635233,78.1367006425498,78.3210630641142,77.5700217680047,77.8207820903583,77.7141434763278,78.4397601702411,78.0706555061488,78.2725350240002,78.5484638499969,78.329841787307,77.0350560347004,76.6250830614007,76.3311249069404,76.4694804774727,76.725963090169,76.1892469259815,76.9479168944549,77.2182671512863,77.4551641907216,77.4595245483518,77.3604777760719,77.9465750667327,77.9061857307473,78.0986840158492
"35751",1.20722938605761,1.2123456495964,1.21304413041127,1.21387086396695,1.21921614499927,1.22692035315105,1.22456593999327,1.23194931868196,1.24014497095699,1.23114733506201,1.23407542393564,1.68907616729436,2.62421333564744,4.02566199095418,5.91258843434843,8.26547391458324,11.1260978930504,14.4456856340365,18.0013795925589,22.150301701818,26.5690606854411,30.8807114502543,34.6076473707254,38.5582593391795,42.5284990715225,46.1539384564283,48.9697898707311,52.1800994344071,55.4188573834646,59.0300617754831,62.6433332696301,65.2743968247459,69.0129639970347,72.4402176117039,75.6805794188467,78.5796329721856,81.3934594284656,84.6474607209758,87.2695029341493,89.7447175263957
"35774",59.8348144683954,59.8661114942241,59.9331256820041,60.2712458674525,61.0429807258878,62.1153559029034,62.906765540866,64.5863462680864,66.5660985345896,67.912053341154,70.2057319846126,73.8438289918379,77.127198306723,79.7217933035672,82.2943200372903,84.4711209419588,87.0012393130544,89.1689912654971,89.9975095671135,91.4964510827017,96.585423080009,97.7036089404361,97.1338705495136,97.2069237559677,96.7712428286918,95.3963849754792,92.8556787782617,91.4897739408814,90.5633813463967,90.4152521257001,92.652077270206,96.3525809152243,103.479713333864,109.887404081004,113.69665470682,113.862367826191,111.149730634146,107.036235971992,102.385793069135,97.8512486084616
"35792",0.752338635752156,0.755539655586048,0.756343336070764,0.757203231992243,0.760357053930045,0.765023845837568,0.783977775040025,0.832181488444671,0.902538023640923,0.982018421346434,1.08905829150559,1.34085913837847,1.73378089575732,2.25379923466096,2.91772923560839,3.7038315643947,4.64800446752209,5.71968566258443,6.83760835482956,8.11585050449666,9.572363964711,11.2585068041533,12.956656666212,14.8721785768063,16.8337861967517,18.6914983663882,20.3445998699173,22.2773381416367,24.5238538030692,27.2718614182373,30.4389432482097,33.4209517654414,37.1192665923741,40.7684814631601,44.2628157040914,47.4877876255106,50.6326292351203,53.9508203673962,56.9628822677985,59.7153283169964
"37254",14.0831292482807,14.0651156214461,14.1753108718333,14.2572785071932,14.5318391747524,14.9194179758379,15.3653009575687,15.8196717203971,16.3861335873193,17.0303295435834,17.6588785481787,18.3106325915598,18.9591757188809,19.5550646295643,20.093638089798,20.5720393355007,21.0386846114711,21.6271796831185,22.1485981835967,22.6514039336347,22.9999517407614,23.3617393478944,23.5971757563219,24.042164024894,24.8906510701228,25.5983615454233,26.0210321401747,26.6701047395809,27.5384667350666,28.2948956812737,29.1479972540502,30.1172702045244,31.1978050973715,32.3279350301554,33.3586986783447,33.7990051631892,34.4900424630172,35.1720236637571,35.6906787519249,35.9511479530577
"37274",162.15972514372,163.353833047223,164.237052943114,163.32153920074,162.948949973074,162.252265105939,157.826554453069,153.231782695823,149.705624924388,146.312259052257,142.769476443804,140.106768933124,137.418644407721,134.614627645257,131.676760875861,128.473848752371,125.295577742254,122.946039789222,120.121690139386,117.617052707075,114.687914862244,110.952837311323,106.9946529381,103.993406536519,102.63752518363,100.593348057177,97.3138791561892,94.6779404825699,92.7548463890728,90.5222722610097,88.5261188147549,87.8698643355626,88.6092239310325,90.1057557833174,91.1297900723007,90.0870301299961,88.9467444724048,87.0051008193648,84.274146885742,81.1348605420532
"37333",74.8632273145859,74.9300981118799,75.2640122062653,75.0282100189428,75.1164389672272,75.7669307263274,76.2289307811701,76.6722037575573,78.0787355459391,78.9696328155606,79.962257071957,80.9842885663088,82.4514448997681,83.3052128229755,84.141828493335,84.8117586380122,85.4031379740652,86.2471846731059,86.8666174072726,87.9926874671088,88.0057389264653,88.2933094486597,88.0530666800152,88.1185144963423,89.2102373627283,89.3032571497206,88.230787612001,87.8405125431386,88.015667090068,87.9102777633774,87.6696875888106,87.7458402586096,88.1579693627381,88.5889638682057,88.4431515676157,88.1466360260316,87.9791342631702,88.059586993703,87.6677799465351,86.9652936775974
"37371",71.5176564481849,71.295581882606,71.6149516845721,71.7154409779525,72.2987920693446,73.5956390866439,75.5062254220481,77.4952528147062,79.8337765163589,81.1862568368444,82.4659392663983,82.5278142373037,82.806344115226,83.0542160117218,83.0974045640028,83.0200729651155,82.8792876313737,83.4145299755579,83.4820416492721,84.0662410379637,84.1339689765365,84.5909168627214,84.6118314265064,84.8376033225222,86.3552935716389,86.8670393830682,86.0374844163417,86.0841115396288,86.6070448061056,87.1553664563252,87.5400180204416,87.9120955711827,89.235619767264,90.682272405261,91.5384674840485,91.9929981374921,92.3186137101684,92.5609190686743,92.0991123670674,91.4472393071783
"37391",43.1336076715751,43.1508289821275,43.2349801476048,43.0515831970937,43.1097109379203,43.3874688956941,43.6334731191497,44.2818670320001,45.4320345265634,46.226724298525,47.3169230538458,48.3769157258503,49.516884750769,50.6826608890388,51.680089920839,52.5360799789944,53.4229405143952,54.4926625818212,55.2077747729591,56.3407046400482,56.9656563621363,57.866889479575,58.470179103801,59.1526831233702,60.7216545701066,61.6245073858636,61.507634209634,61.9963598074668,62.7513903766305,63.527955802596,64.2234661456492,64.8112924211104,65.9932998515586,66.9916436007783,67.6320458490524,68.3083953105403,69.0502355945324,69.957845896833,70.5289343334759,70.8640141303737
"37414",56.8868628017322,56.8687919749817,56.910222673054,56.7206671432853,56.8428953190119,57.3007425767719,58.4521046250238,59.8217026464898,61.5655372818392,62.4222338014099,63.3874604116719,64.3368666947694,65.3545841580601,66.2137775456762,66.751278998403,66.9911694842085,67.2177723051536,67.4945867796004,67.2031465173873,67.4461790504551,65.7921418437848,64.5855802002738,63.1788428909676,61.937740358415,62.1437206833987,62.1236685974241,60.8881775628213,59.5560683253436,58.5211769528068,57.6854479756159,57.0061019507762,56.3449876465778,56.3258691499485,56.0686917290563,55.9921171895402,55.971198128345,55.526593172198,55.1844077547121,54.6137776589833,53.864608009234
"37451",68.8819303687524,68.8728555940276,69.0081174542977,69.0134193635678,69.0550153416616,69.0473889880379,69.3704770573476,70.0318231461187,71.4172620904682,71.6294810765003,72.3789402049582,73.7451378086082,75.3512445589542,76.6042890203576,77.6278691914466,78.3016168790633,79.0506547174486,79.8312508281869,79.8409022296142,80.1504811217533,80.4773318383303,80.1023191346096,78.8872036800573,77.4618640576253,77.171274153257,76.1436347147485,73.9639777781835,73.0304160375417,72.2853831475229,71.3645964653174,70.6336853141159,69.7064938679062,69.6721514569741,69.516658981978,68.931595406582,68.4806065002014,67.8247086588986,67.7439639299045,67.3570582501663,66.8631578658003
"37472",38.0211155567047,37.9275903861735,38.004892624799,38.1310154878289,38.3962830858049,38.7082559869713,39.4166922473602,40.4508039951939,42.0918291239022,43.1650884890564,44.7397554429234,46.3530865451087,48.1181574453445,49.6833529340503,51.0933807060176,52.2742249848166,53.494325696705,54.7810438052897,55.4855228555506,56.3537031471743,57.0195590294126,57.5689663921701,57.6686110220177,57.8395389004515,58.8985577872325,59.3357997740959,58.694587268474,58.8403118164449,58.9990465854281,58.9707295972278,59.1236144714685,59.1581404099817,60.11763812781,61.0998011606722,61.5913189398358,61.9579281023225,61.8669596266141,61.8715553981557,61.4308451155643,60.9288718176277
"37491",54.1975709871515,54.2994998117439,54.4144542272964,54.526352621195,54.6108818748233,54.6289315974673,55.6958165596358,56.8806710643145,58.3730803413207,58.8865702379844,59.756012825932,60.0805301510532,60.7700356688607,61.2018915648361,61.3473995197842,61.1906305633877,61.1821063151076,61.1317757816606,60.4934357004584,60.1018629524812,60.0256199475234,60.5411228898727,60.199159161307,59.4315459984808,58.7613866817453,56.9806610685058,54.4683583857828,52.9666328475895,51.6201361059154,50.3213581239104,49.2937388112526,48.2237616296448,47.7166763327588,47.2049163525903,46.4969499312517,45.8572532523216,45.2544414402752,45.0701700549692,44.8819862562441,44.5714708923292
"37531",80.3851332571217,80.4436469729647,80.9089843990377,81.4105288932693,82.0804359440343,83.0139725555099,83.7120911155292,85.1282738167041,86.9415816304264,87.3243761013862,88.3775096621775,89.5095256149384,91.2022515086669,92.4995567118193,93.532662080241,94.264187691715,95.1156598281512,96.0252361748594,95.9311506227721,96.5799278512012,97.0167042058182,97.6857956033727,97.3291698411811,97.4771788537767,99.0057608269151,99.6704439790521,98.7682133957814,99.3809316021992,99.6805890982149,99.6767857233884,99.5811218802352,98.9968497374955,99.3249896936523,99.7209135531869,99.7288635825256,99.576240259934,99.8015427161353,100.982947805343,101.78948703678,102.230365661056
"37551",9.12819324618504,9.15907091653984,9.19832855116379,9.22686855384423,9.25110077881048,9.27541339649678,9.41876124178032,9.76530522780512,10.3015983437251,10.8209329220588,11.568013011694,12.3706786862196,13.2989870385593,14.1929180189115,15.1288880572343,16.0200085941105,16.9786869357257,18.0131600843799,18.9061355859197,19.9465452027902,21.0276776311116,22.4421569446718,23.8004361333967,25.4846117135629,27.621927204432,29.5564329389507,31.0831831849751,33.1312247102587,35.2296365860755,37.4843638909196,39.9159659276582,42.0831913422307,44.5033298190212,47.1885861036022,49.6983596783657,51.7546190396156,53.2745920495301,54.7770692047888,55.9300842113595,56.8816809751919
"37671",61.1315086796556,61.3292994790243,61.2832516843218,61.2162330765002,61.3508998333117,61.8503035770279,62.0701740405829,62.7221388747055,63.761093724061,63.6450590663836,64.369386427273,64.9100251118315,65.9546423223355,66.2691154335586,66.6054514112329,66.6507136234299,66.8553311241077,67.038563562,66.5273545969347,66.7166297137333,66.4687036130841,66.266283989851,65.3663068631388,65.1318335081952,65.610364760898,65.3559606432258,64.3308093372795,63.9563995788088,63.5276374889946,63.0199229571067,62.9746403351216,62.3877680286176,62.60335621516,62.368958691277,62.2574550062893,61.960400042083,61.5516829869248,61.9072581156994,61.7882479440511,61.9121647217361
"37691",90.6076453175974,90.8079768246448,90.7432102523078,90.5439666011787,91.0070057740385,92.4241643616621,93.7523195788446,94.9474939267352,96.3152572570165,96.1446587444262,97.3255479289302,99.5018475615259,102.096569656771,103.479694877346,104.683082115932,105.209589513039,105.864795589212,106.357193661667,105.328436382285,105.488014431522,104.998552444568,102.773021607498,99.6586320477869,97.5479979573502,96.2638564871662,94.075911002115,90.8194931805839,88.5779836433733,86.3615037682148,84.2623014421547,82.564603557559,80.3456192892999,79.4060646905503,77.9146494340775,76.4796204544802,74.8789578536239,73.181059224357,72.3887882819739,71.1109436007676,70.2018382834817
"37711",125.819609550541,126.199602631784,126.006778769495,125.667247658712,126.206052286583,127.856580704083,129.224974080369,130.898635416622,132.697175943222,132.289642214294,133.726371321734,138.654919284598,143.650810180432,146.622827974324,149.021344363082,150.218892824583,151.073634407271,151.509451730539,149.367536123238,148.751470174277,145.89927650094,140.530461936818,134.263431182695,129.960913660037,126.935519619342,123.117310250695,117.938594840701,114.16516803844,110.579985400923,107.473431116628,104.835769081439,101.859297293559,100.784091015876,99.0032985034974,97.2965744861129,95.5275010394502,93.5393637895148,92.4371822243457,90.6620844971975,89.325464942351
"37772",38.1701965997991,38.2347832218981,38.2183142432716,38.2311784143399,38.4554519041508,38.8961708919858,39.0849107718878,39.7741704400978,40.6667970704031,41.1646554188532,42.0769823423126,43.6813500032379,45.2251136843562,46.3077005672785,47.4151047777963,48.1500591244657,49.0531979398342,50.0236399429656,50.1527546570429,50.5624878092054,50.5253135934973,50.3995099842149,49.7071629859851,49.4675811009331,49.3863027289994,49.0590324225388,48.1667280931937,47.7618853957701,47.5460991012125,47.6937481877923,47.9824208743799,47.6022548487563,48.1425707305353,48.4812324440684,48.7178134279185,48.838050206126,48.9798251653077,49.3939624627852,49.5135264192376,49.4802824162397
"39191",61.3932047831184,61.6685514890647,62.3201635912404,62.430553810317,62.3426831798472,62.5748280077247,63.1976236216849,64.1339569044205,64.6547509904249,65.1314010146907,65.4125860238576,67.3675706174205,68.9303763260672,70.2736433378035,71.2752324286395,72.1359779423989,72.6993523556079,73.6814375315102,74.6520360536509,75.0068998459841,74.5969851810796,74.8667949656082,74.2800856984101,74.0532622442599,73.982802930599,73.2509850041765,70.7996712989977,68.5435698679939,66.5664475825489,64.4775473053749,62.5781120517796,61.3561373787803,60.2172679884058,59.1584405810264,58.2470877904563,56.5027152038636,55.4939657833859,54.6280552823967,53.7208708086089,52.3398546098055
"39251",219.306624346786,220.593202005069,222.089079552833,221.018737075426,221.648609408309,222.260270430865,222.77583178463,222.686472099129,223.436449991974,224.887212045496,225.26122847319,226.232867369469,226.96944161968,227.19909961835,227.528514014702,226.915620431714,226.435912353107,227.396573712237,227.909613680497,228.101989267168,226.757279369025,225.2543125782,222.313574054996,221.072891762745,222.48824352781,222.088840211591,218.772975385978,217.015544428094,216.190744829601,214.161280351832,212.677545776331,212.168707388557,212.684053901686,213.679911390484,214.165347308915,211.423663493502,210.767042646766,210.250608189132,208.839021138594,206.302196573336
"39273",24.5499162596136,24.5240835888076,24.6824889862206,24.7428570195071,25.1196979605774,25.6477414766471,26.3953464360988,27.3086840947361,28.603082864817,30.1861216490571,31.9000659056264,33.748293207679,35.6393556894521,37.5280468197726,39.513883439009,41.3815594707427,43.3335589805306,45.5920760679188,47.7915492135265,50.107466531203,52.0368869503517,54.4816105336062,56.2160063596679,57.7885405929326,59.9804530357317,61.706665123808,62.571775861663,63.8372309739633,65.3410905524093,66.4684391931286,67.6387826846443,69.1291108523794,71.0475749911078,73.3081136674864,75.4336510609642,76.4775393149344,78.1364866963332,80.458495314767,82.5835056856983,84.1938915014224
"39311",48.4147910563871,48.3894977501377,48.596202590686,48.6076933166371,49.0076046844405,49.8004275478389,50.6068247336641,51.4822523264728,52.9500295117566,54.3999852782754,55.934231071522,57.4742537592308,59.1265778660591,60.4688246664591,61.864862899479,62.9702267706079,64.0785414319852,65.3261980602401,66.3489793551567,67.6384633004154,69.3456243852423,71.0264875131678,71.7850795994473,72.0633049679754,73.0326618816967,73.4730851972801,73.0920548324033,73.4119411781264,74.2081875862232,74.7922768220256,75.2539786764639,76.0183923953355,77.0187621356111,78.2219633440484,78.9631890581254,79.1139008917347,79.6065394641087,80.3792969618338,80.7502723414456,80.8134846684471
"39353",73.0685444917414,73.1495386974695,73.3617019729763,73.2344697981672,73.264554480254,73.7003840382254,73.9771179486777,74.4544424671164,75.6187584042557,76.0644035347697,76.7185127292209,77.8152723876265,79.1327721270744,80.048814732878,80.8194778311461,81.1180591637555,81.227360322733,81.8683700455889,82.1032876944275,82.6490048307197,83.5964270709552,83.684314827241,82.9595190879576,82.1580044139927,82.1453255796325,80.7875487427388,78.1705289945469,76.6372262674994,75.617211424313,74.6503121430937,73.5232399358851,73.1770921286099,73.992784123528,75.3480744511291,76.4249858808035,77.218606277204,77.9210463177301,78.3406068815521,77.7075175742187,76.9790533786505
"39531",87.0685694828228,87.218392767812,87.6572409994287,88.0608919061562,88.6045546409262,89.3566230059835,89.9197065690923,91.2668540120223,93.0425685790911,93.3703146627146,94.5349044300397,99.7869797012284,104.899527227887,109.016380316053,112.379701280363,114.871111797847,116.938731718312,118.535465346707,118.457995054447,118.961330460106,119.362720405785,117.192575259492,113.563271059892,109.691947408022,107.470656661113,104.334301241741,99.7216064574825,96.822032738238,94.0771186785498,91.7479277381997,89.4127647035841,86.6550722109558,84.9224481040957,83.5483073902419,82.0773963224684,80.595168074487,79.0980435933942,79.0189806402812,79.2805122008609,79.2219710213958
"39551",103.203997454859,103.460520356265,103.935013062137,104.335740559153,104.871980477241,105.490224881364,105.888294123738,106.884479374521,108.35797680676,108.165427708775,108.810467350725,113.583656787192,118.541694265932,122.328891900162,125.669468447878,127.872635173418,129.890194217124,131.651121471215,131.69350439003,132.268016168095,130.491911886626,126.48482062194,121.522696222627,117.549716262862,115.346392673495,112.152592558758,107.418872909488,104.465057301149,101.42698092486,98.4142691670312,95.5478923897658,92.2507936888412,89.9901812116454,88.0170245808335,86.0200431640867,84.0935541609033,82.3489492509848,81.5489441766501,80.7270049515255,79.6939430605919
"39611",16.4623066966832,16.5184071367537,16.5483570958057,16.6815456291184,16.8605697682672,17.0140607718502,17.2649041295712,17.7125914317126,18.3303159893446,18.7645154380289,19.4290267378522,20.1731931496404,21.1610674248901,22.004563006646,22.8926359196104,23.7560552616859,24.7774533820828,25.8805128748053,26.7420649738573,27.832569980182,30.5289571676423,31.7015359470988,32.0165204388162,32.5255209900522,33.5526081653009,34.36524719018,34.8681367891869,35.8029994336712,36.6731992632036,37.5191425874975,38.415893203802,39.013070758739,40.1799310520184,41.1843914297496,42.2721287896718,43.2418701246979,44.059972347228,45.4756549881626,46.8717046612048,48.2024193294493
"39691",55.3154161774494,55.2859425276185,55.2173135030132,55.1789310767983,55.2836615742645,56.4615894648987,57.7765866925633,58.7158704778668,59.9634320937685,60.3674064495858,61.4805711966577,61.9035503606311,62.4268380144774,62.327568974906,62.4804966220484,62.3000941065808,62.3888826222701,62.4508384757946,61.7448436665116,61.7265342802894,61.4853583143559,61.2143408866185,60.3854441216512,60.1463970692386,60.4122744071954,60.1366622016844,59.1320188332664,58.6458197064742,58.0929686358759,57.5472717478827,57.2248788831514,56.508169433857,56.6077277692605,56.2608817862761,55.9006169626628,55.383002586893,54.7100776658972,54.6345941565512,54.1676122363752,53.9162918501039
"39711",65.8781349082114,65.8537488548941,65.7580228199651,65.7788912615887,66.3465763344966,67.8991729903835,69.3546869425227,70.6095286683562,72.2114077448063,72.6413368222756,73.9438160313224,74.7041836125411,75.7271425603884,76.0435680149003,76.6317554259595,76.7599016844891,77.1794854718138,77.638482240934,77.0276260275108,77.4696225943753,77.6413164767018,78.8388099206896,78.9531701102347,79.3487377944588,79.7919146011076,79.4076472081832,78.0803560114547,77.4110343573566,76.6822995698863,76.0907712424991,75.6941168598853,74.9161143591693,75.2282856494761,74.8253109656426,74.3033159261039,73.6318089251342,72.7331010986128,72.6099678195644,72.0229760829874,71.6775181830207
"39751",83.8730947771003,84.290194009552,84.382334619103,84.1344643992596,84.4084668245193,85.1122891372514,85.2768715560133,85.965476548301,86.9901800689233,86.829214254537,87.4778769589621,90.039488335301,92.464098284545,94.1335244004755,95.7386800948466,96.5464090930698,97.6756545228241,98.4959749099743,97.9446556464894,98.0631754019841,96.3314823494752,94.7330460894002,92.2668479748014,90.903476177604,90.1006917082877,89.3699921955881,88.3870555915509,88.9293700101544,90.0267386958606,91.3227510212597,91.7775762440351,89.887826814859,88.3585361494758,85.6392932610601,82.9428457474653,80.1068323967836,77.31978424462,75.5767090067111,73.8391188697179,72.0997982548706
"39791",336.969122657288,339.384596897304,339.589450291278,338.041336836341,336.809096278275,334.571016235356,320.024637277529,308.490373905895,298.228684935878,284.696385195034,273.496434250803,263.766339962979,254.905601941446,244.517535583272,235.477780499361,225.515959245039,217.540808865605,209.981377296324,200.25188529669,191.686314818444,183.283611747612,175.302569054675,165.9216880706,158.832138859055,152.589309319077,145.898049154147,137.936113134681,131.269594395174,125.196747717823,119.810714099898,114.879361031009,108.782548649349,104.651084119207,100.407477452139,96.2268485271311,91.8180779281481,87.631154016068,83.9983919298601,80.2646487347943,76.638986947916
"39814",13.4754980940078,13.3943564178927,13.4335799889269,13.6086587986738,14.0151475522446,14.634771238988,15.2351143451843,16.0476567237896,17.0233027410648,17.8892939693477,18.9620452902737,20.2951670302529,21.855689089183,23.4352098145752,25.2774335174066,27.1582729402458,29.4338577674273,31.8765116482327,34.1093542349606,36.6004867764925,39.4685497008113,43.1284803877813,46.0264080127835,49.1689959194545,52.1072465507767,54.2933101834249,55.2561466417708,55.8823445718585,56.2716260234636,56.8903493697096,57.6605843483026,57.7380544049448,58.8862376578699,60.0678518856048,61.0675206815454,61.4344782269733,61.3523554691341,61.4871387796641,61.5352712235529,61.5603461473402
"41192",72.9258330194293,73.235174490759,74.0670221705591,74.197323879104,74.1711961477678,74.3317709843948,74.5491749620162,74.8939115523908,75.6146028064904,76.1945483984288,76.636637941594,77.258524238149,77.6498227446609,78.0201525931709,78.2976658898385,78.3651465288675,78.2344637623486,78.9380714264554,79.9822093528527,80.1718317547019,79.9997808401347,80.4257718517311,80.3669198124953,81.0177135251618,82.1371943433602,82.7000587859303,81.4087154280316,80.246223709451,79.3706217719748,78.2914552474471,77.4139001601891,77.2252664375028,77.2980390625743,77.2504439967451,77.4075650181429,76.2650006624503,75.8465621966149,75.6143520342748,75.2431379889235,74.1714990990167
"41333",105.087675215735,105.100753818187,105.350892476727,105.062762632015,105.301141927392,105.982446158711,106.707251589338,107.409855470021,109.096396531,110.225503679629,111.551125286514,113.430249565376,115.718495178486,117.443322754647,119.459464158387,120.454599476434,121.328024846976,122.663692484581,123.739252794273,125.089557424436,129.137699099217,138.076140172348,143.119014388018,144.960831150758,144.325076688144,139.613812665367,133.275323570561,128.938039053881,125.277626225818,122.485057529672,120.003428821393,117.57496471433,114.879597070406,112.283277652913,109.248657875044,105.961804207064,103.151780967462,101.754398819228,100.336621790059,98.7323214111609
"41374",58.934081199687,59.041705858233,59.1987786105435,59.0732783991689,59.0864982183477,59.2598390243424,59.6094754043118,60.4231477713298,62.0307297298162,63.1483841878537,64.7497247159837,66.3539787549114,68.2719966872258,70.0018544595943,71.8369130211946,73.4468747362351,75.0306881033714,77.0859250649533,78.9910752613885,81.1874869541784,82.7263531118103,85.495587375003,86.9077776449697,88.0060298291147,90.3290200334151,91.5899896270345,91.387097623195,92.467046209323,94.6375547736018,97.5633524674978,100.139062779358,102.343815423939,104.598206877741,105.939262894267,105.900382869338,105.132017581574,104.692448477449,104.584244546107,103.867290882668,103.07014079629
"41391",69.6253482744057,69.742890172638,69.904733819529,69.774765266797,70.0070749045521,70.497716015251,70.8227427276002,71.4527803674018,72.6232753772608,72.9300839968562,73.5903278590058,74.9742908402775,76.2894975818338,77.3625815724222,78.2538920457737,78.7658400143423,79.1213317791522,79.5126840568879,79.4439378910728,79.8223306276223,78.5042402520652,79.4898636551898,79.7083577950465,80.0443541304952,81.1744236290144,80.8871852954717,78.6928738336604,76.8831955678487,74.7678402314849,72.6643243166365,70.4767218225103,68.4338729489422,67.3802683713529,66.4267552896301,65.0278323884776,63.2624751500102,61.593255139668,60.1916538796614,58.6276680334017,57.058026390078
"41411",37.1727185031655,37.1826491947702,37.2384772787729,37.2312949109101,37.4066654992224,37.7816996403673,38.29463709952,38.9197526477825,39.7464680350789,40.0093944259355,40.4205411299245,40.7167809653121,41.2757291790864,42.002768741061,42.8822452332245,43.8211001705069,44.9433587100752,46.3452060021879,47.6695444590865,49.6076535312255,51.1760555738607,55.3910038104542,58.3661027308046,60.5522589174066,62.5839521119217,63.1465179906833,62.2731430241695,62.0397967322953,61.9916582800908,62.060607070221,62.0389292773641,62.0827361698602,62.8360816222427,63.5258092356972,63.8856782058616,64.2316527685147,64.8092809109921,65.8033189168576,66.5187867986759,67.0605384597898
"41471",99.248934107352,99.0427580709748,99.319149105647,99.6061920093341,100.057560261162,100.740668302065,101.824509586608,103.319254221678,105.829433400854,106.822952081276,108.822012338712,112.982796232376,117.179309839237,120.682407850952,123.814848025025,126.073265824209,128.28375975362,129.969191520312,130.620368419218,131.878323847635,131.285139083488,129.471617956388,127.360496238108,125.384009458734,125.244120952047,123.516781751282,120.14057949226,118.559731582285,117.266810522562,115.678378578931,114.35027858717,112.929579099338,112.59240635655,112.2266968723,111.336754693435,110.318864296858,109.050791886778,108.320452135586,107.190501618407,105.743516527541
"41491",84.070077076249,83.6702686022199,83.9322488767466,84.3506419897996,84.9454181373174,85.7452800796244,88.2339530619879,90.5997895303405,93.2388009452279,94.3759494975618,96.0377795238048,95.9329730634796,96.2140512432726,96.3609268426961,96.5398523050748,96.3541331575175,96.5450711032792,96.7887665778793,96.3252207861866,96.3894525217388,96.1807652734704,96.2330970817184,95.7658094914993,95.4405305907218,96.5120897235378,96.3486608220938,94.798049161162,94.7043226072127,94.7600762697479,94.6807371366978,94.7463440252493,94.6148107575484,95.2918756548589,95.9855234133127,96.144342524071,95.9696220225952,95.726826642401,96.0420795172614,96.1421627650384,95.8375120383015
"41512",144.223215970889,143.782279973999,144.239806601871,144.834179483494,145.688670771114,146.836867296726,148.629535507278,151.172339223095,154.834640739337,156.665990263787,160.232488636544,165.889106778564,171.418595371472,176.120845579506,180.461521552724,183.520552011261,186.725162179127,189.329209751757,189.756106934506,190.863423847559,194.645542628858,192.675043972191,189.63990195786,187.402249351305,190.374264933484,193.161419826914,194.329217125222,198.32035147255,200.888945224652,200.754531658157,197.864536180671,191.675965943888,185.379457125044,179.682436052315,173.541181020466,167.306504187723,161.486607826318,156.867942132027,152.282733883776,147.213192442079
"41571",81.3692313672143,81.6654535018578,81.9946777836558,82.2065292895657,82.336015242399,82.6435161568674,82.8416995988363,83.3500689552207,84.216082282097,83.8059800326112,84.0676954823039,85.8094837949034,87.9966324655025,89.3846923388289,90.8299483029517,91.7128193650923,92.7847385422864,93.9217746008935,93.7228032824914,94.0992456017608,95.1729663774036,93.8305228112032,91.5560278111944,89.2853184243072,88.5469276823927,86.8438781546682,83.7965649488992,82.0319639476006,80.2819744415388,78.7097074153443,77.3182611081499,75.5896833125292,74.6313575071654,73.7633431723472,72.8319041484808,71.726358933427,70.4871232520065,70.0688864599652,69.6220653141042,69.0110795291795
"41611",33.2139486657828,33.196055383228,33.279070872649,33.5781135904673,34.012500871412,34.5991662489861,35.1487844299837,36.0282839669429,37.145506440916,37.7445360611152,38.7335669711982,39.9379580400307,41.7167229785445,43.2723167140872,45.0678296385654,46.8907114782511,49.1179927121308,51.7126367358822,53.6815768507256,56.0641802967814,58.1618447818382,60.5458267111816,62.1583318787914,63.940516864861,66.5406054636864,68.3348614379905,69.1587829768663,70.6733391206222,72.0544415806459,73.4146031088624,74.7776258986519,75.8897629850242,77.8181578651388,79.1295196053117,80.2984593933068,81.2028704138355,81.815867907667,83.4540370541264,84.7317210297967,86.0108315132644
"41653",43.4694245718755,43.6589990710946,43.6888381865765,43.7478935755457,43.9708576991937,44.347046743096,44.4436638596575,45.0351197806296,45.9202666808679,45.9480158846991,46.5020296041594,47.0870259697005,48.0127855327408,48.43742285736,48.8410640568181,49.1474757878395,49.5756285263002,49.8516270740615,49.6996094540513,49.9006522376872,49.7782193971116,49.8141694718253,49.2456251859404,49.19306724045,49.7641476968821,49.8330413024503,49.2424440436974,49.0717056636178,48.8688780206915,48.5182150832861,48.4176598322249,48.018345602704,48.3409246408472,48.3447496122543,48.3931843298134,48.2479976063126,47.9520389662547,48.1806514917014,48.0841942291178,48.122149754584
"41674",31.1745516622894,31.0596920502485,31.0813916722528,31.3798791035635,32.1626695535347,33.3355487417417,34.3439556198169,35.7503408339942,37.5432078873613,38.8343598229756,40.6352528967815,42.60617031196,45.0054234876658,47.1444011790396,49.5350359447533,51.9306134936596,54.6856709284894,57.2820054373315,59.5626939452646,62.4581745798436,69.6338948704629,89.9303101024494,102.139338542831,107.770197172008,108.414720778924,104.635390385134,99.9904967804523,96.6111926228863,93.444609856696,90.5447853186919,89.5861904881676,88.0559467934487,86.7669003778395,83.9186204681892,81.3496861583488,78.7572902033605,76.2018895821746,74.645631960619,72.7393917807927,71.1560375450796
"41711",123.308930804688,124.152329361658,124.155882182186,123.44420163991,123.388012613418,123.673011520871,122.933054814281,122.388178734494,122.515571035059,120.086032673049,119.002014761729,115.977102343638,113.734786685064,110.783464520295,108.516750035737,105.753168771383,103.528047488066,101.403017000723,97.980752847233,95.8254202030364,93.5636255734402,91.8026353206479,89.2680184257855,87.0077148322132,85.4460494939737,83.7104503210588,81.3289275857468,79.519068429314,77.8170254802326,76.3341630203049,75.1756049616521,73.6769901588343,73.4438551305202,72.6872834722189,71.7818018742013,71.2489970727872,70.7987889523228,71.1825021340643,71.2122210226076,71.394192340078
"41733",67.148934491551,67.5034160580446,67.5609483660004,67.2392842870302,67.459801459979,67.9034662290016,68.1606519107921,68.5434596840614,69.3893655289293,68.8776788147546,69.1480240071444,69.1686184335112,69.4842388189763,69.3237981919886,69.4309589941106,69.0908230138973,68.9701500561861,68.9422728030513,67.8764208469346,67.5668770181416,67.2849016024239,66.8904211022281,66.2162581649587,66.2370169762346,66.6467608899536,67.0545823928659,66.9044722103162,66.7675327986572,66.2588679726598,65.8103883706741,65.4873949291955,64.6656120302041,65.1867218165082,65.7000035242689,66.33337868712,67.0948567160922,67.4451541202296,68.0051418854638,67.8071002550475,67.6847988840153
"41771",5.45024451909787,5.41710743071953,5.44137282593313,5.49939796154692,5.65418802298015,5.91394865061953,6.20031310510027,6.584643598424,7.07010722757996,7.52302469067868,8.10807744459517,8.91620358678746,9.96017071390648,11.1719734345921,12.6063186669649,14.1896146397203,16.0401025215052,18.0709382430341,20.0804208659956,22.3532047165305,24.7945810785313,27.18968481547,29.2923672773723,31.7571920299185,34.3856863562833,36.8693992784571,38.9733917888293,41.2643638884899,43.5241834581219,45.8791926279353,48.2926716517158,50.0221735223089,52.2346125460577,54.0738193692111,55.8485106051161,57.6741519726473,59.7468775483126,62.3000765236667,64.6207114143491,66.8552687571434
"43191",82.1289207887254,82.4578088402414,83.3490091788551,83.4370228364129,83.5547695797084,83.6866803119297,84.1197269940042,84.4463699430317,85.1487679424738,85.680330931708,86.0667324962125,87.1183634777889,87.9199823183033,88.4968302411484,89.0245597041055,89.061027119697,88.7445566112531,89.3856889234428,90.2984760556048,90.3443052842168,90.0702625902734,88.5228590311124,86.6785264569815,85.496120685382,85.035425935207,84.4382690015292,82.5578172288749,81.2083716318455,80.075431684509,78.6073522791435,77.2450153514943,76.4644920210904,76.1049938922795,75.7045801580881,75.422237386717,74.0128259330413,73.4107265285291,73.2584289343147,73.0380700052233,72.1710371854034
"43253",59.6322717080221,59.7551549061568,60.1426444905713,59.954386814814,60.0199385151779,60.2726557774992,60.4807462549993,60.6181560611356,61.007440492249,61.4181353152558,61.8510989413842,62.4651581161988,63.0647526366361,63.4229718497745,64.101522692537,64.0778381249052,63.9068458558731,64.3191583588446,64.6267960630168,64.7408464817761,64.389333563421,66.3742155242354,67.1925903531366,67.7336091761414,67.8764128527732,66.8407037591757,64.1835927184902,62.5724009087269,61.3720495911305,59.7554213388673,58.3130646937343,57.1508468436583,56.5889614605796,56.0588323339574,55.6279980199699,54.5382670505246,53.7854769462661,53.2542106842107,52.7416756611067,51.9633086149248
"43333",81.6406849633502,81.4791738081558,81.7021953934207,81.684784716211,81.8043104618165,82.5140852657659,83.2681110687931,83.8497779688451,85.1477772645024,86.1831620764966,87.0893072797437,88.2396275914503,89.6944216513543,90.6043672238639,91.8502163535047,92.4774339979675,92.88006226991,93.3832449685498,93.6041040094077,93.8094122953171,93.102829696043,92.0846270843529,90.3740262843651,89.3687437713144,89.2460741010511,88.0639358347193,85.5975112328405,84.4099966121507,83.457808219133,82.5263616641215,81.3470174992648,80.662510467748,80.8688922639869,81.0096227107419,80.5083286217262,79.4478756515402,78.803908398353,78.5378300671287,78.0318032402738,77.3008305399848
"43351",35.432318100493,35.5167699046358,35.6094612728906,35.442759031752,35.3442768287626,35.2945729758852,35.0714115026381,34.9341745983738,35.1815067456073,35.1516831766912,35.1988779955525,35.3387171251862,35.7151313970843,35.9656203888898,36.3842450646452,36.6506972548015,36.9667708601926,37.5363038738045,38.0997829220919,38.7432043180825,39.0701702497265,39.806830380695,40.0529659709581,40.4699653734947,41.2224116367222,41.3676407486923,40.8494911348945,40.9867415466835,41.2222247509988,41.5183275345538,41.6464450934814,41.8939627441025,42.5271386277046,43.1268538178624,43.4717352509707,43.6536733191768,44.0054509789997,44.4851832736488,44.6742224568267,44.7729179214056
"43371",102.11220890988,102.208084097341,102.480269864955,102.356575591581,102.653187340737,103.297876301203,104.902084403283,106.39447144091,108.669370416243,109.553741577351,110.486723084886,110.373759544629,110.520118050746,110.257720147205,110.146736801613,109.459456610097,108.71149385879,108.453777926579,107.901997547782,107.569247105245,106.408136991758,108.556260818678,109.325501688281,110.561170938725,112.746295065513,112.795094730608,110.091744431903,108.009574183695,105.175612931247,101.929478196799,98.2608225292931,94.9853511202922,92.773179195347,90.5986687174678,87.9565463579548,85.1800210303109,82.9387873066251,81.2427931391058,79.4170542857828,77.5422223650791
"43411",126.711906900884,127.202137294983,127.409786667414,127.138064286095,126.898411285967,126.751974234865,125.131414733269,124.043655403882,123.986467227642,122.457802666075,121.753954478756,121.164515931117,120.583663545409,119.872798029433,119.175957848324,118.010837293271,116.664844044266,115.674637512029,114.049571251228,113.430162747413,111.791494399316,110.596590067828,108.588003568398,107.118600417914,107.068182540076,105.754484803485,102.904845305234,101.393852567164,100.165338385396,99.2020617454017,98.0202768230819,97.0117232268,97.0677790876148,96.9580635677809,96.2809830162425,95.5697329072287,94.9553675522768,94.5974072554264,93.7606326622168,92.7242846389287
"43431",148.829461254856,148.926332274405,149.208784828719,149.227575330114,149.307186774491,149.74981227702,159.303451762157,167.831536396393,176.257002014705,181.064430567091,185.625494948237,179.348186673012,173.513838296848,167.734810882596,162.049720114016,156.042854650309,149.89922418368,144.366876397833,138.048600145984,133.450715497206,127.677707523014,122.86921578012,117.081359674495,112.044148422853,108.838016931759,104.658776209484,99.3963070812208,95.834035366286,92.8948650038718,90.2698132235156,87.7386398943479,85.3836714156569,84.0310289820256,82.6511976319844,80.9515750270874,79.4248143558408,78.0795835158406,77.3169403249937,76.4544242384016,75.3954284536289
"43451",66.8663498576825,66.8616474327061,67.0329476890949,67.0614340561297,67.1092657626679,67.3299522269723,67.6038082806486,68.1011580761488,69.1929129720845,69.3727509441532,70.0018247733167,71.148245137611,72.3615166106118,73.2509176364901,74.0179695012221,74.4981796249118,74.8093693224562,75.0437577365736,74.7102785859181,74.9613276998834,74.7032696664873,74.5444872853747,73.736541809192,72.9171043173513,72.8782664422878,71.6331340184272,69.3276868270496,68.0283506584029,67.0342075794191,66.0078588838985,65.0702250185365,64.1864763011299,63.9540457236773,63.7125382454732,63.1434546499213,62.5232059257068,61.7921134136394,61.4300901691507,60.8499842439531,60.0664682784337
"43471",89.0195132817721,89.1254745726301,89.3548539107025,89.1915118144758,89.01727734853,88.9643711252228,88.7318676635473,88.6962200957815,89.4790612415408,89.0336749262267,89.2709241634592,90.4641255172577,91.70144060892,92.4398003119783,93.0989968632339,93.2357393351128,93.2405867292328,93.0647209937539,92.0509864519199,91.6821836988686,91.126675910354,89.28978402915,86.7824231385563,84.438479429,83.4252065560711,81.4047619824042,78.4957392148653,76.8857217465053,75.7396550731305,74.5641099600387,73.5893294835863,72.6313398068753,72.3196127739102,72.0533606252577,71.4647696955444,70.787697776631,70.0397859648156,69.7640256561802,69.3276157252788,68.628531892505
"43511",115.275564201631,115.056991159992,115.410370597089,115.730499203617,116.108363609439,116.833715655489,117.754862994264,119.321635974151,121.531104495849,121.959679303241,123.703778249006,126.399192136512,129.131650454402,131.291386279956,133.553061027364,134.852780601461,136.258479230785,137.471843573797,137.021695501742,137.317397925669,138.470688283577,137.198245686591,135.10700564734,133.471089358711,136.023315055286,138.548172264994,140.108444382137,143.529836822885,145.646267575436,145.561814230261,143.074363473028,138.466121121835,134.356047557092,130.641907386114,126.55323064802,122.227254687066,118.189833433274,114.881862511918,111.786583874558,108.203951848453
"43531",49.4905772297787,49.3996194909018,49.6027482012285,50.0111179440763,50.6510194041781,51.5677592788805,52.4894691418996,53.7065362749738,55.2200632378681,55.9309994730753,57.1717168028119,58.4004941162128,59.775745160865,60.9022087426141,62.3267211049652,63.3622071194378,64.5621030932892,65.7211429689207,66.0402437588024,66.9068557350028,67.5623702030307,69.1914751413789,69.7355143782057,70.1237470363277,71.641625490578,72.2741860590595,71.7980797321128,72.344591373158,73.3134460057098,74.3422186627566,74.7257464780632,74.8017850837652,75.733831972088,76.8547003837093,77.6009584941179,79.784984105001,84.3060954436209,91.0009158082072,98.2898878467045,104.608537310948
"43611",91.4179447783043,91.5737474806501,91.7182653628116,92.2149818487276,92.607586000766,93.2528889140232,93.3672645653178,94.6551839154283,96.2226081324469,96.1395458273849,97.0815301126395,99.3664028856028,102.401369510398,104.200886282586,106.102069662562,107.38474594577,109.096176378607,111.257815545961,111.338794529522,111.799541596916,111.882130217256,110.197715166392,107.691749154854,106.153689327912,106.236188294585,105.116097063359,102.699484201305,101.477860706971,100.193915201706,98.9740612384064,97.7218912935932,96.4337441933198,96.4595278865933,96.0021187554791,95.460320621674,94.5663742425701,93.2440206050208,93.0991488975407,92.517977793324,92.0627228905272
"43672",56.1256708862205,56.4069239684392,56.5375602429163,56.6421153027171,57.0610823500305,57.6072995797523,58.9431707075529,60.3701980363225,61.9905438504188,62.2636559557208,62.9292234523358,62.1900149087096,61.8813649093361,61.1288484441517,60.6321633047454,60.107150553458,59.8245398724791,59.4877817678025,58.7017946838222,58.3912537530239,57.991459874319,57.7765288623499,57.1520882030892,56.8874740475342,57.1802208670364,57.2053910948168,56.5246830969417,56.1911143024189,55.8676083284869,55.5805684539482,55.4694723505519,55.0235454929449,55.4630314644797,55.5588554273907,55.5551230834255,55.3411787892158,55.055470594939,55.3338691966851,55.3978825494383,55.6027147251671
"43691",102.6210352769,103.615061454718,103.799562534354,103.475346261748,103.616702894405,103.676023950473,101.251352173956,99.8055238656643,99.2459593745307,97.2011540246211,96.5663388455642,96.0802683125805,96.3922816469095,96.4710018877222,96.9322096249985,97.1335073817134,98.1485866070546,99.2793462124728,99.4618707389412,100.724715186249,102.01673154325,103.49860714754,104.909035294073,106.726420611344,109.255529053586,111.932598698893,113.024127216453,114.201544520338,115.179332375677,116.048604210099,117.122788228937,117.681462121959,120.259698750333,121.527830443414,122.368204163388,123.215923972657,123.96858161546,126.105857260058,127.967629356212,130.063966187024
"43732",26.6163461120548,26.5592501702151,26.6518498738425,26.781436849463,27.3097029360458,28.1350064039403,28.9770530016932,30.0879904342593,31.5770959417877,32.6463286227742,34.2163196539056,35.8506775370288,37.6526384977225,39.2521873696124,41.0285204721512,42.6538947673946,44.428713734761,46.316720244969,47.5527591844011,49.1885942543053,50.8924384466129,53.0530030948992,54.5630340277208,56.2037558509921,57.8795597270968,58.9416539926055,59.3633054491185,60.058692853408,60.716239695476,61.4697051668866,62.284378520606,62.5821926206312,63.935118710898,64.86158552731,65.6561048360362,66.3846007172222,66.9832527369118,68.1372299434153,69.1292943527433,70.216030557546
"43791",14.0984603011784,14.1664778965788,14.2009016213772,14.1748274844057,14.2161039592992,14.3224060475519,14.5660992066465,15.1301092597149,16.0247930992039,16.9584096050209,18.227811510564,20.044222633979,22.3881198037837,25.0810565150872,28.3662933630243,31.9489735812572,36.2297964944268,40.9603037506554,45.6309282930799,50.7424551088582,56.6096462198002,63.4593677755502,69.0423938987501,74.7512441768173,80.0580444219256,84.405161190094,87.4177024251901,90.4143377006185,93.3176562685132,96.1516717096485,99.1275023099362,101.546719125533,105.067721240791,108.164772093664,111.051426931617,112.957665408367,114.39203258243,115.664814805621,116.551387196331,117.753753951652
"43831",8.07533287897627,7.99434320036413,8.02092171023289,8.14613606172051,8.4590276578346,8.94220156509099,9.49835824403115,10.2554604278209,11.199562622229,12.1465261480155,13.2745729581844,14.7614933794368,16.6028484523923,18.6416640877309,21.076884428816,23.7098728409916,26.8320830166784,30.225432512538,33.5910535038168,37.245056634258,41.3034593733725,46.7413545167747,51.0560789143553,55.1745623747477,58.6341956285063,61.0165170061014,62.6370852905363,64.5403189621894,66.6211054990865,68.8600284809731,71.2737058997337,73.2027090385717,75.9477160651465,78.4756816101256,80.9444842281641,82.9863655190102,84.9073259760052,86.8469798126032,88.6039507428971,90.4869519716338
"45192",14.568346792011,14.5290960917507,14.6936790412756,14.8457551992492,15.1723739027837,15.6009001023369,16.2206193847756,16.97597476945,17.9576705701025,19.1188390212395,20.4368005646566,21.9072732855006,23.5387953817915,25.2442317009405,27.2034522404196,29.1919552821579,31.2044154958012,33.7274986620895,36.4032676842105,39.1091392446093,41.8412162689341,44.5762227944219,47.341433517422,50.6021506633337,54.2234980230949,57.766359250425,60.2975748262066,63.064973691957,65.8738923055224,68.1630278147331,70.4884933817584,73.0007697521004,75.9636556923956,78.7270698829676,81.3709265618475,82.8566000150908,85.1169828845375,87.6407767700334,89.9544701771978,91.3822736376872
"45211",33.2323023034006,33.1863123902478,33.5252940446536,33.692087075731,34.1899209927781,34.8242635973668,35.8826168969747,37.2712684379027,39.1651775069088,41.5268571848919,44.3029077070472,47.5620354841026,50.6098919243301,53.2948966608778,56.0658304341165,58.2878981344292,60.0874704233807,62.384227988797,64.6363228500973,66.4041312189153,67.2274555194997,67.9256234581092,68.269954906613,69.1492790960559,70.6325447144643,71.9503193646592,71.7111170309091,72.0995324161384,72.7990671453774,73.1432966506115,73.7773684162653,74.6656428033538,76.25134486813,78.2983482743765,80.1505415981649,80.0387361183541,80.7256922890779,81.7756243333042,82.8666955070787,83.1804181558179
"45231",75.9784558550581,76.1931959058011,76.8063423022864,76.5517187512884,76.6937207613639,76.9277189877792,77.2618218839556,77.5349386691996,77.9832671705207,78.5954691648292,79.0784298036542,80.425392510023,81.7252757841511,82.6238368313229,83.854625465,84.2733881424312,84.3532775834186,85.023165315511,85.80140547633,86.0891074222945,85.5310658915084,84.4652326570735,82.681073597834,81.7560955046052,81.4285871708837,80.9160399055589,78.9023064809416,77.719421159738,76.854049761312,75.4054627125396,74.1777809163329,73.1571447339291,73.2115502328804,73.2866685818636,73.2711090207753,71.8882576290858,71.1623799853761,70.6485141065564,70.1626016116254,69.1673371791722
"45251",3.23140081002772,3.23891550201758,3.26305432404241,3.25473764675678,3.25151623523117,3.25847457603385,3.58274475300927,4.31559635373172,5.52091386117545,7.23683081600416,9.4908525274926,12.1467641085524,15.2243213209934,18.6446240294818,22.594930188305,26.7837688191342,31.2795075650406,36.4953383425835,42.0954957070657,47.9691508372784,53.8641570542703,60.3776237850547,66.6850058757974,73.6094746455564,81.1176448897358,88.6578653898503,93.7950089030289,98.776406812084,103.675273602922,107.581837885405,111.458887452983,116.658054087634,124.669421021216,133.042798834018,140.424055917334,143.789534297298,144.953394479446,143.931932294021,141.344250861632,138.026769757703
"45271",81.8953476181414,81.8989037085956,82.4411472504484,82.5000182517209,82.6490520705335,83.2569466577486,83.748982491092,84.2903889667514,85.2123613476436,86.1509925891775,87.2513692649814,90.0010602044649,92.5971624638654,94.4974142021301,96.7557807870979,97.8602317706002,98.4357276498518,99.7022536215858,100.510171475078,100.922024201305,99.6942410191291,97.7880679436267,95.3963965462249,93.9498970538731,93.3983141631014,92.7432413392064,90.5443362769489,89.3483837966335,88.0758333568397,86.0956003527377,84.2933040548316,82.8825978595336,82.3834555982848,81.8516316240146,81.3803644153147,80.1214597196171,79.1825450354628,78.4122250191769,77.7197575252417,76.6289256284265
"45313",96.3902827108271,96.1967174078295,96.5444816469169,96.4337224068115,96.0187518929528,96.3730975981875,97.5830503866786,98.4695817581128,99.9915701836795,101.679093652817,102.906687470144,102.825639745937,103.057953864844,102.897607964834,103.156131513273,102.983151157357,102.593568899542,102.304434404335,101.552874300692,100.982178291507,99.6905698124735,98.3199031320395,96.4087576312471,95.1772824068273,94.7058792034945,93.3503276104611,90.6619048059979,89.3263196762793,88.292288177837,87.0722532096515,85.7736289867987,84.7598318446855,84.5695388647629,84.3444844196806,83.9374551303029,82.922150811313,82.4042019544395,82.1728827715904,81.6954457960394,80.8724113599102
"45351",200.450566179605,201.322353138254,201.626351241882,200.903793908619,199.419548694564,197.908433701047,191.952496651055,186.069799553128,182.097392105974,177.11199208616,172.475293141009,167.796600425438,163.734345019652,158.996814255949,155.057487322962,150.436950659606,145.93249942341,142.139633344196,137.99015343449,134.126364948829,129.44075785786,125.672940083852,120.681873936631,116.97275068497,114.57468444608,110.838106217427,105.557695029255,101.965840959036,98.5367169007204,95.5003959505555,92.0934961692669,89.1225000732926,87.2629702843755,85.3562314406287,83.0492677245453,80.5311128592147,78.3912962327806,76.5952058090705,74.4724966702395,72.2014627716983
"45391",14.8671760992305,14.7766403653876,14.8058071828324,14.9966383337501,15.3255069428889,15.8160297140227,16.4877169636286,17.356555620227,18.5678975793137,19.7858674430119,21.3019274436289,22.879317454673,24.4607155341637,26.1462032817622,27.9518160819714,29.737898470821,31.5306323627686,33.4723530342803,35.3364044778665,37.4521302572923,39.3591940399211,41.5883580413186,43.4676810163062,45.7395610267652,48.6109684838339,50.880911856977,52.3081760928987,54.3477598484293,56.3103725489524,58.4133170175378,60.1559218633121,62.0669931660079,64.7173389619091,67.2702929611098,69.3464677800727,71.2833023528303,73.8466210526538,76.9409057399495,79.5781477658435,81.8144576264029
"45411",80.2602524343216,80.333606765887,80.4372774239053,80.7867564921106,81.3441455654222,82.178039402241,83.567803876123,84.834109194776,86.6435351160036,87.423356432915,88.5416835322267,89.3893202457734,89.8337981900682,90.2998281996895,90.8526949313038,90.9467647147918,90.7908352948898,90.7790053254893,90.2714615417385,90.30608912227,90.1772336674231,89.9537992969305,88.6359617587232,87.5571562620929,87.3098764788224,86.0326831293295,83.5631840526566,82.2572436042052,81.0586224620689,80.1626971237629,78.9447768624457,78.0005851771105,78.0050026766241,77.9611125615112,77.472427466447,76.8999797792655,76.818193275487,77.3379946016295,77.542227903492,77.4435760316376
"45451",32.5138316932044,32.5522809274449,32.6883294683905,32.741611852354,32.7910736407937,33.0097277952012,33.2346691721519,33.5162295137663,34.1847731761528,34.5010077319783,34.9826021344664,36.1969262014325,37.3271779052531,38.2395637175713,39.0953604329079,39.7898758429873,40.2919258662215,40.7309477952886,40.779808097044,41.1024747329991,41.1949308251608,40.5552681692193,39.6117442791093,38.9724338808232,38.8965328555919,38.2986523133102,37.267241891464,36.7723861790167,36.4429356264594,36.1851416726409,35.9565844912681,35.8829920488626,36.2700754084874,36.7559018951264,37.0632197458826,37.3552990408752,37.5440304247609,37.9612517711537,38.2770863638786,38.3808793798214
"45471",19.7990041827961,19.7357872343296,19.8329113085187,19.9530107272875,20.206282317497,20.670512828205,21.5339899971848,22.238867996364,23.0536826838152,23.4708258698404,23.9025317086467,24.0183686690725,24.4194670795344,24.9886136187443,25.8415180793575,26.878153536871,28.170089692825,29.7228660501291,31.2638795466041,33.3090087111936,35.4953369551286,37.7690272549572,39.7169950006249,41.7830416530668,44.6622062770456,46.8335885708814,48.035296146513,49.3228260815696,50.7799839430588,52.2639422721332,53.764780145205,55.3027615602155,57.2470565451848,59.6793301811134,61.8364734290202,63.6110369405127,64.7669943540872,65.9640785152678,66.6230977434731,66.9143924983038
"45491",69.2481019030522,69.2720743653783,69.5123911787883,69.5643537397568,69.7835375569231,70.3839616561183,72.3235580694102,74.080533370225,76.2921536561982,77.3470651016841,78.7284873863283,78.8309916793307,79.0282817033351,78.944171532707,79.0578035497144,78.7571510542393,78.5849913050885,78.564343768767,77.5856632469248,77.1242504630626,76.3962293883481,77.3752241812029,77.0363125864658,75.8753741451721,75.7589433857981,74.623546567692,72.7064849312512,71.9026933706121,71.2019150017554,70.7446014955121,69.9365113542165,69.248433445421,69.3622388094535,69.6429243071988,69.5228249147132,70.8186804765381,74.3316044084386,79.8244699829562,85.4304815307722,90.1972628627351
"45551",79.7007103561889,79.4531720610315,79.786252975605,80.4872660987702,81.7597324851833,84.0590987165488,90.0706970416493,95.3992643664366,100.804401573791,103.96295924359,107.572557012535,106.189467404029,105.582234472231,104.334044387363,103.697834710278,102.643830430681,102.091225696144,101.567350099322,99.9574026972975,99.1081213914829,98.4155234192473,98.0290072699582,96.9199282733772,96.1834128381046,97.5286725091346,97.9224572338936,96.9835207774703,97.626529556261,98.6147314547002,100.092801462751,101.908767420271,103.658701226657,105.611672749002,105.960490293111,104.594401766086,101.075086745255,96.4222543854542,92.4045766408498,88.5261397887816,84.2586574614271
"45571",82.9159197913022,83.1143307767465,83.4164687350908,83.5834325279992,83.7060665124458,84.4766601574421,85.0079287324404,85.6638846274777,86.753053334129,86.388110032865,86.8184025068496,87.4375418709725,88.6030968469477,89.0185985449094,89.6460237444382,89.745271983036,90.2955680335189,90.7577567743635,89.9180704026143,89.5672011381105,91.3747270583591,92.3889266545033,91.648407495872,89.6529886538057,89.0063203594904,87.4489426375904,84.8465073230559,83.6576363878028,82.6960956393583,81.8744826757462,81.2190012398039,80.7615982122741,80.7335436272019,80.219721136314,79.7908494717158,78.9581020236494,78.1436595510423,78.3365040197594,78.4806729638219,78.1868347932856
"45671",34.9116997020612,35.1195692066403,35.2078203484391,35.2628272594352,35.494097759546,35.789939385929,35.8260584787277,36.00056530711,36.5186415959752,36.3884657581137,36.6122672800348,36.8692290488717,37.2974483594835,37.4022056811094,37.632043931378,37.8287277893908,38.1174492388599,38.3907940244246,38.2814428872172,38.4488017570886,38.6956792480392,40.0941073423882,41.1140119028415,42.3075543311416,43.7967636121779,44.78200921252,44.7968913731195,44.5071743064109,43.6327830733938,42.7643201941188,42.0474280162659,41.163352120612,40.9507530049355,40.5185745809801,40.1342294773976,39.6927564219732,39.2165039100713,39.0801384436725,38.7793785794281,38.5883219968384
"45713",115.207059585638,116.363852279201,116.544222870162,115.758711347073,115.328230062726,114.548363454794,112.363419961038,110.132590995326,108.528497308576,104.723064360382,101.764284374199,98.0411020224076,95.0685368438977,91.9760875851963,89.7482250510256,87.6736106638624,86.3693017940812,85.5971159641321,84.1502612061482,83.941258512973,84.4298875014415,85.2946784671071,85.9571810288571,87.2808287265398,89.2298075829213,90.7587471293245,91.2801216800338,92.2021322464724,93.2222484296036,94.5919264174412,96.237710877077,97.1139558757668,99.734748413484,102.109473093448,104.238620702476,105.561561507122,105.819834578468,106.712658209322,107.366484693777,108.274074052323
"45734",57.8169662206622,57.9972335990384,58.1614891686657,58.1025578971413,58.5881016480491,59.3119495424698,59.7566223811787,60.3734786670157,61.4304886752266,61.4719643372262,62.0922215926737,63.4180043698892,64.757765868002,65.5947156340136,66.5677819682544,67.1474340241618,67.7927533456298,68.4819506661054,68.0665070724341,68.0143331332426,67.9193920151559,67.4063181389135,66.5777498044926,66.4438490657101,66.8385636710046,66.7797504150833,66.0535847726053,65.8022870606037,65.4756618016362,65.315409626836,65.2905896235246,64.7291966534859,65.254305985941,65.3729921994224,65.426833119789,65.4679854296967,65.5889843322627,66.0855565885839,66.463332205997,66.9918633443882
"45772",31.0581829829994,31.0795830341495,31.1955899358443,31.2335423050122,31.5618880242092,32.2094108507855,33.6972575840533,35.1416023796939,36.6072148942312,37.4101340167749,38.3132958074561,38.0574374626804,37.9060645807233,37.5939808022561,37.4115705990645,37.1246093951546,36.9840055304741,36.9583796252266,36.4481799553045,36.0046949896133,36.6246691307414,36.8101973436934,36.2957448060988,35.8017312035034,35.5788420573416,35.25414024193,34.7758475385928,34.6788023053545,34.7249176698734,34.9296475900754,35.2459359013747,35.341924895625,35.9544826955503,36.4515247498703,36.9447745823107,37.3500248397261,37.7354353606492,38.4791019172261,39.2321405239049,40.0318595304264
"45811",64.6737824102047,64.8550862203472,65.0152088150996,64.8990889366838,65.3254736958464,66.0882249979535,66.5194039913043,67.3424499350954,68.5228291828892,68.964407254405,69.6654245035135,70.6465702967386,71.9979968714581,72.9593704120375,74.1796342031775,75.183922056085,76.6725209626629,78.1879513591099,78.9068276258765,79.5634211724999,81.2859451112978,85.680756799852,88.529475825769,91.5602655596458,94.1366026001418,95.2194672833868,94.5825436794786,93.516150076965,91.6751526143622,89.2350050652514,86.6961941697748,83.7889490424215,81.9530971366041,79.9789507793523,78.2492286702117,76.4174493753587,74.8243802759603,73.5012241119996,72.2384956740242,71.2361759888878
"47251",120.127904168608,120.548837322209,121.548495534608,121.642937029356,122.153983658846,122.947462871933,123.258551018732,123.505132017331,123.936136755779,124.660833185627,124.850069542612,125.038825774797,125.578736542065,125.503661241085,125.970385033081,125.728588010662,125.395287129393,125.911169012318,126.208751985608,125.901382670935,125.274841578646,124.740512750194,123.100660828938,122.685118348068,122.923578573725,122.467291460246,119.88826669758,119.004028797229,118.621470389696,117.164671828966,115.902949936024,114.817125438412,115.099785400461,115.184811795253,115.197697579528,113.947277446051,113.292720298378,112.885196569574,112.395530065142,111.193936161054
"47312",175.592840244172,175.636317114847,175.99024711105,176.359495404121,175.928015753588,176.617830758597,177.066192641792,177.959760795208,179.970461445894,182.325536609014,184.425264567787,186.320870467503,188.706168428491,190.471560473062,193.29171114421,194.937395947191,197.557708606466,200.297447374612,201.878397658144,204.11303904106,207.291153559496,208.894004933284,209.510334080972,211.498788111593,216.717255184064,221.548286960841,223.825434821234,228.839060546005,232.607003082001,233.354397692632,230.444360233188,224.932647793343,219.866099669814,214.448070481381,209.018508317776,201.961096438378,196.449683179009,192.574848747428,188.574237642956,183.71942191032
"47332",41.3481092832703,41.3834877804061,41.4540501697505,41.53440846452,41.4607675367761,41.6799301902106,41.8398181313809,42.0446296326142,42.6069049585391,43.0940073074951,43.6700409373854,44.2016640120665,44.8872169137678,45.4317663581677,46.2487855437483,46.8736132867211,47.6225618327894,48.5031898202031,49.2375662538846,50.079699306396,50.6479902245952,51.3954115161932,51.7683958249853,52.604946884325,53.9067924929399,54.612882479648,54.4980321826814,55.169231737863,55.8717184372614,56.5947488559295,57.1190374365021,57.8984419243045,59.4457840160216,60.7555647595268,61.6672001101991,61.9401371348362,62.3856206427275,63.071277198069,63.4895827145873,63.5882308212843
"47371",83.7069539956503,83.9285279926094,84.048411424528,84.3783123814928,84.4831483516786,84.8574076972459,85.2273551990958,85.4585305004597,86.4842191202799,86.9967131512799,87.7594258690872,89.5608287312295,91.1557076558662,92.3073350838351,93.5320196420109,94.2103452935191,94.7044251310336,95.4510437996769,95.4832384690094,95.5458506539656,95.7010348731516,95.1047926306354,93.1167186456056,91.5858611228716,90.7942297662507,89.0518598655244,86.1304208754202,84.4841925705524,82.8483271700153,81.6892309880327,80.0064723699494,78.8265081523947,78.7822427958867,78.4564109410996,77.5363529050282,76.4150764058281,75.6138546686096,75.1739175714119,74.4396327556043,73.391391502458
"47412",106.774223620133,106.945143650218,106.955471936951,107.222393372273,107.469342959494,107.962143838164,108.27226037503,108.411825471958,109.513698005831,109.759702742983,110.38687822612,110.971163502626,110.904280643235,111.101213721645,111.482798356991,111.485392748965,111.44727107139,111.717660886094,111.659229668776,111.787245000397,110.175382951442,109.925203580087,108.606875755411,108.099434315517,108.940849068055,108.403061665911,106.187003539678,105.394416383447,104.581297384812,104.204190905184,103.167836197653,102.468328668775,102.936989095859,103.225732824027,102.888629247885,102.303525764086,101.885018900789,101.91593720782,101.471846987413,100.563468559707
"47451",0.6023348973581,0.603028380718654,0.605046116230289,0.605565811522972,0.60465576956496,0.607068671779791,0.606631478970738,0.606722703777154,0.613611685141101,0.61416573980296,0.616759369648209,0.910891405969589,1.53792239458037,2.5030764724805,3.82285461122783,5.48134016772487,7.47448251897712,9.81879618712109,12.4327360795427,15.4391442185535,18.4840824125097,21.5620238640503,24.4085084474435,27.3837935769273,30.7324374365577,33.6293592895705,36.0659586581155,38.8659887731897,41.591604799894,44.2782682174996,46.6702416292262,49.0924374341102,51.985007037746,54.8108219756813,57.1903894656018,59.4387256255966,61.4365014251939,63.8576991994556,65.8917125213583,67.3949589174594
"47471",36.9951785479244,36.9102436571722,37.0465562840583,37.2133256360714,37.4166171067706,38.0035667968773,38.551421357174,39.2613780926625,40.4863980637465,41.4105744225979,42.5725702274021,43.7104595785039,44.9271765432696,45.8948502283703,46.9401646425629,47.7672115350378,48.4970189761141,49.318197865885,49.6789530324447,50.310099284485,50.5710526982644,50.9800020075174,51.0220745202415,51.3158455743805,52.3253759046364,52.5038236711842,52.0552062233055,52.2426440413908,52.4069898332061,52.6091082843146,52.5850859228647,52.647416199154,53.3011588966084,53.9332297704604,54.1452227477093,54.3164018735804,54.2395407613062,54.5838732559352,54.6644410448335,54.3796081041037
"47511",77.5803762926145,77.7401841190728,78.0501662076286,78.0582801546169,78.1863726048975,78.7259682116032,79.1682129932042,79.6979874132951,80.9375309965826,81.2768888078039,81.8854724333101,83.6463821368009,85.361721742148,86.5469077934824,87.8951594989664,88.5571202847615,89.1050852312417,89.6067354055451,88.9535936889518,88.4309505366785,88.1978705579233,86.6385409106156,84.3176738560598,82.2303250392326,81.2255796416286,79.1045337303351,76.0757060638059,74.34063711552,72.6582776118215,71.2141444897509,69.761939204425,68.4508143722129,67.9149257647611,67.3285217616579,66.5383329490606,65.5282141329632,64.5098526894594,63.9255474316844,63.2702403984455,62.1582424458275
"47531",138.434102341173,139.020114791861,139.638568786381,139.701971452373,139.96299594116,140.736234361251,141.140407966029,141.722969287121,143.4060091598,143.243019440514,143.887656475987,144.153566068551,145.132812035567,145.354912424259,146.647955628463,146.963520789085,147.564759878076,147.930714482281,146.891007930883,146.35213387624,145.973443484561,145.731992999766,144.252721799205,143.664741975496,144.673890186036,143.659895045442,140.504292006289,139.434763146521,138.242269403688,137.127974591206,136.001534427803,135.076130416306,135.4510215462,135.336435794917,135.145602424107,134.153510314632,133.266549480573,133.124672177574,132.865340810075,131.374420586009
"47552",79.5548019896718,79.765191749573,80.1221228691866,80.1796972659588,80.4205296512277,81.2744656257235,81.6874020894393,82.2577140411553,83.4371013736185,83.4505499274853,84.1332748930067,87.0444337512607,90.329047338559,92.5863966967238,95.0017094799027,96.3581378478987,98.0393142487294,99.2269735271754,98.9645581627051,99.0157192598454,98.4154652257642,96.5385998131268,93.4394140526757,90.5095913874259,88.9717199770211,86.4594268715431,82.7015092065995,80.1731758697854,78.1569860692862,76.3914951495709,74.4012879643824,72.311083523584,71.0420489529745,69.73233207065,68.8757815484958,67.7464212615736,66.8229448142046,66.3530406996422,66.2237255953049,65.422967676329
"47592",94.4327202519073,94.5204870854903,94.9750245029204,95.2420068579149,95.7354569372369,97.1013044434186,97.7424462026571,98.7316046896986,100.483438123622,100.837612112776,102.182492070046,105.902178065751,110.265110809921,113.148032315474,116.376073621398,118.545171707337,121.027969889515,122.937884624906,123.336294040521,124.155603627764,125.605458002504,123.398424698574,120.183152723213,118.015963078394,117.868577424864,116.867128133073,114.779140630394,114.351456161214,113.954211263726,113.043375310424,111.101547942045,107.948087477494,105.183026099149,102.114669886386,99.5592889500205,96.6349783892272,93.7370497734355,92.2775697601983,90.9051866785219,89.1051601876117
"47633",67.242879464864,67.2895591728633,67.5654087427503,67.6746221155321,68.1515260729048,68.7282251229862,68.7924456443913,69.208578125095,70.1618363737882,70.0317816510773,70.4603413911953,70.8638768267811,71.6946803186631,71.8045310366163,72.4407237613439,72.824815274486,73.1913486304518,73.7757741625365,73.4683441621308,73.5955553043322,73.474418764108,73.4170126322692,73.6643193339758,76.1489138654361,81.1603385727406,85.7165051603348,88.5398366975432,89.8700593831301,88.5971773785929,85.3486855788382,82.1201856611039,78.9314669078322,77.0102103045491,74.7376825279545,72.6925710294649,70.6330604555261,68.6490131657682,67.4994429652731,66.3028430088253,65.196192275124
"47652",47.4449397035277,47.5693086595323,47.7510688062626,47.8023488542614,48.1398634333811,48.5984394894994,48.7735198503146,49.1415869627576,50.007794427199,50.1396748126567,50.6536196120926,51.1791045145862,51.9729505521228,52.2985884271617,52.9000084811501,53.3012274851789,53.8775935837448,54.4894918575636,54.4578789564483,54.7767895170613,55.1340252235097,55.4294252083354,55.2824158679366,55.566685006968,56.4872460083619,56.872524722773,56.6963278587922,56.8849570010917,57.0189217956466,57.2290761724546,57.4008522941541,57.2464620460457,57.9417160141236,58.3011331662171,58.704554775267,59.0049690801638,59.2336670341934,59.8323881152311,60.0952763070607,60.4680925362854
"47713",36.0055401189722,36.0194118821606,36.1504945755036,36.245462734144,36.7548383386925,37.4386214660275,38.3235835123742,39.6082193274369,41.5954715134054,43.2064602855881,45.385796723131,47.8075726051966,50.3855628436993,52.759860967862,55.4238471480622,57.9394199092761,60.6872864762009,63.6132953501658,65.6504222155465,68.2758722922744,71.2635727617234,74.1069624473747,76.0300171358492,78.5158208774352,81.5463084323886,83.8467048951691,85.2241876902812,87.0484334643039,88.8340353092183,91.3675283961542,94.262938160095,96.5164351255045,100.146554129431,102.588222313986,104.259702032719,104.942952819846,104.952863191411,105.364503666179,105.502720204431,105.89358696349
"47771",139.414476361434,139.874760623163,140.133772264868,139.646606579339,139.964881318211,141.101794063965,141.475602569783,142.16458158374,143.657201934226,143.304359834078,143.578809589586,144.183384713319,144.983088403878,145.243805342024,146.427758687969,147.108509530186,148.028252721292,148.819737834775,147.64726552649,146.52657204915,146.452826000284,145.667132636121,143.679186290828,143.083278904769,143.33427208798,142.540741966,140.531366469902,139.480646944813,138.366071141332,137.665613875143,137.130128471461,135.555682308401,135.75279009611,135.435513041113,134.841850858197,134.005659442024,133.186229786542,132.83820235158,132.164072986798,131.732595496856
"47791",30.3425221816777,30.1823610194135,30.2578684793629,30.521806257412,31.3275193379219,32.6187156285373,33.8612032487118,35.3479710009287,37.1308656280389,38.6556912232652,40.3586270110797,42.1837171002026,44.1879529450158,45.9794273656207,47.9822407148143,49.8397842161027,51.8989878733263,53.9235682312415,55.3394099917636,56.6329626265274,58.6997004182101,59.9808815810774,60.706389421985,62.0331002685027,64.1706333071263,66.5266382174737,69.0576029968503,72.1837174341615,74.7608040731216,76.1709978132393,75.8505364520122,73.255836157727,71.889202235458,70.7557061742626,69.9964494500185,69.5338826742903,69.2276768883177,69.8975239589495,71.0043932588892,72.1176890988022
"49252",11.3873593885109,11.3288047192353,11.4305590976892,11.5920310247188,11.9326607364715,12.4091181985162,13.0184138615487,13.7758013195478,14.7416695277241,15.9706446573874,17.3118222518905,18.6442760107229,20.0504934648109,21.4060889172472,22.8378603470871,24.1417430924506,25.4560109177165,26.9811914968957,28.4632935131568,29.7586668289839,30.9957561246036,32.3424930830933,33.5444404910849,35.1475207062163,37.0172014573402,38.7314982455607,39.7924927445682,41.330342382454,43.0044546335143,44.3301996695756,45.754745239164,47.2897230462432,49.4663992145159,51.6064354381969,53.6773824256387,55.0697496935411,57.0757545997733,59.4071151513951,61.5588217885453,63.1981416676097
"49311",206.842200407031,207.720740057223,208.169764635406,207.887346175179,205.988148643418,204.547940398971,197.792512553925,191.332709564919,185.992771088534,180.850918646601,175.604405042408,170.562328454258,165.926266214842,161.010473178519,157.012788278755,152.068495724366,148.082139390896,144.510578787745,140.50011668567,136.711732090722,132.682151203893,129.140630759722,125.140133280187,122.314736321688,120.549334150771,117.746887557621,113.318148183357,110.742380352082,108.591469412831,106.503437021239,104.34180815706,102.365646803467,102.08211288169,101.856883244127,101.494834841565,100.040236346286,99.0817687934045,98.3397222738261,97.1400670905108,95.4810629830083
"49331",8.6240677619096,8.50073164352095,8.53132196384443,8.71918513788838,9.01466732307255,9.50892472602256,10.2125181037499,11.1515748648089,12.3917535021892,13.825484155174,15.4776255450558,17.0811047402419,18.6668476209779,20.1580905147911,21.700530895519,23.0861100874346,24.485891943424,25.9018466696746,27.1798283221776,28.4533002352016,29.6177903149351,31.5416493570102,32.8262630849161,33.8350341188166,34.9093090769716,35.6754900927568,36.0169844749301,36.9923647581999,38.1123748097666,39.352294340756,40.4805283096999,41.7062994769491,43.5292717533598,45.2215403844739,46.7669696229056,47.9536186499845,49.3470190805545,50.9033523665382,52.1893029347222,53.1521577488376
"49352",86.6518918621375,86.9503816778872,86.9792027979777,87.2183076448644,87.1074399950403,87.421363899285,87.3783376434834,87.2182495714235,87.8575323737293,88.1792404608195,88.6217019825377,90.7158377111744,92.5129604822891,93.7027173368937,94.9088234600587,95.368319152824,95.7192926224424,96.1763581658114,95.8550115804844,95.4511377839493,95.1063325842549,92.477906895099,89.1767354381628,86.8060958811981,85.3882414126401,83.1137460786078,79.8001795228333,77.7714656811407,75.9401467379723,74.5847279426654,72.9910598728962,71.7492996776609,71.5563925836602,71.1498029912363,70.46435180454,69.5186660067351,68.891719634599,68.6152837365428,68.1072299113325,67.2634031240553
"49373",69.8530366335363,70.0418789542458,70.0856994029297,70.3872822263366,70.467377671083,70.9056063617305,71.1424543820985,71.1868582901371,71.8841155600905,72.1435000309468,72.5715182981421,72.9139514848511,73.1525825536161,73.2536221730625,73.4931611633049,73.3543346151621,73.3645626175187,73.6041923046571,73.4317257677271,73.3595661070989,72.8963434357177,72.7662470209844,71.9471811535442,71.749071910608,72.3015515632374,71.9804873963204,70.5597190162545,70.0526146316445,69.4870771302543,69.2080280344305,68.4624861649014,67.9443398750097,68.3096747336677,68.4589210283637,68.2695291691747,67.8647487743155,67.6951900329262,67.7986459938567,67.6028646833049,67.0559193518647
"49394",51.3127669443107,51.3176990173732,51.3405641334608,51.6902183473177,52.0705312803143,52.7401513179154,53.9456942588345,54.8946971325482,56.242684839488,57.0690190925753,57.9499765109907,57.976997226949,57.8531122750773,57.8460914909884,58.0092314460964,58.0081911920173,58.1049428675695,58.4891744615693,58.6549615237865,58.9731192270914,58.8179114498787,60.8054514406396,62.0012155823313,63.4487657939558,65.3496158582148,65.8907763378355,64.6427499389603,63.4020803946468,61.6566147905609,60.3403538711301,58.7458210065955,57.4769560050198,56.921214284552,56.5949572483138,55.9819983948447,54.9339687196915,53.9614816698181,53.3485819795215,52.6790787624792,51.7508258557059
"49431",21.2672540996119,20.9927149852629,21.0365849697954,21.408823124101,22.1137269137874,23.2937920999267,24.5819302426518,26.0817464093975,28.0286665931375,29.9458001528868,32.1652734799568,34.470455621846,36.7298263270384,38.9885534084493,41.4055137616443,43.7782978453473,46.1582559995718,48.7673553651164,51.2078488236537,53.8011731842755,55.5971896350762,58.6988459744771,60.9081854303012,63.112560909531,65.7830561471618,67.3107546378533,67.7590930855453,69.0006281934558,70.1800388650992,71.4086466757491,71.9490199597582,72.4485813344748,73.760065532815,75.0281344898682,75.8226921078473,76.4339285498814,77.2386917788315,78.6615614679372,79.7401489253527,80.2707045985207
"49453",14.5895954840862,14.5932159081299,14.6444988100749,14.6386424426082,14.62166299081,14.6840803092498,14.9709131247936,15.5580878173035,16.6358746155044,17.9089251132774,19.5475349698665,21.6399899590244,24.1802148392863,27.0835465214424,30.4770349135972,34.22992161973,38.4470131307225,43.2605515362291,48.2461502321802,53.8356171970744,58.9343778742348,64.7141634531107,70.14351721333,75.787422539241,84.4641799083813,94.1768793899837,103.461515617522,113.082528636715,120.123465632544,124.029633239044,123.920314139247,121.254676963822,118.483241914856,116.063696968046,113.340777680388,110.821200974105,108.297793212544,107.007957960398,105.782886438888,103.932760812034
"49511",67.2911999917082,67.4182057165446,67.6883110267886,67.7055865970814,67.8000560221568,68.2753364914113,68.6039197462644,69.0511929334074,70.0983825733286,70.3792549728417,70.8769885340269,71.7601121122868,72.7567054040646,73.4416769710653,74.4038720002067,74.9102378817917,75.3948724888508,75.9134616253338,75.6256206974392,75.4582406911126,76.0655270877026,75.4507330956654,74.3735808465856,73.7473216580085,74.6822340116719,75.4289072664343,75.7885554607986,77.4385983891845,78.6108022137316,79.0964149399268,78.3501568653458,76.5943145305918,74.693265058399,72.205040700193,69.6953595448143,67.113816033202,64.6624740634646,62.765155551538,60.8641541774499,58.5560465417216
"49551",111.143306751578,111.523247202396,112.116281177746,112.219547292297,112.663725048127,113.713419909436,114.244724029782,114.916661296453,116.432255263034,116.331278583693,116.920725347648,118.516884151674,120.915545340524,122.094188292935,123.822321076827,124.517014099715,125.895332908863,126.659193488379,125.968317107961,125.849914220309,125.895720111321,125.716498591629,123.937151390823,122.580858705345,122.101579703433,119.757532142827,115.560737860712,113.089547486436,110.728438038327,108.372869815581,106.345848419807,104.614164336152,103.823734648234,102.572333780361,101.786517572251,100.339253929627,99.1244456919012,98.6170634248761,97.9778338131471,96.3279312214723
"49672",28.723399443305,28.6026259879242,28.7498492631152,28.9513350530801,29.5103603181026,30.3567637683584,31.0606415947618,31.8783580208169,33.0429013200991,33.769096612916,34.6837106799721,35.6442949916621,36.7394374289839,37.6025842080792,38.6285972841086,39.4915995261085,40.5465084083991,41.5944643203553,42.1170735076437,42.9524527376579,43.8217816333476,45.3812073908108,46.1514617086921,46.8614260881761,47.5709025570819,47.8677981250677,47.7226089797329,48.0086430112535,48.3615340310455,48.893813880888,49.391521186549,49.6077067892492,50.5952023825838,51.261788312601,51.955954819936,52.4772834237376,53.0198248667996,53.8613254515216,54.466079626519,55.1433013208183
"49751",54.6186266345173,54.7892940120773,54.8934846040349,54.7096688405604,54.8966924542504,55.3828835361293,55.665257712101,56.0056178239867,56.7672571630107,56.7964586779698,57.0962871139284,58.9247127477741,60.583673789079,61.7859880825426,63.2135515231673,64.1938113939634,65.0773958132031,65.8086332443977,65.4741658222938,64.9803920345182,65.0291352002997,63.1337209816797,60.8206895857763,59.1843309708061,58.1894777774819,56.6995048536979,54.705069725724,53.236618430812,52.0079731471973,51.359194687319,51.1050495585453,50.7433762843221,51.1946558165768,51.5045724198472,51.7906191171598,52.26889955351,52.5787011787131,52.8156459406578,52.7257336204049,52.7096469571824
"49771",6.84848269583293,6.7958492428605,6.81114166685236,6.87389309655402,7.05266680093623,7.35052974979914,7.690367680077,8.11101516321771,8.65554052749826,9.16409459856964,9.76742503963666,10.6320130210068,11.7394966005746,13.0468042815526,14.7008076576574,16.5250621769218,18.5820866965255,20.8179464224407,22.9862686023933,25.3248235143143,28.0371278096713,30.554150812455,32.7449917545657,35.1733648450008,37.7752770762815,40.0579926766487,41.9524423882056,44.0520267778618,46.0474918160422,48.139808831049,50.178151701657,51.8674719096279,54.2465117949806,56.3141701509766,57.9077037416653,59.2695955790804,60.6009697634777,62.2004132694966,63.6953787996406,65.1930134097877
"49791",88.6504767787702,88.9710341402414,89.097756169514,88.8446402965393,89.1431899096945,89.9744661207556,90.4700883424278,91.3302059363424,92.7957382187764,93.3573889419405,94.2210855936629,95.3235226128387,96.7677727189262,97.8605902636042,99.5953876332905,101.095880254069,102.891162852805,104.44644865315,104.782303853215,104.985602630726,106.856405107072,112.500638852927,116.112125407817,119.628265004157,122.587189058575,123.247378432653,121.478175178836,118.668964695403,114.5558281114,111.036239579673,107.961199492823,104.53940793783,102.597464605761,100.55998518342,98.2693072005383,96.0617407731,93.9980793690375,92.4089663894825,90.8048570199867,89.3181607212157
"49811",257.416012693839,259.123161591529,259.60696982008,258.239083305633,257.76222098656,258.059949710093,251.384502450268,245.753855795375,241.536180123337,235.244189385289,229.436732631,226.315560661195,223.937214256777,220.40681556606,217.55946813453,214.106205259021,211.438956500804,208.105442828914,202.669163116788,196.753774341402,192.144796112523,184.983924366927,176.758615728364,170.406728952244,165.461891947767,159.765839565038,153.374015739093,148.052113018015,142.996418271334,138.546247135054,134.486974465749,129.839351223914,126.933978582484,124.023494667471,120.700962479564,117.480390957143,114.436059259596,111.894602342974,109.217467242851,106.726003000325
"51291",83.2905450896017,83.306517996374,83.5946522638152,83.8826235286696,84.0411956654904,84.5521650929693,84.9438681260461,85.250134836591,85.8982244956446,86.6943508333966,87.1972833942029,88.5799003538939,89.9337027091197,90.9765245138408,92.2432965643287,92.5332420850249,93.0145229189772,93.9149795034638,94.4011375957832,94.3249145993491,94.9653488212602,93.8247190069073,92.1333496014421,91.2940881282372,91.4462179914515,91.0361619164758,88.9309939670417,87.6693546818395,86.6815569957477,85.5497085032229,84.4296726157368,83.4391071709225,84.9853957028511,87.5735635625389,91.0270039706709,94.0165285791458,97.4627729944297,100.743647847146,102.683344961282,103.964416641871
"51331",72.9577387843155,73.1523746736846,73.1934896573184,73.6205389939837,73.9271416280624,74.7873501922204,75.2266727633915,75.7686096484322,76.7941699597347,77.6749242091068,78.6301094961765,82.1752130559195,85.1894888284326,87.5924988655191,89.9354198692922,91.2068052182046,92.3612168575033,93.498396014863,93.993684028913,94.1708653720473,94.1381574035734,90.94633843303,87.3917690267394,84.7604905766804,82.9909747855988,80.5961313761734,77.2632277921082,75.1919663666277,73.3460623774852,71.6526342231046,69.8814483927797,68.3317297182045,68.0990422634103,67.7289223507627,67.4561260728394,66.873879095987,66.7049351246241,66.9388583679332,67.282263714438,67.240861865735
"51432",13.4825422847123,13.3107634666038,13.3381177629334,13.6032537818885,14.0404239544775,14.7749183039308,15.699471644215,16.8730922033774,18.4715224846244,20.2044081434103,22.2452224754497,24.2881274551267,26.2468787847313,28.1505070207665,30.1172631666574,31.9448326919069,33.7562145906549,35.6955453967729,37.4027305405779,39.1461905733105,40.5576520943355,42.2802214875404,43.4814921111498,44.6734565409343,46.4052010347391,47.565665110585,48.0299637946436,49.0855772128815,50.1025273468483,51.2650707765514,52.0753923684275,53.0233822022532,54.451907889064,55.8120625046852,56.8363891324507,57.611432711438,58.457956665,59.6482534256771,60.556792817176,61.0259736878435
"51471",71.6661437407656,71.6744375505372,71.8798540315919,72.1358453848705,72.124886590489,72.503122917005,72.5569383228085,72.7317612407607,73.6373837265886,74.0137722399032,74.4147960037256,75.2409616158509,75.9325401806801,76.347339863376,76.9141403837917,77.0299345000286,77.1465544938229,77.4568254804992,77.2374389365998,77.0856468075865,76.6286076964158,75.9404345348806,74.6552402660405,73.7052632539613,73.703756640892,72.800889641746,71.0131942805885,70.1476069902218,69.2221059162056,68.5753103426483,67.6279526041524,66.898093622762,66.8499416725153,66.7483080123576,66.2815707754463,65.6083584444526,64.9381330858683,64.6543734636092,64.1183451209859,63.1426335273253
"51493",40.5068286654329,40.5073984887468,40.6698616915773,40.822450999154,40.9290007659918,41.3526094614388,41.6512211154222,41.9765203916743,42.6962704126254,43.0314347031137,43.3617494750637,43.8837369636736,44.5434370881364,45.2455391191498,46.2160192479447,47.084111690797,48.1310476671727,49.4190354099285,50.4337510493495,51.6385515113375,52.9085762030941,54.3180194095164,55.17299578933,56.2447628122972,58.0000166282657,58.959532653711,59.0468035853734,60.0765393057684,61.0214000374476,61.9986454241703,62.4321657889335,62.9646659669332,64.1300703809262,65.1653848616494,66.051363237929,67.3813936322831,69.3920437882039,72.1259864831722,74.4871353111515,76.1764079700311
"51592",63.0484619143404,62.891811172309,63.3666424240484,63.6500620603511,64.0514407794057,64.8615450141912,65.4339148174518,66.1429055575083,67.5143478007693,67.929189794718,68.9400577203763,69.8289705164756,71.1906131218129,72.1265811387928,73.2859373659031,74.2416369459072,75.7323999539851,76.8625336131514,77.2342385488313,78.1166594386975,78.800176792594,79.7911835435383,79.9872058998819,82.5463688135335,88.0351523899735,93.3649433903234,96.401005474524,98.385311980551,97.7051023299559,94.8487421414039,91.1762332314017,87.8454122740597,85.5175582688823,82.894890932564,80.6446510761546,77.8671603124512,75.4122186835388,73.8609591996095,72.3700781027915,70.4610731076191
"51631",37.8151506979381,37.8591468175814,38.1130164406902,38.3364684512487,38.6567964218592,39.3245902179753,39.6821844173549,40.2053984846458,41.0671030779259,41.4283125211778,42.0793672026417,42.7667087160237,43.7228202080242,44.4483302612031,45.385080579022,46.1427049278161,47.2287493656902,48.5128370146561,49.2308453325136,50.3448911704841,51.3848025008521,52.3097605640027,52.6304384379784,53.6229411316697,55.3066992525436,56.3588607113815,56.8027476932462,57.6014251978836,58.3640330046352,59.305461130933,60.2009382074911,60.785756916495,61.9636246539816,62.5855954930373,63.1329720559319,63.3140227242804,63.5050485319773,64.027368696115,64.2578785855125,64.4016558565632
"51651",54.1977648575203,54.1593038451198,54.4199523845177,54.608078812305,54.8919082704376,55.6301199911833,55.969602216404,56.5539846833526,57.5790088385802,57.9420889826623,58.5096781248576,61.2987541992852,63.9905390972767,66.0615860426823,67.9715661906933,69.382606466922,70.8729936924796,72.1941413217806,72.2667586525972,72.7217138912416,72.1176246973811,69.8504572724091,67.0894713528986,65.1323701296932,63.9359291886901,62.221163027669,59.9216987561283,58.0603512841081,56.2776663293122,54.5381170242569,52.810967149521,50.9026367007079,49.9222448358378,48.8166861572486,47.9423264490659,47.0733069038572,46.4325993766469,46.1562159510962,45.9041733588446,45.7104748433099
"51712",90.6962402321566,90.8870299178668,91.2940389105219,91.197098823908,91.5569258791133,92.2707164486835,92.798726365877,93.6154439252983,95.1823091361169,95.3735848372193,96.0368226041869,97.6356413651748,99.218440785676,100.097373761719,101.247083907234,101.681659540332,102.388430618985,103.224296161852,102.509516370695,102.155090562431,100.711095205645,99.0014078024582,96.4810687803909,95.3250299960046,95.1108495070787,94.0745239007821,92.2845298343605,91.3297440838412,90.5852068060495,90.0391679494715,88.7714874115303,87.1551804771032,87.0194052833136,86.5186697287353,87.0277505903019,89.3901388388525,93.6389302680474,99.3499149484976,104.851413865201,110.181861000021
"51771",109.702388507016,109.856194274317,109.908806076762,109.85311561307,110.548326573733,112.17538018428,115.624028532977,118.800152315873,122.47165453873,124.319994674066,126.211246652728,127.037727674616,127.482118429725,127.366395915729,128.055684196906,128.430373329299,128.635803835186,128.423930764405,126.715512731283,124.945943452296,124.190803203073,123.357772686024,121.055625933475,119.491527342551,118.105106693932,115.450229149802,111.661583618891,108.187763368381,104.542469748365,101.499444314515,98.573844580333,95.2298162499781,93.1787074848115,91.018009420951,88.7560121267935,86.5216787997028,84.3594369760005,82.6885451620634,80.8920428145634,79.201929069611
"51791",37.3162391723082,37.3810149191657,37.43640991982,37.4129580822864,37.6438538178994,38.178057874596,38.6502021413325,39.2860337587122,40.2760038448542,40.9247023178588,41.7285588922571,42.6268996266156,43.5792269218016,44.4078030013619,45.5688726777115,46.6613577015808,47.8499206829894,48.906436001987,49.446060892723,49.9467534157101,51.5658358840374,52.7455928361828,53.0766752177255,53.3629796171435,53.8494036626972,54.0958275491565,54.083153966418,54.3585738478853,54.602450538254,55.0105039978568,55.4073750877893,55.4705030400458,56.2159303306803,56.909404691041,57.4569976302894,57.975242394011,58.4064684272837,59.2968021331277,60.0968632426256,60.8697151410398
"53311",34.3733835707495,34.4558639965998,34.5113068983702,34.5856232474781,34.5809974140331,34.7426837547773,35.0366148005188,35.5348620064348,36.4598011435755,37.5981326669762,38.9002857774227,40.2908946494187,41.7724114514912,43.214199592059,44.879652839739,46.222734215945,47.7541737642017,49.5976888946419,51.3522515383318,52.9937285398985,54.5371211185076,56.5314778323231,57.7696398653015,59.0579123431212,60.7965908215121,62.152983424204,62.6274129494168,63.8684629898248,65.1689048093133,66.2896725578856,67.3147010049381,68.1181140346109,69.9126541768112,71.3175813577542,72.5753383887599,73.524488483072,75.3707429356841,77.8783584132147,79.9603092729253,81.5228436680402
"53431",3.28926019397962,3.29312645648929,3.29709088034839,3.30789822550578,3.3064750100817,3.32712825310421,3.33167380174867,3.3341054322311,3.36649849276065,3.37661180422811,3.39060103440601,3.60518174029351,4.02748626452519,4.66495041423698,5.54793206041949,6.6371879851286,7.96533229310637,9.55017010341655,11.2935254594985,13.2835142039407,15.4854100406645,17.8403900834412,20.1189497226102,22.5002555733395,25.1049312647742,27.3838112649743,29.2508341578301,31.3065464129025,33.1117662877315,34.8636683788351,36.3439224054982,37.8773559921553,39.7466240618847,41.543877020734,43.0039180376587,44.1265924676559,45.3297359083535,46.7917535677728,48.0975736881171,49.0333346364208
"53471",105.76584956483,106.108840207637,106.299423346128,106.524200764553,105.851946079376,105.787936786206,103.865634899802,102.248182514065,101.836358668946,100.775628019372,99.8209141399084,99.1662220616922,98.3591715659137,97.4422633887698,96.7719923089589,95.5936983649761,94.4509231630156,93.6100967065235,92.272631759497,91.0859413145848,90.2143808056001,88.7625059954279,86.7181588474875,85.1969962549518,84.8013970350608,83.3959998625818,80.9632526748832,79.6056293860383,78.2454010722471,77.2897103302718,76.0297288259689,75.0714060706492,75.3020609650938,76.0167170905889,76.7057786056128,77.2317311945599,77.7839744130875,78.4958765831873,78.5230878973932,77.9956811792502
"53512",124.715758894245,125.245809914551,125.796926240246,125.983224613822,125.357226777812,125.213342617744,126.25756955125,126.976191175763,128.311025677987,128.004668711051,127.460463989895,123.381623907425,119.567665697816,115.986281311833,113.027016762189,109.81545521286,107.113685549702,104.954486785598,102.259580239914,99.9907723802151,98.1174656883069,96.9699354380421,94.8026751679758,92.8614358328827,92.138523018737,90.5956425402009,88.1698714308988,87.1941484482144,86.2536958429341,85.9761970908169,85.3212194569398,85.0201343126014,85.5472759922466,85.8532250562228,86.1799510812094,86.2461480896536,86.5854973589134,87.3340660826146,87.911580256716,87.7962753286729
"53531",92.0339972617873,92.2700689026356,92.6751087054258,92.827662552112,92.9879114434756,93.3554232287303,94.5172410635768,95.7406124743887,97.636835353096,98.3254452737507,99.1197721449517,98.6683729972388,98.3997750521077,97.7330561406102,97.5750465424839,96.9149145000957,96.4902829340981,96.3056632606664,95.047838567382,93.8053505539276,92.8468148963269,91.4474358286037,89.3396954830983,88.2563399894499,88.2743576977136,87.4627415508359,85.5476087988184,84.8217457018585,84.1318373839093,83.7821037862704,82.8539843740593,82.1482217976881,82.3244835148771,82.2606504568571,82.3626056823482,82.8478855684718,84.8164056420112,88.0247758489452,91.05224568916,93.0596072605706
"53571",21.8325663491051,21.8746705954392,21.9884170084125,21.9966642540946,22.0244103444093,22.0763181537618,22.0874660576396,22.2158437472986,22.6142307176269,22.7656497532311,23.0951312140539,23.5873029535407,24.3836191681526,25.1691952455432,26.2476786304124,27.2792129221405,28.5405809025648,29.9851290571538,31.128566462946,32.2743209419788,33.4689746829351,34.9497940340991,35.7895255426112,36.768781478946,38.1552908593888,39.1860810059049,39.6206253458412,40.5577600304042,41.4348936803735,42.3232380378671,43.1331081263274,44.035505846875,45.2599818428102,46.1675687928667,47.2440347073448,47.8774275334633,48.6227636248602,49.759691205862,50.7359200149978,51.1585827778253
"53631",9.49943847650819,9.37720339182569,9.45951433196926,9.67280218749163,10.0253629599075,10.5992376667363,11.3485828449256,12.3863297175738,13.7524023848179,15.1836938937004,16.9087687675703,18.7486171677144,20.8076245823912,22.8492463330245,25.0627446495961,27.2620082483406,29.729321914653,32.3781246900525,34.6752764406922,37.3425033334054,40.2578584042325,43.0675818704857,45.2721582600597,48.1391697601746,52.2653481529204,56.0444826816308,58.8688289168727,61.2662982206979,62.5207122615595,63.2474944607996,64.0009542887948,64.744880346364,66.4701788824521,67.9923791929169,69.6979504195327,70.969861315356,72.3032327743744,73.9731137837884,75.3449107656895,76.4920077426221
"53671",83.713807782039,83.7561598384516,84.122072441049,84.3495735938408,84.6604833822163,85.5630829538897,85.8227571933964,86.3060470872911,87.4280299185814,87.6185921633413,88.1223099066226,91.6735375969725,95.1684646709867,97.7507972892861,100.186344088347,101.899240346818,103.869794372168,105.693617686491,105.657581445086,106.255685129467,107.558810784731,104.175034402124,100.036268435853,97.1937813933434,95.6505505379345,93.1273913184566,89.8463970062635,87.2065512189314,84.662887154429,82.3897896256501,80.0769164984056,77.5104328125327,76.2489017855585,74.8614124821809,73.810847750447,72.5569328531737,71.517255431461,70.8028304811237,70.0410670137054,69.3201946729173
"53711",28.8435564380708,28.8092248927202,28.9737869549779,29.0951290355901,29.4614428214484,30.0911244529371,30.6956101654233,31.467577836915,32.6757780141363,33.6416352608394,34.8653881226057,36.194418694424,37.6513736303688,38.9804417126616,40.5263288421662,41.9269471588132,43.6187797550959,45.4685830823671,46.7488095474229,48.301329421755,50.1149371885929,51.6390991715042,52.6354097096828,54.1492048508617,56.1899305412347,57.6462174815924,58.4013588375274,59.3162834440258,60.0497876804957,61.0076137198258,61.8368294572023,62.3070564746056,63.5830979456064,64.5737284773548,65.6056869014238,66.3990371556029,67.1449103144066,68.1077781830964,68.9878907945446,69.8820723005186
"53751",50.0065308154646,50.0364796007394,50.1744171697691,50.2982709583025,50.8832837875349,51.9482379421761,53.074645121961,54.3691122551357,56.28357838602,57.6955767011054,59.4837913025637,62.1650303314068,64.5175947976534,66.3612558225204,68.1952835435877,69.8199553231266,71.3395634223836,72.7401641430088,73.2747803262312,73.6681427259871,74.4300427455068,73.8922893396078,72.7650022837502,72.5052053797658,72.8878964704364,72.902328446288,72.4971107497021,72.6042859358046,72.7201405127615,73.2981314691658,73.851875787402,74.1300476521608,75.8739200151073,77.7451013601092,79.4501751064462,80.6547188831289,81.1927092879328,81.5978346475819,81.4992442099619,81.4323860517149
"55311",91.3163815414282,91.5109498802245,91.7063954402348,91.8469325185863,91.8459160651964,92.5501294674901,92.8550598735651,92.9823164795271,93.8857861592608,94.9469257039673,95.4898124798959,98.1225620521295,100.70029048034,102.480299437975,104.24826054591,104.782284383045,105.25717016235,106.205396848069,106.476166330593,106.207803718522,105.014564314783,102.190457456245,99.0464787462484,96.8669697718231,95.3717021397294,93.4955190567309,90.3876126888956,88.3531868054961,86.5391726705389,84.6495665777729,82.8090520723122,81.0760610200398,80.6976686320664,79.8044783547721,78.9378532894157,77.4121036805528,76.4625559278073,76.0356649861716,75.2747303160583,74.1843194245348
"55353",43.4065922256035,43.52937404886,43.4946078251775,43.9158461641286,44.0202434954113,44.6254632016025,45.0307096825297,45.357249168432,45.9850134678716,46.4835349862187,46.755930759267,47.024300674178,47.2113287653231,47.3668758289627,47.5762449718079,47.4108021562818,47.5390800070602,47.876953045127,47.8170158245111,47.7976548483535,47.8926857638176,47.9506781606154,47.8619123478754,48.2193003439618,49.0193239221735,49.3100783998625,48.96734667575,49.3486642911177,49.738012879784,49.9575172605539,49.9208646626366,49.7931437969153,50.5099905228486,50.8561799167994,51.18074643573,51.6939463965044,52.7231062269592,54.3170415174622,55.6471095262266,56.6495847731583
"55392",25.0957355684892,25.0023121070875,25.0808887204873,25.5025155143099,25.9276579685726,26.8058315676704,27.5887690997357,28.4193308824121,29.5445811052099,30.5327290747188,31.5699764610004,32.7613479260994,33.9295402307699,35.0443513214402,36.396981883596,37.5728551357642,38.99395305004,40.6281986834676,41.8739017835544,43.2888909450085,44.7782666597518,46.3365609772306,47.4643078524819,48.8350844234758,50.6544015037877,51.6603748635911,51.7757437439418,52.4850108497964,53.2480280661454,54.0660996805719,54.6516686278231,55.3299542552547,56.8382356835792,58.0625135258319,58.853941317856,59.3440911536095,59.9745439179639,61.0249130366904,61.9810575617828,62.5401916441815
"55411",191.695575302799,192.3707545464,192.758571820879,193.818163153251,193.522421710285,195.012108546234,196.542041044188,197.926733713631,200.624936512131,201.874280161874,202.937744740784,205.888695520844,208.165258256679,209.206749542611,211.011259731344,211.489181399928,212.301499336477,213.665256257048,212.423526309512,211.677388004716,211.833652727667,207.93221006968,201.804314645808,196.204268785994,193.237105696024,188.305171107728,181.369063462718,177.101384754073,173.373546626525,170.200508493674,166.541114607691,163.400905361374,162.29829816528,160.734288265994,158.749440186907,156.368583785668,154.486880339666,153.571843947432,152.297352357968,150.194325681214
"55592",87.6093561553683,87.7294111310339,88.5287952794843,88.5031488131747,88.5146149667051,89.0954585469248,89.1266625999246,89.4257722545523,90.4196133762789,90.2931067626881,90.7455033065036,91.4830712026755,92.4138033245165,92.8997533445833,93.5956266133219,93.6946648968544,94.5284108531199,95.432115383424,95.0195963432124,94.9487772846441,94.8670053108411,94.1472526441701,92.2961476423916,91.8965900827015,92.6160361887204,92.3618857311626,90.765950387037,90.2472660503119,89.6043512432905,89.1082937187305,88.4371559429281,87.988709451752,88.583810628216,88.8055788525241,89.2253515335719,88.5692857577787,88.0899505740655,88.2157989616635,88.0441615182181,87.3533089078709
"55711",208.923263005807,210.450906196411,211.812495349455,211.134565320083,210.403853149733,210.089012854763,203.772667898218,197.945615190328,194.039562220523,188.343905413169,183.44066130128,179.902988197583,176.643286742807,172.416334892667,168.964734544074,164.605221753657,161.244817629436,157.907593476486,152.717940557993,148.138840086282,143.579952224257,137.618340431288,130.98449088063,126.189294224533,123.023777956237,118.892949670241,113.624790904738,109.474969651952,105.5874447474,102.382227619913,98.7344481428002,94.7566805656304,92.3662674355337,90.0254316315573,88.1264912143177,86.1147438751567,84.2795412751992,82.7697029449789,81.4035313215708,80.1855413858874
"57353",49.8553203536713,50.0047681385592,50.0367235397244,50.3193956256936,50.1801236844658,50.7365164016422,50.8548832695595,50.9027072620589,51.5168206519551,51.979621649583,52.1924251305811,52.6140426958585,53.0163942427773,53.2742545799058,53.702388769778,53.7497367523146,54.1962364821394,54.9185342393971,55.3067106633516,55.6262133074284,55.9032907867174,56.1439784089216,56.0165787392128,56.3300652414798,57.1856790311531,57.4709968667264,56.8012962991071,56.8175453793544,56.9503928630743,57.0707500409945,57.121363582868,57.3218189269233,59.020259280268,60.8354987468366,62.8657872758732,64.5880057970004,66.2187462007988,67.9148515015413,68.9472213380801,69.6569927552552
"57371",96.2350379946756,96.5674841865428,96.7391189775503,97.5184242319654,97.3216680106748,98.5046628732321,98.7337785468737,98.9689191473622,100.208816858231,101.035290529014,101.480250881363,103.953912817199,105.848822775929,107.048630032977,108.377582333529,108.507691871432,109.153111378913,110.057846475569,109.800223718578,109.127296152972,107.865990800958,105.210525655307,101.948802264843,99.6316954960073,98.3786348564474,96.2276973103253,92.9461751776971,90.8783652113471,88.9684416278135,86.9451453219198,84.7796359401907,82.6335498504168,81.7686872898165,80.4906849643272,79.2369966249957,77.949469987822,76.9525019076258,76.606276989474,76.0868004099096,75.2940547300704
"57412",99.8087326247755,100.229214641966,100.480578632504,101.170465359066,101.000077866563,101.779482766426,101.85976918464,102.164870118586,103.295522457358,103.925949746041,104.285471211628,105.947992580936,107.25187404036,107.943302665843,109.033761152364,109.309811787017,109.860412581139,110.814983682703,110.438661390151,110.111892466953,108.96759613267,108.042877687368,105.955729555397,104.278864920885,103.739912369691,102.137651766516,99.3260162963099,97.8328262586544,97.1946117074597,97.3822841122266,98.0157959857998,98.9338225895733,100.687157822222,101.018866917803,99.8617332830458,96.9465816057103,93.7492660077098,91.3025591268728,88.8371438903951,86.0484759192096
"57452",326.978551550265,328.426478880873,328.797568197062,328.905137437119,326.27156204844,325.682541367795,321.30876866451,316.42298712933,313.436464410397,308.783318013962,302.92069820272,293.971060479826,286.209939546893,277.762244133735,270.554072397473,263.080865509801,256.496555799781,251.320460890373,245.31182246382,240.216629527059,235.20889668297,230.434616920867,224.229813038143,219.610806098675,217.602833580173,213.289213833018,207.087719573303,203.125661873126,198.730737614645,194.950676803997,190.312132716059,186.270727404208,184.73484448457,182.916964766967,180.651527669717,177.549582312571,175.357490615637,174.01520974027,172.298822117809,169.801196236659
"57471",16.349775761807,16.2973382024793,16.348492999367,16.4984706866807,16.6671976936117,17.1093403791951,17.4948998465305,17.9318920936468,18.5403205672819,19.1520633439511,19.7732613159198,20.6100145559936,21.6166894422518,22.6869147670857,23.9249713830866,25.2207207170596,26.6543641861535,28.2774049327369,29.9197997925879,31.6399877579703,33.4117450738887,35.1669497658122,36.6404585402953,38.3559842737142,40.4819588185348,42.1237053832546,43.3252647447771,44.9022306934821,46.2488916300131,47.6525706450272,48.6643558414449,49.7420400031684,51.3940430197716,52.9004972190294,54.1910599116339,55.1148638684455,56.2217170597101,57.5040927412361,58.6326644090375,59.4141053157066
"57491",22.3897903050166,22.3927337333895,22.5017803572359,22.6255197774111,22.7030830179231,23.0519791882119,23.2607105803508,23.5403317494473,23.9492799602793,24.2694337590654,24.5864451108418,25.1550247264201,25.9064436732273,26.768218237139,27.8136788316294,28.878375942644,30.1591239954528,31.598854537958,33.0624027915454,34.6749296542573,36.214382911275,38.7927680601748,40.631552917381,42.2610643670741,43.8438027461954,44.4320816183916,44.4129307441591,44.8876972626394,45.2316719716787,45.8627557226685,46.6486235784127,47.9976744505316,50.0202802959014,51.6272118759589,52.4326992182251,51.9843018387278,50.8425102738928,49.4962643489344,48.25194504602,46.7680750675424
"57551",36.1976150412615,36.1190939601852,36.4413868023962,36.603406332819,36.9618342914249,37.6938922936986,38.2166141175198,38.854020605747,39.6903195402477,40.3495841039346,41.0833028672292,41.7878552200426,42.5318131124582,43.1280976727927,43.8832457801206,44.2118086005001,44.8320242689197,45.5462911667194,45.6721096918645,45.796865796427,47.3450321825266,47.2531225630601,46.6270711018378,46.6409278138097,47.2707515783351,47.5442872467035,47.1870942682853,47.499067931191,47.6403164531475,48.1176044270716,48.4121614688845,48.6794581103629,49.3966929273202,49.9087403540484,50.6440325044901,50.8657424479347,51.3802879245512,52.1522824732639,52.9355660156168,53.3214887562037
"57571",87.166632907687,87.2828991862495,88.0352471546414,87.8656806749188,87.8898388632112,88.3754545383303,88.4869454792139,88.9241991266634,89.9117274570799,90.4825113196633,91.3575803685417,93.9125873844741,96.3519174207805,98.1649043236671,100.016478419349,100.743562427843,102.008150527945,103.254509825241,102.968155064921,102.577349220774,102.095940529608,99.9786947275756,96.8058028329047,95.1407596188055,94.7698888764218,93.6221904902219,91.0846569780196,89.7089606485722,87.7466688029068,85.6914157935661,82.9751381519923,80.8665531237122,79.8345795527348,78.5427271381777,77.7048357184914,76.0930221852874,74.9948713981407,74.5569966973414,74.1049436450505,73.2119609555673
"57611",3.90588863447877,3.91137701770293,3.94602630969459,3.9469791733769,3.9414423743891,3.95812406093912,3.95194236478468,3.96097130912943,3.99351490001363,3.98366777670383,3.9955379777475,4.20651897126842,4.64674132911225,5.30010424481529,6.20553661814055,7.33022912705113,8.77577992068491,10.494901784577,12.3560463950917,14.4990439511744,16.7560292205799,19.4200012538072,21.2731169498145,23.2350896962767,25.5903574486167,27.9144861866774,30.0953223471627,32.8167236989615,35.6061350917524,38.3489441719952,40.8889432475443,43.4625492529948,46.4948101419725,49.4037030992928,52.4209022062773,54.8455325506791,57.3500710254005,60.1540152936025,62.7337150241324,64.8855925121876
"57631",9.40135116841196,9.37762366328567,9.46490699034378,9.52627170276029,9.63400383505672,9.84463241082759,10.258935089997,10.9667397567112,12.0535264784368,13.3397409780322,15.0051512793792,16.8107161250067,18.817137743766,20.8823460706143,23.1070922373449,25.3824876731692,28.0197825801743,30.7538937468807,33.337500238814,36.1306495771887,39.0696143933937,41.9122124923135,44.5837596142914,48.1025571995129,52.3853130486323,56.2722388234066,59.3732227871644,63.2295629769057,67.0534367019334,70.7252616948582,74.4966234192941,78.134419350109,82.1629676759979,85.4142844918905,88.3162485565628,90.189962963851,92.278948634105,94.824481938343,97.0674152832777,98.896161789138
"57651",71.4351257936982,71.6390050307369,72.237167251702,72.4335501423662,72.546230398679,73.1884744381367,73.4398409425986,73.800723267881,74.820752294874,75.1876873585925,75.9211913053461,77.2348313296944,78.7610105266212,79.6010321853659,80.4736846851182,80.8926602890335,81.7763476492714,82.5391124752683,82.2085020699662,82.1213820729356,81.6987069305378,80.5668585899293,78.7506481803368,77.9733694493887,78.1567852706793,77.4272870316392,75.7965908791856,74.9882634620138,74.3013996529965,73.5904331592825,72.998910920539,72.4096635019364,72.4854793987585,72.3342250233525,72.185112686348,71.4155287023358,70.8722008643633,70.6238544040822,70.3163095644808,69.857505953715
"57673",3.20661426419829,3.20223469522608,3.22976728214482,3.2573934215664,3.29889901017436,3.37810919964939,3.48373230420613,3.63762531109915,3.86462831988144,4.10137046434992,4.39192194957422,4.73356762838715,5.15327361747936,5.59254181900515,6.09603394763516,6.62709275858898,7.2445796279927,7.91232341380049,8.52394803508206,9.2102095850441,10.0059318610222,10.791906112154,11.5178363050226,12.4359368567113,13.5970368564029,14.6774240025667,15.6212858101432,16.7174435374773,17.7790867579484,18.8851720226982,19.8742774528437,20.6860443707168,21.756751543424,22.8705423147456,24.0959874372986,25.1925409802993,26.3748192894891,27.6162849252271,28.7972329840498,29.8903179403256
"57694",21.7031820978164,21.6362784626268,21.8343767573782,22.089517945531,22.5360649171105,23.2541428812524,24.0347893073977,25.0493995467984,26.5059533183864,27.9088442154305,29.5966795923683,31.2812044700492,33.0559453687104,34.6467553429544,36.3960498772064,37.9817243523222,39.7952292368078,41.5893154442062,42.9286699292667,44.4136938924524,45.8837635687672,47.2299132330571,48.1531848361048,49.4366172920223,51.2185305984563,52.4084848944534,52.8851376379123,53.8896817503669,54.8963456010024,55.9917163523451,56.8505202853333,58.0029934761095,60.3399334555206,62.6157148358777,64.6563684740132,65.7113374019361,66.0933968011826,66.2199435870125,66.3450427167212,66.5495376326519
"59551",27.2299673469697,27.2093519859531,27.4540539898562,27.5162819201087,27.6999890805871,28.1662924993119,28.503622837928,28.978598189533,29.6074519747262,30.1484274890239,30.756594790643,32.0699300899103,33.2813722123961,34.2270835935938,35.1279916482439,35.608893610524,36.2935479578334,36.8578919112234,36.9173738622419,36.942298090464,36.8358866609497,36.3991629700366,35.3580663319102,34.5280980576738,34.1160307997407,33.4038545605034,32.2843751339528,31.6519649877823,31.0276240059853,30.5296531543007,29.9493751319489,29.5242652244603,29.5073220517758,29.4490722692656,29.5175267256257,29.3038382310095,29.2787566465025,29.4140373794802,29.4741637851946,29.3414203230771
"59591",90.9214563864697,90.8765640018529,91.6691517668824,91.744879736412,92.0511353362774,92.8856367645585,96.3243829340518,99.60608416423,102.929370844968,104.935834038562,106.902258846714,105.782332475985,104.90377768944,103.544091246061,102.258661471872,100.367179632979,99.3789720251836,98.502241827442,96.5304259848894,94.7245519192894,92.4517087738572,90.7499486627829,88.1956616990646,87.062628250647,86.8342529247822,85.6900767097247,83.5586556792007,82.4112072824942,81.0941674342851,79.937578991361,78.6193829648031,77.6972192925374,77.7671660264718,77.6753289958717,77.7947240149258,77.0953096242392,76.8014510024096,77.1102217478581,77.1584009787112,76.7812600436179
"59631",15.5512331976074,15.4155327215286,15.5594394659361,15.7802338887633,16.1658657106941,16.8034308886128,17.4322308756738,18.1739887492351,19.1035078747585,19.9175075671723,20.8761047550997,21.9171061878595,23.1196728210837,24.286729405603,25.557820402199,26.7868105940443,28.2966849952895,29.8209997467326,31.1027908653468,32.4992261733594,33.8796817360835,35.3528165766762,36.4584590608785,38.0660326450737,39.993427034506,41.4927833203211,42.3669934926855,43.6566184563481,44.9433223721258,46.2247942754056,47.5976747546445,49.1345429513752,51.0663084787504,52.6481333499262,53.7901923238113,53.8609805116391,54.1672464059476,54.8547701569025,55.5166549130392,55.8995185448738
"59671",55.5472764380798,55.9905733144175,56.4274881644882,56.2929322439576,55.8629833748825,55.4785729360915,53.9083553660129,52.5750741492993,51.9045008903554,50.972396997868,50.3753294053275,50.2283656449408,50.8071976415977,51.5601224081506,52.8810011488241,54.4882724241446,56.7855380631441,59.467316527577,61.8764236077662,64.8473390748764,68.3711112672073,72.1955143435922,75.7262746817051,80.3072234668018,85.8820251918791,90.4570500518765,93.6797394801422,97.7454443995536,102.030558231811,105.915083585606,109.061377276716,111.559264200759,115.061718329367,118.456562959714,121.876362396071,124.3944667224,127.237307327285,130.389239087221,133.269897706935,135.864745440503
"61351",50.0750177135465,50.2549579818489,50.3314154890188,50.3454880137702,50.0613377582031,50.4298905171374,50.6401064372183,50.6675832431629,51.2536178790691,51.6875311757496,51.7749000808278,51.574533938696,51.5112246491809,51.1531355433492,51.0651805668054,50.6771880533754,50.7320715776838,51.0037154882663,51.2736391851202,51.4339860293466,51.3364838860853,52.0275807632551,51.8951903908958,51.6378442772911,51.8742667159355,52.2116454917792,51.8814529913777,52.2142615491646,52.5906876301136,52.9504335960444,53.8484904092866,55.1804247441341,57.0076579912446,58.0631549820121,58.5679211761368,58.0893590856631,57.4046857501156,57.1507176504749,56.7268435820407,56.053654971725
"61391",95.1782005918131,95.6320061815235,95.8186396698374,96.0829608050331,95.8017848705006,96.7190516897046,96.9403204073044,97.2970534740028,98.6297120475926,99.8199787154387,100.610115900885,102.235409521739,103.57672237098,104.274222597028,105.318877256093,105.599488752446,106.380257974699,107.420708280551,107.786436661043,107.72850525143,107.593127597366,106.719800377945,104.947718228355,103.99822789334,104.18333769406,103.970248147659,101.970342512924,100.916695954114,99.8203717926231,98.6010067012009,97.394132156988,96.3890450355449,96.4281763826438,96.0218686309227,95.8041237192949,95.0446470228322,94.5786577215846,94.6234360495831,94.4337349647632,93.7718949095511
"61511",2.66904517041884,2.67212098794067,2.68428369990855,2.68978414774971,2.6809586430677,2.69898177935566,2.72646615793955,2.79689252138292,2.90397194229559,3.03708754319334,3.1938361564549,4.04773302750623,5.68720638100266,8.16785519942266,11.5443264491976,15.7748931978121,21.0510279285234,27.2240380853349,34.2214786097606,42.2868338373781,51.1274639551872,60.4052423380284,68.356977200248,76.4467208110076,84.8956752777342,91.7509810952353,96.8646696811854,102.113614986265,106.496193723573,110.439747673608,113.435074602167,116.500682408604,120.882531395178,124.78068799962,128.822334720402,131.803795800543,135.153798890726,138.894128142721,142.2218402071,144.319255132103
"61531",73.6030543306425,73.6514026402232,74.0761954072722,74.33676971798,74.4141246340616,75.3752856612288,75.7473282136139,76.69260137615,77.8479615794836,78.9501709795366,79.964009656592,82.5306620366019,84.633389960792,86.306840075269,87.7086547533536,88.5155063880006,90.0300040167533,91.0185271177793,91.1239660174837,91.5526504705159,90.534359212803,92.8248632007895,93.2994758884212,94.2447624409547,95.5282776725321,94.8577944797482,91.9429516737637,88.9772636695141,85.2275188703324,81.7853122467275,78.2807086636818,75.1391347958533,73.0736372416996,71.3521274294648,69.9051899820766,67.6258368977091,65.2886288863484,63.403287313457,61.5836458087863,59.3686485331038
"61612",103.583800934063,103.662185495824,104.37436817325,104.461540168037,104.522584548124,104.98325443984,105.087655956364,105.517320624732,106.572371622373,106.873298554909,107.720290800331,111.720139686286,115.529984720118,118.555951922831,121.319349267323,123.251830878219,125.68531993931,127.846289842654,128.352384876292,128.65096568961,127.815262830532,124.960486930259,120.866745821067,118.493070288794,117.182396484931,114.727266152651,110.998259903761,108.687396250267,106.876504560858,105.164078116953,102.646624737578,100.543396058234,99.6265915848028,98.6159406032538,97.6791670816674,97.2964382318122,99.2071706196074,102.908925214831,106.485824412357,109.196404070205
"61692",51.5983368832474,51.5831528053832,51.9149611037165,52.1078433344738,52.4877868169014,53.1185185850942,53.5737732145391,54.2179570496923,55.372481816492,56.0715776427042,56.9448591214691,57.9024231721456,59.1259620916317,59.9872997490371,61.0892830754627,62.4290067881598,63.685191307678,65.0493138360196,65.817724069872,66.7773132205817,67.7958274470245,69.4378575118352,70.208590034978,70.8734382983747,72.0929274185492,72.6850346632016,72.4974965715286,72.8356118259392,73.2200595756704,73.6124526674385,73.7088126665138,73.6142047597324,74.2040023994297,74.8609659891423,75.6200197067127,76.0092121344694,76.7859292558675,78.2108238360087,79.4371225438623,80.633380029692
"61751",25.9671833874513,25.9044621212556,26.0877990035024,26.3036948657247,26.7002374180553,27.4051397977707,28.0808401400354,28.8940317218473,30.0036408777572,30.890849309342,31.9222588323311,32.9714561231903,33.9829199902199,34.8676629476357,35.8352833389469,36.6869078669251,37.6827302714229,38.6927349446577,39.28939555538,39.9451222942245,41.0788675306966,41.5484164831617,41.8396298798375,42.52548720148,43.6272698924648,44.4218019727995,44.6939624453327,45.2794566829719,45.9073469820911,46.5989783438065,47.1368237188954,47.8477182867617,49.1972276869988,50.3846787728284,51.224846564998,51.2988982235957,51.4287320307703,51.9519012439778,52.5164955889813,53.0097393804284
"63491",54.2421799046333,54.2126755963892,54.4709567036385,54.6154113338293,54.5615557089136,55.1333277840458,55.4936622563289,56.0809694899143,56.9549375010576,57.8664845342823,58.7541909446058,59.9987791868788,61.093525211587,62.1253243615269,63.3650274529102,64.1283257463517,65.4094801703921,66.6580012161679,67.6329376550262,68.8013462440941,69.7197989741232,70.8076905235317,71.0059917718492,71.7507519262708,73.2092948443844,73.6977943379631,73.5373669018843,74.2018763475188,74.8165063845927,75.430756102742,75.4122886994797,75.2779552681562,76.1226504946365,76.7169524532297,77.466266948831,77.6694026479136,78.1769990181827,79.0370047643605,79.8262974013931,79.9631127334283
"63511",14.1156259137453,14.1368516281387,14.2039320108883,14.2269686521189,14.1588599456701,14.2405115500399,14.3136473301096,14.4064496729085,14.5074683243627,14.5716393485032,14.5534465347289,14.6025936669636,14.7258175981962,14.9233678131414,15.2399523123577,15.5628146706464,16.0840729202794,16.6458173944531,17.173831162438,17.8138150603485,18.395484168915,19.2886357843496,19.7673739235248,20.2101467726407,20.737671252228,21.0206848220716,21.0895449021261,21.3755226958727,21.6563744817559,22.0042771221622,22.2258467604874,22.3932045805098,22.8283236309116,23.1904529700193,23.6144711461178,23.8673045781024,24.2112131107849,24.6593544227052,25.1073119978081,25.3278504151133
"63633",19.4774629397843,19.4293717284904,19.5768488954735,19.7402037627682,19.9450672918065,20.4355785209589,20.8874496620379,21.4944377079376,22.2771306747579,22.9793742392795,23.8297630153624,24.7107067463323,25.7144749921929,26.7388358157277,27.9094666112886,29.0876187195067,30.5154908767572,32.1343939992782,33.4387907316409,34.8600859030371,36.3565078321548,37.8411316673423,38.9511399800742,40.4809685661596,42.5436930761704,44.2616186373336,45.4030677014674,46.8971928242589,48.1141664733894,48.9882932175402,49.4395598120399,49.8208829238329,50.6207399754022,51.2560318953687,51.6821323102459,51.5523384693979,51.725205854817,52.1541227495355,52.4277174328551,52.3340269164918
"63651",90.9212531703886,91.1977036991263,91.9501607543941,92.2831981325172,92.4046884086699,93.3254813100484,94.0818979871297,95.0712018293858,96.4678282126585,96.9101382466196,97.6484609626578,99.7747375148656,101.721359746207,103.117614461183,104.310523976882,105.054688387242,106.070236900295,106.999762171226,106.40318637366,105.676788905512,104.321608182934,101.225990808505,97.5868791506268,95.1180852616426,93.5898949044117,91.1339705327203,87.7706775067165,85.4039097285254,83.2686106861414,81.1626763836257,79.0129266070292,77.2045484210387,76.2812443211824,75.4554974224023,74.6004516841161,73.3601927645707,72.5301146044092,72.0159492881615,71.3387218035544,70.3640332125689
"63734",73.7572691555382,73.8491166318627,74.376884227636,74.5447637435161,74.5591118056352,75.0926373340433,75.2960650840531,75.7082471663536,76.6737909324883,76.9283623458,77.4400472807188,77.9396542540812,78.3863844513107,78.7753628947774,79.579930318423,79.8356899355986,80.4546680155762,81.1933160667772,81.2426355959008,81.2752085335708,81.2471323110526,81.1865633028421,80.8724875327457,81.3388351953582,82.8682593619655,83.8471836926551,83.9591871263854,84.6484899448698,85.4623471496469,86.231661951658,86.692697026147,87.1582589668216,88.3027794374775,89.3022455280667,90.3446681178158,90.9461630726584,91.5981254228261,92.7147688365433,93.4618677401759,93.966748044616
"65431",113.119599977482,113.491464669838,114.109354121276,114.373369783694,113.562510272932,113.867370292632,112.656956297318,111.498174695795,111.027892149398,110.411772312066,109.461439075707,108.75530615412,107.737973730651,106.49645969457,105.445152512395,103.554018130062,102.242107845039,101.247103932611,99.7673879681722,98.2828477483985,96.4238914339224,94.3524208186928,91.4016026518706,89.3851448167097,88.1893900006424,86.4974574809606,83.5226675489716,81.69225779501,79.8275509100062,78.1825248283919,76.4621822494351,75.0008672302588,74.4810961003887,73.8054263942098,73.2423973406727,72.0145224045428,71.1829480179229,70.7379407991889,70.2033787746797,69.3531720186634
"65491",80.9039095812281,80.9567336269514,81.3875199995703,81.5761036853529,81.4203545551731,82.1967261919914,82.544978378724,83.0869688598856,83.9273714955549,84.7305785569072,85.424650915494,86.9411963225047,87.9713718313587,88.803675095828,89.8974911386832,90.0904330735562,90.9240199824706,91.6748726312846,91.7603420132444,91.8508394540578,92.0297938307103,91.3585390269445,89.6990054066633,88.8553794370572,89.0077330553788,88.2661942751775,86.5127045452183,85.9529827445761,85.4321876229515,85.1101952829526,84.3592976153696,83.6709662627604,84.0651316078289,84.2035886614368,84.5531132336258,84.2464991073084,84.2551731969385,85.0919224783854,86.0588094503667,86.2612178681762
"65611",16.7742438035164,16.649878882487,16.7348836755484,16.8965899049568,17.1689505368885,17.752154387523,18.3854104214047,19.2531960043631,20.3235408158681,21.437308903431,22.7884411843553,24.0161286794702,25.2152175490226,26.2412269400158,27.3050088096045,28.2689887610102,29.2919857253045,30.2954760700237,30.9287693783817,31.6056619243697,32.1573153725221,32.7598662169788,33.0144066076509,33.6286541590291,34.4270801685922,34.808597256979,34.7493086732997,35.0936682066682,35.3678011771071,35.5866844999506,35.6236891193198,35.738403414192,36.2327016968632,36.5769829691481,36.9649853680547,36.9926088616489,37.2368720023847,37.6599139541579,37.9172351582284,37.8554027030378
"65631",35.2777791171676,35.3306591267817,35.56175419656,35.7139380429557,35.7955872821702,36.2808973160569,36.6107389474061,37.1344532927674,37.9093126524499,38.4658945335059,39.2413735252192,39.9975604232693,40.8892047750782,41.7439129666508,42.7999425482832,43.8345520091717,45.1902353717968,46.7248327478506,47.7665590172798,49.0455976175138,50.4287049751888,54.1287666800613,56.3130867446759,57.6615276805357,58.8871511126123,59.5579236802402,59.5775366883882,60.2856669279025,62.5230068253526,66.530940567668,71.4749172804202,76.602397348386,81.5337182298774,84.3049090736012,84.6221994256673,82.0387803972018,78.8102680700942,76.3040493602999,73.8336126231496,70.9838849849684
"65691",59.5101470204786,59.6299427564319,60.0949165618386,60.2030025279682,60.1614840415016,60.6149571193888,60.6110412698204,60.8284066423951,61.3817364827647,61.4564087742841,61.6654813791113,61.8299299844206,61.9783781274917,62.0819810175827,62.2536579472737,62.5477593995382,62.9945551368233,63.5718777291194,63.5434962461913,63.5934386662051,63.7731521841418,64.3907821343046,64.43475435173,64.8615797171938,65.7404736412836,65.5988374168912,64.6386201769575,64.2112217154761,63.8655897498398,63.4715947272365,62.9196737063852,62.430828661385,62.7066506543437,62.8993174210194,62.8444802609291,62.4978011854597,62.3939027804657,62.7187330833271,62.9068170725687,62.8877315603364
"65711",13.0459040966276,12.9681665202752,13.0738758179592,13.2280670291685,13.4546946304632,13.8918337950115,14.2610339671541,14.7244156319137,15.289160174732,15.7417468973534,16.2701121464254,16.8657196613224,17.5607914327319,18.3179489745666,19.2001089580322,20.1540792694005,21.2334912166532,22.4343724469255,23.5061756914206,24.6511180675962,25.815750441226,26.9228649369942,27.7540538357364,28.8115180001167,30.207785324506,31.3303594316815,32.1662411387863,33.2781246900516,34.461670309569,35.6124618707692,36.6196784524139,37.6075490479791,38.9862407923427,40.2671701482698,41.4077080310686,42.2412367891567,43.156266595558,44.3206237812841,45.3433512496384,46.1823327423018
"65731",16.100161047678,16.0308543689025,16.1597950744579,16.3074428705452,16.5201917528948,16.9594351135828,17.4388179204695,17.922179009779,18.4713575575028,18.8041798410438,19.1533841643847,19.6080273299678,20.370605511945,21.420910301774,22.8948699506571,24.5102249987542,26.566924453959,28.9863611958377,31.4755255433525,34.2354421491537,37.0011029378219,41.0076110171847,44.0955380340398,46.6422564291402,48.9965584145759,50.9327239651824,52.3250364839547,54.0922669186795,55.9692010864325,57.8580116357014,59.5704084176193,61.3122551046937,63.5777783612594,65.7815499038115,68.0235632567452,69.9140930697478,71.8139171288236,74.0316032592782,75.9689728192352,77.6027203176484
"67391",116.724287099561,116.732492570902,117.673542049741,118.253548432619,118.045377337783,119.247400205544,119.880950680903,120.430357194733,121.975841095978,123.643358904493,124.656542819101,128.590814635108,132.627837155649,135.140620202183,137.419509071691,138.42397404061,139.143282510847,140.176676366151,140.150906450122,139.816742077323,139.7096564287,137.792620266859,133.970719890088,130.670706398852,127.283625187314,124.261519063733,119.456579904691,116.141738677583,112.983137809842,109.948857231799,106.527108521233,103.739549746289,102.009995011773,99.8444223231093,97.9982914236338,95.4468715266072,93.3286295523932,91.9723591659435,90.36231979983,88.5771803827854
"67493",70.7353048085036,70.9157474509491,71.1835373426355,71.3856683329785,71.1934647538617,71.8402463121369,72.8736834630889,73.8942523441509,74.9798556814275,75.7006874326279,76.3196163892752,76.1814183325694,75.6490333872605,75.0418311316535,74.7133355409935,73.743004209045,73.4533414675466,73.2046800448556,72.4609329244433,71.7259419692484,70.8316144464199,70.7323808195065,69.58937413244,68.4921999932521,67.8519153904525,66.7506816290775,64.761928954219,63.9896147777835,63.2207645946165,62.5318581316279,61.662413442793,60.9461763607502,60.9930607954447,60.9289898599334,60.9450932253264,60.39244404149,60.3929390428791,60.966617188071,61.6103345872672,61.7369386175585
"67574",42.7291708566755,42.6191170285406,42.6775731808931,42.8488104705241,42.9761493383333,43.8142899198406,44.4991994583,45.4544841912967,46.629946580862,47.6809389049259,48.9075677625765,50.1799047755343,51.2981099709074,52.2354829267616,53.3048117245946,54.2359672433341,55.6554755526867,56.9681248543462,57.8987067309182,58.971051204183,59.8291140796605,60.8123353285486,61.2660738992835,62.4016766327874,64.0062228934138,64.9324074925074,64.6999904596262,65.111772118371,65.3481258324128,65.5155942446754,65.4529138359168,65.516833811653,66.3907196612193,67.1704669530336,68.0161251987908,67.9782102271497,67.9925146751022,68.4559913976482,68.7788705280294,68.5174071926933
"67611",61.3711905130366,61.4815651795674,61.803951840583,61.9269006929439,61.7989970153687,62.2611805669586,62.4702663854051,62.8896719614787,63.6254570560046,64.0566254232337,64.728854365808,65.6889103134168,66.5300003671377,66.8990231367656,67.4510247232948,67.7708093301969,68.2739046708192,68.6437363193196,68.265496656171,68.1609099707705,68.628486160585,68.0508732338096,67.1961809126788,67.160593125797,68.3227486089052,70.7190798914277,73.106377931414,76.3862532119628,78.490902802615,78.8422562468109,77.321708335449,74.8086020314786,72.3112543990434,69.6896475979275,67.4571034765018,64.7403549644359,62.5121854891908,60.9691983788237,59.4182186319973,57.5203994918986
"67631",131.433019457255,132.027314585398,132.950785120062,133.353803503517,133.044233541899,133.930356139433,133.946534451421,134.363036453732,135.453340427102,135.580303370211,136.235457783764,136.412076870041,136.544638354051,135.981142440138,135.967634596686,135.581112792261,135.778627859678,136.118603931866,134.799930093639,134.076367472517,132.825006072003,132.016458541912,130.075473633446,129.450085944381,129.835636489216,128.872563486101,126.211503156982,125.042983348681,123.65932264676,122.028178523063,120.049418319894,118.363515007811,118.049538282151,117.285715993802,116.796031079881,115.416674203398,114.697060257528,114.688373579545,114.192316757788,112.938629436467
"69553",31.0905623272666,30.9995024019284,31.0529514569423,31.2132228777885,31.3147849000252,32.0119216942833,32.5902739566342,33.4338670213109,34.4392314079923,35.3446578704367,36.447910434388,37.8216226007193,39.2766960603703,40.8164166609691,42.745509574938,44.7100090846814,47.3395092626503,50.1481419188589,52.9345811734369,56.0800173480585,58.8793491834242,64.4375130952858,67.7758752598842,69.6525379907611,72.1301740758215,74.279623977493,75.5059837368337,78.0144546851925,80.4104110947672,83.5294631719537,85.8053606379377,87.2042681729072,89.8852139376074,92.4884797150686,95.1007877501141,99.0482247351288,106.39317333023,115.873373537997,124.076700727625,130.891094990939
"69651",89.5340013682534,89.8896449315423,90.7412565952607,91.4691036601083,91.5064123895947,92.5535488945923,93.0070148704776,93.8251745853273,95.1557622134566,95.8815731814036,96.8451908499,99.319152626301,101.555465112433,102.914564501261,104.321610733914,105.307913643163,106.448149697837,107.441552717838,106.984888719675,106.607905395111,105.447515462806,103.067771231844,99.8612434862057,97.6596363998981,96.531016320124,94.4737562043619,91.2525952465774,88.8702223823166,86.3796138973475,83.9001081814484,81.2555121379688,78.797987106219,77.4431152837075,76.0185931287259,74.5677751623061,72.525994104111,70.9293781241397,69.9397592273324,68.829880458351,67.3363804755905
"69711",21.937023838844,21.9234796047471,22.1296259814659,22.2595910665682,22.3680109287225,22.7603420784533,22.9894397833946,23.3542680138998,23.814597147888,24.0497593685616,24.408391934566,24.8159092482464,25.3550085413459,25.8554582236816,26.4792606074771,27.1599731655443,28.0498146637636,29.0156000048027,29.8247801181599,30.694470238001,31.5231298760492,32.4472334299,32.941844556138,33.7430355194667,34.9436730550752,35.8148646175392,36.3219488626031,37.0826264309626,37.8015851009337,38.7455342856016,39.5327867625645,40.0654046048483,40.7748928275991,41.4290550905316,42.0802545891566,42.5087987539692,43.0825993757532,44.182970230644,45.2122318684689,45.9752925064819
"71433",93.746789250444,93.8108362491884,94.5334925918812,95.1315590912312,94.9965060453867,95.655839206016,96.6264934858126,97.1676920853894,98.5511721675401,99.776321817447,100.64728294727,102.35357379952,103.759695064085,104.314446335092,105.205008144635,105.009065273506,105.272746862956,105.939827357724,105.971441215564,105.739380814793,106.583268803057,104.392340257069,101.266721703754,99.3430699489772,97.9622286332869,96.6118220769653,93.9960188308768,92.7032943811909,91.3561385037447,89.990637785536,88.2105101300595,87.014028547045,86.6213299111117,85.9312056161764,85.3612445332825,83.8814063929272,83.0349585613506,82.6426155744668,82.1623580385056,81.5048386310217
"71492",9.0744529206029,9.09408177644725,9.13045676245272,9.16959894565359,9.17090435579225,9.29911735043461,9.42177933558013,9.53251248802246,9.68147076176422,9.76188191716849,9.87400619681094,10.1730229517877,10.6526544277976,11.2786071844415,12.1821644755039,13.1608089561322,14.4646060344692,15.9083580183714,17.4712117806541,19.1101680831652,20.7169836001144,22.8958784583109,24.4489999341422,25.6279961381076,26.993431468049,28.2533828923044,29.1421350021902,30.478755686586,31.7217894807184,33.1348174465743,34.3377259811272,35.3549734745996,36.537842575072,37.6391182925134,38.8080409096647,39.6203957604014,40.5482082698147,41.6815945854165,42.9363615150689,43.8451937866477
"71531",97.0771780958981,97.4336987222037,97.7950637541909,98.0492516254717,97.6380412258091,98.4504766430353,98.7964458224176,99.3244241878004,100.276285740658,100.637975257539,101.33325803077,103.721473432274,105.429929362195,106.336785003213,107.624321769167,107.73022649891,108.705890482586,109.388348680751,109.305458684658,109.08429378796,108.321649786463,107.388339321759,104.604464377996,101.753284650981,99.8345401001859,97.6316725189281,94.3131859027858,92.8581546701349,91.6230601786236,90.3892053025511,88.875139041288,87.6134541746947,87.5743671951715,87.4247268257892,87.3543484555182,86.4308789316123,85.771218983556,86.1259069212852,86.7108970830319,86.5864468828224
"71553",41.7472509224181,41.8421748389303,41.9831211886535,42.098073622891,41.957690912442,42.4087509494134,42.6712539376896,43.1364190012462,43.7871506262785,44.2282025159844,44.8653822428953,45.7004646398801,46.2970659406912,46.5571201578594,46.9648191726745,47.1089692893879,47.6187085627833,47.9733894455668,48.0670609275978,48.2210101616979,48.6059415399918,48.5649543990608,47.6375771385089,47.2789556601966,47.3762649044978,47.4204276953618,46.9834976242336,47.3816367859615,47.8739944839358,48.297819232862,48.7045586202624,48.8665375394252,49.6672704311657,50.4603913554297,51.3463345500268,51.7241976098622,52.2504010673067,53.4922583149436,54.8661974340654,55.7457396894363
"71591",79.5985821352071,79.6536307982445,79.9904559483947,80.4785406862565,80.5908696421299,81.5478813954563,85.1216659332223,88.4154492690151,91.516347805249,93.5818846826422,95.318328899123,93.3682819530442,91.3081809232203,88.8358975393943,86.8695637013234,84.7875003852169,83.2960716631754,81.5723276098178,79.2989870776143,77.3522285331014,75.1517856319147,73.4358861004341,71.1994353817321,69.8469951792365,69.1063477712,67.8532326403845,65.5956120642235,64.4332644721047,63.2765737184176,61.8459537485915,60.1838665527495,58.8058117064754,58.2655811342257,57.7716040244195,57.5771551384751,56.9685416355665,56.7757914164218,57.1037225234037,57.4113502354853,57.283270470941
"71613",80.2815528533897,80.4951916288357,80.9846941077083,81.4178310396944,81.4145813586684,82.0059204350504,83.0219818496715,84.1675225437489,85.6105656261573,86.5334892649212,87.5674031119282,87.528475173264,87.37564263171,86.7624895375265,86.5392605263871,86.1360278436537,86.2789437496369,86.1867818883905,85.2610829760307,84.7025882295901,84.1993647491465,83.8282425292628,82.4838897636198,81.7089252610133,81.697557457318,81.0307954439519,79.0917312468928,78.3691079355159,77.5586214482942,76.7057503192271,75.6302368036868,74.5589537005561,74.3339127175739,73.9571430392929,73.7325610934118,72.7741992948486,72.4330493792042,72.9333390369316,73.416597860347,73.4010620570597
"71632",3.75089360654315,3.72186566901732,3.75524067235498,3.82962302835347,3.91849554512104,4.0832004023299,4.27163473220797,4.51428437221598,4.82021761571125,5.13748519029975,5.50824733284076,5.90634896588993,6.33374849008296,6.7603313359815,7.25639262722777,7.76069724246436,8.35570877925243,8.97615827848452,9.51557797086513,10.1262875229184,10.8578903897944,11.8675634736606,12.9598674848064,14.2976447371657,15.8217806440828,17.2054844573298,18.2867135851505,19.5572377416777,20.8059051441181,22.0660465353468,23.3197245009446,24.6924406006822,26.374374741008,27.9970577924113,29.6446739655098,31.0141871263283,32.5110720571819,34.2205098511775,35.8425671078968,37.1352623796177
"71651",27.6535406611717,27.6918967397761,27.9475198518546,28.1661973043933,28.1660214898502,28.5397440572805,28.8391707618858,29.345423429805,30.1064522617293,30.7084739385249,31.481398180331,32.2867096284257,33.0778776934016,33.7284958655997,34.5397714199478,35.3216880272884,36.4064629091498,37.4527447893781,38.2095587224695,39.1001845780826,39.8567726911435,40.7293228184058,41.2158646160397,41.9711558523449,43.1196519922606,43.866391030566,44.0039868144976,44.547208593757,45.0099766231254,45.4265252859966,45.6200206278664,45.8235843514439,46.4100622610925,46.7968281608902,47.0608184110429,46.9073060232659,46.9034332972102,47.2282446483392,47.4288715483293,47.2791727672795
"71671",83.0779830175264,83.3491247346284,84.1785824761126,84.6554337459298,84.1870448421223,84.8423637953666,84.8980048332683,85.4307356338716,86.4173396771224,86.5678698372373,86.9337338592435,87.7487836423876,88.4540396391123,88.5111105194321,88.8040761839943,88.9188726278342,89.6069333989564,89.9969662659255,89.7156648322956,89.5322512340522,88.6031625117942,88.3339309903139,87.2582374227201,86.8210357597271,87.2114528054322,86.7130324790966,85.08970779027,84.1988325810239,83.1431139560474,81.9243574300231,80.2245295965235,78.6673817232535,78.0067233981018,77.2650925997861,76.5479846920659,75.4159603886805,74.6075471727341,74.4324301454196,74.1222690786434,73.3188137447585
"71694",259.04099304446,259.792006732102,262.314864063064,263.19326929928,262.315873974903,264.565459431679,264.850865203499,266.482386242427,269.287058961686,269.545440205167,270.58041496908,272.296014763599,273.937329114474,273.748728997881,274.299906550011,274.244113198312,276.073891387495,277.19202346887,276.359302042392,275.666113112322,273.980085679884,272.727329953235,269.23449468203,267.829842993431,268.912352834627,266.907331859289,261.414445267632,258.163539734946,255.027623752256,252.0652136453,248.430228751245,244.981618539832,244.340551997601,243.730934970902,243.096685101068,240.940252866239,239.13290939606,238.471153089385,236.828674944032,233.855173948573
"73453",99.4562963500899,99.8391684244516,100.411265957289,100.84734674767,100.504357616305,101.108796057025,101.621290243235,101.910891401105,103.614468728122,105.34231125496,106.703468614447,109.29451281152,111.620065869677,113.40640547877,115.338083079418,116.511647963839,118.805364040336,121.40668696602,123.72178630929,125.331813155072,126.546375757985,128.070177295985,128.315349358764,129.782228968702,131.669833437142,133.276552418466,132.706969992489,134.224783266082,135.496252901029,136.617793567607,137.058630048674,138.53112329509,141.534791764821,143.614427826154,145.81039969337,146.78697759727,147.997302026994,150.170873151776,152.290939788464,154.184478317792
"73471",27.7702661741828,27.7852157750169,27.9229350461305,28.1380109536857,28.1987273444333,28.6359921660869,29.0471981908005,29.4352490065033,30.1786017670585,30.8453241058819,31.5138776179917,32.4584736803428,33.339243940812,34.0945941426914,34.9834867613531,35.6218976985065,36.666618100893,37.779197395675,38.8342184626432,39.6793298986101,40.4936102318688,41.6731472194617,42.240422734742,42.9106362730053,43.5821085337716,44.0833006952421,43.8701753603012,44.3503671031141,44.7197752960745,45.0168527299411,45.1247918233012,45.5117674458086,46.3653097720943,47.0125650818788,47.6669001416823,47.808591976071,48.1917505354866,48.866450802534,49.5764696151602,50.0250762336885
"73511",110.675984300711,111.08959066897,111.688509977146,112.17579935002,112.00291247486,113.203017796901,114.006523542121,114.639460429316,116.025126812766,116.733951047103,117.677657590899,119.887330740608,121.535527682754,122.373952903451,123.871035104533,123.860861415091,125.078258496871,126.065986370878,126.334196228857,126.341168207958,124.523847892535,123.192290864586,120.817199890225,119.72590552592,119.664175936705,118.914116812957,116.070004689525,114.638915600366,112.787063632213,110.902185376711,108.752253927778,107.128898403215,106.882737214046,106.366876198379,105.8455428643,104.276721913596,103.091487251748,102.612213283564,102.266916208177,101.21214978528
"73532",47.1883852465284,47.266521695322,47.5810068716967,47.9856789845668,48.2340662133475,49.1615598136885,50.1559331854381,51.326519311155,53.0803773210204,54.7165758660908,56.7020969970755,60.179673065819,63.113834618978,65.445356138168,67.8949892859383,69.3674560504011,71.2249883127798,72.8068454672841,73.6501467277618,74.4727387083617,74.6841436940956,73.7823116629754,72.0601074869307,71.0150540188128,70.4305346590179,69.5427111141059,67.6017505574655,66.7558547171305,65.9261776328996,65.0534226768994,63.9879968082173,63.1636515741403,63.1715337498767,63.0775817421154,62.9829355525396,62.238649319921,61.7076184405805,61.7381838085631,61.8647506522946,61.511045371657
"73612",79.1422720344724,79.4073062266599,79.9054544377626,80.3106936186738,80.3453554473613,80.9233417794334,81.026976467564,81.4087820932608,82.1637084543638,82.503334799305,82.986358977831,83.7821127023681,84.3716469526358,84.5108347028853,84.968345685695,85.2562131815473,85.9205176250622,86.2453541757144,85.7632502599089,85.4581252786756,85.3398955104639,85.0503917990455,83.8293651404126,83.2499152255137,83.2850661059026,82.7420391834801,81.0982804808431,81.003469572226,80.9207589540247,80.3921823884558,79.0240951925148,76.9637796468575,74.9112567884327,72.6638101099475,70.6689858190426,68.0829690892658,65.9004942635,64.6905063564889,63.7209369138887,62.3574729147409
"73631",7.02737414465045,7.05106394769504,7.10318838343038,7.13514064387547,7.12137391414148,7.16353108492662,7.29801507562479,7.58845682245143,8.05759863393067,8.61944404338454,9.33838485001368,10.122860212305,10.9653429952464,11.8235873583818,12.8038566378423,13.8235031222723,15.0362336524036,16.286783483084,17.4207450719681,18.6888886290078,19.9609011383234,21.428475552338,22.7851215754159,24.3808803772431,26.1929184886762,27.7654408050686,28.997309042622,30.4879053856765,31.6940823611356,32.6656485426516,33.5176472716953,34.4416944930443,35.754415312411,37.0095559270039,38.2865463069481,39.2276680803648,40.3218348689192,41.6676111097124,42.9146878614282,43.8055964129094
"73651",90.3739763916193,90.4890742665197,91.180478023764,91.6592222061129,91.4039363508614,92.2233401907478,93.4533257795909,95.0159623500684,96.8858108984371,97.8524185980389,98.9057893411839,99.2607897814226,99.262334502514,98.7497554903345,98.5144756957195,98.1325617722151,98.6195378582359,98.8407649100264,98.0640891998432,97.5804512914428,96.3703435334513,95.5531953845714,94.0507900068416,93.3320630487248,94.0476227957352,94.2596347154746,93.0538892010783,92.4203236256285,91.163844218517,89.8889763140439,88.2580343540281,86.8622897116273,86.4083139956432,85.8331936159658,85.1898985321476,84.0010504770009,83.2073654007387,83.0578716182134,82.7975941131145,81.9412542320021
"75453",69.4923034724181,69.7756647125503,70.2314651448199,70.6163611929251,70.4514405747068,70.9663553062189,71.2253610538195,71.1643805464985,71.8678183267351,72.513894217095,72.8239204160352,75.3244934365487,77.3798528995392,78.6514852058764,79.8167938629538,80.2039366533504,81.0826851277786,81.9780457056689,82.2600889450132,82.084337293666,81.1910914049604,79.5427754209578,76.9752898483851,75.1140127422282,73.5617937030779,71.9638606972146,69.3035876168975,67.7194496451806,66.0750081179192,64.5143559254598,62.7005105036333,61.2045009205026,60.3620312594769,59.2236218618303,58.2082732865152,56.7417124669235,55.5867338414418,54.8286953791745,54.0759399143398,53.1877482708456
"75491",73.2816410145276,73.5804593542877,74.0352249476708,74.4175661914653,74.2088639614547,74.8147675038459,75.1363278763649,75.1743905496948,75.9407098232157,76.311248224629,76.5767273178044,77.4061074750235,77.9185848265722,77.9671097662772,78.4013015256966,77.9980869769597,78.4566583537223,78.9797795691039,78.8784684125712,78.8529046869901,78.5484608720079,78.3147611811972,77.3165795792369,78.118070689321,80.9717805365074,84.3844907648813,86.0795382551616,87.6526385089293,87.0097173413412,84.3013844057023,81.2302756478605,78.7557761064905,77.3566876550095,75.7648628117865,74.6251514153908,72.6932859522507,70.5959569983585,69.0165995179599,67.6443802098335,65.8897030344937
"75571",101.789198835913,102.139848073451,102.695520365221,103.324591600065,103.583837644222,104.719265855015,106.045410358313,107.456395881823,109.249346345491,110.369024737086,111.277571414211,111.816004212927,112.039859877956,111.708718831325,111.959519893505,111.920064498877,112.214543734568,112.185061012032,111.228166447072,110.426519667358,108.647066505879,107.571522625144,105.326841015232,104.018730283101,103.214366724741,101.781018704276,98.7328271510839,97.330856315342,96.0926780788583,94.7362890644406,92.8704302164531,91.048120982744,90.3032587701514,89.4824846105674,88.775092310951,87.1203140158331,86.4835504465493,86.8543435622652,87.4643953997615,87.3436644710928
"75591",60.7148934626358,60.7457963392104,61.1242679925114,61.6584842110219,62.1424562442029,63.1507753963498,63.7270368828422,64.5860735352836,65.756229312407,66.6428894241959,67.5980738625433,68.6214827613616,69.5498994064741,70.208686973198,71.2234166145987,72.2244583841287,73.3668134875942,74.3036845422923,74.6036824473218,75.0670101880602,74.96558492083,75.3506905393308,74.9862428956195,75.3258985083498,76.2170075256693,76.4785889677626,75.4905237097523,75.747370424908,75.9443668243826,75.9943272178876,75.8098062981281,75.7914728338016,76.5502558936222,77.1648187453301,77.914101429976,77.7426784717813,77.9643675571395,78.6272180029269,79.386918380624,79.5027765946303
"75691",44.6973179058243,44.843569699235,45.2066295423003,45.4394610099284,45.4569414464136,46.0049868556,46.2688671893682,46.8753053899193,47.716846214645,48.2515166824829,48.9410911986626,49.8051529405939,50.6330345066631,51.046806382786,51.5868557141184,51.8997148507319,52.68003177262,53.2549018592142,53.4617608202796,53.6832569666769,53.5893432746185,53.5628520108457,53.065735667945,52.8243833781778,53.0709559982557,52.9139359527417,52.1610309076262,51.9876619624575,52.0000411869581,52.0958426207431,51.9397310954079,51.5534384096158,51.2788052970091,50.756330367081,50.326684335328,49.7608710769743,49.4915389706621,49.6914988289639,49.9613592932293,49.8625911909859
"75711",81.7131304938535,82.0871218201192,82.7510493699252,83.022091277902,82.8538313215431,83.5308183153412,83.5945079417778,84.0609661974029,84.8737927494024,84.945329039378,85.1707114688193,86.0286798256333,86.8575841659796,86.982930548975,87.381261235156,87.4226719976479,88.2151315784342,88.6262384568038,88.5027336835532,88.3422301011029,87.0850886448604,86.0556850942567,84.5844951445665,83.7441315017994,83.9344013958014,83.7100640244115,82.490277444289,81.6225661883419,80.4043340534949,79.2530197443618,77.906258138918,76.6083270980603,76.2030319974439,75.8772733398372,75.5116507985039,74.4098525864318,73.3809336221964,72.8732476830963,72.3257921934798,71.3229408765544
"77473",50.7372786325794,50.9451581085062,51.266736696849,51.5503449461349,51.2868738104679,51.5519554077868,51.3533752235427,51.0439720635229,51.2646804930922,51.4497073798926,51.5270963964733,52.1715406051364,52.6734894135485,52.843386012915,53.268699521481,53.406935449299,54.2243059353333,55.2373811582768,55.8930858233092,56.7583206493303,57.1058415083999,57.8838866314247,57.9113603034418,58.4928652144068,59.287585790426,59.9596529412971,59.6037737192108,60.0962201318254,60.5535633216086,60.8072483634174,60.6391041549034,60.6910716408675,61.4742745087922,61.904409413623,62.3440193209286,62.4620335161719,63.1536195668712,64.3604382566183,65.4924135237648,66.1413572290704
"77591",20.6400555852628,20.7503201494961,20.8952031894983,20.9490517817542,20.8815800789447,20.9529270839621,20.8732354801007,20.9299049970784,21.2080510886909,21.5035572710147,21.8820888739237,22.4069436191087,22.9957483059037,23.5498694966354,24.3141763856245,25.1208369344194,26.1700615561846,27.2695682547518,28.1971923568712,29.3275205977764,30.3949774229986,31.9766075883839,32.8344901734949,33.976056965368,35.4999659945835,36.9532299877631,37.906614233034,39.5456605316138,41.0488048713404,42.7858916119292,44.2690624402371,45.3187689477341,46.7597325757176,48.1586010733409,49.7811296163161,50.9424915747886,52.2645405956062,54.3785257273799,56.7765209622444,58.6012158402496
"77611",94.6622112223072,95.0244005711584,95.6897510636278,96.0645175226131,96.033628156923,96.7493148093449,96.9088083288676,97.3345020825255,98.2904476526374,98.8143413843558,99.38985876027,101.857341114729,104.006930793342,105.192284189656,106.571248309931,107.399373670996,108.796285873853,109.647547227114,109.20164717553,109.035584364744,107.888571458849,105.477359485387,102.197353536264,100.108937472597,99.3757598666769,98.2939865005391,95.7074964067317,94.4004297025362,92.4538405235378,89.7334983289827,86.4533937084295,83.4212260571577,81.4477329050392,79.2712081638733,77.3824343247831,74.9192777097905,72.8970192516968,71.4214348748682,70.2440311100734,68.5142410982996
"77631",96.0986388605075,96.3054037058388,97.0131259529188,97.5242055745178,97.7707858725602,98.9204130063307,100.00207445657,101.224331772734,102.882282573532,103.942911625049,104.954958498116,106.910008564032,108.593434674209,109.436855576806,110.366714924267,110.798103841938,112.282113479851,113.118580486302,112.715456415195,112.872822157282,110.666790175227,109.153134896682,106.865009816123,105.517712645456,105.019428359748,104.170601739374,101.993976143525,100.993763790221,99.2409576480997,97.1746109562118,95.263156431395,93.6857390653196,93.297970859814,92.6241059757769,92.1675034825682,91.1290179204324,90.3398891508876,90.134574056448,90.0075092362007,89.1790235691945
"77654",111.321453867184,111.794636355818,112.682143581181,113.054531802367,113.03162183523,114.003863206987,114.189771703496,114.767809740692,115.785382140862,116.275801118454,116.770749457698,119.698827284663,122.288141155984,123.720190607039,125.055142329879,125.591090170569,127.536270014473,128.584711830978,128.381271705318,128.401936855036,127.521864442983,124.226812669747,120.162081687696,117.087327954234,115.190253044071,112.494476652238,108.105153568131,105.209215253123,102.349619259533,99.3585184542762,96.4034957373359,93.693148349321,92.0450631618211,90.1063424997272,88.3214452046464,86.0935221390913,84.2354411753039,83.0845062831589,82.1083210128282,80.5421474816789
"77693",15.1095568423642,15.1309616726608,15.2507475438274,15.3806591617838,15.4925549184269,15.823064559232,16.0943851105946,16.5429533436364,17.1272253052552,17.7025212787236,18.3858972999952,19.1512619669113,20.0991726952364,21.0013653092039,22.1313044861595,23.2967971078091,24.8253129002742,26.3492314769798,27.863734440085,29.5202447327873,31.2419968457586,33.5812595371721,35.4637684978538,37.2784568118658,39.310994159275,41.3131162940922,43.4395407331098,46.520864073438,49.8707744680293,52.9125699864917,54.8117034478758,55.305812047654,54.736360641944,52.8393502363739,51.1143367488973,49.2708196162952,47.6671741351212,46.4954092133489,45.5602365726535,44.2919015440365
"79491",30.2942515630393,30.2557764641348,30.452984889252,30.8231339931344,30.9867946536341,31.6614416069212,32.201421810968,32.7692135491111,33.7053577995855,34.6299491211393,35.5250560048837,36.8229398766479,38.0335630467419,39.03321395195,40.3320589914,41.4347632390115,43.1862069735184,45.0947809083877,46.5697146907888,48.4225769351908,49.8187111836846,51.72191616862,52.8115886412696,54.2352743042277,55.8921781952588,57.4534929402626,58.0431826065167,59.4524629905846,60.7836261688464,61.9118435466321,62.7536099092678,63.7824796908981,65.5534324906916,66.9944137942652,68.2998673166315,68.9225676354661,69.8052825021217,71.1006458078783,72.4351201209988,73.1173691031381
"79533",106.283869621952,107.07844416956,107.837144911897,108.113319470239,107.055886719199,106.823487343764,104.353000136474,101.806475180317,100.32381539525,98.6627995109066,96.8672850319087,95.8350194025914,94.4607932822756,92.5312705209038,91.3630310708735,89.737216858959,89.1931095517477,88.895107405781,87.7103883747724,87.1325063479519,86.1885461718588,88.1941003908343,88.5508008966906,89.1825438856981,89.1596693492056,88.1632731054948,85.0209856471473,82.7277193321804,79.9727362802769,77.1367373636254,74.2123384403592,71.7903733772714,70.1911914567029,68.4628880485858,66.7881203179448,64.6543790512565,62.929512289957,61.5758663593498,60.486288281934,58.8967130114907
"79551",29.160750304608,29.2884944505751,29.5042743009644,29.6646099990157,29.6030830561932,29.8785814591548,30.1730550626995,30.5478247316275,31.3266232312992,32.1540693962751,32.9738265706058,34.0401009508147,35.0067335103529,35.7349217074578,36.7437020806105,37.6179760529121,38.8347799001789,40.1161867104321,40.9919208097023,42.0833945127031,43.0969053936978,44.0758454744436,44.6116410700528,45.7101147942177,46.897309466414,47.9762936516088,48.2234298337954,49.2227990224259,50.0479710015511,50.7467795999174,51.2508601493699,52.0094649995532,53.1638128540366,54.0547870099758,54.8995659665741,55.2392633059184,55.8100501959481,56.5452117074692,57.450252124553,57.7813814534828
"79571",55.8685910764607,56.2034408014384,56.6154879527729,56.7479892790861,56.4913946744137,56.7602807745376,56.5847037537753,56.4047067795051,56.7138896106655,56.8743008458718,56.9048778341022,57.2834149543628,57.5316196134869,57.4280276455351,57.7262835840827,57.84513231866,58.4467462353559,59.0954532094511,59.1685070309283,59.5076242691376,59.5034778126333,62.0309125557699,62.9527113041752,63.3491569188348,63.2268102045205,62.9864111865561,61.8067113999498,61.6815650026348,62.0974256092589,63.4669272253606,65.0709862660591,66.6010491432532,67.8445418689752,67.6841386015754,66.5764074314097,64.1355509898812,61.7138123394734,59.6853262375795,58.0047994189196,55.8520555622285
"79591",14.2741846211276,14.2677606614044,14.3811020680658,14.5105286240143,14.6421386323468,14.9748289538118,15.2794689108442,15.647809509052,16.1717873762187,16.6908597798013,17.2349098043595,17.9825733006429,18.8671555498156,19.7885367676322,20.947952165423,22.1850522286609,23.7505120693854,25.4356246826925,26.9801218546652,28.7842731101928,30.5211904741221,32.6457007326316,34.2804008728659,35.9764729378264,37.8065267172176,39.3700615998952,40.2351680370014,41.7881092072893,43.2952753443763,44.7283147956986,46.0273828985574,47.4129018682098,49.2542164182647,50.8043192416428,52.5101962820809,53.6676067489242,54.9221146273133,56.3178039845414,57.7696011871336,58.6393266627157
"79631",61.4199017550738,61.5843743155956,62.0396404860354,62.2582919174627,62.2255671081281,62.7482529672113,62.9190972890151,63.2396661750818,63.8815538817107,64.2052196018943,64.5673668001328,66.0878400261104,67.4449507900283,68.1669309151319,68.9049406761686,69.1967441074157,70.1605966540818,70.6893262460809,70.3677716100596,70.3934892143611,68.6896151359283,67.3911195685595,65.6600736326265,64.4463419952309,63.9166907354835,63.2823972176588,61.7441383793574,60.946553726714,59.7473286761697,58.1068832020958,56.462249486921,54.9757316587723,54.2522450762329,53.4669804853085,52.9125866225897,51.9502025305807,50.9814096424935,50.1766127094903,49.3676749249785,48.1695067344412
"79651",8.65455408832747,8.53789176400144,8.60581068019019,8.80647866460441,9.14567326322781,9.75757807720945,10.4143558917475,11.2267528852846,12.2095797684242,13.2641257630627,14.4555230161941,15.9896197601804,17.3813708357954,18.4890709770998,19.5049450845098,20.2915939458858,21.2089376249273,21.8918596180418,22.2975176891884,22.6829057379433,22.4732143384912,22.4582582845977,22.4117451000018,22.585197839774,22.9822175017817,23.2214639988779,23.1174524419123,23.310364930074,23.4441591288309,23.5297723248903,23.5845428698202,23.6909104772143,24.0632034952583,24.3280744003274,24.6412325884186,24.8566777444287,25.1510503154161,25.5696532665785,25.932733424082,26.0639301469537
"79671",33.6034694231027,33.6494600734415,33.9200233763882,34.1466880038842,34.3106025269435,34.9373129915302,35.3069042556234,35.7975725050078,36.3624636955051,36.7577003195731,37.1381000479876,37.340173809842,37.6519186420198,37.6782465611254,37.9170056330546,38.0134615088224,38.5788255642992,38.9759986801191,39.2058465863939,39.5401258656296,39.6947615017819,40.1606552593799,40.2492290366365,40.3404946233382,40.6818957685723,40.7509103957722,40.3161192601822,40.3288600957287,40.3953983787489,40.4566764823441,40.3560466191359,40.1380625507992,40.234657122039,40.2143321100911,40.2852252819307,40.1444608382595,40.1175073786421,40.3517883337499,40.6158373981297,40.5287465799964
"80691",88.6554174743579,88.8787497181941,89.4660218001854,89.8386142299229,89.7828725492678,90.8315461078128,91.2366299502848,91.8236217175834,92.7716041979551,93.2788702948038,93.8597999106851,94.1476822328195,94.4446121156168,94.1411627296566,94.2320219969635,93.8655464023001,94.4742918448164,94.6509285490716,94.176349049938,94.2606496700091,93.6988834701665,93.2641991161213,92.4164617765076,92.1891693467887,92.5268579628627,92.1342932460759,90.9689730698566,90.4184796778135,89.7698548459485,89.2609401519573,88.40036532054,87.6170409882568,87.4690895576348,87.0461761358047,86.7129691192781,85.9059081607989,85.392330250073,85.2758335086258,85.0317888341321,84.0245299964521
"81531",110.089233255414,110.702892461833,111.491852787685,111.871073610452,111.297032025771,111.672432232448,111.180792226437,110.414823017505,110.781291548185,110.882202085563,110.698147977539,111.855369731261,112.337554921381,111.648785750708,111.494497248114,110.450316440575,110.638213889412,110.866697178182,109.517738704196,108.711539839161,107.87137298153,106.313203336763,103.526575642212,102.078237333751,101.24933821494,100.642442298304,98.7168023616985,98.5342785622101,98.512105483288,98.4883704572882,98.2845863299371,98.5446132943342,99.9687000259593,101.023043069566,102.007971436365,102.268933865393,103.109247966351,104.526674184486,106.273751523181,106.906453868836
"81573",63.5998048005406,63.8307942630851,64.3342583028736,64.5965473381199,64.5318903224723,65.1461272605131,65.4890361857095,65.6813978791673,66.4492841351747,66.9602721328833,67.2815814833428,67.9247506468619,68.3620433355837,68.2152836412586,68.4321317364334,68.2475925217408,68.7487365476829,69.2519371479644,68.9029769663878,68.9347339700131,69.2150061262105,69.2980604938367,68.697431975372,68.827815793423,69.6471108446169,70.2073752275996,69.0199859793316,68.8385111298535,68.6438642047939,68.4854755635855,68.1198297115711,68.2953754683274,70.7501295133645,73.9284915647788,77.5440403843891,80.1127845425631,82.1033073638512,83.3817989496461,83.9837332958204,83.7627335219543
"81591",3.79784941772732,3.77269280959762,3.80804109928287,3.86228390606042,3.93991978494627,4.09337337818945,4.28864543468818,4.53375679712608,4.8678950323965,5.23291587338161,5.64243267188746,6.17886675911436,6.81419937812259,7.5022454256047,8.31686823383891,9.18442105612885,10.2486255034118,11.3860864484643,12.4789705467392,13.7390409127644,14.9680641802132,16.5475376241442,17.7402966484969,18.7936765232969,19.9993072286037,21.1574952059972,21.9906703899417,23.3118200764126,24.6951921005034,26.1009171993445,27.4132338549061,28.7725468051461,30.4596023709804,31.9145219281545,33.4506352904546,34.7170075525206,36.1460235149065,37.813152165306,39.6317751775908,41.0198552156929
"81671",51.3926003976932,51.4732753179518,51.8467184610939,52.0759528002929,52.1839597169046,52.9529627125547,54.8800670422412,56.5631568587402,58.150911106661,59.1789268483003,60.0183659481828,58.9170093022254,58.0225237855839,56.8906961054115,56.210310957383,55.4168031925921,55.4670987174668,55.4369123385583,55.2277231232916,55.4762137470095,55.4114166830897,56.5448835482338,56.888544580143,56.937140094229,56.70093666602,56.2140554815998,55.2410617108034,55.0434801335687,55.0109283887237,55.0602095741967,55.0601138266852,55.9905271374023,57.9946794961947,59.6848224652621,60.9193386324357,60.9467618945419,60.3247600654137,59.4052803812421,58.136719293171,56.3880000009052
"83491",67.8859666832869,68.2335039052408,68.7015903164098,68.944280322766,68.701696283847,68.7548803315023,67.8927980576665,66.964912761851,66.7505014595133,66.4836005030828,66.1507612288571,66.3812917508278,66.249739211446,65.6250547603244,65.3588844045636,64.7199633587321,65.1855886943643,65.9275333533747,65.7160270123401,66.0638752558633,66.0304101550384,67.2774237565868,67.6095422568701,68.7313420024116,70.1814451711291,71.3313855101341,70.8092401908261,70.6069789873901,70.0380251317249,69.2530338947141,68.3283527221918,67.6163873383314,67.8908451465235,67.9580316110823,67.8840508814275,67.073887945904,66.6317689592997,66.7116914136224,66.9367334275075,66.4621775594962
"83571",47.8709422271756,48.0035371465931,48.3923127207292,48.5998156526249,48.6291648440666,49.1785047393871,49.6160619986133,49.9847875302376,50.8898716126369,51.659169527679,52.3737280511283,53.4615199193373,54.3829341313144,54.735548448392,55.3232309784406,55.5285641738733,56.311951035757,57.0111768913186,56.9599066528351,57.1885805943771,56.994336361139,57.363526561291,56.9993802918858,57.0017841454189,57.1973678169493,57.2446777538965,56.2499249030946,56.1219862464991,55.907762969121,55.6129854975286,55.0580124615781,54.6824529088925,55.0396404072842,55.0615303797586,55.1239886297774,54.9878320222548,55.3788902823641,56.1565297193365,57.0171200612911,57.3010490266323
"83591",62.5159449945021,62.658062204254,63.2147637666672,63.4095981666821,63.5319406981795,64.309007525188,64.9173448782016,65.3883846974474,66.4022986412932,67.1329400823347,67.8198072596552,68.6693102226573,69.4455362978267,69.696417389608,70.1668183898833,70.3044724664192,71.2176917011186,71.9814524984779,71.9641758475531,72.366923313847,72.2728883253069,72.8030122686733,72.7567815102374,73.2466886521767,74.7799906193676,76.5656273677629,77.1619173466916,79.008676523081,80.2620228507317,80.5157324937745,79.3513285300465,77.3638057785036,75.8602266655963,73.9568188622495,72.4528752026567,70.511119434744,68.9098325441342,68.0203817578535,67.4027231156693,66.2241164395832
"83672",85.8354579556168,86.1023621158144,86.6998539558162,86.9135100843115,86.9492389078205,87.9251131982291,88.3112217054083,88.5411668596963,89.3117799251555,89.7760518013522,90.339870160161,91.5748987193068,92.588075105799,92.9523873548424,93.6247704851961,93.6484467729682,94.628640268996,95.1426360589564,94.8648557723626,95.1188956628032,93.6517925902023,92.781955850833,91.5068546130011,90.8470925200587,90.7085331097822,90.2390143215735,88.8937907924763,88.5845070661096,88.2996047906143,87.9154955740119,87.1850301349028,86.3017131087433,86.2989284122626,85.7121270861983,85.0219513869131,83.5476060043049,82.2346753354439,81.4325661654017,80.6576874635453,79.1639339106289
"86531",25.1344455227288,25.1809088062633,25.382854963032,25.5752261863544,25.7542371702936,26.1858862609675,26.6359607803157,27.0821438660549,27.8827467958493,28.7067240086005,29.5321649097851,30.5311452434958,31.461208179546,32.011631071182,32.7817418140899,33.3258802612468,34.1836082571815,35.1639283735405,35.645618471139,36.3512205815179,36.763213831371,37.6089653001428,37.9820124050392,38.6716479428732,39.5637783616525,40.4281550111914,40.690861613889,41.337185334183,42.0358905415312,42.4964742969226,42.8184927075364,43.1700760195569,44.1319835485649,44.8722997066393,45.4607779399703,45.7109526410099,46.1326338922923,46.8385191529216,47.5733329083398,47.7242236026972
"89391",30.6345020655852,30.6779308974392,30.7970348114217,30.9379927832609,30.9753929037074,31.1118814246621,31.2506541644224,31.3394446693186,31.6696278174521,32.1765284051361,32.5461243649884,33.0606316634468,33.6032762523951,33.6391074990299,33.8986832524299,33.9077796195752,34.193516191813,34.6576257425011,34.7684597341587,34.8639197475256,35.425791936665,35.5840715880849,35.3816594748715,35.6070161244703,35.9244540598085,36.3416348892669,35.9695238131675,36.186627920683,36.588490415201,36.5128847282055,36.2263880409219,35.7483780729023,36.0352342969244,36.2450514507669,36.3196600355793,36.0180777529277,35.9981651273449,36.3297001505977,36.6104863155486,36.4330934881021
"89433",57.5373594345844,57.7177327703229,58.0190954615591,58.3666534935621,58.4144501065999,58.7185744052675,58.8781706947984,58.9022269931734,59.4516315164675,60.0292654835665,60.3251555118046,62.7074137773413,65.0043147940265,66.0678963363364,67.5107953627968,68.103521564859,69.2314343418267,70.8011275086881,71.2425456103511,71.7261926449778,71.797536717631,70.3849290442046,68.115459879502,66.6431350951864,65.4048566766131,64.3935187865975,62.0830097468585,60.6522708659951,59.7016877477201,58.3701440424413,56.8950987701341,55.3226905787188,54.9804340125116,54.5007630457301,53.9999145303271,53.1055806482611,52.6103276628254,52.6728642975582,52.6677998913971,51.9461658537238
"89471",18.7089460275122,18.7806622882453,18.9117314383447,19.0420150472731,19.0785351206878,19.2335865810052,19.3661622019036,19.4875313485009,19.8369166924053,20.1866495044186,20.5363843605237,20.9560012460256,21.4454965937999,21.6411360536852,22.0049705380659,22.2350186966314,22.6938792632541,23.3329053492527,23.6670165573291,24.1005119465422,24.3767764310881,25.3691907095277,25.8749463911236,26.3769960676974,26.7809695508095,27.20408432113,27.1271778426142,27.3637285258611,27.7561949271654,27.9659053662619,28.099345320367,28.2167077278542,28.9439447282563,29.5643343875385,30.211731569598,30.6366409011581,31.1951309702545,32.1495367988685,33.1775189051438,33.7436529162276
"89551",23.5717588784744,23.7340811236314,23.9404073092493,23.9880474693179,23.9895101829997,24.1921636731035,24.3080471476632,24.3433215986541,24.6957366628039,24.9704558154249,25.2077298033058,25.5956023739408,25.9766118132089,26.1420181336244,26.4589701396414,26.5767936099399,27.0442399356134,27.4974288961783,27.5486239307364,27.8692495445824,27.9343732003496,28.3158805527224,28.3629611305287,28.6895496886298,29.1016380895636,29.4733263028236,29.387714466947,29.6152893695948,29.8920890446331,30.0286939436372,30.0442717994852,30.1150095696864,30.6367466293251,30.9638713635009,31.2825223280913,31.3956989443678,31.6333758680252,32.0624633862478,32.50650781511,32.5816696131759
"92531",39.8259743453059,40.0863827762893,40.4328312338666,40.6209929650575,40.6343207635396,40.9784845935335,41.1272259706634,41.1126478128294,41.588193724373,41.9592588081466,42.1977354546837,42.6196004643275,43.1383950991885,43.2422720209065,43.5827554046737,43.5487693057794,44.0006970345151,44.5232037905103,44.4492519937384,44.6733815586456,44.6112861432101,45.7025850342354,46.1805516446718,46.9860488334115,47.8720197900713,48.540845080398,48.2977578049399,48.3146653883089,48.3168941869324,47.9101390622805,47.2674850470102,46.7670392780973,47.1051862498311,47.1268690071237,47.1745855381452,46.7972554285447,46.4418751719048,46.3369237929945,46.2686091861283,45.682852161091
"92571",50.2043421003838,50.4916695228254,50.9242504525879,51.0671782487668,51.0961425392999,51.587359003669,51.967993268156,52.0716893779816,52.8099464223116,53.3150314680955,53.6100312629681,53.934130307244,54.3226329821062,54.1366610055773,54.1748233549793,53.9680361893138,54.2634207549755,54.3427554501054,53.6499780713673,53.5726134000798,52.8907011082582,52.6027423867678,51.7484769634053,51.5446869541681,51.4988396080659,51.3721583025483,50.5378505454358,50.2805812786644,50.1423120010643,49.755400965276,49.150996008062,48.6772350299657,48.9147931310037,48.8114020389945,48.7770341319212,48.4849891743783,48.3821609769463,48.4879389364061,48.6359367389596,48.2656364138832
"92651",9.7879500294775,9.77564994091927,9.85455416620318,9.91006607338536,10.0337905445901,10.3045994049045,10.6661543786208,11.1582577286025,11.9074338997398,12.7541763561605,13.7159223873955,14.7744200174414,15.9161829997068,17.0287155154451,18.2696958666677,19.5260465188539,21.0373899828557,22.5720917953276,24.0416315813491,25.6747843075046,27.0998485313226,30.2166092513537,32.6920479564965,35.0158541867561,36.962741110529,38.3669708915026,38.7295521192192,39.0799809319076,39.4471005025804,39.7381014026753,39.9394726939314,40.079969885682,40.7994795334182,41.3790803632764,41.9362537176914,42.2579137053977,42.5262889367226,43.0079884200408,43.5508435626028,43.6302690631513
"95432",14.0703983326467,14.0763133738258,14.1579111039205,14.2585097120605,14.3271181337344,14.4426816443177,14.6064141683437,14.7902691076062,15.1269808584873,15.5372958185058,15.9426957563841,16.3675840422201,16.9127599871196,17.294654845975,17.8155707079342,18.2501695717369,18.8012869360627,19.4802582985565,20.0440066703176,20.6912771653497,21.164940819324,21.9003323361719,22.349577337409,23.0239729917541,23.730402797795,24.4596322500544,24.7536920662083,25.2985449225816,26.0294690418237,26.6107461189358,27.0259977056621,27.3114967385746,28.1831210644144,29.1803591610598,30.1452862786571,30.7577366114244,31.2198374376402,31.7799627241612,32.2074405290112,32.3641379605303
"95551",34.1735891919151,34.269092311906,34.5545491675251,34.7418176788229,34.9546020443358,35.5120135724275,35.9816103850613,36.2540854762892,36.9201092175469,37.4922063584029,37.8699542225116,38.2537804081613,38.8366505480321,38.9369215009422,39.2729101063814,39.303081794406,39.6790822146563,40.0242912660558,40.0358075379023,40.176270481499,40.0463072214333,40.4622231250626,40.5125474083718,40.8826852631904,41.473636109707,41.891640209137,41.5648721446039,41.5788347886253,41.7063009019961,41.6046017253016,41.2743276847472,41.1320691086476,41.5167818086539,41.6054595435318,41.8431592542345,41.7906677830604,41.9205730595914,42.1374099983559,42.422084130165,42.294944469195
"95591",41.2348482404018,41.4496162832295,41.7472734845304,41.8043052978151,41.7781722310074,42.0624921483533,42.2044884622105,42.1324629310324,42.5283465829795,42.7589486441202,42.8482697041408,43.0716622564577,43.3421996068175,43.126402304205,43.2441273610908,43.1248651427312,43.4449918089975,43.6657300206827,43.6346440785718,43.7530535126402,43.512655610824,44.3005150603402,44.4119001283763,44.5762528354151,44.6503860054612,44.686350948086,44.1924187973978,44.2043256560242,44.2917474070486,44.111814705349,43.7625494256041,43.5085482326586,43.808116143699,43.7863278345952,43.8469933356089,43.782311255763,43.9242356991699,44.2672461115445,44.6989410003685,44.6604619170878
"98451",37.2336384969108,37.3054079675511,37.5557144045856,37.7406988030579,37.7777545346831,37.8901024342919,38.8426584624914,39.6148276553011,40.5789492600313,41.4141407741161,41.9684247463647,41.6070551668177,41.549608441998,41.0834200211086,40.9946827180507,40.5893563718567,40.4447170742337,40.6046536124735,40.5467058117553,40.639888965233,40.5538620637083,41.7656836707769,42.0863777019414,42.249238725414,42.4090847177271,42.6113371429351,42.2609328471563,42.447506166628,42.945067766744,43.2067505625838,43.227387204507,43.0347665894492,43.7422207936323,44.1688161807,44.6474085639377,44.8478101331691,45.1656032309637,45.7670600621476,46.2185068586027,46.2966323615848
"98491",21.6040036030258,21.6536413820538,21.8105623897369,21.9077683012538,21.9662497263214,22.0960154925641,22.2150215143069,22.2865440281027,22.5980708701999,22.931263793967,23.183620075219,23.5341199479155,24.0863764675251,24.4651166342999,25.0454087402583,25.516306595019,26.1954522955217,27.0395905106294,27.7616658467617,28.5753342640692,29.23002911894,30.2383063638416,30.9329596300196,31.8622679531771,33.0145809073406,34.1046332700968,34.6200890364838,35.9190851677363,37.7871183855893,39.5080786305138,40.7668504276842,41.4069445345133,42.26646147007,42.3217966953243,42.4756938418893,42.3624335107449,42.6583212380406,43.4224867569768,44.1834743491632,44.5705388856796
"98611",27.1588875938306,27.3028219937588,27.4969136808316,27.5286554900471,27.5446166076261,27.7798275896188,27.9816518751787,28.2662466158129,28.8729146435763,29.4967125067714,30.1225127663928,31.0025988652823,31.7945866295575,32.588742649276,33.6692582316264,34.5881872737927,36.0233765153589,37.2685582242645,38.3190630520376,39.6102563209184,40.5916145159173,41.7417950403132,42.439079572119,43.6016210519529,44.8939025924888,46.0917981370224,46.7126849330481,47.9536615669246,49.3226082901599,50.1761290545298,50.6656984478936,51.1364564280743,52.3099589014669,53.1174516567549,54.0729644141135,54.9573170230584,55.855425671623,57.1807795980913,58.7738929103462,59.7466360214618
"101391",24.2805946970047,24.3507502791443,24.5551389659522,24.7285073306604,24.8971269524333,25.1260525642766,25.4053316960038,25.6612882926484,26.0839838627473,26.6215932150209,27.1596704828278,27.6172991664983,28.1179084860935,28.3899610483589,28.84244780838,29.1260368715178,29.43272010429,29.8802320986306,30.119958635017,30.3668765622297,30.3375431865996,30.9450804106937,31.0867008717904,31.4789132026085,31.8952693262238,32.2580465328818,32.1509630346096,32.4724195666367,33.0104274218166,33.3575067263177,33.6503206383283,33.7792985380924,34.5598016712343,35.2448549253412,35.8180701600136,36.2093050209762,36.7387868824036,37.3856062368548,37.9277927442166,38.2474731967818
"101431",38.6271552316678,38.7275683344782,39.0630372797891,39.2933751388056,39.416583334405,39.6268630331895,39.8471415784048,40.0082123871989,40.3740021254297,40.7730528589975,41.0599404139809,41.4762460561507,41.9410728643066,42.0248853672433,42.4080546677041,42.3571390207698,42.4359215545427,42.6678897155345,42.653694316355,42.6009027109732,42.3230662178125,42.2531425025611,41.7161774730175,41.6322940547834,41.7967522924298,41.816984496205,41.2458049275346,41.169813725867,41.2846666513924,41.1954901832542,40.9821940494367,40.5135816988424,40.912071138004,41.1902762786501,41.4139292984576,41.4155716428849,41.6823729932688,42.2275336801984,42.6614514356858,42.8465218333015
"101471",26.8798065016021,26.9239903826123,27.1261714704341,27.2747436599988,27.3574497287881,27.5025748393782,27.688961250603,27.8151252658848,28.1726138980238,28.5372028990683,28.8145487586037,29.1436977435338,29.5719639324916,29.7034125180164,30.0136354781141,30.0633169459945,30.2855963070234,30.6030558812369,30.7568561194693,30.8928042656796,30.8419530762247,31.1324661505229,31.0775869873692,31.2200241893943,31.5577802736573,31.7362085705335,31.4495329019581,31.5561963113576,31.804685360328,31.8851599849718,31.8671422349405,31.6435567271893,32.0611256104006,32.3454062763869,32.6721658783431,32.7054445349597,32.8120332431183,33.0979568304133,33.3211603505449,33.3400357525528
"101631",35.5101067121684,35.7621735864255,35.9790723608779,36.0052334995324,35.9283036255341,36.1573134824192,36.3026501769787,36.3835450181106,36.8835708206758,37.2994719043143,37.7660336903395,38.3555542390304,39.0248289154596,39.4180213024428,40.0274729378326,40.3960617343004,41.3210698410289,42.1004270969482,42.628646075586,43.3571566160003,43.8353910014498,44.5414199776081,44.8354018870819,45.6095881952888,46.6922651463989,47.5255308951729,47.4436950131121,47.7592838618565,48.2724620806938,48.5030053395572,48.8521785102484,49.1927809039274,50.1580971090448,51.0126072379622,52.2280959724677,53.2882362434246,54.1556317006087,54.889431717098,55.5612724498328,55.6730951291335
"104411",14.5792672588722,14.5955326305854,14.7332267412731,14.871070472137,14.9982174233999,15.1791206657563,15.423459548613,15.6852581689672,16.0736313849447,16.5270896361003,16.9894364968091,17.4734638546464,18.0530983987585,18.509653028424,19.1245339712033,19.6734177065124,20.3207100594156,21.0767558448943,21.7865071386411,22.4640676669792,23.0382128450477,24.3484016064059,25.2652822012521,26.3241905639989,27.3462592978588,28.0442942525289,28.123698683591,28.3944113776387,28.6029155617995,28.651059289739,28.6444093872745,28.4304435111409,28.8226011030142,29.1859138413427,29.554149025571,29.8330744848225,30.29858968474,30.9921036265382,31.6957424203247,32.2305134843906
"104452",45.748266718161,45.8160432758192,46.1568099586303,46.4531705989705,46.5615905904842,46.7843197939881,47.4939349297752,47.9531502369416,48.6226958977844,49.2094758149069,49.5651267873248,50.1267159948707,50.785722309087,50.8439681331223,51.1707628467598,50.9771525184708,51.0947576926296,51.2364803047282,51.118687568898,50.8229825520872,50.2587309810103,49.5818051650528,48.4318868599597,47.5574616327809,47.0125375469388,46.23732914912,44.8790799702884,44.0823714108659,43.3934078446486,42.4751828771407,41.4770228371835,40.1452195264518,39.6942051128502,39.1144374289323,38.5642182615097,37.8383447891437,37.2404330746389,36.8322542496105,36.3326736769752,35.663847428961
"104531",61.8244326136297,61.988669343254,62.2949616408897,62.5084317253105,62.71887687954,63.1301310798227,63.6440322224288,63.5638849506624,64.286243389358,64.929077699955,65.2876918788028,67.7929083335541,70.2400649881753,71.5943375852295,73.1334951936171,73.6688960062202,74.513424440193,75.1798771883869,75.104224277086,74.9347832967466,74.4915196844181,73.0001513230467,70.9515726449174,69.3990488572376,68.1151227504911,66.7527083694763,64.5165959804713,63.1369829094913,62.0896452620183,60.6515018846891,59.2357582203154,57.5938331800638,57.5023662707003,57.1666746999285,57.0245625965416,56.2489415397888,55.0338310812532,53.9980780736703,53.0204256189398,51.7025102466722
"104651",37.0481623252832,37.2887370540128,37.528015288466,37.5237704922428,37.4910144010765,37.7342148830219,37.7874537636488,37.695119416378,38.0080223734111,38.1246416824212,38.2217656300603,38.8176607990687,39.4074030292909,39.6131616049935,39.9113974056274,39.9820077851711,40.5089519674595,40.822615871516,40.9904381070696,41.2059419053398,40.8202236905076,41.2653284469455,41.1113514455476,40.9250593597596,40.6569764201205,40.3192080435531,39.521325131208,39.2749650161701,39.1431164855052,38.7775250016781,38.3819648543623,38.1377958891088,38.6230201791959,38.7555111779218,38.6590665835877,38.2757623751711,37.9806576359591,37.8348286571211,37.9028893507906,37.6496503857662
"107431",35.2831756603504,35.3317308571353,35.5680440910417,35.7799954637283,35.7711864408148,35.8729560772203,36.2781100290215,36.5227948068572,37.0488933739776,37.7609669327993,38.3726601477499,38.9948624710695,39.8526812245842,40.1534382595726,40.6995463335904,40.9800321368047,41.525475263241,42.1466307814381,42.5583367704643,42.8206694746112,42.9143683984328,43.2981933783474,43.3325761862182,43.6510930616827,44.2167066928161,44.6167916494948,44.4235944424201,44.7879853924022,45.2044488895591,45.3689444057632,45.467080177065,45.1967647684676,45.8601774392235,46.4017645229259,46.7565103860278,46.900400074403,47.183319042322,47.6828512383685,48.0314797902213,48.139009722024
"107511",50.8348708380882,50.9584785173717,51.2208918651501,51.411375421908,51.5506103763849,51.826896104228,52.1192717494447,52.0162204306408,52.5031474759126,52.8519975487722,52.9028764686566,53.0930590910067,53.4544843912634,53.3628318268667,53.6268779611806,53.4089101219636,53.533125051507,53.7643541401904,53.6576266522271,53.6105615913553,53.2065875886884,53.306445667687,52.9322330223146,52.8633889332393,52.9612992269756,52.9562963309111,52.1936958589449,52.092945735749,52.1570346620093,51.8313099737366,51.5119058537549,50.8593395987511,51.1826403858935,51.0406271123947,51.0996063615076,50.8964726495016,50.7092616506785,50.6641742687621,50.5582463407578,50.1458981545638
"107551",59.6672323068958,59.8514083275014,60.1749538246443,60.3364784597436,60.4630987139276,60.8480553302466,61.4685989832022,61.6091477641724,62.3785479628365,62.9581877314113,63.173696193366,64.1970487185786,65.3000588800054,65.6729379326216,66.3583016978807,66.2937228256194,66.7046383625259,67.02809592501,66.8465084584251,66.6066673127726,66.0698764559897,64.8411846238423,63.1263555422,61.9020474781196,60.9193739406958,59.8822956297961,58.0560012397609,57.067362533694,56.4908489074656,55.5708528163904,54.64822856624,53.3231776833946,52.7022250587196,51.4766706506467,50.5476522561345,49.4231847282169,48.3987210721242,47.6175990686354,46.9325459451603,45.9456119558478
"107632",128.065090843409,128.679722541299,129.567326370564,129.79117545278,129.692480953861,131.011094850819,137.66184914768,142.758189432153,148.192943359386,152.141579987695,155.194987252167,151.718189745442,148.675386106509,144.379577313137,140.85402129544,136.586466319367,134.044643659637,130.862118549998,127.521822465929,124.237841614154,121.792219706476,118.796533947463,115.199867142052,112.466764225794,110.517113125523,109.096068370006,106.655919361191,105.354475552745,103.877055151365,100.871742459779,97.6523325920047,93.7376140061106,91.448925828351,88.5479123190364,86.195008623185,83.7151541395807,81.32583315157,79.11856724843,77.1615957551528,74.6638468239863
"110371",59.9983446539756,60.1661765244796,60.4785627687039,60.715195863502,60.7748529813979,60.9285231481431,61.1440783892539,61.2984562161098,61.7953288865075,62.4485184866017,62.8721978137856,64.0786481175608,65.4655175603898,66.1892082298839,66.9041683991333,67.4758939334967,68.197877761532,69.0731730640639,69.4131883842965,69.4588211951542,69.0202968658342,68.2788065185976,67.1885468746067,66.5395602802286,66.2504276622488,65.7699231311634,64.2757085885278,63.7216458246134,63.3118971741882,62.436283777032,61.6737372489458,60.5839463199944,60.4585670563012,60.4119200740549,60.3603439488558,60.0692632353835,59.920111195712,59.8281963610373,59.6004723690438,59.0675291536646
"110452",21.6374293994498,21.597934946993,21.7128294463678,21.8628697516201,21.9660449703504,22.2320823827503,22.5935059741378,22.8688821293377,23.3540403224407,23.8462802660465,24.2525413848256,24.8101255459427,25.5894748470587,26.1473146692627,26.9131132927152,27.5987615328115,28.4963084014874,29.5259579576584,30.4952325460298,31.4856906366106,32.3289798160379,33.4119642864709,34.2278626937169,35.1982355717537,36.3882300797829,37.6157960888239,38.3472108229207,39.5245453486244,40.5895975709232,41.181786597411,41.4931482189816,41.1995140757392,41.6707892625234,42.0554655787912,42.5070841859682,42.8353583983516,43.2203073821994,43.8539935859924,44.4048513161211,44.7142352743913
"110532",36.4740937904036,36.5169312800032,36.6384987697789,36.7754374468565,36.8352269447138,37.1098634464054,37.3494198843969,37.3876643549281,37.8028194679645,38.165562421276,38.2694518545847,38.7764194844604,39.3587228210791,39.5184915023266,39.8730154688969,39.8614418700221,40.0996706845722,40.4168591915158,40.4806388431206,40.4979811604662,40.3358435063988,40.229740408715,39.8270561711494,39.6285028235195,39.5022689701236,39.3393824730515,38.6583880120683,38.5099995839145,38.4758233163628,38.2511694569399,38.0927732295094,37.6875706477533,37.9612044401734,37.9901739165687,38.1852055484702,38.2290929895563,38.4640013269618,38.8135384773109,39.1797258226626,39.2588903438883
"110571",33.6333771999327,33.7635459975723,33.9289052705764,34.0263677360655,34.0415534211419,34.2575626824433,34.4572169987269,34.4867640335331,34.8467976020664,35.1743585302423,35.3107744066642,35.6719714126527,36.1180663482274,36.2666768435284,36.6436036111977,36.8079176208497,37.2768316470758,37.801558605599,38.1144923767197,38.4460335103406,38.708248790898,39.2265143605149,39.3871386264033,39.8273840693306,40.3587497818642,40.8281894840849,40.7365459893605,41.2218402611983,41.777796014541,42.0736864803864,42.3838670136285,42.3952642287226,43.1255549588347,43.5796507726351,44.2839052585715,44.7035752465629,45.1205274087013,45.5135572165059,45.9015446162276,46.006969608344
"110611",55.9844965253024,56.2602908998293,56.7147581814288,56.8060787198496,56.7404713785049,57.1855231202204,57.4403631089607,57.4493663801382,57.8987826446676,58.1871279659831,58.2875888251703,59.5332580593222,60.7163503482891,61.2696216661606,61.984466762711,62.2907277480842,63.0580116138257,63.3728553264446,63.4170154129041,63.249139761043,63.01598072923,61.9164314912062,60.4455866061194,59.4535371714168,58.7655223652223,57.9228449378847,56.3209897995264,55.607527758344,55.1035825651474,54.1890550895175,53.3395726928675,51.9743014000503,51.4573881394005,50.4852412226824,49.835721425943,48.9756552633989,48.1388558078573,47.4474002054728,46.9029135280919,46.1234736360053
"110653",7.97690254667311,8.01926296317848,8.09500800000905,8.09915534292165,8.07896951585132,8.14454486209704,8.21144625513947,8.29256219910771,8.47501438931673,8.66956623867253,8.88854739720829,9.18388455603714,9.55273502179322,9.8863742624422,10.3101607602138,10.7429254016762,11.3502466402308,11.9033166877193,12.5101572996361,13.1326321673466,13.7610050507309,14.5450726095876,15.1375183002815,15.7310923825782,16.4027990827612,17.0325362042762,17.475007185736,18.1662032310051,18.9166837249755,19.5369523790309,20.1943053767243,20.6605022247993,21.5290789886826,22.2231662633017,23.0234775361031,23.7518101972729,24.382577610685,25.0806465234115,25.8565874603991,26.4719835291002
"113392",93.0178900643842,93.4944267231521,94.0179813309233,94.2572865981507,93.8898545742341,93.6579956697362,92.1201913128751,90.4249222715031,89.2223049906578,88.139608242154,86.7574096555432,85.5947018836799,84.8328612082555,83.4513276627736,82.2275626843555,80.8864955025543,80.0549891964331,79.5368014254793,78.6372377120325,77.5302165089708,76.1647844046491,75.640414491411,74.6800990302833,73.9906814670565,73.5288433604686,72.839275766603,70.9640778076716,70.2255257812964,69.7380145782634,68.6688547182291,67.7078439712258,66.3074916746465,66.0587122014688,65.7498209918495,65.3878480360906,64.8233675108778,64.4500945627653,64.266365915929,64.0685997430519,63.6105009991511
"113473",97.2919291483425,97.3358427210725,97.7967691380022,98.0677845559761,97.7718205231281,98.1483187939615,104.189225404688,109.07539234301,114.245767322302,118.529881524826,121.552570446601,118.973643881019,116.979371680319,113.775861033461,111.298869981598,108.336220068342,105.962143993177,103.926275188263,101.566414722723,99.0942656531987,96.13793504947,93.9148351968427,91.2806796441844,89.1896296870904,87.3453327343103,85.4777848539981,82.4743658034331,80.5101979961741,78.7714363654715,76.681729470142,74.6768168438016,71.9336165401869,70.4124810760961,68.5805303747734,66.981986189951,65.2320713341125,63.6966311268215,62.3417640087117,60.973832612133,59.2849136098844
"116371",49.0900189133337,49.3703401626212,49.6595814370391,49.8809041981948,49.8447393802566,49.9053323015747,49.7316356749108,49.5235711998347,49.516058307029,49.5687468072863,49.3829326158405,49.3984211201938,49.4805859250321,49.2578216546682,49.065952047588,48.9220630443913,48.9599132317154,49.089908415177,49.0124043305009,48.7551688637789,48.3770991012517,48.5194874416431,48.3996916046302,48.3789156219446,48.521454239318,48.4485474806468,47.6475968101215,47.4863360670981,47.4126612002945,46.9121495795472,46.5876596214619,45.9352895371469,45.9514976536834,45.8675416983189,45.8769993379984,45.7463525099097,45.6810649191328,45.6155857017283,45.6071819973249,45.343277340382
"116491",50.5587744144824,50.6474015791599,50.9518182222616,51.2164088845117,51.2138781970532,51.6564222384767,52.3794122399861,52.8101145665303,53.6390572455462,54.2996775218955,54.6361176902321,55.5891818505442,56.5322373285036,56.8443508382147,57.3449439236174,57.5239157193888,57.924281621289,58.3860287011346,58.6064569273118,58.589637203922,58.4632138270325,57.6540268711169,56.669055967092,56.0335083581314,55.4790678687913,54.918629514619,53.762097946011,53.2949811443037,52.920997296666,52.2457613368976,51.6701670150945,50.4522224149949,50.0165278124127,49.4129845464201,49.0410412513193,48.4504204784729,48.0791150999914,47.8242531306958,47.6861647292607,47.2063583196948
"116571",35.3511253708345,35.5222363779829,35.7036364369033,35.8150190617504,35.8060739114299,36.0659379122612,36.1818550629031,36.2126096977165,36.482186899828,36.665274344317,36.7283855542915,37.173203160159,37.6030591570163,37.678073412247,37.8930396990347,37.9487915625262,38.2045218768428,38.4282013854326,38.4821287116724,38.4404665100838,38.1222454770977,38.5236085859235,38.3957851187826,38.2685421545062,38.170771536338,38.0726925456599,37.5550009889867,37.7044900188373,38.0130193867327,38.2670681922753,38.5131834717332,38.4463867696163,38.9079923121076,39.2324966101151,39.890511108626,40.337463260059,40.7010458780763,40.9119216497801,41.1926099839313,41.1216863780435
"119353",55.7096520191776,55.952706219306,56.2928021814822,56.6006846906883,56.6623597505514,56.9269111936863,57.0745374017512,57.36926469709,57.8204242861866,58.3522490431835,58.5628351256592,58.9618095745902,59.4278581856612,59.4953883999495,59.5858511063931,59.7454643063261,60.0145575482864,60.3744954661802,60.491838978177,60.3168362590287,60.1095600448076,60.0855992422189,59.808597775921,59.744992495627,60.0832454677467,60.577802179911,60.4683028425913,61.1296202601158,61.805210309541,61.900796639078,62.0886988135482,61.5578111084409,61.4686427692522,60.9420834970981,60.3094484764995,59.5347471472199,58.7608429920376,57.9308076279509,57.2957201514181,56.244807978218
"119391",61.4746672956467,61.812038416813,62.1833191656614,62.4458160031449,62.4570391476125,62.6749372758477,62.7401777388524,62.8154218456596,63.2350567943829,63.6254707104262,63.696923043171,64.3432120404456,64.9916420748168,65.1260789077805,65.3278008266122,65.5506042144537,65.9257647160491,66.2779734820881,66.3900193819438,66.1612955645674,65.6823500442621,65.1851131016857,64.457919568255,64.0001062636926,63.8267172914963,63.5792188014318,62.4455639385471,62.0540933036117,61.7442222736637,61.0024708730554,60.5310137092942,59.6274373549531,59.6119871311563,59.3558079714111,59.3675559748149,59.2499826345669,59.1291190554682,58.9058529353549,58.8413003357323,58.4059498348879
"119473",91.4357462766107,91.7200747825977,92.3091889933266,92.7189135252731,92.8324358971728,93.4076904474973,93.9482202004328,94.0376116696243,94.8157183233417,95.3682973705233,95.4531178774559,95.8787006420564,96.3288370553477,95.8442340267287,95.7384996916115,95.5283082869844,95.5208370500098,95.5865156158446,95.4443719569828,94.9566219400217,93.9695253487595,93.4336212487733,92.4575289382387,92.0790311290297,91.8523131754151,91.5576557785349,90.1542132361041,89.968518456788,89.9567159484975,89.4239247447391,88.7933013672472,87.0846531165289,86.6029085464341,85.5536018345842,85.1293758157626,84.4571589995637,84.0522002486911,83.6611954132287,83.6361639494999,83.0460052783193
"119551",16.503301905818,16.5299142841416,16.6211684183558,16.7177172102641,16.7914477383665,17.0696028755669,17.3293831111594,17.5750514318065,17.9805030432262,18.4232553651421,18.8434580368719,19.4222252245364,20.1107244880855,20.7217613167096,21.4800034384912,22.2812653118173,23.2603206264113,24.3051321151065,25.3980907890775,26.4907274512051,27.6192065319353,28.9999749968129,30.0259030582626,31.2319802539249,32.4311217444487,33.5263828054721,34.2612868667616,35.6156286931805,37.3491945926428,39.2750578775985,41.368103773788,43.0973869605847,45.1069325890375,46.1597817665867,46.7110611758944,46.1940546115848,45.7386575707687,45.3856413829371,45.4816983360594,45.1861743769498
"122571",116.002230558209,116.813314867738,117.681687438367,117.932561142744,117.410720748545,117.828593626866,115.566956164599,112.796810052087,110.746947379852,108.851026817663,106.529106507548,104.610851613272,102.946150784258,100.374623879819,98.0439964414712,95.7433989244333,93.8407693472249,91.817236185146,89.6055399533183,87.223706772812,84.8057846765044,83.1874288578028,80.8418538640898,79.436596155295,78.1071787139094,76.5634941249001,74.3167489020514,72.9355596188866,71.7911116070137,70.3949263624558,68.8445557438434,66.6372339702673,65.4754192635341,63.7747148150152,62.7606718625169,61.5775485411462,60.302552018593,59.0518863353432,58.2675868532286,57.0333489165958
"122612",15.2765093967266,15.2598443244109,15.3610101947496,15.4516438194097,15.576121957873,15.9061236252086,16.211825498083,16.5283479900366,17.0119198325586,17.5285919796739,17.9943617456832,18.6756552140798,19.5009450431134,20.283948383452,21.2050563319167,22.2600104530416,23.54901332068,24.8864847490104,26.2524115052055,27.7703234985781,29.1805728802364,30.8708515156309,32.3008055588871,33.9609608171153,35.8474317529901,37.8524091708005,39.5985528122856,41.7666996633196,43.919310788898,45.6979950151465,46.9755827571921,47.2976218264179,48.1476387178832,48.0610719198366,48.4439708798661,48.6462641609551,48.737470740996,49.1382740658011,49.8057869744529,50.1165231722353
"125273",47.0398821226198,47.5005122086275,47.9576666555816,48.3329310177063,48.5166309352876,48.7269465235591,48.8698444409717,49.2561205963111,49.5240121288457,49.9295209746127,50.0655805629358,50.5839634031104,50.8231274091932,51.0603667108798,51.3047778042288,51.4041639772723,51.6044243247991,51.9149198453147,51.8145100870054,51.6829033275489,51.4326030997927,51.0073800735135,50.3979081616346,50.0145384793786,49.9194867342985,49.7980008725449,49.0391098306424,48.8026512281853,48.4581300350517,48.0199333228736,47.6041994331254,47.0803201035059,46.9751668399054,46.8545966625738,46.716861571283,46.2512173957323,45.9140202599844,45.5773092334477,45.4570484300276,44.9852683153012
"125511",31.3993881523068,31.5548671769472,31.7676685845255,31.8461897627449,31.8238641676044,32.0719050346437,32.2159816121873,32.2228359630861,32.428521165735,32.6902657887703,32.7665053314685,33.2116929738063,33.6701524152047,33.7826888736858,33.9514826677235,34.1338415783138,34.3025665992281,34.5084326168021,34.6611705807501,34.7085031050031,34.5210762451767,34.402784498161,34.0192584032298,33.9504119409829,33.8838930688173,33.7001687962252,33.2116326291768,33.1488337718127,33.1988454141404,33.1601502229293,33.0700908277218,32.6809314997137,32.7182803701399,32.5417175949162,32.6375625682987,32.7074437076017,32.8677635967609,32.9807198315397,33.389064606125,33.466916200279
"125551",47.0499262865824,47.2176463782744,47.5441325916682,47.7060159817124,47.709304856557,48.1183668129196,49.3054929374427,50.1018146030663,51.0637773323323,51.9790997808973,52.4996489713323,52.2816247233943,52.188129128681,51.6957104536641,51.3517894778871,51.1612600481527,51.1196907388826,51.1342521457765,51.0937320049487,51.0527890703394,50.6750301134239,50.7190044840721,50.4185953501147,50.5824279585104,50.7627847416227,50.7011256117339,50.1525154624177,50.2758566285401,50.6592564856173,50.8755633142615,51.0419740138881,50.5994322246034,50.8571338846868,50.9381396648426,51.4123085710313,51.494428679208,51.5290205174166,51.4766358882157,51.8001547524279,51.7255090186168
"128531",31.4679476148077,31.6506888857381,31.837847019545,31.882627038984,31.8674008051251,32.0904679339186,32.2035923420025,32.1703707524972,32.3313470138008,32.5356421010313,32.5357384915279,32.8104037182088,33.0833935562886,33.0794716376413,33.1265188814601,33.2286546144302,33.3345583945074,33.4971176909112,33.57416895746,33.5944154650322,33.3795665801371,33.3657939321818,33.1138988702173,33.1232572094369,33.1671473810737,33.1152077187407,32.7325552863439,32.7088036846024,32.7817014062043,32.7852806054587,32.8328452247087,32.6663909685501,32.9291447811166,32.8938134580388,32.9292980686182,32.708998985057,32.5733967807683,32.3499983267013,32.3722937452279,32.1240673501876
"128611",59.8799656217406,60.0267438146072,60.4887805884566,60.6764899665562,60.6730003510128,61.1596947600506,61.6177427097009,61.649440844038,62.1487591566244,62.5401170290805,62.7616593161731,63.2569795698065,63.848353644514,63.8987475896845,63.8513860740686,64.0565225480634,64.4384179304632,64.7820894453383,64.8418892052086,64.8930384679135,64.7178287165117,64.5482264378838,63.8077772268488,63.7628602516486,63.8598682981442,63.9487844107988,63.7120502079633,64.1963023638626,64.9483120737502,65.3954917076486,65.5460612860093,64.4955517279999,64.1597745387918,63.1274908692757,62.6680469717219,61.8282514249764,61.0278472158926,60.240986398557,59.6899461729534,58.8224004561824
"131591",93.6973407212877,94.03630839311,94.7099801522271,95.1486668355833,95.4553829773736,96.4900615892839,98.2144195871275,99.2544264845374,100.953875056274,102.431389495701,103.409167152345,104.273754050999,105.111582459284,105.286880037822,105.065933844132,105.186346534032,105.465912816481,105.846563058663,105.740457066707,105.410829360022,104.35468564757,103.381183909632,101.611114175173,100.849614451549,100.05544512479,98.894669228101,97.064970934811,96.0733651698081,95.3605019330285,94.5281256951846,93.5341986760175,91.5984517926131,90.750378422062,89.468918456632,88.9758090831399,87.9647182591827,87.2654194146287,86.4956015464881,86.0450196526346,85.1675253655679
"137551",126.500297308266,127.165553335673,128.320516563562,128.899774756068,129.45418289368,131.006129768904,131.538954701069,131.49722718257,132.509415065944,133.530181868226,134.069238202231,136.879042245057,139.272732063669,140.938148749543,141.674784391592,142.878970761708,144.061937872906,145.485969073205,146.38117068759,146.828322565431,146.296737830288,144.934771565861,142.426751410049,141.069997273502,140.121240569646,138.61869736441,135.719160951844,134.122574855843,133.184767624323,131.796698042233,130.593547513936,128.75360229561,127.681867031963,126.327067743075,126.062970703891,124.871820903648,124.632735389488,123.959882423011,123.687757347363,122.830096803324
