"plot_id","1985","1986","1987","1988","1989","1990","1991","1992","1993","1994","1995","1996","1997","1998","1999","2000","2001","2002","2003","2004","2005","2006","2007","2008","2009","2010","2011","2012","2013","2014","2015","2016","2017","2018","2019","2020","2021","2022","2023","2024"
"3293",4.06272445331332,4.06225300893142,4.06722022014373,4.06176015445993,4.05425133763074,4.03814441386134,4.03877936514187,4.02035947843647,4.00602232971607,4.06707485642037,4.05642872982013,4.08018693596977,4.08409158270388,4.0704544600856,4.11355131237739,4.11409478952521,4.16059906008435,4.19492351071214,4.25220972780103,4.244998083511,4.27234492307944,4.31693430142027,4.34736707884936,4.33700157416616,4.35437018350689,4.44350025706637,4.5277153636879,4.51934739981192,4.57370593365405,4.6479577471597,4.64204794959549,4.71339715697374,4.69298222058255,4.81598777633973,4.8190321217965,4.82213907659891,4.9285093343954,4.96123060247457,4.98573870879733,5.06621659100795
"3314",2.63852142220975,2.63190900416656,2.63269292154481,2.632693175703,2.63196330085443,2.6247395648177,2.63480689521041,2.62885128109266,2.62844720555114,2.69485576030924,2.69181020439016,2.72366914108668,2.74224606413467,2.75526831062914,2.80602373690427,2.83661553169673,2.87969557349929,2.90607788658714,2.94981527856168,2.98737029112223,3.02575025723869,3.0503859269392,3.07502336294284,3.09366575086676,3.10406830867229,3.14137633181881,3.18780781175268,3.19957858536601,3.22432089085048,3.26168256159079,3.27702182840199,3.3126600714921,3.32885740789711,3.37979494481196,3.39972322272828,3.41308538799133,3.44639676247841,3.46500229931506,3.48865395215786,3.53146276289206
"5311",3.7022829118452,3.70227581792903,3.70981411199381,3.71018038378766,3.70472066645773,3.6867436366511,3.69505531858969,3.68440117026363,3.67826990257752,3.75928472946368,3.75210619480842,3.77716263042875,3.78602634882386,3.77923742599622,3.82942555677593,3.83831359286307,3.88298273317557,3.91425572445976,3.96909509545263,3.97123745462327,4.02219376591829,4.08624905574359,4.11786918678248,4.11061374272386,4.11608206849456,4.16908136081757,4.23212903130454,4.23339657735121,4.27561217665981,4.34590370383815,4.35291251205459,4.4192794994704,4.40348519425456,4.49973131831682,4.51147273490113,4.52124335465043,4.60666040513273,4.64331439345282,4.68290275030284,4.76878264817385
"5333",6.21491112032032,6.21361400489547,6.21781402532206,6.21017237810651,6.19476355577581,6.1631806382861,6.16299079254963,6.12876072497639,6.10230009313736,6.17797068990664,6.15886854992701,6.19754739408682,6.23292552779991,6.21411562114533,6.28596393385911,6.27429181307531,6.33149098141212,6.37057631680892,6.42920154338465,6.40332909055789,6.40434649169372,6.40961524479777,6.42273264465423,6.41943438128772,6.43775664104011,6.55168046053651,6.71637267799444,6.74768766964072,6.83027241719366,6.95076291277717,6.97183582428373,7.09338129102282,7.08686335210091,7.28817327880088,7.34053011250271,7.36729282648716,7.52738252388694,7.57871739612621,7.63564674673559,7.79493750602504
"5371",2.68260387741164,2.67788921029794,2.67895822354205,2.67662394016283,2.67353049463114,2.66088930531558,2.66565007135703,2.65470129739028,2.64766729048301,2.70613950812107,2.69463376146386,2.71393973877447,2.72266673939532,2.72305027122142,2.75494122672761,2.76532360116056,2.79304606788804,2.81126564787469,2.84050618856702,2.85388600616525,2.87461423990958,2.89737262298046,2.91197583172714,2.911822979218,2.91836591307714,2.95483208323639,2.99934376290036,3.00165085869046,3.02758124022687,3.06818555486582,3.07299222716057,3.1125769778951,3.10803152153681,3.17917903638994,3.18847578943779,3.19450928474661,3.2546999420917,3.2744354532844,3.2956421257915,3.35663996582638
"7271",2.42344625965641,2.42157787674818,2.42712205276059,2.4301900130034,2.43346142178728,2.42432385720975,2.44000773703621,2.43518251251191,2.43772301646151,2.51977504662489,2.51941417762512,2.56233767725807,2.59926891611726,2.61215604431443,2.67762418731531,2.71390599280025,2.77009528354358,2.80356738099006,2.85626441420237,2.9016916612867,2.94114183347095,2.96735829716145,2.96772136956056,2.95906550068684,2.94603857473006,2.94909141430773,2.96749072910905,2.9642544796331,2.98099947690289,3.01256696457882,3.01290518830582,3.05242723527194,3.05163169940899,3.11554457218754,3.12550460456486,3.13408548607876,3.1934412164193,3.2184387465381,3.24023318220095,3.29760493163287
"7351",1.61106274565682,1.61092530673111,1.61586219617259,1.61846258689209,1.62097153745634,1.61186138065003,1.62257304973909,1.618750417626,1.61955243186964,1.68137522398228,1.68106510276116,1.69555440456193,1.70839590253606,1.71800869719024,1.76102606960577,1.78625663338909,1.82983633738968,1.86789344322471,1.92362290947734,1.9695461455054,2.02686053629292,2.10140071414468,2.19021940812636,2.27253791648418,2.33062130134755,2.38122822091966,2.45158847206625,2.54262791991926,2.703938026963,2.93983274564686,3.18250127743758,3.39922034237695,3.71571318353415,3.84126377841061,3.93245753141995,3.88478896642791,3.73523629735516,3.64741706069058,3.56987152045635,3.45764086914159
"9251",3.02796686330829,3.02018210352199,3.0247629289001,3.03275287580314,3.04200055552972,3.03560579195633,3.06174990779668,3.0565379552556,3.06369104518808,3.17501899798006,3.17654327755451,3.21889843664825,3.26331071585378,3.29228152841367,3.37837798160605,3.43963447584114,3.51610927766937,3.56869924936492,3.65129876376841,3.73688281214469,3.81808067503198,3.89796035255847,3.94696533723016,3.98812408707268,3.99119922058796,4.00528408219416,4.04391764774621,4.05815923216243,4.08288997538771,4.12485018390183,4.15165652938954,4.20250782491661,4.24410618264959,4.32602200392789,4.37478004408273,4.41728112219106,4.46974233303452,4.50607982241738,4.5502922200037,4.60820076982185
"9271",4.23040711731591,4.23527147101535,4.24541344950947,4.24113841169812,4.23633495969846,4.2098242821437,4.22490432753775,4.20945047790042,4.20314350865973,4.32860287068373,4.31940863213603,4.35749518261781,4.38792352366753,4.37162736349782,4.44586115455365,4.45048518487164,4.51703944897803,4.56120819761914,4.63723228766295,4.63975143084096,4.67693957562386,4.70971836109032,4.72550263284692,4.71434773350018,4.72032979890087,4.79174393062833,4.88302005366235,4.88901636893331,4.95429668020406,5.04539059022168,5.03402685639294,5.12258023813653,5.09885220449132,5.21442997781954,5.2177630483554,5.22737672887808,5.33036997251514,5.36420576442082,5.39485430866502,5.496077570295
"9291",5.11304526927924,5.12304234256714,5.13178907982125,5.12231162544532,5.10958906593507,5.0765160642437,5.07785004751504,5.05022303533107,5.03006487320915,5.11405274491037,5.10729817452841,5.12201023074405,5.13001650061586,5.11018106695739,5.17177671913546,5.1653138751425,5.23537114866376,5.29007981201084,5.38467532508823,5.35574873873066,5.39003258980488,5.55718285763188,5.60403573896669,5.50527884467649,5.50954527919862,5.64119748657087,5.75741169383088,5.74520869897139,5.89870456894932,6.23514236382842,6.35236267312994,6.81324401050632,6.74816090021176,7.07495070598614,6.92809654451643,6.93473931079467,6.93724522043518,6.89245291845414,6.83845538074336,6.79008752411915
"9311",1.09751922074107,1.09763091486196,1.09867868480806,1.09826941647629,1.0973771125083,1.0922834685298,1.09702270751611,1.09584044048821,1.09786213148008,1.13724443880076,1.14126046517513,1.15652633979769,1.1738742558288,1.19117068708947,1.23820382666603,1.27570771339855,1.33144656887283,1.38726902720228,1.46282981890124,1.54208637948801,1.64590655419694,1.91987570125464,2.15689805987392,2.45935094384312,2.67083534854337,2.85048258680994,2.93417271462819,2.95222583680489,2.90500803062699,2.85595874074636,2.8785070347554,2.83832969556498,2.92708856845375,2.90564289673799,2.95736043236421,2.98124486671159,2.92691187732527,2.92564377253554,2.93903711938596,2.92153684912968
"9331",4.09297486140462,4.09315686387145,4.09700969216316,4.09664825714504,4.09412816606443,4.07683215537654,4.09430308231247,4.0870429282252,4.08546850158163,4.18584979511336,4.18526761172282,4.210274490268,4.24066523921979,4.26072677576624,4.33507554558675,4.37043683162742,4.42128496617485,4.45276326265786,4.50249440981863,4.53599895149826,4.56849865062851,4.56612225031011,4.56149752923632,4.54985028681702,4.5542925350665,4.62383865827284,4.68320105818055,4.66536428242558,4.67451881029436,4.71345411388808,4.71644706299185,4.78014367707609,4.78186191355237,4.88825156016569,4.91872187261941,4.94078747870561,5.04564606417696,5.08901567871136,5.14053993361379,5.25122909092045
"9351",2.41585408251846,2.41504617164338,2.41800046966066,2.41890680697288,2.41819724023193,2.40566180514301,2.41699004624935,2.41004226761614,2.4060767093532,2.47854386269024,2.47782386685504,2.4902957732184,2.50243181621844,2.51037156741425,2.55233139817552,2.57129124600843,2.6054865630086,2.62903217435592,2.66769687386612,2.69239519135458,2.72119342500619,2.74417718093202,2.7693550969696,2.78072654545074,2.79731029166476,2.84586885604416,2.90965093668412,2.96004244348768,3.08262983874721,3.22860941616584,3.26702540596973,3.34349998305146,3.38808973501762,3.40571775950822,3.39288054187351,3.35860554796153,3.32119967486308,3.3004165012717,3.29199856516194,3.30615329614964
"9374",3.46894770589842,3.4684133272454,3.46753496678049,3.46674160326878,3.46174249567405,3.44603662325433,3.45670668182724,3.44777843480387,3.44086350816706,3.52358637400801,3.52541478910824,3.53324964864458,3.54077512103624,3.54928002175816,3.59118315555553,3.61047714750861,3.64424445321343,3.66648520573848,3.7083102786419,3.73144564259732,3.76896250511307,3.81587608860428,3.85757162347217,3.870932637032,3.8894659281724,3.93988966745559,3.98922612223707,3.9937741104537,4.02502945285883,4.07791284035541,4.08407994800555,4.14549782262433,4.14795342922688,4.24236316907709,4.26332288108613,4.27051850010109,4.32936118199012,4.34441566139424,4.36739706061544,4.43670572298677
"9433",2.46830363516431,2.47081640673738,2.47939416310207,2.47831141732273,2.47462226167237,2.4585160686339,2.46937186821799,2.45453850283761,2.44307014755353,2.51296317715718,2.51101025682425,2.51962160260061,2.52147915166203,2.51457134818142,2.55029722574813,2.54897539949806,2.58297950578238,2.60848625261704,2.65316183331785,2.64687699455079,2.66850904457045,2.70733884577692,2.74049456315711,2.73227040607036,2.755161281608,2.84309529321746,2.90750358136214,2.90061398980783,2.93323752410122,2.9847232138707,2.9795920781492,3.03184659036169,3.01590612971609,3.10104841279132,3.10773207742241,3.10086793189719,3.16057144861666,3.17974021215683,3.19975624773896,3.26790526485504
"9451",3.72032066948358,3.72588252780481,3.73806558530083,3.73105164448394,3.72038002498104,3.69621582500115,3.70458464211898,3.68417265779032,3.67088568438368,3.77684841272155,3.77316641580434,3.78620880508477,3.78983003285749,3.7773117525501,3.82372272921414,3.82570992717687,3.87207395408336,3.90440549704949,3.96257897532952,3.95135940666706,3.98327826559869,4.03521607467263,4.08532740291743,4.06822826993261,4.09073230413729,4.20123357302536,4.29587734752624,4.29438258263972,4.34699505106882,4.43747153064325,4.4325839007134,4.52172130726751,4.48735671500361,4.61920002183603,4.62549305678164,4.62220565227588,4.73420064224602,4.76469360180868,4.78521367443062,4.88748456443956
"9471",4.04308187107899,4.04509223202311,4.0542846202318,4.04981371265692,4.04146253210864,4.02053492123597,4.03209352240478,4.01363025524164,4.00371920132409,4.12403349422766,4.12177222230442,4.14101075497024,4.14869536183495,4.14726737176537,4.201936962813,4.21751464940508,4.27318497196174,4.3113373348204,4.37670080887552,4.38520441573115,4.42620886780584,4.4756841386641,4.52601125649473,4.5295811843169,4.55815339732743,4.66596566097766,4.76127577642881,4.76642346692339,4.81976308479025,4.90896261204049,4.91461471383122,5.00531510894629,4.98738709500725,5.1194110151273,5.14056642684249,5.15301438337795,5.26713898760942,5.30220655377098,5.33444282184239,5.43909907869033
"9511",4.55362022489571,4.54977699419652,4.5568744691085,4.55018907631372,4.53981376654828,4.52169003027107,4.54116504804523,4.52172970900033,4.50929749349391,4.62605652902906,4.6133543754037,4.6215205448374,4.61288733884859,4.60516531753922,4.64061303684181,4.64492814021192,4.6790893687231,4.7029190818711,4.75494281361021,4.74794319774643,4.77852480762634,4.83407187988463,4.88133163484176,4.86641747342041,4.88424184018587,4.98210093547496,5.0848232569378,5.09080894143282,5.15413379533582,5.25516114689445,5.25748382110398,5.33800668333245,5.30268583401617,5.43703697721508,5.44911253313624,5.46415646675182,5.59433403606493,5.6244751438375,5.63974226696587,5.73902546810121
"11252",4.47655146302542,4.48705292234713,4.48982209417225,4.47706765437336,4.46236145344806,4.43422359645482,4.43289865971212,4.40649623695648,4.38790692579603,4.44271919163264,4.43455540698911,4.43619558047679,4.43151087060546,4.41255415687393,4.44542956176812,4.44542342491872,4.49485130919795,4.53351978365971,4.59825569099155,4.60210800825692,4.64771574232358,4.72219309946017,4.76963821798777,4.73571900515888,4.75121094435944,4.8618420608774,5.01187933107258,5.03439691289124,5.11460115059713,5.22402486911423,5.20031529660969,5.30591575482971,5.26437145544373,5.39949287987639,5.37483638862392,5.36122836823849,5.45622100568287,5.47023171167702,5.47798403976214,5.56848531020319
"11272",1.88020705533459,1.88174835322764,1.88254809023126,1.87929444880671,1.87536293329062,1.86476661786371,1.86879103673803,1.86227336349921,1.86013872409492,1.90630358783424,1.90268039382222,1.91072650812845,1.91764998526905,1.91576595975669,1.94868287138597,1.95732891545954,1.99134827872558,2.02075156989061,2.0688027025637,2.08280926200488,2.11813737931768,2.16959301974292,2.21384368733184,2.24536147819712,2.27212694259335,2.3272645063061,2.38708113035621,2.41565024593325,2.47604935794327,2.5649620127468,2.62176102362113,2.68571753867316,2.73979965275809,2.77013054933954,2.81166731179199,2.84497834669794,2.85679520576527,2.88096178030293,2.92042678322696,2.95969708142332
"11331",2.93801398983506,2.93604308576468,2.9333301654053,2.93159495909022,2.92631146411772,2.91917158030082,2.92577683776756,2.92464603309363,2.92287137265726,2.9758489396541,2.98374295231918,2.98814160575968,2.99794555730382,3.00675058803874,3.0371049490429,3.05346219658799,3.07426531181709,3.08892797396406,3.1181172735194,3.14065032597531,3.1681022761124,3.20752391849856,3.26952633937311,3.30152581528383,3.32748830439338,3.38337439953844,3.4247620037649,3.43028120470962,3.44666046715885,3.47973876669671,3.48963610184585,3.51046301784145,3.51696807888067,3.5500396809303,3.56460779032201,3.57724825015228,3.60973980147166,3.62440207650052,3.64606476366007,3.69270251153658
"11351",6.07719189617123,6.07330194874675,6.06474633432996,6.06156702666599,6.04601942893065,6.0257048632799,6.03332677075684,6.0187604646336,6.00424535235543,6.09687058321448,6.10272981515183,6.11620705351193,6.18423506125778,6.24035763526272,6.36983585535072,6.46691303827552,6.57774203201423,6.65772243675995,6.73579305930352,6.85014669787253,6.96249161185772,7.01541582332974,6.99579305116454,6.95688715570784,6.89551582362141,6.83247931960825,6.81139225810201,6.78793779948025,6.78321956346743,6.80526900927296,6.79230611169758,6.83074049090004,6.82192020103929,6.91704132487453,6.95773687794938,6.98811319169524,7.10141910752517,7.14855028466468,7.20599438896151,7.35059561877246
"11374",5.48889647596985,5.48555757013511,5.47275395330725,5.47053292573026,5.45689993119045,5.44168350701647,5.44851087962871,5.43256235509347,5.41016838983646,5.45200855378822,5.44931515188835,5.4352207766025,5.43736883214317,5.44290474249822,5.47932678396075,5.49699696385723,5.52575979940731,5.54212639061333,5.57132524296506,5.58375932187577,5.61222640051099,5.63927360084692,5.65137412451173,5.63640078417317,5.63446271386679,5.69417031016966,5.76393735028134,5.76194982719183,5.79824079426629,5.87648867466492,5.86803648949686,5.94449266073675,5.92746792900047,6.06790771693986,6.08459408986955,6.07995557698034,6.17874645816448,6.20708442619621,6.24801548870992,6.36883270454913
"11392",2.65771738459396,2.65544328412338,2.65398711182502,2.65154039241352,2.6461042922272,2.63263307953069,2.63847564292066,2.63039080061996,2.62128034148681,2.67812056810547,2.67824881059531,2.67795384636121,2.67711456532037,2.67651541138969,2.70152660450359,2.71159628641652,2.73844439997111,2.75899943423178,2.79665894023831,2.80417199728928,2.83095124130453,2.88365251651333,2.92520443157213,2.93017883360658,2.94658250202772,2.9954010520937,3.03464516824963,3.03674053846512,3.05911571975356,3.10518832579885,3.11212753216696,3.15525082171361,3.15560961394299,3.21300483686185,3.2322285584424,3.24521412075429,3.29579416170554,3.31513750203967,3.34055343214142,3.3985724848249
"11411",7.67859044848986,7.69100060690278,7.70200634126948,7.68272420888244,7.65335275444514,7.59773244349482,7.59434889192847,7.53410823267168,7.4858809201515,7.52227873172964,7.52735087806652,7.53705851890656,7.54041714255341,7.53121610480768,7.59288183852594,7.61434252784834,7.70096557313412,7.7798851077247,7.89732552509546,7.9346932216868,8.02061264020563,8.16270228837296,8.30891164025812,8.3366344342927,8.39927208944777,8.63243700165014,8.90907981514617,8.99098511170916,9.10707177757537,9.28874923789095,9.32003879991009,9.48001467145518,9.4803130854027,9.68143909343214,9.76697619781255,9.8141402407001,9.99258619707039,10.0493078568228,10.1023048875975,10.2824913404931
"11451",8.66941320192512,8.68693917880048,8.71055022876916,8.69414322544076,8.67458938723378,8.61349979000045,8.7492136619472,8.78674121820739,8.78282777979264,9.12623382591902,9.08350829900949,9.01981778263732,8.95501288413205,8.89076122278028,8.83727956123526,8.77917546050697,8.7590518776954,8.75873816777455,8.80909498363834,8.81393430388711,8.86911913398771,8.97460993001515,9.12301826665904,9.14340688525082,9.22039442430107,9.5139438979726,9.86186342502751,9.95012926178205,10.1090967477697,10.3649446587237,10.3656789223603,10.5710057565699,10.5061258616183,10.7861098848473,10.8712596050816,10.897589162163,11.2395473050148,11.3630988758157,11.4083764830779,11.5922990742985
"11531",4.22173643412829,4.22398440365567,4.23844753309538,4.23665929048852,4.22809420368074,4.20487386155397,4.21585762843462,4.18599866443642,4.1692622994407,4.31764204850556,4.31505324134365,4.34934346895047,4.36936299040129,4.34709928994465,4.43295451596629,4.41894618299277,4.47476803752056,4.52744515415543,4.60429031719802,4.59745775465499,4.62489603200132,4.66124328060251,4.69788405843875,4.68522660476939,4.71062225002386,4.8318358272684,4.94726285390056,4.95704526783357,5.01403066653182,5.09428083651114,5.07822403570617,5.16834695797056,5.13733284522177,5.26862140964792,5.29597967137679,5.3028125712892,5.42345504893327,5.44725920637678,5.47882034588044,5.59512110675103
"11571",4.80514825652774,4.81199746411943,4.82974320736523,4.82429101934863,4.81265585409987,4.78808055906706,4.79888172275754,4.7597738380779,4.74149366530926,4.89677149469687,4.88116716266055,4.90176377458249,4.90649720026894,4.8844692610199,4.96891587789649,4.94992226658946,5.0040751227677,5.05426033546766,5.12989726929383,5.10967770640643,5.1667867575224,5.23004216484502,5.29046271740224,5.27688423401691,5.37475795633327,5.67255541316104,5.80120915504572,5.75010259009426,5.77448427036032,5.79700666971881,5.73672752616968,5.76456431352915,5.73290384843004,5.81807513425483,5.84925336562428,5.87266695041498,5.99201962812603,6.03640124031573,6.08623895122414,6.23742976681363
"11591",1.22230847372654,1.22154983495947,1.22547242400252,1.2253633029355,1.22444346330247,1.22049446542871,1.22487072329455,1.21589944073621,1.2125406323701,1.25143838017072,1.24863111269248,1.25057013475712,1.25342748927671,1.25352803062018,1.27793536830034,1.28195839663108,1.30213079244958,1.31801467928406,1.34557983000082,1.35317786842958,1.37304092181701,1.39774497532272,1.42573879872148,1.43429569026043,1.455288710015,1.49987404091112,1.53433544620037,1.5458068502458,1.56678170394305,1.5971406818762,1.61235631352311,1.65017689504691,1.66357705601173,1.69764946848366,1.7196881113169,1.74179939542665,1.77078475573903,1.7906854892351,1.81638561830704,1.84551219276169
"13254",3.84637014864694,3.8497058669514,3.85215035222904,3.84251156166424,3.83278305704731,3.8122184482823,3.82220142307117,3.80603575889684,3.80111617005709,3.88636096994674,3.87710975250243,3.8901098311463,3.89709668528026,3.88826915138061,3.93778862341305,3.9462770549098,3.98931845271305,4.02219279553898,4.08466585626565,4.09695200804208,4.13884440379039,4.19398301563285,4.23763086540812,4.24513029477381,4.26682464332469,4.34218797523713,4.41879447630888,4.42778035976818,4.48976991883376,4.59463019244103,4.60793595303439,4.70505294783365,4.70776583929502,4.78590457462139,4.77751208677308,4.76489229204144,4.76489194536375,4.75943472119141,4.76554007801446,4.80922779736027
"13291",3.55623392919854,3.55439810317289,3.55104736156779,3.54358182030004,3.53463455968228,3.5168128463604,3.52101596554491,3.50983408888188,3.5034636456752,3.5699140187005,3.56466151264894,3.58891802667874,3.63100705525458,3.64726954914455,3.72357643508187,3.7626964739473,3.81721692071325,3.85657224564234,3.91265541614584,3.96439983881073,4.01227951767273,4.05416991162311,4.03776480272681,4.0054607038499,3.97144887724321,3.94396649108207,3.93639088568006,3.92274389897936,3.92865168450657,3.96323362506037,3.96315620412116,4.00908393272756,4.00787252098784,4.08557789120865,4.10565919918231,4.12349668815214,4.19619348960346,4.22599622580152,4.25938541991247,4.34294359713659
"13331",7.87233270468431,7.86495136527317,7.85434739414489,7.85642772642322,7.83327354512414,7.81575169517842,7.82044987747059,7.81058451370664,7.79695048240982,7.88328358693631,7.89274102495092,7.89134711360745,7.90897475768664,7.92212094110373,7.9757042151535,8.00418447850695,8.0413455562162,8.06422443250318,8.1182523221449,8.15189797368125,8.19608929363057,8.24068013390334,8.28813010250923,8.28817978577863,8.30204126910943,8.42307376656268,8.52486661849168,8.51695428832124,8.56938196024192,8.67986014838825,8.6727742363426,8.77350291507835,8.76208759736626,8.93200562913817,8.95414728177573,8.97513406926119,9.08585731310376,9.11725351345123,9.16917582217188,9.30078639926808
"13351",3.7761300104703,3.76305500344677,3.7459335429568,3.74329533239405,3.73180823449324,3.72522190656185,3.74017256437565,3.75024425545863,3.7612903098961,3.84366369749593,3.87298553720229,3.89539582584255,3.9255392921437,3.96705479679094,4.00277056828875,4.05046376197281,4.07667031783712,4.09360417336147,4.10513913274025,4.14973934388802,4.19325874218929,4.21304821135692,4.24914807918702,4.29238710676304,4.30740665141074,4.38723984448768,4.50478377018245,4.56558732899547,4.62984117207935,4.69742296368772,4.74643257754659,4.76075346675337,4.794218295129,4.80139486795008,4.83457081708791,4.86211750275939,4.86187259759238,4.85422845141722,4.84589145332665,4.84344515963138
"13391",3.82285240182201,3.81803282816473,3.81492501903661,3.81007451620672,3.7999253465461,3.78030461836334,3.79551528049313,3.80997737405699,3.82142729245707,3.96616045186725,3.97738907114114,3.99445909733805,4.00202537895612,4.00743827952502,4.00047758005715,3.99665060262868,3.98752436270242,3.97988250274418,3.98368103590856,3.98623692055292,3.99331442050603,4.0110678682604,4.033435356541,4.02196307406277,4.02607024073525,4.08905167149982,4.15192164566614,4.15044285882004,4.18180323094544,4.24801572741919,4.23793867075017,4.30168462148464,4.27782297274318,4.36988794906776,4.38398795845555,4.38714009586065,4.47610070289412,4.497612382191,4.52341881195943,4.61589894389459
"13411",4.44252821517357,4.43774963336131,4.43728899832035,4.43136772522868,4.42078223397821,4.39622562887963,4.40358444357989,4.3865955305468,4.36908071514544,4.46273411049541,4.4631360714781,4.4835687113159,4.51576109765491,4.52969548316138,4.61195651198959,4.64276527787326,4.70938176950036,4.75735174548846,4.82119456463125,4.8628595684819,4.90940695798539,4.958668535407,4.95830723967229,4.9351642059856,4.90810461396526,4.9036975900607,4.92433023484406,4.9188846198583,4.93701914901147,4.99100530150857,4.98891930610457,5.05323568374408,5.0351866832767,5.12311658096193,5.15062478860906,5.16300737856744,5.26109318454852,5.28853369476289,5.3214991046031,5.4327995987314
"13452",10.664340028831,10.6765636117451,10.6991698652729,10.6732253778676,10.656719741927,10.5879392845738,10.6532510489168,10.6052297295674,10.562125765883,10.8949808837797,10.8679684013732,10.8079848761297,10.7359727308141,10.6823883959793,10.7491435887663,10.7230884675826,10.7894005024865,10.8397144633002,10.9543185980493,10.9166163446964,10.9560124414856,11.0777079773974,11.1934842749361,11.1274219049386,11.1842709404796,11.4916440485985,11.7551622732312,11.7443856950504,11.8602072842728,12.0926269881283,12.0477881069451,12.2997003145297,12.1757933517682,12.4875973360381,12.5452809398152,12.507080349505,12.7800181814334,12.8271307920467,12.8755742814552,13.1491452736087
"13551",5.24458187497312,5.2536697839592,5.27484636131862,5.26633697672162,5.25402204554444,5.21891354488413,5.29771041171017,5.29997035224058,5.29440706998504,5.50382294308196,5.44614514079462,5.37490863823259,5.31509744028859,5.27337132737359,5.29161588315343,5.27592074742525,5.29888195720021,5.32375330835871,5.3848394965263,5.38312868048638,5.41048884177591,5.47909488981435,5.58121600903458,5.57343020369919,5.62614621149385,5.83586875583455,6.02724830746275,6.06358797427238,6.15631216418136,6.29571509558157,6.27413491010713,6.42200627598289,6.34443426513222,6.53508761021375,6.55328878058006,6.53123293084066,6.69596058691573,6.71120188862515,6.72145269631047,6.86634926069204
"13571",1.68984600487689,1.68986770756304,1.70072559625159,1.70621716261922,1.71208318556402,1.70833645807818,1.71881846147709,1.70877734790251,1.70930034423687,1.79435584522484,1.79395226297164,1.80806160098456,1.82273816476904,1.83322725691525,1.90032419177482,1.92455509335735,1.98533447124142,2.04484687263599,2.12637448543276,2.18154802127748,2.25905020825386,2.34089294691256,2.45434113655943,2.56025691662202,2.6365263740337,2.69981224598173,2.78386921121334,2.84400242641643,2.88437614158054,2.93486084539046,3.01390495922372,3.0729440076552,3.16954414630089,3.20129169214734,3.27985901803349,3.36792459907568,3.41010017290556,3.50325513113776,3.62782123766061,3.72504846807479
"13591",8.71896242525779,8.73179601217039,8.7697679729731,8.75651418178024,8.74417589347188,8.70299218609971,8.72450692764117,8.65791020068115,8.62266823386407,8.89223365987523,8.87720666796455,9.00026529033051,9.11267674144658,9.09481486199253,9.32593488422104,9.29012120955109,9.43055449562115,9.54005806820898,9.71235465320116,9.73633843874696,9.91060913080363,10.3671981594513,10.7032944705483,10.7306154959586,10.8511682883483,10.8993991880059,10.7681740454866,10.6421927795826,10.5677666274094,10.5551979626808,10.5194731709053,10.6145215723299,10.5967795449401,10.7731988986672,10.8722510192974,10.9355987941534,11.1745823183743,11.2535909766381,11.3716508709146,11.6772613212532
"13611",3.49044137754904,3.49232025378775,3.50762293075292,3.50545343460518,3.50325578311014,3.488995362735,3.50045722100951,3.47380431580955,3.46099787062916,3.57831665490315,3.57094699221269,3.57125906537302,3.57618956193911,3.56911844455518,3.63826557388886,3.63734214516615,3.69134405608611,3.73403274018325,3.80713488386295,3.81376315388678,3.85799383542811,3.92305356348887,3.99490044344835,3.99413283199143,4.04040506725133,4.16103524681718,4.24288195122755,4.26157849246211,4.3164679501344,4.39518228719332,4.40872426106842,4.49815564687227,4.49895124698512,4.58874160098117,4.6263376857086,4.65557348600389,4.74338012648703,4.78511641841446,4.83916503215598,4.9352422303342
"15291",5.30147169827039,5.29819050606653,5.2884735728587,5.27553441673997,5.25799776326247,5.23014326570065,5.22611433891585,5.2087012324894,5.20064630759216,5.28600459661046,5.27826972864738,5.28030702813736,5.276810141628,5.2680959061922,5.29476144423124,5.30370031625021,5.31747895883682,5.32491267535668,5.35891491884748,5.3638146399223,5.37933698221679,5.40446513629633,5.42438864989895,5.41295001593248,5.41633064511729,5.48463846634384,5.55452778391776,5.54219622578654,5.57713595496302,5.65711300015954,5.64057338813611,5.71746248221938,5.69835251391986,5.82032618284394,5.82513441342635,5.82929332244139,5.90895013833308,5.93050147719283,5.95479394794296,6.0467423233646
"15313",4.41556043473419,4.40687222686609,4.39796836724669,4.38735338269267,4.37338395107121,4.35236393477811,4.357570558749,4.34513267455514,4.34213371093102,4.43002933361108,4.43540835141033,4.45125034476541,4.47038483425494,4.48472649830066,4.53979329239657,4.58694299830263,4.63342113150361,4.66029638962648,4.7223977701743,4.7766956619424,4.83133536892849,4.87511460427593,4.91752904224291,4.96206225260763,4.97965911490661,5.03088056184006,5.09580764681851,5.11388372674858,5.14314621267996,5.20018939402139,5.2311708250901,5.27976805618219,5.31741874289541,5.38751326991181,5.43598119758809,5.48143484223509,5.52966912735243,5.56421300569778,5.6169006813019,5.67966389098519
"15393",5.47342599297719,5.46361260236267,5.46087740590127,5.44861798900552,5.4349729815037,5.40417235861302,5.41447528664775,5.39053449110095,5.37169641144828,5.4982649724486,5.50398380920305,5.52845454001057,5.56648424132164,5.59115137186765,5.69760698501389,5.75392391098871,5.8490275246391,5.91066112487378,5.98945849017513,6.06245215619708,6.13945065632597,6.24065979491363,6.32866941839575,6.40241929628176,6.4147005092409,6.3987441338459,6.38731909412533,6.37093440451384,6.37951310997419,6.53409343683634,6.65589115452589,6.89601255061857,6.94811284668637,7.09285954390537,7.15073856486275,7.18439947870634,7.14231021801237,7.08131145530307,7.0148652926687,6.95944850336621
"15431",14.2736004501892,14.2527642306131,14.2519691408511,14.2117432607812,14.1820550122536,14.0935639183466,14.103295805523,14.0350150957196,13.9767887299589,14.2556011848478,14.253570989929,14.2542239755679,14.2597953838267,14.2482554726606,14.3969814767617,14.4004972601438,14.5174472960802,14.5877095029718,14.7313994932102,14.7148859105625,14.7648183940986,14.8691361443236,14.9350772270423,14.8702717896896,14.8809440126436,15.0714705508969,15.2687409601546,15.259065579757,15.3550031394784,15.5843005596755,15.5522753199305,15.781632852684,15.6703354235915,15.9518574281399,16.0280443871659,16.029984446355,16.3122837882868,16.3767072360243,16.465435197627,16.8021864431523
"15474",6.6519164150456,6.67290501427514,6.68265541839988,6.64737481534025,6.62656579348182,6.57898172120882,6.56931704167727,6.50583204101161,6.4635432790197,6.57237519351004,6.58671011022193,6.59338359251657,6.587220449307,6.56334975456041,6.63457314958128,6.61795950245529,6.6858345696803,6.74387323651651,6.84584467974247,6.81048564547071,6.83933850586718,6.9829534850699,7.08292068933168,6.99511858765342,7.01975465602686,7.21195130597115,7.37172807833702,7.36490071457507,7.43677448565015,7.58570667059823,7.55798253382298,7.71444779787885,7.6324230112914,7.82058504087491,7.85895438770305,7.84186754326545,8.01421025834527,8.05129672315002,8.08574837907421,8.25188761895076
"15551",3.95149174347428,3.95523400877484,3.97145471605481,3.96398216648976,3.96426965564002,3.93988043107183,3.95134410874516,3.91990782866325,3.9043756596953,4.05127817689073,4.03605796898883,4.06923131424698,4.09411326437323,4.07842382565726,4.16696905299953,4.14212519448883,4.20015022030853,4.24754864421887,4.31862278760634,4.30607848154198,4.34345488762092,4.3809163238669,4.40136384944181,4.37331061386553,4.38060764844918,4.46062084641929,4.5409997744903,4.55327868868771,4.6023681475575,4.69442455991184,4.69353187079236,4.80307044928782,4.77104442293391,4.92485879375329,4.96236238631434,4.96255173381403,5.08678318169087,5.09747609374525,5.11032204155262,5.21663931878223
"15591",6.12492389715234,6.13539764840299,6.16201098802692,6.14821369922141,6.1427802871069,6.10541504768459,6.11367992367383,6.06555264645225,6.03815517652428,6.22795483753393,6.21336685941386,6.22580821102436,6.2390112158742,6.2103285645692,6.31681132180346,6.27169263979977,6.34148569473569,6.39376204097222,6.48144781167051,6.44827078633838,6.4987740469079,6.63502675712397,6.74277548367688,6.64425483593224,6.66716002124753,6.82356206247744,6.9000115646094,6.87930002410299,6.91078461873026,6.98662177881746,6.97685992649792,7.11515715324391,7.10953593257356,7.28818895242658,7.37201514444577,7.41665643190314,7.60797292862631,7.6676336360422,7.72979815301298,7.9232247494519
"15611",2.8664090143681,2.86865285795413,2.88363398685863,2.88351630748387,2.88727364550265,2.87503313773663,2.88221395648143,2.85742786841637,2.84311715665026,2.93772218734984,2.92717941852138,2.92501254512389,2.92696724572164,2.91720542382873,2.96873878328724,2.95646821605359,2.99480391719655,3.02334631140238,3.07041259599584,3.06340064970535,3.08376157630468,3.12685372574289,3.17306485856885,3.14840560224258,3.17236654825315,3.27211544638149,3.33046880220359,3.3311975388094,3.36949578271556,3.43150769886442,3.42547841724833,3.5068638467454,3.47764953959952,3.56890728658479,3.58223940205884,3.58079539693005,3.65868766569227,3.67008187356746,3.68651121147274,3.76064906988886
"15631",0.511728186589376,0.512745375296033,0.514584926855754,0.512898168338676,0.511752665421847,0.508491125526173,0.508555212423603,0.504205645497162,0.501236695123858,0.51385792693042,0.512650916135529,0.516658329674704,0.53055569259272,0.547694512948737,0.604783305122781,0.62190792001854,0.685358150042592,0.758026426366746,0.83606468876745,0.899387137935832,1.01428102346644,1.14238110213675,1.28662119171289,1.4885817483295,1.6385789657234,1.74303201504192,1.9629518497632,2.17000356554427,2.2894966417787,2.430858188681,2.63113190648224,2.75059598815474,3.00699662277616,3.0607400430186,3.26488565617915,3.49192842425401,3.553587237131,3.73487745134504,3.94785289846546,4.0288778978144
"17171",4.15820149344526,4.15009379970039,4.13438767780624,4.12393085999856,4.11220056859586,4.10010592313392,4.10556489848618,4.09703608445362,4.0973350727635,4.14846999649989,4.1520689026039,4.16986735675271,4.20439684088524,4.2355149068462,4.29179457268115,4.34825454216368,4.39558702046183,4.41549964157169,4.43715923713435,4.47138311159028,4.51154824924843,4.54117959273919,4.52491042878095,4.50365863356947,4.47473369522726,4.44809118433898,4.42999611490681,4.41183467427178,4.40834312331942,4.43188859657873,4.43500543050147,4.46207491876465,4.46801143765277,4.51982602942231,4.53030899191036,4.54510218274301,4.58990896551045,4.6207824238569,4.65568463382113,4.73316969695266
"17252",3.4366763698073,3.43191226109137,3.42639164489427,3.42203757516577,3.410372798241,3.39814716995566,3.40653057038606,3.39927163822272,3.40050060060462,3.47482522988966,3.4833046665418,3.51101027172963,3.55434456981649,3.5877926427465,3.66752599539641,3.73865196853561,3.79281376761919,3.83696641082535,3.90149577784126,3.96502028712437,4.03763003995704,4.11913007204636,4.14929612724783,4.18547165302103,4.18798674168677,4.26955535272025,4.42263272770654,4.51806634680803,4.59104551439402,4.63822573456081,4.67348793222564,4.63573392895169,4.62282359435099,4.56593588496737,4.54219914740436,4.51709876115495,4.48869051406617,4.47471540053667,4.47243621856009,4.48800113785333
"17292",5.42725927024966,5.42471158975899,5.41362155187896,5.40553228847531,5.38419207016317,5.35735284241358,5.35643851139258,5.33651039681275,5.32302254976418,5.38142966551461,5.37517262988307,5.36384205179033,5.3889287292242,5.40082545822607,5.46952848578565,5.51397543581597,5.56314274860789,5.59364613966621,5.6503227010723,5.68695767453286,5.7284461246882,5.77156063287006,5.75775204422608,5.73290295245425,5.69833619162276,5.68065835357478,5.68550625616384,5.66793137285535,5.67609101959266,5.72523171585504,5.71767199594053,5.77406090224905,5.76418732242463,5.86393513438406,5.88681434678886,5.91123533543271,6.00184032774424,6.03324152992041,6.06721956150074,6.17441083213155
"17312",4.74251961794442,4.73569702164191,4.72486856477795,4.7179000074358,4.70087320524961,4.67966576201747,4.67906411856761,4.66358619903455,4.65375089825516,4.70403564892252,4.70339942047646,4.6972189354387,4.70538640773075,4.70568808750044,4.74013282490892,4.76256486989097,4.7857158641414,4.79802191672087,4.83423211270291,4.84761355540455,4.87065811888032,4.88704612926972,4.90707363342715,4.91343355364645,4.9209646944989,4.97520129417863,5.02555376540329,5.01501237620948,5.02494244897676,5.05725461798148,5.04541179260198,5.08223581905784,5.07267290981348,5.1473355320932,5.16294468629079,5.17502191649336,5.23575048244063,5.25619958118356,5.28480393655971,5.36880611139614
"17351",0.926379304221578,0.9228242820209,0.92047388061967,0.918577742908018,0.917262789891312,0.913468051415301,0.918318951345439,0.918200915330737,0.922030144538238,0.961520983264466,0.970546298030313,0.99047094272015,1.012954450497,1.04464337145905,1.09256011627632,1.15256908237904,1.21266885745341,1.26592765790353,1.34439999912562,1.45423615895411,1.55406556923733,1.64818346042488,1.767433881118,1.93669892109841,2.02374543472502,2.08848022060158,2.20229279987786,2.35076682128871,2.44071626668514,2.52232463272465,2.69877612948022,2.75593786610068,2.9750816931626,2.98508160538276,3.1737326067422,3.36937895164986,3.42899026842377,3.5559360168864,3.6904178994816,3.77058711898928
"17374",8.65044690751922,8.63935280131342,8.64324477341189,8.61997928753358,8.59623149132906,8.54392852793175,8.55428754341694,8.51869415807037,8.4914298259833,8.65233770187666,8.6360983432782,8.63745611139643,8.63322005156458,8.62181247785891,8.68495101464275,8.69292344280854,8.73367748683867,8.75024646654293,8.80963678466033,8.79363359765108,8.80581944887448,8.84458114516862,8.86012172336145,8.8132697338386,8.80447982497868,8.8950893852261,9.03278131253844,9.05867198669679,9.13605658198525,9.30337228533331,9.31912079728171,9.48022052328067,9.46428963366272,9.70307160251892,9.77834637385138,9.83654329096794,10.0440466916418,10.1032132486266,10.1729641047428,10.3871161845932
"17391",8.82761164593397,8.8143219457408,8.81028415508352,8.78718742126174,8.76555229652339,8.71708838097092,8.72623309988606,8.68841581953128,8.65728188690912,8.81024823105491,8.81036802999593,8.83624460211855,8.90947290231646,8.95264511366354,9.11194458329024,9.19100890065286,9.32450364825263,9.40372137922586,9.5184969989266,9.59653766691826,9.67637724628396,9.72440946728616,9.67856554079104,9.62149749756156,9.56992082859953,9.5714746813152,9.61706984362054,9.60677232545037,9.64030506144469,9.74852497756156,9.74578983203197,9.87460459103086,9.84845261367655,10.0794388422894,10.1347490448834,10.1512527328441,10.2976342617056,10.3002958258989,10.3212210483924,10.4786809859015
"17411",6.78200411217769,6.76942825667354,6.7598157390204,6.74394995204043,6.72766324740086,6.69715277552621,6.69864977228785,6.67784595594352,6.65907288085428,6.75734371615829,6.76406161216802,6.76195856185609,6.77276233597443,6.79178710807091,6.85182117899058,6.88231565713379,6.9340551321101,6.96336607490596,7.02515348542682,7.04761828789278,7.08358869809936,7.1632325220897,7.18973848322138,7.18020148457084,7.18360590915011,7.28992084206746,7.43877569944274,7.4759509267313,7.57972244726441,7.73395568112522,7.72881369693706,7.80030590110291,7.77100773815044,7.78131361561601,7.75645607407242,7.72916324952078,7.74786840638452,7.75595634722263,7.79080052085769,7.90437903678511
"17491",1.44555086166395,1.43970033133801,1.44372302501433,1.44625900985123,1.45252906759786,1.45075130091135,1.46700012426272,1.45917333092773,1.46124605032,1.53950140733894,1.54397632838977,1.55373484975069,1.5698506632946,1.5860346456522,1.63474902873431,1.67143058159115,1.71880171939626,1.76545121537445,1.82395751967388,1.8819241966546,1.94433683780006,1.99712982187735,2.07045113569902,2.14889239789029,2.1899439047888,2.2189116514806,2.27216639649413,2.31246570105226,2.33420427755446,2.35247131291101,2.39794942207863,2.42624760901672,2.48215861628648,2.49722180501403,2.54650535291093,2.59791005309751,2.61507758916109,2.64794470782213,2.69505908305345,2.73164154981831
"17531",4.55248161139346,4.55415860760715,4.57027165908226,4.55490236829767,4.55193763301831,4.52435186866155,4.53467956632891,4.49480449816571,4.46577827086282,4.60643935504018,4.5967464963799,4.59316884709408,4.62005163639532,4.60792314328425,4.68385571949255,4.66410027465986,4.72257918293398,4.76980130474844,4.84466072296329,4.82519294461466,4.84716870900684,4.89096134780721,4.92970467685992,4.90135260820595,4.93494825137193,5.09303179087474,5.20199883946876,5.19470425128197,5.23541566756436,5.31824186978331,5.30161563819717,5.40671335733461,5.37151322172982,5.52266343346,5.54052571701473,5.52779470168454,5.64214026248614,5.67527836966238,5.71719928586726,5.85009283242676
"17551",5.65488349554499,5.65805806748822,5.6731038125864,5.64925294710688,5.63997574875268,5.60067519889388,5.60672824518741,5.561367626501,5.53218948318144,5.69618523003892,5.67454550426491,5.69266364876293,5.72452606302183,5.70608400587281,5.80120965806831,5.7500328319253,5.80984764873246,5.85985782358532,5.93664308516668,5.90236179183106,5.94511149195561,5.98981869472194,5.99971097823384,5.94130715128477,5.944240944771,6.06598703973985,6.2111576371145,6.24580815219001,6.3214795011388,6.45696539896311,6.46738591104461,6.61781613332692,6.57443663945953,6.76478945908247,6.81270216495087,6.8232545973295,6.99576554051286,7.03201459546295,7.06586550986335,7.2255145199459
"17571",4.84766302275745,4.84664022929604,4.86092167090776,4.84622556337653,4.84307091930687,4.81099182945216,4.8159800813491,4.77404715558355,4.74878952689694,4.89311792294765,4.86774575364579,4.85629854550942,4.8519656688746,4.8294410558863,4.89408297413304,4.85582011998665,4.90011816073964,4.94131769136428,5.01008826608139,4.98198827566535,5.00113122068198,5.06936577327717,5.13115392560978,5.07247562387006,5.10557977743597,5.28027063383397,5.38815637469459,5.38648101098278,5.44854346421238,5.5623806571428,5.54417825468284,5.67464983766545,5.60503183667494,5.77204440824306,5.78171013029433,5.76304697238766,5.90082338442873,5.91491331272489,5.93010874477337,6.05702773075748
"17611",2.9741792515025,2.97617901708031,2.98733461513568,2.98097607537415,2.97940530542847,2.96255064954509,3.0022784352743,2.99710835468666,2.98988324995304,3.09962558550627,3.05842121763005,3.01956353071618,2.98893971528516,2.96737238340234,2.9793327513812,2.97164453497156,2.99504765442852,3.01729132855025,3.06265463353372,3.06454625937939,3.08977016832883,3.14436581148834,3.19715812937361,3.16266276775526,3.19306077011408,3.33193869450822,3.39918057640186,3.38453893828827,3.41397987045411,3.46439292317148,3.44523988181284,3.51637155147764,3.48064408368199,3.578855089433,3.592044713134,3.58614909422078,3.67954642659557,3.68865489338063,3.69744219909666,3.77812974801276
"19191",1.70809001252611,1.70286460016783,1.69680475522802,1.69255056312145,1.68868832958623,1.68333197472328,1.69004761705712,1.68823622144047,1.69179749242541,1.72934269288215,1.73523138358654,1.75220311340966,1.77400456669705,1.79951765923861,1.84303581579735,1.88943857312268,1.93809232977998,1.98367244204742,2.03799914091789,2.11233792291178,2.20688270965007,2.29557696152036,2.36957486905086,2.47732803454641,2.52769925631431,2.581695001537,2.698588167243,2.80895255480094,2.85843713366599,2.89421017073867,3.01762694641464,3.03301441877145,3.13880624130276,3.14911236119669,3.28899537948986,3.42100519808383,3.4596991445427,3.51281737948371,3.57506264009145,3.58951046321443
"19271",6.13502463955142,6.1338064918534,6.12524452847226,6.11655457031049,6.09206559440058,6.06682135933247,6.07301256523945,6.05498223115354,6.04490959122056,6.13526364669161,6.1376672908496,6.15225676734452,6.17650231069042,6.18560579029038,6.24426580058782,6.28231992342101,6.31669751846346,6.346649396572,6.40698224575141,6.43704599322129,6.49166534012996,6.54430608560953,6.5848198202599,6.61452728308267,6.62944911024295,6.70293962587242,6.79191164675288,6.79749141381738,6.83903714349759,6.92463351976304,6.93568284055806,7.015990246499,7.03314846643745,7.14974914609433,7.18180980324161,7.22019640818795,7.29829087319539,7.33396539832114,7.3825958796692,7.47805749616814
"19293",3.26147486921733,3.25473965997378,3.24634426416387,3.24011893845797,3.22650800871557,3.21153566329492,3.21756002116199,3.20914687861016,3.20583081178201,3.25455739386384,3.25863941241324,3.26268004192847,3.27544675721097,3.28435771540684,3.31500585183992,3.34055098321506,3.36185557414251,3.37694574645283,3.40783214111584,3.43048448310538,3.4583539642116,3.52130137381834,3.60565169215324,3.67673105556502,3.72448994457755,3.75865194402189,3.75045182777633,3.73214574142609,3.71321404290627,3.70466378726623,3.70012504936558,3.70685732704018,3.70601860023574,3.73130567105003,3.74317114695936,3.75757588503822,3.79380254065784,3.80845060704018,3.83383340191736,3.88894938776563
"19331",2.85255436071232,2.84679849852049,2.84097985020891,2.83670423274037,2.82712434826844,2.81389612091802,2.81385631577037,2.8041793278876,2.7957822199533,2.82925408756396,2.8288706344016,2.82896472369192,2.83233760129566,2.83164705406737,2.8513650834202,2.86304759537097,2.8749187028792,2.88241169311099,2.90464137402225,2.91030164264081,2.92189408030136,2.93633186327645,2.94981045715923,2.95031705493752,2.95519441532595,2.98809788695536,3.02060686957281,3.01822567903046,3.03495589220819,3.07266385837169,3.06860158929289,3.10656919330259,3.09940526765065,3.15886059993952,3.16925228119483,3.17784469434092,3.21914458457409,3.22968988839451,3.24793797729745,3.29879641039478
"19393",2.11202735011696,2.10597686947578,2.10466842333632,2.10031672692741,2.09622682658008,2.0853264135789,2.09197002386366,2.08370122445798,2.07982263401587,2.13335754485086,2.1394717695978,2.14674684460761,2.1569826718968,2.17311463489385,2.20829806206164,2.23763916964229,2.27620321387042,2.30577476401757,2.35268883548784,2.39246568236654,2.43647492915657,2.49177022028214,2.55917306748803,2.62436239028437,2.66269402563933,2.70521190430168,2.76197667605806,2.83255415178237,2.9587427605573,3.148395528573,3.31855775151298,3.47439177716685,3.69312039534965,3.80723813797534,3.91239897463377,3.91207002382235,3.81701075807351,3.76174368192438,3.70853008302992,3.61863931370505
"19494",11.3895672052315,11.3873639841622,11.4101228335643,11.3577424336289,11.3226147341759,11.2453285206891,11.3791570246114,11.3770210139993,11.361115873877,11.7733015145451,11.6923322107364,11.5708048471421,11.460811848767,11.3603502937403,11.299726763873,11.228888679939,11.220438797324,11.2445912880579,11.3456510387915,11.3726501732056,11.4532139928211,11.6219143727774,11.8185464952416,11.8252539999171,11.9202055233567,12.2776421573061,12.7172013785349,12.8437513170788,13.029633675483,13.3295690366356,13.3763755257965,13.6775624623016,13.6123330816968,13.9518268723704,14.0681622632556,14.1119707156461,14.435589100118,14.5555451481309,14.6514673384265,14.9519921086508
"19511",1.52644472995132,1.51944357712657,1.52396134879844,1.52627726780656,1.53311750153693,1.53189330079441,1.54830023390707,1.53713029559196,1.53671910698676,1.6144374003697,1.61755845199862,1.62579149828514,1.64298566469594,1.66012949501963,1.71104068165281,1.74587207885821,1.79623786796189,1.84496763216261,1.90624854187661,1.96205894469073,2.02747646863101,2.08413831623397,2.16489279610876,2.24756565213089,2.29210189352453,2.32267909979089,2.3800581061669,2.41913050480465,2.44494040800429,2.47260322594648,2.52444183964778,2.56272085378415,2.63204856149669,2.65678133115193,2.72033009442931,2.78313830634177,2.80531141664665,2.84386916216139,2.89714096347988,2.93078291027449
"19531",7.4487613929544,7.45726128335811,7.4707596951943,7.42242410120204,7.38586608811483,7.32872482279237,7.30752877048548,7.24068932860802,7.18928562581275,7.26483081116334,7.26415749584663,7.25944753843204,7.2655457640566,7.25431542614054,7.31672899366022,7.30932919173338,7.37671521915344,7.44043856112119,7.55625418416332,7.56649942663794,7.68112810126323,7.79630154415117,7.91686457452341,7.90170502952127,7.97877553828363,8.26429531640911,8.55166424928784,8.61767324545631,8.73564957200931,8.93178801485423,8.92731455001723,9.11260850273014,9.00778207739518,9.23509601310468,9.23630987009036,9.19523309425359,9.37936226844029,9.40111858020302,9.40308329636492,9.5572516548104
"19553",0.831698667920975,0.82626328395516,0.829271504711564,0.834340704646062,0.844084883172338,0.848540720070915,0.868145583388954,0.874897140021213,0.90010766695474,0.994099641738775,1.01293209492062,1.05522994004881,1.11528033235971,1.17612742374645,1.28089111515909,1.39175800881366,1.51417391664135,1.63913860613526,1.79997903594878,2.00152704030218,2.21541244588144,2.35073483808721,2.58926973654477,2.87822584774361,2.99915145537517,3.03795779060283,3.27483640345532,3.4549915008183,3.5531454727481,3.6518407107027,3.8708789511239,3.95954445201379,4.25156908828098,4.26498528086275,4.50972795327985,4.75756368783504,4.79381701423962,4.95025189802216,5.15765917997458,5.25043823434452
"19573",3.80797118261433,3.80709944901784,3.8157363921511,3.80029306430306,3.79319791817246,3.76767038973347,3.767204999069,3.73492955864447,3.71394770303727,3.81429009968027,3.80037499695191,3.79592477446793,3.7960516274095,3.78293278099972,3.83641289405034,3.81617701152982,3.8600665061467,3.89995114757588,3.96220649567473,3.94273838221411,3.96803371348111,4.11261532091521,4.20036664742298,4.12008849667974,4.13057231119591,4.2013818070605,4.23206050451439,4.22390094583011,4.26245149155443,4.35126081655437,4.35464812754151,4.43240289469453,4.37924128268048,4.44526320246644,4.45920496768491,4.46556229523036,4.55836079608676,4.59910820781886,4.64453653299464,4.75814982843704
"19592",7.21148065613808,7.21712279671895,7.24092007372255,7.21697768305078,7.2088570160633,7.1578423125142,7.15454886137167,7.07954441805274,7.03731643654216,7.24757632256756,7.21753489384017,7.28555978323069,7.35827020212361,7.33180988802383,7.46912645437413,7.38481615218084,7.4713941492775,7.5312851250173,7.62581800904206,7.57981551260313,7.57560536165527,7.63181878781006,7.70018316142023,7.62699035000589,7.63096812541103,7.76876390719657,7.91602093058218,7.96686070547854,8.09848750089443,8.30265058051664,8.29305597961312,8.4366085370631,8.31151235040762,8.4048633731718,8.40788804360402,8.42261748954728,8.59247686995553,8.66833549340853,8.76360449762164,8.99746675122311
"19611",6.06781823245125,6.0816823200601,6.09751004151725,6.06398938352746,6.04184244060954,5.9894753569137,5.95422922090035,5.88419980851613,5.8411580334983,5.94620232334146,5.94954108461117,5.97507538711673,5.99331523186757,5.98263452120976,6.05896422795338,6.03122167201888,6.10161059250112,6.15550954798121,6.24846086931391,6.2371559615437,6.26137171668025,6.3622952615062,6.46153784387993,6.4085357933834,6.44479615881022,6.66460275574773,6.85739235384969,6.90066158089246,6.9917670605711,7.13598002365795,7.14224572931679,7.29982681631503,7.24883910161358,7.432035779628,7.45463177273868,7.44245678150242,7.663645856189,7.72439186986177,7.73203579411091,7.85864572069277
"19653",4.62013548065162,4.61873405655532,4.62819988519711,4.61556485556041,4.60757833315253,4.58301941303154,4.58329116811587,4.54587473167707,4.51888459152791,4.63435067363537,4.63550715977358,4.62241338238243,4.61967463088497,4.61634065851048,4.679684081167,4.66881402876455,4.71565269059263,4.75679610768334,4.81956092274269,4.81931433261211,4.85615792556917,4.91584981000364,5.00801648208881,4.9912291235381,5.02380168420457,5.12084794650848,5.19075375844869,5.19398096664572,5.23330487458702,5.30392304249964,5.31616880313762,5.43337745193947,5.4132212047943,5.49615864595239,5.51251571378963,5.51343540194525,5.57995977722521,5.59530400896379,5.62573052139242,5.70443491003688
"21211",2.31759152766291,2.31339094164864,2.30766415532998,2.3026792165351,2.29725162640687,2.28853912274941,2.29087765149579,2.28495070678748,2.28447849550512,2.31883400027493,2.32163778991356,2.33349146091473,2.34718888800863,2.36387012879093,2.39570903660314,2.42380276413863,2.45852113825453,2.4912166630553,2.53248399901221,2.57666240895478,2.64171510080472,2.70727567857608,2.7795841654016,2.87376653349144,2.92373103121507,2.96421493697818,3.01609284844738,3.05650294388464,3.08059049158733,3.10735237044894,3.17657236073903,3.20127022831681,3.2696755989366,3.29387458309562,3.36310135482369,3.4279051000684,3.44637792827322,3.48350857276046,3.54170052651076,3.57778298852168
"21251",4.91463390898338,4.90759967034177,4.90368260351612,4.89272694521808,4.87414763943541,4.85402147370005,4.85551003977122,4.83826453524758,4.8278390276186,4.88135576652231,4.87835859042685,4.88225646795092,4.89388005461685,4.89367276665679,4.93128830095676,4.94782524956495,4.9748857022894,4.99512662204639,5.03666920802199,5.04282475541963,5.07396689565144,5.10635120097019,5.12159771173281,5.11637518671795,5.11743639801696,5.17004269296423,5.23526166533304,5.23029099621081,5.26109828045065,5.33417165843762,5.31960235264153,5.37710797609195,5.36698557321888,5.46292469501551,5.47404989983499,5.49225315632112,5.56346265432863,5.5857835794474,5.61041661862078,5.6978992794159
"21291",5.81737576052413,5.80376251795454,5.79476044912645,5.78695963640309,5.76223532745205,5.7388023024243,5.74484713035755,5.73508184234272,5.72887573074935,5.79746972007098,5.80348765436695,5.8051782435729,5.82311178291842,5.83268247567376,5.87616844522919,5.90630869306695,5.93424675502367,5.9540741063606,6.00017236249608,6.02355212935548,6.06319499969125,6.1030113311322,6.13120949691394,6.15023455696152,6.15982296076258,6.21911089728784,6.28214407806206,6.28352355052679,6.31545626508847,6.38790540115088,6.39325507837859,6.4610406040034,6.4679278633823,6.56920179027786,6.59451956218058,6.62540133480626,6.69571465683671,6.7201713628782,6.75925776893828,6.84508225534264
"21332",3.08118065657126,3.07244426326142,3.0714644529226,3.06155564412085,3.05140642051507,3.03595050747419,3.04412100632635,3.02529258722831,3.01266980270495,3.07630943474143,3.06956396539203,3.07377705792301,3.07550394436705,3.07129675007725,3.1112804158495,3.12492121613402,3.15908124502743,3.18956828163672,3.2436676639631,3.2580360116347,3.29620764299146,3.35088584707651,3.4067079135083,3.44198459550803,3.48194921377712,3.55435502054489,3.61302787501461,3.63675029830053,3.6690738185748,3.71445461221851,3.74500383482952,3.78956615913016,3.82939742739291,3.88137045759254,3.92491762995351,3.96973111881291,4.02315951069611,4.0690180402491,4.13350515956759,4.20846266690952
"21411",4.38185340334426,4.3686853028207,4.36276501369999,4.35222302299514,4.33649240740194,4.31515816706997,4.32182793516687,4.29959626815175,4.28499785219809,4.36275451382971,4.3645453707521,4.36525767736456,4.37186493901601,4.38183126515033,4.42094472352459,4.43702512988372,4.47446834597479,4.49780715116797,4.54593150514909,4.56001585267431,4.58987995898414,4.62555223607616,4.65947334968388,4.66205144238623,4.67204665868537,4.72003902718263,4.76740201416476,4.76238533198376,4.78642088397128,4.84376245888599,4.84368912008761,4.90160943487248,4.88799759364686,4.97300058486654,4.99410103847914,5.01331843133869,5.08456694934298,5.10516982475775,5.14325288280518,5.24024272654363
"21431",2.64560453995337,2.6372532873117,2.62816692276796,2.62382967706144,2.61254664722736,2.60415840500554,2.60368686212911,2.60032248747572,2.59691643804158,2.6312056998224,2.63748994520136,2.63961008906073,2.64813473905075,2.6643355366965,2.68527142140223,2.70369095174066,2.71547503999732,2.72589164371472,2.74529019644608,2.76152216098464,2.76722116870026,2.79086899860182,2.80027397308871,2.80676374840036,2.79747691317617,2.78735417790134,2.78881450135265,2.7823930389961,2.78770740518354,2.80808819278132,2.80822947954427,2.84129961451156,2.83418812372971,2.87848728850585,2.88683366252831,2.89581853280323,2.93382372041597,2.94434707416992,2.96144841052159,3.00946814297204
"21511",3.39931019686463,3.39303468777046,3.4001560741232,3.38547782823615,3.3752629516846,3.35512835221745,3.36121251901092,3.33170538113929,3.31214496175251,3.39651471396465,3.39144320218863,3.38842258165435,3.3843263863229,3.37386558990105,3.41220862480099,3.40151787332788,3.43228492292376,3.45892810941786,3.50640865474406,3.49092767206772,3.51339107018858,3.55887563302133,3.58617480095465,3.55332316465385,3.5721752981871,3.67328794126811,3.74645943508873,3.74068427679871,3.77940406704542,3.86075618946236,3.85698934659006,3.94039846593667,3.89252560517838,3.99838758254468,4.00326734267368,3.99676813780819,4.07791910225247,4.10116712189494,4.12800091947062,4.22098647708917
"21531",4.27277716056667,4.26481442570639,4.27238872138523,4.25386922951749,4.24012043045011,4.21447020065876,4.22037296696664,4.1836451082685,4.15620715638476,4.26530265456653,4.25346279825404,4.25318944685796,4.25922467553759,4.24826882847395,4.30146636131633,4.28408152864623,4.32407941976069,4.35127490390393,4.40585062693515,4.38550990381608,4.40844565256043,4.45234832514761,4.48160908059512,4.44134036373109,4.45827573624295,4.57164987984386,4.66222106963442,4.66470126188618,4.72186089284961,4.83418833383993,4.8367545126383,4.95223072715058,4.88552384951962,5.00507568194293,4.99361456504993,4.97792916390064,5.08119169275591,5.10658615077042,5.12913193186599,5.24028923110592
"21551",0.501247512632348,0.496896732659019,0.49750919127243,0.500483724722349,0.50680735070247,0.511825417346362,0.524454311355786,0.528938756012414,0.543382821702971,0.596921335433755,0.613823959684128,0.651357523367571,0.700836723450524,0.754923231856377,0.838739648489705,0.929789137527401,1.03600583570639,1.15045200708657,1.28705324616539,1.45872184318517,1.66031971121122,1.81654930828978,2.09010581734373,2.4376382850221,2.6052735228914,2.70825005110568,2.99184959189338,3.15084564466672,3.20830890014897,3.21804746630052,3.29022480724171,3.25743692211622,3.38028232425749,3.32224855526619,3.42815688113526,3.53902709239997,3.52261191164001,3.58966170692554,3.69007755332377,3.7039436338245
"21571",1.4334506967286,1.43066276939783,1.43547972971647,1.4323876975479,1.43240660895876,1.42685108533794,1.43047665998081,1.41764014348886,1.41089789902342,1.46261921822233,1.45971337303297,1.46851491515358,1.48212782534504,1.49176305554673,1.54063934217452,1.5588264764292,1.61727829044475,1.67810481119011,1.75808678020226,1.80439880142663,1.89235051398135,1.98402758786848,2.09783279351383,2.21581023225867,2.30807151368371,2.44038377175542,2.6443930538306,2.80604503165728,2.952031998948,3.10769684475956,3.28771519950401,3.39238500003191,3.57960870143099,3.60607727400011,3.72834460502503,3.82203284216361,3.79694411476512,3.80452751176778,3.79193537485996,3.68612000893958
"21594",5.12343475993936,5.12497197332542,5.14121358710687,5.120714063431,5.10794831343369,5.07350665667439,5.08156670328672,5.03278824717043,5.00016999743452,5.15226529209455,5.11769610716433,5.11299295752354,5.10321330429196,5.07754648221068,5.12967036575675,5.09961510622604,5.1468383598658,5.18268733583147,5.24935335009612,5.22642595488361,5.25463193159263,5.30586170617981,5.36253654363365,5.3160781807387,5.35375880046346,5.53712266348474,5.63743907592198,5.63432916198544,5.69570736411742,5.81754853020845,5.84089498467915,6.05034298788451,6.04633272635518,6.33373935720127,6.30590267764155,6.18515487910752,6.20476132456,6.10115922501465,6.050016249094,6.14878596119931
"21611",5.20735585724555,5.21208608479831,5.22832275371848,5.20637944101023,5.19232453286166,5.15335046099391,5.14682259243805,5.08965435144076,5.05389325542817,5.19860827973836,5.1760315301146,5.18260130505603,5.18117976519435,5.15709377444691,5.21870229856621,5.18318087925307,5.24226441019333,5.28722296755414,5.36424403527376,5.33576729750426,5.34783040047374,5.4232261230147,5.49770287035614,5.4256934430266,5.456106591873,5.65551426653685,5.76112606118085,5.74899052787126,5.81229923882405,5.9232456512143,5.9145197470911,6.051960885333,5.98152347558634,6.15166999854381,6.15449172689573,6.12995430944633,6.27699643361018,6.28091207986302,6.28549718975713,6.41867740311924
"23191",3.93740342459777,3.9285699379646,3.91972526967369,3.91403884811126,3.90323174419004,3.89030212180338,3.87658483872528,3.87833681367452,3.8919221027312,3.95865522113398,3.98194029348236,4.01716622776387,4.03137893961633,4.03987273278489,4.03294559298621,4.03240207286704,4.02533024216568,4.02204388982969,4.02578734220176,4.03335812840177,4.05762173620038,4.1675947919571,4.27387888820843,4.32243817272719,4.37842486690986,4.40285304883085,4.38224114557506,4.35336397938813,4.33145423937117,4.32781263779518,4.33188528570849,4.36323126578636,4.36949839865075,4.39744855686443,4.39540409394272,4.3972348420067,4.4217530502587,4.43798908776378,4.46048001678115,4.51816809693471
"23211",0.374614359897445,0.373680973938953,0.37293904044932,0.37212559984594,0.371160050253064,0.369806948236329,0.369746247317926,0.370460276277625,0.377054518923261,0.404861002190137,0.416764912807027,0.444325702039761,0.474930091010539,0.515028708230349,0.567785565250075,0.636392108723425,0.704718408913159,0.784658496085905,0.870186176372178,0.988073859893936,1.13234150496293,1.28329230135096,1.42398177246031,1.61844896070277,1.7080796389053,1.77856168325491,1.95505515437943,2.14330225733419,2.25432193633592,2.34432325999634,2.60184831757477,2.66375201456536,2.88709315784163,2.91759968800456,3.17099150155153,3.40863290948105,3.47110991735188,3.58834531634038,3.76749942660334,3.87614639990607
"23331",4.95472958778474,4.94365863648265,4.94738311715047,4.92543523261006,4.90674080319897,4.88070464146656,4.89094896402984,4.85670017309374,4.83421010935588,4.93154771412568,4.9146772797994,4.91807736959065,4.9099488788158,4.88901492832891,4.92960775265034,4.92511408220278,4.95676220264282,4.9768888658165,5.03107603299819,5.01569099965074,5.0381070122077,5.07871868948107,5.10570718082493,5.07624874029655,5.09148603258289,5.18979436382449,5.26399146909811,5.24165517172946,5.27416508322895,5.36101327880168,5.34284376445916,5.45012851727796,5.44437773778763,5.67394708281283,5.6998412696077,5.68999870927391,5.72064803128525,5.66335221237497,5.64369791878767,5.70113870516069
"23411",7.01321682773625,6.99288214241708,6.99162921814632,6.97514295109754,6.95061881280736,6.91524558729826,6.93102709280668,6.90441265155864,6.89570482260935,7.07875638796102,7.0824697808345,7.09101038859406,7.082748186217,7.07546111931574,7.08429830782431,7.07449441170661,7.08627849196502,7.08979668966836,7.13214871455112,7.11998964406079,7.13235293317675,7.18338196182691,7.24580275803204,7.20832124563399,7.2133787424087,7.31019020142246,7.40933049246605,7.39280512231814,7.44415030636892,7.58469306342938,7.59697135712169,7.78386803828715,7.71717091647507,7.90180579699301,7.84050517756909,7.78043120834832,7.80174261076606,7.79396453412943,7.82054251519092,7.95352351121445
"23431",4.33625845437009,4.32438456806605,4.32251321264721,4.309313479958,4.29473053945774,4.27396696316318,4.28255437551675,4.25803516746704,4.24265604323606,4.33483348524156,4.33023230570215,4.33645410537352,4.34409785289765,4.34755966231819,4.39138351373327,4.40492386809498,4.439783540895,4.46824136002128,4.52044720265135,4.52463157720664,4.54544821804235,4.59014696265336,4.63913649475683,4.64338572709913,4.66191287243405,4.71404500148859,4.74593097205876,4.72821257635295,4.73059705412764,4.75716484769972,4.75248628673436,4.80033191876346,4.78696793623664,4.86209871621743,4.87536183155546,4.88885881018673,4.95741947986231,4.97623058697941,5.00406352932535,5.09718025308931
"23511",0.517074632195079,0.512431727253044,0.513127619080787,0.515438553037276,0.52053520773486,0.524132518869908,0.53618789031099,0.53599618277437,0.54330836057419,0.589986015680887,0.601373194381645,0.61944784475575,0.64219283260356,0.670853893008628,0.714334984605021,0.763235478106412,0.814798066315668,0.863264070578727,0.921633965310664,0.992285336134118,1.06557897201651,1.11320151620504,1.22099856122451,1.36508179320608,1.418232150562,1.42225829708195,1.49312292384285,1.56805547771459,1.62424347505071,1.68212993234866,1.79497577477996,1.85153673722454,2.01101810672906,2.03705459182429,2.18344660433914,2.33329659381287,2.38579453478635,2.47979195422491,2.60887096360031,2.69730420457035
"23531",3.12274875857402,3.11459866153198,3.11901550842022,3.10506298979681,3.09537612430165,3.07880378888405,3.08481107149216,3.05899175168215,3.04161553183058,3.13302261578189,3.1298544938998,3.13244088833741,3.1350956675547,3.13014883880963,3.17501411457177,3.17132883411366,3.21044077096199,3.23920679085709,3.2893706462249,3.28679824724036,3.32350875245769,3.37502232073054,3.4132410968203,3.40139592765316,3.41965795166901,3.49672532078132,3.5564560328739,3.55744402113236,3.59409016818165,3.66069955441609,3.67176323597159,3.75020146864866,3.73406530268268,3.82202977317769,3.84089810475901,3.8530670370859,3.92189871886304,3.95101391261993,3.98959981724861,4.07237545623211
"23551",6.42391818669425,6.41981808356682,6.4324422490894,6.39605261613977,6.36591411318718,6.32311234093894,6.30740498066643,6.24897530866327,6.20358415362398,6.25848902532448,6.2466332444308,6.24183260051879,6.23786937064649,6.22401429083896,6.26843773609985,6.25775566738604,6.31109272688846,6.35909682976003,6.44915430790176,6.44033784273447,6.47064524983753,6.55468886341851,6.64890094059474,6.59261588628617,6.63341667281752,6.84447226635013,7.01671674020539,7.03449746053671,7.1154518209463,7.25457719238597,7.24480993222373,7.41268825688593,7.33756654102328,7.53429857645345,7.52170326106793,7.47306220409697,7.59299395981284,7.58425004092332,7.58089036369511,7.72752139294847
"23572",0.925438019253962,0.917953971854236,0.919060858357819,0.92249137342633,0.930239002678802,0.936682843352228,0.958103523142389,0.967114073307975,0.993090130509865,1.09072710667626,1.12720736417534,1.18024273777281,1.23935319247236,1.30078505593771,1.39794672733391,1.51454610361766,1.62260879180873,1.72214762943741,1.83877638057657,1.9838413113142,2.13349614189192,2.23718397100243,2.36612031303545,2.55701493714155,2.61830678174293,2.63637701517386,2.8221991958395,2.98397867157119,3.0765674316952,3.17151890447723,3.35749928356726,3.44602417444503,3.69831568203887,3.73212742153552,3.93979575854395,4.13795944413962,4.18437319852433,4.30722550077425,4.45125146367148,4.46253974829767
"23591",2.8486293061653,2.83379440387074,2.84809023526969,2.86069449018513,2.88665780535857,2.90301756773815,2.93193337943482,2.89925561450209,2.88741302809928,3.01728320567263,2.9972673458612,3.02146838753698,3.06041668061374,3.09658416636266,3.20939035540639,3.27278768205106,3.40520263800645,3.53817224370619,3.71440035714124,3.84469147611222,4.05312519739385,4.29583860587056,4.62447152815236,4.95910423127797,5.19264788265945,5.36867521894916,5.63028730531289,5.79404289134503,5.8759141557629,5.96387699191434,6.13490038789065,6.21405352583908,6.42398930238502,6.4293780505868,6.59476455429071,6.75976567750132,6.81171226042672,7.04345154980515,7.39441110010277,7.64612428777455
"23614",7.19735431374856,7.20043905099346,7.22155447948016,7.18144676712492,7.15016296971075,7.09537488679049,7.07746332784504,7.00400795116705,6.95388510421865,7.12172457520285,7.10430047284956,7.11660032497168,7.11977810477267,7.09566061398799,7.16862048776587,7.12783084017487,7.21053387017609,7.2782493098522,7.39388420018616,7.35579707972289,7.3743335678053,7.47981647348901,7.57526170380485,7.46029597227295,7.5045254295647,7.78357136986707,7.93238969765022,7.91421673693295,7.99700560941108,8.15409885212653,8.14993937669967,8.37343853041476,8.25625442616526,8.50544566809894,8.48080709407457,8.41045554268498,8.57257158452666,8.54305464537732,8.51820022138189,8.68456466526928
"23673",2.78128162381274,2.76989350395464,2.77532091549083,2.7757875828862,2.78345237478937,2.77818221998477,2.78622065206959,2.764780385552,2.75941788291532,2.87424363050261,2.88062764875942,2.93117578848066,2.98982760966871,3.01553213482869,3.10079800842043,3.15435099637687,3.23976763093447,3.31947502149593,3.41282986739157,3.48478859097367,3.57833551910473,3.6280059710703,3.6882434339503,3.75418565396377,3.77108683913185,3.74127091634712,3.73688118859427,3.74367361216451,3.75968787666723,3.78483912397604,3.82030312044652,3.87229959782475,3.90863392493767,3.96098161594351,4.0063231704986,4.05846791645775,4.10637256855057,4.14813844227896,4.21117483779056,4.27282764758795
"25311",4.51260545744687,4.50292622477955,4.49838600415659,4.48818682431079,4.47167634198293,4.45386924164151,4.46280991207094,4.44465949838552,4.43371084595185,4.52445375632915,4.52394872641412,4.55135177620561,4.57818976639206,4.59483964967784,4.6675696439811,4.71847676835498,4.78117749547605,4.82248713517301,4.88772134813811,4.92978169738249,4.989918878263,5.08689406659988,5.12368116403708,5.15511547747569,5.15348336536142,5.18811265826439,5.2216541431932,5.22632817920326,5.24418215813584,5.29350395935509,5.31604637692455,5.42770327649282,5.55105147015477,5.87962888889829,5.98685531776875,6.08976584843681,6.19321647582876,6.25072860969023,6.24293257972013,6.15928779444629
"25351",2.9404844915414,2.9296403200216,2.93305297789444,2.92333728757329,2.91994594482218,2.90880334240685,2.92377537252655,2.90360056875518,2.89708154209196,2.98254909939537,2.97619839740375,2.99773289939443,3.00798697441458,3.01378272351489,3.06294114095607,3.08908285280653,3.14172958749336,3.17712138150744,3.24374773471531,3.27262805367977,3.32838740572755,3.40521181355702,3.48664468285825,3.5457660424679,3.5927932206595,3.65949984403688,3.7195639711848,3.75443236032502,3.79137150698379,3.84002475893922,3.88309705580493,3.93450282370674,3.9849052069854,4.03984470344671,4.09257537970947,4.14656878272238,4.20244865408459,4.25601716793362,4.32977958841387,4.40954197386556
"25371",4.94545285782537,4.92461531884755,4.92609445747081,4.90946958802964,4.90153159077557,4.881336220951,4.90665963845378,4.8727214417941,4.86136546352625,5.01461265012896,5.00657668411964,5.04834424562354,5.07086157376675,5.08655908824788,5.17086355898235,5.22045017127568,5.30349273735866,5.35565498503982,5.44850776177308,5.49849223084567,5.57804913426454,5.65560164009161,5.70675184064556,5.75108045638803,5.77439212120943,5.8529521415646,5.935645047308,5.96153628087298,6.00663873074988,6.07898550719744,6.11635555185067,6.20687756762742,6.2560241148009,6.40558825923504,6.47908682453663,6.54876657081542,6.63147510404499,6.66683400271942,6.70802739813806,6.75702146852062
"25431",5.28137747430588,5.26307562646845,5.27180039077981,5.25183310179282,5.23923515573414,5.20891244458922,5.23108804048483,5.18907856860963,5.17301401212871,5.34948888259115,5.33665004676814,5.38250607954844,5.40378018095302,5.40643354113042,5.50018922706002,5.52655372349785,5.6109346349944,5.68106362510351,5.78675959144658,5.81913577677009,5.88843699537062,6.36397055646096,6.88225005781005,6.95356923425485,7.2110981705628,7.49896647073302,7.73737045605012,7.85618080197207,7.83986194954513,7.70448962640015,7.57720908842248,7.38899570842346,7.28131216921007,7.14472479230478,7.06640502508802,7.01217156070036,6.99489346065069,6.98675131169272,6.99620236530423,7.06404109966967
"25471",5.11427505688679,5.09103393369503,5.1014519370328,5.08772639213534,5.08522787253075,5.06172596047932,5.08939064229653,5.04099617293323,5.0208068784499,5.19385091599937,5.18282498539285,5.20761318312158,5.21038508416916,5.20537464692052,5.28146211414868,5.30031710109173,5.36544163767226,5.42602175225099,5.50847994175098,5.52181415592983,5.57596345334256,5.66141723887322,5.73193158992703,5.74078297353415,5.76969155709332,5.87131087284329,5.97320938976815,5.9832806725499,6.04315678979118,6.13403353164789,6.16442437289707,6.27593989208668,6.28782105458648,6.42715874206831,6.46594353534913,6.51008450475042,6.61255686478305,6.66053757207242,6.72575937013563,6.85176518475197
"25491",2.9428840637447,2.93283704809099,2.93620297681858,2.92429298184919,2.91792078280509,2.90666127639928,2.9309695300677,2.91914503344007,2.9181650055656,3.0212195923812,3.01693819616226,3.02025674812558,3.01427688607741,3.0150480253333,3.03719444443351,3.04818240952898,3.06717588570581,3.08308448334591,3.11778293725507,3.12094726650845,3.14269061533513,3.17296138878471,3.20389407456575,3.19780308064998,3.21354368115451,3.28018806033814,3.33600837801988,3.33413655088752,3.36232993876713,3.41486363275467,3.42319413136764,3.49031758087588,3.47713748676598,3.56008921624685,3.57228427640852,3.58240229046307,3.64198599581744,3.66111493841112,3.68919413572583,3.76188388178641
"25511",4.45488719998772,4.44236459673869,4.44666004845121,4.42673308254815,4.4118765251323,4.39373676131014,4.40004251469514,4.36681085101033,4.35082733692956,4.45019149693508,4.44628836829696,4.46862745337444,4.48916480695091,4.50558200943006,4.58042464341196,4.59149662000429,4.64486216086726,4.68399669854906,4.75469182786423,4.7599802935679,4.79645943208515,4.82578007132679,4.84840289510574,4.83918171391598,4.84473729007815,4.9070876259799,4.97146508142141,4.9655729461727,4.99447594089354,5.05673010146697,5.06223769785107,5.14972005812635,5.12661997645492,5.23448136289437,5.25094391193336,5.2586178253964,5.33905002311316,5.35510298975794,5.38056651371257,5.47807524956459
"25571",4.94443431620895,4.93402174274406,4.94405906443014,4.92187009554194,4.90068329522218,4.87064303505449,4.86680374899788,4.82878605339039,4.80089134001995,4.89175987233607,4.87640648898336,4.86950506180827,4.86286962743011,4.85292551429141,4.88597622440087,4.87146660449995,4.90617886383588,4.93583284427033,4.99519654139125,4.97764913691883,4.99418946858154,5.0883597661433,5.19099284163968,5.10734011166377,5.12905629464426,5.25487297780975,5.30536382442413,5.27790996419153,5.30857910287442,5.38370150736985,5.38122058870154,5.49507650047661,5.45698081812086,5.59047462897744,5.61101890163852,5.62686915187996,5.79706664087454,5.85173620012187,5.8853826111013,6.03895212291832
"25611",2.93970084878359,2.93705168423688,2.94749400187152,2.93571664514398,2.92749182359693,2.9086366699905,2.9082230332884,2.8799418417216,2.86018749883074,2.93774599703334,2.92686920863911,2.9410709803003,2.95643232623723,2.94979359123532,2.98176503658579,2.96117868572351,2.99173041887982,3.01486543916853,3.05380585602972,3.03785907811901,3.04900660313737,3.06504362118313,3.07936242575512,3.05008801501444,3.05939004711973,3.13774246108457,3.20352952732037,3.21298078763536,3.25121576863201,3.31792802818355,3.32749388159365,3.41931854959841,3.39106516445176,3.49208424271896,3.49995483899814,3.48590848783571,3.55952165894823,3.55630393835703,3.5534907051807,3.62919309478271
"25651",1.59275802196367,1.58266168778786,1.58935012949034,1.59795368581978,1.61540213989868,1.6259502039122,1.645683297298,1.64270327445518,1.65914185812181,1.78934336103261,1.81367482146414,1.85817798351119,1.91389655290335,1.95571220457757,2.05150815547248,2.14987715329465,2.25820252083857,2.36323169467037,2.49075010348506,2.61783600378893,2.76235416415856,2.91048816334316,3.15477811255762,3.4445993637391,3.62045701978082,3.6497874462592,3.68751958678773,3.73685359140903,3.75635116619256,3.75354958176728,3.81874268613575,3.82671669368964,3.93767188757254,3.92778101965596,4.0034798200296,4.1148414067859,4.12111839744406,4.19669244719699,4.30358680784573,4.33812652357346
"25671",6.44047593128777,6.43373653945993,6.44453666081759,6.42055359209311,6.40574092240953,6.36707066375746,6.35504541191083,6.29407171986681,6.2522428956471,6.39238129846443,6.37661766256446,6.37816205996565,6.37589733178575,6.3593336202539,6.409101283865,6.37991094294586,6.43886669153469,6.48355164113174,6.56081037211213,6.52884605659711,6.54009532963524,6.59290021676636,6.67098280406791,6.59366018940071,6.61366112392276,6.79135360023533,6.91939148326677,6.91709849968277,6.97420229210632,7.07885638857151,7.06777900684374,7.23247266002933,7.16681211557239,7.33735310853497,7.35398590697172,7.32139380375049,7.47623101009735,7.4863189575924,7.50301867260383,7.65439862061767
"25691",7.55309327229045,7.5414190384336,7.54813304294878,7.5165981700285,7.49883524250787,7.45916239956111,7.57151281464748,7.64666817507115,7.7087744677926,8.06420104970022,8.03380581601512,8.04192790079048,8.06815503838049,8.09925704330027,8.05416341177141,7.98608291386527,7.89295861061847,7.81550891980109,7.75714132920293,7.70740149679401,7.67964662651936,7.67677112369724,7.7248042395235,7.68317279124023,7.71054095562002,7.94499342906501,8.15285954425095,8.13939669781879,8.14509242670472,8.16934097023409,8.13395580960812,8.27763291173339,8.27041176457113,8.43472518020132,8.52229258266912,8.54694229987572,8.69700895214477,8.75423257034125,8.8344290994386,9.0323370046492
"27231",0.492767802081764,0.48874351360895,0.484450847702779,0.482538015240546,0.481942462913989,0.482656608420569,0.490258672118172,0.498380100694741,0.518712812318532,0.573384635423598,0.604702193371723,0.658773983059958,0.72017452951667,0.803165725079316,0.890850374539102,1.02427565153231,1.12207626248707,1.2402608964013,1.35479779353287,1.53658878066161,1.74060684783016,1.93400635685028,2.11974851788202,2.39361137021615,2.50159114932895,2.56680901290605,2.78896323319003,3.03905069106913,3.16521675060927,3.24764647912267,3.54128271130013,3.63658284392789,3.90234600852839,3.89991640360662,4.17786004219707,4.44187442481429,4.48791331718051,4.61414723487868,4.78596018554683,4.88193176912534
"27251",5.13282029797468,5.10993829196912,5.10053062743376,5.09859210822207,5.07915966317997,5.06283333051285,5.05040207571657,5.04267604860635,5.03533560544227,5.07570427934085,5.07264710515368,5.08628043009846,5.09613725500733,5.09587204599917,5.13024775484284,5.16951344379764,5.17962035893438,5.19273551372444,5.21792292178215,5.2291284392647,5.26091735825731,5.27743013943267,5.28107018811569,5.27903122189292,5.26913880245243,5.2899687030204,5.32881353388793,5.32172307979153,5.33782238427074,5.39517537925504,5.389186258155,5.44151651166774,5.43151595990525,5.53340635315967,5.54503145275258,5.56883689094717,5.64738316472362,5.675063389548,5.70691008891543,5.7967882107483
"27274",7.15067329235565,7.12547192840078,7.10691549479873,7.11025338027409,7.08269860118462,7.0674390800436,7.03518286532271,7.04709038220203,7.06585982104821,7.17217863787343,7.19811570347883,7.28902551756734,7.33483762881228,7.35864198608438,7.36788176115601,7.38612067015205,7.3441741047305,7.30797970087489,7.2842378307896,7.27629800248879,7.26919114602646,7.26865792687344,7.25377915595898,7.23081853811911,7.2093000819687,7.23320320561652,7.28615540390629,7.27665137032863,7.30249426341319,7.38516282663226,7.37425387141263,7.44549570451904,7.4296574440997,7.57750134259656,7.61024171353939,7.6564592548111,7.77441919288475,7.81474328330177,7.86174014407129,7.99991057940248
"27291",8.90994666942934,8.90207715778381,8.88812711553935,8.89734623766464,8.86413863037283,8.83915724946341,8.86740888897076,8.8381782604678,8.78827210482935,8.75475174476833,8.70727394810921,8.66970810022354,8.6448104986375,8.61592886835938,8.62439088168081,8.61073863859849,8.62138255175484,8.62092145650533,8.66722496565732,8.64210978622121,8.65628259616238,8.68454865513998,8.73158926094077,8.70029541300381,8.71526019507798,8.84270786315023,9.01454347743529,9.0281993831614,9.11196933486565,9.28324347851129,9.25933714136693,9.37848166868816,9.34118197731395,9.5754958074567,9.62039895738144,9.67565256173095,9.83621808801293,9.87857273108449,9.92714061054169,10.11210663155
"27311",3.02771871549999,3.02196808372387,3.0129023271165,3.01120088823561,2.99873781211223,2.98955933448199,2.99245602675877,2.99378306507416,2.9976832529013,3.05147885737447,3.06512386145532,3.0904350167847,3.10671510465239,3.12414740007949,3.143207094742,3.16778325777608,3.17865260917248,3.18204784189832,3.20056347915461,3.21557871593314,3.24229895807722,3.26388373510499,3.28102755544288,3.30006256828729,3.30589468940538,3.34379136962669,3.39015090974835,3.40519906710132,3.43635363948816,3.48618792129951,3.50324281025456,3.54135642437007,3.55600195736798,3.5933181352448,3.60684956287658,3.62447282753603,3.65379372140034,3.67163816536535,3.69874725254905,3.74466339992838
"27394",5.59032957361488,5.57732057128789,5.5804622133985,5.55127555705778,5.52959600488407,5.49643835687179,5.50504749748867,5.4702751106679,5.44447708158981,5.5416837798785,5.52916291709562,5.54889693691025,5.57517702674477,5.58519432964704,5.66174499598144,5.68316338079938,5.74474498103355,5.78087361821845,5.84778249264912,5.85756735650529,5.89322522886867,5.93100680223112,5.90412519897501,5.85620241352826,5.81890958437718,5.81182959839071,5.84019831414638,5.83603318034715,5.86046467011847,5.9323334055469,5.94696827889605,6.03718927270923,6.03108861037466,6.16999612921863,6.21586640621849,6.25748882365846,6.36907139390249,6.40684769744927,6.45401308036564,6.6057529064056
"27411",1.68047211538238,1.67843600456636,1.68094844645482,1.67221909379348,1.66521633985348,1.65480795893067,1.65379285303182,1.64358161775224,1.63535063722685,1.64778967006267,1.64225007595553,1.63869261487413,1.63409358349104,1.63590267453711,1.67927351757722,1.70466442267717,1.78357946355493,1.8872121781894,2.02517243025949,2.06578654093988,2.17663592076057,2.32464811994488,2.49239059432178,2.72605460535329,2.91749833710417,3.13189811130596,3.45605150045344,3.81699475614853,4.11778494482908,4.36740574769248,4.8266544479899,5.12231316019995,5.65565383803023,5.77721350600557,6.25068194523124,6.67145869830966,6.87027144001323,7.24003612932743,7.61292218091288,7.8725024086028
"27531",0.53046809241244,0.528721393386778,0.528791397459755,0.526173686307179,0.523885023216598,0.521134274257061,0.524830395461899,0.559196391719027,0.665483512267714,0.893453385768041,1.09534961666649,1.26001649332694,1.40234782546773,1.54749652937954,1.74509017496624,1.99473156038316,2.27059928341862,2.57847676704223,2.90899277099945,3.36103458267216,3.81199157083995,4.11854856840705,4.56652153199975,5.34526908176362,5.652308482486,5.83417269392744,6.35583181579331,6.7769377170655,7.00939718986595,7.12741458623487,7.41037304507947,7.44244021728984,7.88745292511012,7.85550779609848,8.15759088253551,8.49005798598619,8.53333036701321,8.76199597783619,9.00240697730358,8.96739896289541
"27554",4.88638156483974,4.86662792898132,4.86912810885344,4.85221849706684,4.83473966773614,4.81245296563771,4.81058738793448,4.79357495226185,4.79134523915383,4.89999067486775,4.89901260385313,4.91159508468421,4.90894782585931,4.92017584693782,4.93889515310148,4.94314871501842,4.94923688728944,4.956704451473,4.98140118754676,4.97806356838667,4.99536373793133,5.03179093375601,5.12058102489563,5.10209129202342,5.11643234676184,5.17334525429265,5.21720407719601,5.20606762315853,5.23685278416175,5.32742739982013,5.3601192056539,5.50835168018841,5.45852875807533,5.55908726324321,5.53519717604815,5.49776810557938,5.51489097123,5.50785431013758,5.51952580485118,5.59823527522653
"27611",1.40182653170256,1.39479175009946,1.3985282852823,1.39810056096355,1.40106882369079,1.40032845876596,1.41013773858461,1.39979003582397,1.39764907379721,1.46455128496304,1.46749545015603,1.48661073454787,1.51542290824334,1.54675487308832,1.60881435652529,1.65886814521333,1.73902323403642,1.82048429504765,1.92735933692822,2.01914703679383,2.16604516677493,2.28408805714108,2.43997844329135,2.64446624487569,2.74997310517297,2.82522438410084,3.00216421169546,3.15899960446629,3.2655372861157,3.3607882203522,3.52208214886836,3.6104124149847,3.80710446891326,3.82579221221853,3.98177137009479,4.15735051785659,4.21492726698208,4.36250437472919,4.56528745186389,4.63557662044383
"27633",2.87683896751331,2.87152291907411,2.88222398867306,2.87477381453441,2.87366924267007,2.86239561467473,2.8658334384596,2.83389020288317,2.8140924274642,2.90921525932239,2.90331175276663,2.9109531016872,2.9194672507997,2.91996588670539,2.95696972310599,2.95623589072745,2.99993837268763,3.03255814493146,3.08349677332407,3.07959787602272,3.1176653660082,3.16678391412542,3.20898339306994,3.19533083450434,3.2184868489119,3.29553202325084,3.34494719787951,3.34498519700154,3.36964977428032,3.40999808434685,3.41454369105692,3.47530171777266,3.46053531265585,3.52743539904954,3.5440672725125,3.5480103032188,3.60962651161741,3.623294561346,3.6436164336774,3.71366430391342
"27674",1.82610534449534,1.81694734962475,1.82240529846035,1.82472061209571,1.83574937445702,1.84124809767539,1.8528009002339,1.83508368080409,1.8296976337712,1.92211915212133,1.9248626858796,1.94231737846673,1.96088285712393,1.97566459837481,2.02352427072656,2.05390076963883,2.10911053011758,2.15883670840856,2.22376423233763,2.26135941607502,2.32406444457844,2.37415424169656,2.43659870848862,2.49251601540998,2.53357078770212,2.56861079540168,2.62437677563099,2.6657766782839,2.70623159734343,2.73755230968328,2.78258488671182,2.82348880551946,2.86770544171557,2.90376745181131,2.95493745905742,3.01468909699102,3.0485042799972,3.0917109516334,3.1503579613077,3.18066010413227
"27693",4.39175670679168,4.39093876475117,4.39616076762972,4.37165351329053,4.35928974576358,4.33395342919509,4.34525872996288,4.31309533815666,4.28637729877233,4.41804023026295,4.38627525640085,4.35929420795128,4.32412972678438,4.29593946227242,4.30229813042267,4.28313830976871,4.30356445213032,4.32270021425657,4.36997641954132,4.35992781098758,4.37778904129421,4.42041119330349,4.49531190369604,4.46056897891841,4.4819546924669,4.60680936820437,4.73020861214446,4.75556761813202,4.80854108719506,4.89929611315947,4.91176986832612,5.04567196328509,5.01902079705177,5.13164645865737,5.15707000805393,5.14153970383402,5.24997459174723,5.26715031142634,5.27915881441802,5.38861209099129
"29231",5.75994567761321,5.74931763234247,5.74301684193226,5.74291100463878,5.73042927907849,5.71871242867349,5.72085757114292,5.70441133467413,5.68511952047299,5.69010756051636,5.6814291747536,5.66380078651963,5.65938679468637,5.65808439787703,5.67687678248557,5.68598113545974,5.6994037567858,5.71261579048452,5.744301813273,5.74039578228605,5.76219595075175,5.78667338034024,5.79351445906249,5.76899621974233,5.7671517031485,5.81973162989005,5.90488855174183,5.9052919258784,5.94481315345118,6.04884915240989,6.03627609309845,6.12257187814889,6.09391188444412,6.22994623784602,6.22363248734516,6.23091708871719,6.31651095925575,6.34162989880806,6.3728800372777,6.47577273613861
"29251",4.32143625341498,4.30173202847976,4.2876355274417,4.28668476990281,4.26988585717496,4.25990120054768,4.24916899991191,4.26726205845338,4.29879320940541,4.39374034382519,4.44479779853048,4.52711497163161,4.57622284772875,4.61688646214713,4.62577989047268,4.64216289734482,4.61118218571136,4.587775870217,4.5719582984287,4.57783083622135,4.5863512807977,4.58015443410576,4.57266656984058,4.57819391003342,4.57240858052014,4.59677574791242,4.65456416058093,4.66417384090952,4.68183448757576,4.71571120533639,4.71906655948014,4.75497770603678,4.75946139681718,4.83249730879166,4.84998593443496,4.8764793674203,4.92507007330425,4.94194086434268,4.9680327456914,5.02982477794159
"29274",2.08077758481132,2.07347633007183,2.06664344870929,2.0700633411727,2.0623782980517,2.05963201950372,2.0601479668172,2.06083858347024,2.05900274811803,2.06991794743554,2.0730730574968,2.08356946009199,2.09272358074061,2.10815297378863,2.12833264179787,2.15680955822513,2.16891435118199,2.17895444454498,2.20055040377934,2.23077159349132,2.27227121176172,2.30399439248005,2.3403424410451,2.39481230614923,2.40863458574983,2.42747594480393,2.46749045284304,2.50156299845066,2.53292955358237,2.56534801857549,2.61426689304633,2.64727165041782,2.70099192421501,2.73368678193919,2.78924916152873,2.85588656525755,2.89095017497902,2.94584291530397,3.02318175416988,3.0903916277912
"29312",2.07419108199719,2.06322833424014,2.04828969224683,2.04300640337652,2.03398499446692,2.03063117141628,2.04640252476736,2.05627117504131,2.06968510343929,2.12170451531805,2.15001306912297,2.18935548542252,2.23456377720276,2.29727035525202,2.35825798840034,2.45065762184638,2.50663752024527,2.55007000175381,2.60457982213153,2.69996315317834,2.80134113720966,2.87315976393391,2.93641465330685,3.0706897987536,3.10158515674425,3.11944474881569,3.17343251900404,3.2613555238522,3.29952315385033,3.3277096059233,3.42770373461781,3.46183166467554,3.56964034174635,3.5685122155612,3.65996127986917,3.75117004426105,3.77785724562713,3.85045684592791,3.93448399046914,3.96787351155419
"29351",0.932003654584669,0.931037020034801,0.929380153568161,0.928860938837765,0.925966958272675,0.92494294279069,0.924426998660638,0.926211945453122,0.924510331686874,0.926822357989384,0.928182553957666,0.926158498438686,0.927702545330295,0.933808909883464,0.943765380537435,0.959207382618473,0.977496809195896,0.994373450407986,1.02310912913007,1.05428483585788,1.0978224790926,1.14135511050974,1.19483668817806,1.27617560448904,1.30575707512535,1.33254359255303,1.38756321800906,1.45230289661519,1.48599507476139,1.51646599580896,1.59021484489596,1.62613816883195,1.71471649181638,1.72657763114681,1.81600022544986,1.90226008885429,1.94266127267704,2.02746318826763,2.13274123400984,2.20907031238406
"29391",4.68819133076936,4.6802331830931,4.6814747763808,4.65989602043176,4.64101868619481,4.61573446839875,4.61445633889261,4.59889464560143,4.57965572587812,4.63764912211461,4.6381486063113,4.64844308572279,4.64679630774819,4.65117804836147,4.68209595307734,4.69686284317785,4.72633938584799,4.7420579861032,4.78865195883486,4.7978708792657,4.83478929405999,4.87170385199773,4.91771015935761,4.93565179518613,4.95125721629677,5.0146030736834,5.06889359408882,5.07115635827632,5.0951527878602,5.14558450068231,5.15968184525717,5.21921248605432,5.219256101088,5.30156910218061,5.32492379408477,5.35207812038298,5.41327642609055,5.44013131344945,5.48260020676981,5.56768014289335
"29471",5.50929211671445,5.48736211298452,5.48372435349714,5.45373044765112,5.43302910569927,5.4002948413293,5.43469790058364,5.44362915944359,5.47758302152138,5.7198642784054,5.70612591494571,5.73322151905966,5.7458548857599,5.75850938084109,5.74103591003939,5.71497626345826,5.67662164829214,5.64090399652247,5.62379655603553,5.59820319948519,5.58945282062557,5.60713705621482,5.7008564132221,5.67594557543558,5.68664729263736,5.72685103896162,5.75251282429753,5.73479862604691,5.75170984724971,5.8121575831151,5.8231660651285,5.91258171969944,5.8958859775659,6.0339550008716,6.06544337444718,6.08860897686533,6.19779811903927,6.22420301830271,6.26333076582721,6.41330990024252
"29491",9.67245672606749,9.64736030983018,9.650884399895,9.60850072156544,9.56951047723463,9.52383837954629,9.5269064464453,9.4663022909671,9.41108209851652,9.42995584946481,9.39328318934956,9.36917779624524,9.34105986581272,9.3158152718603,9.33444313610225,9.31260737202285,9.33084004350959,9.34930717129907,9.41749742475537,9.38475383732438,9.39467003157195,9.45191521219711,9.53717125982144,9.45267241741094,9.46030759835072,9.62580108530141,9.81032137492842,9.8175411689386,9.89155555685626,10.0565637570021,10.0836206434953,10.2778987049263,10.2218897340518,10.4583545533689,10.500743311323,10.5055155599713,10.6748696867457,10.7047379577123,10.7461457867579,10.9735622067567
"29551",0.570366282143373,0.567661074298898,0.56726160992971,0.565084954980766,0.563088734153415,0.56089830624891,0.560901197122379,0.559103355097128,0.561148098111225,0.585061104044175,0.593734480992549,0.610537414150906,0.636954526260808,0.669671872691679,0.718827978729458,0.773909033008591,0.842470215295563,0.918933962543533,1.01035285034335,1.12338338584079,1.26196382601497,1.38727286998423,1.54101138248724,1.77093021182089,1.86151490230544,1.91305365952593,2.09334188946358,2.26113539442256,2.37030114808559,2.4542323929197,2.61455853833022,2.67092286558672,2.88741101475242,2.905304906025,3.07637345517091,3.25925816103818,3.32932656059697,3.47082577037526,3.622048305798,3.64129048702816
"29591",1.85919692720889,1.8536935688853,1.8567275496699,1.84914626348705,1.84209769876602,1.8333501758857,1.8352130370426,1.82274894870731,1.81511810880669,1.86980878496596,1.86989989423692,1.87691371177992,1.88662769597934,1.90171304216112,1.93683716922459,1.95646674555481,1.99706392913006,2.03315099971248,2.08836690565724,2.11676443612207,2.17538228908837,2.22454767468199,2.28745465988725,2.34982290663454,2.39082557054496,2.44841138489923,2.52738424714254,2.58371412260415,2.64520265986761,2.71434229472607,2.79599814797846,2.86595602786559,2.9503626508108,2.97712128368666,3.04336759030612,3.11329965786079,3.1480102584743,3.21755770416746,3.32225178956869,3.38298312517125
"29691",5.15051972291955,5.14880050515557,5.15798770196082,5.12973186537352,5.11975331437898,5.09162524595114,5.11075123625401,5.06959279165749,5.03548883139548,5.20320738812856,5.1618172699545,5.12883990264187,5.08980901983867,5.06209331272384,5.08905439688215,5.07363780305325,5.12712585662536,5.1737744161259,5.25770581767745,5.23363743379502,5.25286768537346,5.3686407104649,5.48614981130864,5.37250403537335,5.38114497000082,5.4984781390074,5.57518549017532,5.5753740910576,5.64103074608972,5.76331334488999,5.75215975477515,5.85446285792756,5.75717212764164,5.82003355138851,5.84018209223839,5.83860791775814,5.96920868844753,6.00266902632542,6.03371048414105,6.17178926582725
"29734",3.44376546727464,3.43193461654782,3.43589000858286,3.42473088266457,3.42844755121769,3.42025693537814,3.42430310390039,3.38992722569911,3.37312594727212,3.483515274161,3.48646620278976,3.51504246434121,3.5497127162101,3.57801335534918,3.64726799686071,3.67992077209919,3.7532654441632,3.82045026425017,3.91417261531339,3.95544465061545,4.03235766692619,4.09126322094942,4.14598438586346,4.18447112326322,4.20851263630611,4.22741323543043,4.27235301919583,4.29502684538964,4.32138327283901,4.35233278429945,4.3898057912532,4.44896075894203,4.47314088051395,4.52661887551864,4.57555278780811,4.62586111729888,4.68003354742251,4.71763312111636,4.77281164792196,4.82664737308026
"31211",1.5927648540721,1.58431141792195,1.57181429922365,1.56910010820701,1.56651838536202,1.56422428164027,1.57112181312967,1.58104940310762,1.59461903631804,1.61783958094916,1.64260328248611,1.65752482492848,1.6773368518925,1.71041629736912,1.74532932307502,1.79433091186544,1.82933442815676,1.87861952429831,1.93612592622353,2.03934441924165,2.17234591217392,2.28866269177463,2.41614229026243,2.57416294598487,2.65743554650598,2.71792144909269,2.91067987741225,3.09835479167062,3.18826574945012,3.27446913561432,3.47136852438713,3.53528741276407,3.73814125776746,3.74231648208781,3.98809220994914,4.27367976738809,4.35014748337878,4.511212683041,4.67775090844235,4.78024369634619
"31351",2.674923572641,2.66860332694527,2.65971548996724,2.65278953713073,2.64038148285442,2.63274563033446,2.62978520778149,2.6271091058548,2.62127804425675,2.63274415538304,2.63814599491969,2.6365915039106,2.65592966539695,2.68826208214396,2.72922937087957,2.78018818471625,2.82533896947192,2.84859674672063,2.87883156103144,2.91335654230533,2.95397849147216,3.00497829061998,3.00984805753327,3.01601442572859,2.98806967187337,2.95037592888623,2.92694321141988,2.9189141564231,2.90999852960764,2.91108964105075,2.91647328093564,2.92759305720572,2.93121632114841,2.95543265702278,2.96815193372907,2.98347325339829,3.0099930151782,3.02585049483976,3.04916077579983,3.08841300891817
"31371",3.33288771196807,3.32583684294916,3.31326899405702,3.30074941215474,3.284818229187,3.27516396130518,3.27148243453652,3.27005690968971,3.26325862421872,3.27822222731033,3.28333716446256,3.28778312300809,3.29513184712099,3.30961907524442,3.32174269654177,3.34303532041022,3.35851664773484,3.35974184678294,3.37469211647865,3.38604497429986,3.41703767603225,3.43007612209326,3.45084642000426,3.48127672461946,3.47989357037705,3.49726457838413,3.52576351683182,3.53597099177162,3.54488317927165,3.56825648429615,3.58777178603219,3.61461164966322,3.62877503014097,3.66551351720662,3.69043344357283,3.7225283212365,3.79194496807912,3.86742926877991,3.96576054348562,4.08891295923138
"31391",4.17087474477004,4.15807952486553,4.15211618524925,4.1312600313376,4.11312805457825,4.09416202237282,4.08210641168174,4.09265183047041,4.11621286337741,4.25135507048231,4.27599294348465,4.34626233290577,4.38756061023959,4.40865095487474,4.39202611389167,4.37506183406975,4.34214700633275,4.3098147802559,4.2911518194783,4.27861902318049,4.29357424122633,4.29429703949086,4.32558572737912,4.34133672669387,4.34044902104182,4.36218152518249,4.38550125023372,4.37747599993804,4.38725589920154,4.42657490544933,4.43339283117411,4.48251738368245,4.46671477530177,4.53330076914089,4.54348560180436,4.55568724268584,4.60499065112039,4.62255814696818,4.65494350214544,4.73973012658924
"31414",3.28786099769131,3.27621910193918,3.2770205417663,3.26021145700816,3.24754098365537,3.23048918584907,3.2300941690551,3.21124726478378,3.20019767815762,3.27807746722653,3.28440149210627,3.30816928928448,3.32384311281061,3.34542548161355,3.40915633034227,3.45426416333772,3.52310728975459,3.5828928359472,3.67163527018307,3.72549742352718,3.83528209304111,3.92662843925322,4.03557788776128,4.18458091361703,4.23519548170452,4.29849295219776,4.40864697162206,4.5198522947527,4.60788306596963,4.68845114207202,4.84917408633353,4.96530198282412,5.14400099211896,5.20603694406479,5.38100383717825,5.5364990122621,5.63102011222221,5.78316798643275,5.93972821965166,6.04161521926876
"31432",3.0001461422298,2.98611890973819,2.98594698327812,2.97235652584688,2.96435442221577,2.95066133492149,2.95663029040813,2.93857592872657,2.93113821545839,3.00237039550345,3.00193361319187,3.02259322446083,3.03680401347736,3.05550680988738,3.1069885868493,3.13840782200067,3.18136726199916,3.21914763441835,3.27626824577193,3.30094559812925,3.35022121232046,3.38582659308604,3.41127438452302,3.43778823236042,3.44073569630389,3.46680556924954,3.49930474941751,3.50975358911351,3.52763411401908,3.55357206501126,3.57147016503576,3.60658200309779,3.61660975067592,3.67035788265909,3.69949960332511,3.72762505577631,3.77054381649496,3.78928585563258,3.81549893691071,3.86020477384198
"31474",7.79157713217221,7.76703943057534,7.77122038957927,7.7299345677818,7.69989152811566,7.65919007662004,7.65593791406756,7.5985564593105,7.56084148215099,7.68160460104758,7.66374925231564,7.67747172923173,7.67351339688565,7.6715933923988,7.73136746656365,7.73139644483701,7.76952549354138,7.80673743464788,7.88653972617339,7.85948393462025,7.88254923257465,7.93648816793485,8.02138127432224,7.97163603955018,7.99810105126793,8.1362746365202,8.20982535669669,8.16416034628086,8.17262178534644,8.24739235507055,8.2610766526654,8.38805258376001,8.36150089972061,8.55022904464022,8.59391925517549,8.61805647286515,8.76331400679996,8.79901868200947,8.85130492545474,9.05972857473611
"31491",0.759993979207379,0.754877881178292,0.749782574243034,0.745030526211127,0.742028454536898,0.741102223904658,0.746546383949199,0.749014786691242,0.756786584853345,0.785550689154429,0.801582393936844,0.826245019813543,0.856352423121448,0.902777683975395,0.956964203328088,1.03454354573574,1.10425382240578,1.18683996936502,1.29031823759629,1.43802227450805,1.59036857094869,1.71877622577292,1.87939188475121,2.10837843881994,2.19899657242034,2.24227175285754,2.44223362049053,2.64327186781627,2.80123158297476,2.91325072177961,3.11858772167553,3.20189220744834,3.45577391597466,3.47620688928466,3.69380680971668,3.95277734316256,4.04651635723126,4.23003868599036,4.43775985004794,4.53137309241512
"31514",2.6271228755273,2.61948044641621,2.61975406522287,2.60990966902175,2.60102736715623,2.59082406628372,2.59006655356831,2.5761996376868,2.5663520412839,2.59643117264872,2.59496569941604,2.59684505803659,2.59600453659996,2.6033234715003,2.62129225173695,2.63009516161896,2.64341938764446,2.65653783490237,2.6813665957533,2.68253624860919,2.69287935724152,2.70668790505946,2.74130571394477,2.74103767535876,2.76163822957314,2.83582288304017,2.89554132321304,2.90035123509968,2.92860239093012,2.95430254875333,2.95581742167694,2.95301548017449,2.94064217959744,2.94983414183197,2.95650054439487,2.96402415058203,2.99320683794211,3.00750731739766,3.03750581383822,3.10500875950032
"31531",1.46937247071207,1.46466607284484,1.46394111914669,1.4575400759425,1.45241206775847,1.44623827137984,1.44450748268789,1.43499808495296,1.43081962061016,1.46407513047817,1.46788807633182,1.47932185936471,1.49695666901148,1.52601916336701,1.58158230785619,1.62799838807538,1.70369930210635,1.78954850460534,1.90206418768149,2.00982529259682,2.15564609954023,2.29838964028714,2.48383870864915,2.72273288140384,2.84641694285768,2.9580176364951,3.20333033004877,3.38717068414597,3.52073287924705,3.62291529490255,3.80610765828789,3.86151337501364,4.130294237328,4.18654305866049,4.46248827007386,4.79868038979736,4.973223449741,5.1996639226578,5.37029876457559,5.33580071239145
"31591",4.02311924002567,4.00967395305146,4.01022713325691,3.99447250669324,3.97582416388622,3.95977680030812,3.95807504649077,3.93754713619151,3.92362495792992,3.98856683067202,3.98288842502081,3.98434241838392,3.98701244927597,4.00596784552544,4.04150473016977,4.05831981118144,4.09165553356471,4.11229863016599,4.15258954450237,4.16048624403424,4.18957696462297,4.20317196061416,4.23857445674686,4.2425925992479,4.24762680400349,4.29346652514858,4.33999993292821,4.33816189970763,4.36259161010277,4.40309966698137,4.41097671393086,4.48256614084504,4.46805700371385,4.54626821870843,4.56951593494524,4.58508519664994,4.66636353401642,4.69659857907137,4.73684494075626,4.82994625894948
"31611",2.41749823034497,2.40953781551822,2.41076308619568,2.40019971395642,2.38914174314613,2.37929716453856,2.38070517899463,2.36554087067088,2.3545238488568,2.40724397040057,2.40428680093534,2.40616715571024,2.40839795195453,2.41901291589136,2.44486588938103,2.45458818125418,2.48309363193721,2.50505065611359,2.54153170071592,2.54821210386705,2.5744956385467,2.59857359890432,2.63678782212402,2.64904244845272,2.66792421175576,2.72214476401912,2.76993160465313,2.7799531298478,2.80363561890207,2.83380150106421,2.85063012322669,2.89974327186479,2.91210851886438,2.97296984653625,3.00723476775428,3.03299625738515,3.07279083263693,3.09390641156752,3.12609307423828,3.16496870780363
"31651",4.55079554742142,4.54398296495804,4.54868272166663,4.52151165066969,4.50331311062727,4.48085030541406,4.47707789762778,4.43984753778975,4.41153807525024,4.51225745392187,4.49494285816582,4.49881788884921,4.49589218956344,4.4891712957717,4.51777191214483,4.50490715828886,4.54535179434691,4.57893977679422,4.6367871639304,4.61460394166292,4.63297517006186,4.68366963882793,4.7522078518976,4.69442304597225,4.71513268793488,4.85710220892071,4.95803343506657,4.9505039856298,5.00103325238641,5.09319522473935,5.09717657726459,5.22513919691713,5.17905259724818,5.3270511947317,5.33362843070531,5.31329448238407,5.44175523566566,5.44969977972629,5.46198052105381,5.60714714552305
"31673",6.38805913700235,6.38038808108045,6.3865916522199,6.34600418426063,6.32150041372221,6.28940897806965,6.28202875834847,6.22504288639673,6.18179087024808,6.31635329276834,6.29285917393802,6.31953258354704,6.34594650591365,6.3478242896784,6.4000548742853,6.3709625905186,6.43304230193916,6.48041043762533,6.56282760350984,6.52287291266006,6.53632128127026,6.55395953319752,6.58552382178797,6.52154155687309,6.52853037069208,6.66650530415501,6.81665850227335,6.84552641790618,6.92858682176221,7.06797441756651,7.09030035820166,7.28937731082752,7.24144828424759,7.43923272584204,7.46441057976221,7.44208253653069,7.6283005869021,7.65557753517966,7.68026305657562,7.89387829263112
"31711",3.89095627072123,3.88103355135089,3.88654977532194,3.86569294060887,3.86022908786129,3.85090657731098,3.84936476777353,3.80649801014123,3.77739979336864,3.88247551278637,3.86261830582167,3.87612135179469,3.88241391511142,3.88159554243102,3.91764356872649,3.90583478991355,3.94993741079562,3.98540987048901,4.04300497647837,4.01955557365276,4.03694362024129,4.07591954942374,4.14377273222117,4.10552582861541,4.1289464444726,4.23086143808935,4.2981275214255,4.29245110298262,4.31916725771358,4.3735128547792,4.37546324621564,4.46757937874948,4.43991645248211,4.53116867251086,4.54976558976463,4.54183493271062,4.64125237277148,4.65904104781854,4.68081586634068,4.7907150494102
"31731",1.03672652075973,1.03004378449003,1.02996868999384,1.02739287652869,1.03029262776862,1.03294646645746,1.04437862215663,1.04813219927305,1.0696969579504,1.18021578922683,1.22573893573304,1.29848619729424,1.37189678896217,1.41575992262405,1.51163473043086,1.61908245130181,1.72688907753721,1.8381095756785,1.99472405808505,2.14734727199751,2.32610774577036,2.46498330257853,2.62216757767591,2.81475501370893,2.89357898652278,2.88747486090054,2.96197115141383,3.0533346694675,3.1054009928046,3.12300351315348,3.22559510509103,3.23469472652201,3.35253948168747,3.35947372440473,3.47810599977033,3.64353448421947,3.66607161280065,3.75013222193831,3.84953532833654,3.8173714329265
"33231",5.16474217845134,5.15396527671694,5.1315040770303,5.13800759143424,5.12831188051625,5.11781705431152,5.11870945681201,5.13157142405935,5.13924953194258,5.14419315341087,5.18388533974234,5.16089192925419,5.21741986490939,5.32510627845388,5.44482758841198,5.58195791130905,5.66024358559081,5.72926130418442,5.8009818120119,5.93761146259533,6.06959099617154,6.17492194319003,6.16920277466525,6.16471123613672,6.10837649475897,6.00533091340773,5.97882145351984,6.02425848205326,6.05508154799813,6.10518809933382,6.17677697632022,6.18892708407686,6.20854897876574,6.15479945795182,6.12686118812907,6.09028508317583,6.05166086739601,6.03303103029279,6.02544359299597,6.03673212749313
"33291",0.608991671716612,0.60560956639436,0.59831874092406,0.595066967914095,0.590217666188653,0.588698247072036,0.590079568768924,0.597038126202434,0.609254584488149,0.637988137533138,0.670212064827245,0.713367309245654,0.76830783759047,0.845472567313286,0.923988865057146,1.04233228652851,1.1431600281449,1.24542210129769,1.34750145359694,1.52107183162253,1.71929531318917,1.89756281751212,2.08598341590215,2.38661662858254,2.50284222679993,2.56894327484014,2.79131936664104,3.09479538994136,3.2335618569705,3.31957899087251,3.56359265063211,3.62863912364,3.81922433585074,3.78070083644379,3.96196899281011,4.14636846712143,4.18175682600971,4.29797309950936,4.39722097847087,4.40156043785006
"33312",3.83186701602809,3.82631491231739,3.80669022942429,3.81332439803837,3.79835907753177,3.79332821876966,3.78315543551981,3.79139028442444,3.78728092913628,3.76422338356823,3.77903454808287,3.78631054207275,3.79136222125681,3.82158831188027,3.8322721939264,3.86806089314217,3.87708912740337,3.88039248972211,3.88988913691743,3.92695945644073,3.98056099518125,3.99487424607059,4.03195269527847,4.12203767430425,4.1393395760258,4.1376010234683,4.15658567358974,4.1945514716444,4.19382811453318,4.18905494763081,4.23850032092202,4.25151788762052,4.30097034263401,4.29511487851462,4.34140803245784,4.39181689093843,4.40052519990702,4.43295910613732,4.47303761203087,4.49536074045828
"33331",1.62837524836877,1.62151509705393,1.60160014547971,1.59329898287364,1.5799386893732,1.57626525156344,1.57991613990639,1.59671082347309,1.60720211636247,1.61987275142866,1.65021348770215,1.68685849708478,1.7284146673131,1.7918650159565,1.84366048129659,1.93815312324125,2.00657740701163,2.07562312774863,2.15699330343508,2.3021634509458,2.4701248581813,2.57988938799474,2.75844757118479,3.10255976115873,3.23797628907247,3.32879693843536,3.48964945467256,3.67500449452787,3.7278151962324,3.74431224871112,3.92417759420761,3.95592736279405,4.14804150855212,4.10328481040659,4.29709641033813,4.4813596174732,4.54017659365808,4.6928411065952,4.84527594383098,4.89777484313636
"33371",9.15711032781585,9.13825458021183,9.11545994233604,9.08930729779149,9.04767887452625,9.01939776235533,9.03333269038453,9.0075085223933,8.9706324028981,8.93709138001539,8.89559629468212,8.86398858509638,8.82594780047869,8.79032011478978,8.75952548390853,8.72799905294625,8.70292560076269,8.67359756984516,8.67670790650635,8.64399816078838,8.64539812669798,8.67515964598517,8.74445039684175,8.67257857539787,8.66346239898702,8.72739373156001,8.79043382865949,8.77583795711053,8.81165049796882,8.92379969720974,8.94333341300113,9.06805324391435,9.03112188229892,9.19143857423005,9.21692828343191,9.25263739066061,9.3714799966164,9.41005260972431,9.46511838501739,9.65159827175208
"33391",6.1065796448468,6.0802829485628,6.05735976408648,6.02335739573322,5.99226980526496,5.96755658700018,5.9703353888736,5.9497212752322,5.93657411965124,6.01504365042345,6.02041095462236,6.04280418259626,6.08034649234094,6.1321596033369,6.22129795564723,6.31426028918166,6.41232877573246,6.47818935844557,6.5589445529081,6.60923286044908,6.74425271598804,6.80190017852833,6.82840445076188,6.90287620239618,6.8784856408648,6.84950673652263,6.84900688636918,6.85095854585032,6.83890771159877,6.83718358701658,6.85435688177527,6.87999537131777,6.89038707762719,6.94086493275248,6.97399056857759,7.00369675699953,7.05023225017655,7.0725099588751,7.10876351264412,7.18015951488035
"33431",0.420868451003592,0.419284252576719,0.419348034870742,0.417431435539917,0.41590786340433,0.41418422338457,0.413722693929158,0.41610217631517,0.435261504755489,0.502861881759106,0.551585537505233,0.594173380874454,0.638304832099415,0.690687730298631,0.760480505835118,0.855891314291431,0.942856023551427,1.0293665975931,1.13436143845053,1.26199083883904,1.39992106733809,1.49715619588342,1.62080340480411,1.82225249750602,1.87886319484157,1.91868136704155,2.07255004023727,2.24929092764044,2.35239957151442,2.42067119633038,2.63518787389435,2.75528341128123,2.99996877369813,3.00438321154101,3.26261846231603,3.48621499514967,3.60722163466986,3.79732628998303,3.98469317172643,4.06799382777163
"33452",15.0835768706131,15.0194467201512,15.012188559048,14.9421069919403,14.893334728668,14.8371100775372,14.838785185525,14.751656723349,14.6870447480653,14.9589972583724,14.9327144789683,14.9689932112558,14.9754893317042,14.9927295503119,15.1208838108343,15.1669638030306,15.2504326892242,15.3429431649619,15.5222899306568,15.5124692179262,15.6110800054425,15.8447573122818,16.2435459246677,16.28036899288,16.459288235001,16.8407369421311,17.0172103906394,16.9901549981859,16.9785089012367,16.9445278011424,16.8759749748739,16.8856581601197,16.8185247833391,16.9615583222919,17.009122041316,17.0358258658919,17.2027119857076,17.2365454309339,17.3045907598472,17.5959639515816
"33551",5.12044772537689,5.10004609003203,5.0910577657724,5.06697565275401,5.0463799421973,5.02822597491683,5.02427842645876,4.99189134864929,4.97700376028079,5.05041901775857,5.03482441127325,5.02869525548043,5.03252014627891,5.0601675498441,5.10829678904885,5.13636291307884,5.1817271845577,5.2095255951216,5.26098786078191,5.27442658084371,5.30004593334114,5.3372958153513,5.4278791237843,5.45153220222024,5.47606188461918,5.48311121274197,5.44702415936862,5.407123189397,5.3818124900523,5.38311396168255,5.38137684660569,5.42956090335598,5.40803516450591,5.46273482482789,5.49017825713704,5.50795092929133,5.59083105766338,5.61849496178641,5.65303203697024,5.7730773198901
"33691",4.72668324995613,4.71821152085278,4.72479128276625,4.69638769784272,4.68247071941109,4.66337308894128,4.67271354711158,4.6379387506416,4.61184074656804,4.73779137192782,4.71783471629387,4.71105543568477,4.69390155851188,4.68576456790536,4.70292399687817,4.69189102570696,4.71766325663277,4.74192674149844,4.79447137361017,4.77246412169576,4.78348304985937,4.82142361842293,4.89043997703487,4.83351271882047,4.84162433166582,4.94963385953911,5.04791038748786,5.05486566578328,5.10262155359106,5.18387882904817,5.18207856569691,5.31702817529838,5.28451231583245,5.42436529377552,5.43681150441609,5.40700418789981,5.53320949205144,5.55248112695468,5.57347627172748,5.72402524371904
"33751",2.81691781741988,2.80608527548635,2.80757442724258,2.79347488776363,2.78590112795294,2.77510136843019,2.77501909597315,2.75229016958591,2.74137375164657,2.79805770722428,2.79703025407817,2.80086169257005,2.81107678804059,2.82959281232129,2.85754452285421,2.86981378309703,2.89822263898701,2.92996826020749,2.9790105798256,2.98336618242597,3.01303072962444,3.03677161826279,3.0739833196643,3.07879461639984,3.09968246303954,3.14391908619333,3.19088893907136,3.20303552908889,3.22492082400397,3.25492710351802,3.27419485347713,3.33537729001036,3.33658245604284,3.38765282649962,3.41702747205887,3.43911515305024,3.49063967056467,3.51822117611906,3.55806123322609,3.62258422147352
"33771",0.663139980953642,0.661231075743773,0.661700685688227,0.658257823795322,0.656009016290287,0.65308413882511,0.652472064402977,0.649692709885114,0.655094703469319,0.695632583647586,0.71610074065851,0.740952537496642,0.770149876829827,0.802045120444073,0.847458014975513,0.901602993255062,0.951113487999755,1.00808194723877,1.08734706920009,1.16971613154388,1.25749586399312,1.31814005266502,1.43903124890037,1.60385360463673,1.68543463497141,1.69331686237705,1.78562646270639,1.91896494377398,2.0491297285695,2.16919194736412,2.40984271297716,2.60186946209682,2.92911332038496,3.08885943031042,3.42721145568878,3.8847178721638,4.09113120581302,4.43721210820057,4.84389088146176,5.02056261126463
"35234",0.295102742187344,0.294675460155555,0.292468895629477,0.294338103713949,0.294453736494002,0.294525275068154,0.292379705675232,0.293696189771593,0.294512277055788,0.293298304063243,0.30100832983495,0.307221756443733,0.321417467837262,0.345238841563021,0.370986029407987,0.408269207760524,0.441410742780612,0.480204206963301,0.523241227838643,0.601719122522478,0.688905897825621,0.766950746217064,0.864755679574579,0.97757572280098,1.02518120651304,1.05518795453828,1.15322893422131,1.27398741946013,1.32944896036768,1.37351125416544,1.48905630083016,1.52132460231232,1.6428576355912,1.63669795331776,1.77903368894181,1.95364992734494,2.01086841523655,2.12946428262727,2.23684603113475,2.30902746786675
"35331",7.90095300641631,7.89019671405881,7.86761502371154,7.87715744546565,7.8503273847556,7.83359633746081,7.87229841304497,7.87382395498125,7.83345457096064,7.74738460109726,7.68387117893663,7.62070411568416,7.56403340359677,7.52045167708969,7.47557222606339,7.43704547856955,7.40636224581248,7.37771517276362,7.37370640592078,7.34540630413793,7.33955850853319,7.33866140315073,7.35775803467415,7.31635471626165,7.30490868045368,7.36455057528766,7.4388514481679,7.41807860857029,7.44244731091941,7.52358097107463,7.50160151052489,7.57748956029083,7.53173521637633,7.66619227003497,7.65407440889136,7.6492757273078,7.7101338938709,7.70086809376393,7.70916317149516,7.81601000710781
"35351",1.25642830028059,1.25263022926705,1.24657567423324,1.24264129211031,1.23629745311014,1.23101733750065,1.21888373471168,1.22176046787431,1.22984596427241,1.25826637386724,1.27565163385605,1.30985209461537,1.3292607201608,1.34258414233755,1.34026683951773,1.34450138447179,1.34340685544488,1.34259035040213,1.35123390714943,1.37203671379227,1.4070949534563,1.43470448745987,1.47992388165231,1.55821034694979,1.59265809981642,1.63020689250085,1.70996435115622,1.80253367684095,1.86184104382136,1.91096409671287,2.00815997572859,2.04275079680806,2.13081237667358,2.12640527326505,2.21416342016239,2.29280001902592,2.32431855267222,2.39533648887315,2.46914525007108,2.49156989565057
"35372",6.93809429896049,6.92398748700002,6.89897078734607,6.8930725839276,6.8624983267051,6.8438083601694,6.85926218327937,6.85046679165788,6.82611462811029,6.78686880578978,6.75930267618823,6.73351653493401,6.70809528876113,6.69268275257298,6.6727936606174,6.66286289962021,6.6416687182134,6.61167941687583,6.5981501197264,6.57470721451807,6.56191378666608,6.55794587610514,6.55703816327347,6.52948862534748,6.50839610330003,6.53897129639316,6.57416094333,6.55023930938769,6.55331273563527,6.59327704994777,6.58270154696987,6.6348827672329,6.60936529718882,6.74129016089256,6.76036993358963,6.77465975648996,6.84381184712537,6.82475360487722,6.81899369713234,6.90130964522797
"35393",3.37265903818585,3.36256619039023,3.34998104180172,3.33812267789055,3.32025982406047,3.30921254134787,3.30969097526175,3.30204027488944,3.28771083913361,3.30415536471216,3.30581224901242,3.31098169214649,3.32465394421371,3.34653085916751,3.38081833822008,3.42796139174923,3.46507482927401,3.484931877835,3.51352656227489,3.53671427773813,3.59023487661659,3.59807544956863,3.59845140321355,3.61798318716698,3.60186885360534,3.58976343351871,3.59160743771929,3.58726702353644,3.58306964483242,3.60596662528355,3.6407201507215,3.70817330370266,3.7461673339607,3.82251669147194,3.86851008200195,3.90755983585932,3.91816895935568,3.903841706367,3.87663052942847,3.84264711700643
"35411",1.28501434965533,1.27770949546367,1.26938476300697,1.26159970156134,1.25543418047691,1.25130009983572,1.25697786870624,1.25600036606251,1.25680416556693,1.28882162384006,1.30295687100189,1.32549403896875,1.35029165159429,1.38494547119009,1.42869246088618,1.4895926816417,1.54660177347287,1.59968819743434,1.6648907046347,1.74045156236789,1.84975506564932,1.92582732381774,2.02381651542038,2.19703374484831,2.24931320833382,2.29209633857832,2.43766158253357,2.59276228173509,2.6738029544536,2.71039513132017,2.83007940589028,2.86690953548326,2.98922785789936,2.9645468351375,3.0934968524991,3.19820849342066,3.24159563015818,3.34498531810039,3.44992064162264,3.46815313428792
"35491",1.25649314257809,1.25175119679473,1.25119080032718,1.2461015051595,1.24171927203174,1.23669026596426,1.23579739403102,1.22865436731125,1.223108783139,1.23885734519558,1.23599749092471,1.23587131074803,1.23774234232108,1.24885627948578,1.28474368386082,1.30984324406052,1.36596687343943,1.43836654640503,1.53476917306057,1.59653628909623,1.70894883947686,1.84184048971673,2.0024990060228,2.21741605909938,2.33989685085267,2.44439559933088,2.66521891540611,2.86782390950904,3.03568654003978,3.18173251577325,3.42067077023883,3.55190683645535,3.83553195665718,3.87494498022083,4.13550824017193,4.39460360441721,4.51126293810493,4.7028131049878,4.89405779863456,4.93058359370221
"35511",4.75722775730769,4.7368029131155,4.73331076846437,4.71508340198775,4.69998612653176,4.67974513249827,4.68181047769281,4.65129100685647,4.63320124387816,4.71193558423039,4.70463682490695,4.7115598412013,4.71397714444788,4.73002847684628,4.77602288133731,4.7983428053891,4.8306172186264,4.86294744189797,4.92225555335267,4.92478069354684,4.94955428965504,4.96892342754438,5.00260098035344,4.99386802021626,5.04363463526133,5.28655331277787,5.45708331140991,5.46137372649885,5.52225998983905,5.56809732387219,5.56744077866603,5.53807519503613,5.51054125724478,5.49597848759363,5.48608401309242,5.47762793523187,5.49311112264101,5.4887514947468,5.49501051944215,5.54974129362178
"35531",6.28749063082459,6.26180913749517,6.2488802182639,6.22800333808719,6.21193926453865,6.19350459115144,6.19940586186982,6.17455833486238,6.16457684563782,6.23479732302374,6.23134912977791,6.23664585036436,6.24098848467955,6.2755909181022,6.32821564534956,6.38248675847188,6.42071450080755,6.45072523722049,6.51040695552347,6.53350830019628,6.56875146834547,6.58622693678727,6.6240764445731,6.63065326242073,6.63265582738335,6.69395282982591,6.7583545336506,6.74672545966141,6.75702386324837,6.7859819414882,6.78921214642683,6.87694106659005,6.87799130411941,7.05293554719134,7.09817296204245,7.10625690317026,7.16383951531607,7.14994056940419,7.14557297190483,7.1842972406624
"35591",5.75818789590264,5.73559893901315,5.73582826815965,5.71336820632669,5.68940921619033,5.66540137396348,5.66610462060768,5.62689152995211,5.60161122916605,5.69668814418235,5.67971879526678,5.68103815600947,5.67738726961516,5.68373278711106,5.72066615752453,5.72361512857449,5.76537804635131,5.7997341674711,5.87165785624719,5.85414325702895,5.88411338394476,5.93218935672185,6.01511763224497,5.98243197428346,6.05581986519952,6.31859101436259,6.45636382718751,6.39966624263397,6.41061880479187,6.42226769507515,6.39147670916747,6.42244017624493,6.3937467358412,6.47780963242247,6.51658000352698,6.52624237777008,6.60108662989334,6.60942545106059,6.63830719571568,6.76801546219143
"35691",6.50213070622842,6.48201182712902,6.48525757472247,6.45192242633347,6.43396294498644,6.41254198715805,6.41278634080405,6.35919432610275,6.31844900422436,6.44083909149389,6.41564875890622,6.45184532128319,6.4960299368107,6.52008240991613,6.57098341723518,6.55822367558704,6.6106412448041,6.64821515492254,6.71544186338739,6.68147787496595,6.69532128661848,6.70812090863833,6.72140300086196,6.66757172436487,6.65812994064894,6.74858100594147,6.87197871944762,6.897517243844,6.97035927877453,7.08585190225987,7.1117830735819,7.30216829870664,7.28178704575476,7.46946416454545,7.51785421867887,7.5178625700775,7.71548792169391,7.76154231676927,7.80763006952211,8.03307234890063
"35732",5.37891223389102,5.36714889532984,5.372561729557,5.33563324529431,5.31219739364353,5.28717490552203,5.27655476157979,5.22789373031811,5.19110320632844,5.23344345711247,5.21827720600291,5.21344272198964,5.20995331490959,5.21091777742357,5.23446507687241,5.22231991141518,5.26052238786265,5.30010365984881,5.37986865256017,5.34608174771411,5.3623116694517,5.42665571917647,5.51992723263918,5.41632998606194,5.41801584935725,5.55083376061501,5.65160180413124,5.6385727533631,5.68274911008948,5.76827863892311,5.7506377992851,5.90181082347824,5.83421966816393,5.9704820370603,5.96953133001037,5.91735220609773,6.04968573170233,6.05628818555617,6.06717931027981,6.24028531738269
"35751",0.074656941851316,0.0744096231883366,0.0744505616122359,0.074075429778483,0.073802422669387,0.0735076536476855,0.0734792544523637,0.0729983055009522,0.0727611265556947,0.0736528740399735,0.0735014741753864,0.0863049276915205,0.146221357267396,0.21820711194483,0.31715515668811,0.39205416029443,0.529417461541244,0.665694664210391,0.765785897783297,0.912403714372067,1.10194875317157,1.30132990495002,1.55796168350302,1.92404216110508,2.15313253777156,2.28106851303192,2.61791588485191,2.94048252108461,3.17629902823264,3.32527126824281,3.64138116806006,3.82791508692509,4.19384160085995,4.29476747574884,4.61910637247083,5.04581253294971,5.16448844430999,5.43888934424025,5.74303880934472,5.79489707849599
"35774",3.72018352394457,3.70214332208439,3.69772117311196,3.67918661518418,3.66703034590357,3.65712239532227,3.66485479109191,3.64569996820654,3.64756289562703,3.73059767115807,3.74584005768469,3.77153171359538,3.82856277263904,3.90489464259056,3.98785610107441,4.07787032916948,4.15162603851958,4.2431255062796,4.36869929205658,4.45737912456601,4.54522565308289,4.68633299821584,4.84059013508334,4.9849919181257,5.05989921241338,5.04439685544445,5.02883435815776,5.02230087746066,5.00655275314497,4.98760158243222,5.0136246458371,5.11427110901199,5.26838599589163,5.49594726350237,5.70647655831004,5.9654365807876,6.11505223520909,6.22737708068041,6.22355469187189,6.06325669865837
"35792",0.0463421151476094,0.0461753237961844,0.0461600277178696,0.0459527394688397,0.0457956765416794,0.045631727998271,0.0455585217661559,0.0453609765026005,0.0458135241789252,0.0485896279239152,0.0503444032075771,0.0580528784030419,0.075604722953398,0.0955395185653833,0.126257362985338,0.149860378628365,0.192841469336498,0.237456545237459,0.27615101960962,0.329696057027882,0.398049239575436,0.47146490981047,0.563119777965545,0.704710525139222,0.803597964561117,0.867234052048428,1.01296523230736,1.17074464374076,1.29330330228239,1.38670291335637,1.57189403005061,1.70640119793127,1.97916079568528,2.09561108441558,2.36616304376769,2.73053176838553,2.88205169512411,3.14879457553323,3.43751614896201,3.55558906816827
"37254",0.926214798623856,0.922172589579359,0.910545747008606,0.90768808494697,0.900157749915008,0.896980150951946,0.894819946522239,0.907499115575202,0.918191564598846,0.911071801728609,0.930930069428915,0.947999021524666,0.971955492170139,1.01209004101431,1.04085694950339,1.08252792623824,1.10262030023786,1.12168599300744,1.1330617440496,1.18302793883653,1.227576637381,1.2559960135902,1.28920636904755,1.34483783017505,1.35304553608312,1.35077133560581,1.38100897896717,1.44930409260976,1.47823246968171,1.4995585763139,1.58534680846672,1.60531227620126,1.69642198954024,1.68348101765402,1.78239666876367,1.91657082370397,1.95758812390525,2.04433736497874,2.12185199374144,2.15774853170413
"37274",10.1767012615698,10.1460980157412,10.1058216582625,10.1644324812763,10.160864455949,10.1730591336698,10.253279632971,10.3022303821085,10.2692352437919,10.1164726151364,10.0149836535445,9.89045843990718,9.79453119996736,9.73157512464222,9.64543240119794,9.57667486432503,9.48487635140056,9.40925615899303,9.33603638873029,9.28613805020241,9.23141006362541,9.19685703118462,9.15891768745328,9.1119755465659,9.08172432574503,9.09316634863933,9.14287193895448,9.13260352678358,9.15079924275279,9.22530242627158,9.21864638390139,9.2989763161493,9.2837747603055,9.46665751137303,9.46043073359997,9.42134151427338,9.44992052335065,9.40378882344292,9.39099154490106,9.48012139691829
"37333",4.7009873929067,4.679422534228,4.65157904758217,4.64454333731424,4.62491928812329,4.60097430969954,4.5895799762203,4.59461293741952,4.57801791138848,4.57178848328637,4.58354467775435,4.59656526752902,4.6015686743141,4.64752718099951,4.67409906866201,4.7195975544336,4.74173998095007,4.75826224735699,4.76676441062518,4.79309863164449,4.85428572749436,4.87806304799185,4.90302583955494,4.96156285739843,4.96152553284242,4.96452834537977,4.98961675872488,5.01996736436902,5.01884462973142,5.01680417654992,5.05958076105635,5.05847836513611,5.09851774491258,5.09248958547479,5.14122293911692,5.18375955173375,5.20000727507633,5.23205551269983,5.27056728547221,5.28082813677644
"37371",4.51061065996849,4.49605479736935,4.4597599168276,4.44750318789488,4.42707256139124,4.40706622624601,4.39518942492227,4.41586579934388,4.43199215071266,4.46079504110156,4.51304085299291,4.58650106510045,4.63634205859591,4.69366487400266,4.714146142435,4.7588910418218,4.76378903153385,4.75027270365149,4.73790785302665,4.76858251024692,4.8016411508355,4.80776424172356,4.82898038750525,4.90908094135371,4.90920381814555,4.91199779454077,4.95617777704944,5.00376197064578,5.01355793155233,5.01921709318147,5.08499128419468,5.1032167832046,5.16535306766086,5.16772274649466,5.25255762588767,5.33920546572254,5.38414770730206,5.45405331506857,5.52472309407255,5.53192055133847
"37391",2.68139206256645,2.67602906433664,2.66495614833593,2.66444330339476,2.65393005064278,2.64491143474087,2.64055794032941,2.63986611992751,2.63312594331927,2.63693595309221,2.65040893958304,2.67215477294374,2.69689971689454,2.73467210738811,2.76891991616429,2.82607770554932,2.86060694096509,2.88842734900654,2.92155272537388,2.971270849156,3.03534370574977,3.06825842662529,3.11400412590987,3.2167045139877,3.23746918880509,3.25185308583523,3.32413077472873,3.40184755427983,3.43332633339524,3.44741925204831,3.53317883277185,3.56114221268557,3.64921252226601,3.64099396376868,3.73995065894753,3.82647823293847,3.86498399113438,3.9513988307094,4.04397468654763,4.06802015461845
"37414",3.52202718847707,3.51136527239808,3.49859425550068,3.49184153777059,3.4764611274373,3.46262594935144,3.44977008294612,3.45026677986114,3.45140616971017,3.48738071141908,3.51299795495632,3.53992561602977,3.56443235795822,3.60424469834709,3.63878625714703,3.69077495111529,3.71466878261875,3.73107962954508,3.74625918528039,3.76641232187393,3.81395404162465,3.80616706020114,3.78195018878624,3.78486683776271,3.75368419834104,3.72891834966,3.74134500253713,3.74993559665812,3.74196912425042,3.73130285852148,3.72866920843492,3.73267838541455,3.73049173300608,3.75347858039843,3.76626997359001,3.78060167135164,3.80457226972758,3.81094134795398,3.8232545747606,3.85140099246062
"37451",4.25648403869676,4.24154426005378,4.22565477839051,4.21379307094871,4.20176731555702,4.19461479719527,4.18180514932784,4.17304981663356,4.15731644478773,4.18662459705301,4.19120413842465,4.19553876802433,4.20453787703487,4.23704734034891,4.27211417836925,4.32070474427031,4.34960798557252,4.37440727158009,4.41146474372927,4.44309810305865,4.47308014180006,4.49890565211212,4.5230016739144,4.55968986046881,4.54568470646682,4.52241284371194,4.51332937025374,4.49957318535789,4.49349969441331,4.50037292075907,4.50282978825725,4.52358401350644,4.5166297568332,4.55787873929991,4.57224262392425,4.58239332397329,4.61658434853451,4.62370475095094,4.64373033663522,4.69698365572518
"37472",2.35790830376475,2.34607279173458,2.33659223224771,2.32665751112804,2.31746123674478,2.31123657637264,2.30674614039933,2.2999366492246,2.29466353895495,2.34619597817659,2.35797424907436,2.38386928725716,2.40849568462551,2.44704389880975,2.49548460160064,2.55577418922832,2.6038350486552,2.64750575382478,2.70742551129396,2.7721415480899,2.83235599173898,2.87330730519411,2.92093746019595,3.0089916998436,3.02232648634432,3.02382742035703,3.07100489928711,3.11045626401712,3.13175211150553,3.1465686091985,3.18996608199716,3.19910933410166,3.24537857287552,3.24713220809117,3.3161560200946,3.38332558667978,3.42337094400214,3.47566730309853,3.52488791252443,3.52077778016028
"37491",3.34058027099782,3.32557233538253,3.32068886027673,3.30752011637675,3.29463766451289,3.28163575559227,3.27182616396466,3.25604717758734,3.24887799297774,3.3151113338822,3.31280821809486,3.32455584499058,3.32423496362702,3.33235972867455,3.35388765177026,3.36916436743071,3.37941821035261,3.38905246114975,3.40824963797493,3.40496898304017,3.40746846107987,3.41923427888251,3.4510122612746,3.44802954102644,3.45165210758397,3.46659988171887,3.46774191882532,3.45208957373928,3.45360867696549,3.47687485823582,3.4813663771484,3.52794395809731,3.51547607760856,3.58189406780427,3.59705601897258,3.6022362226718,3.65399491860613,3.66359887780828,3.6834117448327,3.76576097229738
"37531",4.96695360272753,4.94277890024329,4.93039324070705,4.91570055269943,4.90069298951612,4.8855927445971,4.89291527160225,4.87098650238841,4.86503469849713,4.94858176599085,4.95170818298455,4.96715356497904,4.97432022286305,5.003286233732,5.04954625085268,5.09123191036414,5.13042610432318,5.16736857891096,5.22701417765812,5.24445745935143,5.28204083200805,5.31582340284011,5.37147785572222,5.39997780401168,5.41615395355093,5.48409539833011,5.56677705606358,5.58068765277876,5.62732341838742,5.68221015874641,5.70938343079267,5.76827559742414,5.7777740475848,5.84782988093363,5.8878550877861,5.92281416429841,5.9935082885981,6.03531127435864,6.098092290382,6.19985266708446
"37551",0.561255184173627,0.558983608048445,0.55832945741221,0.556662192157315,0.554794060093895,0.552767905648302,0.551860248572953,0.548746195747083,0.549374873236726,0.571098289380395,0.578798387233483,0.592393562624548,0.606858454978869,0.626814352410502,0.654563952859187,0.687551273256326,0.722820561837537,0.7600717545659,0.807886941123254,0.860774272204899,0.922959238675798,0.970826570979436,1.04362464207558,1.15902596227552,1.22013691473392,1.27307928946546,1.40836518763428,1.54201015882102,1.65430372863445,1.7572152889991,1.92702811754532,2.03485369874671,2.2570784956015,2.30098937456468,2.510603594117,2.76338838440121,2.9022138016157,3.09548067137187,3.27575665232764,3.32766881333948
"37671",3.83537071693637,3.82399476293331,3.82334781392503,3.80233530432648,3.78604391563059,3.76901045377067,3.7675752668934,3.73499396079575,3.7125873523777,3.7889566106178,3.77700418911026,3.78712990005536,3.7851164404739,3.78776180907075,3.80605116321392,3.80096816963834,3.82639175489857,3.84945971060502,3.8979680027669,3.87821105492183,3.89535065296183,3.92875739917933,3.97818706707667,3.93565135860086,3.94800857240387,4.05221867975383,4.13693116065998,4.12983252272409,4.17029621352683,4.23682174242301,4.23934976579398,4.34419087559309,4.30716130631352,4.42090822755264,4.43372198329833,4.42069003409267,4.52919591345932,4.54626718785452,4.56459777016635,4.69463152795472
"37691",5.72485997400124,5.70448755505526,5.69813535005812,5.6630255490284,5.63822087719315,5.61626498389426,5.62336174481996,5.58226749738655,5.54450703226471,5.64471917537969,5.61915113194714,5.63646967215871,5.64899602060659,5.65772996697302,5.69028870947465,5.68155363219141,5.71823125105357,5.75030112230024,5.8130227588855,5.77978103647177,5.79846372948542,5.82411344700499,5.84354975505341,5.79086462257358,5.78105063569417,5.85129691041917,5.94278712568615,5.9499058909502,6.00262291258124,6.09135157016634,6.1088744758171,6.25693944283084,6.23382367373719,6.38562509100828,6.42372084757284,6.4249934810445,6.58715637319125,6.62896425901238,6.67283765020765,6.86434476122333
"37711",7.96216601548664,7.93477426767851,7.92815432646201,7.87516803279072,7.83965863066064,7.81306751144304,7.82022893929699,7.75669918594223,7.70367471960077,7.84348560342087,7.8014673810775,7.84818308377192,7.90524062594654,7.93177327633214,7.98457080167476,7.96027117407693,8.01009917131666,8.04806356992798,8.12470045398589,8.07797212322953,8.09716948353484,8.10531671731954,8.10080791207949,8.03448998363311,8.01875875579188,8.11750602354745,8.28766941562387,8.33731471895739,8.44623684022204,8.61784361376274,8.69687555423517,8.96015017343756,8.94607656338085,9.1836598618389,9.24780875999134,9.25199274210878,9.49503876758576,9.54489954453542,9.59536685780918,9.86961296773426
"37772",2.35793940132869,2.34928717722809,2.34776020706984,2.33663195302677,2.32796373214163,2.31900445909727,2.32067625118952,2.30685824364833,2.30241667924086,2.34359614457632,2.34784692645928,2.35489308799224,2.37464678986765,2.40490604575405,2.43773349924976,2.46930961444955,2.49914809150759,2.52745572402295,2.57841424932655,2.60031666720025,2.63271031867345,2.65395187922403,2.67415551615501,2.68902041472164,2.69733975716194,2.70233763054367,2.7171996412149,2.72178094859345,2.7311403861923,2.74672798072392,2.76184861777137,2.80740462235105,2.80965210240622,2.84935446958715,2.87341289443255,2.89388674384877,2.93437245509832,2.95613362076598,2.98481952154056,3.03223243099427
"39191",3.79886721763767,3.78722022104865,3.76545087645775,3.77149341408208,3.77716502853983,3.77166113797689,3.75471939418346,3.75313624845865,3.7775423207615,3.77392150905358,3.79982708134264,3.77900230108769,3.8097215933577,3.86719027324391,3.91351148580961,3.97592758289625,4.01094102997626,4.0308324733508,4.0420871130638,4.11779800744348,4.18440381573267,4.18806913466747,4.22033776606058,4.26690975226372,4.2789299609497,4.27923683833912,4.27487317312947,4.27198700749129,4.23715654080586,4.17784772732348,4.14668509013087,4.11153483641808,4.09832248731307,4.08073548268284,4.07541176720811,4.07595122437861,4.07534060779202,4.07720831114663,4.08606497415416,4.11410047658987
"39251",13.894936927884,13.8378512912943,13.7569639419195,13.8221636692312,13.7827828837317,13.774273897349,13.7389422244448,13.8112849496072,13.8361010877,13.6806257951784,13.7161153483986,13.7063767764202,13.7378242878443,13.8418390927167,13.8423202406561,13.9167412536484,13.8698405474973,13.8199175113488,13.7365278489549,13.8211817047581,13.881142169118,13.8660873169699,13.8480634229112,13.9021264686462,13.840523804385,13.7705618395937,13.738543062639,13.7605204610466,13.727940234146,13.6877599965626,13.7215555883609,13.6882512340117,13.7235756895528,13.7046542434173,13.7612056141382,13.8626712647714,13.8701961298483,13.9096267731455,13.9600869751029,13.9927764080232
"39273",1.57188509994486,1.56471371207868,1.54939633517868,1.54602290005096,1.53476668982568,1.52957952936564,1.52432235350776,1.53574237307865,1.54457984384116,1.54170561925847,1.57317730869097,1.60971292785137,1.66342572980157,1.74814620202515,1.81410293880863,1.92673720828907,2.00342182783009,2.08236428809088,2.14981255088424,2.30679210055597,2.47045872388969,2.59683069354227,2.76285681580446,3.00840695376474,3.09445029132035,3.13945940781238,3.27001988594839,3.4741818497372,3.56724745590438,3.62019079870362,3.82877800259584,3.85717642539915,4.04605690347262,3.97140932781835,4.1686635607926,4.44869801217295,4.53147950764136,4.72059347478017,4.91059807010471,5.00753293609264
"39311",3.04857427318844,3.03356914496299,3.01256008746538,3.00384857660767,2.98720864280173,2.97234161659815,2.96801010063136,2.97712628180224,2.97634196437939,2.97917860340211,3.00218239286484,3.03003234514093,3.06089052731952,3.12371799699879,3.16498551870509,3.24032275874466,3.28370956164012,3.32645963165311,3.35724648018218,3.4248888326243,3.49625975714038,3.55576188553212,3.64247990927919,3.7914331076306,3.83550450427097,3.8460481559257,3.88294053067408,3.95659505910335,3.97518362656054,3.9784648464746,4.08526948081341,4.09094892960229,4.19346710047284,4.15632350582895,4.26240647859407,4.38063958044071,4.41358120497333,4.49821019197682,4.58462585536685,4.59655100321088
"39353",4.56496135981995,4.55182134161839,4.52953028934694,4.52474401545113,4.51229050620787,4.49653803142118,4.4860295034708,4.49132912887308,4.47983183566585,4.4711930939024,4.48125003819213,4.48698918040785,4.49546599049796,4.53914066991837,4.56366195789097,4.621299193646,4.64738929972882,4.65012714824443,4.64996830216349,4.6788362674347,4.6965785191518,4.7272921764096,4.76378186149215,4.82789690076401,4.82775289187359,4.81621870739015,4.79068372664988,4.77248962157064,4.73814454506614,4.70690238746457,4.70514793578478,4.68537000230389,4.68484829736318,4.7041190938986,4.7437730241868,4.78864683097633,4.83271082097813,4.86676575401816,4.90815807368767,4.93245443748622
"39531",5.37912849070245,5.35341515702225,5.3461796758723,5.32991671305862,5.31074610087604,5.29199125361939,5.29562616381168,5.26454197120178,5.25239384700966,5.34566810827358,5.34136062690065,5.36680262783384,5.43039319139722,5.49830598833695,5.60429376886185,5.688216729224,5.7898113209721,5.88274247047797,5.99280269088469,6.05243643422073,6.11392135946689,6.18132690496474,6.20517914563599,6.22471548599067,6.18281345427754,6.10063495835768,6.02509231788794,5.97995026059769,5.95246522923886,5.95208315053203,5.94449090825665,5.98015253771163,5.95916595470962,6.03045165409786,6.06097829119278,6.07615130640458,6.15911868211245,6.19349400429993,6.25099705331667,6.40253610302015
"39551",6.37943017920702,6.35001033673415,6.342854100044,6.32309860551188,6.29893900786645,6.27368834693336,6.27222548971438,6.23593416208956,6.21553597272946,6.30810534109282,6.29753169637308,6.31014847117623,6.35572260426482,6.41611114862089,6.50940733894854,6.57172897981248,6.65768370546602,6.73187828868212,6.83666362950725,6.86816013892403,6.93983635237856,6.98676574560078,6.95946640782022,6.91794572100488,6.86642431170871,6.81701867515389,6.79801950734465,6.77134609232431,6.77677078365015,6.80758420792908,6.80293416492923,6.87436618123429,6.85827454143411,6.96918895565909,7.02081005435008,7.05142755597562,7.18442064742447,7.22798550221303,7.28356981098919,7.45637353017131
"39611",1.03303216168406,1.02813924355076,1.02854585502643,1.02520327531737,1.02216317015361,1.01794385113267,1.01832313165306,1.01204217088173,1.00939171916896,1.04036199629226,1.04231021251896,1.0538223766237,1.05997427363714,1.07565792262384,1.09993038746686,1.11814948756792,1.14818166285132,1.18035376959888,1.22688007802998,1.25233648013264,1.32059303129694,1.38472057925452,1.45368525380043,1.52102570351341,1.5525562110511,1.57911015482047,1.63341115379554,1.68917998862722,1.74130378337629,1.79041692919366,1.86305039302057,1.90944187270521,1.98285161057616,2.01134144955141,2.0869254603905,2.18341385304275,2.23420547052196,2.3075644217343,2.40172200539273,2.44936279048577
"39691",3.51304902584111,3.49733703895337,3.48962939861474,3.46921724112218,3.45420607442295,3.43808891940079,3.44516649368404,3.43184262997293,3.41433840777984,3.48907133268385,3.47564625873671,3.47274005934126,3.45574476664707,3.44290581065045,3.44613157524867,3.43967061446992,3.4522807880444,3.4663448485657,3.50156499459034,3.47948880876426,3.48672660214423,3.50808269595601,3.54292883166503,3.50555757380688,3.50993842215207,3.58355795326175,3.64528520030903,3.63361301528687,3.65897167946102,3.70371249707337,3.69864635132069,3.77871361865199,3.75004264647317,3.83811631563596,3.84688626827445,3.83444600722068,3.91915042650531,3.93135775309999,3.94536453874333,4.05071063184479
"39711",4.20924277661675,4.1904748716276,4.18501089932972,4.16127498416144,4.14844322613766,4.1389892039281,4.15562870511084,4.12339291364522,4.09459891592406,4.18717434809903,4.16617927824743,4.1659404936749,4.15386414588661,4.14575210461904,4.15965268748374,4.15521810411039,4.17937378311922,4.20425699361192,4.25908208322392,4.23416893272228,4.25616701366911,4.31148276523521,4.39285214190932,4.34024108604202,4.35336093703467,4.44006092293856,4.50633727954054,4.49278982801986,4.5238623928877,4.57923270216697,4.58268201733195,4.68168137293768,4.65337281522564,4.75966484036132,4.77101002215942,4.76030304218285,4.86299757302784,4.88197430998671,4.9054889608057,5.03843208526835
"39751",5.1725001598039,5.15519481492787,5.15483176164059,5.13300666862436,5.11209935358049,5.09085401895727,5.08929019108708,5.06068354845682,5.04445372099606,5.11239554519745,5.10575727135732,5.10578619814194,5.1330273434789,5.17068505400572,5.21877736318364,5.24870549346324,5.29002481264381,5.3350460960445,5.40457068156935,5.40213734992396,5.43011233144258,5.43757955073468,5.447226892647,5.42037389674173,5.413802766197,5.45526594314065,5.53367747490294,5.55703605492234,5.62177977252699,5.70470573959316,5.70174431256045,5.78727500811325,5.7308293766356,5.75371189406547,5.74508260919435,5.7306125528972,5.78972508085187,5.81677359087089,5.85738228867805,5.98850660442569
"39791",20.5287526213676,20.4752980165164,20.4834172231714,20.4410824471928,20.3807060560244,20.3344881311081,20.4729678149006,20.4269591857396,20.3189353478875,20.0949967901035,19.915052593419,19.7727673370793,19.6588002899748,19.5573518627341,19.5088781992173,19.460434521161,19.4740181242023,19.5287039072034,19.726762163643,19.8093107720789,19.9433660813288,20.1466938547356,20.5238182609884,20.5886534670198,20.7229939752806,21.1432426034618,21.7487418915402,22.0447359095626,22.3551045232527,22.7054328353536,22.9035410580839,23.5197363754321,23.6313864569783,23.9802206468761,24.2147049374522,24.3543536338384,24.7458751167872,24.9651322885206,25.17076879198,25.635447739982
"39814",0.853745055918277,0.847322105655221,0.841236047349999,0.835656635324999,0.831756117303468,0.830402995226312,0.836489299563633,0.838777836511047,0.847437024875125,0.8768190701186,0.89534162314566,0.919648935274389,0.953751584039395,1.00589364805805,1.06068084645743,1.14363056222145,1.21108184762791,1.29538432032721,1.41171326127427,1.56723092238933,1.70893085313759,1.84885078308378,2.04631056637882,2.33586478584863,2.51950765175688,2.61243972114947,2.83515022777295,3.07453644260668,3.20429056201178,3.25781660175257,3.37279336566282,3.36329942495138,3.50284942112924,3.48784171760911,3.60481011313932,3.79881869389465,3.82015221623596,3.90834402203858,3.98462955816701,3.92118226996205
"41192",4.49691827463405,4.48227462021333,4.45785182551685,4.46260478822161,4.46465217947472,4.45926009199462,4.44996177385609,4.45388229914977,4.45184748982598,4.43934258194446,4.4542947573915,4.45732282867038,4.47790140282434,4.50637830659218,4.5183489707234,4.54835906524611,4.55635876047791,4.54562778650339,4.53370723245399,4.57990694662642,4.61785052708304,4.62431262188962,4.65097646266363,4.68166026650051,4.69623282734568,4.72148259716024,4.76666125146997,4.79475958369122,4.79618977842156,4.78513224042399,4.79168973987134,4.78807831606824,4.80241271306464,4.82124726082079,4.84112222594876,4.87738385698254,4.89207412332175,4.90915824487238,4.9325690568734,4.96528503775957
"41333",6.53343374643679,6.51092997648013,6.4820885926107,6.46745866962442,6.43817318740151,6.41121812226569,6.393634804801,6.39534236143087,6.37945086048164,6.38018632512479,6.39270128181555,6.40536770908589,6.41818033156782,6.47353588268569,6.50202542855505,6.58973933832488,6.64249353228724,6.67241573657985,6.69212527118609,6.74528295578775,6.78034807539172,6.83839862819918,7.04965309272146,7.31462722343962,7.50345024655906,7.69232749729917,7.70034386750024,7.64872077787448,7.53729736878305,7.37523432398016,7.30706239252091,7.22187595939282,7.21992571783717,7.15167560826128,7.11253397643152,7.0670370603593,7.01632052585241,6.97925144761326,6.96634433204175,6.98087585990387
"41374",3.690208064469,3.68382547732835,3.66832695939005,3.66891225776055,3.66154883318594,3.65468274963066,3.63946051506433,3.63853677604819,3.62190042563389,3.61376645696235,3.6301219454002,3.65767487240497,3.68609974571807,3.75550595813116,3.79681315997568,3.88798187081381,3.95065312856063,3.99520780710721,4.03412414567714,4.14155648787558,4.26641983947367,4.32179976648781,4.45135042125468,4.6730300329033,4.73103749569102,4.76490368910552,4.87149009157903,4.99613848484563,5.02912717972543,5.04249871401998,5.25837309266354,5.3430893254556,5.5764158676204,5.58794099518495,5.81446356549466,6.00321796521503,6.03177478896547,6.12285349358831,6.20493209074851,6.15073167118207
"41391",4.40371186479601,4.39646892164374,4.37730557449274,4.3785430863654,4.36492756310071,4.35567724609311,4.34997239236356,4.36487373911521,4.36177912891157,4.34829095394218,4.3650198791953,4.3637069302064,4.38431376965596,4.44352942206201,4.47176787165402,4.54218852337996,4.57422809522747,4.594238233628,4.59796580309803,4.63807784914744,4.69792250869097,4.64801804307273,4.65178990636219,4.73439563210575,4.74220240528796,4.74513202418743,4.77547443905421,4.80505556431109,4.78998342993891,4.73993749853585,4.71294057779875,4.65042179810013,4.62562841117913,4.57390946487122,4.56011185154399,4.54910734647984,4.52918643453321,4.51407107936902,4.50124021369677,4.49320256671871
"41411",2.32151359241175,2.31593058914958,2.30616082535397,2.30115877067177,2.29199354719653,2.28404890017878,2.2780301855311,2.28242873634668,2.2837128904746,2.29368131322838,2.30640289716657,2.32004224993629,2.32825215101844,2.3457137550491,2.35345175570004,2.38399489023301,2.40545330282068,2.42895700946235,2.4634718744388,2.50978432874007,2.58728337140239,2.6316367493039,2.75327074071056,2.94989955697777,3.05279996871051,3.14762661297477,3.28866375812801,3.39211843650682,3.41834198107011,3.40294785345725,3.47156592714665,3.4606407981822,3.5292018536101,3.48045476511147,3.56454687478654,3.63995395374516,3.6580496446632,3.73331595323013,3.82073502343704,3.83841971542404
"41471",6.14098708042138,6.11287386298263,6.08926961027161,6.06531978109524,6.04166776388407,6.02000860733796,6.00995131385237,5.98732486817793,5.96725849723748,6.04961301304856,6.05115213300234,6.06579991149707,6.10684484539108,6.16637169672568,6.25684612565111,6.35721617532509,6.44751153061746,6.54241591572621,6.63885922477876,6.71164339727067,6.81477010527033,6.8792314796909,6.89209449883374,6.94394414302546,6.91440835278053,6.87672522664234,6.85736659463348,6.84149965687526,6.82698456263442,6.82503703513888,6.83011167059224,6.84407900855138,6.84335212709269,6.88401868818142,6.90898338735898,6.92936559526919,6.97107602789516,6.98179095121527,7.00575336135855,7.06537560646028
"41491",5.21320504055906,5.18900078677967,5.16469660828028,5.1425018549683,5.1225919901726,5.10596531540329,5.09152585436942,5.08157014803552,5.08383830882086,5.17760434112515,5.18905817212659,5.22840183532642,5.24603344223215,5.26924891943441,5.28587501534776,5.31395848198181,5.32127410952024,5.33200118390091,5.35673514799291,5.36601448765693,5.38555824300398,5.3984980437688,5.42449725559133,5.44553034767892,5.44631301846112,5.4941534127262,5.54613624354891,5.54491634807411,5.56948688982545,5.61272310418974,5.63128987857017,5.68950639869712,5.69149269270906,5.77149925072318,5.80469560028083,5.83286186038718,5.8909996125509,5.91353762496182,5.9526460116951,6.02975031024192
"41512",8.93293586010564,8.88873408931345,8.85663790273606,8.82273197780306,8.78818954464193,8.75800558968283,8.74831163470914,8.70924320109674,8.68897971649623,8.83020123980356,8.83205533233727,8.86987674865702,8.93383779524308,9.01643783831679,9.14104307069862,9.27549279404935,9.39718788833889,9.52495713301543,9.68330851450696,9.78953398637539,9.87088882771607,10.0197831784381,10.1055323370941,10.2017262817358,10.145105805485,10.1573941602646,10.3208282283557,10.4280873514008,10.5810904311108,10.7311902531446,10.8692045496975,10.9186975215583,10.9512197561633,10.8461217486673,10.7516271973379,10.6573729677648,10.5697645778469,10.5138686157301,10.4791533587671,10.4973705390253
"41571",5.04532733591716,5.02046545505539,5.01378006685304,4.99751047243486,4.9767835878857,4.95221429246041,4.94336456980994,4.91402218705355,4.89272326304047,4.95203567681234,4.93790790185747,4.9357153820882,4.93977568491,4.95980411215402,4.9967776696984,5.01391373907728,5.04773742675942,5.08039909434659,5.14561794416244,5.13523573886919,5.15775384324841,5.19956206935249,5.21935888485212,5.20170419756454,5.18184848486495,5.19479242646536,5.22406594346642,5.20832376314055,5.22536210061279,5.26191661876237,5.26131053349051,5.33581738190233,5.31245422886511,5.41593221624203,5.44345326032568,5.44873183410263,5.54330235100663,5.56220572707289,5.59524394276335,5.72330103379856
"41611",2.09521609158638,2.08283806480397,2.08194453517789,2.07755479436721,2.07397957272979,2.06724954244396,2.06891530527029,2.05252540617001,2.0451339383861,2.10117909031682,2.09890316567126,2.11830093879851,2.13141910044295,2.15781987628323,2.20326595536601,2.23608947323548,2.29587780068084,2.36431412098712,2.46598191802045,2.5126867314569,2.60537083458081,2.69750275945557,2.81381408242933,2.9459485748821,3.02150420935463,3.10242715418077,3.23281775354488,3.34687313707446,3.44005929900024,3.52528512229678,3.66055452008274,3.72823916781043,3.86658363587131,3.91196957637851,4.03967172846254,4.19157256298856,4.24746976323354,4.3433572237182,4.46948953269362,4.50703807188962
"41653",2.69625273874963,2.68572137458005,2.68558375660209,2.67466868455017,2.66573501022534,2.65730074789071,2.65806121828072,2.63822571222627,2.62751067239912,2.68172397588736,2.67421512143005,2.68620542785752,2.68897890666775,2.70203594428905,2.72128115100684,2.72764572639451,2.74796932426184,2.7696297752253,2.80572193076461,2.80148287186136,2.82160258386027,2.84608747010323,2.88199314829841,2.86443663660025,2.87624892056306,2.94450040955975,3.00202121574022,2.99846312342117,3.02590252028628,3.06923929359121,3.07687882646143,3.14635990025292,3.1270666591503,3.20407534465362,3.21796944223553,3.21311050017851,3.27908298319109,3.28986976295631,3.30246404455165,3.38072958058842
"41674",1.96661738199083,1.9545722130846,1.95209443422648,1.94634444234536,1.94579651022476,1.94757015086233,1.95849571441897,1.94611612300326,1.94788992504576,2.02459383845159,2.03641731984792,2.07306704391803,2.1097817525998,2.16425497871877,2.23403635917052,2.31106040224833,2.39797071389978,2.50814233887245,2.63674311884929,2.75384171898297,2.92783155015024,3.70709012435242,4.14495454275783,4.60357066131174,5.06153567092914,5.48798090560535,5.69322073484328,5.70951117670025,5.58319607991215,5.39335876390197,5.27493798204801,5.08310653209677,5.13782704402998,5.05857652607477,5.01133774498486,4.95661190687043,4.79354981859059,4.71857182719905,4.66022351206956,4.54205856041403
"41711",7.72799234081528,7.71253176967531,7.70909735750074,7.65678565560141,7.6212542264787,7.58743182316253,7.57053186794791,7.50118112282683,7.45035509196248,7.54657263820747,7.51417346464285,7.50387483776652,7.47398709466745,7.45054759866759,7.45340833758308,7.44097211706018,7.47057368519066,7.50848438409942,7.62924863802737,7.62839630264917,7.68613049597985,7.8004028307266,7.95160832126942,7.88789704785768,7.91431284175295,8.11132095801481,8.33052006392119,8.37500001889026,8.47573445426085,8.63611497433766,8.67210461331473,8.907511760231,8.85792468757746,9.05343585181825,9.08902928941136,9.06690136917567,9.2816118466577,9.31425276074863,9.30891481173061,9.52641905171265
"41733",4.19490990481902,4.18478020977826,4.18554166230831,4.16225566517582,4.14680751514292,4.13074885749259,4.12600344193302,4.09173494670764,4.06871179426466,4.14357902038034,4.1313442689182,4.131072100904,4.12773093197158,4.1295404764379,4.14445125424813,4.13954875263447,4.16036171237017,4.18029327624592,4.23656557946279,4.2104464150254,4.2222254478629,4.25716360869286,4.31244322847843,4.2645991432496,4.28037418945163,4.39813302403307,4.48707896005006,4.461348613484,4.47096901045356,4.50855755388171,4.49333994842573,4.59583360646864,4.56323670572062,4.68225444674357,4.71090838972054,4.69669535824144,4.81460965639712,4.80889436079115,4.79364325175995,4.89894697698263
"41771",0.344900904976429,0.342315019490192,0.34060139555471,0.339245070841063,0.338503310650571,0.338365975842529,0.341046145412164,0.341390420001202,0.345193098019832,0.362645627288147,0.371265450376379,0.387589832947133,0.413505393866739,0.448490554402885,0.496793061468583,0.551743412701503,0.619377140311093,0.6988559678538,0.794642855214083,0.915754376279852,1.03338195423317,1.15444618138782,1.31118021785082,1.52385729174012,1.65346607554707,1.72150066001877,1.9036820778864,2.13171504184932,2.29292246677349,2.41899098767232,2.63615882126283,2.74273097510308,2.99007491337546,3.06422129626955,3.2731799181629,3.52758122044722,3.57177435116474,3.75496213099442,3.9729769222748,4.01079076515087
"43191",5.07837461792756,5.06183933350448,5.03337689718496,5.03979020738129,5.03792507417835,5.0356238901654,5.02121258661446,5.03241952343554,5.03359581507093,5.01573588153133,5.03112006499648,5.02410304001645,5.04519883456516,5.08617039423003,5.10310098265646,5.15062881161307,5.16762528505871,5.15477189766519,5.13798908006535,5.18778702235764,5.22313851763658,5.24703619457786,5.24580714584738,5.24733488051625,5.22459215372989,5.2026685610803,5.18855028404248,5.18056652982951,5.16870220087733,5.16212445677465,5.15845109936883,5.15955099555829,5.1578232122325,5.19048285646734,5.19555831811331,5.21212685999129,5.23407855227778,5.24657367496734,5.2716057369542,5.32575925606552
"43253",3.69554293326008,3.68280878742629,3.66562775979313,3.66455978587873,3.65220473262479,3.63962874763347,3.63096699552403,3.63280504666432,3.62982667804894,3.61717750346259,3.61787843987533,3.61691826235124,3.62263550010544,3.64376584872643,3.64563950186364,3.67967257292858,3.69380230492881,3.68917294918874,3.68480097571417,3.70548992834731,3.72834785661326,3.70640305466661,3.74593892486627,3.79302043284279,3.82487227734708,3.85512761196606,3.8634192546168,3.84567051630374,3.81814964449438,3.78918593247421,3.77377221429881,3.75916749286439,3.74868465495172,3.75824513823941,3.75870252762922,3.76640674349165,3.77964982132125,3.78146303491791,3.79182489503409,3.82470992949227
"43333",5.10219211313053,5.08486762579123,5.05710941548116,5.03946534151485,5.01960503522246,4.99385921288909,4.97842910048764,4.98162497654157,4.96938254201143,4.96452929973118,4.97721524034282,4.99020766808024,4.99818461520206,5.03911950364355,5.05162625734882,5.10093598418997,5.13325710052601,5.1553865987986,5.16515066154044,5.20184885750941,5.24390746543631,5.25552346015264,5.25490028473212,5.26641737083816,5.24401031794581,5.22010791394859,5.19750372011591,5.17773560872546,5.15942141758483,5.14862801375588,5.14901369821641,5.1480589569451,5.14219833392665,5.17063222086788,5.1850232033925,5.19922923633319,5.2147914009411,5.21818329011247,5.23340893079412,5.27075709502965
"43351",2.21461120792724,2.21161133263285,2.20366513458243,2.20719247648125,2.20388701032296,2.20032608014181,2.19639381442395,2.19868275280936,2.18890638869651,2.17166832252195,2.16979644826513,2.16479578445041,2.15846942528497,2.16885581012917,2.16481804086268,2.17983087490328,2.18369419176231,2.18299663187454,2.18254728957434,2.20170266904154,2.22976358406498,2.23636469446371,2.26324497328586,2.302521492819,2.31235270319545,2.32644102760123,2.34782458288161,2.36280046658414,2.36785940028153,2.36915191648137,2.40177962417641,2.40745768283685,2.43449913364664,2.43481054809269,2.4727096823986,2.51244818496005,2.52971699617864,2.5628398009072,2.60261949965649,2.61653193975404
"43371",6.41031787830073,6.3978923167052,6.36748682560319,6.36298140610988,6.34325555645071,6.32810629939163,6.2898282384724,6.31161241200852,6.30880021864838,6.31550773007136,6.36230710717205,6.41892941047207,6.45334636774153,6.51515849337653,6.51204785387655,6.55201818320004,6.54246026528132,6.51470583904186,6.47058129608874,6.48726862461263,6.49904954751817,6.41925309016151,6.43992303714211,6.51675738002105,6.53349579277997,6.57889451862285,6.64336642581777,6.67703134348267,6.67305563473027,6.63435635448311,6.60561405932569,6.53238817319859,6.49524746175805,6.44186638765971,6.41070088958249,6.3824237269371,6.3637201431958,6.34890481780411,6.34540544742579,6.37248126376701
"43411",7.80678708857801,7.7924766052547,7.77963630340391,7.77666994335966,7.76373235377875,7.75098266886357,7.76230971131421,7.76279245932434,7.73426698765902,7.69215366538551,7.66037175357306,7.62808432859586,7.60554952410714,7.59876397433375,7.57369436039991,7.56915263532133,7.54884441780722,7.51888137923855,7.49533149975003,7.46693379551246,7.45891757509945,7.44209221857694,7.43714134246605,7.40987547421871,7.3863064513696,7.411339346367,7.44638031100439,7.42061672134894,7.42682142600862,7.46500798667078,7.45523111956378,7.50724785630942,7.47477478686804,7.5759069905758,7.57724024633322,7.58032421863682,7.63422197593928,7.62725524172807,7.63506704267768,7.71975488590709
"43431",9.21187300334749,9.18177278760702,9.14874652869514,9.12249341369923,9.09488431141298,9.06647216500751,8.94270663283867,8.96917838824043,9.02728043260152,9.24037198949153,9.36136335786156,9.66683949706981,9.8890866343683,9.9996288367018,9.95799208812006,9.8545072307026,9.67726774051989,9.49496646068117,9.2737918128376,9.15650334151309,9.02016265308299,8.91547702628247,8.8309733216712,8.7674481165477,8.72686070922199,8.72162419661363,8.78502204358208,8.80015166739899,8.8494183137879,8.94897674527496,8.98122601868697,9.10115876706391,9.09014175334693,9.25258365888836,9.29542391963301,9.33395728223443,9.45419026452327,9.47941430641326,9.51909456223349,9.68018263521079
"43451",4.12209352687299,4.105337515074,4.09208008986579,4.07866256323504,4.06385036344326,4.04834641939568,4.04053833634468,4.02555980586502,4.00951695832951,4.04188608124416,4.03875111501451,4.03836984282665,4.04411210098236,4.05981030405946,4.08477512679089,4.10976046200886,4.13501169696891,4.15499352462679,4.18003971048835,4.18154171549476,4.20120340742001,4.21151354626277,4.22867362984876,4.23764312102044,4.23290670581471,4.24773298881826,4.25540835586821,4.23884963527405,4.23483928002964,4.24832466569119,4.24649271108504,4.27435034171799,4.26086615308583,4.31673969450947,4.32535394900327,4.33059307348744,4.36845810546626,4.36975143855002,4.38230232217155,4.44105405624683
"43471",5.46404996784977,5.44271819228343,5.43070432679716,5.41583485731509,5.39545739479452,5.37427066385599,5.36531623517632,5.342131602089,5.31691361229706,5.35152319952746,5.33825713981133,5.32753136077803,5.32890107230863,5.33703026551078,5.3605465006841,5.37643275443397,5.39653407503121,5.41252703391727,5.44057544479323,5.42468606101924,5.42908714651494,5.44503504817334,5.44554142560311,5.4168904000502,5.39597276910802,5.41404768974529,5.4493194480508,5.43777272478311,5.45937803539778,5.51438740652874,5.51572463499283,5.58791004760567,5.56029332922827,5.67204219730494,5.68156666021279,5.68211518148387,5.75163003739458,5.75120298903594,5.76762375874604,5.87248061408733
"43511",7.11843572536772,7.08552025765217,7.0621145203507,7.03703428778159,7.0098118327115,6.98544832432492,6.97854169047472,6.94377265098796,6.92601341239541,7.02064831932944,7.00955510027431,7.02178468427119,7.04686852364554,7.08625717024592,7.14272231827133,7.20518776045301,7.26323329468964,7.31941622512407,7.40407399842185,7.42915634454472,7.46587485308709,7.52435232903591,7.55866976487595,7.56833969241095,7.54147677899602,7.65305416604387,7.82381437979348,7.865325925423,7.97493070795351,8.08165669660848,8.11872233186313,8.14865915428468,8.1257732438695,8.10152808340394,8.07164075541944,8.04153281024945,8.0495907950037,8.04151529394212,8.04952817318562,8.13408461125992
"43531",3.0816793945982,3.06327726142269,3.05511334462909,3.04457748595955,3.03387492734042,3.02625238679279,3.03159472436929,3.01699918923234,3.01472644396902,3.08093402970597,3.08404106455951,3.10108768359677,3.11868733288757,3.14825195247434,3.17951332606456,3.22205397896496,3.26190173517865,3.30505780712964,3.36922167006165,3.40152081785706,3.44674083939425,3.48074079209124,3.54620122200085,3.61101557367978,3.63294298781925,3.68369534066516,3.7514635001018,3.78503027007956,3.82532721673847,3.8772868124305,3.94096854756259,3.99068849136894,4.03984542693393,4.07964364270618,4.14541490756019,4.23043106338997,4.35654327425313,4.54401571767213,4.79041552134391,5.07172437141882
"43611",5.73281126637424,5.70421284832891,5.70108024194476,5.68376528688836,5.66582501077377,5.64252605491533,5.63473724153211,5.58167551406116,5.55549793982252,5.66530286308037,5.63758676068147,5.67711802886265,5.6981824936117,5.72336937822293,5.77564166430102,5.78000714945228,5.82826029526913,5.87897806763937,5.98241451000109,5.96296196980804,6.00720272121335,6.04577345331468,6.07554549254996,6.03389078864165,6.03521620527223,6.13855658943301,6.24500008814797,6.23642687324286,6.29221906987737,6.37798845779186,6.39230892389329,6.53275503434915,6.49958318062422,6.6757704347828,6.7022428629322,6.68905932925202,6.83364520970578,6.85541233998333,6.88718679199867,7.06505283365682
"43672",3.46225775514313,3.44938974175243,3.44935449406224,3.43674772432517,3.42637304327671,3.41678131527356,3.41978749446029,3.40609719671301,3.40189031413795,3.48129910065039,3.48058212321281,3.49899819514394,3.4967568197076,3.50240240265895,3.50226131429352,3.49973927167802,3.5032268650597,3.51312145377035,3.54250238336288,3.53270758857604,3.54415414357179,3.56655674621644,3.60288805000745,3.57686722039164,3.58472226689515,3.65384772480361,3.71992350863503,3.71144332605481,3.73828511896608,3.78552132463528,3.78531722584183,3.86928916164083,3.84281582458451,3.93143369053626,3.94335432004083,3.92954373203688,4.00127007206232,4.01319133286148,4.02466197465819,4.11828511353992
"43691",6.39914979831291,6.38631571884045,6.39058802394148,6.34917385587085,6.32027444022225,6.29292278276537,6.2779273784473,6.21669555374455,6.1699737964481,6.22782204318359,6.20778286718875,6.21505972853175,6.21637842228822,6.22677228647083,6.26735241877421,6.25560252113573,6.30706338006397,6.3621227259754,6.48694874229666,6.42858197921701,6.47928703306563,6.57764650494676,6.70484285565311,6.56870798284617,6.60830692497863,6.86017966672395,7.00537494120147,6.91091026359871,6.94104598153769,7.04158099363969,7.03352059974983,7.21931010498242,7.1575246344184,7.35555434414544,7.37279957559202,7.35243367790389,7.52610346553251,7.57213719605931,7.62829581813187,7.85895353277952
"43732",1.66772370358558,1.65810233245361,1.65411752037126,1.64853312425435,1.64439789416812,1.64260472393605,1.64930525651421,1.64289373821961,1.64603011103469,1.7066534610759,1.71952677100473,1.747252883767,1.77905040027197,1.82532606727482,1.87664672401505,1.93846442028384,2.00099769796473,2.06659714043456,2.16257239477908,2.24822938497157,2.32767939314412,2.40798693332184,2.51733399680787,2.67145215672555,2.763575659262,2.81025674801357,2.90169797374034,3.01550244308458,3.08719664008598,3.13036094040927,3.23100840341382,3.25116836348131,3.35703303184287,3.38205897416352,3.48903460373355,3.62187337806269,3.64511929148288,3.73231152073661,3.84630473416216,3.85335465651113
"43791",0.865599135512664,0.862264277881912,0.861158701052566,0.859119114955871,0.855892811301005,0.852454451933041,0.850421799783923,0.846508173003524,0.846932590192834,0.872925384684709,0.889186599005978,0.918858623288417,0.969647122005293,1.03982796846097,1.14481669993204,1.25288608146726,1.40184434158071,1.57798055501759,1.78206787373554,2.04444487456939,2.30807387075962,2.59801428427542,2.97573041473285,3.50414220473789,3.84363404772806,4.01979736148624,4.40859858169679,4.87731773014968,5.15332107500131,5.36197277059844,5.70575190423028,5.76873178385784,6.17416429598538,6.23949208931601,6.5691971369417,7.03660486309246,7.12081483459496,7.41483466833018,7.68467417691417,7.60825780507795
"43831",0.519771331909139,0.515405843446016,0.509573617700717,0.504933945752136,0.501227507817903,0.500405303319777,0.505317249068928,0.50986069873105,0.521144273285707,0.547998281608869,0.572261506539656,0.607642042326334,0.659026993937033,0.726649483833432,0.809993844376197,0.919055415502828,1.03297696715047,1.16669699878941,1.32750552896177,1.56907606302059,1.76764404590131,1.9906796302166,2.28244767534962,2.71565553524844,2.98920171777909,3.1366222744995,3.4061492493525,3.71800807957615,3.89456898072307,4.01926423976542,4.26067663433347,4.30317152762207,4.62019008934034,4.67901311151701,4.92823239393877,5.28539730745295,5.3460475664332,5.58957920389271,5.8414379509966,5.81473718281683
"45192",0.923532102879414,0.91793648994578,0.908951583034833,0.90453232666937,0.89935078406372,0.89730560758117,0.897325883463638,0.901748322246625,0.910061895961805,0.92652668177017,0.948758777546556,0.980116703509687,1.01996355352444,1.08116669119819,1.13673078476254,1.22845855482411,1.32055293310858,1.39447857652628,1.47552909039124,1.63423885927951,1.80123129534629,1.96294929887054,2.16822432370269,2.41435439284022,2.55914329282449,2.70280715213811,2.93350105894874,3.2606321804471,3.47323543904088,3.64768878563042,3.950120466576,4.07735089997557,4.32589480551613,4.31996791809524,4.63854146392649,5.01575639989361,5.1233226065423,5.35110909786433,5.56725378454355,5.71117018729587
"45211",2.08113252843282,2.06982387077579,2.05442244455623,2.04842139442695,2.03845542045017,2.03295212597338,2.02981422401325,2.03149601941854,2.04159748599712,2.07561581070122,2.11467358504241,2.17693039135607,2.24532289855107,2.3458386793948,2.43485787340587,2.58594476733819,2.72542107011224,2.81255957087505,2.87220067877855,3.05613440851879,3.23363664318637,3.34908289640468,3.4714762883831,3.61611721628767,3.65904745093146,3.68493974029683,3.76217445769932,3.88899496420873,3.93929421301784,3.94860641823217,4.07087637490412,4.08453486977548,4.19901109560655,4.13754316119104,4.31077708097919,4.55093870505528,4.59801563472599,4.70902497282891,4.80656812883322,4.8491439018345
"45231",4.68169905989727,4.66441884060968,4.64581202957362,4.64320787862958,4.62644842131889,4.61182837574596,4.60124487045445,4.59578109557997,4.59238250623323,4.5874411174902,4.59145990473277,4.58692253863652,4.59574227310356,4.6221771565687,4.63728106620522,4.68427503163415,4.71851914290377,4.72788616128291,4.73391114136582,4.76898042388179,4.81000349490562,4.83003929215215,4.83717826725221,4.83698401568314,4.82080477110864,4.80866868514008,4.81126435479806,4.80125201052948,4.79450290719905,4.80341660866787,4.7984535779414,4.8111882043013,4.80512576904176,4.86039493423329,4.86562398833456,4.87839898779218,4.90312801277263,4.90895025366141,4.92629330604998,4.97660868580741
"45251",0.199301339059666,0.198611563723605,0.197853698768808,0.197573286731716,0.19697404565911,0.196217602975969,0.193887654862709,0.203701924758738,0.243510513533251,0.349080065393498,0.447399920488248,0.554876302697145,0.664479667616149,0.751257246812542,0.919853042685492,1.06579188700052,1.245145166588,1.47562391807538,1.69895134286607,2.01909016201984,2.37508962985109,2.70675825600267,3.15996833602779,3.74999560322633,4.08309564228234,4.3708319968309,4.99519435889835,5.62878304168542,6.00966182096136,6.34067186538056,6.98582158810493,7.16084558388264,7.6225452965155,7.50705247425205,8.21188130655471,9.11158006317469,9.62611865261034,10.2641973858373,10.6398845549355,10.646999138507
"45271",5.08352250978305,5.06279155041276,5.04005402738673,5.02386194011837,5.00625952381773,4.98314923847571,4.97533587460032,4.96383079521536,4.95436125606209,4.96042167725314,4.96214171505406,4.95652883265599,4.97636085915513,5.01679659652002,5.05088854420778,5.12664449853665,5.194391596934,5.22134119062931,5.25267555549646,5.31156978425283,5.3880830250567,5.41917090870173,5.40856206430091,5.4061578158382,5.37082634463184,5.33005220444284,5.31572430618359,5.30441077455417,5.29725830763162,5.2902550231377,5.27881001046879,5.27341254228112,5.262140358561,5.29361968649967,5.29855520494765,5.31266858949673,5.3394767376739,5.34321746889116,5.35932305347908,5.41237477377822
"45313",5.99759448585026,5.97910365195203,5.95157478997867,5.93035944074136,5.91115389683589,5.87797196954174,5.8447235798266,5.83170898493493,5.81445372015888,5.81370555593143,5.82774064786843,5.86186756139613,5.87253878040865,5.89321161600062,5.89111947046164,5.90626300522108,5.91101248104946,5.90896273096915,5.90428411296967,5.90212674497861,5.9054516674445,5.89356671906366,5.8766506375346,5.85788777334867,5.83423761654427,5.82805036140764,5.83074773115896,5.80477272118283,5.79882269869326,5.81892185487882,5.80530971311135,5.83220968010109,5.81329051419063,5.88119296744641,5.88292202761522,5.88998965431969,5.92846861591158,5.92764538440463,5.94179481184823,6.01194954244272
"45351",12.3559871349481,12.3316736956305,12.3122136731035,12.3127868352129,12.3106752830403,12.2949764626358,12.3621265381195,12.3738629092023,12.3234005456387,12.1891588485311,12.0809753954427,11.9663980455861,11.8661565834025,11.7756124723267,11.6819277326275,11.5982221629955,11.5192349471033,11.4571932829467,11.4209693650389,11.3753497830542,11.3490929404946,11.3501205870289,11.3820510796668,11.3465285732245,11.3443836070376,11.4298483196876,11.6063163600718,11.6413558995,11.7232851112726,11.8641991756392,11.907337259193,12.0615382109896,12.0651098594726,12.257111095829,12.321713007828,12.3912719681213,12.5272670281652,12.5699728737737,12.6282245005904,12.8176644020248
"45391",0.948194770411843,0.944050384721159,0.935395002884299,0.926680775636662,0.920349160299868,0.916903444050968,0.91678381543428,0.923005130266338,0.930225195859803,0.95211264546261,0.977511862160582,1.01332573392853,1.06356475591469,1.13061895837385,1.18573287662788,1.27726132555198,1.36395929407146,1.44780636245391,1.5322389283722,1.66942882106681,1.81353033893254,1.9060416927938,2.06685032133956,2.30100403642273,2.39600534035364,2.47304008666492,2.68185638263779,2.9139462225244,3.05815965489023,3.13488908710206,3.40002590606254,3.48021600680739,3.69834023780271,3.66312668007523,3.94186974069186,4.19890598160723,4.31161204212691,4.54579023906912,4.81192610565175,4.93709393647343
"45411",4.98028044497535,4.96398280262193,4.94677212119253,4.92620362656705,4.90832583140684,4.89472542082766,4.88087176879762,4.89106489006702,4.89194223378326,4.92120903173497,4.94203075519386,4.96775739915816,5.00838791224358,5.05043398717514,5.06126646008342,5.10475142407495,5.12812273203006,5.13334713285457,5.13014759794199,5.14542108235453,5.15823870345547,5.15774395062909,5.17663483092434,5.20943145167554,5.20041273434747,5.18302544974808,5.16390343495257,5.14768694997061,5.13079790256392,5.11757185046626,5.11878158202556,5.1196501808172,5.11265346250543,5.13818186591559,5.15226384617116,5.1654362088,5.19115960603445,5.20383353444435,5.23064497960968,5.28289425758863
"45451",2.01037787246914,2.00023790650622,1.99561189533207,1.98927595289323,1.9813242423977,1.97245540574755,1.97101040224543,1.96051855481012,1.95128350989468,1.97647402505042,1.97547653390524,1.97994172939913,1.99161219630128,2.00187548166483,2.02527376253356,2.04221375307415,2.06731508451528,2.08894744360554,2.11616872090283,2.12416700037531,2.14402833152156,2.16333841979565,2.17065670590711,2.17204739878604,2.16311918319832,2.16238335112661,2.16430055230465,2.15807265239421,2.1588396797753,2.16931494918716,2.17355243260979,2.193626819948,2.19277590623011,2.23555388772128,2.2488147456594,2.26143801024204,2.29180945942253,2.30073276610662,2.3191871641263,2.35743532252812
"45471",1.23352339843923,1.22589093612458,1.22107086735296,1.21722950718152,1.21273216250615,1.20867086129629,1.21260354297678,1.21157538114415,1.21292158574991,1.24136939389177,1.24624803930094,1.25636040737666,1.26135471056803,1.2705542025306,1.28360783583391,1.30489589885947,1.33471538278284,1.37406313812161,1.4336303066645,1.48018526631653,1.55568834840286,1.63564195573514,1.73902108528482,1.88004501605303,1.95832663617506,2.05451168554125,2.2182774617289,2.37307912338111,2.46263589487488,2.5304166099768,2.68274264118133,2.7440590353694,2.90626279170177,2.89582209119281,3.08157207497659,3.28981890853845,3.42218767289882,3.59904765534972,3.75808567587199,3.80397434286412
"45491",4.27455381283691,4.25304101658927,4.24200877785582,4.23072388783727,4.21353953327049,4.19700962543242,4.19020417467879,4.17912411979075,4.17617570573023,4.25857267795556,4.2662675129934,4.2922252851061,4.306309846658,4.3251418265493,4.33657895295287,4.35532112830345,4.36470884684212,4.37079994041926,4.39388992535444,4.38991391339832,4.3960451574936,4.39764397620321,4.43825410236115,4.44232917518476,4.44080240609281,4.47046868018853,4.49856798593405,4.48737463046428,4.50311786164248,4.54181491185225,4.54563235254973,4.596000771954,4.57975475562339,4.66789846319227,4.68297956572382,4.71513209459581,4.88285187596384,4.98819848253155,5.10425551585304,5.30237021192464
"45551",4.99462475982346,4.96076329448423,4.9410069931994,4.92371723685183,4.90721850212007,4.89097043242818,4.92478404522445,4.93975100902736,4.97283714319477,5.15805455808742,5.19100421243544,5.28465149476644,5.33973789917882,5.4059924319679,5.41222288575634,5.43355048282943,5.41805778986623,5.40536787140105,5.4002108995164,5.39861318244044,5.39333763900861,5.3871078923531,5.39963704149782,5.41509679955599,5.402681608173,5.45158553856784,5.52856955799371,5.54014980476232,5.59321903610935,5.67131790027757,5.7235627034213,5.84368691974225,5.86823062412762,5.9749063676078,6.00474803858408,6.02277608132016,6.01118362034336,5.97277479251036,5.92791760076511,5.90157896226816
"45571",5.15601519106528,5.12947860533379,5.12278166414692,5.10706100731603,5.08592900711196,5.05997638122833,5.0550203325264,5.02256257974934,4.99937680233481,5.07362502904461,5.05642112121987,5.05922975274743,5.05522678030368,5.06074227766642,5.08257726268012,5.08704949485513,5.10585683826169,5.13322837954442,5.1896692856145,5.16416836924514,5.17844843198955,5.23686759858211,5.29044155772374,5.24846004806972,5.23792888506001,5.27851987260584,5.33493143915582,5.32414266881282,5.36165898128114,5.42098463352073,5.4226236977846,5.52767221781928,5.49068115226007,5.60793826891711,5.62083096728289,5.61098423445566,5.7047963445906,5.72430287069904,5.75672535596253,5.89071349765606
"45671",2.14423690463532,2.13633520577046,2.13672305580702,2.13045132916079,2.12422415290678,2.11885940409636,2.12189892354075,2.11484635659662,2.10769533203142,2.13572244921092,2.13330637950659,2.13753651427058,2.13976636033123,2.15201216629084,2.16224483245621,2.16918684293606,2.18160031579953,2.19652663778698,2.22403967358155,2.2230943597118,2.23496834259634,2.26153869834952,2.31262606644776,2.31707228220616,2.34683484134591,2.41177423046673,2.4625343145162,2.47170491872611,2.48628651617316,2.49109859076885,2.49061894180401,2.49935029454053,2.49465349443585,2.51456544696971,2.52435863554469,2.52942750081709,2.55463455361221,2.56270783751277,2.57332845972151,2.60827843403458
"45713",7.06870527061593,7.0558942510252,7.06418360154325,7.02751283997156,6.99786764906494,6.96889453164369,6.95629467196456,6.91050344124644,6.87366844320411,6.8985491923835,6.87101643107733,6.85518436084183,6.82920349364699,6.81281593785207,6.82579721968977,6.83382174090228,6.88427020460725,6.95155489784919,7.11745373162637,7.104893650351,7.15670954574941,7.256540489061,7.38011640005946,7.23357924823192,7.24509408663061,7.46517911810834,7.58760637219232,7.47946953460897,7.49569474986111,7.58316907099542,7.51283827642467,7.7101163687941,7.58709976622937,7.79912949733137,7.78114446676707,7.66293800216087,7.76950281372093,7.73650260471524,7.70948387833989,7.90240897809745
"45734",3.56520185024453,3.55051194552122,3.54571815533878,3.53594044009959,3.52203731394089,3.51106438745322,3.51453776520741,3.50420628599715,3.49718706083836,3.54778459497991,3.54721282340439,3.55233814500119,3.56809429263493,3.59928813169182,3.62713594855815,3.65585877034827,3.68485177447055,3.71068058147884,3.7610704332364,3.77078085988484,3.78555485329929,3.8050436932944,3.8234273653355,3.8249141366147,3.83244830768992,3.86743106292521,3.9101859069736,3.91639938300414,3.93723367413044,3.96572881416823,3.97627060675832,4.03764527777402,4.02906477357149,4.08921527524614,4.11334453649761,4.12574378769655,4.18796989366048,4.21164475019024,4.23884119287271,4.31531365054599
"45772",1.92717098413371,1.91766340621349,1.9105068159412,1.90517464915663,1.8963906676882,1.88755535191428,1.88565641594192,1.89055430626547,1.9026751585252,1.9495196673617,1.97123519898784,2.00762549633841,2.0308214336607,2.05126638637357,2.05203056257921,2.06051713816539,2.05526673163192,2.04952217549347,2.04921556596041,2.05529630793531,2.04128783361413,2.05137411159616,2.07129045682855,2.08503417983948,2.0858068247969,2.08071420394468,2.08368474033986,2.08508973337591,2.09319634063226,2.10780753230581,2.11873181924748,2.15370593904641,2.15589439979961,2.19075783874592,2.21066942632934,2.22931696457392,2.26470559415432,2.28751900561449,2.31704254545638,2.36274288426254
"45811",3.99579333833821,3.97900045992393,3.96848287583544,3.9599341184084,3.94009686542334,3.92310379388195,3.92452705607827,3.91781316906381,3.9141926539437,3.941709831961,3.95356666220654,3.96163987961457,3.96839364358283,4.00076362678825,4.02289142455838,4.06222931166604,4.08365216519029,4.11675378443712,4.17809926138941,4.23606287819744,4.26088774336688,4.30649912376248,4.43478686459058,4.55681148116266,4.67110487312064,4.76961406941583,4.8801155234831,4.97928562566643,5.02327430453708,5.02402581254049,5.02434234729148,4.93235872264522,4.90745836989906,4.84650511174603,4.81701835320258,4.80222688884193,4.77269762134952,4.761502022794,4.75769020883824,4.7640278928013
"47251",7.40298075362094,7.37808332255488,7.35084146892556,7.33879725604952,7.31557650665057,7.29217402657357,7.28902577742302,7.2827714220465,7.27872713016506,7.26510658766004,7.27221403661915,7.27406204286198,7.26876305312032,7.28775359292103,7.28344411092595,7.3076873134061,7.31355860417149,7.30250711166374,7.3057528674748,7.3258888911676,7.34399645472909,7.34760513263101,7.36139366978075,7.35367012251357,7.34777588250937,7.36653578137061,7.40569343520192,7.3892867540875,7.39417736411687,7.43986145789954,7.43372855855653,7.47192495952999,7.45917239248467,7.55393461059607,7.55788956705718,7.57828286490955,7.62941419628924,7.63878899044253,7.66545293913755,7.74803991885704
"47312",10.9188353914763,10.8827929289952,10.8427072981462,10.7967670379349,10.7677108671491,10.7158717897557,10.6861575115687,10.6522058138073,10.6137472046681,10.5959500132786,10.602260313384,10.6214154473502,10.6306784319457,10.6710798098557,10.684152975748,10.7575137191146,10.7855920425896,10.829908593059,10.9100535835382,10.9721880758497,11.0452318910779,11.1308406953422,11.2280153650556,11.3290919547822,11.3566513694378,11.4610856538529,11.6808474805123,11.8113772030808,11.9776207522804,12.1450513162348,12.3755473302481,12.4555267174699,12.537292448859,12.4407130357847,12.3812371763676,12.2843747074961,12.1493851290544,12.0579373740967,11.9897007895966,11.9313675643484
"47332",2.57190434369606,2.56327898601255,2.55362533934145,2.54431228250816,2.53914144323041,2.52761526287042,2.52064241329203,2.51855540179707,2.5102206760034,2.50468710541277,2.5056581179814,2.51161974695474,2.51642076405097,2.53406531989978,2.53868568855679,2.5621956693383,2.57578914164914,2.59042017315382,2.60990046406262,2.64040843729354,2.6770742964095,2.69615294746582,2.7296620290927,2.77257885422359,2.78966422698159,2.82000121420317,2.86833734512171,2.90377512192216,2.93325470487131,2.9545702428327,3.01824185052669,3.04316189282502,3.0921897400155,3.11212279706321,3.19022664866774,3.28078707098878,3.32174362832523,3.38132234173181,3.44528379475493,3.47118065229242
"47371",5.2061000775812,5.18724712624408,5.17096288442073,5.15204149300658,5.14377686724633,5.13124595506441,5.11927762863172,5.12849348888448,5.11628260779043,5.10532315620635,5.10985950091587,5.10024168455925,5.11878743723045,5.16912849984388,5.19209068507295,5.25176745489033,5.28772533595212,5.3034849695239,5.3225174555422,5.37043642230867,5.39692940790272,5.41197873839806,5.44007460119688,5.47407675437635,5.46169895949789,5.42425901128374,5.37078896549597,5.34159407833859,5.31107201573359,5.28183267526612,5.2765342300529,5.26413686452134,5.25222579498536,5.2704418020393,5.27907033423863,5.28562764151159,5.29689575539672,5.29717579275392,5.3062912697157,5.33641928738843
"47412",6.65699055518155,6.64008548185461,6.62208781552889,6.59878461155996,6.58212821811323,6.56610868342753,6.55426333146013,6.5710824346021,6.55745782498471,6.53731774414279,6.54038903256177,6.54059734271289,6.57165861574691,6.59720602228251,6.58617714629996,6.61217312078925,6.61393689372823,6.60235901254078,6.58816507364961,6.61058161076712,6.65734255571698,6.62694691559232,6.62407568186616,6.64382526741415,6.62205217618634,6.61924933045567,6.6305892015877,6.62474980184126,6.62072505534151,6.61578779924855,6.63281563793962,6.64004318584981,6.63817143763,6.66826068876467,6.69231027547292,6.71647132052278,6.74238822711119,6.7553037292676,6.78126523148906,6.8196860422458
"47451",0.0372318938155896,0.0370781939712701,0.0370106744843156,0.0368781959425876,0.0367161406628115,0.0365457843466782,0.0365277379584469,0.0362709473939137,0.0360638890874692,0.036433435662527,0.0363534383644467,0.0479423784362243,0.0944463894455606,0.150149410537427,0.233340676173158,0.294420281353352,0.369396980854659,0.460681261238824,0.555298875132634,0.649488741368529,0.765564118174864,0.902832360869025,1.07297256118997,1.33017361774739,1.46298008152753,1.58043403523428,1.8394154161476,2.10992764703411,2.29394016457829,2.42832735761794,2.72368149163694,2.85716455962051,3.10819166763792,3.09413972050636,3.39389330490098,3.67584478011226,3.84136178961131,4.07474185547155,4.30838138421375,4.41664051562087
"47471",2.31163443813556,2.29883336789558,2.29464437969409,2.28796643313658,2.27943855833908,2.27189250526475,2.27793284443136,2.25974031468601,2.25159879105645,2.30586543221195,2.30704754998724,2.32385663098438,2.33288656837055,2.34144503093553,2.37051178565676,2.39078428951866,2.42207098006773,2.45064166994881,2.49429594304843,2.50716290688605,2.53982172198636,2.5662015773734,2.59874493406535,2.62188606537198,2.63488155242745,2.67906615806957,2.72007121178323,2.73438856650436,2.75779483344115,2.78500482014523,2.81282898152941,2.84113886619612,2.85832712028546,2.89701354663236,2.9303866448655,2.96230415096153,2.99835529277674,3.02203478077903,3.05509422488196,3.0895887289575
"47511",4.77723459047143,4.7548204757945,4.74212420708146,4.73217522318987,4.71541376399012,4.697301563609,4.69390742635639,4.68086993119233,4.66576575156782,4.70762354985876,4.71022099807721,4.71300743411762,4.72829483413428,4.75751669415042,4.78815434610184,4.8280083923762,4.86409245879117,4.89266960830492,4.9378594707799,4.95247761299114,4.96247405404925,4.98324129109715,4.98639869495178,4.97806668641446,4.9559932682013,4.94407106675267,4.94184602346671,4.92282660698426,4.92697674393062,4.95256574947099,4.95407743238155,5.0064850317099,4.99011912039927,5.07461455419679,5.08942281013266,5.09437355029559,5.15777575497535,5.16506098695706,5.18352812825594,5.2769186283091
"47531",8.52039943317924,8.47942349796157,8.46249790299649,8.44396476896443,8.41237511079578,8.38071579071937,8.37353037817291,8.34292355135765,8.3131301610066,8.38661347485841,8.37625136487631,8.38536666346933,8.37811019244656,8.39344894079184,8.40261534539822,8.4284054342594,8.45555418879852,8.48923015884977,8.55499246147567,8.54162964780637,8.55403241780898,8.58234784373945,8.63405151852246,8.60391553767429,8.6091758840936,8.71756878132466,8.81537768671522,8.7908656420247,8.83474991288693,8.91176383040941,8.91593586532425,9.03842430932878,8.9965698481885,9.17267272917151,9.19644032372395,9.19403367061604,9.31055935735098,9.32133351507754,9.35365812160767,9.52009983239545
"47552",4.90771587176941,4.88455249176628,4.87642530894908,4.86418546283053,4.84486359606429,4.82345507165609,4.82406976013513,4.80073181759857,4.78331792023318,4.84855833343018,4.84074324090546,4.85220288079716,4.87739843147796,4.91963582788414,4.97524261503477,5.02303977413448,5.07123592515172,5.12914128380792,5.20908164089137,5.22849634648573,5.26252647011207,5.29267813569277,5.29886887840344,5.28962718920326,5.25858134798886,5.22531165287303,5.20905074778841,5.1856800976769,5.18761398839064,5.21892235650354,5.22010779161434,5.27304706341105,5.25454677341333,5.34159910926796,5.375452821686,5.39191012624579,5.48291453430057,5.50185426880904,5.53353185467216,5.65944609934563
"47592",5.90012597261704,5.86952206995937,5.8658581872532,5.85072519975674,5.83192087223154,5.80990967681136,5.81136247816559,5.76486393169533,5.7364587595586,5.85659798082953,5.84147850857429,5.88613338377675,5.93642719166776,5.98013400819567,6.05598835917597,6.09029924473959,6.16196571089252,6.24648165778204,6.36126946031807,6.36837826373362,6.42224713482829,6.49246394075238,6.52234475745587,6.50995072279451,6.48891674377349,6.51941247535674,6.58614711524531,6.58829713047593,6.63847700312692,6.70240734346797,6.69892988343556,6.743782300411,6.70333405333164,6.73981950179598,6.74738923022422,6.74733688275045,6.8184009523558,6.84790310859628,6.89192540382812,7.0377364221547
"47633",4.18338014280911,4.16242658070831,4.15606436640743,4.14228720630301,4.12781324445296,4.11513369239904,4.11175513777516,4.07902912300946,4.0563174028314,4.12394388676845,4.11062789927493,4.11757115387229,4.11723243077145,4.12673536730036,4.14433987544341,4.14656658549674,4.16980205230932,4.19434010369566,4.25366138234604,4.23225823172782,4.24980277356953,4.27933262688582,4.33839812440383,4.31925480893343,4.412158763014,4.69387880929547,4.82696448228139,4.75660766290866,4.77121214852098,4.78029228028878,4.7563120859368,4.73989509706978,4.71146377767335,4.72431289919035,4.72683486725827,4.72282774786454,4.76654995117343,4.78358309090889,4.80583580690832,4.89728183166721
"47652",2.9196488677667,2.90762917945869,2.9008780262855,2.89388677014058,2.88319602837607,2.87520458773288,2.87903052424647,2.87430124851201,2.86595705395814,2.8955113752751,2.89732238921363,2.90553654226542,2.90994756639282,2.9334038136018,2.94601935705094,2.96567989981038,2.98129690301376,2.99952642786299,3.03509387927426,3.04590914747666,3.0632243042292,3.0848479257278,3.11408835839885,3.13096234110705,3.14122173034328,3.17589223865295,3.21898314962534,3.23458038711084,3.25988758822513,3.28759988145123,3.31075660913277,3.35117697805548,3.36028049370192,3.40491931795385,3.43519944357171,3.46477232319256,3.50792445479196,3.53540477773437,3.57216708116192,3.61596559249212
"47713",2.23414908200756,2.22252603786764,2.21698730873463,2.20926015115768,2.20048875167746,2.19528003875959,2.19944123871605,2.19565198440134,2.19722054745306,2.26478626858618,2.28904279868826,2.3277583324402,2.37885785197076,2.45440369409532,2.5305301974762,2.63327982511921,2.73027972262169,2.83233159163456,2.9814598972505,3.13870188094539,3.26510440123773,3.39452722427946,3.57082694293773,3.82885629912098,3.9611010776154,4.02231778364764,4.18140305010168,4.40890226114707,4.55514227515871,4.64201811758476,4.87655942436866,4.95303360949085,5.22842081341165,5.33166458850245,5.59699741445451,5.91302075431,5.99011524238784,6.13886270586522,6.3030618760909,6.24094861246278
"47771",8.61823449836654,8.58540707661012,8.56523991036489,8.55657360642367,8.5192972055683,8.48048772831474,8.4813648747911,8.48338595261406,8.47539828368509,8.50174958100624,8.50801658081831,8.50553449126579,8.50765649132175,8.53280678681642,8.52064791288467,8.54810863264111,8.56155800854517,8.58344421855866,8.63731292481317,8.66916409422526,8.6624919537211,8.67507312490075,8.69478808682801,8.69898260701225,8.69557284764734,8.71744593680271,8.76156162776796,8.75838200800544,8.77890637870556,8.8108990364998,8.81878713719825,8.91792990233215,8.88818369945992,8.97386195572723,9.00007487547158,9.00549725064964,9.09744113578301,9.12091385989402,9.14232349431628,9.25865100256971
"47791",1.924845793406,1.91170904639966,1.89677080255113,1.88393595696977,1.87060124665327,1.86281559649542,1.87022204605454,1.87431960903452,1.88545619407588,1.92923597002631,1.9632265273538,2.001928955483,2.04439771792667,2.11001656910684,2.16378782140825,2.24983698542636,2.31701384489117,2.3967524740059,2.49964856478215,2.66611644961437,2.74473874379961,2.8505584236238,2.968532804291,3.13735192507243,3.20327932245882,3.20668585131906,3.29637160340265,3.50037530431846,3.67351864248773,3.84173679434747,4.09638027592029,4.18580256216405,4.27898660041659,4.19526233934024,4.16667220186553,4.18501375187217,4.10032109549613,4.10345381399335,4.15576293490757,4.11620124862225
"49252",0.724005595723367,0.719965821480437,0.713158188061547,0.707935899380114,0.702701729744606,0.700131820361035,0.703368027444176,0.706806469652079,0.716303036936482,0.738320860644211,0.762824329925135,0.794488771920881,0.83056101088723,0.883728737782008,0.932571413255377,1.01328654267729,1.07881954415682,1.13440681543419,1.1832615121805,1.31472675198991,1.42311389948047,1.50005289726966,1.60654999236402,1.74723424450111,1.8138174629951,1.8737798844997,2.00057969396057,2.15206635506045,2.24572473413621,2.32573500810172,2.51062548019408,2.57910518808298,2.72547724225833,2.70506721251627,2.90936463907348,3.15279190895528,3.24203421545412,3.41675876934122,3.59158988153672,3.70344421621421
"49311",12.7379354524549,12.7105637508386,12.6874681642779,12.6729163943562,12.6806102692285,12.6574796123403,12.7417540737681,12.7541402304044,12.7031333515095,12.5769187153836,12.4595193159056,12.3349098709313,12.2234257020238,12.1222075255516,12.0293125552963,11.9416055978765,11.8707443783332,11.8178501555531,11.7975309160443,11.7555365027622,11.7358167777622,11.7513577178359,11.7990227661262,11.7582224392109,11.7658583844152,11.8757591970735,12.0764348600687,12.0993065522401,12.1782739471636,12.3418243365252,12.3461192142289,12.5013230550974,12.4755491104155,12.7146666290173,12.7146958135106,12.7070578104511,12.8077212671892,12.792807530037,12.7968376823121,12.9558526609882
"49331",0.562414490064795,0.558513461331169,0.550324070224964,0.542743696322028,0.538671972545627,0.535938258367961,0.540194793902572,0.546505541719925,0.563030740531987,0.603572514709266,0.639964411972335,0.680577463023808,0.725251561726818,0.788891982257676,0.849144806093285,0.94319007100694,1.01934197244891,1.0975333908489,1.16954631086651,1.30107445509154,1.41304160330759,1.47187666782587,1.5866928737492,1.76807511461543,1.8472258561979,1.90026971212236,1.98761701240265,2.09246485247824,2.1476017910049,2.16989926824257,2.32307643591843,2.3672536081084,2.49234381034678,2.46828261452744,2.64234029680348,2.83046078089449,2.91012362830986,3.05386900504163,3.19894781750676,3.26320112949413
"49352",5.36090940880863,5.34181024333771,5.33034557132147,5.31074201005165,5.30152273760065,5.28264751500131,5.27484547019072,5.27587442047251,5.25812226093139,5.24284000363595,5.23958273941312,5.21411008152446,5.22332971240603,5.26187397561746,5.28619231557862,5.34007632322137,5.3701812905801,5.38588237945611,5.40504563353287,5.43717830975877,5.44919670321254,5.48500085451735,5.47310304834686,5.45367276837655,5.41376247117607,5.35881844455364,5.30140046452023,5.2644191088835,5.23960277292993,5.23324035122179,5.22282181889572,5.23948081191281,5.22340707004273,5.27863081569181,5.28068451873928,5.2854394999872,5.31504059961053,5.31316820495096,5.32197091862238,5.37843066120578
"49373",4.34651333611524,4.33075986473206,4.31850514388554,4.30096605221416,4.29383655848366,4.27979494414279,4.2732678340449,4.28404055811371,4.27454617520414,4.26336530572462,4.2651550157522,4.26846137894464,4.27911216172604,4.29996903104948,4.29753951295452,4.31931094735393,4.31802327313918,4.31059501834066,4.30770433108419,4.32224933114315,4.33450465142575,4.32557589178839,4.33084440228109,4.34071848120599,4.33082952128625,4.33663530938502,4.34922510579585,4.34551471782182,4.34554794102222,4.3451916405662,4.35597684887844,4.3623807785176,4.35939626562028,4.3840729932277,4.39847076881746,4.41449968633894,4.43199639480904,4.44066525091552,4.45829950537819,4.48745945923391
"49394",3.22265590706183,3.21015808591839,3.19591016047549,3.17727613436625,3.1659358304989,3.15419248313485,3.14077609111214,3.15547025366959,3.15803627458858,3.16934846108154,3.19011380698314,3.22584403961875,3.26314087339435,3.29254194522786,3.29016535782789,3.30985543940044,3.30933244637231,3.30045729627213,3.29350754948924,3.31788077533331,3.34733264040393,3.31691049118442,3.3537695744326,3.42511449608422,3.45463067930763,3.50688019662083,3.58341112621189,3.64084741529142,3.65544189991054,3.61929561732396,3.60793428869645,3.55936696065398,3.54954510985845,3.50616373213069,3.50776488518033,3.51426168639657,3.50487052514806,3.50094801294663,3.49984384061949,3.49276148722739
"49431",1.36963474038883,1.35899616060579,1.34394020441151,1.33045109170408,1.32224620855243,1.31913453775523,1.33158696251412,1.33428297567518,1.34799593051529,1.40330296338235,1.43520370736161,1.48471355228059,1.53888169012948,1.61564595900613,1.69459344719246,1.80655849722741,1.91746627139398,2.01996099958466,2.12958019631963,2.31080189055233,2.54550014759555,2.64479726363478,2.82323306317773,3.11874201230017,3.22369124892763,3.31532415137834,3.50830555009565,3.7136339657261,3.82026564469201,3.8587954956105,4.06774567924979,4.10819784893008,4.26397043282401,4.18908107496044,4.36187147756562,4.52495745951331,4.56975634013332,4.69526601039787,4.83717535341371,4.86378072865718
"49453",0.897950162079582,0.894423037611573,0.891911927665119,0.889264540101268,0.88589608680687,0.88191844588329,0.879446735211235,0.874858902271858,0.875168442122572,0.914464738673322,0.938010496648059,0.984643617049112,1.03866596039163,1.09948664702149,1.20840072996279,1.32083669233029,1.47048892586455,1.6500779988322,1.8591738093142,2.10766495515458,2.42158627858733,2.69172373081156,3.04147077540161,3.58368083238776,3.83552384377334,4.06348138216912,4.66278887068888,5.41215323485745,6.0230216176539,6.53550241704363,7.38345731252138,7.7889109358712,8.15759398181524,8.08984241906303,8.10976218075768,8.06530750556517,7.88630274512768,7.82219866900109,7.755611027403,7.55290197784431
"49511",4.14796806836044,4.12797697913733,4.11717631105474,4.10739670972191,4.09213939735851,4.07576947089147,4.07302508070284,4.0578402469733,4.04294544362535,4.08103405684767,4.0811895380255,4.08661768647705,4.09193744319659,4.10649050651067,4.12440244466253,4.14705742374325,4.17138919993458,4.19281357383352,4.23241202707722,4.23754171121404,4.24739621233235,4.27559767093547,4.2953988875426,4.29270997745245,4.28511817097495,4.33656776875532,4.41593817727214,4.42892007135879,4.48405718478598,4.54176542022316,4.55726928091303,4.58495256213671,4.57498050055444,4.57539700819807,4.55747033535816,4.5381666185356,4.53996897084853,4.53552639230763,4.53929028125966,4.58712750066131
"49551",6.832077430371,6.80231404691083,6.78919198843183,6.77594588191568,6.75140702067351,6.7257151852914,6.72654925156283,6.70505722024985,6.6851375556277,6.75851596310937,6.75286835760303,6.75962677060294,6.76214765444178,6.80299818570075,6.83996635932096,6.88490323745569,6.91791808538891,6.97001778923018,7.0450958249804,7.04917696415964,7.0722876532825,7.10379221984677,7.15122367866468,7.14911076737365,7.1478521524867,7.18275024997371,7.21290077881707,7.18806322125576,7.19745597345197,7.23179868084072,7.23015218265585,7.31139473219199,7.2856113741064,7.4074570867234,7.43527658777196,7.44084956011587,7.5408441409308,7.55805393748091,7.58287206442175,7.72279829941357
"49672",1.81928750783727,1.8097954085763,1.79515741584269,1.78662341776321,1.77466520719645,1.76800306362682,1.77736701013131,1.79025104060483,1.79664529384442,1.819106380708,1.84268178685441,1.8666637718492,1.89059649117988,1.93608800339981,1.96300783019344,2.01943148118632,2.04964303383495,2.08221269239236,2.13192329463701,2.19872483601059,2.24263177665437,2.27335374559772,2.34061417384655,2.46210669765478,2.51247816981665,2.51667272139377,2.54031039771677,2.59839105625762,2.62103973734339,2.63187198142054,2.70138028162641,2.70057954396689,2.77440162866348,2.7854411033238,2.85076512362888,2.94338031719095,2.96754909458132,3.02969507056788,3.11760967974391,3.12476621935691
"49751",3.37014453726346,3.35576285635584,3.3475675686132,3.34065255503014,3.32512137737767,3.30975400603107,3.30729756075539,3.30299426737205,3.29500829370862,3.3165768391619,3.31815172024666,3.30528599855522,3.31899851395449,3.35167272922848,3.37470711076234,3.40945138534383,3.44270224037008,3.47452355644932,3.52436026785996,3.56023026253676,3.56737612117935,3.60209982895904,3.5938993826703,3.58183205416451,3.55216062838847,3.51775696485093,3.49262288401504,3.47247159964187,3.4604073016048,3.46211210974488,3.46133733903108,3.51483677642241,3.50379492574377,3.55755455458484,3.57154210524954,3.57345977646041,3.63040725234228,3.63710056303206,3.63861769435032,3.69201992466849
"49771",0.439054786803709,0.436141481048165,0.431767122658371,0.42818962255513,0.424440987691164,0.421875143602672,0.423248995348535,0.426082014299092,0.430509176114838,0.442636015735461,0.45477530512003,0.470629880600787,0.495358543950566,0.531767239128641,0.579331393208398,0.640537579703163,0.713003711031938,0.796668058399437,0.897024791412039,1.0494387311239,1.18009099473556,1.32093046601815,1.50089631658059,1.75203382149502,1.88826562007066,1.95800749317999,2.12081605304782,2.35871424135058,2.51609288319996,2.63593731860541,2.8565945944779,2.92022135632167,3.16829874304053,3.22842115672567,3.4625885905051,3.72708481589575,3.78673213142388,3.95463888192601,4.15212001804259,4.15902100012128
"49791",5.49114910668454,5.46782057632127,5.45463610158824,5.44486305368245,5.41893076554127,5.39225061023947,5.3883564876114,5.38265229454686,5.37464698822813,5.39602347386956,5.40984118462132,5.42026819022546,5.4295678126833,5.4617395480094,5.46941209625438,5.50738632588848,5.53555802184292,5.58190884055186,5.65587138574102,5.72952645990612,5.7433589888257,5.77096576477202,5.91933763392978,6.08617047407624,6.2204080868668,6.33494606088748,6.45309550480814,6.56932188641283,6.59834360131452,6.53207605574471,6.47890097024107,6.3467128691756,6.30980497465614,6.24949482747077,6.22459008511751,6.20865435877408,6.18347518183338,6.17133030599263,6.16811741631992,6.18491296832387
"49811",16.0160942805877,15.9579913801723,15.9473476365054,15.9801603589984,15.9358134611296,15.8886094170299,16.0349701537857,16.0874637417037,16.064097949412,15.9077234122918,15.7707788135873,15.5698509468088,15.4254036413543,15.3222357741281,15.2101204133909,15.1393701124715,15.0549237126884,14.9863925647818,14.9254537626488,14.8512474014344,14.7802349054866,14.7411408536277,14.6928736138043,14.611862369569,14.5661679478708,14.6098101160199,14.7428688354594,14.7772592701736,14.8684443311437,15.0031371055372,15.0507614435779,15.3614511216814,15.3553534392988,15.5566547560688,15.647084381111,15.6656496774555,15.9058691399099,16.0053897244704,16.0675521684235,16.3591519080237
"51291",5.16856835615328,5.15418460097783,5.13170490098401,5.11476268973924,5.1039955857048,5.08800493810914,5.07894019558009,5.08605023788849,5.08475367922027,5.06379475307517,5.07607823206079,5.06836710046488,5.07946370722781,5.11708503761095,5.1316627273537,5.19890776943578,5.22244631295466,5.22994644396275,5.23909648195184,5.29994298684105,5.32001977492392,5.35740810412646,5.37302906287481,5.39210014116122,5.36902934456669,5.34665421290426,5.33980369887981,5.33612128671506,5.32171228093185,5.30605192219573,5.30684586833107,5.30374024541224,5.29361774344873,5.35479643271322,5.41352037726929,5.50367040810151,5.60749943749355,5.68633567373454,5.78346431916616,5.88716971065161
"51331",4.551035943715,4.53105501114159,4.51637755327271,4.49442318805417,4.48265093227003,4.46255676391338,4.46243732727868,4.4686540547296,4.46455430677374,4.457240380481,4.46742325748314,4.44586426996201,4.48103981597388,4.55283242226198,4.60703352824872,4.72346146411851,4.79611682517643,4.85087057534725,4.893023431006,4.98956761638672,5.04638669699036,5.13756811672951,5.13977282745296,5.1288376147176,5.07197096864397,4.96824001707562,4.83712088395952,4.77893858611628,4.72621696659688,4.68039119671529,4.65811196767933,4.63987441540324,4.62319832341133,4.64258693344242,4.64769901719737,4.66017864999734,4.68572206719158,4.69298877369922,4.71281825413693,4.76774209133165
"51432",0.876686710268479,0.87027167499776,0.85894641001576,0.847744742396041,0.841038513291996,0.836462203995451,0.84197528028824,0.848616092704466,0.863955424249973,0.907315690703706,0.946419461288421,0.99643817709253,1.04962991002788,1.12711450804798,1.20074339632407,1.31240532844006,1.4135127938768,1.50009781794988,1.59347878810633,1.76258063061239,1.93133948115483,2.02834901533846,2.15819813121514,2.37891437199772,2.44685387145971,2.48571047329267,2.60381462320121,2.75972058738847,2.84272378391281,2.87440117756172,3.04837844494488,3.07825781032748,3.22417697713161,3.17774543792101,3.34740250705159,3.51780798552168,3.58107136286023,3.70520324362341,3.8381692875363,3.86941240909376
"51471",4.43096670926522,4.41156647208361,4.39525202181248,4.37840510497912,4.36650148054007,4.34863635969426,4.34482711464249,4.32991795148228,4.30954061929474,4.32728490346689,4.32853084319552,4.32930496957936,4.33305453813047,4.34470140752944,4.35661710723194,4.37500310501872,4.38918639697956,4.39703586440915,4.41958205492872,4.42113963581067,4.43294671452468,4.4411945172341,4.44929611858714,4.44208741522476,4.42983329641935,4.44411899081883,4.46286379827527,4.44779925961686,4.4516541178008,4.46867282024481,4.46725784960452,4.49715342440805,4.48246069767983,4.54184537886674,4.54814790353428,4.5505806640934,4.58509011248473,4.5860075559712,4.59444224780289,4.65338342797147
"51493",2.51040320982528,2.49963518673686,2.4884311491161,2.48010121655703,2.47420021117433,2.46398985995428,2.46333216109363,2.46340486722506,2.45730090682162,2.46822893137975,2.47670911574646,2.48124860914136,2.48807057585812,2.50242867655901,2.51193653402165,2.53782084044275,2.56050704822165,2.58300912276019,2.6237689849871,2.66433759998834,2.71253372173189,2.7551964927429,2.81737835173365,2.90202372493495,2.93441903316114,2.97918527002419,3.05155930110617,3.11122189747992,3.16179639041041,3.19927366404941,3.29251094816892,3.3195993129076,3.39438947269618,3.40032362767469,3.48548559564289,3.58012370717737,3.63268227290929,3.74101923223555,3.88237673636923,3.9858738035942
"51592",3.88140160782346,3.86888113443261,3.85068640699484,3.8433471184802,3.83430957869582,3.82307717782146,3.82743328281594,3.82626551444884,3.81997657455826,3.86553183693436,3.87143508032465,3.89196991167644,3.90296429392697,3.93845914778546,3.96712605809978,4.00649807816079,4.03101395755047,4.07757686401098,4.14030914456453,4.17468161702546,4.21909376212871,4.25652704954413,4.3163040025678,4.36145351741318,4.4079926697723,4.57608378208149,4.78428340567825,4.90524808287221,5.04353109147954,5.14186109726291,5.20503959731404,5.12870894706567,5.09607967644782,5.00307304690042,4.95051791216917,4.90904613900493,4.85329827580919,4.82138210210324,4.80328871103551,4.79819313305598
"51631",2.33813881114788,2.32760888530771,2.31748872050623,2.31076265661763,2.30389439125393,2.29414894538502,2.29858377523299,2.29597622996877,2.29247333249964,2.31726877583186,2.32234786565229,2.33292391421813,2.34062171131254,2.36444685003754,2.38246281576864,2.41341997900733,2.4334353946242,2.45563333446737,2.50504195433018,2.53723153033888,2.57710670259473,2.62226205180175,2.68208350470632,2.74047228422396,2.76258729825973,2.79944579596679,2.86559789161097,2.93175807263481,2.98218261983697,3.02562552945167,3.1068482169003,3.14423573841848,3.22133008313137,3.25529955403221,3.32375378385513,3.41228626989084,3.44115120480404,3.4915948279092,3.56216129221969,3.57049314537877
"51651",3.38411380482287,3.37359762769322,3.3561726567571,3.34600379256162,3.33590152965126,3.32046424807615,3.32833967285059,3.33543224680944,3.33560047949929,3.34390627941618,3.35871424399318,3.3413865863351,3.36225755120413,3.42501466682381,3.48006836970351,3.56866061661329,3.62300718795249,3.67232429187148,3.74852535791181,3.82715830202466,3.89190371988395,3.9661121879606,3.95848267552288,3.95613826315652,3.91451290683268,3.82441413926168,3.73323208228433,3.69481919260482,3.64645007478643,3.60521613293305,3.58060594210721,3.55262932230757,3.53461466008502,3.53267825571568,3.53122589972173,3.52921380919921,3.54920405679016,3.55769284970466,3.5656779645711,3.61035963906331
"51712",5.59399665466279,5.56851137351194,5.55179829882426,5.53655509349215,5.51504496713586,5.49476370569232,5.49184075221801,5.47275852888825,5.45366596867682,5.50728039711737,5.50741712163807,5.50614325833039,5.51955590082171,5.55728456904869,5.58393647523867,5.62044398978604,5.64532718235951,5.66774910177116,5.72544011723835,5.73551130912914,5.75683113198028,5.76065425225735,5.7568637759144,5.7307686801613,5.71624747206911,5.74746773089225,5.79602938755091,5.78700281319865,5.81482976536232,5.86344490932512,5.86279085809594,5.94952957690282,5.91539135168472,5.99660203858388,6.03442989529748,6.07040094626111,6.28651031564022,6.39375845435539,6.44289566923076,6.68858270714704
"51771",6.82969765371043,6.79324305141894,6.76980016243852,6.74597909744822,6.7116368857388,6.67645875612937,6.64982595534735,6.65187440374349,6.65940551845259,6.75855540955643,6.81128562135956,6.87293065641539,6.93665064815753,7.0002960372809,7.00349067805067,7.03822027022315,7.06219523931461,7.08894271480349,7.10899837366714,7.14130026177018,7.12085789117629,7.10350803678958,7.10449734277664,7.11445888230247,7.10776306502156,7.08945609442166,7.06552957769419,7.03446517589758,7.00162832141462,6.97866808717811,6.9548987169791,6.98826388443856,6.96423677967165,7.0071762095457,7.0235022993382,7.02104736142241,7.09674691834348,7.12674707614508,7.14432122440545,7.26347645979031
"51791",2.33302287877348,2.32202601761828,2.31339402920197,2.30721682491311,2.29490529883885,2.28222784597439,2.28058427817338,2.28211597212702,2.2807595784706,2.29266672161822,2.30722884500014,2.32185952167944,2.34055247321342,2.36883810597473,2.37923384774723,2.41079958474792,2.43680285986127,2.47424242451458,2.52289656558382,2.59321849207649,2.61375584451189,2.66185601548309,2.73084194441951,2.82783486273334,2.86747312343688,2.86226195711578,2.86978667024413,2.91947897301135,2.94495717116964,2.95955710206474,3.01463493733121,3.01163462648865,3.06860745409219,3.07745871167745,3.13723531545239,3.21473009222602,3.23288363749451,3.28404383882161,3.35939632435302,3.3730648457505
"53311",2.13103603980504,2.12379804620329,2.11724984361536,2.11059350210531,2.10638544302328,2.09898100578388,2.09123319732003,2.08842625293027,2.08221928542452,2.07954060621401,2.09079615645422,2.1086739138474,2.13304858651461,2.17384114909698,2.20449439101735,2.27437772187987,2.32245899443465,2.36287872572486,2.40774397523918,2.51150629262645,2.60571450673958,2.67309944136954,2.77839758601918,2.93000580426558,2.99550885949102,3.04596171729464,3.13450024462634,3.25268997534679,3.32824131803285,3.36790249532912,3.52045324008682,3.57257248186032,3.68075814736491,3.66328186801184,3.81950310123827,3.99016583102757,4.0329311440611,4.15331653315665,4.30887602753697,4.39495981287805
"53431",0.206633381184602,0.205850764382555,0.205045552808627,0.204206685908011,0.203871243593498,0.202999710787737,0.202731264455406,0.203059716220542,0.202522298970176,0.201845361450673,0.201967445146011,0.198718944887383,0.200372671628496,0.211079739375729,0.237798183895344,0.269147924179959,0.315458559867686,0.377757068058596,0.442856387428418,0.508246330969725,0.600510390253858,0.701776570452468,0.821629783502677,1.01733376107023,1.13186390773858,1.221303938128,1.41246504861743,1.62895676327948,1.78153306564845,1.88261157892687,2.106301055041,2.18852416205415,2.3693132764654,2.3645122226772,2.57295477081752,2.78658728119179,2.88684117653316,3.03591072389626,3.19049378967417,3.25448066160472
"53471",6.52829086178652,6.50353358104454,6.48597672951127,6.46517010001112,6.46136099634676,6.43722075417715,6.4510195439388,6.4395356357072,6.40596805631497,6.37404780727736,6.348004501322,6.31799504053519,6.2968614058067,6.27936153139865,6.25781310999925,6.24480418251501,6.22787369663649,6.20896771273425,6.20671650719121,6.18068206710776,6.16234050865611,6.16337824969584,6.16764569701392,6.12840694726996,6.1110565900284,6.14653984799851,6.19708883195225,6.17531423689957,6.19020739832327,6.23526988097097,6.22985610549293,6.296459727725,6.26810318688293,6.40085254737339,6.41264084485526,6.4049039498805,6.46914767695801,6.44700391145358,6.42604226032972,6.51011405535169
"53512",7.69817012612036,7.67415481861854,7.6527929416602,7.64180125703344,7.6458113866402,7.62689969218195,7.58759982109207,7.58846046062421,7.57899285392394,7.59252210994378,7.61752617340665,7.70065146521971,7.71887503905,7.68512708424438,7.6068745493618,7.52833525270781,7.44449630939549,7.3699178744425,7.30649037936936,7.25928029410937,7.22228163014561,7.19905147043728,7.2092355446711,7.16943858639019,7.15004807892904,7.19035366706562,7.26387236638357,7.24684756445693,7.27806203301485,7.34161929586605,7.33148667372452,7.42820945881638,7.37776204061766,7.51395403465958,7.50647518565956,7.48585967601187,7.56149761458701,7.54731896356359,7.53859607501447,7.65127272169194
"53531",5.66736395746242,5.64360350399666,5.62675558497419,5.61211219436299,5.59369050063744,5.57489095348709,5.55690502494793,5.54061491823986,5.52425004729768,5.57751108167551,5.58751657950957,5.61540318342124,5.62233716756976,5.63413933772748,5.6271628781195,5.63256654308359,5.62854313977012,5.62278939122356,5.63886935199296,5.62893262402476,5.61878830945169,5.61895331511364,5.62194436113364,5.59196670905625,5.57886266668832,5.6218501382267,5.67988189392965,5.66154959966428,5.68565833332455,5.73483718055426,5.7289070312487,5.79663230065978,5.76668844617533,5.87568658472316,5.88775784864837,5.89797035593077,6.02078437734753,6.06956036899603,6.1111558800827,6.25807429696582
"53571",1.34475805962467,1.33909832949051,1.335241044459,1.33193650550326,1.32684105900177,1.32210514049369,1.31929664283226,1.31217443229358,1.30517222228121,1.31926448960089,1.31816562944995,1.32132565236573,1.32417304446028,1.33508893389673,1.35237164445474,1.37018661408666,1.39416532832596,1.42593935536699,1.47968356679461,1.50353225016931,1.54638868666348,1.5933294449091,1.65980888014534,1.7274140125689,1.76395378471962,1.80322126966291,1.87698798875567,1.94332386793882,1.99778521933257,2.04451294207897,2.13012550449595,2.15823466554371,2.24569121876218,2.27481594411654,2.35004093227912,2.46202859619712,2.50566562529,2.57527095271475,2.66385274813823,2.70734364116093
"53631",0.610909874150999,0.606037037073865,0.598489220969426,0.593172919349412,0.59100652965307,0.590493370511947,0.596672095109624,0.602918202838378,0.620619018340859,0.665649105312494,0.700554259304649,0.749728356801515,0.81052630545587,0.886691591762555,0.970530492467989,1.08969087195198,1.1916452642145,1.29282111158474,1.42856029486512,1.61446031168521,1.77240105676853,1.93863326504944,2.17078579935157,2.45987992199898,2.56502585862208,2.62033766588324,2.89021479793795,3.27030390574131,3.52053455015395,3.69733685758451,3.93202088920899,3.93509898139699,4.1279395888307,4.09916551001026,4.24961902066971,4.49190990253227,4.54797383916911,4.70661052387341,4.91131862438424,4.92089037492644
"53671",5.18720287608283,5.1673669532134,5.14493649413447,5.12941670587766,5.11429610424005,5.0918553974624,5.09715578054259,5.09681305873744,5.08819365718147,5.10487056147075,5.11089738015575,5.08379735201889,5.10505378753973,5.17327819304893,5.23680850878936,5.32480830960725,5.38139790240799,5.43452995565675,5.5315012224887,5.60164930204761,5.63721936489873,5.76141086960415,5.78664773752812,5.78610191359461,5.73630036430799,5.63719400732085,5.54037598035377,5.49505240023791,5.44844450948465,5.414196916697,5.39106425449773,5.39132505565055,5.36800131787881,5.39355513782489,5.4034843294733,5.40347224320024,5.44894444485389,5.46229460247421,5.46880800704236,5.54341321799556
"53711",1.79578264896,1.78655393053535,1.77725218221796,1.77112806842808,1.76334107234683,1.75593371066132,1.75844451714658,1.7579883601264,1.75646545700096,1.78613604086625,1.80146692995324,1.82289942458054,1.84947759009912,1.89225208576343,1.92955725702834,1.98937591807893,2.03536431358453,2.08343937015975,2.16407629352796,2.25761950111285,2.32905713664559,2.41539560198458,2.51778980232095,2.65803718835396,2.72031369603171,2.75554539803981,2.84975175377406,2.99180751532904,3.07642895524668,3.12285015374929,3.25152187909574,3.26193122286336,3.38404889581891,3.39838336059578,3.49480521450963,3.63813952077836,3.67303622574246,3.77274825805219,3.8974899339298,3.89413515672933
"53751",3.1291744685275,3.11155697904982,3.0969577038878,3.0861736606242,3.0692917684297,3.05398498014133,3.05378222674726,3.05977069574904,3.06123304244268,3.10034347838717,3.12825858506148,3.15733540444423,3.2135535792901,3.29698918344472,3.36257467787952,3.45083962569751,3.52274634710101,3.58773934098972,3.65733637610773,3.77681712412142,3.83003492173332,3.89860209420381,3.93536840159475,4.00296150542842,4.00523066468577,3.960130728373,3.94218097554171,3.98781989808924,4.00555899289074,4.01148033651242,4.07412060723553,4.07648805962963,4.1420424149202,4.17044400202393,4.26552134336285,4.3942421063208,4.46118330259692,4.55333001139028,4.65546237234837,4.65612529468473
"55311",5.68447574233927,5.66079867114671,5.63941680221735,5.62114273270701,5.60707646542423,5.58024917785015,5.57235130624956,5.57824221003869,5.56347468999066,5.5413252786735,5.55674527343489,5.53530234927856,5.54637176644112,5.60129807683347,5.64029251075458,5.73606609161367,5.78629872616216,5.8034466997772,5.82032486816498,5.88954353382517,5.93907341978788,5.97491099768483,5.95078443093361,5.93521596270462,5.88834329244661,5.8246315944317,5.74902965211099,5.70898524159939,5.67326277444933,5.64678900058554,5.62990949325235,5.62674521283538,5.60964451688326,5.6449184676758,5.64308751550175,5.64734482728894,5.67115718855824,5.67530003659463,5.68898326154848,5.74403307953499
"55353",2.72798657295169,2.71536748938423,2.70731272409053,2.68944564798772,2.68709721351296,2.67264632470939,2.6709110074435,2.68192062032717,2.68243830616174,2.67482988964647,2.69011338427289,2.6979499739092,2.71194898927857,2.73117954719946,2.73278361701393,2.75886591897938,2.75517170835274,2.74687939558514,2.74779300136756,2.76802395076729,2.77306951586107,2.77328292641623,2.77648105467983,2.79896588652933,2.7990953959537,2.8085998605537,2.82498185593939,2.84016369106096,2.85325359679343,2.86401354749666,2.89761861594713,2.90878343675616,2.92351577416888,2.93043037792137,2.96276108349295,2.99742405313724,3.01916938888647,3.05693901918588,3.11273768239983,3.16184116501796
"55392",1.61304315302634,1.60456942657471,1.59035134275517,1.57334749968394,1.56653279894932,1.55442002333972,1.55683602864746,1.56827864675264,1.57388264577572,1.58438135218715,1.60778173852303,1.62896600447562,1.66575549227255,1.72353959277978,1.75226769884047,1.82468341776106,1.86541127035641,1.90026379659177,1.96636308339612,2.07789692383058,2.15592842081992,2.22561737449074,2.32331591947961,2.4896891081937,2.54616382327825,2.60044028023694,2.69557992832124,2.81895290219076,2.87551496617305,2.89172248881348,3.02034408141254,3.0398679474324,3.1398593099793,3.1041801519359,3.24842966617238,3.3867807070287,3.43737093268821,3.53147224460951,3.6278263973415,3.64283216262875
"55411",12.0404854081469,11.9914492629016,11.9539465418271,11.9073199594112,11.9104172826609,11.8567375735347,11.8182728247478,11.8419015805298,11.827198260229,11.8045588518748,11.8470073044152,11.8276019874344,11.8760345730663,12.0022800767872,12.0155101324556,12.1314560381238,12.161118961468,12.1572688908994,12.1954147171768,12.2954844574084,12.2950291638692,12.3641128493944,12.3701885709281,12.4143180575615,12.3337474464581,12.1686728678692,11.95144355759,11.8481114322373,11.7493239385028,11.669340951292,11.6305904851658,11.599427252904,11.5609061342819,11.5874570945176,11.584900829278,11.5844486328325,11.6099510536475,11.603209823435,11.6134723118656,11.6969929561855
"55592",5.39091288865176,5.37507842041009,5.34888788214263,5.35021957652498,5.34137717043494,5.32197641911326,5.32598530116809,5.32500714650954,5.31442509233023,5.33290990837957,5.33253485163992,5.33416805458671,5.33928423868571,5.3662698303091,5.37868858449168,5.41433358132795,5.41870456306793,5.42912087114012,5.47270253841993,5.49310527557952,5.5111545000881,5.53093360112961,5.55139424397994,5.54846094572081,5.53476631203612,5.55483779292874,5.59514224673819,5.59120342502843,5.60648917672435,5.63081775008063,5.64112420545704,5.68597909028671,5.67816166217176,5.75039039873059,5.77278506332792,5.78963835520199,5.83615743029181,5.85112784069963,5.87116964764166,5.94256680448241
"55711",12.8149581251326,12.7880695041069,12.769753762428,12.806922814895,12.8037321802268,12.7835143641638,12.9051463353584,12.9409238765539,12.8980857568964,12.7479330432664,12.6272412327275,12.4758338280378,12.3628556751503,12.2764820259157,12.1890002709988,12.1205044892464,12.051707398926,11.9975185970167,11.9749408228053,11.9171463738697,11.8829174405201,11.875641433433,11.8977819633424,11.8531601138791,11.8441857407375,11.9473865674828,12.1664758449129,12.2271463652262,12.3519446691666,12.5162332717448,12.5729231643062,12.8541132994306,12.8619376471204,13.0690180083596,13.169397570379,13.2107652403028,13.4145371651422,13.4830647060133,13.5112384839018,13.7366125374956
"57353",3.14375851535156,3.13054861989454,3.12087846695695,3.10738333492703,3.10900839437687,3.0894248776584,3.08714070384098,3.10019757513921,3.09202978499976,3.07364544290474,3.08596716772572,3.08599619495608,3.09574554472026,3.11992652841941,3.12101215478546,3.15138485324424,3.14673282711386,3.13790630407839,3.14275118900109,3.17962070846494,3.20036742887833,3.20978401326481,3.22604284093927,3.26440464469316,3.26631464232554,3.27159517850868,3.28525556322052,3.30735041212257,3.31380124411793,3.30901239961259,3.34052710552943,3.34372280341976,3.36157968486646,3.37452675008104,3.44107932236286,3.52917353208952,3.59280338765718,3.67188076468384,3.76624520727173,3.81873504483388
"57371",6.07576837838919,6.05076624485991,6.03188991060143,6.00324915578585,6.01396872768283,5.97810534209564,5.98064753725109,6.01015763938297,6.00048440769315,5.96747467972329,5.99414435009656,5.96200847948246,5.9924669356031,6.08025044663436,6.10955713653405,6.22046095163441,6.23968377156371,6.23910210032059,6.26784566290462,6.35371074942852,6.39347342239777,6.41699317063004,6.37773873285654,6.37036961632177,6.31594698481505,6.2296127527488,6.11240605847533,6.06509456406304,6.01288050663218,5.95909631585124,5.9342197383339,5.89991274893131,5.87695943106945,5.86751471818314,5.85921757770283,5.85451141861648,5.8598985703762,5.85546855967379,5.86223269922965,5.89932691789535
"57412",6.23417841955516,6.2085599379786,6.19059332579279,6.16496746638064,6.16873901803127,6.14184610077345,6.14024816344808,6.14646108927754,6.13045830150024,6.11029401162397,6.12571070772546,6.10753735387441,6.12419326878565,6.17872626191986,6.18622537385194,6.24575062717463,6.2618642054849,6.25773424734735,6.28156060489276,6.33479489597559,6.36991675384419,6.3625882992137,6.3525226716351,6.38034166492205,6.35248752263854,6.30833960269338,6.25336814047327,6.22518549115169,6.1867602090878,6.16299109218259,6.17334144975427,6.20176357694718,6.21487219463301,6.27462034467163,6.30680184963826,6.33751019505949,6.33532008512104,6.31381929316007,6.28667159641311,6.26167293918576
"57452",20.4513545680828,20.3677033728955,20.3206451603614,20.2745169860574,20.2848480627806,20.2125618265405,20.2215602512761,20.2351136981757,20.1896173454055,20.07226063501,20.0083411206229,20.0105871005071,19.9429833468619,19.8084666404981,19.612347543533,19.4188149056722,19.224241000736,19.0559364008926,18.9126703222506,18.7941506513699,18.7039358514933,18.647527069713,18.6368711213445,18.5252737817779,18.4730583098403,18.5478833023625,18.693973438657,18.6420667492808,18.6761364942307,18.7953188721117,18.7754368668162,18.959014197932,18.8867874360476,19.1619722802429,19.1815542409681,19.1696085888669,19.3177240252588,19.3141245416084,19.3107717386102,19.5864477399783
"57471",1.05391811138243,1.04731752033111,1.03834252732645,1.0298630086549,1.02498727001513,1.01598502962437,1.01603809951038,1.02080190008934,1.02374600116864,1.0251814321666,1.03772934613098,1.04595067376389,1.0615477975571,1.08920650527682,1.11207612754075,1.15636706200286,1.19923214871418,1.243005013661,1.29125944502305,1.39101687093605,1.48718913758569,1.57623672400065,1.68184630270369,1.85389948247472,1.92363609524747,1.97816272701605,2.0971825031674,2.26513670457225,2.39213839116079,2.46528471831664,2.66196867404738,2.70944937731635,2.85497234646409,2.83055068931437,2.9937034720848,3.18601893492802,3.25376857669723,3.38636375045733,3.52676805068949,3.55273261333999
"57491",1.41842000736386,1.41161202941151,1.40287419630581,1.39651578472755,1.39380899202371,1.38488716173246,1.38597088559865,1.38921629719074,1.39093539252901,1.38927255264492,1.39710133581682,1.39724192708116,1.40291681420104,1.41706031838742,1.42741752893262,1.45899294551248,1.48560006302578,1.51618590447573,1.55320906211219,1.62246811347837,1.69761259686558,1.75845712019405,1.85920767386295,2.02639591164708,2.10425756258253,2.17364553308668,2.26690053923248,2.36898314886328,2.42528914521041,2.43515164254392,2.53036183395486,2.51932312352485,2.62910870605759,2.62163412193763,2.7757570342883,2.96152032813631,3.04254888478351,3.11466368269719,3.13356094708694,3.05942577441508
"57551",2.28934057627519,2.27812619567949,2.25893417244623,2.25212290215067,2.24395704676086,2.23295477274671,2.24001690289216,2.24976165001055,2.25752853159368,2.26125542852379,2.27702998626529,2.29597476668916,2.31585261072832,2.34699114402395,2.358378793989,2.40413642378029,2.42132436148287,2.43065486593701,2.45302920855778,2.50188550148264,2.50106006874569,2.54450475105245,2.59138944431331,2.63429523951027,2.6319106320666,2.61754098778166,2.62750497049413,2.65490009106334,2.6742749516871,2.67976024406321,2.72806596782273,2.73380863030001,2.77260521361793,2.78009965145438,2.81742081855809,2.88223618728459,2.90335414598482,2.9426676145013,2.995057136439,3.02313225434203
"57571",5.44273334930522,5.42608770863484,5.39457757785261,5.40053242985954,5.39259514792292,5.37422308131875,5.38032846971316,5.38844063017167,5.38738493276329,5.37049140650151,5.3791611856082,5.36459656820429,5.38517824967887,5.44966871827695,5.48877271165537,5.59607058388291,5.63841826303693,5.66539499655798,5.71668587605657,5.8057696586678,5.83849493490146,5.87481138112694,5.86831287192041,5.86744270839166,5.81927794244356,5.74864167689351,5.69909630906043,5.68301405603652,5.66563772529776,5.64333189195505,5.63141137866999,5.60372051212191,5.58230573389608,5.58670045657338,5.58514898642977,5.58838759470644,5.60918738772519,5.61475149435417,5.62528757494659,5.68515462531406
"57611",0.24365235977017,0.243008934442468,0.241598628143256,0.241653630841487,0.24162987213602,0.240877552966379,0.241202605493502,0.241527671156317,0.241343110049189,0.24090723914942,0.240953699337956,0.237549050801289,0.237857117408401,0.248231286294057,0.271891645129663,0.301065242461365,0.351373463960642,0.418876435444012,0.488104692788272,0.55938942505157,0.656981462897785,0.770848345754379,0.915665515242108,1.09950313915109,1.19684137899403,1.26123892432009,1.428437408497,1.63900684353356,1.79415339087931,1.93993934554512,2.20911877844986,2.30779848266319,2.56436092728544,2.61978077625515,2.85506593393516,3.20848097632921,3.3693064629795,3.59289297617349,3.87429264609395,3.98840537370668
"57631",0.620295068224164,0.618495783761618,0.612825369443893,0.610231099837943,0.607724906603703,0.604614224677408,0.602555310386304,0.605389155126404,0.611389572129689,0.620718403334084,0.656618689184301,0.704173367769067,0.765933098165619,0.850232729248541,0.939515658641347,1.07786896798935,1.18032071649511,1.28721940239431,1.42564525805063,1.66717596186839,1.86143758038176,2.04125045016625,2.27347764037959,2.58776568328344,2.72939986134628,2.7968096756279,3.09024365723038,3.4606307538501,3.68735215470615,3.90477549660539,4.31294510897844,4.41676614491462,4.85948845875972,4.9621458332438,5.33290530438925,5.8171433154399,5.97924161184364,6.24451775784389,6.56373722999698,6.63773514942891
"57651",4.46572934811456,4.44876573044801,4.42513706707595,4.42092039794944,4.41688353019273,4.40018477209852,4.40583409297532,4.41925542082001,4.41492936704102,4.40898059932266,4.41581548303813,4.41649456075117,4.42123561187048,4.4664193835005,4.49340146291583,4.55159560915704,4.56654098327471,4.57879355668333,4.60753763922749,4.65651598878006,4.68225735402699,4.70214811833216,4.69641447731041,4.70880388215813,4.68347422156616,4.64781570891112,4.62552138012235,4.62081846332593,4.60946817753301,4.60383565572356,4.61043147797087,4.6165708392584,4.61754117760411,4.6373220620093,4.6506104994443,4.66893504404498,4.68707468515819,4.69675786327153,4.71000052779321,4.74129864642404
"57673",0.203319536491675,0.202368087720417,0.200749640669991,0.199812395012159,0.199015712828345,0.197941376045251,0.197974825990147,0.198899704547994,0.199808997150139,0.202655466706904,0.20744750879702,0.214579845421337,0.223295884692155,0.237028086044753,0.252059261147061,0.274904920566964,0.29540054128372,0.317313654783386,0.34764379276608,0.393703614149435,0.43367863251352,0.476632789356987,0.529652874352783,0.606549213410429,0.642366774346592,0.665906655286796,0.740394188736138,0.840975035655517,0.909577033171002,0.970482148886571,1.08663302306817,1.12648858451842,1.23695115594091,1.25454932405268,1.34193370892296,1.47448922013721,1.52499152321413,1.63273862183622,1.75653338520086,1.79379268126965
"57694",1.37770919776656,1.37146717766965,1.359306241798,1.35139529908048,1.3439972756797,1.3379578969129,1.34357960492517,1.35548181867878,1.36456177123367,1.38569759193311,1.41959406060901,1.46396525683418,1.51378473128267,1.58864558249947,1.64806647585461,1.75128839531123,1.82036723578239,1.88755025141943,1.977410169097,2.13107062563102,2.23915084424657,2.34172769845067,2.44580632063772,2.62315902708244,2.68115645488735,2.69308424542122,2.77966837856779,2.92775018740629,2.99918525436558,3.04798442349175,3.20992862739769,3.19315875765054,3.35418237598071,3.36307054987835,3.53450346118174,3.7821625331027,3.87428937078445,4.02985712720693,4.16421518993776,4.13008975956618
"59551",1.74046568926558,1.73301304246588,1.71883571185982,1.71577720427826,1.71103762000375,1.70133812286772,1.70654350773289,1.71431796004252,1.72063357386836,1.71659202405437,1.7299814133342,1.73177785732173,1.75045529564107,1.79205284226342,1.82075984902067,1.88702234504777,1.91537114967376,1.93934304022817,1.96738634140205,2.02598773190133,2.05556363561366,2.07274755253189,2.08617157949547,2.1117968178461,2.09854581399334,2.05371585623603,1.99712668065702,1.98125509809194,1.95665896524656,1.93075214530329,1.92757828899624,1.90526112397367,1.90508221071604,1.89487786919041,1.89886033432725,1.91203789363673,1.91436045508255,1.92109359453718,1.93267423751059,1.94162836488672
"59591",5.71415377225492,5.69651102384534,5.65727587774747,5.65259665847021,5.64015848349664,5.61975686723713,5.57815706739764,5.60159267216665,5.64255898866636,5.69969579619919,5.7806794385888,5.91144824566978,5.99453333652033,6.05966106258046,6.05778300021271,6.07601757281926,6.03581378142345,5.98309444142621,5.91492610453916,5.90707159390524,5.87410488601096,5.81270148851877,5.75082102485784,5.72572281520378,5.68820683285164,5.65594263391674,5.64084554727435,5.62392268968038,5.61746554906826,5.61930452478145,5.6157237247424,5.6422392512499,5.62558937578231,5.67950789632156,5.69109780585685,5.69742137182902,5.74064977249024,5.75253013569699,5.76333654757318,5.83800851644304
"59631",1.00671787263221,1.00173600748613,0.989202158476779,0.97971389015086,0.972496039686497,0.966537693851212,0.971198815972622,0.980560755559758,0.990088129077281,1.00447948456655,1.02635991910397,1.05194730989398,1.07939019262517,1.12339888804021,1.16396778232569,1.23547792610933,1.27989959557142,1.328784910528,1.39826883714129,1.52175960987823,1.61361863089595,1.68939059695833,1.79774335027344,1.94758961995947,2.01446613916972,2.04301506554957,2.1550419463432,2.30967257857197,2.39343463659711,2.4638892121562,2.62141527179159,2.63057364789279,2.80189226072289,2.8203703803124,2.98338519299763,3.2107266427404,3.26919606243115,3.35202035252365,3.45918563522689,3.45132933502778
"59671",3.41280437485472,3.40425252734886,3.39727900791229,3.40645231095453,3.41344122925286,3.41221366666763,3.43556827445771,3.43570218005484,3.41561406405163,3.37301753316385,3.34132929227104,3.30517524213422,3.27128017539086,3.25659714138445,3.24789611473911,3.25403793934559,3.26440928524725,3.29722684862144,3.3735085904368,3.40649259181709,3.47378946511931,3.56678081295012,3.69931862729073,3.85040186144858,3.96939628559762,4.11785157483659,4.3598128980791,4.61069438706097,4.81248870558877,5.01754970319915,5.37071603178028,5.48714565741568,5.80585832103247,5.86754057406058,6.13210128883011,6.51817824091655,6.64608342028823,6.92075917739374,7.25917857804204,7.32614490383056
"61351",3.19283473825496,3.17618646755181,3.16531595145812,3.15836128341996,3.15712888923121,3.13598923509367,3.12214075347976,3.12980814492965,3.11732215897083,3.09711649579415,3.10673201642337,3.11641909334248,3.12232160814692,3.13716862114258,3.12575819648026,3.13157286130544,3.1113207445248,3.09096693388791,3.07147411815604,3.08174266079539,3.09080965326332,3.07306917486359,3.08740262728867,3.11724981723308,3.1148873469171,3.10542879198981,3.10381016636942,3.11188143887991,3.11834302496262,3.12278763445184,3.14147187689521,3.15636200146271,3.18937982068769,3.22323499163543,3.28003577521102,3.35149481336348,3.37344614534357,3.39113606273354,3.40608985306849,3.38966217235163
"61391",5.9906365449983,5.96038568168303,5.94213742341592,5.92385143682864,5.9189755646237,5.8807183000727,5.87249507536369,5.8772110074413,5.85510069395494,5.82634103714561,5.84102990696534,5.83648589272103,5.85697446811135,5.91412669369738,5.92833926501228,5.98988493222762,5.99924940873118,5.99692078344108,6.00298571628261,6.07087301982113,6.10555913081142,6.12580306946502,6.13835924156512,6.17134920634082,6.14669284000011,6.10576037462044,6.08322506213939,6.08795598427078,6.07593344267208,6.04806215636992,6.04802225708309,6.02464866803876,6.02282945938112,6.01566389888561,6.0272769469637,6.05022451667289,6.05892598342733,6.06955979256468,6.09106321213129,6.11622151142662
"61511",0.167814678989043,0.167100204034395,0.166264018709319,0.165748424835727,0.165572296716399,0.164632895837509,0.163935032084762,0.1629752701493,0.162348597556635,0.162438817204173,0.163934557192744,0.181123801389953,0.2671790331123,0.402078703463577,0.599200718424756,0.748497391643694,1.01363977973622,1.27690207428644,1.57329572820411,1.80279859911545,2.11374819178242,2.48710651412012,2.90577081470031,3.63063049639033,4.06544498988081,4.42019108695814,5.05770346764069,5.8098260929378,6.29330091661601,6.61930455919055,7.26495492300236,7.44219359037631,7.89538337914333,7.84343568726113,8.27134764085895,8.83777866790607,9.03866006912379,9.42808069980413,9.83001668307034,9.95061973237272
"61531",4.66216536396823,4.64149145126894,4.61400645265746,4.59822865613258,4.59164101062328,4.56108864160538,4.56662328909825,4.56542906421491,4.56876345518774,4.55207312701923,4.57391962832534,4.5602211043616,4.59035143914603,4.65287155030721,4.70399012246191,4.79737888146051,4.82093227150896,4.86102833330241,4.89874258084539,4.97291039818041,5.05219145727176,4.99764678078883,5.04237411093585,5.16370230606839,5.20242730065661,5.23408870647733,5.26379849835468,5.3139991014382,5.2908761446653,5.19795445942235,5.11891561283076,5.00061935699135,4.95122645005503,4.87088267874416,4.83230230989871,4.80910559144011,4.78486228815584,4.76219132565104,4.74145873905108,4.73220541010059
"61612",6.5329815071406,6.51623014620306,6.48110585379186,6.47306222273773,6.46475299120689,6.44712886450214,6.45352551132669,6.47142420627187,6.47295870720689,6.44655939860926,6.45108548613754,6.39268871393499,6.40410393543471,6.48393503510004,6.55883104407123,6.70832945737131,6.78058422788655,6.84030906784507,6.92763397555793,7.10160848146128,7.21462033605556,7.30764025146453,7.31613310558662,7.33537108399272,7.28115116543792,7.15025684936481,6.99604222249598,6.94571115760431,6.87151119361469,6.80343596386639,6.79158753596388,6.73395590387287,6.71532368384738,6.68955340852701,6.68514412118515,6.68857268479365,6.71431418931886,6.76555358314808,6.84353360942602,6.97759590735576
"61692",3.21191901972738,3.19811859460802,3.18013710784593,3.17077525154147,3.15910247838731,3.14689658345322,3.1462105173787,3.14275223472163,3.13432222904772,3.15135524992124,3.16170070885206,3.17424918319307,3.18414804117801,3.21558351880145,3.23616117161604,3.25834862563041,3.29180787046619,3.32293349461494,3.37509059648291,3.42666100809912,3.46905682182853,3.50728457342986,3.56995846664052,3.66498470920425,3.70354341691448,3.72895382467637,3.77495039178451,3.83848543454975,3.87250724603865,3.90232099459807,3.97824121867197,3.97934995617883,4.04299704445109,4.04610097270385,4.10039564414424,4.18435067163884,4.20755536956477,4.26752905399479,4.36750914331749,4.40155608102508
"61751",1.69306957180319,1.68578318531976,1.67122669785522,1.65994566142277,1.64864304801473,1.63786195412474,1.64168742479358,1.65620296636294,1.66464158729056,1.66959018548512,1.69736351095621,1.72549269231347,1.76260968783091,1.80660612031457,1.83676528833503,1.89828994871126,1.93244374018429,1.95780607335659,1.9938592625617,2.08510110089376,2.12909885897721,2.19390018072935,2.24286766492568,2.34295190819128,2.36946954292962,2.3537086263525,2.38362281822909,2.476832993543,2.51493570502662,2.54430645500646,2.63792055519458,2.61192194722179,2.71358125677667,2.72152366314524,2.82482814076537,2.96575526622502,2.98794610836115,3.04468392741487,3.12506251394497,3.10629680647354
"63491",3.42080124532451,3.40483551867106,3.38462642742112,3.37139129093322,3.3634826292085,3.34163847286393,3.3346961879636,3.32857820448058,3.32248891107455,3.31611763589995,3.32410871639964,3.3247193494342,3.34108041353776,3.36706649202708,3.38152650469381,3.42876779458948,3.44558107352153,3.46804376788062,3.49537879739561,3.54156695468118,3.59469614262923,3.62759396630048,3.68878222178279,3.76949848425644,3.78849721377036,3.81521007670764,3.85130425321278,3.90832070000236,3.94388940074924,3.96392715474795,4.05246025240172,4.06391643577287,4.1146933525337,4.09843422515344,4.1525414455365,4.2376205447518,4.26275653184949,4.31832164678376,4.38524766531694,4.40889917341056
"63511",0.887492268846492,0.88358870825376,0.879194077041038,0.876638561182094,0.875969705720126,0.87092631727492,0.868030096358868,0.866776140405356,0.866374060226892,0.864249644114457,0.866602903247197,0.865731291560642,0.864076115572695,0.863344199339723,0.860886912576551,0.865001140355276,0.865403135689739,0.871233318922727,0.884513484762932,0.89556778902698,0.914270167624193,0.929382550600542,0.96164221919852,1.00043132605299,1.01997753700758,1.0387118553375,1.06003721442278,1.08832205856358,1.10449846465454,1.11350435105883,1.15120800593274,1.15944789158376,1.18779034913111,1.18447625015395,1.21303495193485,1.2560504950418,1.27099440587589,1.30080348572818,1.33508446497553,1.34846608582998
"63633",1.26192650879967,1.25697544491113,1.24636424815633,1.23805090790926,1.23345137397357,1.22406421685912,1.22676411202482,1.23413555038811,1.24062900501448,1.24288437103846,1.25855932907858,1.28171972122416,1.30925870240268,1.34543467373668,1.37356897178403,1.43232360835196,1.47039797624946,1.49814973773187,1.55356504551053,1.67094925107303,1.75962784466676,1.83884541762507,1.93940827333291,2.08900127684673,2.15299307942603,2.19161738745149,2.29340181452108,2.45596308150338,2.55858810686401,2.64644852399387,2.82289549127118,2.83290666909856,2.95560617803343,2.93293574569184,3.03573171392783,3.1660709771236,3.16645805963474,3.21764904822318,3.29918659462439,3.28407321802119
"63651",5.70016391532875,5.68020796002288,5.65151876139708,5.64277480301645,5.64032981723864,5.61592845241034,5.61718131197192,5.63093319818021,5.63832364873785,5.64287907865372,5.66360866390061,5.65793665808098,5.68293327727586,5.7351323490302,5.77696582400932,5.85664701792047,5.89146861577605,5.90658490571862,5.94242024732623,6.02891799316978,6.0691522877921,6.10891736526552,6.06545493563196,6.04722683187992,5.99503225908648,5.90058826881665,5.79333126831233,5.74461198966907,5.69315024576314,5.64995850531138,5.62331425461726,5.60429703510359,5.58344093564634,5.59475199012926,5.59621415973787,5.59625754199126,5.62040262115586,5.6255182297814,5.62661601410921,5.67775311011802
"63734",4.67029968055717,4.65372261335184,4.62789333161123,4.61761276179656,4.611396130382,4.5923630909052,4.59337302112512,4.60221327192631,4.59653764710703,4.58449531574175,4.59193952795616,4.59889629707691,4.61157248654057,4.61908594582921,4.60663264897069,4.64087007240615,4.64702686512424,4.64192092353703,4.64520739637045,4.69012076267496,4.71005398197825,4.7199097382171,4.71751092662262,4.75473605656185,4.74423047969126,4.73496267240299,4.76747696487724,4.81729840881632,4.84539642935513,4.87642732761131,4.94681446308419,4.95140373711967,5.01068765326708,5.03034183302431,5.09054217147345,5.18011732418582,5.20950564834188,5.26428601612681,5.35328939721054,5.37764333284153
"65431",7.19516211973988,7.16644067849389,7.13621014770363,7.12688766936335,7.14934675661276,7.1168792618828,7.13406305802114,7.15887546064305,7.14635237126785,7.08724030511767,7.06652439400548,7.03837321852284,7.01936980955635,7.01060241141583,6.9695957459143,6.95400267699747,6.90519113728671,6.84956741407309,6.78227601663118,6.75842089655628,6.72398154044717,6.68532987239742,6.63667232750009,6.59996859112719,6.55945102687237,6.52275585774452,6.49667552501844,6.46489204179217,6.44764338145333,6.45045253270323,6.43851306339223,6.4645650180777,6.44012501899033,6.50566424420337,6.50318489501088,6.49706803701176,6.53296351957393,6.52972270375802,6.53141914203116,6.60568955649454
"65491",5.13196642228757,5.10580945715638,5.0750401234555,5.05771228335855,5.05080481879905,5.01702099809217,5.00964486312313,5.0098543784773,5.00619089682414,4.98573393572734,4.99408266992694,4.98228153945971,5.0014172894881,5.03472574956293,5.04163246647836,5.09801369706189,5.10781067839421,5.11600481438369,5.12341332887186,5.16790368377511,5.1909291815287,5.21181286275077,5.22500872188986,5.25023414109929,5.22702699364739,5.19709419814445,5.16868003663757,5.16057344423896,5.14812718932745,5.13540455442702,5.15151348193815,5.14768416223602,5.14740428711694,5.15739665773249,5.1726366431075,5.20296541881024,5.22296395379191,5.238472520384,5.26704360744418,5.31760878226128
"65611",1.08542222689289,1.07896685949577,1.06774418385203,1.05794189095464,1.05057648854842,1.04118429528701,1.04069643020791,1.041284128185,1.04642645440661,1.05995132531245,1.0769262605965,1.10400960502114,1.13670886932888,1.18431724551361,1.22435583450156,1.28553298504215,1.33156455596315,1.37183399807415,1.4210544862316,1.51212313448414,1.57902692871624,1.62208124781937,1.6738764196652,1.75739988100822,1.78816525424789,1.80279508804048,1.82923157524312,1.89428717193422,1.92146938776815,1.9373493368003,2.01014578450787,1.99451013235698,2.05020274650439,2.02573346824497,2.07461956854301,2.15046726257799,2.14891538804042,2.18473549258648,2.24282446983562,2.23870687107203
"65631",2.25385918063738,2.24527147370731,2.23296736014827,2.22524077549841,2.22298399230975,2.20956334968243,2.2122663131896,2.21958325117685,2.22173408129116,2.2168440731142,2.22607960106417,2.24312697516773,2.26316335087199,2.29082141859706,2.30503996822706,2.35015516156267,2.37308808653523,2.38975693011553,2.43197457100728,2.51969847194082,2.58658933987543,2.61288373885243,2.72688562756353,2.9244839485183,3.0303784972723,3.09635241164155,3.15622359940405,3.26105198266874,3.27656679457269,3.29896618928803,3.53021352692737,3.64019046484221,3.9708497102826,4.11819404240117,4.48552699479713,4.87762042038678,4.99776678859944,5.02217104797888,4.98628276221021,4.81270483479244
"65691",3.75056210370177,3.74067128318566,3.72290741011639,3.71895925013263,3.71820629590227,3.70291909386867,3.71143617811571,3.72172135630633,3.72216950806124,3.7075710383608,3.7127140506928,3.71822179769973,3.72591723402031,3.72865502151397,3.72269500676102,3.73071229704992,3.72967296547228,3.72077644311257,3.72204337865719,3.75426810129453,3.7659192861865,3.76620833651889,3.78062344987989,3.82454229889266,3.83079077846477,3.84100586938035,3.85478212690319,3.87547251757996,3.87374952066853,3.86948382651266,3.89064190117132,3.87061426908924,3.88261338916819,3.87914313474879,3.90163727168899,3.9319102633701,3.93583455672285,3.94815197424498,3.97647501065983,3.9911117761709
"65711",0.841448283194612,0.837334829622122,0.828758432479397,0.821594124885199,0.816627527044923,0.810373835764174,0.812926536977808,0.816570684654393,0.820473702436523,0.827520628209878,0.83844802055385,0.851600784603477,0.867111054413424,0.885194410717889,0.902487718254101,0.93379744653142,0.96312619531959,0.990222856689874,1.03050505569143,1.10609769083239,1.17080194187264,1.23695518608008,1.30963175973918,1.42092944898953,1.46305984181344,1.48758908142168,1.5599295288818,1.68054902075826,1.75152136364961,1.81898541175709,1.95556977599252,1.97541029838737,2.10905417669312,2.12733236476698,2.24681293030285,2.39943279753578,2.43907663769254,2.53047684136167,2.66336960938431,2.68374379047788
"65731",1.04629398814799,1.04171130147691,1.03183111496766,1.02379541510675,1.01781595310321,1.0098330910257,1.00975906586604,1.0166783089925,1.02271037082781,1.02937160039927,1.04328281320567,1.05443381165695,1.06213573366416,1.07023771255254,1.07845991790544,1.121115255092,1.16235798533382,1.21362146901754,1.29163469762988,1.41145667302435,1.54162701895031,1.68967882954848,1.86716346273793,2.1565303901244,2.3056353404972,2.39585310330658,2.56964284709344,2.82218264633812,2.95774384576042,3.07952240795259,3.31970116586957,3.33928100919897,3.58806341402313,3.62287037978783,3.82924812526429,4.10508400397807,4.18123633338643,4.3680197656108,4.62931441737307,4.67748368907693
"67391",7.52839906448976,7.49361669122336,7.44205224913902,7.41540308962879,7.42322997696707,7.37273208618375,7.35541875644893,7.38245089364158,7.36862180888536,7.30971138725838,7.33457657439061,7.28492735474267,7.28328046664932,7.38273916653585,7.44662561238347,7.60673095777577,7.69657983571512,7.73594341625811,7.74440123788634,7.858527689141,7.89818976901637,7.94058917417953,7.98640116250999,8.04245410167982,8.01522261445923,7.91816341391214,7.71141760136238,7.61201795186682,7.49943104936683,7.38034285823379,7.30266906698822,7.2151164737325,7.17576833727196,7.12110308135088,7.09268760780985,7.07045707826513,7.04870782425386,7.03042956669188,7.02168682793299,7.03968903436011
"67493",4.48070212320995,4.45546244342956,4.43346866468016,4.41710216579626,4.41303251382413,4.38348636398329,4.3616954232317,4.3607542459097,4.36387341592088,4.36329414576598,4.37978337250798,4.40849789906827,4.43992440647248,4.46301633167,4.45362225266297,4.46302800215259,4.44179747676485,4.41773409589799,4.387517673979,4.38811097045175,4.37753097373318,4.34220197585023,4.33297154983929,4.33930523065604,4.32654114387315,4.30584412134498,4.28269365485654,4.25854515882497,4.24567921476893,4.24255307392631,4.23562789356408,4.24393913761474,4.22890857906135,4.26038679499393,4.26147993811072,4.2630980930361,4.28375622554724,4.2878261947761,4.29682775299885,4.35278046504815
"67574",2.75050225669124,2.735408348356,2.71718925695573,2.69875032759692,2.68849424816955,2.66276605208979,2.65928915396828,2.66053912707366,2.66191524740198,2.66014560892071,2.67298319300492,2.69097305027853,2.72562155333668,2.77598795650021,2.80561575403627,2.86205606398497,2.88045635549252,2.90874035655659,2.93860333851902,3.02138709728932,3.0961717747916,3.14190594148608,3.19900614193725,3.30163036150827,3.33935814332636,3.36588690790092,3.41832721591447,3.50876270180905,3.54576757109006,3.5629265977435,3.65605007478852,3.63310781370848,3.69729263642994,3.65786563152964,3.72784162608809,3.84660752510203,3.8662356748088,3.91657233035512,3.98725371633141,3.97939283180551
"67611",3.9583388282375,3.94257858667931,3.92419587938437,3.91303782751728,3.91420011853903,3.89361067999869,3.89643801341833,3.90770153694978,3.90727413510434,3.88345648334184,3.88532757117248,3.88530039094905,3.90290776137074,3.9431355566209,3.95083293171719,3.99198935611585,4.00329997445997,4.01058922139052,4.00748411782586,4.04859329600103,4.04627042589387,4.06723608431599,4.06527050936994,4.0978968180748,4.07339595067534,4.02159448821628,4.03824125112812,4.12391743050534,4.22597250920538,4.34108995841525,4.51201013541011,4.5275684689518,4.57500029151481,4.49732518260256,4.44520802974502,4.38635784160986,4.29974651908674,4.24420613806432,4.2050710072379,4.14616259949661
"67631",8.37769447866278,8.3384039682815,8.30157431947091,8.28438441482921,8.29410015361465,8.25865386666895,8.27258252617545,8.29462387961005,8.29107351612863,8.25574748767007,8.2521999533983,8.26779464608575,8.28851143463185,8.31410882117635,8.28407221160245,8.30546316911778,8.28390207324444,8.24878627517308,8.21700032882669,8.24430736536517,8.24408106057824,8.21126153158144,8.17819091534345,8.19568749148116,8.16686751508353,8.13790852542694,8.10475573856436,8.0928078653789,8.07105637683747,8.04864431693008,8.05395417178103,8.02293856595636,8.00981595232741,8.01337126874656,8.01834240809222,8.03669257422646,8.04905187593043,8.05335947160401,8.06936023431876,8.11401490931112
"69553",2.01834557878913,2.00701206227598,1.99283726229864,1.9780166972841,1.97160704727864,1.94977556039072,1.94769239047603,1.94870756835764,1.95078948096144,1.95015821124352,1.9620802373042,1.97417770799753,2.00288300227495,2.04989296729028,2.08156709881636,2.15456226136492,2.19690574469735,2.25863537013478,2.3332846128141,2.48268520149997,2.65447847775718,2.78073404619705,3.00968096483593,3.36607736391407,3.54887339945442,3.65735885482152,3.80605551449413,4.02910396097518,4.15363191720862,4.24457509906895,4.57744520974225,4.68529654844728,4.93733420092562,4.90352147140234,5.1515858908008,5.47280864657932,5.53612519375982,5.86538563726883,6.38758461852325,6.73314770168477
"69651",5.79627224759944,5.7666419349774,5.73214032306869,5.70599364282042,5.71891853483919,5.69364512043866,5.7113722295729,5.73786087581124,5.74380408499756,5.72000280829588,5.73746968858615,5.72416645156664,5.75015347324509,5.81697642881483,5.8529601309258,5.94540937779352,5.99348876807411,6.01501093594789,6.04223620678952,6.15324048016037,6.21758899232549,6.2684145644775,6.24364210956562,6.25503475881197,6.20440927540349,6.09676442613339,5.95859285043956,5.91186372952326,5.84097460273195,5.75788086036576,5.71376953393524,5.62447151861627,5.59172346243415,5.54154774051666,5.52119111743921,5.50785917268704,5.4840406031285,5.46673674405324,5.45663207986931,5.4611050429495
"69711",1.43578521991421,1.43027562612192,1.41917844474342,1.41188682685688,1.40904827144458,1.39893526902637,1.40303405890307,1.40892017241094,1.41292105233379,1.41256155696789,1.42008249962177,1.42865229176018,1.43525208619473,1.44561349780296,1.45143572281341,1.4736800941131,1.48402623668595,1.49201481689087,1.5070238080563,1.56578112315676,1.61358723846364,1.65330645740527,1.70455673370945,1.78772273200273,1.81133327490641,1.82120717057417,1.86676939683828,1.95587115013041,2.00677609950161,2.04075326061952,2.14319802395921,2.15075588857974,2.25300626746398,2.25695074539684,2.33462589112321,2.43292579885721,2.44451934955852,2.4911664837038,2.58326962604552,2.59706663222633
"71433",5.9732530355326,5.94293197177389,5.90394714675535,5.87867639840277,5.87734493630868,5.84768116630465,5.82142474333484,5.82733250258282,5.80780059195635,5.78788063607158,5.80026713740281,5.79129366415124,5.80619640982515,5.85861473531972,5.87422314612082,5.94010956534151,5.95431470737617,5.94559012443654,5.92976638228258,5.97382282509696,5.96556276593304,6.02408542860262,6.04707819582086,6.04706748241303,6.00673385701721,5.94302342180454,5.86076359384732,5.82191479850432,5.78612026619306,5.75231130875131,5.73717772565562,5.71393183439423,5.69578655822731,5.70200792347246,5.697998144473,5.70010879568929,5.70569838529742,5.70231925173293,5.70632806108561,5.74455316201443
"71492",0.571331919911568,0.567962343385899,0.564985423705945,0.562583755854735,0.560765964521899,0.557272990073341,0.555568400918517,0.554354789249296,0.55331758190571,0.555913820038311,0.556092537105567,0.554648784308296,0.556402921334925,0.562813899460961,0.574015717839532,0.594191900629979,0.620463996991209,0.660200084021292,0.722293243714612,0.756930361713277,0.82105546186451,0.897069036180342,0.992938958445156,1.13447430008705,1.21790737473553,1.27995959156863,1.37222148218437,1.48436943570397,1.56559876887651,1.62574480485338,1.78218520694502,1.83739447152047,1.95919985559742,1.95720307124027,2.07179405178642,2.23557067708533,2.29524143695167,2.39607908025202,2.49787814955162,2.52448740106325
"71531",6.15732596962513,6.12290323044923,6.09705110694872,6.07653904657975,6.07725180561836,6.03577413519255,6.0261971458249,6.02824893166005,6.01915472862228,6.00377998153862,6.00352914138964,5.96892484734881,5.98366579241743,6.04200475023425,6.05826729009094,6.13241089709741,6.14287228585013,6.15526544049154,6.15417600492102,6.20979550431787,6.24618759533779,6.25246055394696,6.26275485521983,6.30374426082629,6.27394609527591,6.19264054325719,6.07665178564948,6.02481002812676,5.98014221509319,5.95070580177804,5.94038167071088,5.92931222137775,5.9106456860629,5.92969404374015,5.93309709716651,5.94386043550962,5.96501699573075,5.96667063927843,5.97698943553784,6.03918519725376
"71553",2.68118909838989,2.6664085117257,2.6539853781411,2.64319980691617,2.64312830245792,2.62230490017556,2.61852652891196,2.61887410957981,2.61551962518738,2.6064798459086,2.60824483850025,2.60860152947122,2.62497710160959,2.65894632478234,2.66889747309627,2.69786172782825,2.69956649241126,2.70486857505114,2.69878204818965,2.72747712909454,2.73934484039153,2.75503566162969,2.77964492504453,2.80630132803607,2.79843961690133,2.77164714912216,2.74663959707441,2.75287955900927,2.75377403744435,2.75996718207831,2.80106488325166,2.80923111056639,2.83602422145742,2.8338185070292,2.87161940282748,2.93789272261786,2.96354481930817,2.99527941980028,3.04917900406085,3.08577960045158
"71591",5.23061511793408,5.20165426123068,5.17183448134846,5.13957187087146,5.13675933758244,5.10510170006934,5.04381466966758,5.06010175702736,5.09066739034196,5.11249545961841,5.19435507034742,5.37568408510356,5.52996301096462,5.61875555073394,5.60396121523037,5.57730036007462,5.51872055469852,5.44477274983272,5.31694265212717,5.26401196083423,5.18160879640913,5.09752058817756,5.00425928088657,4.9707271947115,4.92564546415732,4.8702147539906,4.80551603820697,4.77189575461842,4.74073640403761,4.71773027185367,4.70152210753561,4.68439197515726,4.66350507978567,4.67006662230951,4.66409210578382,4.66375884658985,4.68063504024173,4.68073253020362,4.67992650801314,4.72291775576099
"71613",5.50493349748612,5.48029475932475,5.45789376720904,5.43308486678028,5.44690242422268,5.43298538295482,5.43970443137434,5.47498336268444,5.49056346964432,5.45403649531661,5.48648277513681,5.55254847870601,5.62506742874304,5.68471474836841,5.67028200874685,5.69546883185479,5.66592119964831,5.63806025104082,5.57352103329193,5.60841703942993,5.58575358478633,5.55016484819419,5.51647152682035,5.57155323788237,5.54849044330052,5.48196110555421,5.378420843301,5.36584315066269,5.32157332419938,5.2613942547095,5.27600824216502,5.19905241394913,5.21125036177643,5.15015298026858,5.15894405564386,5.18612793462661,5.15200761612363,5.14566005662555,5.16877396112566,5.16109827192851
"71632",0.257973428744382,0.256460004212629,0.252933329360283,0.248545313723643,0.24640393961982,0.243618041160267,0.244255616453783,0.247051858501829,0.249815325928388,0.251399204611778,0.258465300626928,0.268605988821181,0.283575295577546,0.302674466054248,0.31736139077563,0.344918927229989,0.363763393240572,0.383945383842551,0.411172702736203,0.461859385752547,0.505867052102601,0.542215877153211,0.591069378922077,0.686691670401095,0.741680452500166,0.783689684594093,0.879206108287917,1.00357230519019,1.0958681185866,1.177463416783,1.33193211338499,1.37265681532722,1.51605272423236,1.54335221156613,1.692326391212,1.87841214274091,1.95529933666939,2.0748263101038,2.23733017162497,2.30875932912846
"71651",1.82195907748239,1.81273222963434,1.80032723236674,1.7893688383529,1.79307463239339,1.78254707191157,1.78435902011348,1.79052598448838,1.78881560505967,1.78109974900677,1.7903499408338,1.805419978395,1.83061953909714,1.86131510109236,1.87617077280306,1.91733029267765,1.93441899208206,1.95116488955818,1.97225637793867,2.04956463278146,2.11257246640267,2.15362872427428,2.20208304974391,2.30354809748768,2.33108847230333,2.33601013421546,2.3816070741175,2.46641699094578,2.51419819509214,2.54064380304402,2.64098585866129,2.62284370878059,2.70328620397517,2.68314948027561,2.7524871055459,2.83827219683605,2.83626189619797,2.86192202083445,2.91932715465967,2.90004267399171
"71671",5.45351710015254,5.42735310093783,5.39627208081949,5.37564150390016,5.40426688567909,5.37889769436604,5.39191037526734,5.40951334444558,5.40483496977026,5.3802962073391,5.39309855068328,5.39128156570153,5.40453952368053,5.42955619964111,5.42460443201839,5.46069372251275,5.45577799249281,5.4465960880966,5.41777557777044,5.47754761807333,5.5124671008118,5.49429462568637,5.46900870165766,5.51316765697595,5.4923243753598,5.4446430938642,5.4068955675447,5.41639445213938,5.39742084652077,5.36141451371123,5.37197534572626,5.30062624013831,5.29524775713769,5.24406395167157,5.23818176887578,5.24368573834333,5.21575799212653,5.20333947983444,5.21051123734731,5.20039897388989
"71694",17.1912723745083,17.1233350556103,17.0278740513671,16.9824141117136,17.0380820460924,16.9565878298535,17.009134323066,17.0795307731926,17.0891112597288,17.0053314510389,17.0416710482114,17.0580286545264,17.0920838403988,17.1464732627586,17.1136557420305,17.2154841061373,17.1760971772675,17.114687233896,16.9916318139556,17.1782583949153,17.2546357334703,17.2377832564322,17.172743640364,17.3207896811151,17.2565208568859,17.0931387979473,16.9449770008739,16.9639596606423,16.8636199653643,16.7135383319429,16.7311817197041,16.4921851592457,16.503597551643,16.3470014512725,16.3693788171298,16.4455633317761,16.3805753287471,16.3766852837922,16.4355628458088,16.3722443944685
"73453",6.29300524543569,6.25601061962081,6.22342214499304,6.20045377541784,6.19012153264983,6.15864827705955,6.1371138629994,6.12487336860655,6.08753128304303,6.07454555160764,6.08671203761114,6.07032945853558,6.0829460851298,6.12306747022869,6.15892105352659,6.22741486519156,6.24463036119163,6.26687062933829,6.30866804128018,6.39913163669549,6.48974390886286,6.54532199961406,6.64035987074835,6.73178073419901,6.77655349476171,6.81734619595019,6.88727039571489,6.95597738679332,7.01237233839042,7.06047173781473,7.19256114023546,7.20969414153267,7.29322224800107,7.32351794537061,7.45600389466273,7.65426845435411,7.73169396198975,7.84987796743623,7.9926265477319,8.04862859721991
"73471",1.76501363285108,1.75417817576398,1.74332850640689,1.73411597629322,1.72800233302443,1.71799409471026,1.71310922664636,1.7075200751285,1.69946208531393,1.70725739795874,1.71258114599566,1.71440343672281,1.72406382460102,1.74052821897505,1.75601361872537,1.78531473977777,1.79784047049623,1.81552897981897,1.84207455593817,1.88546638385378,1.92922789593772,1.96037968722356,2.01797161511997,2.08744324654809,2.12614975894366,2.1514522428014,2.18571333609605,2.22551644344623,2.2527440526986,2.26821885610261,2.32975552621731,2.32976919611047,2.37146992070133,2.36153481180609,2.41527980394585,2.50194897420385,2.52358623938889,2.57009035986534,2.62278095985473,2.63383161649888
"73511",6.97931478893037,6.93784319251277,6.90257912740747,6.8774364336137,6.86954166068863,6.82606919308375,6.81155605760962,6.8142412170096,6.79958057818936,6.79927079464669,6.80409103870265,6.7866935072312,6.80622727351108,6.86199315907163,6.87431106968497,6.94901437581371,6.95420920477823,6.96628824423741,6.97565497715233,7.03081681878122,7.09815242413148,7.10025140852181,7.08572226091687,7.09056368982138,7.05762050891295,7.0263381119252,7.00717294716035,6.99378558799136,6.97740622110508,6.95167820248117,6.93964022570325,6.9174513557435,6.89669141785258,6.91357384094695,6.91795171560709,6.92857128045077,6.94710443730974,6.94706047375221,6.95266289581057,7.00617366186649
"73532",3.02862033787243,3.0092383569539,2.98840431748912,2.97048490343299,2.96555549257023,2.94232783707969,2.93473794429726,2.94183290302742,2.93818913438175,2.94444129029176,2.96624114535526,2.9812379247367,3.0389267664785,3.13688893983524,3.20587077715083,3.352860121597,3.4358351905385,3.51069148048028,3.569008141644,3.71197226276788,3.8362395728882,3.93739863142748,4.00146568744627,4.07418084228039,4.06755838178461,4.00975825922121,3.91110113321428,3.90233594553922,3.86195526298411,3.80496838850468,3.81653590306703,3.75221878712339,3.75828011941934,3.69573205711286,3.7122178238569,3.75277010451374,3.73575573977086,3.74068711598045,3.75908273233396,3.74297464652803
"73612",5.41532265722977,5.38695183158641,5.36564199709761,5.34148084949433,5.35268554523025,5.33679395264517,5.36780732268817,5.40592761288959,5.41382229221377,5.37068490002629,5.38047846323922,5.37617227610284,5.39953330302426,5.43758274625566,5.42680531653397,5.46319440413766,5.45821697741725,5.45689552266993,5.42241554686169,5.49360671157135,5.49803440938393,5.49064978090385,5.4793323469139,5.54388779581405,5.52965429964476,5.46551126987756,5.36394288180114,5.35037640306082,5.31334012450781,5.27581232337313,5.33269541290968,5.28337348296387,5.31546623628207,5.2453325355735,5.20845161049835,5.16114010873083,5.08101978047671,5.02374138768595,4.98767712579227,4.93570371711778
"73631",0.476218497069659,0.473968989727399,0.472008010656968,0.470180864495774,0.47177548755351,0.47055685325372,0.468814411239402,0.467370422698008,0.464037041257328,0.45744024681344,0.463914156633722,0.477587320920054,0.501743993568422,0.534374718230118,0.56288303854777,0.613817454197351,0.649876573074502,0.689738123957176,0.741757648419213,0.843520633894046,0.937940286705518,1.01500850983347,1.10760513662748,1.26089793674499,1.3345254569742,1.38216759619691,1.49825014118954,1.65971435649617,1.7787085976182,1.87855574748785,2.05828666543882,2.0842454591898,2.22604304493241,2.22597408629289,2.36549538295043,2.53834298711345,2.59369652637922,2.69519305085641,2.83816219599757,2.88192881538782
"73651",6.06508634866875,6.03521119434459,6.00242513341079,5.96962321902867,5.98680422637384,5.95578053609321,5.94157085414946,5.96304585353724,5.96951997474393,5.95160581448696,5.99696330870769,6.06078653333122,6.13857791103534,6.18964006857418,6.18357098813308,6.21863025656535,6.1985749746859,6.1672481032512,6.11373924276348,6.17409433486127,6.19563192969708,6.17010980006989,6.12029260804097,6.15784772857522,6.10947179057812,6.01795331556769,5.97329901065371,6.00528509020899,6.01030320748625,5.97310892060334,5.98859935876724,5.89888015335746,5.90325874983476,5.83853788953849,5.84207918739013,5.85927403176451,5.82202411941684,5.80884615644798,5.82179593536557,5.79734325170385
"75453",4.42040910759575,4.39318006246088,4.36886888668324,4.35187294633664,4.34989607132594,4.32660812381452,4.31675242295298,4.32208186948749,4.30424405530419,4.2854461863263,4.29132103886655,4.2475796345248,4.24977035167984,4.28827147904403,4.31942769969095,4.37995324147272,4.39826239787303,4.41142868363502,4.4245091753215,4.47807940623618,4.52191710978135,4.54973732389356,4.55214624883186,4.54828432541742,4.51281733718609,4.45988963309794,4.37647044236817,4.33737151449042,4.29821118340808,4.26056235569201,4.23662478909847,4.21852121527725,4.20121187107475,4.20701818819032,4.20123051126689,4.19510723920871,4.20932549880682,4.20888906639751,4.21097034670849,4.25109622837592
"75491",4.62239308867305,4.59632736655217,4.5730762170878,4.55672067947335,4.55577016256204,4.53009561441864,4.52098468192511,4.52749735608501,4.51180567445608,4.50262452042558,4.50716310803247,4.49478246434409,4.50068840390668,4.5240518583739,4.52235670203764,4.55115479916469,4.54045199469548,4.53158087240453,4.53020243372926,4.54546488872594,4.55775291006745,4.55665680719611,4.56298884692989,4.55435110925278,4.52923385513761,4.55529804232192,4.66425293232344,4.71045534640763,4.78717104303688,4.85107338417104,4.87884884744457,4.82616844838815,4.79758978160506,4.74192485306518,4.71094095180404,4.69640175710773,4.67817787190344,4.65955405875397,4.6436114619435,4.63897143588472
"75571",6.59366315980072,6.55357129741707,6.52001359647346,6.48738834033679,6.48188677838111,6.44503830477628,6.43342479543775,6.45404192313152,6.45755421266341,6.44374729876877,6.48217894852752,6.51925179056035,6.56423575955213,6.61860669512812,6.60885769228571,6.63094942388092,6.62677131102694,6.62141345158904,6.58228613433268,6.62357041276374,6.64064912962322,6.60424420194927,6.56297930084006,6.5742263465129,6.54439254564174,6.48481060520503,6.3975003855235,6.36027618310515,6.3120310318144,6.26578377684489,6.25868828676091,6.2207694911202,6.20085346837866,6.17842499779626,6.16992381023971,6.17254902776663,6.16433675614691,6.15866531670174,6.16376326490539,6.20927049543681
"75591",4.0445898238712,4.02070580989813,3.99342520661191,3.96235829933166,3.95146625865737,3.92635927728296,3.94362021091408,3.96998395605781,3.97829960127134,3.96021860580317,3.98306379247759,4.00332076358419,4.03751080671196,4.08423122411703,4.08908583206096,4.1262999119237,4.14830440692607,4.17446473785421,4.18151949197175,4.27694701097908,4.34706652287633,4.35785499013963,4.37371031886523,4.45609789195335,4.46357623437111,4.44457862988403,4.42589763598339,4.46298836653912,4.46634185909908,4.45039703209306,4.52958329261833,4.48546241615915,4.54757230928139,4.49889299798546,4.56180423663914,4.66764631887864,4.66896401430469,4.70870570820864,4.77167001495217,4.76469166027823
"75691",3.05208645952125,3.03596251716997,3.02077377800635,3.00571439282313,3.01015469013983,2.9927555890404,3.00334306853787,3.01597486906416,3.01756655654398,2.99932182800914,3.01094563934859,3.02559715221745,3.04681632410043,3.0812877990831,3.09661905020044,3.14980615532057,3.15437982308607,3.15712117833926,3.14286061491998,3.21342787586688,3.25951046815891,3.27948770747682,3.2848026880202,3.34790501489266,3.34713277190478,3.30654627055992,3.2691896486393,3.28683690488432,3.27052780873164,3.24244369600388,3.28665193577856,3.24568534135409,3.2951676283801,3.26667437935022,3.28370911927198,3.30025176426432,3.26145231628065,3.24990199083092,3.26711544937727,3.24075723617683
"75711",5.64959480854779,5.62334036460701,5.60298603858817,5.58674895884002,5.60531018380991,5.58318691537037,5.60959536193592,5.64312232187701,5.65032249656948,5.61690237172431,5.63060305811795,5.62395406037942,5.62767891930585,5.64911546376229,5.64358716418137,5.69698595565248,5.68457351628542,5.66880308719375,5.61759258419483,5.70121482285608,5.76500655253199,5.77260078472558,5.72749480439811,5.76695225906725,5.72758636442292,5.62337187424186,5.53035377366367,5.55074566072112,5.53275329300881,5.47828153778664,5.48102043467864,5.37267075835015,5.37356837986058,5.29186830583068,5.29402572147833,5.31783251537729,5.27894353865683,5.25999388102898,5.26190230407412,5.21247403656057
"77473",3.22533952787006,3.20706501188692,3.19063141427016,3.1785063300535,3.18270512246625,3.16621520353466,3.16539454675079,3.1710891471567,3.157779494005,3.13729692222584,3.1330293948215,3.11368795368497,3.10955384370246,3.12145177424743,3.1191481772364,3.13297604362504,3.1212060081856,3.11342079348556,3.1208587956232,3.13650236447581,3.17055148004113,3.17891461034922,3.21075363709941,3.23916217677129,3.2504321899874,3.26146813511626,3.28619455932881,3.30708908520878,3.3224612841131,3.33584625645026,3.37904057695178,3.38144756083926,3.39948180731143,3.39786835154965,3.43103025570418,3.48309370520698,3.49506575113104,3.52562086276195,3.57373367675587,3.611916423203
"77591",1.36773881524949,1.35970847706477,1.35487602866152,1.35213904804928,1.35727288144471,1.35319100552474,1.35802104402645,1.36355163429349,1.35813577777063,1.34064434027527,1.33848851917121,1.3357902071191,1.33966388214883,1.35421900085024,1.35681162782139,1.3781988915753,1.38803896974683,1.40307498578925,1.42326996209741,1.48626850262589,1.5524700004922,1.58801215858582,1.65968522528013,1.77085839551522,1.81862839818727,1.84585289107285,1.91432024811795,2.01653219166578,2.09621808764162,2.15298099458324,2.33374939432222,2.38718400535585,2.53811863349157,2.53978317105015,2.67834897747356,2.86462220761312,2.9296692863991,3.03394382118298,3.17240444922247,3.22571915853449
"77611",6.27416282387676,6.23367294991953,6.20301940666017,6.17978645465067,6.1895259808933,6.16106837443414,6.17529576105705,6.21162555138759,6.21020849945445,6.16722084486647,6.17730402538442,6.1319467439666,6.13402471781016,6.19794704817962,6.22338238105228,6.31456865768887,6.33871569878616,6.37099130648213,6.37560837386535,6.48189135988245,6.54251670497518,6.59380778643025,6.56875756630834,6.572730470347,6.50119275097512,6.37802039099481,6.23343082645325,6.20254498035186,6.16436730600729,6.10461545055207,6.08350748255974,5.9905016965643,5.9520541484383,5.87523334091118,5.83563038916977,5.7997740454421,5.75694682388781,5.72831233349812,5.70772694991885,5.69919340861385
"77631",6.67529805809103,6.63547844894312,6.59946042485674,6.56048432495575,6.56462103856986,6.52954135758247,6.53963048527468,6.59908529253014,6.61647104896861,6.57726091440131,6.61998024943713,6.63596568531654,6.68243368747153,6.76882367778987,6.80920994193233,6.92571600063455,6.92594830645678,6.93775219885727,6.91137476397956,7.03526330369717,7.164542512206,7.18190851901521,7.12982387669152,7.17253862337775,7.13044009426098,7.00181336447543,6.82745188674588,6.81323702666165,6.77747904636381,6.68919008116341,6.68184818830108,6.54059198565834,6.53553258464123,6.42927547317474,6.43332575380745,6.4528422825842,6.40548617041723,6.39235999221653,6.40695588685337,6.36318487658907
"77654",7.91004882862638,7.85983065241918,7.82611757568419,7.79392163711451,7.81243503627188,7.78005867834346,7.82100358086386,7.88583319651432,7.90330709881197,7.83990747483994,7.85979159549698,7.79883962119827,7.79896620799022,7.87221011512078,7.92924451156704,8.09601663331796,8.09645839996953,8.11159603377757,8.08063145707583,8.25333966692452,8.35394383130988,8.47856239085993,8.47459671223317,8.50814292489483,8.43895223868691,8.26358605298531,7.99191076762185,7.88626285965207,7.7441173462237,7.56657185683728,7.48149207786063,7.29391228258023,7.24962359021241,7.12246561612056,7.07713796454108,7.0347694382644,6.95030027034986,6.89756381334566,6.86733666748858,6.80464708176611
"77693",1.04687335892656,1.04074630113664,1.03355878066154,1.02478798622799,1.02198093212245,1.0121659623653,1.01427261629268,1.01810326061428,1.01874355297784,1.01106578232444,1.01775487900672,1.03401041410991,1.0488493063293,1.07681422163457,1.09721442494164,1.14846460302451,1.17252765872936,1.20742617390484,1.23971951876804,1.35052115910976,1.45438134351341,1.54228332709656,1.64552478687829,1.8539998755133,1.96136435859626,2.01730556973446,2.12008033854559,2.32038397623624,2.4754795833786,2.6282899557366,2.97711515615058,3.12961287925069,3.4216437730673,3.55572413271274,3.65625039899088,3.67433615315739,3.59856517884875,3.5337586472702,3.4792074750754,3.35661585538818
"79491",1.9557713440053,1.94405103906999,1.92854867208483,1.9127430146511,1.90993036524942,1.89342417014212,1.89150013868275,1.89839835985645,1.89432699632998,1.89163445192063,1.90576722620797,1.90844613196192,1.92950744738449,1.97423788619492,2.00091381772701,2.05751303654245,2.0755144591731,2.09892977340454,2.1470287513185,2.22633691899871,2.33671023167801,2.40110116189307,2.5159098241285,2.66158699056889,2.73487518487954,2.78091754916255,2.85952871373905,2.98792502714793,3.06834568863684,3.12501181727322,3.29503685374309,3.32170954176274,3.43510296511106,3.40259916308768,3.5511267514137,3.7545048258712,3.80651709517439,3.90728292456292,4.02350058255537,4.04831143067496
"79533",6.7392047619523,6.70216872277028,6.68013120815097,6.6728187483467,6.71071690401323,6.69220733039696,6.74143443976856,6.77280204447544,6.75076984385025,6.68427779122233,6.63144868179319,6.57217589949353,6.51952062632397,6.47208833975286,6.40972293971914,6.36144238316271,6.30643364589038,6.25823267988855,6.21914774138474,6.18745956249788,6.16220580985671,6.10232800888375,6.11525565612333,6.09453023574534,6.09840868766096,6.11439488848833,6.13151630340834,6.10957496653661,6.08868263695007,6.06535009317012,6.03700756030976,6.03142640863285,6.01296133535946,6.03827628997152,6.04073668138944,6.04469664165725,6.07941279618561,6.09389009087076,6.1009506986189,6.17461331761616
"79551",1.86894220949378,1.85742614241081,1.84756590563443,1.84068867809411,1.84432268146455,1.83313239108546,1.82831619364193,1.8336669805205,1.82585150312221,1.81397666966282,1.82533543174978,1.83051166289913,1.85087791353515,1.89236115203049,1.90931209349628,1.94932298054756,1.96690786929225,1.98567261639064,2.0153206703101,2.08099776717725,2.14410514371828,2.19175010487392,2.25805206138927,2.33938646436353,2.38674134733679,2.40588415823133,2.45563852012602,2.53382246246009,2.59118886786538,2.62314804144121,2.73956217337938,2.73994039700889,2.82342452609571,2.80534145149482,2.90038810313099,3.02436357898186,3.05169060189648,3.11776206495182,3.19151899613386,3.19902901122181
"79571",3.58467024216609,3.56213954688315,3.5463589042069,3.54003940691872,3.54980056813694,3.53250029511082,3.53621734283168,3.55128267831485,3.54166386036131,3.51549994368269,3.51517140180487,3.50421907492815,3.50367857748995,3.51738649200619,3.50412087496367,3.5112087117802,3.49848354075239,3.4880824873615,3.48076251945464,3.50341272460122,3.52378592233502,3.48396167559969,3.52205117529125,3.59330133623487,3.64416741743383,3.66011305249314,3.65521387720873,3.65995805966784,3.6431938206132,3.61522744523677,3.66325287545322,3.68237303184514,3.7477135309911,3.78480941829588,3.86110956549905,3.93454996380746,3.92715956274882,3.89858682252661,3.86324583537133,3.78820691366946
"79591",0.955175685459073,0.948995511402071,0.941033948588334,0.933117692733652,0.93066024698906,0.922094097612404,0.922613670279833,0.931114092368464,0.932454006467627,0.927646962409595,0.938116578451289,0.946649253041201,0.960446653206799,0.98760423053769,1.00649049339092,1.05055450335741,1.07963967480317,1.11697264670087,1.16775037031169,1.27308772836723,1.3883881119384,1.4728840907167,1.5904441732388,1.77517298864987,1.8734978445233,1.94109008793005,2.06245215547966,2.20952976545269,2.31077023297478,2.38288923757968,2.5912995361911,2.62647124104686,2.79143507117219,2.79300098983173,2.96757367237056,3.18712548661945,3.26757423358701,3.39780475698855,3.54510829954632,3.58406036313237
"79631",4.23251328337242,4.20772511257309,4.18739498521663,4.1691625137783,4.17864429522625,4.15885842720994,4.17191440536148,4.20625711771691,4.21025979961284,4.17844353234428,4.18717737572231,4.16181080408967,4.1632351086591,4.20628335674162,4.23123234357418,4.31199397578753,4.3143430301629,4.32554714412479,4.31489656302887,4.38856713248327,4.47240583836736,4.48563926039571,4.44470682445712,4.45379883602408,4.41492005384242,4.32351118392506,4.2051423595829,4.18483461881429,4.15541636106383,4.10582815934983,4.09046003102624,4.00887334093092,3.98866593209088,3.92062733752114,3.90211455352227,3.89434124228865,3.86575630859318,3.85119404039367,3.8441077620795,3.81336436769466
"79651",0.650910217680624,0.647161350340113,0.63610217142464,0.619420803738285,0.607068943908992,0.593015658105012,0.5944201698246,0.607637637915899,0.620124404184803,0.624482668811436,0.652369660931047,0.69320186676213,0.743960702629546,0.815131609620394,0.886264009430711,0.993667348270825,1.04302894032253,1.09728131255888,1.1451068884573,1.24547626265128,1.33928647936773,1.38549807398652,1.4043515027061,1.45698059375771,1.46758352931928,1.45438558002802,1.45333427024763,1.49474712426492,1.5131777593008,1.51531757370331,1.56831722293979,1.54471720022601,1.59383884398977,1.57383532539665,1.62443663709401,1.67939745003388,1.68452026564655,1.71402577752362,1.76537666939251,1.76716249531137
"79671",2.40192474722417,2.38729530951857,2.3718558375379,2.35325072848885,2.35073297179678,2.32987893990275,2.33996523825678,2.36185082989236,2.37346022588713,2.3611371750549,2.37619831299973,2.40368186805905,2.42139147659306,2.44419477272758,2.44448484317008,2.47181116324617,2.46098792757417,2.45341928792831,2.42557245264026,2.47191550756231,2.50144697851654,2.50731658952773,2.51373789705485,2.58658684438974,2.60275447538814,2.58347834127372,2.55931531566137,2.58417765447621,2.58026686795424,2.55839434231438,2.60219339703376,2.5653688417659,2.60602687174328,2.57229639026293,2.60134970800512,2.63588093018593,2.61983778077401,2.6257339038906,2.65403963271639,2.635428507882
"80691",6.35962895010942,6.32893757414386,6.30515881345463,6.27239119369329,6.28584205759339,6.2442566364051,6.26638685337193,6.32018578309825,6.33506646381658,6.29701302903215,6.30880782860037,6.3475871718239,6.37970606965815,6.40315984546226,6.39235790301635,6.43623534290863,6.40690693342746,6.3733274008537,6.28857654393612,6.33787453715741,6.36096347124105,6.35844333568284,6.31340274379407,6.38119934479815,6.36698170000251,6.29180321170848,6.19276050120073,6.21537209060934,6.18843255309523,6.11725998990125,6.15105117798909,6.03761642821732,6.07652390273072,5.99385944757643,6.02179028441848,6.05479738506259,6.00195959820897,5.9852953861724,6.00812148082126,5.95121202721485
"81531",7.08067393228474,7.04035880062648,7.01122957209364,6.99553296150813,7.02552681170543,6.99456584946301,7.00344894099995,7.04601258246648,7.02435373080329,6.96619757190034,6.95912692421905,6.91383667470502,6.91095388339199,6.9556876405973,6.9448859858446,6.96805652044277,6.93441473559663,6.89898735504652,6.85532116083393,6.86906575567586,6.85010672743947,6.84348115734553,6.82305632588313,6.81187404307844,6.76886486299711,6.70467828199413,6.63505192821034,6.60167537812271,6.57537416431536,6.55830493377459,6.56839297125051,6.56266174194354,6.55694778559837,6.58238625111465,6.60499701321236,6.64563719986893,6.67119027486279,6.69338536428838,6.72405153117775,6.78610434360313
"81573",4.17043653568851,4.14528142624686,4.12269171875772,4.10829805481866,4.11892267892911,4.09337264437406,4.09364374762424,4.12869811990522,4.12390641863319,4.09664756340086,4.11134085124392,4.11293712772345,4.12805323267808,4.16838777597527,4.16706290252586,4.19529453804315,4.18085306708096,4.16444229990785,4.13778145345761,4.17157730890994,4.17419733939424,4.17643686139262,4.18633591674728,4.2266662220957,4.21838555511588,4.19572441610314,4.19695753952309,4.22128282887764,4.22022568114404,4.19375128512116,4.23018355556651,4.19065683723155,4.19006850602169,4.16780110287349,4.24980192317193,4.39315490740043,4.48581312174472,4.60390860346766,4.73071119826033,4.78699494998201
"81591",0.272277176068171,0.27072710160008,0.267341792041116,0.263162058135601,0.26129682729279,0.257554741158119,0.256849234336356,0.261720464112062,0.263466240604657,0.262779915311654,0.272035230322936,0.282586514616593,0.29849289214249,0.324069268393157,0.349950497930345,0.394222096761891,0.427703900144635,0.465276858120184,0.507639332269634,0.59319259820178,0.680463945238089,0.751152756652413,0.84273713382124,0.988085598038481,1.06404924963151,1.11153221115891,1.19617405885899,1.30520901324284,1.3812362458785,1.43891362806655,1.61306202318209,1.66113602341799,1.80312150144351,1.82662913371001,1.98958691072059,2.1755265372781,2.25644074561546,2.37457087497407,2.51514204779087,2.5799040184475
"81671",3.68875687142677,3.66884483231937,3.65064665844527,3.62902638696832,3.63071470656857,3.60144291852452,3.56187364309719,3.59089985885379,3.61299963805696,3.61337405867112,3.66690908713397,3.80059136153587,3.89354187291212,3.94116055977666,3.92738220989357,3.91767593476932,3.87058082548634,3.81453149594147,3.72089417967131,3.72438987361113,3.71765657178301,3.6699196943984,3.65377060741425,3.7518014086197,3.7952257538949,3.78024216326349,3.72141084563657,3.71980597380523,3.68811530789933,3.63553694760385,3.66734722370705,3.57784294220887,3.61666183784872,3.58240863168857,3.68699132977135,3.82353480954572,3.87829415113996,3.93715073252896,3.9925275206705,3.94910156659364
"83491",4.36134599122659,4.34136076048289,4.32606314252948,4.31766875194611,4.337458049084,4.32579754981978,4.34772885895975,4.37987736266893,4.3659420236965,4.31970922622705,4.30216242573481,4.27212720182452,4.26288324191896,4.27073654230657,4.24921145134517,4.24529064928619,4.20736788418078,4.17237889126134,4.14947265874259,4.16015718126464,4.1717595620696,4.14175450961156,4.15827318238219,4.18922393513015,4.19800263006667,4.21110454310183,4.25203261720993,4.2983843924933,4.32228662456332,4.31557191653563,4.33361111927739,4.30250326471552,4.300532446185,4.27073061872288,4.28684743028285,4.31912317038739,4.31381383379627,4.31467508580314,4.32496380951141,4.33063681542743
"83571",3.17535808630692,3.15657533880239,3.13820635709965,3.12561393002341,3.13231994833424,3.11098550893648,3.10890880718556,3.13897051644605,3.1331755579843,3.10895241762774,3.12343918162722,3.12743448672886,3.14828471750479,3.20582100147649,3.22687665324819,3.28051649743438,3.28350836472753,3.28614422732222,3.28000637962756,3.33804196253946,3.37884235423843,3.37611862123302,3.38772170074797,3.44826515185647,3.45986869710641,3.44175500876239,3.41184113905252,3.43004535003244,3.42622837385909,3.39768712778596,3.43570520157846,3.39385984234907,3.40883991517659,3.36564782990657,3.39425327607261,3.43149204515352,3.41601820467147,3.42795196919604,3.46284114663681,3.46855510185167
"83591",4.46375927924073,4.44148774099054,4.42040689227886,4.40568216283084,4.41957395857911,4.39146144231362,4.39908826503079,4.46605706920667,4.47351531252069,4.4370677746939,4.46518779109108,4.48428945968894,4.51454623033733,4.57694152552727,4.5962761788739,4.66166772085799,4.6507918733792,4.63949392850002,4.59594745265847,4.68101690905057,4.73356533560735,4.73227318955308,4.7333104348358,4.83861224727771,4.8351493786842,4.77302129549053,4.73230362981142,4.82286706131495,4.88665280000401,4.92774495683254,5.13069404162175,5.13438660382589,5.20903332746603,5.12186320642652,5.10356557151562,5.07105001686925,4.97630449505871,4.91206403031983,4.87870198936529,4.78186581861864
"83672",6.33039743788524,6.29887534012732,6.28119881739495,6.25875265180531,6.27124198300339,6.23198729995532,6.25447834725221,6.33384264328648,6.3487184054415,6.30761620551155,6.3110053391701,6.30258944436809,6.31883372639641,6.34767828174282,6.35766297759891,6.4404572382017,6.42781134400776,6.41407258551834,6.35075238365291,6.4289297972247,6.52144822189869,6.53710569990297,6.48981659500681,6.54586266959683,6.52138311751193,6.42193821001185,6.27315995671256,6.26527704801516,6.21672909746208,6.13185880421952,6.18085591015506,6.06376445781709,6.10690900122611,6.01864308857129,6.06266901110869,6.1022794560617,6.04907920183363,6.01249976516646,6.00378359359977,5.91052713810084
"86531",1.73288597916207,1.72172582250047,1.70941839369545,1.69677482220165,1.69678905419169,1.6822241305071,1.67904895274293,1.70118661553565,1.69767401556631,1.68063647600155,1.6926049268697,1.70273131306211,1.72546129575165,1.78538521600782,1.81594221918126,1.87219800427117,1.89693996711576,1.90668204020283,1.9168646814364,1.99083905473244,2.06104066514927,2.0735950004223,2.11341332094343,2.204955617662,2.23900801182572,2.25353889017864,2.26705899323216,2.3575097278878,2.40307723389795,2.42158783932968,2.52843726638076,2.52623176060905,2.5883402272723,2.54471764151118,2.63809054335529,2.75351122836768,2.78083386668078,2.82161893244916,2.88484166352912,2.89321888660291
"89391",2.04729760457089,2.03828052744984,2.02910894899186,2.01977121252448,2.02190748563828,2.01291044385539,2.0044167371793,2.0229611589111,2.02196529254066,1.99776831834978,2.00155282033893,2.00417291262784,2.00787969436297,2.04873548865992,2.05832690349136,2.08698218566692,2.09223345062547,2.08171189630988,2.06389603559683,2.10309959215926,2.11502811515639,2.12601512729425,2.1470950571822,2.18274883187547,2.18374809890741,2.1747674379543,2.16738784647847,2.19389181242587,2.19777932449449,2.19086125659598,2.23166453778829,2.22221108009513,2.23435653080256,2.19793698728922,2.21725283158469,2.25587373742907,2.2537730431189,2.25564591828002,2.27388732704658,2.2668661425657
"89433",3.70834554916019,3.68920491380233,3.67134382309406,3.65453111873237,3.6577635841491,3.64315445543884,3.636392840654,3.66014429979362,3.65297927545233,3.62541276126619,3.63359501020213,3.59338867821464,3.58458459343724,3.66471104030405,3.69869025378422,3.78815654283384,3.82460220279785,3.81936404132731,3.83282089694879,3.92381951181425,4.00896430763142,4.0805568909458,4.12615194535936,4.15351520280721,4.12606020812844,4.07595798036173,3.96992285611365,3.93401011209843,3.88933647166865,3.82078487044038,3.79439730138408,3.73427370217602,3.71136385895436,3.66468294124146,3.65306820900812,3.65331061932635,3.6386537186103,3.62800314194337,3.62973108744092,3.63109355755122
"89471",1.23172575326193,1.22433406005879,1.21749838266736,1.21131816241782,1.21398939781992,1.20831215691496,1.20645908000312,1.2174866864307,1.2142527928203,1.20339740602972,1.20646003486358,1.21092978245022,1.21505651566474,1.24219764509915,1.25195112543544,1.2731830274473,1.27968303565068,1.27463812083181,1.27387516943677,1.30876777976989,1.34569349681651,1.33774679507152,1.36363304523228,1.4231221278918,1.45326160785067,1.47064872089155,1.4886026935622,1.53178224753611,1.54749180717517,1.54802053022017,1.59841890578835,1.59902361647504,1.62294051769381,1.59612536008914,1.64004614436344,1.70984356712232,1.73687649823799,1.76307697200986,1.81331825127181,1.83832814924525
"89551",1.63398019050601,1.6217041936009,1.61451813338212,1.61205098459733,1.61868056274954,1.60965081777401,1.60990450819459,1.63070316098142,1.62610807714704,1.61156557871959,1.61532566604488,1.61487530416519,1.61913339609671,1.63772416964885,1.64241051472799,1.66602363177288,1.66393695108452,1.6618104542638,1.65539242904262,1.68479987289812,1.71507767940687,1.71368168809603,1.7224515270177,1.76176611980184,1.77283367064761,1.77379655567165,1.76627283757414,1.80294707432892,1.81522666383171,1.8111116031726,1.8580983192973,1.84136801269319,1.86604388961636,1.83573492150294,1.87568346278276,1.92672965876618,1.93450391944389,1.95033724065071,1.98196687324645,1.98260827158589
"92531",2.74286437868346,2.72211440248695,2.70768736270839,2.69816493873177,2.70965706630139,2.69566329610961,2.69582064203855,2.73188948384213,2.72672681282934,2.70314154801134,2.70849565547167,2.70995799204377,2.70919139301428,2.73292157370452,2.73640275859938,2.76582915095882,2.76409844418287,2.75408647905165,2.72876519244752,2.76535580551983,2.79434522472407,2.75807516631508,2.75579322925746,2.81560443137664,2.83591442390957,2.85228869609525,2.86506876671313,2.9348883540375,2.96328468517249,2.96043273959266,3.01016762503657,2.96955407962148,2.97741486978258,2.9161666484076,2.9392362547768,2.98046743091456,2.9797814937757,2.98099638847052,2.99428775311909,2.9659134764762
"92571",3.50696252800536,3.48130475842534,3.46458259107606,3.45496561285534,3.46569942144453,3.44428096815324,3.43952731521767,3.48480508808449,3.47657766966786,3.45296972316904,3.46629561729271,3.47878148156119,3.48992731868158,3.52427438046555,3.530663278505,3.55325517498005,3.54188724454312,3.53496243492194,3.49510965779085,3.51231667881391,3.52772479803356,3.50994535412353,3.48397709170176,3.50157925504359,3.48718792681155,3.45942629418599,3.40192891165781,3.40951074838844,3.39326631035437,3.3563108885241,3.37306402950573,3.3226150143643,3.32530011421009,3.27367576987126,3.28635449277697,3.30786831476462,3.29430456987576,3.29032733068983,3.30046327403032,3.2814906936312
"92651",0.751019664854445,0.747272347646184,0.741385822705639,0.734188194483314,0.729503723008887,0.719237305443154,0.714679634931674,0.722027233296568,0.717276915236618,0.708351134449291,0.719307513956979,0.737680879954205,0.766330079513889,0.805499275742808,0.84745844043725,0.913974522384127,0.95727154134412,1.00630442885977,1.03394246130052,1.15066105298125,1.29648935325913,1.38034603312333,1.47721726967635,1.72455444341456,1.88754427091716,2.00078222937448,2.1335574932314,2.34203070206492,2.45532004204854,2.50827957455272,2.62752660330572,2.62672592434623,2.71710808110562,2.67548458664934,2.78455477047422,2.89133532435298,2.92728656071203,2.97667993562712,3.04993137253899,3.05810483704922
"95432",0.964873610077639,0.959858145637478,0.95398379888917,0.948178681569525,0.947224331540614,0.942312467829077,0.937029888784925,0.944719949486357,0.942954961711272,0.931673967860999,0.932182741439526,0.939269817788665,0.942455731015897,0.964777526057164,0.975255639627709,1.00028307333722,1.01917409032745,1.02362428656311,1.02084618535414,1.06338544283813,1.11495843891101,1.12813310589628,1.16566677409805,1.2246096051149,1.25238068446804,1.26598051632303,1.2935661936279,1.36040999815543,1.39139329097001,1.39879868398852,1.48274777904342,1.51116893031325,1.55722358819124,1.52785997036456,1.58633964866309,1.68992389443661,1.75016733980547,1.79897320099586,1.87238265377425,1.891058839487
"95551",2.51319179336783,2.49631446521935,2.48023612743601,2.46426080717874,2.46362385871164,2.44122451847876,2.43480894938032,2.47713540613766,2.478017408573,2.46122241952816,2.480058636978,2.49888582553102,2.50606680965607,2.54188109442596,2.55369316067332,2.59210087841662,2.59953836398821,2.59896383403832,2.56225642098099,2.60709429530041,2.6411240359179,2.62987716397885,2.62133746182752,2.67367449267863,2.67624531914833,2.67101961908089,2.65748960219692,2.70880004043328,2.72301975470016,2.7064421382414,2.75378561223041,2.71200646967004,2.73493999111707,2.68064133408031,2.70973145306622,2.75351170659442,2.75273032540273,2.76338150349,2.7884806525744,2.76884397621624
"95591",2.9275334437492,2.90631999486731,2.89416979263031,2.8862505614894,2.89362950644341,2.87775582382328,2.87574324707582,2.90907865773632,2.90447123625777,2.88528597201547,2.89084099374803,2.88977364900415,2.89218302756815,2.90972604347391,2.90225290077326,2.91499107719606,2.90117583076967,2.88907070622384,2.84230228110779,2.86550413246749,2.88919610349739,2.85883453815726,2.84411381633363,2.90070125291371,2.9213533211307,2.91804621364242,2.88859161973803,2.9109943578743,2.90764626790102,2.88491210139546,2.91440955365537,2.87361487919555,2.8875879327855,2.83909354436708,2.86049763593989,2.88562275077086,2.87530164880598,2.87467486279018,2.89104050254169,2.87595542255483
"98451",2.59217768155159,2.57741147531639,2.56155487099394,2.55089128004368,2.55406908881861,2.54521635580045,2.50690033072888,2.52378458498234,2.52226938287646,2.50474108926073,2.52339408598698,2.58154832234771,2.61184157279934,2.6555980239452,2.65984298887174,2.67244816351201,2.66863913694862,2.64193174391693,2.58392170241102,2.59583103379062,2.60618910048014,2.55605219652596,2.55364401185608,2.61673191121395,2.63767733588718,2.63854717583437,2.62130284063524,2.64596848129455,2.64633974341231,2.61880596090667,2.66463863821155,2.65247665850231,2.66977370003529,2.631773477427,2.66107901565662,2.71139254866864,2.72566893446718,2.73908662723732,2.77994890791897,2.77782620928858
"98491",1.62114830180506,1.61263394304026,1.60428431123084,1.59743451339703,1.6007245355095,1.5942349722468,1.59057863492328,1.61288261767554,1.61145370079541,1.59372462556537,1.59553835137961,1.5986229164677,1.5930073596433,1.60673659489704,1.61056382445562,1.63580547831336,1.65202574335142,1.65118803284943,1.6268926577546,1.68900008971583,1.75462105085488,1.76542892898899,1.80160963753076,1.89502635853571,1.92269150266928,1.94195489756941,1.96819250463111,2.05253854957652,2.085125613473,2.08781951107608,2.25874254712077,2.34244496230953,2.466567978298,2.49864635655945,2.60559212749144,2.70694995136562,2.72637630630695,2.74047308615087,2.79221985117616,2.78730960086325
"98611",2.06584329353306,2.05225182085657,2.04361955681651,2.03847447470564,2.04456281139328,2.0326972592468,2.03130258018977,2.04984688788241,2.04397884532592,2.02220475402112,2.02522187158577,2.02335516669365,2.04430207890674,2.06002771960671,2.06008810219722,2.10150991124473,2.1011033234909,2.12108283113633,2.11052937664168,2.20224156246781,2.31178654809944,2.3882595786731,2.45959291669267,2.59047997669261,2.64742845582641,2.66767079336211,2.67992237391035,2.80346252302548,2.86032005583546,2.90387351367525,3.0700475308555,3.08934070647378,3.19437345675139,3.15278813312218,3.27806599027837,3.39451345984417,3.44639836725101,3.50461496050877,3.59762832278228,3.61685419562158
"101391",1.79152662221556,1.7801982693697,1.76882853104024,1.76099705573639,1.76235739607548,1.75264775840394,1.74456749751741,1.76824912543914,1.77387501680233,1.75228844264372,1.75364661968606,1.77071358843188,1.78534412292662,1.82301490523452,1.83685137982637,1.86642868223053,1.89538730628004,1.89754713834111,1.87238426519723,1.92414343388752,1.97455077752551,1.96860049629209,1.98108483606468,2.02954911887062,2.03777481624828,2.03764408730009,2.0255170969995,2.06710021563112,2.07962519607679,2.05484476858899,2.10644540990449,2.10019403432547,2.136537904853,2.10130681390604,2.15136941197708,2.22303601151465,2.24984710566946,2.28656630159039,2.34824312599107,2.34700488887895
"101431",2.85954052420558,2.84145624062103,2.82421134683169,2.81312955466563,2.82016490858193,2.80838949275123,2.80094628209848,2.83465577564658,2.84222907547317,2.81690312295518,2.82056489603417,2.82735149362384,2.83048212051997,2.86025457955784,2.8635442728883,2.89596198339309,2.91719798992801,2.9092493509978,2.85886614844604,2.90014536280714,2.92940701333015,2.9246222857882,2.91700653555621,2.94478615644367,2.92939540760754,2.90440623202874,2.85312200359822,2.86749436197676,2.86212205555169,2.81544275750422,2.8338504876236,2.79432254850399,2.80306489325982,2.74910562978766,2.76582754187936,2.7976083259713,2.79143754080005,2.7942336175081,2.82518462528267,2.8058812661284
"101471",2.05698824625286,2.04518359264793,2.03449227403602,2.02544762885659,2.02890335907898,2.02012092049176,2.01363727491118,2.03937387981324,2.0410110587112,2.02082467394276,2.02439818203452,2.03150741674462,2.03208908470134,2.05415703269406,2.06111598934563,2.08931890002744,2.10321654181757,2.09801083106685,2.06054204711964,2.0994575505404,2.13338433543279,2.1274053674158,2.12720647195021,2.17013060437085,2.16953913769774,2.16141152098731,2.13523726233095,2.16141123713483,2.16491593184019,2.13494008873424,2.16542629103766,2.1421656399885,2.16240521693138,2.11788468758089,2.14269189180375,2.18369581517037,2.19094729228568,2.2026865142952,2.23352705600717,2.21659231277804
"101631",2.79402022100956,2.77378158083418,2.76580745553843,2.76282642839246,2.77935191768668,2.76694906825683,2.76817991120798,2.80317337009318,2.79851721099861,2.77708738211663,2.77155169678673,2.77580962963704,2.77640898470082,2.78638725638843,2.7902938161633,2.83338662997138,2.83067563255262,2.83586273115719,2.79284253477109,2.85467252311718,2.9191197098204,2.9522378997464,2.96770074757502,3.06670841554192,3.09209268013024,3.09032681043178,3.08603158727164,3.18270331852973,3.21127012898848,3.21029425121643,3.279073335175,3.24005547582195,3.30506367378319,3.24210401376723,3.31904288496862,3.40357951427015,3.4519673579116,3.51717394688134,3.61687399527478,3.63554952180695
"104411",1.11988428318085,1.11289664233995,1.10538110877825,1.09791127907365,1.0985092319211,1.09041287276414,1.08488269439092,1.10038720830132,1.10373078296647,1.08927217208862,1.09366744011524,1.10687643883827,1.11661232648842,1.14669893487614,1.16426448734329,1.19520041099421,1.22413581527909,1.2354346999678,1.21800945386226,1.29253104147874,1.37144214302123,1.3895306259076,1.43212220948407,1.52297066404258,1.55767882737788,1.59607620256339,1.65156894658999,1.74587115072263,1.80398353857366,1.81186870836487,1.87105818328537,1.87111111179907,1.90582658865875,1.86706717811151,1.90381154507468,1.95342013855226,1.96602703280467,1.99172284877512,2.04844771786625,2.04464041750268
"104452",3.50558304028421,3.48514306573024,3.46863427485673,3.45094268956802,3.46068832080117,3.44382660966297,3.41585955831687,3.45809581084836,3.46972685878423,3.44339704903791,3.46330344573206,3.48011812207194,3.48559881085785,3.53016436250298,3.54933373496801,3.59986826812121,3.62009028492096,3.61681975047549,3.55713139678313,3.60930878609834,3.64393001552383,3.65794795025487,3.65050625168901,3.67375046368439,3.6533643461614,3.61099697462468,3.51043758555835,3.48428399342419,3.44855114242273,3.37070480637485,3.33406726186408,3.24259808030048,3.22235934460117,3.15184577290544,3.12686918088305,3.10471079448103,3.06706415006136,3.04090746962568,3.02662861050442,2.97654778804272
"104531",4.7718685968131,4.74452837631354,4.72810413085653,4.71077548392005,4.71053574721765,4.68533503575422,4.66661140341275,4.74447525921211,4.74671841881283,4.70687374060599,4.71521767331244,4.65719024085851,4.6086867633103,4.63851273985345,4.6578816313502,4.79882987227413,4.88252646494788,4.92876010396762,4.89959598236179,5.03014920019258,5.12804000454275,5.20488707687465,5.23046263461245,5.2766553926744,5.25786196475577,5.19430042944274,5.03069520961792,4.97823657599191,4.9086986116991,4.77984970916254,4.7130012980745,4.57494990322025,4.52813178474182,4.38472597486219,4.35386138880884,4.35041025607573,4.34060276766398,4.32568717620237,4.31158847646429,4.2307095376017
"104651",3.17159057921404,3.14755813350414,3.1412286898331,3.14252784279523,3.16169949547332,3.15042693212155,3.16343611925795,3.21194993792129,3.21303902079414,3.20014285636283,3.19771819862688,3.18494936473081,3.17031825691913,3.17072888286485,3.18076458277208,3.22260030112371,3.225243582726,3.23584144487707,3.18406231536922,3.2274815610676,3.28691831901165,3.28579695304614,3.26479988111699,3.34665626258927,3.37676564600271,3.36614591665514,3.29907897563267,3.30851628470028,3.2815433129866,3.23339744391221,3.23570297456686,3.15145585860208,3.15505902956146,3.08851930727264,3.12845339350293,3.16446555401644,3.16201101988335,3.15218521642018,3.16020349013783,3.11318150367578
"107431",2.65722082015051,2.64046719912647,2.62840396387083,2.61386470209597,2.62604725363484,2.61066526877895,2.5910344841651,2.62040871189084,2.62189633429345,2.58514479335288,2.58336997419392,2.5972391017373,2.59503824450254,2.63885132439547,2.66453579041971,2.70686156503713,2.72717409143187,2.72714059614116,2.68154201152274,2.75244237861994,2.81587817260172,2.83180331180267,2.838838672673,2.90075775798862,2.90418299622542,2.89725107255837,2.87797133401359,2.92634927083269,2.95226714030042,2.92639256868352,2.97651555191654,2.96166650925034,2.99599332327015,2.93920830509388,2.98729306738347,3.04531847103286,3.05869608549702,3.0808147955635,3.13852125100071,3.11445131793002
"107511",3.98013648335706,3.95665182955762,3.9416993488331,3.92767480659995,3.92868697547903,3.90867341918112,3.89974854716297,3.95800253875253,3.96010011415675,3.92971859762767,3.94146446556647,3.95284548384218,3.95019823524573,3.95964947374587,3.94738738282757,3.97592798731936,3.98165708812003,3.96535843800283,3.89263365676869,3.9284232043567,3.96399236716859,3.94777559715273,3.92048880000656,3.96403909274633,3.95970304650359,3.93140470001672,3.85885596208803,3.87646930867421,3.86086835777225,3.80508697141742,3.81557956107648,3.75260415846323,3.76211875163991,3.68933828630186,3.70144325885953,3.71929776115017,3.70888881685818,3.70569886332662,3.72517765636973,3.67300307970641
"107551",4.73658907209479,4.70658951960312,4.68893638526874,4.67620753075545,4.68174725989942,4.65620041831711,4.63707308256084,4.70556581268763,4.70959709232041,4.67527339684027,4.69669317854963,4.69373788864212,4.68028856920728,4.69970801461315,4.70316656079795,4.78470401131239,4.81866424392771,4.8266692034054,4.76093154746552,4.83851409526143,4.89310537721399,4.94009741925813,4.9399946798714,4.97054421837719,4.94879048216163,4.88968846710121,4.74115435223881,4.70209168751793,4.63379010796501,4.52080852626373,4.4757324908603,4.37213479649627,4.36704782573632,4.28668359628102,4.26269120512073,4.22993084128962,4.17871235190681,4.12836116723096,4.09592280014173,4.01109054905869
"107632",10.3471659523449,10.273599179319,10.2342645519023,10.217454091315,10.270595801007,10.200038830553,9.97883135666999,10.0963573556728,10.1314163938161,10.1548553802922,10.33851437402,10.8104222643724,11.146827148911,11.4078050785671,11.4933772149001,11.5009359485668,11.4507589416784,11.3447184522207,11.0877356677597,10.9489935941568,10.7267014849666,10.5919376023339,10.359009354613,10.2801010729794,10.1668567964382,9.96144380711638,9.6040046245713,9.52481917511381,9.43274103017784,9.30811174557911,9.25564995258337,9.05739028047896,8.99795272976118,8.81007762642187,8.7034109491626,8.58862282984097,8.46263694676698,8.35089861857907,8.27635893684726,8.12364817294892
"110371",4.99144438694525,4.95874059800472,4.93842471192739,4.9278368035218,4.94240130812915,4.92249871720409,4.91136417771073,4.96547067962595,4.97101801232642,4.90724153399607,4.91612034309749,4.89770387220064,4.87705362343039,4.91668848182458,4.96252723875118,5.0220169146271,5.06718679749573,5.06900584904143,5.00364051562333,5.12977917090227,5.23623193484079,5.30227828935756,5.3126880954487,5.37303827175927,5.35206819397214,5.31169842247763,5.20605296936828,5.2084333968612,5.18395965871112,5.0720295253126,5.05317673943069,4.94978229037271,4.94989803046335,4.84150991621018,4.82555206761363,4.82961551776002,4.80132091964272,4.7947420825401,4.82054915510238,4.75570419893136
"110452",1.80721875468855,1.79790193008892,1.78874338717182,1.77473588078607,1.77317737823034,1.75462433387398,1.74027707757303,1.76206030965225,1.76239360688943,1.74010488816005,1.75048808853578,1.75695350817756,1.75685134397508,1.78016808139745,1.799673352119,1.83214977717262,1.85230642014395,1.86026469395302,1.82520852645423,1.90228265057667,1.99595850748153,2.03713758326141,2.07740762143988,2.19158281177158,2.23565801620437,2.26549278865719,2.29237568802585,2.41017261612869,2.49698621532978,2.54038974857582,2.66944075196081,2.73219848046421,2.81404981321139,2.78087383997285,2.84497105898289,2.90601635697787,2.92820546241467,2.96198717708194,3.04029313171338,3.02273240654505
"110532",2.95165035680628,2.93416146967955,2.92340544708223,2.90937162992571,2.90907082238019,2.8891452187498,2.88042297602114,2.91505790392199,2.91551882152454,2.89068033877202,2.8975343035066,2.89477177496326,2.88283264912238,2.89100201795136,2.89251533925313,2.9324901761116,2.95044208537306,2.94702470841353,2.90180675185476,2.94306770214333,2.98311854063553,2.9957037236031,2.99192063243845,3.02959668711669,3.03412326719514,3.01707791249253,2.96001300704996,2.96726194318466,2.94918120883916,2.90394477207487,2.90322252012401,2.85206257176755,2.86010930487183,2.80104319209786,2.81095225501791,2.82604249632844,2.81600436241601,2.81276489041336,2.83719756347822,2.79993079235583
"110571",2.83574611492717,2.81498011911027,2.80669644795044,2.80040765830686,2.80863994132512,2.79396489411218,2.79167922137252,2.8282364926086,2.83236996591991,2.80994361004009,2.81493458074723,2.8195908148136,2.81148473273873,2.81529466558101,2.81355422091691,2.84093653018403,2.85066863387943,2.8426180671009,2.78906906513533,2.84182428629908,2.88706853538654,2.89670804406083,2.90102445876667,2.96460817640481,2.98620449830519,2.98416767091031,2.94812755510288,2.99943866679186,3.00497820727489,2.99575227247132,3.04959812228213,3.03499184030515,3.08456264695533,3.03761237294907,3.08690236432144,3.14850789709695,3.18125072590606,3.21458289919964,3.27851726525211,3.25455396267673
"110611",4.86893093932312,4.83299751529932,4.81754175604443,4.81748640526471,4.84539061748704,4.82043214098444,4.83381346652446,4.89980236121712,4.91572406305364,4.89307299860989,4.90346638797222,4.87778005221989,4.84862985484434,4.84765060254888,4.86372157059061,4.92944759240644,4.95568088448864,4.99243379319583,4.93250927967667,5.02886974348672,5.09778211108465,5.16627167456827,5.17781929741238,5.22253882143942,5.21066848124805,5.16506011143174,5.03410590632994,5.0126916454127,4.95430334147922,4.86955961361858,4.83854780102226,4.72676369933534,4.71849175453055,4.62527609059072,4.6035382982611,4.5718121034629,4.52124759278374,4.46927549482686,4.44296808827915,4.3522658804998
"110653",0.711063240753252,0.706720719110778,0.704268732764367,0.704521922370042,0.709034048310748,0.705282784247794,0.707131210137708,0.71344270060634,0.712195233664681,0.705690866282609,0.705310565081324,0.705683300076063,0.703774757292319,0.705163969553405,0.710839970154426,0.728316638669977,0.73139885739471,0.74882367623087,0.736246398181993,0.779162389231292,0.830780296585539,0.862939465735826,0.894351012100431,0.974397439158875,1.00966921420218,1.03676263295653,1.06740677286431,1.13686788262529,1.1681941207623,1.20359863589,1.27722150186997,1.30763602466775,1.37357554736823,1.38178690513435,1.45810421785133,1.52536040797773,1.58740079738471,1.64608132429323,1.72115325722583,1.73956183083299
"113392",8.27360159344468,8.21691800246655,8.2017005078695,8.20422305277623,8.26426668779836,8.25649506704925,8.32522189684833,8.43436616730327,8.46000512086148,8.40097126827508,8.37688128886496,8.32890644650601,8.27682614127727,8.21514658559997,8.14967896036211,8.08885737688699,8.02447928784224,7.9491400883241,7.7861106471679,7.74683731189904,7.68902309052708,7.59388498329837,7.47399883310301,7.47522199195787,7.41976616849672,7.34663592411207,7.17819627625922,7.14544456726249,7.08463908622005,6.92975071091676,6.86818076669626,6.71157812855184,6.6911958844048,6.56418687044701,6.53967429680841,6.51804294051212,6.46069666786382,6.42194848007096,6.41020511939945,6.31596249786665
"113473",8.23580977724903,8.19229349766725,8.16695984925142,8.13540562550694,8.16546898586261,8.12012478161203,7.84544989725497,7.87642355042381,7.8684085906849,7.76277266192027,7.94210166511153,8.32042464083606,8.611565153094,8.94457697867763,9.107731934119,9.20903757384445,9.22273689486221,9.18794809760951,9.04612035967802,8.95950275144792,8.84337102655782,8.72473905774366,8.54483410319029,8.462862173562,8.35874609857505,8.23549583426193,7.97621227660526,7.87645933505032,7.76527509751864,7.57625272160813,7.45092214759027,7.23119056268768,7.16910174829731,7.02183910272048,6.95046686194258,6.86981431674889,6.7701410858268,6.68401599129477,6.61683399670486,6.47671289842453
"116371",4.57984901467501,4.54822586183371,4.53944072663203,4.53426809333924,4.55559852686235,4.54946144133292,4.56377972007065,4.61327522769905,4.62622206184575,4.58641473483011,4.5961523707958,4.59444548903358,4.58048511586018,4.58102691223275,4.5770850770839,4.57816490793118,4.57333752425105,4.55077798840098,4.46683118477901,4.4965446895539,4.51927894817273,4.4997232730414,4.45795317524039,4.49935154926187,4.48542073391712,4.46470454519326,4.40613017747372,4.42855089004751,4.42050496141424,4.34960006172113,4.34622284298049,4.27629100072779,4.28751795015017,4.21103767886921,4.20755216351868,4.2139888069193,4.19200963579223,4.18782919450361,4.20038086887164,4.14073882843257
"116491",4.49563057660701,4.47319955736566,4.46266732875162,4.44232554578031,4.45395057859333,4.42987107340825,4.40854249374948,4.46321238858338,4.47408462111132,4.43192609317371,4.4640347550926,4.47569507375065,4.47023992237932,4.50247327910664,4.52364130038004,4.6004242929672,4.64592414779081,4.65491546136998,4.57319444442757,4.64969467474019,4.7222564817884,4.7888305379624,4.81058808027494,4.86198822118658,4.86542105771861,4.8345893334554,4.74304739197254,4.73657733685446,4.70376970519818,4.62947937373989,4.60250281007019,4.51306587495888,4.51559207416652,4.43199837054865,4.41967115994405,4.40405794891942,4.36260869237398,4.33027463220333,4.31833068289423,4.23098472981881
"116571",3.39750144407232,3.37569011811642,3.37433354190667,3.36390611468117,3.37481137167318,3.36019248128567,3.36982109177651,3.40765465360843,3.41975727780041,3.4010712036444,3.41181157886813,3.40868005439443,3.39561703856169,3.39830830153904,3.40707867915033,3.44036942787032,3.45498128591291,3.45617040330348,3.40811702825493,3.44429332697288,3.49345038816831,3.48073947638287,3.46559327436957,3.5214032173375,3.53846689533669,3.52814864224,3.46541952026555,3.47390871212612,3.44525787118463,3.39552657893096,3.40514068438834,3.36480824867928,3.41005600009427,3.35558132212006,3.39349750004547,3.42251415605573,3.44657022041512,3.47716417992369,3.52876563618805,3.49624911387207
"119353",5.27600314789548,5.24405918463658,5.22869297488347,5.21380911781349,5.22502991583123,5.20503221770335,5.2024006253935,5.2396856922663,5.24818258387639,5.19625063261235,5.21848879914581,5.23140886758202,5.23130903633575,5.25113467770067,5.26925549050046,5.2937445166356,5.31080611312526,5.29620532416302,5.20961136740596,5.27024810559588,5.31344703867897,5.33222962587151,5.30951632697094,5.36946313318661,5.34814649426142,5.30809300004872,5.22463486917477,5.26399621991196,5.26903722274033,5.21120787375346,5.26153346223218,5.25934322009718,5.33180137137207,5.29592987885501,5.33809805284031,5.37153445912208,5.36259001107102,5.35076912181573,5.34240820788891,5.24211752119393
"119391",5.84265036602398,5.80470633608705,5.79435608791025,5.7827151207817,5.80185343230271,5.78617721884857,5.79086725350901,5.84567090263263,5.85316341120881,5.80141877560594,5.82546477164124,5.82212610882612,5.80705495540477,5.82075298432617,5.83185379702485,5.86061181709269,5.87982908304025,5.87622665397809,5.78729606794182,5.85798436923829,5.92684423092228,5.96303176829202,5.94676871802232,5.99642468253457,5.98018027474688,5.94530104002169,5.85542488457724,5.86871730517565,5.84686736498248,5.75746190983328,5.73828005659858,5.64476161960155,5.64760393098791,5.54230424165414,5.53451074972574,5.53478863219286,5.50646555476585,5.50053505032115,5.51033745467375,5.42373319277728
"119473",8.71584037132028,8.67295510369436,8.66507800719844,8.63906361515993,8.65950582210688,8.62775882176126,8.62807119685385,8.73945120278606,8.76207363657628,8.69501092624983,8.7449904397721,8.7786503630093,8.77931972026179,8.80816649022831,8.81061627064591,8.85255706243498,8.87924708910172,8.85927173864382,8.70078051809261,8.74852223687196,8.81398512601112,8.822583558777,8.76750185304451,8.81693708314864,8.79428366000155,8.73408302854092,8.58513621897187,8.5995628015768,8.5551732683596,8.44089977290927,8.43500599064923,8.3283874483655,8.36291413414675,8.23759739841669,8.23651438622478,8.22063430661324,8.15670393259054,8.1112189471792,8.09425815838856,7.94443184065552
"119551",1.58612817071172,1.57865650377215,1.57698108023405,1.56725424742399,1.56643623453434,1.55203013069093,1.55129497234385,1.56926809746933,1.57382586115981,1.55788821494249,1.56767902666513,1.57425303335427,1.57148530974638,1.5800801065081,1.59589678053693,1.63333865793857,1.66260345544406,1.68476389455878,1.65322369084053,1.73074966865956,1.82839052194513,1.88114569346929,1.9488518202972,2.07168805593538,2.14314805517397,2.1977775726671,2.24346598401185,2.35507977570561,2.39381050557737,2.41366406035874,2.53957926748522,2.63887514482273,2.84117105423638,2.92718081118844,3.13960141933495,3.33172243153898,3.47108910191389,3.55350419023348,3.60359411799279,3.57159442421059
"122571",10.257283602823,10.191785263806,10.2036979470731,10.1975382574486,10.2614614017441,10.2332779201463,10.390795872334,10.5527166550744,10.6187513256375,10.5888910291182,10.5614366332578,10.5127594323551,10.4360534394446,10.2990059178235,10.1647507245832,10.0483382746663,9.94322011677907,9.81833975226183,9.59661206795557,9.45095816529022,9.32190973737227,9.21342085517191,9.04651083443389,8.98721426971698,8.89697822685084,8.78140166348214,8.58397288792318,8.51803502873595,8.42591815146297,8.30410812937524,8.206831352725,8.03250673904425,7.97640502122899,7.83096258697465,7.77609348267783,7.69625141270878,7.61612435399307,7.52889774131095,7.46448127963724,7.33565492293474
"122612",1.4054516860679,1.3994653286527,1.39607211782669,1.38543205293985,1.37921994360134,1.36086525160815,1.3625534903185,1.37333943103153,1.3742938606377,1.35663010877518,1.37121743488776,1.37668491002103,1.37305133471144,1.37540449948273,1.39498239827892,1.43283479050077,1.45665526018169,1.49141177698392,1.46903705561259,1.54510956520305,1.67446299417656,1.74892548018807,1.82694042717445,1.97557473936243,2.05740169138966,2.12984967318765,2.20162621903925,2.37589300082405,2.45343463036677,2.52225984621895,2.71187312319694,2.9201022102077,3.10515255293081,3.21426512622114,3.35115755530571,3.44267900664699,3.54080796948481,3.5874008950776,3.63897737536673,3.61741389589432
"125273",5.91875179032916,5.88542245876044,5.876590509146,5.86645388274917,5.88153966921663,5.87462357669504,5.88599731139665,5.92055835719192,5.94168618284296,5.90613117524252,5.9563101883243,5.95117569893249,5.98224158503313,5.99850464552964,6.02624216003233,6.07058679798307,6.09679809266225,6.08955173611874,6.0327161133662,6.07075508428963,6.10751604213609,6.13457726005175,6.12225891943282,6.16282353211711,6.14024469320537,6.11798096748298,6.03259782015777,6.05003645498864,6.0342401698795,5.94301975462987,5.92338570009808,5.8673213814844,5.88494621746096,5.79866899674698,5.80545589290411,5.83510768778681,5.82094774505582,5.79975147236523,5.78250990537353,5.70943170934941
"125511",2.87492410808662,2.85839098908136,2.85666327644411,2.85184313267706,2.85743219422649,2.83995778036643,2.84824250762273,2.87805871500273,2.88547969544551,2.85785275571489,2.87159655516235,2.87066255106437,2.85877161540543,2.85620376232445,2.85917483512742,2.8820335785409,2.90275205557333,2.90807920247638,2.86089354721829,2.88110440480198,2.92743201921986,2.9488236605976,2.94942837818704,2.97666018767665,2.97202746792144,2.96184591116542,2.92608501351807,2.93574252155962,2.91528540080738,2.87783091839961,2.86873152514624,2.83968175199264,2.85286647355461,2.80644201419856,2.81858573257647,2.81143853505199,2.8050956833036,2.79805166162496,2.79703615052505,2.75366745799494
"125551",4.39465771435837,4.37124538296524,4.37377471179138,4.36446037490537,4.37023917590689,4.34271658421348,4.32430337016927,4.35562356576198,4.3725625190181,4.32665988466437,4.38600202940987,4.46377957767464,4.50771765529455,4.54790842761804,4.56849496085945,4.59368794110846,4.59918882555075,4.58845511016669,4.50363418853027,4.50016176271762,4.5374260934602,4.53718720304741,4.51087136679208,4.54690961146374,4.53040087783968,4.51147965379568,4.44779626220316,4.47370836501131,4.43630975679122,4.38068702982859,4.37666718244803,4.34411131021431,4.3930024194298,4.3307767295834,4.37486289320393,4.38860596378827,4.41004032393665,4.42267400578254,4.43621772322704,4.38021983882535
"128531",2.95541654663161,2.93738249636276,2.93926535542542,2.93655728657904,2.93937962846297,2.92164094060798,2.93548669769416,2.96456830022023,2.97095477414399,2.94251670332632,2.95731130042115,2.96110170764514,2.95478484907762,2.94907515446669,2.94633505442656,2.96061286992088,2.97206751966155,2.97074446562438,2.9216840124724,2.93081472864848,2.97081514926031,2.98473197474208,2.9766981394672,3.00305527891943,2.99479690172287,2.98339187343207,2.94837482136256,2.96475083921471,2.94790083621133,2.91424593122819,2.90370693375842,2.86911317971533,2.88364572320075,2.84288552364406,2.87489269720535,2.88904353815017,2.89801289255079,2.8955291515276,2.89340173882428,2.84871031560546
"128611",5.25282195798565,5.22393193121981,5.21807169594862,5.19524826254369,5.19733879737016,5.15903031874788,5.17759417906955,5.23132710861285,5.24427042515508,5.19655220634782,5.22301544694583,5.2335245500885,5.22467443206576,5.2160404534645,5.22823228400834,5.26079259419936,5.26865392282291,5.2759523469225,5.19547010720413,5.21078162183914,5.28091431693562,5.31635918142974,5.31547502524111,5.36378305616525,5.34880646044336,5.31821890594604,5.21657806832503,5.24784787019109,5.19893649127498,5.15974216240548,5.18056585428849,5.18462625740709,5.26053720018146,5.24440321595701,5.28376963531169,5.27629354205544,5.26009490716359,5.22260345600252,5.19595070822049,5.09947066183774
"131591",8.73619471704831,8.69082515411331,8.6807112500637,8.64190010556059,8.62134744149518,8.54665136403093,8.54735795688226,8.62816497639569,8.63017220330921,8.53216067831251,8.61580912475378,8.68991184404019,8.73158459553799,8.76096705408871,8.8203292797216,8.91684750243331,8.96402720568307,8.98851429387388,8.8664795429916,8.89439589662486,9.03369845437483,9.10719018057694,9.09635023237346,9.15290490140085,9.1240635223121,9.08426112371331,8.94162854291822,8.94695700571219,8.87327456001933,8.77662956382481,8.71215124192817,8.56052801174374,8.55536732520359,8.42722751537402,8.41704113589866,8.35074639932565,8.29035126220289,8.21551876616655,8.16126688202395,8.0150639661772
"137551",12.8528395099022,12.7867816627984,12.7760624020539,12.7485900498171,12.7300866708724,12.6305161642107,12.7409111895522,12.9055765667175,12.9197149247181,12.8031134638282,12.9163464542754,12.8708056774686,12.8346519974258,12.7686838634404,12.8367638362784,12.9703872116539,13.0730118687222,13.1106376296366,12.9123487532954,12.9776673472844,13.2757193051419,13.4919558636803,13.5644777943555,13.7288158513941,13.6966019790364,13.6570796767645,13.4441916685208,13.467276979916,13.3643758156765,13.1853770167779,13.0781012515142,12.8480147166471,12.8530243951445,12.6644874821432,12.6552869332107,12.5869995207985,12.5046979071308,12.4069682821615,12.3584149049851,12.1622298927235
