"plot_id","1985","1986","1987","1988","1989","1990","1991","1992","1993","1994","1995","1996","1997","1998","1999","2000","2001","2002","2003","2004","2005","2006","2007","2008","2009","2010","2011","2012","2013","2014","2015","2016","2017","2018","2019","2020","2021","2022","2023","2024"
"3293",63.7519933714472,64.0032865822724,64.4423911372524,64.4157876296961,64.7575356153305,64.7513011900321,64.4878580791604,64.7122413328759,65.4042956747882,65.0604085612161,65.9050672854454,65.9812226762293,66.63933458926,67.3172057675421,67.2786363143785,67.6082107999093,67.6277659278334,68.8058089286474,69.4774312790068,69.485642965707,69.3984449064684,69.744448785879,69.5953833890329,69.6436732367738,70.7326683487882,70.6968732019234,69.6891406540244,70.1661143999978,70.8728640309005,70.8541271326406,71.4226085908659,71.7048615623338,72.0657216679609,72.2771434035263,72.131939512762,71.9865458182756,72.4878762107308,73.3618738085228,73.5348045990765,73.3775217787403
"3314",40.8656532340823,41.0068356090582,41.46036080869,41.6964444777004,42.2855023134042,42.7791426080689,43.3957662729224,44.2026016921102,45.3174786496179,45.3585112380693,46.4918941143236,47.2471460759259,48.3412798527444,49.3148565927074,49.5184803119307,49.9944158264534,50.2612007264236,51.4801284202456,52.1161122353062,52.139308430467,51.8692462766673,51.9877774942507,51.9214553836384,52.1236403311389,53.1629938910988,53.3547721190344,52.7643502992751,53.2706336881239,53.8675166819173,53.8448299132695,54.2537472553214,54.4969697859884,54.8482231778892,55.068327573224,54.8556687892643,54.5148646901409,54.5772683200737,54.987742185389,55.0075746967769,54.7750865889179
"5311",57.762310519453,57.9187384240533,58.4970507820753,58.4464655128171,58.9245890974147,59.2830876338511,59.7589841156021,60.4891240301369,61.433257786603,61.1269597754481,62.0585077730402,62.5642587901505,63.4618055439206,64.3624802474192,64.5113131256584,64.7973668306513,64.9895408995991,66.1647316308623,66.7533794883215,66.6619426601015,68.0140857434929,68.5819920967977,68.202559461342,67.8141670324213,68.2509418478058,67.9366252190923,66.9436418852863,67.2873294519882,67.7210296220046,67.9124472536624,68.533959879318,68.6018153372676,68.6658443705073,68.7362062770737,68.5065760988345,68.2836722198592,68.4280408024133,69.3121788803206,69.675713393099,69.5451137360608
"5333",96.9817661652358,97.2045014354846,98.0559671745584,97.8243049949839,98.3203998275573,98.4552498727345,97.6632979632418,97.8962894339147,98.5882638762989,97.6176824637112,97.9441777793085,100.55825050806,102.467819348685,103.634214363223,103.590222530203,103.784502956526,103.839271879184,104.984659348014,105.215134383398,104.482934550984,102.364794477922,100.674959128512,99.3072498078864,98.6024171815315,98.6173400692705,97.714239828507,96.1062160695353,95.6402450180513,95.2698742336107,94.5025550832063,94.1935178028513,93.6929920777362,93.2754172063905,92.9281391009873,92.2331729664514,91.2557889571658,90.5018702965624,90.3696253579105,89.8682643588591,88.8594033534354
"5371",41.3226590662931,41.4783477266341,41.9210446995959,42.1731284336747,42.4656754342964,42.7421102869541,43.1751237438287,43.8359598321197,44.8193699836715,44.5743322518805,45.3118326862001,46.0114422146057,46.8855797299645,47.2687201928058,47.3777843785632,47.5933608677338,47.7456432526717,48.6102323859314,48.9777280973853,48.8246640490933,48.98146815596,48.8564963979568,48.5191065895507,48.5674712322242,48.9871868757519,48.9068560218071,48.4053582368178,48.620155454993,48.9629650725067,48.9103745435098,49.150869609052,49.2201976421705,49.4147058764214,49.5475552981284,49.4074561332364,49.2775856447477,49.31762513682,49.69381102787,49.7418358946577,49.4344296920253
"7271",37.1678231891295,37.1820430364552,37.717725695024,37.9870634823333,38.641286832276,39.3898422666115,40.016700657431,40.9269052165146,41.9798888351136,41.9701659432425,42.8788061237326,44.7284875083457,46.1242203777323,47.3172240106469,47.6279388716823,48.2005132668467,48.4571622037224,49.6494749771214,49.9611851045173,49.8611644844317,49.915244565064,48.9340156614033,48.2841501604505,48.0037842650815,48.3774831284255,48.1642873642806,47.2263127949003,47.2794754795543,47.2646725586256,47.0588417725466,47.1488163989693,47.1463318235662,47.3066188111126,47.248389189734,46.976681919099,46.7757131946045,46.866229746764,47.4068411775789,47.4754442779269,47.2368260593001
"7351",24.8079844151586,24.8203505804685,25.1724012072385,25.3499860983187,25.7243380968812,26.1145073594473,26.4895045094748,27.0968265072091,27.9785880579358,27.8382164106634,28.4138191187759,29.1717102001712,30.0209925238205,30.6894434745886,31.1469566438188,31.7269240675649,32.3750086574935,33.6204853372373,34.475141767654,34.9373881160153,35.7505573360984,37.7576621484925,38.0363554225703,38.5184686065825,39.7231700113031,40.1007577076381,40.5589587705101,43.9280455722615,48.3635775422101,51.8654591962814,54.9017708285393,55.3183729259332,54.1745046970571,51.7448776080335,50.2579451243222,49.5284248030087,49.0584874637168,48.9448684244585,48.6832266745131,48.0580626291874
"9251",46.0410858734183,46.0184773657748,46.7808508045745,47.3691740330261,48.4924072066023,49.8468691714237,50.8866264147578,52.3305733417603,53.8197397954614,53.8576162663522,54.9749044791271,56.8747204811726,58.4139170609691,59.9646090175194,60.499868737352,61.4433942480472,62.1451323501477,64.0303163330474,64.7530225757038,64.9437854286303,66.3797555337019,65.6127218691762,65.2607937216596,65.3479866249451,66.6047627999503,66.8062114449989,65.7444540555286,66.5681660019665,67.2148114730986,67.2474710512862,68.0420613722057,68.9328400175235,70.0405427410478,70.5815820676293,70.6280012735611,70.8148243420362,71.2116807428244,72.2112451342471,72.4605329576147,72.0906600571683
"9271",64.7501634991525,64.7487318097897,65.5518965880342,65.6109473311487,66.227241637337,66.8701019400365,67.5162714603229,68.6227904465825,69.9111175426269,69.6014160439937,70.4645358638094,72.3108308421208,73.8075945876435,75.2065344732124,75.5222493739596,76.2339613141337,76.5877268854835,78.1656438083421,78.604164487928,78.5770828244661,78.6646501970196,77.6439521228988,76.8660687156357,76.6004151585239,77.3640365325884,77.0391637610975,75.6211905469681,75.9874362695061,76.2826595278292,76.1078823432838,76.4485150941013,76.4525976962094,76.5886754912158,76.3444100260785,75.8174283159168,75.5002493242128,75.3807906078293,75.9556471049621,75.9215722737802,75.3693193548288
"9291",79.4332650093906,79.5438530565616,80.4783622658544,80.1829503452289,80.556956287891,80.8475808034885,80.2723812325583,80.4408231325564,80.8822839211939,79.9546128181843,79.9953336248867,80.2478167334539,80.9114891949389,81.6136476758409,81.6566937184969,82.0394108912324,82.3895184748841,83.7868626431048,84.5496790927041,84.8861092635616,85.2675552375172,88.586884356802,88.7188998169703,88.1464816414363,89.4761085397296,89.3471188734859,88.1171829177623,89.1867271470876,92.2360812774169,97.0468679360104,104.25350790041,110.75567045757,116.208668190376,117.953237676469,115.70829394518,111.617844708273,107.954050141191,106.853900566051,105.96651496461,104.500672371609
"9311",17.0608562458536,17.0838553242298,17.3183627419717,17.3632340106407,17.5784564420444,17.7979793718437,18.0918605323833,18.5651744152043,19.143369212257,19.2119741622563,19.7290320542962,20.4227651970432,21.3041924599603,22.2381034060088,22.8534749497354,23.7072791484081,24.6149029330647,26.1196479439057,27.4065236402775,28.3295249406435,29.60190284129,36.8199864758785,38.672410230416,39.289405391292,39.3609499709055,37.4921602137049,36.5258062727475,36.9332290430518,37.4146665237106,37.5339510958156,38.5756506609345,39.3900157307801,39.7983415929886,39.4697856958639,39.3325689130577,39.3289241887776,39.5685632062143,40.2472432575312,40.6401240871231,40.6096757019081
"9331",64.0263632165396,64.1825803607108,65.0601149811264,65.2877825693314,66.0376339982761,66.8303439950278,67.6968496365349,68.8758864789398,70.2350725275899,69.5482762990763,70.1334604531385,72.5004372674802,74.2246474852724,75.3344382320813,75.4495677307179,75.7744810814597,76.0965032877878,77.1924242807722,77.7951625993718,77.602482411803,75.8273222649325,75.1428021844665,74.4698689545394,74.8267912186795,76.1069156252247,75.8543555981067,74.3768316839145,73.5752712623588,72.9070177789311,72.2213499833778,72.0043695214734,71.7891928788331,71.715095401309,71.4269414250503,70.9508917306979,70.5390280016631,70.3750511682614,70.9370932806725,71.3695283188774,71.0474181022284
"9351",37.4340665795528,37.4441667436335,37.9730002937506,38.1818472954612,38.6915118880334,39.1914368590486,39.6006177306262,40.3145506974664,41.36324964623,41.0064453238742,41.5561847560579,42.6900595670072,43.6152882664432,44.2169191640907,44.4737871005887,44.7806604421424,45.1154758454387,46.0206743940594,46.5852270688263,46.6108669095787,46.4800422105397,46.7129195324253,46.6270573364657,47.0829443177152,47.9373688404358,47.9621086705856,48.2476946019408,50.7749943752348,53.7838793073239,55.6376552149943,57.0027721966254,56.6323056059965,55.40937868606,53.6178257217874,52.6188524235718,51.9526938177867,51.3780871924206,51.1341932272667,51.1059066444712,50.5475614690488
"9374",54.2337328164089,54.2131483212748,54.9160580993926,55.1076473853953,55.7059364849343,56.2968814440131,56.7841733493326,57.6447615937344,58.9400212527764,58.4225303581004,59.0416600415761,60.0553359229106,61.0060694442492,61.6043240382949,61.8255674750914,62.1013801176404,62.4371454920936,63.4872950279737,64.1379830361729,64.1516526891143,64.9030677361989,65.4755477423297,65.3587006057519,65.6668932553054,66.2512929985034,65.8576009718801,65.0745945608155,65.5488320811821,66.0722191508217,66.059166383363,66.6018664596333,66.8929352394893,67.463395934007,67.8090894093801,67.6918451921387,67.485518825161,67.3015761447246,67.5531636344576,67.5453834159324,66.9688941329282
"9433",37.4583894864317,37.4373733392689,37.9640567496825,38.133692978619,38.4156551257411,38.8171102951081,39.2462860034549,39.7523712619826,40.5256548065686,40.1701505614596,40.78785163301,41.1084312916348,41.9111436129828,42.2701183671977,42.3623973540363,42.7101099505266,42.9044165935182,43.6637512387776,44.0623942119076,44.1460987735164,44.163506493032,44.7853048109844,44.6252359390938,45.0414896105249,45.9507083229121,46.0078329442706,45.5701026500153,45.9048894337716,46.4039534656483,46.400897183851,46.7485987353219,46.6809281678132,47.1078231115722,47.2549500118689,47.1055563100734,46.8459643226122,46.8864210488469,47.352518411495,47.3883047804014,46.9727685556476
"9451",56.5735421045961,56.7119908832223,57.4314476391506,57.579643701768,57.8678137499108,58.376814290244,58.9891706029637,59.8642402613049,61.0828871354476,60.5405330974832,61.3131740654087,61.9581777875785,63.0221351348012,63.3941509776354,63.7243620499164,64.2130857740269,64.3868776880887,65.2617393624993,65.4755702544127,65.5309857738323,65.5860882406917,66.2024909192023,66.0223431183586,66.312068042354,67.1349071238922,66.8956105980796,66.0961234615091,66.4440420412203,67.0533412305729,67.2086808807309,67.7968483326956,67.6706389296994,68.1296051120914,68.2279260929273,68.1053053705348,68.015779520384,68.1170301289982,68.8834490364317,68.8098609705791,68.0819483017152
"9471",61.8208702653553,62.0141975730676,62.8252763481792,63.055229071063,63.5011987014821,64.2546371084229,65.1171831609258,66.2916293977012,67.9286454236253,67.4430743517809,68.5108618285782,69.3966529801066,70.7663146961198,71.3231881281064,71.9617800096682,72.7011274089328,73.040040170042,74.2512216391115,74.547965299906,74.821960734273,75.0380058212345,75.4820392447328,75.3004193964449,75.878616980933,77.1598891312177,77.1409426415991,76.3491679600269,76.9656729223891,77.8685493419142,78.1696673087477,79.0061008015388,78.9875129224398,79.6488169268296,79.8861817046181,79.9782212236538,80.070731329041,80.3535371562897,81.4493217622688,81.5458284597364,80.8223802060304
"9511",69.8665340830384,70.2920899479265,70.8337727375416,71.0139133340943,71.3404159280918,72.0142184771517,73.3033280738434,74.763982885572,76.4210390558154,75.7056576238484,76.4961606128298,76.3905718497187,77.1305398890755,77.2856678061538,77.5832234628447,77.7754675344191,77.9863780026728,78.9343987057317,78.8520041172398,79.2600627037017,79.4996816894825,79.8891985585004,79.2553275843907,79.3311030275102,79.8527753423136,79.6141592944908,78.655437711708,78.839553052941,79.5293119044026,79.7957094028641,80.429999651675,80.018161008949,80.3105204932295,80.3239455352117,80.5017309582398,80.7902030775692,80.8897974010084,81.8498140980161,81.8989783853826,81.4764204248819
"11252",69.8202994639078,69.8081181107574,70.2707551521451,70.119922373881,70.2562072265785,70.3891773043879,69.7046593962528,69.7004429732819,69.8040329334562,68.8813492404936,68.524638793019,67.9169114353917,67.5296710988944,67.4001568426901,66.88043352549,66.4820294993862,66.0721546529674,66.1780672523708,66.0245319568801,65.6958991996277,65.724770655723,65.5287990221627,64.8990367257758,64.1003779782258,64.2599721315076,63.9003840442163,62.8005525487914,62.9464171882773,63.0596998133412,62.6196779281221,62.7865095911822,62.9222976295664,63.1055627321062,62.9221105238296,62.559924742487,62.2640770776527,62.1536540902147,62.4509686195852,62.4124819598428,61.8154932996704
"11272",29.1488384787815,29.1590076635828,29.4498826651969,29.4869094931308,29.7127006710907,29.9850305275846,30.2754359100082,30.786779600322,31.3284060518569,31.1520063104922,31.4425405196778,31.9558626010996,32.5337009618574,33.221691210573,33.531815690653,34.0014866947164,34.5234663421287,35.589408636177,36.3284647995469,36.8564350801375,37.3282478715164,38.2163787004115,38.5172724386723,38.8559000053226,40.1473385523675,40.4918555164845,40.0140947217805,41.438297058733,43.1682351282116,44.1152030767358,45.334160765851,45.6332025044707,45.4138058040128,45.3694637427792,45.3729878039971,45.5156801786899,45.832662864231,46.6909632454628,47.3280668786599,47.3102856827984
"11331",46.2224281396245,46.3794032481291,46.9136385523208,47.1002901981904,47.71194954684,48.2039023464075,48.8143558248128,49.4968219749891,50.5533029704977,50.2069383258733,50.4334146225694,51.075757292022,51.5292901532187,52.1870293482531,52.1401462573266,52.4920564912627,52.7486889796379,53.5248116927376,54.034398719015,54.171691252344,54.2300457417783,56.2992315667613,56.6384538273829,57.1798815221503,58.3503037623087,57.9197295100467,57.0115892613828,57.4989783798282,58.0581982599301,57.816738888793,57.9246383706249,57.8434319395604,58.0051089153056,57.8703422858979,57.7879078354109,57.6643129937698,57.6430389302774,58.022079123933,58.1953024852341,57.9023700006351
"11351",95.3889650867574,95.6053074828651,96.7626641859083,96.8599851545217,97.8131609510791,98.5479435399416,99.1011823466842,100.265520795905,102.135406221473,101.341627834011,101.81352790017,107.83691702402,111.286763971311,113.762249899538,114.779985878356,115.797433450841,116.558545588013,118.212667948283,119.834836598623,120.098756938932,118.456927329787,115.691069942019,113.791626156601,112.858609371878,112.994983169204,112.193135191518,110.492965269197,110.05982312916,109.493852030896,108.209553773204,107.56487917439,106.825776362918,106.310583522923,105.486383735221,104.644682810929,103.771821850557,103.047588241456,102.975474355513,102.762232070392,101.712510959701
"11374",86.3856085269346,86.5315348967288,87.5470019506669,87.5875389661524,88.1858875006612,88.6595422799217,88.2612904989947,88.6888878998905,89.929192471975,89.1563388423775,89.2654282858321,90.9285747936971,92.0286008273546,92.8319079405759,93.0707702022723,93.2131039569908,93.2878768003299,93.9299763202359,94.7403163026193,94.8125213240621,94.6852046254442,93.8056022349553,93.0429995027078,92.9413606065514,93.4728387895125,92.9069122518282,91.5879424439007,91.799456093812,92.1527723097878,91.848656816706,91.9818064076884,91.9077568776036,92.3861562657016,92.4249279972024,92.0064248057817,91.4112159800038,91.1676376813422,91.6357531303558,91.9068612331173,91.2442797567116
"11392",41.1813514124278,41.2495060772281,41.8145425424827,41.9830566905566,42.3400529719582,42.8136329015856,43.2596683546886,43.7204864543788,44.7003031989413,44.2171680283874,44.4104710842823,44.833398002881,45.337034564612,45.8020000661285,46.1631569197641,46.4530059064111,46.7325949381178,47.412120337296,48.0960832127823,48.3159586648021,48.931417449783,49.9757132117121,50.1983620144252,50.4614257909703,50.9600369688794,50.6806822600751,50.1613275637931,50.6074404319541,51.1848138235944,51.3435295157133,51.8006047101181,51.9450813107775,52.2775226128615,52.3243384148452,52.4345951012664,52.440645533856,52.607530810071,53.1999915176627,53.4828017929014,53.1915772373773
"11411",118.418661739139,118.63321899001,119.925079118872,119.801783875779,119.76611296035,119.867909719188,116.595450153379,114.895041986316,114.32165353762,112.393089825785,111.236994046715,110.303396721077,109.549733472033,108.705903925288,107.673625601418,106.62147120589,105.49261100535,104.757352013123,103.918085000786,102.708900349547,101.594665373004,100.559521913303,99.2156540579024,98.2680999135422,97.8360319900378,96.527737053134,94.7608163827312,93.7479737348866,93.0648912750237,91.982198987252,91.1933744435408,90.1660768512313,89.4681795048142,88.4984455321849,87.4620630829817,86.3356591573686,85.2937180288213,84.7025128422318,83.8615267299593,82.5266447620718
"11451",131.511130820605,131.555360005739,133.06097339003,133.578111454505,134.283047602337,135.325582530698,144.765841154348,150.305562342336,155.619777634393,152.933241016938,154.195572641596,147.28543691831,144.681185161463,142.684215455797,141.035385686866,139.862261318553,138.485850781629,137.622661139847,136.426368151861,135.070502154406,133.686055375509,132.54683644536,130.806882843314,129.932762809404,129.845018272654,128.651584262921,126.542760643693,125.77635876455,125.582195492962,125.105994810455,124.862615505827,123.301050279165,122.930900917059,122.311246689746,121.494874685007,121.039562082176,121.888247055866,124.318132136008,125.268740401311,124.440503462511
"11531",61.928907091927,62.2599656886029,62.9108533362545,63.2188623298728,63.8021418814618,64.754038719409,65.240925342343,66.8442205119451,68.6721878063389,68.1335358154054,69.1605695675194,71.3626009288367,73.387173895022,74.4710670868186,75.188441125731,75.7293884480685,76.3760430515747,78.0299705037181,77.8445457118993,78.4105596788059,77.8852373951456,77.6915806424181,77.1314812011007,77.7367380340533,78.7284792699601,78.8344719088751,78.2498768220146,79.0227679354129,79.6466107981165,79.5153459911685,79.9711501500891,79.5553929324923,79.943157300773,79.7753871769833,79.8472767429016,79.9913688612367,80.0774531429122,80.8051901532797,80.969257456034,80.4017263277697
"11571",70.8254573571123,71.3718663348525,71.9852520633943,72.25445311328,72.8093764572707,73.6445310079792,73.8564002681113,75.6791127171491,77.4690654448534,76.3834806238773,77.2403280393792,78.4655052582517,79.6384150142141,80.6593961429296,81.3258661503895,81.5933911240897,82.0354745151174,83.507786543036,83.1931332824207,83.5955593107645,84.8194650829559,84.5807039395863,84.359348737589,86.5571756856497,89.9827959187986,91.5062036916456,91.1204691582641,92.1821529099413,92.2659103891476,90.8094744673645,89.5230627009173,87.8891806720105,87.2750933657155,86.3238266685516,85.611923798437,84.9120226283304,84.0798335166271,83.7990757965037,83.1792292624223,82.1315041729617
"11591",18.2659600105255,18.3938030437286,18.6110103031341,18.7288021366206,18.9270195051004,19.2582921834924,19.4730653925849,19.985863572921,20.4490219119136,20.219611310015,20.4070106284356,20.7752259032087,21.2361150660199,21.5480209750617,21.9240620796727,22.1981772755352,22.3975163445014,22.9979309478943,23.1279608966616,23.5114761420574,23.8141568177519,24.2293965735734,24.3213935127029,24.8533337261165,25.4927441951009,25.5934840316425,25.3982302217194,25.8232843554028,26.3603783297436,26.6762810048646,27.1837277065312,27.1533000617124,27.6363873796879,27.8560314096098,28.1829859320359,28.4481812651345,28.6298933337249,29.0975714017336,29.2781667511355,29.2958298903892
"13254",59.9001261330744,59.905025858094,60.3572120155468,60.4372437287756,60.8422314313664,61.5415147048756,61.9555476231788,62.9872024449195,63.9851176143106,63.5232505570237,64.040831236478,65.0036021819775,65.6541963340501,66.6992348961627,66.8827317738602,67.2153218501295,67.648736159841,68.9385934454401,69.9761040864954,70.7506696255409,71.2164285203161,71.5127896021571,71.7910308545876,72.1378151947612,73.5304614044914,73.60149351061,72.6441693723342,73.9641506567048,75.3842432760546,75.9624006970546,77.4135329297916,78.4180083247266,78.9539882330634,78.317214452921,77.0180905353327,75.4402820774338,74.4896643902196,74.2279072024692,73.8147219859187,72.8546941898834
"13291",55.2234122517491,55.2796418558984,55.8269494620422,55.9855804157737,56.4631727108828,57.0474298107445,57.6077161261413,58.4288712282762,59.4017282977125,58.9390732607729,59.3660448044302,62.6233568499479,64.6604615097584,66.25257137695,66.5639774042111,67.019538404417,67.6950372214011,69.0046566685925,69.5769178651005,69.3713538758596,69.2433650790023,66.9220785575102,65.6978270427058,65.0201976924999,64.9699860440764,64.3121610173141,63.0191645754829,62.6308819094962,62.3504271124865,61.7393065088667,61.5589306604964,61.3848554801446,61.3425665196087,61.042343026872,60.6213752644627,60.1844783406546,59.9578622295328,60.2559764235107,60.290639885577,59.8132743340282
"13331",124.239637171885,124.772823062773,126.105496295073,125.910027147142,127.142788079115,128.075504768287,128.904903863255,130.197577491395,132.365063869667,131.471732859812,131.934090246649,133.619308228997,134.50551184879,135.811454514694,135.759769678292,136.320057437332,136.657353378219,138.099997352783,138.839682808233,138.825256462325,138.629963741533,138.794125807576,138.203349745041,138.674372417167,140.821914455387,140.348082684781,138.796796122787,140.087803332968,141.457401022722,140.721033882057,141.63129817148,142.456375987424,143.597894765115,143.608649233622,143.586543709871,143.46930877299,143.591034240979,144.744309690895,145.331491171532,144.723514084766
"13351",58.5951623544209,58.7503080142863,59.6804487238576,60.0376882007827,61.258055640905,62.4738102142831,63.8848947262108,65.2631422234617,67.1119536254451,66.7392147387699,67.3113735362238,68.0220553398875,68.6730134174314,69.3511943259624,69.5449531680914,69.9160595766602,70.102907904432,70.7367886713342,71.6147790966571,72.0676086590354,72.0936919436687,72.6103163089976,72.8078083440241,73.463332750899,76.3410605740772,77.8739885318517,78.0438598106106,79.6053435514618,80.264640226668,79.277794778913,79.1114932754048,79.1214538275902,79.6930783195841,79.9378028389669,79.851188695662,79.1416400704734,78.0855781005274,77.6824167302962,77.350801974423,76.5130652775916
"13391",59.1891653708235,59.3683130010389,60.1437918156315,60.248831902745,60.6549417233189,61.2630428140816,64.6429712663335,66.7820684698555,69.5023403278432,68.8395499790906,69.4988428914593,67.8050841834675,67.2257589616973,67.04448872237,66.866114890151,66.7092572792434,66.5359300839864,66.6745465278093,66.9079634007967,66.736309574299,66.4966197744662,66.6657536423864,66.3440712847345,66.2070005748323,66.7359702541082,66.2251182778652,65.4190549312244,65.5039044817977,65.8315288635652,65.649077998301,65.8218549549593,65.8025356951946,65.9478797586394,65.7189410799262,65.4876617745776,65.2121091685984,65.1049283449715,65.5826920225089,65.7163427950066,65.2011201727052
"13411",68.4542585042545,68.6785327141386,69.5676487617388,69.7889679045164,70.2492366494283,71.0403533521738,71.7394933730363,72.4444113268723,74.00083317793,73.2624066011181,73.689683723796,77.0682985368298,79.1989784839156,80.6340794289694,81.4853958011721,82.239326335239,82.7820456284905,83.9173740488699,84.7440779828259,84.5712993493389,85.4910184796018,83.028575642078,81.5366622064154,80.9364827611842,81.0722916854143,80.2254716125947,79.0726362603555,78.7482900103664,78.7778577432558,78.2990841827631,78.2972016476268,77.9528050588567,77.7499296005122,77.3174054579813,76.8539127544281,76.3430264748564,75.9199066379445,76.108270857566,75.9380072243729,75.1223933400176
"13452",160.26360064196,160.689947113648,161.965734477371,162.92551889232,163.819903676009,165.756711582099,170.797278369153,174.257135609636,178.624096793764,176.178449997363,177.507483093326,176.368958721784,176.533233847698,176.444633265765,176.075382880697,176.265384100711,176.08956360948,176.759597640568,176.600711122771,176.139453333206,175.827778456557,175.437112418747,174.213050831823,174.618853038982,175.992593102862,175.023322110031,172.626800945751,172.444369674245,172.935577518859,172.664121518319,173.285973074098,172.482326143106,173.08100756122,172.958063715492,172.373132080429,171.757094117683,171.306460881777,172.261000697047,171.952099844043,169.953214295544
"13551",76.4063924603123,76.8848971781305,77.6613513350252,77.8115875944942,78.4925359799412,79.3547895641449,83.1162140549635,86.8945477005299,90.0190564386508,88.296681843861,89.0986185805007,86.7782212210847,86.0757027878401,85.6733941171429,85.1872901836617,84.6193107093227,84.0962754141971,84.2008456360814,83.3001298927992,82.7892736662126,81.7490339128761,81.3935298840064,80.4499201863407,80.4034576085641,80.7653143909169,80.2678463437561,79.0739567108623,79.1471980396901,79.4142068136543,79.2788381819967,79.7032074830696,79.1606296272133,79.4842374522595,79.2356498076929,79.2059077195599,79.1688985929233,79.1694260833857,79.8311188433898,79.9550162574011,79.3966039336174
"13571",24.4884125345096,24.6298522292009,24.9632730393833,25.2178377826463,25.7381860879984,26.3965318356742,26.8327460089845,28.0030938063045,29.1904251811091,29.0338758822233,29.8809656316214,30.8982136705816,32.02084452566,33.0533402622178,33.9784680760532,34.7144970311984,35.6118829514155,37.2152576143014,37.6683766867269,38.6370213945309,39.499277842382,41.4613857598152,41.8045017774306,43.0070329581448,44.2996399059113,44.4109443589461,44.1128752272879,45.1377880490304,46.2715756370745,46.9289649746607,48.0913329467404,48.3047981984805,49.4528462465859,50.017230846788,50.810079174149,51.7123009942886,53.0141909510171,55.1053928421356,56.3580372833107,56.8612242543051
"13591",129.205097938457,129.990506452672,131.313996991108,131.657467383219,132.738966099238,134.50007397654,135.349251944294,138.617924217259,141.336380776669,139.642864593037,140.708884024176,148.290668814892,153.638501348948,156.754332779498,159.615237385052,160.982123080768,162.223502339845,165.877425012448,165.424233529732,166.695709737521,172.69654252517,184.630741878969,185.111654461437,184.028064800568,180.545688667348,173.707352375339,168.750186214323,166.447310503031,164.866492344362,162.830910099969,161.505341426662,158.996401621554,157.899412522202,156.348817335905,155.266046940345,154.346381544081,153.191572347206,152.758534011841,152.46107332061,151.057310458418
"13611",51.4972963749827,51.7810508024024,52.384893087411,52.6377993794153,53.1623016202057,54.0210824707417,54.5542902587589,56.0620753923698,57.42399053578,56.8711454892709,57.5563909989022,58.6033234982671,59.9126305724525,60.725707800973,61.663325623441,62.275504460478,62.7659064402154,64.3083522557189,64.406609313302,65.3572470893824,66.1582968220577,67.2831573090368,67.6074767016829,68.6043752395171,69.9959590598114,70.0614378081619,69.4735596718947,70.534063914759,71.8562237580937,72.3330989939545,73.3586095736761,72.8847251445654,73.891286699368,74.1970489003417,74.7793809628893,75.385865986602,75.9179067444854,77.2291245063701,77.6956704429696,77.6922588150568
"15291",81.99651083905,81.9846223423824,82.8082055656767,82.9415716059037,83.405095785251,84.1845985911462,85.3808406384684,86.8100331602416,88.2663776259184,87.4678771588742,87.8287548349305,88.2185837021488,88.664337882826,89.4538657886807,89.3769252209594,89.3483118950406,89.5754030344949,90.5452463459584,90.8003795311625,90.724584035579,90.669456142993,90.4643448921205,90.2779276564275,90.3684488148267,91.478481830754,91.1497379911016,89.7219875101293,90.2008340219274,90.7057942030423,90.294852753003,90.6928199399143,90.9942803518943,91.5133622225565,91.503965938372,91.275100251868,90.9404724201594,90.894025571945,91.6313820322304,91.4777032617112,90.7212104287838
"15313",68.136110180812,68.2297168962391,68.9473989795957,69.2167063636328,69.93666310106,70.9423026531332,71.8947516408876,73.3727486664845,75.0323826090024,74.9321324850361,75.7784107681146,77.176030193706,78.1672652816174,79.7097152615487,80.2462832532756,80.7852660644534,81.3981379697834,83.1485211626024,83.6157256540818,83.9928589210104,84.3185962554001,84.6283707826086,84.8663734998437,85.5606629598475,87.3359167079636,87.3406603612773,86.2478162306998,87.3312752469064,88.4355747983692,88.3547870619964,89.2430276618897,90.008440197242,91.0499503311874,91.4607277438847,91.5612484537705,91.5904012909434,91.9636184560228,93.3155022416786,93.4549538618563,92.9336571513434
"15393",83.7759518094335,83.9445887567675,84.9275802965631,85.327222760502,86.0520719553334,87.228777093842,88.2260183375677,89.4935637695525,91.7085358623375,91.4552401987335,92.2590475552591,96.418141544547,99.0346877617509,100.978431281332,102.005699920183,102.970912151536,103.413126058691,105.125567694939,106.605098569581,107.091135511383,109.272893422167,109.861415230756,109.165288333866,107.730439997936,107.806194900367,106.909871088986,105.642626889525,105.911669947243,109.094716819809,113.130356192795,118.224497930614,121.263452644647,122.53240964767,121.226437382195,118.333549780874,115.294281426534,112.566334500393,111.236182056673,109.939531393917,108.079927116154
"15431",218.097132354261,218.813178138316,220.474933675035,221.944563868893,222.478115313032,224.937515812137,227.492035769578,229.946949548169,233.93882644324,232.003685954027,233.235803714001,238.295322201406,242.100970739408,243.850071308731,244.874545808314,246.214685701299,246.592509076831,248.882776659437,249.162355873862,249.094377825803,249.905514185023,248.365063420817,246.660178883659,246.633905508174,247.572341021451,245.357779402353,241.789694388469,241.425820502738,242.144929008723,241.624667186491,242.079462338731,240.729357260165,240.454666584979,239.800670885312,238.449241035679,237.281990663096,236.153594,236.744298316136,236.17557477983,233.487446631895
"15474",99.8058299238981,100.221951584122,100.613263456248,100.536238007011,100.754515446898,101.287979819787,100.069896898744,99.6668386420607,100.087684640096,98.6464669476386,98.3926251957594,98.6459795045211,98.6981678529437,98.6346081113116,98.2875912550872,98.1765731719052,98.0436246827826,98.2717526131482,98.0306985463034,97.7449442521415,97.4988041832226,98.0951318842886,97.5645087062193,97.6870168250704,98.0758266152834,97.1152938816957,95.5582147527893,95.1989127595479,95.1514379054844,94.9440348039059,95.1315237207102,94.4528776480252,94.5487499986587,94.2759563605985,93.7448364431076,93.2438170227224,92.8069620358305,93.2288839995885,93.1014097123087,92.0348558323852
"15551",57.2346121332799,57.6009957328943,58.1853233277136,58.3063225565991,59.1761010146808,60.0031871520706,60.7117421596531,62.1926294674495,63.9377034168122,63.3134424248437,63.9279416293434,66.5076010039448,68.4719326133599,69.7527864784043,70.537404632046,71.1747571640385,71.7097436177642,72.9590316612034,72.9336994127648,73.2696083186365,73.8047937496797,73.1128055647957,72.0056144658769,71.9856648087015,72.3347063928512,71.8140571845888,70.6702457333884,70.8523154296953,71.1399760699257,71.0145525230956,71.4449798360422,71.0136487239146,71.6144552080714,71.7828965841466,72.1483425206663,72.4557947939431,72.5654488106197,73.1877527097804,73.1888496048205,72.6367465822161
"15591",89.6032997017467,90.0305524438555,90.9088206311487,91.0836665899793,92.0103902631529,93.0507717992157,93.5647645559268,95.7365028413141,97.7130386392842,96.4715285444531,97.2292784705797,99.2793021603405,101.285301594554,102.332455170228,103.104779835386,103.314248017081,103.681558194531,105.114736278059,104.535308211601,104.91772581495,106.252894117836,108.422969923473,108.397179333357,108.826948359092,109.445301460653,107.971960673556,105.497847763882,104.646503845463,103.80904053087,102.231246046267,101.460485206861,100.028254983405,99.6322586298445,98.8084645012996,98.2415336637862,97.8618327798757,97.3656665932993,97.5356543369759,97.1909977443798,96.2854339505796
"15611",41.7041512794345,41.8946827143514,42.3942331915635,42.6606518777255,43.2893707951137,44.0791425320352,44.4462791958462,45.6881331696443,46.8003021991339,46.2419642105592,46.7615163963069,47.5005236169071,48.4722971584419,48.9748506113008,49.4309467878187,49.6922025947175,49.9826069878996,50.786547220087,50.6454211488143,51.05633832469,51.3031762154693,51.8412627680614,51.9210922538303,52.4045597504694,53.1818545465596,53.0416252993912,52.4438183265809,52.9268595930411,53.563633557058,53.6367967658902,54.3959017443978,54.166481542602,54.9208949028488,55.0375290419061,55.3147604015827,55.6837008013929,55.8382573544328,56.4815494571815,56.5625214629547,56.3607384994197
"15631",7.53362144840028,7.57983018387937,7.64264555119735,7.65683500275459,7.70456724804407,7.76524490474953,7.77438941046502,7.91680084870515,8.05008757400919,7.94100640637242,7.9779445447477,8.33722709517209,8.99454548184711,9.69374880000617,10.5725212310884,11.5285733330649,12.6031348477716,14.0780160910703,15.1910551906142,16.8707517315725,18.5480384819565,20.2909164796154,21.3756122955974,23.1339216988575,25.0302174797205,25.8832375488289,26.3783390716173,28.0878804455904,29.9738706719643,31.0724009488049,33.179263239774,33.758110686831,35.8025758968847,36.8792934948955,38.2563963779145,39.7800262334473,40.8982719222067,42.7051275190787,43.6424301511376,44.2651024859287
"17171",64.6706321010067,64.6098622402142,65.2160706534634,65.5481747775099,66.162772377448,67.0869830704347,67.8588644440471,69.1339334846358,70.5352721511214,70.3133760268885,71.2093976609353,73.2510059376416,74.4272013617921,75.7543779514429,75.9945203410354,76.3241513452922,76.0999069356008,76.7502141819649,77.2862724941994,77.5191838680862,77.1781666358886,75.4998491198967,74.4043449130353,73.7776434680838,73.6141581950661,73.2474012392972,71.9370551454301,71.6266419659785,71.6186624797191,71.155892771551,70.5627448422089,70.5999828662766,70.5627240793729,70.4865027423497,69.8389601236564,69.2442571893402,69.0323961182727,69.0247803391241,68.8344907729773,68.1793562296522
"17252",53.6608235869116,53.7718945295105,54.3494706689244,54.3943150654465,55.1214517871151,55.966276502237,56.6616099123739,57.883276614665,59.4016860287152,59.4242493468354,60.4093293268218,62.827017945327,63.8837759634255,65.63189765047,65.8872764530865,66.5855284358685,67.4059201982485,68.7647975260534,69.2387227971843,70.197815433968,71.0698806444976,69.846242215764,69.6502593144259,71.0780043716881,74.9847549216274,77.19948128433,76.6555357063196,77.5786085087909,77.2604627597261,75.4315926022823,74.3972073344216,73.8999196691354,73.5541562634872,73.1186514262995,72.6210349078149,71.7677778908898,71.2712296451364,71.2729388261827,71.0378750288021,70.2609063218229
"17292",84.2680707452502,84.2756920173855,85.1716791441066,84.9249842455297,85.4830716773041,86.3852944361165,86.8491434501331,87.8782804618882,89.1547766880754,88.4436045214582,88.6624113780499,92.0876453602704,93.8059458861481,95.7704109754944,96.1962005042892,96.6487467529369,97.1772749661849,98.5232409186794,98.6535729887805,98.87111440741,98.7168486263335,96.2500364355351,95.0505151594203,94.3616213297964,94.547963384111,93.783879191875,92.1948993223919,91.9643129785685,91.7835288269215,90.9670356030147,90.778666241623,90.4768265137714,90.3590061195182,89.8311056158092,89.3518085932824,88.7935443424586,88.4068155184038,88.6973945209486,88.296728721161,87.3705804130693
"17312",73.6118293525911,73.7260989558576,74.4831628453255,74.4069398453915,74.9423564278251,75.7357880632697,76.2124270347711,77.1833488106575,78.360453270695,77.8238151455211,78.0126758565905,79.4306413283038,80.0962116557219,81.2841559372306,81.4342058244268,81.6945704934047,81.9786949251328,82.9413531481893,82.9314464247886,83.1954382031923,82.9110703275685,83.1498294222784,83.276744681807,83.7300122787193,85.0198144857848,84.6825348669611,83.3311466255972,83.3686933552756,83.1419989775908,82.2872332733025,82.2066321154518,82.0144371154909,82.0538966178227,81.7942103068016,81.4308411547531,80.8596941380974,80.4642584370717,80.7897829960996,80.5301252998944,79.7596464413657
"17351",14.1400481095385,14.1766425658755,14.3910814268663,14.5305554134081,14.7775749823985,15.1416181776799,15.5706092347355,16.0819889818364,16.8676924689631,17.1204782704269,17.7886579484172,18.6339186249437,19.4149823786795,20.3643278247298,21.0496757174181,21.8451326670717,22.6453808967028,24.0607145026367,24.7785728841472,25.7570002287054,26.8929272469304,27.834521461919,28.6791052772428,29.9287025213209,31.5774712473755,32.0424778407515,32.4915645172956,33.9210810030025,35.2863104997236,36.0938870536724,37.6171141506032,38.8198380414215,40.2667861158449,41.2588854473097,42.2322424829469,43.0582236885448,44.0761469927674,45.9039285813768,47.2875131623832,47.8645998493766
"17374",132.810033192514,133.26816373821,134.725526365856,135.030855903139,135.848520536189,137.407234498328,139.465416772968,140.853513670553,143.35756314605,142.223153822738,142.976944460289,144.987216140077,146.082545089455,147.117990456523,146.979702202375,146.917982199882,146.463981579301,147.472004548811,146.712781358804,146.293588558159,146.181625298235,144.322412018382,142.500130441674,141.339069679842,140.75184015218,139.007592425428,137.016348619893,136.264912917489,135.565104015529,134.23539485708,133.667671271133,132.821336478392,132.36693941173,131.668990621383,130.976856052047,130.211359275582,129.657780142997,129.994496287004,129.802407359143,128.602205802429
"17391",135.620242414046,135.843756270089,137.343939543288,138.087152992684,139.100689798232,140.790079407568,142.259627792122,143.595667397091,146.272998052495,145.580023338018,146.109094904075,153.971717921508,158.537590438011,161.211613838475,162.57507228081,163.7590602499,164.110423101274,166.259892296104,166.574802972091,166.86071122771,165.197345158137,161.326983195146,159.335794238391,159.039774133538,159.672664433481,158.498548898945,156.668860223672,156.63204118308,156.794866878306,156.215815586326,156.76983669323,156.832638425469,157.689385575784,158.74281831766,159.06810462726,159.020942075675,158.537330733643,158.829039490558,158.088286249928,156.390089419424
"17411",104.90776617254,105.128832242651,106.259048490568,106.777488087242,107.524851109514,108.635017665322,109.771291313405,110.856373054486,112.797330126466,112.278481030169,112.611989768297,115.045001247917,116.753534022382,117.683315500053,118.310851561431,118.881960122353,119.156125349955,120.537207997558,120.829059281138,121.217151115798,123.996959428899,121.795627554042,120.851616523811,121.363528762023,123.496464515033,124.441560588054,124.971032539805,127.943800932957,130.6400356254,131.360051018177,132.023628094799,130.333246865972,127.864220461779,125.74981495602,124.027503693959,122.778513201512,121.498792293259,121.453086044887,121.276859629622,119.989153300239
"17491",21.1028130669054,21.1796823303928,21.4618525081991,21.7885771617009,22.3353292009501,23.0643792996567,23.8355738705521,24.7762260005916,25.9604301186562,26.0148732474742,26.8087178253713,27.7674122184378,28.8654091837033,29.4267338168716,30.0507965395371,30.579344395558,31.3289119313908,32.2373117723012,32.74968400731,33.3952005440302,33.9401297505213,34.853657787065,35.0998219573974,35.9058393894872,36.8638349727127,36.9216611315812,36.5182950673023,37.0951837951701,37.7637462748576,38.2127096680315,38.872790271946,39.0134722819969,39.7779120704357,40.1647238715722,40.4108953747948,40.7360251568933,41.0695057543724,42.0601289029347,42.5700718287284,42.4812650808724
"17531",66.5484872904678,67.1694640841796,67.6639541599098,67.7826835719017,68.7176287184023,69.4692250565413,70.3115105337082,71.5853766866352,73.5309910215833,72.9296397296956,73.5655183809048,75.8184267181508,77.5511975073782,78.4395618569622,78.9628424109016,79.5508780022509,80.1198130085637,81.1919846898417,81.1723101819472,81.6114491447261,81.3959106011569,81.2642831591741,80.6073327556476,81.2449491861584,82.7027081378955,82.898108481583,81.8337033503335,82.4615948250225,82.8261385076689,82.5421414545895,82.9229333935659,82.6410420417245,83.3784029198314,83.3224755225714,82.9599557140752,82.5994987180986,82.4024836320131,83.0932073094833,83.2518541028623,82.5670399099922
"17551",82.6276705284662,83.3695552043957,83.8665373319509,83.9086228371854,84.8977308357276,85.5261369780194,86.3566636926658,87.7968042058054,89.801348324152,88.7456327051945,89.1702534772284,92.0727117706979,94.2722295827832,95.5235338407687,96.1843902909259,96.2825190345067,96.9331126326275,98.0780148229805,97.6613240527638,98.0484431785884,99.0263369683163,97.536025830943,95.6433080715857,95.0021522222582,94.9953777931133,94.1427636736302,92.4705834000567,92.3870486683644,92.362119389223,91.7699596609205,91.9029373973905,91.117728000212,91.2691944638315,90.8289900209667,90.5154112076766,90.3703229068077,90.1188332314613,90.5926141049468,90.409267495846,89.5682552209038
"17571",70.0031461043936,70.5422937675829,71.0697137499207,71.3080497681173,72.3117604990211,73.0297569762837,73.7218709233926,75.1531822724566,76.882595789755,75.8848349455588,76.2581421703478,77.1890029676103,78.2994732585495,78.9733242955443,79.4144691297187,79.1644989262453,79.5602250834044,80.4982819587279,80.0957443184253,80.5449175941461,80.3830449927253,81.0047681974752,80.4558040946661,81.0434247025504,81.9809907627286,81.6482195980008,80.4601236870483,81.0444383310155,81.6501042479401,81.5409039382718,82.2577080496825,81.9723287466093,82.7531838392212,82.7298331694142,82.8144361625804,83.055152227304,83.1057859680651,83.9127305881767,83.951402898304,83.4008328532808
"17611",42.8488567964123,43.1562051651298,43.5833990636919,43.8507644759988,44.4229950898322,45.0151109512008,47.1501186240261,49.2504377505059,50.839398489323,49.7343718943768,50.1174068639936,48.6486856793263,48.4102247651296,48.2295637781046,48.2202880433058,48.1178615841772,48.1121238231862,48.3841079105646,48.2836809223687,48.5419991494469,48.5495074178892,48.8477830679317,48.6559381719352,49.1365326129846,49.9602619034394,49.989324022415,49.4992983836579,49.8542242230183,50.1585544493782,49.7292381465739,49.9696231482489,49.6267980250855,50.0756957751733,50.0455748037431,50.1631527952188,50.4537056665334,50.5457583863836,51.1423837386198,51.2594308324414,51.0609381932972
"19191",26.456504979082,26.4502827936902,26.7514874218151,26.9772722650929,27.3612481529569,27.9193037733867,28.3426093542841,29.0492884269183,29.874742164211,29.9310168695932,30.5984403740415,31.4886551018576,32.3234220178084,33.3402118486998,33.9234420705399,34.8121191085037,35.5227195807931,36.7322133729353,37.8718386841416,38.8622137667711,39.3743199525594,39.8391934690591,40.5306794949891,41.7170053337396,43.6828086993965,44.6640843582985,44.1678593767767,45.0452248551047,46.1282773672522,46.602674766698,47.1276680493527,48.2277971377216,49.4706142065067,50.6522690015365,51.0902343807762,51.169936720385,51.4613048647587,52.3046231819609,52.7213399061155,52.624143449809
"19271",96.0778547801195,96.1383210172755,97.0121719115564,96.8106175272528,97.8127190634695,99.0007586726972,99.7731992642478,101.258776648976,103.272501577493,102.878392103314,103.846684769048,105.422234819437,106.089552196885,107.711071918519,107.803215270432,108.365366881118,109.218254785128,110.693804797889,111.215823605219,112.229415223812,112.420403991194,112.402312784206,112.720900432542,113.261269060415,115.37957929229,115.484854915856,113.87439665189,115.049856217108,116.086984626608,115.901666185027,116.959877449255,117.817645762321,118.713221288159,118.725056106596,119.05660539885,118.873851494215,119.072646818592,120.264158271153,120.372481802203,119.605230540652
"19293",50.3988881660682,50.4797864453816,50.9970923504663,51.0264557620924,51.6874644027163,52.6031110298226,53.0913313736383,53.9816421537153,55.0703064845101,54.7819637488339,55.1749157747208,56.1353309274079,56.6477133792104,57.5483098717982,57.7101337359671,58.0704676953971,58.4589565627228,59.2710356028498,59.5188064124894,60.0032028734638,61.3809299141148,64.267026866247,65.0420657112655,64.7495003219979,64.4401373843791,63.0165068455751,61.7625889899193,61.7656926811453,61.8132581499457,61.4599998683099,61.6181131178572,61.4144376869228,61.4895737118828,61.3618175818192,61.3881645129204,61.3041725122103,61.2609981954246,61.7139045450422,61.9114752535353,61.5613372484912
"19331",44.2168213512324,44.3321601745688,44.7966569718965,44.7459280581578,45.0473934687459,45.5148845498432,45.8164123735029,46.3563020020877,47.1818786835776,46.9559452005364,47.1982805124737,47.8204796445856,48.1246725534487,48.7555923750955,48.7879548288564,48.9021367687177,49.0831147318857,49.6194591679116,49.5770848214191,49.7559430731535,49.8425808026421,49.8644720570558,49.8473229478233,50.0673955754293,50.6490242061336,50.3772388142413,49.9505962035851,50.2814670164462,50.5259699127222,50.3468293683559,50.6314509056032,50.6855757817102,50.9655282410793,50.9403504915425,50.9844617243386,50.8972141562854,50.8082590189015,51.2267931596204,51.3178982791689,51.0164066578334
"19393",32.2432848324125,32.3321730416669,32.7764201612341,33.0306937275699,33.4109246006212,34.0591727866119,34.6459407386006,35.2310854313715,36.2230497043242,36.2737952778274,36.6831037388279,37.6202878164532,38.4441051431603,39.0840777931657,39.6268705615765,40.2183313952242,40.6966342658562,41.7156256557758,42.2345625008174,42.9623921309357,43.7766115457762,44.9551049913308,45.1563021061866,45.7682741773138,46.9718966123582,47.1418882415843,47.7187040065852,50.766247997642,54.5665865273346,57.4636389834513,60.2771764539189,60.6056733490359,59.556412811096,57.1926847369807,55.823348140771,55.199813817981,54.7984339350225,54.7953458895877,54.5856522087484,53.9601257698429
"19494",169.808821743731,170.883574498273,171.286369780184,171.699069437625,172.573819800528,173.994377580974,184.512980743738,191.001568638196,196.791419153853,193.847663141325,194.497376344238,185.992339188607,182.326287323105,179.680134863177,177.572118138177,175.67316913712,174.15824631136,172.984192409473,171.298604752193,169.999727492717,168.473396485593,167.02704346623,164.421593118509,163.16107309056,162.641999303525,161.060486079883,158.192376482755,157.175917707606,156.364372524018,155.158244613331,154.842639412079,153.259191646847,152.765789445405,151.712964954221,150.322701636231,149.056642690142,148.075423212573,148.644852978102,148.376432488293,146.781222399718
"19511",22.204830662348,22.3079555331581,22.5872496815029,22.9469120411155,23.5627027520753,24.3533719638998,25.1159010172455,26.0360712153651,27.2379091600154,27.3086982286633,28.0436044305521,29.0353129059196,30.096427337442,30.8098894280032,31.4300494305635,32.0322805090232,32.7723838144204,33.7118509506812,34.2546739369079,35.0165468711687,35.5580867834198,36.6180284364585,36.8431183884674,37.7010141947962,38.6493166009919,38.7147816675205,38.3051575466894,39.0986941912117,39.9062253465857,40.3767363605175,41.2867352325665,41.5773883993049,42.4956022669374,42.9255554857434,43.1911202161645,43.6003361066983,43.984251031341,44.9860918049706,45.3869072408305,45.2700464136295
"19531",110.544378643425,111.605496020271,111.933087699928,111.475705208285,111.668939564896,111.561656457134,109.748355812705,109.24233438514,109.408484737766,107.779676142537,107.112007991713,107.03338399126,106.916719213774,106.471518393388,105.781409131023,105.142103788364,104.41673134478,104.05423802354,103.061859418038,102.403003295136,102.885191355068,101.148114239269,99.4404746960239,99.0262591561558,99.1093756824558,98.3418055056779,96.6141966489697,96.6072786028947,96.7198066817612,96.2948399840721,96.482427908957,95.9582982037857,96.3138651204375,95.9900942597693,95.5254974431322,95.2854674341382,95.0696884950886,95.8054633620757,95.729589635829,94.8660423367069
"19553",11.8070040227279,11.8719441759268,12.0851669950239,12.3657635412918,12.9081058931565,13.5071455772471,14.2861755024048,15.4111739218511,16.9150403501678,17.3314393797345,18.6066137133114,20.2132230349517,21.8451424831198,23.2610215861429,24.5428294114046,25.7090454281525,27.2240891035716,29.2629536831923,30.2796193386256,32.1012665967086,33.4079295093878,35.4035711567298,36.0768924609993,37.9485246334148,40.2072876050631,41.0510465784001,41.0598608981673,43.2135679423754,45.2500728098739,46.4721256586499,48.6022828273098,49.6390292448751,51.829305432699,53.0711214905693,54.3216190095757,55.8354557588503,57.1683463715978,59.6477452435937,60.9323908979841,61.450122278804
"19573",55.6515084788048,56.173129856945,56.5035868948255,56.6278096746405,57.3611884678425,57.781145331403,58.215967836313,59.1663309054205,60.3993107727301,59.6245553412091,60.0020184982016,60.8058533433075,61.7273537002842,62.3477918351212,62.8640939283552,63.0449394481784,63.5718789819781,64.6098146905481,64.5857271749843,65.3252746034041,65.8220453983964,69.4286421930256,69.5569292363479,70.0591416316898,70.1047947602326,68.6941229925034,67.1425978684449,67.2757910805037,67.9207605998929,68.1160741066906,68.7248834290363,68.0172617985099,67.6006046852876,66.8707566576441,66.4115432298361,66.1417044076039,65.8545497341908,66.4846514780906,66.5662172116456,66.1076154213611
"19592",103.655727163752,104.579117163563,105.378354419636,105.896603586541,107.236756308072,108.253141912896,108.90597862431,110.708161522895,113.103865519772,111.467249560061,112.380467041513,116.990718115787,120.576215830799,122.243323074555,123.475031102655,123.815100980525,124.522934539593,125.961071860446,125.485431042169,126.037350545807,124.2478452692,124.928291008048,123.612983460931,123.242038124043,122.994537612548,121.468991429349,119.617582821903,120.236032321834,121.530090989532,121.592055458049,122.531060147937,120.925471555874,119.910060461866,117.499349799878,115.571998673888,114.250713964873,112.837861411692,112.025510879168,110.759436505156,109.080494748983
"19611",87.4775613981976,88.327352716904,88.8629882005734,88.9820168249542,89.5572651522466,89.8902005662982,88.227542064713,88.1764354637025,88.5580026861154,87.0880177598645,86.8465785247325,87.2418514150027,87.8485134433633,87.7676587349076,87.6736606353858,87.2553150146386,86.9105005096256,86.8712999264327,86.1872411545204,85.9277011853966,85.0872078551699,84.8637621990443,83.7246037385454,83.3177935096446,83.3448052098848,82.5923474710204,81.3157443004856,81.0823487716173,81.0150898358467,80.316433336284,80.5244346607618,79.8986161455324,80.2130344392824,79.9074585621761,79.7419950180678,79.9204255349581,80.6977683919637,82.5879018877249,83.352202090966,83.3910086306623
"19653",68.8843166127583,69.3532590205061,69.7983103333335,70.1723643015182,70.7970878693188,71.3620513812264,71.6204172361284,73.2134116224357,75.0617735834093,74.4770411468221,75.467427229314,76.8031573652197,78.7362834925465,79.4064073425974,80.0914484335102,80.6723018678938,81.3548096721644,82.0652432494321,82.1662277411876,82.9585711939735,83.8377144733196,85.7237231700633,85.5717263997752,86.7996075744599,87.7616071655846,87.2077042498119,86.1068746136936,86.7584609276569,87.8055108127351,88.2321494276715,89.9823534189289,89.3126868677098,90.3871125645837,90.0325213947102,90.0387004863211,90.2271841547588,90.1708369476652,90.9422466316846,90.721215997381,90.1178612626838
"21211",36.1545811860631,36.1896398622306,36.5471162854813,36.7248549259723,36.9861865811462,37.444733072921,37.7952383940184,38.4713246893567,39.2751139077695,39.2565435123853,39.8469263514444,40.6121058752723,41.3411787707507,42.1125850564823,42.59633970854,43.3889608874372,44.0286974522336,45.0147564943466,45.9105413649997,46.8743506154413,47.2538055123819,48.7861229080367,49.6931735368653,50.1648931400583,50.9120000934042,51.1307146260708,50.6048746256665,51.482918526322,52.4477332797226,52.8756071331822,53.5640223414641,54.3754303019875,55.0175800589361,55.4370146298064,55.7021810258426,55.7932045462328,56.3827697240543,57.3963948794344,57.7435094849669,57.5987365447813
"21251",76.57483559155,76.8553016832098,77.3588168138374,77.3107999009727,77.9356362932564,78.6576888224906,79.1084861268584,79.9937925834178,81.139448528895,80.8863507473607,81.3117024482233,82.6066717324128,83.152403008432,84.2182368466326,84.2803384963079,84.7180570170162,85.1260430391527,85.9553296373217,86.1049603397791,86.8733411299523,86.9093969221299,86.0669725176284,85.8416117879747,85.9155358207338,87.0909749598802,86.928500890247,85.9223429865632,86.5867238774492,87.1714762766938,86.6919635013088,86.863231210588,87.0146970654798,87.3211284561197,86.9229212317714,86.9087485900669,86.5326044769734,86.4543031398867,86.9466131710455,86.6479255144019,85.845343873909
"21291",90.5760718367627,90.9839469970108,91.6430431262683,91.5501902536992,92.6303194165876,93.9850370229702,94.7695673068985,95.962382524625,97.6284201441035,96.9698631065876,97.5060709557493,98.9305017295829,99.6106475136102,100.973307998519,101.057279483645,101.667698623422,102.190528140424,103.349046213208,103.55725147763,104.358631479721,104.553485180584,104.391270964776,104.518353839543,105.113042262476,106.736415205736,106.320912407269,105.152596901491,106.136776433,107.018023857287,106.906177089108,107.731859727043,108.139966825889,108.861643586923,108.799744817233,109.063025964336,109.060694492163,108.916681947388,109.836292285838,109.865880399913,109.199564430036
"21332",46.8225339718214,46.9048747015713,47.3691255875128,47.3621903144299,48.0254375191548,48.7368109110667,49.1341337007604,49.820959269199,50.8745942517207,50.6409837443448,51.0289163991281,52.0759752368836,52.7290077250285,53.849524718105,54.1716109400394,54.6755317992954,55.2498440075294,56.359038197221,56.9058013132661,57.7161940201597,58.4186793019745,59.4634111976791,60.1848798684838,61.065906281135,62.4483376115577,62.250023488701,61.8993023274263,62.6614392609333,63.3622940222133,63.5382005484916,64.3868708078464,64.8668671830083,65.6546385044453,66.0171586452915,66.5019996779925,66.9517336259506,67.5263846954088,69.0450240786114,69.8540471070505,69.9121378631952
"21411",67.1681133333179,67.2926732474374,68.1194330688947,68.2385755626911,68.9044139665389,69.8081230317756,70.4156920675613,71.4388255866466,72.929823365413,72.5734989865802,72.8918631587643,74.3088142532639,75.3647450500006,76.0211453509406,76.4255197537929,77.1160946193413,77.4145320740453,78.3860675721109,78.4934798175133,78.9222509348439,79.0065314063127,79.255014298156,79.3053269915895,79.4982849287199,80.1187600240597,79.7035055631978,78.9884680552804,79.4118775338241,79.9331816785173,80.0849159280968,80.4815710712113,80.500549510441,81.1200036922664,81.3863998357704,81.4827446137647,81.7462155447351,81.7589503128473,82.6188870675597,83.2513846340701,82.8328593243251
"21431",40.9671725599186,41.0783172435379,41.4916320375093,41.5458982725468,42.0607470171975,42.5432325157278,43.1260547436677,43.7260340315498,44.6324777458476,44.30446871539,44.569739758762,45.3737224440102,45.9752000369451,46.3541656139337,46.4555128098192,46.6920712287181,46.9674984558515,47.3421982276231,47.2493312900265,47.2186922195362,48.134818512884,47.4944426467988,46.9902205211329,46.5125442260772,46.5336509598603,46.2261552460337,45.6946947695022,45.8266534060489,45.9343040401426,46.0046488478243,46.3538330774179,46.3965674556156,46.7289866304671,46.8045277933926,46.8025128179592,46.8116991319199,46.7636492418202,47.1936050415623,47.4008333480651,47.1035394052844
"21511",50.3213063652031,50.5875080882527,50.8359004902845,51.0406639497543,51.4974200581014,52.1400517105041,52.636032640483,53.4143891684291,54.4065481002713,53.9914989136531,54.4245657333666,55.031231804158,55.7774539335968,56.3099768521374,56.5522067548641,56.7965509822389,57.057267680973,57.6093535096082,57.618808117013,58.0697998117101,58.6050237879098,58.6772244867213,58.2054583076624,58.653362948999,59.4707207265231,59.3919861539616,58.548436476997,59.155404725559,59.6636284440745,59.8882994713822,60.6482187196042,60.5510395526075,61.0926803471241,61.1987431476551,61.1775574894892,61.3240769928699,61.3947321958793,62.3319386279083,62.698223666064,62.4145449737386
"21531",62.5044377325872,62.8961445631446,63.2091712359322,63.4877195898729,63.9966456321243,64.7762350527696,65.418103826243,66.545906573126,67.90239494802,67.2114227004985,67.9337484721322,69.3191103164335,70.551193072752,71.2979465687996,71.5504556921,72.188262819216,72.262398412684,72.9136868464942,72.865080678917,73.3529569474786,73.5487950739847,73.307575938971,72.376549882299,72.6837335452569,73.3882265863798,73.0418336965108,71.6752507713863,72.1617236874116,72.8648937995456,73.0297578161088,73.841996200006,73.8570405487895,74.3793052306186,74.1277442991956,73.6302782951834,73.5394255718211,73.4628193602945,74.1888986190659,74.11919861516,73.5156288726412
"21551",7.09623474315813,7.13219578842503,7.28105044755283,7.50317252493014,7.87820590374055,8.30855901708164,8.78634958965146,9.52471352653745,10.4272219222289,10.658336347447,11.563404341615,12.7008008128451,13.9063634501687,15.0405217633644,16.0941887151534,17.4600418361984,18.7323010688342,20.5575555992024,21.6911318614934,23.5123604638356,24.8643109918779,28.2956739004528,29.3984900504528,31.4059764294069,33.2602876062495,33.22903651265,32.3761174306304,33.1309917248295,33.6543766934757,33.9526449794126,34.9049027279196,35.4231662913554,36.6168167487268,37.3119319451022,37.9158972404166,38.7503157304599,39.4107262430346,40.7898315596154,41.4061168727021,41.6273296460664
"21571",20.8321343761942,21.0705867143496,21.2464655879137,21.4312322768928,21.8690994930205,22.2593888657967,22.5771400779235,23.2048961854675,23.9581290235043,23.7519463138198,24.3400623684624,25.1814809637058,26.0856994370178,26.9038325740207,27.6856686973567,28.6597598186576,29.6810426318574,31.1793662629001,31.9668828308451,33.4697188679378,34.4179509461859,35.8660652426375,36.5728615103964,38.3516145639433,41.3490886540232,43.0423345845061,43.5730236756061,46.1254065678568,47.9859788004719,48.5448266863141,49.8495230044394,50.0100576499113,50.9784492487929,50.9992794635725,50.7503729860574,50.5074559738505,49.9226485714669,49.7191423346655,49.0790187077815,48.3993432092427
"21594",73.5278406881125,74.3837457249064,74.7792889032615,75.2716879766791,76.0365697403092,76.7845967473005,77.90343439027,79.5008304698169,81.3767788918033,79.9222729107641,80.7470195015052,81.3946785972518,82.4053667102504,82.6609831126995,82.8031745486066,82.8945980878419,83.0067352426054,83.5326682050316,83.1263390676742,83.446913592204,83.3388741725707,82.6165080259696,81.7245420101116,82.2289349816483,83.1364666127024,82.5275005098379,80.8615608809929,80.6381530481716,80.6075614838886,80.0884554281995,80.6001128153915,81.3974494896829,83.8706522605993,85.1985547716275,85.8368863712338,85.6345153513883,84.034438494107,82.6751880156803,81.3057076722841,79.9800362539192
"21611",74.4950786217705,75.3334076448861,75.7341050955505,76.1852095076426,76.8743650130872,77.5019078086364,77.7591200593949,78.8649267260847,80.3724097115192,79.1240263372735,79.8231313940064,80.5234925476475,81.7013951483282,82.0320951648578,82.3320822022524,82.510594932328,82.7468620930484,83.3908201484858,83.1714010708713,83.7361413925058,83.4175079199124,83.817421385508,83.2870871552409,84.0594522552028,85.1908215926389,84.8658500927128,83.8163653778199,84.3226820102708,84.8628463210977,84.704236256835,85.6433918906871,85.4352084654273,86.402986015368,86.4559601422237,86.7254518886212,87.2127584022226,87.2582669649624,88.2513955616189,88.2745534772539,87.8634185029542
"23191",61.4796225088187,61.6924029603957,62.1861218368812,62.263356922296,62.6317007898122,63.2066038806495,65.3643926737063,67.0299867888338,68.5469583698766,68.3590853423881,68.6685795053388,67.6445593947653,67.3841003785158,67.5074949843326,67.4816516856409,67.7273557119704,67.8290696613011,68.194924763106,68.5821247401494,69.0810453877452,71.6510940479282,75.5719865228171,76.5043944684457,76.2399932187748,74.6474747988321,73.2199731535801,71.7222057775782,71.5498173926968,71.534907904216,71.480884432,72.0689384431012,72.6244613784489,72.3050960149411,71.3945401459692,70.6065657620527,69.8941994204263,69.5779621968767,69.6116993038442,69.2180130185083,68.3945763786707
"23211",5.82225823815385,5.84206853580485,5.89652470276864,5.92423224707982,5.97327561043548,6.0461579819647,6.27650302115904,6.67420305201953,7.20790299403229,7.56448496449493,8.14642962086769,8.87925257549029,9.64078632194357,10.4878362705069,11.2253057771566,12.1731301225924,13.0852580500196,14.2597394297009,15.3979077336181,16.6937028328415,17.5386307713732,18.2773009511782,19.2578252013954,20.5885435367092,22.4336516180367,23.5662868850059,23.8813660824097,25.6033015229228,27.3001348015707,28.24451476806,29.4620268256004,30.9908834982558,32.4615341850721,33.545980438662,34.41621972403,35.1339616719481,36.4919626532528,38.319886302026,39.2201473645829,39.6570273795628
"23331",75.1783328880497,75.3579556219324,75.9452105138027,75.6469525736691,76.5948900234553,77.4496921798735,77.9798656388111,78.8247148061663,80.1124505500479,79.5293278656862,79.876756002328,80.9328720093644,81.4556297766753,82.4133285688907,82.4074593240594,82.6353593787544,82.5854379670893,83.4297525660571,83.5519560024174,83.8502786496457,84.4480628048694,83.9752126924353,83.7950831154317,84.2548023810726,85.5097374482269,85.0803836559643,84.1395851973255,84.4766118409547,84.8834677679154,84.7534917950885,85.3347597393712,86.3563629863354,88.3116253105021,89.8063720137317,91.1635854041318,91.540048021087,90.2790671137785,89.0283127838183,88.1788906045625,87.0623595290377
"23411",107.721207273182,108.050227765279,109.28333160046,109.305505629986,110.363920983245,111.606681340673,114.775128922404,117.425534714971,120.62974291194,119.817089354149,120.018855065472,118.847120952422,118.517862098911,118.472676556255,118.17452289453,118.45060415122,118.221701977145,118.85685177959,118.238266326547,118.351937604557,118.416957533142,119.152373885905,119.27199300025,119.077329598673,119.482295988483,118.652349666409,117.375530752359,117.615033316035,118.328764698831,119.506695187465,121.867537428156,123.209305651813,124.898767222315,124.722764186832,123.342074099886,121.178803752815,118.759839307749,117.907893495161,117.123675378013,115.499160747052
"23431",66.4566214202377,66.5830456273598,67.1334068596319,67.3001062112037,68.1528347806394,68.9311062165717,69.7302718060527,70.7811683328131,72.3132723315252,71.6883691753544,72.1768706384064,73.6170984692009,74.7076289620378,75.4770668838168,75.7242912228758,76.2478648615803,76.7008325728462,77.4888053687788,77.0882527806876,77.4134232870252,78.2796342336703,79.0605649445081,79.6284715549733,79.9120676916677,80.4719380602976,79.4772845372719,77.7998985569606,77.5562154204397,77.3045890250309,77.0309504699039,77.1750184038859,76.9355979734533,77.1370133631511,76.8965223780218,76.6386202477002,76.3942707781193,76.0323940173786,76.3125565402119,76.3368230729366,75.5989314102653
"23511",7.38175964420405,7.3941219888547,7.53457761558172,7.75135899912019,8.08435774919458,8.52417704500025,8.96294133393789,9.5581444316003,10.260379173077,10.515139973417,11.1707994326804,11.8276061684383,12.5507749166184,13.1895322113463,13.669163789217,14.1662494468812,14.645661996717,15.336676001973,15.7010709198419,16.4088109044186,16.8855509119202,18.6111012571101,18.8076445457923,18.9784147736028,19.7982619588448,20.3014995297644,20.5188617522983,21.8104829616701,22.9269617456826,23.7024290535282,24.9154821791382,25.5834123875852,26.7763071376583,27.5506353194321,28.3490595078084,29.26997267663,30.0903111672672,31.9699747940412,33.2899414826138,33.8850901118196
"23531",45.7092484523095,45.9649741259191,46.1954990478834,46.4091615515064,46.8917409967639,47.5917195446918,48.1925190532586,49.2254906867646,50.499209990903,50.186034852103,51.1841497910269,52.1660276447566,53.2521693557516,53.9724544857074,54.3733274382925,55.08650879853,55.3313078233231,56.0817592839319,56.273197733152,57.0390674184518,57.9215781022141,58.2451462892555,57.8448024380933,58.3724941199622,59.3928363293402,59.3828217277862,58.5390354015152,59.479450331329,60.2313487945201,60.4961681946222,61.4606097470688,61.6227479037336,62.4271620160566,62.6551687492696,62.7656908349601,63.1648425692035,63.4465067523905,64.6804884578766,65.1115965406576,64.9605993696815
"23551",95.5037440174237,96.5957574261947,96.8103964085068,96.7229588200052,97.2684556539939,97.6980399836868,95.9693294130881,95.6395744252514,95.7155833148252,94.2007279379704,93.9806013867257,93.9788685001627,94.037806421548,93.8671434666708,93.4564133626952,93.3431984795912,93.0004509161088,93.0794007570148,92.4927554114582,92.4931454557304,91.8544283262381,91.5391483109714,90.5560908528748,90.6041399453284,91.1095302039682,90.4245915924306,88.7916874878727,88.9193471341648,89.004562853825,88.5423167669977,88.7888730062307,88.5331510650254,89.1824183186779,89.1442461875702,88.8319600294928,88.6310351302184,88.0782062080949,88.1917114613935,87.6836238424813,86.8234015463393
"23572",13.2079901140046,13.2917360587852,13.5184636668037,13.8723187894204,14.449302105253,15.2105872446679,16.0705751385592,17.4022737410856,19.0385949334666,19.4755159330593,21.2575979455148,22.9183341449393,24.5102601881154,25.490272398756,26.2247275732908,27.2487525738381,28.125325728071,29.3545571496614,29.9168871879873,31.0523323720481,32.16584955692,32.9242864496136,33.5609423687594,35.2852525554504,37.5422932716861,38.3685243959152,38.4573243528932,40.2840303740547,42.1503878460723,43.4116237176862,45.4350470141357,46.2752999831151,48.1071828155284,49.004298292803,49.7435207466451,50.7160493732438,51.2983680268202,52.6870173825705,53.1948688296376,53.4499275461913
"23591",39.9955672909581,40.3654023754666,40.9247164652155,41.8580273597153,43.3779527840352,45.291527628339,46.4700090154087,48.3793203796173,50.5099985247274,49.8019804795383,51.3086270870702,53.1108321488179,55.4733324229879,57.0843251934754,58.6826336559075,60.5820915458752,62.6261201853847,65.4980899209532,67.0749063051215,70.1372554790215,71.689064172325,78.6374128520656,80.4341115850049,83.5372972464748,86.1560179928083,85.5613889591973,84.4508050943215,86.6357398950552,88.9765124537743,90.15613923462,92.3335008862833,92.5674780894727,94.889257726141,95.99268963151,97.1891893262343,100.491776918964,104.17245599912,109.89197291589,112.409892823474,113.955716845329
"23614",103.641373937156,104.8981678519,105.249843580443,105.587750497257,106.081919252395,106.677530911847,106.325244409575,107.421922902481,108.963644812862,107.339453600317,108.18050051101,108.959332199554,110.399445519249,110.68844287694,110.820840102155,111.186259216724,111.536043008756,112.468797251214,112.180516129835,113.131138266899,112.918056836227,113.406662537433,112.526888577577,113.467342837346,114.973373590173,114.548690531844,113.268080036022,114.099034504931,114.755472812449,114.920528817224,116.605954554856,116.908868984947,118.789032035707,119.285585125207,119.869965610057,120.586382812502,120.431599190212,121.465228790197,121.089314809429,120.447183459748
"23673",40.5104542101723,40.7535095086267,41.2045827160691,42.0057876635154,43.0127105592634,44.035360315361,44.8214394110845,46.5918670819085,48.4329828384544,48.2922050495233,49.8172221166153,52.5991617143212,55.395264798867,56.3054562124798,57.1403621654991,57.9934804115151,58.9642089170777,59.9570247185052,60.1594072608386,61.2518738316852,61.2093204518399,61.7176845334148,60.9862231378653,61.1608802221042,61.7128570989912,61.5434590858041,61.1132162455272,61.9315689119811,62.5424728031952,63.1394839643196,64.2379451669549,64.0563994466681,65.4788887984461,65.7326741540841,66.4018531410162,66.8654107808395,67.2492256377191,68.63431933098,69.0621514434071,69.0362230484675
"25311",69.8934204203267,70.027768545137,70.7124205559196,70.6724313817696,71.5834335906526,72.5234939403156,73.1588614107943,74.3263182176985,76.2214333918882,76.0311601556287,77.2654691336656,79.4375559931349,80.7998420564826,82.6136768644054,83.0142341404026,83.7310068661243,84.2063406716961,85.5310306593205,85.9225363754457,86.913769786666,89.6097860128358,87.5020450559556,87.0461352252564,87.3438553497822,89.0363913797959,88.4981263577473,87.4447839139229,88.1997753690187,89.0908434027979,89.2371506302937,90.6179985859623,94.1753662383831,99.7154562670675,103.211526185003,105.648278156605,105.238089106468,102.136813747842,99.2954370999845,97.656913916644,96.009902954201
"25351",44.6615525603602,44.8464916078746,45.187762618805,45.6063236096652,46.4003503417885,47.2579668708587,47.8501653200852,48.6201787141706,49.9912123798129,49.7620786085209,50.6623600725232,51.6789894558343,52.4559463576396,53.5435415605641,54.0364323626404,54.8456268561476,55.2256153936594,56.6536616023097,57.1975974229138,58.2596858565135,58.7675598409266,60.5917667790918,61.6245757257491,62.2467761875064,63.3670530595943,63.1783914962795,62.8574008685303,63.7426374362801,64.6157862776412,64.9927362445186,65.9196379289113,66.3761071734548,67.344538397173,67.6903862821462,68.2992907139147,68.8787983600919,69.3835511612325,70.9805686601858,71.9531296874335,72.061631350998
"25371",74.7555324047361,74.9603910150764,75.6198567149995,76.3132023631221,77.5226605837321,79.0380795414495,80.1441391564451,81.5969587974349,84.24795737057,83.9431652643479,85.8141691936591,88.0128922929472,89.5541411431099,91.2294540357361,92.0806700976271,93.1264022413925,93.6473012661366,95.6008886399303,96.172532887729,97.3559810155556,97.9105538534669,97.5447681092218,97.7710238552699,98.6044697529452,100.792964975463,100.822395387465,100.12338370034,101.112300615382,102.098815599623,102.470248464456,103.736181711791,104.828302121507,107.11327480445,108.181447461774,109.194828910369,109.684274508279,109.298070191916,109.643896994306,109.341400939383,108.37878801541
"25431",79.6059895059048,79.7170453206224,80.2080966822438,80.7419894787296,81.5095244055356,82.6890681517881,83.6778069790554,85.5959727505974,87.9676488069358,87.8422323394759,89.570250679418,91.9199238553904,94.325085263765,96.2066442319232,97.2061809265957,98.4422343755966,99.4378993808355,101.058954763585,100.976169908586,102.235368097572,103.178890747174,120.061707474332,126.370422456671,129.318880146956,131.411401535802,127.886738166343,123.409256428296,121.502777149128,119.048602563303,116.547223981698,115.08787509914,113.643561932286,112.948588507993,111.903866160938,111.142624219307,110.491667530549,109.701203048652,109.61540601098,109.364459072059,107.978402800311
"25471",75.6731266860132,75.9400633726459,76.4550675977641,77.3452957472333,78.5183159006483,80.2187331907177,81.3534723262063,83.2598711483433,85.4352229202345,85.4213358250975,86.8766317794036,88.2568110111605,89.9415626339245,91.4827772749709,92.4407365629615,93.1436075250883,93.9857753430882,94.8691307861685,94.9075779802609,96.1474413884287,97.8822642538814,98.1679051770447,97.8557531054263,98.6292824558051,100.416198302586,100.489525912433,99.5022422707467,101.082326804047,101.904359797038,102.595034401218,104.001989247509,104.613669049925,106.050687338398,106.043459419012,106.744320951806,107.416160869168,107.898193621005,109.445372511102,110.48194143587,109.920558895803
"25491",44.1493084095585,44.3089055751402,44.566126876552,44.8999552936158,45.60430464953,46.4969064084739,48.4031613379949,50.151525471751,51.5846781299111,51.3546130395127,52.0892499960641,51.4773437772899,51.7388759994724,52.1454733182495,52.2938774703522,52.4602927114275,52.6629825560321,53.1960708877282,53.0810158231766,53.7172582211863,53.9265205245531,54.1064842624757,53.9949246983879,54.5672373847262,55.4961332033949,55.4163995594665,54.7126491343892,55.3787412367597,55.7233764950936,55.8988304247289,56.6006830202132,56.8175596595874,57.5662219471927,57.59093754986,57.872991928518,58.1281677186196,58.325496650899,59.1198107171928,59.5393770951824,59.3216690422562
"25511",67.1901481245267,67.5108435785965,67.8996874841808,68.1340737089272,69.0984041495019,70.0744992057743,70.671315296624,71.9818818070353,73.4023561481886,72.7959656230937,73.9563643060025,76.1098096915645,78.2965350803528,79.7178455786661,80.2998655874491,80.7164021927527,81.0159862552038,82.2105935607046,81.7157685616327,82.7175233255532,82.3184109747401,81.9342414582322,81.4689073884911,81.9002995338185,82.8597776084814,82.5785060063438,81.3463291586583,81.8909948295506,82.1115776095404,82.060470397238,82.7819385511789,82.820229526585,83.5471200151516,83.4043986006585,83.5985950004699,83.746944968457,83.7076178480249,84.3611559168063,84.4807469258514,83.9748510502152
"25571",73.7508288566386,74.5850944114505,74.7678813492602,74.9417771782418,75.4213570883908,76.0607796650123,76.4462475062281,77.4155352980601,78.4750960868801,77.3128179690711,77.8962297469041,78.4749486961218,79.3460238190412,79.5759338801467,79.5061679392044,79.8052355472117,80.0355820502177,80.5758983696915,80.4362141452239,81.0285364029654,80.887425300123,83.5039089626542,83.7615561313422,84.601678699467,85.6349977353087,84.6480985654482,82.9174204184492,83.0120511614571,83.0144760504565,82.688527325455,83.0718170223516,82.6942881665184,83.3331503512091,83.4152864406364,83.3985324942697,84.3755240867199,85.5298372217916,87.8213730860331,88.8138208628516,89.2038626798915
"25611",42.4907651895399,42.9866514309161,43.1943011922301,43.4471531033354,43.8029882704457,44.2787170772288,44.5490816488226,45.2930090159502,46.1630495072947,45.5217625445042,46.0079774194766,47.2261280480127,48.3678914184085,48.7041814487321,48.7864251159286,49.0198783744189,49.2159775867088,49.6386535392479,49.4177781862177,49.773078437945,49.7972753319915,49.0264864645788,48.3072336490353,48.3448842396684,48.5918961456925,48.1888422775224,47.4791849553576,47.4982910358182,47.5200849251055,47.445058466367,47.8555626948793,47.8157746154226,48.3880094692487,48.5549343967915,48.7744704927492,49.0913133552387,49.0877172261503,49.5794933546045,49.5489125810853,49.3900855471784
"25651",22.3882868941931,22.5199735211359,22.8619362715529,23.52909986761,24.4318929067409,25.5066752673629,26.4608937593034,28.3118364196367,30.3599315499777,30.7087427028646,32.7411258455475,34.3899183299808,36.6292264390193,37.5166291211868,38.5507509101868,39.6185691253105,40.7241604926932,42.1458889528203,42.717648621868,44.3288990656358,47.521228560676,50.7074871613154,50.7766099546751,51.6294171764611,51.5142534391296,51.1935868871804,50.9373730499596,51.9780289422691,52.746363030066,53.4231552618206,54.8150623910152,54.9308355001726,56.2754237437725,56.8018257858695,57.8196882533051,58.7066550361858,59.2929566778942,61.0065746833544,61.8116822957676,62.1770607129752
"25671",94.726729453838,95.5280938906551,95.9622862654141,96.777981262552,97.7811694772219,98.5091424865442,98.7755292638258,100.336904803089,102.041467737192,100.825847336429,101.658954587426,102.541221448864,104.223709974629,104.363904393781,104.631039020795,104.912267254672,105.386820798353,105.983685341782,105.625996775684,106.521577340155,106.550652846721,106.998480848865,106.180232522647,107.186793034983,108.190230601231,107.684575724642,106.471224088734,107.018098789471,107.174784698499,107.352431914473,108.217171217447,107.464881517652,108.685776400144,108.626598013012,109.092648355909,109.280689606875,109.209537244285,110.300442624222,110.131124011476,109.619365024836
"25691",112.695667300024,113.592637940626,113.946229988915,114.917558279671,115.993816329686,116.776535680615,127.462176682997,136.303293794923,143.583135976511,141.559465428514,144.495800341608,136.502727246701,133.658533447786,131.261497487951,129.612689434462,128.42786740659,127.535792854597,126.730428313152,125.372211899621,124.83158097633,123.931478477205,123.225741137457,121.625144794573,121.994281795858,123.74967848827,124.568458688654,123.663866053539,123.647192563653,122.100297478121,119.67183572048,118.310622697473,116.191009004528,115.478009393102,114.745689947067,114.157750917147,112.793980204548,111.318841195534,110.774362570889,109.764783616359,108.505689064047
"27231",7.40286280317224,7.42658607691133,7.5797614315963,7.74119528455159,8.00393321430726,8.31797484314765,8.8333047131378,9.54971191362941,10.4970187384777,11.2178105038779,12.2059694279927,13.3797336156568,14.5696317698617,15.8174201034336,16.8811301629247,17.879993119008,19.2642711568624,20.7750520676596,22.1801563917446,23.8926664132478,24.9432025999306,25.9126450225189,27.09040732977,28.6337366123459,30.9142877448027,32.2529152636375,32.4847649843631,34.3759533911474,36.2669176223277,37.4759797953873,39.1987639520078,40.5929422775954,42.319366205304,43.3207078488344,44.3817222647842,44.9923235563773,46.4783775940202,48.649223059881,49.9230755104387,50.5062055539016
"27251",79.4811188545566,80.1866732028068,80.8407423634502,80.5546430886886,81.0936370767728,81.6571292353271,82.6882586601538,83.5760096736903,84.8814459693434,84.575795957417,85.5449041659813,86.1390881243394,86.8160637192757,88.2227566281436,88.3128189736785,88.0351226684406,88.5676911414848,89.1804057020659,89.3904811727465,90.028735834432,89.3626785820192,88.740981098429,88.4535640430652,88.2013106276389,88.8851877173581,88.6679091699934,87.5911399893489,87.7749467706163,88.0334197896579,87.7518406484899,87.9018721405338,87.7699283402081,88.2516276839606,87.7099503181052,87.7505465145947,87.481561603499,87.8281047370319,88.7307173280935,88.8579285509274,88.3915271101998
"27274",111.526861095701,112.274824842396,113.205656744941,112.93293497825,113.9384281904,114.851222229813,118.546887542285,121.212291770344,124.211788416302,123.51890805558,125.558277582469,123.305103640422,122.720584539675,123.101423300786,122.450865666539,121.726660989082,121.525067036314,121.798524785779,121.449282862929,121.499152196164,121.258345966895,119.828678156714,118.926360165198,118.341827076245,118.824430283855,118.040566689681,116.30638701154,116.185135128075,115.89839753513,114.899362507866,114.474818406823,113.509795623064,113.373105166883,112.210108688368,111.766092657989,110.90943320922,110.523923987038,110.719116535682,110.34052546028,109.348599863397
"27291",140.617064762795,141.009385742912,142.127431032341,141.220313462084,141.942727309192,142.555606659505,139.721670699648,138.917091210749,139.35208783869,138.036610461259,138.176172874172,138.841214994042,139.240232049822,139.752509650166,139.219804641292,138.648817884691,137.966266320277,138.253303587409,137.506180617755,137.480627652648,135.812411316918,134.136529254239,132.887808373857,132.102292930881,132.44337013102,131.257452609512,129.490898677428,129.524252982183,129.448506556947,128.428284761043,128.063546810855,126.894890305379,126.62236346039,125.298429426193,124.741060950008,123.864274725647,123.155024705636,123.004196891527,122.317411030681,121.003167776553
"27311",47.3853297345045,47.4333169727447,47.9489401373649,47.9316235143162,48.5631863585594,49.3030933667942,50.4251047440362,51.4843599766553,52.8524890488939,52.6527866914527,53.3336660142242,53.1909604251584,53.4538000872533,53.9431003156097,54.0542313203613,54.23594280176,54.3472310527738,55.0115458653363,55.1277058600869,55.7384313587714,55.798535969903,55.8099063748379,55.9592299436711,56.2881692319868,57.497577166094,57.6030263739422,57.4123442004184,58.3212299771698,59.1188766604634,59.1785820937521,59.7620464020676,59.7268479936297,59.9836672018603,59.5325266855313,59.67122897809,59.699405415935,59.8258750546657,60.402245002967,60.6521452378636,60.4192994854742
"27394",85.4412796225487,85.4626005522605,85.7296187307982,86.0636341318187,86.6576920041394,87.7952536749114,88.4755296070217,89.2282956758804,90.9840839136233,90.3354272798021,90.9870884292846,94.4194285464932,96.9383988329123,98.5567187349626,99.1084411575869,99.8257452375034,99.9964240189804,101.098760128836,100.810424697982,101.302184071733,101.205071275498,97.8822792651998,95.9861507180315,94.9265453766535,94.5966079316066,93.4934983809397,91.9855841668197,91.3090319279237,90.6720669725749,89.8614144455859,89.331334262742,88.4690387607095,88.2365152469894,87.4483224875814,86.8631737572514,86.3637090215159,85.7049590934227,85.4342424240118,85.0219363308154,83.9059074713394
"27411",25.9987213275286,26.0272273918575,26.0347140397319,26.0211402890156,26.0319252606841,26.1144199800075,26.0283464861102,25.9761985901008,26.0765357986449,25.6943713430557,25.5276547271935,25.528778895701,26.1738834773545,27.2146263613907,28.3837500409417,30.0171087487779,31.8043663800823,34.4497436533584,36.5219340750568,39.7723528848883,42.2807799368552,44.2304087434429,46.1893035425876,49.0325107066087,53.4031995841169,55.4433758521403,56.9866629461817,61.027976427472,64.5140249543233,67.6994775187992,71.5723806068076,73.5950147313994,77.0606197140208,78.8795297616867,81.4078331273261,83.9672885240241,86.7620211455258,90.9391195764104,94.0919987622139,94.9468377665967
"27531",8.00678599177005,8.06879290301658,8.07324086073964,8.11026688539373,8.15604928624997,8.21869474589222,9.06080674540279,10.8464886012276,13.3886963617776,15.3816298113877,19.2570792035927,22.4285978147192,25.6438572288045,28.5686694908728,30.8992124245287,33.6052633664332,36.0851790880245,39.0706525962007,41.178439963317,44.6333800775199,46.5918804572042,51.9855544154081,54.7803880021091,58.4515325178729,62.5510655557895,63.1195636636931,62.8832873696651,65.8743590446122,68.0212029612123,69.612920886608,72.4586206539721,74.0278218909812,77.022273097165,78.3678564038661,80.1555094837125,81.8358373671763,83.1304896855573,85.4742469847623,86.6970973715195,87.3532478137986
"27554",74.4779065080396,75.3067922223985,75.5047786521325,75.976768888099,76.6237676871924,77.5433833890099,79.6578751428657,81.76212782884,83.5693019815692,82.4886679290937,83.5706363764099,83.049622014761,83.5229063388966,83.5152028519514,83.2789583322068,83.4135618290118,83.6153936977573,83.9510156529848,83.7797903394247,84.2905216914235,84.1244100003873,87.086251415839,87.1460983818723,87.2423296876109,87.2594500027314,86.0603351305694,84.6428927053008,84.8508606892855,85.3696509704857,86.3149172027149,88.1617053432399,88.562966102682,89.7984267051973,89.4355684945165,88.3774770467381,87.0111035632787,85.5534226712708,84.9969713779093,84.2544014435354,83.3039973431344
"27611",20.2841794877958,20.4945231966378,20.7078286481856,21.0438599830492,21.6108498789164,22.2928972598887,22.891541553998,23.8130706562007,24.913550987873,24.8569250755257,25.7763889739504,26.8835820645311,28.3866103149997,29.2725275117644,30.1766841000005,31.4394564737967,32.6178424322671,34.3424042642665,35.3808627056669,37.4164892459861,38.3099014895332,40.2865695970687,41.0545891930773,42.7122421867175,44.8222890013169,45.3614603515464,45.4168475829347,47.1885330022552,48.8077079420943,50.0566555868063,51.7968460795392,52.051391352976,53.9443363787421,55.0503362025788,56.2322376794733,57.6313892918964,58.8648490616968,61.3019103069849,62.454778740911,63.439442835095
"27633",41.4678636604164,41.9040461976951,42.2119772891006,42.6479566981741,43.3891098344954,44.2088083879468,44.7047064869201,45.7341384278303,47.0523049844093,46.6853028908212,47.5859682605041,48.5281613068112,49.8443256057418,50.2118489286518,50.5903840382218,51.1229473568622,51.4823461189687,52.1997283750345,52.1277260640724,52.9387133551336,54.1656301137164,54.3545410937301,54.003488579104,54.7913839594393,55.6776808506259,55.48612982322,54.8539665576834,55.25311981814,55.4599125644822,55.5317292709337,56.067591916007,55.7651580720022,56.3831083487894,56.4541509036925,56.6318569040247,56.9179311731215,56.8839620624938,57.4566258173474,57.3899637865946,57.2819798111221
"27674",25.7832456271051,25.9549313675326,26.2403905610526,26.8039801513218,27.6801342438662,28.6409195433223,29.357001644248,30.6597231301071,32.0594234596558,32.0954158327248,33.3604227242312,34.2801478119875,35.7414196786765,36.152796544658,36.8056825838133,37.4755315945456,38.1505455856416,39.0022688359337,39.1967713237036,40.2855943568581,40.6699762691258,41.2876882623864,41.2780238847545,42.325195339395,43.3315981179465,43.5646671361759,43.4025822578517,44.1623018403644,44.6418923513238,45.1870385333646,45.998837437161,46.0193131515571,47.231473745656,47.6137046970531,48.1767806723919,48.6836483587315,48.9987767476046,49.9205950885591,50.118559462982,50.2963350448071
"27693",63.5012227316812,64.1134594513002,64.1533162458138,64.6661424346734,65.243452186834,65.7434965997634,67.4677705242463,69.4661855642553,71.2048692605077,70.1850881353838,70.8206348775132,69.4320537477166,69.3256208618985,68.6741944140075,68.269235285977,68.0360294857568,67.8199539713227,67.7305359495078,67.0811388560166,67.055788212575,66.6204228527183,66.2906332008442,65.3579051759906,65.3948955313374,65.4544192717964,64.9255862658994,63.9551592602982,63.7409214507037,63.399679019989,63.0622301935736,62.9474832723689,62.147367382917,62.4100936368619,62.0433762559572,61.8337085221236,61.6369635512509,61.30286557954,61.4536500879706,61.0947953233419,60.7085025157905
"29231",90.8161683741977,91.2772949396036,92.1082003437803,91.9476574150568,92.291369067594,92.5876659389038,92.0726812787985,92.2211854775224,92.7840473858738,92.4189820710505,92.2470469454756,93.4335410042966,94.2835313643641,94.7611146731205,94.8571988085436,94.7979662806238,95.1185610852032,95.5503508243581,95.7294877320029,96.2306623061183,95.9976373014892,94.5070369079279,93.4379733373232,93.2163002846658,93.8304394650848,93.8901695790491,92.7082619862292,93.0102546379801,93.5505939751335,93.2115265972072,93.6628406759427,93.9175333022808,94.3189942642296,94.1530264657085,94.0319781083794,93.3731246993392,93.6190719861277,94.3413873083767,94.3970309382854,93.7497374671102
"29251",67.0046898630143,67.5060320638797,68.226180991024,68.2335122230713,69.070602252328,69.9659653395776,73.2901651973492,75.6510827563952,78.0165060612678,78.2327267246627,79.3174477767883,77.55826702143,77.1961922370632,77.2750264488473,76.9932932892425,76.7404101661264,76.8767729948147,77.2757888138718,77.1924303393573,77.474849844952,77.1369563134113,76.8825901190671,76.9033544549161,77.1924556743969,78.3206828292596,79.0900738923886,78.498783810053,78.7550686173592,78.698739950502,78.3789940298102,78.6976040576206,78.8176948635967,79.5292388716708,79.1486483220604,79.5051848573951,79.3151053251407,79.4424286376099,79.9618696475819,79.9514413033467,79.4741987415558
"29274",32.53998112601,32.7708955261412,33.0770454446887,33.0143390321053,33.3541282881721,33.6777706025824,33.8904860962743,34.3394019288545,35.016196875738,34.9283171775946,35.4695073648401,35.7989774416959,36.3298601009057,36.9329174381754,37.1645705269791,37.4439109208377,37.8651842847314,38.6441905200928,39.0549929441034,39.6895235714963,39.8986168142021,40.5540923241158,40.8380609279249,41.0980212166978,42.1408805114209,42.4623412123057,42.2432808126565,43.1479541555015,43.8452115890667,44.0845150153056,44.8678827747015,45.3349450582026,46.4060662032546,46.5435053569844,47.3835547398205,47.7448916196805,48.5045527447793,50.019431220456,50.9508482738219,51.3154460529614
"29312",31.7851527354651,31.8553711454906,32.3550434721791,32.6831921912989,33.5577102227767,34.7381874041201,35.5174603343671,36.5377859591454,37.9707270705549,38.1443298315768,39.1785087008906,40.0915841614325,41.1148456223072,42.1679850860457,42.8071677591181,43.4538057043603,44.1012051895107,45.4178837614342,46.0443984179325,47.1888395759262,47.5964812321637,48.2133315734172,48.7268101488042,49.4347044840013,50.9958766143626,51.2781340188302,51.166898395062,52.2813029934038,53.3157885534684,53.7090078424966,54.7117671565788,55.2743813466841,56.4895823500898,56.6713718253934,57.4985041872552,57.9827362337618,58.631126365867,59.7882325028751,60.4302652935965,60.5122955404297
"29351",14.6789402897156,14.723392791009,14.7829622262816,14.8193772094903,14.9359136634494,15.0588927711468,15.1313831428286,15.2450802828163,15.4998283691215,15.3828121145468,15.4708202246615,15.7653504737779,16.1295231864125,16.5746854379323,16.9363592574514,17.3995575737534,17.8116703513103,18.5535930199665,19.0208392879235,19.7729394354449,20.2022192121449,20.9768049237056,21.3680114670329,21.7576558989034,22.7269647078962,22.9729202545082,22.9940734860319,23.710733916322,24.444527540805,24.9059689892006,25.6420354096712,26.1107652961564,27.036794211501,27.4806911371552,28.1395628395132,28.7105512655544,29.5916812016552,31.0725698152936,32.1928041480671,32.7978059839828
"29391",72.5330095284661,72.6153522564817,72.6693116817253,72.9112759105621,73.4090999400326,74.3144847146171,75.0184995791887,75.6376655817269,77.2338866257455,77.0171663545963,77.7021974748503,78.1189119577679,79.0486331336801,79.8869279810711,80.1624185272886,80.7959052761904,81.1134980302826,82.2638662596025,82.4464879559626,83.474718205031,83.6588380552125,84.5237094785429,84.767553868407,85.3728937013333,86.83383216002,86.3816520496309,85.4904706956154,86.1614313075517,86.7811797314564,87.0587095015453,87.729672880439,87.702013321053,88.747263605105,88.7365520463528,89.0649700073929,89.5135066078085,89.7931872749962,90.69885472398,91.3617227297095,90.8870601165577
"29471",82.8922240145377,83.0916571847905,83.197933590375,83.7081005236705,84.3602501946549,85.3804198620127,91.7780858770021,96.7105518390868,100.927150038674,100.233610858102,102.226074917061,97.0292577651607,95.4531283225022,94.5066858990542,93.8897225090352,93.6125323347365,93.3575454776891,93.4995599045523,92.7775497335055,93.0036318488537,92.6763047573411,96.175808596592,96.6298486600151,96.4208552956716,95.6233168810089,93.4866800892614,91.5994459444275,91.1747398111324,90.5635264522472,89.8716347277362,89.547023209176,88.8762158816641,88.8841463763606,88.2782090983386,88.019773138528,87.7071104803081,87.2073095364784,87.330845863009,87.3804835089997,86.5525497614983
"29491",149.032915439181,149.818661805558,149.727205579507,149.785502967255,150.292020782006,150.617949943273,148.011201544896,147.735159075764,148.285990796972,146.647872776496,146.766348520731,146.936997177378,147.475663591611,147.424349508931,147.150735787163,146.820127510588,146.473758045832,146.488006300726,145.403702840942,145.141492778476,144.441880453911,144.251621338605,143.247842239256,142.515199534682,142.368044784532,140.884562478661,138.551114423068,138.163116991793,137.292420356067,136.222579437387,135.936811221115,135.04453753269,135.08598764407,134.01390261087,133.537690064276,132.764139668088,131.827192280903,131.756718472312,131.243114812736,129.918539226843
"29551",8.68636888170508,8.76933458288336,8.80070785868763,8.88280999125985,8.99704347440556,9.12928541823212,9.36617702996754,9.78609250587424,10.3270995117528,10.4678364912167,11.0422722230836,11.8326976587943,12.8270970883703,13.6693935581555,14.432386860719,15.4164407992056,16.3968525899889,17.7228128928715,18.6944900548515,20.1815352481747,21.2461290109342,22.581907185683,23.2774445982255,24.5985611563667,26.4180757671442,26.9408404002759,27.086954812929,28.610886167578,29.7603765615731,30.7152134915506,32.2103211687322,32.9258578901775,34.48966788532,35.3901546480527,36.2868800337418,37.2311081322169,37.8610760951746,39.069062710087,39.692963007791,40.2013466654594
"29591",27.7872230111142,28.1043228158815,28.1904613018397,28.3435742110939,28.7550205859651,29.1798257273624,29.6218622840107,30.3671057724359,31.2810085098767,31.0748253325565,31.7898857484016,32.6508753812123,33.7233793158047,34.2925242488493,34.7682293140436,35.4860576472841,36.1162926006086,37.1614229243115,37.617639647877,38.7516766358442,39.1825008717229,40.0708858272112,40.3909895932329,41.4821186506462,42.9645307755085,43.1733922451662,43.071791619832,44.5112277063414,45.7616840669832,46.6862813789402,47.8387428646231,47.628519438893,48.5144917867629,48.9723754737789,49.4770998382587,50.2555848179899,51.1167436882628,52.8740525336701,53.7601677558664,54.4327130325264
"29691",73.4530132802046,74.2015945494868,74.3517883961075,74.9323419246595,75.8393336296155,76.5818244036669,78.7745338398407,81.1030586056923,83.2025153359732,82.0759626257105,82.9162514995747,81.7089822216579,82.1771692991237,81.8664972685744,82.012701119796,82.4625520888145,82.9828438722921,83.773987434249,83.575411024582,84.584725628618,84.8354599126575,87.4922637201386,87.152261505221,88.2294207041371,88.6940930776184,87.7304606271776,86.5218980660818,87.2956471481247,88.1778950248107,89.1006762112422,89.9203742649593,88.3560501307923,87.7358485783228,86.875030690138,86.6295968112167,86.6285807956012,86.4047212954568,86.9283858630499,86.6310089270572,86.3331997694585
"29734",50.2534341710009,50.60144870761,50.8333401057288,51.775357527736,52.8009443082209,54.0780301739787,54.6936227072394,56.2800073258901,58.1106070444099,58.119202662018,59.5523350631914,61.9779549688613,64.3964086556311,64.9192047023877,65.8097590260983,67.1089900070502,68.2416673674681,69.4499564180705,69.2170211092031,70.4986847540903,70.6715373251555,70.670568679777,70.0296551205334,71.1915247577995,72.2870440755282,72.3471934979921,71.7216556168018,72.4788375502805,73.1075747152195,73.7650353188527,74.7737405078336,74.2280325504237,75.7610979673731,76.1711433935052,76.9003648522447,77.5582707444017,77.6935019155635,78.8391606038439,79.0241336261821,79.2344939800492
"31211",24.5772426321196,24.7115677427977,25.1398931885607,25.3936989633726,25.8000369137775,26.4557557708379,27.0954164257728,27.7451996982864,28.4317747392226,28.5297822244863,28.8193305122396,29.2940518158188,30.0211357001096,30.8531144123459,31.4599501008657,32.4085760333703,33.4901440415408,34.8670421454586,36.354518268526,37.7284517958818,38.6539126062471,39.5687605372015,40.430160580802,42.1560898227535,44.3271149477144,45.8108497972396,45.3901255234062,46.9204857100673,48.8401389576012,49.561126629362,51.0766368525479,52.757543828973,54.743392620735,56.3285887967971,57.6083205452284,57.8939218262206,59.6312927731709,61.4793714399151,62.8271140255221,63.2252470733696
"31351",41.3399081206806,41.4096444419298,41.5719560247438,41.6984763163621,42.102480785951,42.5359012142091,42.8176060239674,43.4110908676307,44.3351575261247,44.3002286392414,44.8628110291929,46.5974234383767,47.797600658687,48.702088033226,49.0726788871003,49.481737472489,49.553715395239,50.3051311494183,50.3321816556464,50.983869559135,51.2139667454038,49.83126717935,49.1148105006665,48.9253153570018,49.318036079811,49.1104576279894,48.5927792101958,48.7707088798405,49.031105250918,48.9983897860396,49.17481753609,49.1268229514221,49.6171159457521,49.5850170645195,49.7989936588476,50.0463777493578,50.2791276992615,50.793817648166,51.090888438674,50.9743604525604
"31371",51.3648793875769,51.367931555168,51.5597010501218,51.8247536475846,52.3624243164754,52.9240447687795,53.2996790641249,53.898602784667,54.9082647151213,54.6534749372183,55.078804025069,55.5868178892097,56.1242534126755,56.6451345943713,56.9169508707683,57.2258900038066,57.3062371575995,58.0629354466638,58.1723869108596,58.9757853644772,58.8758448462935,59.311194618198,59.2798723723008,59.5040133337035,60.5758417949507,60.459513624366,59.8549515748105,60.3182569437997,61.0213758398773,61.2440818482734,61.5967677720433,61.6453818682871,62.5193947622307,62.6071468407761,62.9005434908177,64.2566366770534,66.2102054093769,68.8661801123412,70.7440417583133,71.5586941770591
"31391",63.9216127599258,63.9418118238786,64.0665770607751,64.386673667965,64.9116311690935,65.4812407659877,70.2980516106626,73.194469419206,76.0697646198721,75.7244302447858,76.8736354784458,73.5398134549734,72.4383899455196,72.0277856253597,71.7660189701363,71.7653668587145,71.6928534922973,72.1364593414939,72.1909327614381,73.1219785871682,72.8911605838855,74.1673289946099,74.1656232925899,73.6446764417277,74.1168969603892,73.6044938049837,72.7633199472306,73.0331582428739,73.3045979304949,73.60246917513,74.1009350684804,73.7650568493141,74.144094913487,73.8455234376311,73.8244972360297,73.9401661514168,73.9408923931096,74.7079003545525,75.2117370700192,74.7956410174712
"31414",50.291972187636,50.3664312338966,50.4515003450192,50.7208943797744,51.1418859868036,51.5852839527657,52.3245089801144,53.3225913621847,55.028081090053,55.2143830313238,56.7817211088796,58.0469187391679,59.7648397955942,61.2540838200923,62.1484206646261,63.2330532080233,64.1767004073993,65.7993422785844,66.5191367663391,68.6656627757408,69.4939423738749,71.0323190616919,71.4472008356113,72.1859057477074,74.4687688576915,74.9648883321077,75.1350520632819,77.2587347450269,79.2618074826377,80.7978507546537,82.6540841780363,83.6664611994231,86.1445010584106,86.7419753177027,87.8985273968426,89.4270548173408,90.6073150708121,92.7346325627926,94.3819745718154,94.3859505211788
"31432",45.6792726968865,45.8197334967604,45.9822959689237,46.4325257627443,47.0145900175489,47.659218473757,48.3024366958164,49.2503734729271,50.6309865668804,50.4597154630583,51.4935076698898,52.7278757724032,54.1739644166266,55.2175084699965,55.617687648255,56.1909900828424,56.8027825883173,57.6496914743292,57.5908453226522,58.5571047565119,58.5552039473754,58.3261502211893,58.216241496956,58.6042971492346,59.5906262177144,59.3901528033765,58.9574546672668,59.5185134273082,59.8204971132771,60.0400529219595,60.4284694934252,60.3116259828377,61.239407720779,61.5759410927906,61.9332385516864,62.2904069862034,62.2630009499424,62.7433798328047,62.8660802044479,62.3661805825718
"31474",118.927885307623,119.511620982442,119.319185883959,119.754323304333,120.423573386414,121.114631504523,121.335325961447,122.736972239167,124.97643822064,124.13017349528,125.622034105192,127.087901163317,129.140455620862,130.203959913994,130.630564728777,130.963703991355,131.715808992001,132.60730742101,131.537221413643,132.351194973764,131.553016088845,133.000670280845,132.646654838628,133.536154171469,134.83531031613,133.202315636183,130.552081624189,129.657222144816,128.437072865213,127.366643825243,126.89998970326,125.940922384698,126.192875236361,125.531766281959,125.072199828822,124.676466564995,124.005730328955,124.436560857312,124.482814627372,123.425044115742
"31491",11.4859264330224,11.5274059806123,11.6491758572471,11.8721191096498,12.220754370254,12.6510810512711,13.0395322617073,13.6325480487594,14.352291446999,14.5200133759877,15.176376330907,15.9284165209315,17.0080320776649,17.9388484125941,18.8373934847933,19.8348478462313,21.0985757122398,22.4797377939458,23.3784322514517,24.8482942658911,25.9951551442227,27.1544328014524,27.8933725771013,29.5575118386304,31.6753144455064,32.5250602714622,32.8214350474682,34.8206559705602,36.1752318027229,37.2832625191495,38.9122545258049,39.9278624042993,42.0292134843821,43.1116883907828,44.6025928755065,45.7404837696517,47.2147715663857,49.8091436148172,51.6065276416213,52.5904918311484
"31514",40.7129150828853,40.9375098658196,40.9880606507934,41.1556131996563,41.4204644683043,41.6906405317652,41.7692240598394,42.2973250852396,43.0314132086838,42.7651791449724,43.1926021984256,43.6792037046935,44.4075418765272,44.7037438701809,44.8811397767909,45.0494783022705,45.3347835967717,45.6509106458012,45.5479451160111,45.7899765164564,45.7935262268268,46.6721712198552,46.819017382018,47.7626191664096,49.168292741975,49.5604612521932,49.3337119639311,50.3719347316249,50.4200967562139,49.6455743725706,48.6931745976069,48.0849179601981,48.1560570568757,48.0459402170192,48.2123593060213,48.2945630380118,48.2138452003337,48.8929754852807,49.5982179479005,49.6851227719525
"31531",22.5290561760185,22.6446125241196,22.6813496162949,22.835553935471,22.9792002517036,23.1283976600219,23.3687108327984,23.9658116631092,24.7170676957409,24.7698356815307,25.441581665776,26.4273567373264,27.8933815973951,29.054840519797,30.2706118814449,31.6652559531694,33.1514542373654,34.885493078208,36.133131621044,38.2537185855957,39.8515639843772,41.5708579736542,42.3962473532626,44.7874291932809,47.549478314503,47.9938998685945,47.6606141170472,49.8130012405965,51.3329662035946,52.5271097580016,54.5208677208679,56.3555746841713,59.7593839870884,61.5835093960921,63.4100169682246,64.2494508589286,64.1288031109268,64.5033927481913,64.451114603608,64.3435567446763
"31591",61.3843484508178,61.9622875288944,62.0231289986874,62.2856659439882,63.0327032382831,63.6767074211786,64.1541692001479,65.2264746314157,66.5264549587309,65.7879769563248,66.6457259724283,67.8475965434729,69.2391173317447,69.799507930185,70.0532448567875,70.6171408344355,70.8468620500439,71.5820405704094,71.4992452973976,72.1707377018975,71.9328894381037,72.7212152223461,72.4095227929316,72.8174778067961,73.806741385762,73.4592128263183,72.6325509561964,73.2376521133643,73.5215066973688,73.7539997028155,74.4884784199384,74.2183683076717,75.2646177929698,75.4784842488007,75.8192398893964,76.6462708169365,77.1609509651091,78.506205306775,78.8183423093999,79.0484461575466
"31611",36.3943551896388,36.7305363540698,36.8106836647408,36.9534193490229,37.5533341518895,38.0672105559754,38.4765513141079,39.219006975547,40.078604111707,39.6739468560872,40.2051883029917,40.9340859570203,41.8680876354742,42.3234114453426,42.615050081163,43.1272734407161,43.4581861608075,44.0770858111963,44.224964277254,44.9346208935024,45.1695411821349,45.8308688280046,45.8702658341994,46.5929934892663,47.7211377733711,47.7128248964723,47.2022749107767,47.7413055284395,48.0981195136063,48.4048156335836,49.1467677340372,49.1385905391619,50.409109274317,50.9395515415413,51.3249778388034,51.5499363529533,51.4314308665952,52.0306028380403,52.1385048240753,52.2107845302056
"31651",66.315300995125,66.9129251827951,67.0769512737954,67.4125950158168,68.1692838902335,68.89809336876,69.3126422929995,71.0179737680882,72.0580281186427,71.2142443967034,71.8865901291558,72.4883378307387,73.742376905846,73.783487552437,74.0575929113433,74.3631915133923,74.6415829888279,75.0118345303865,74.697305906981,75.4951865331928,75.3318752544949,75.7025463596362,75.1996845223339,75.976262591857,76.9823271068337,76.5934355180992,75.6747534314037,76.0436096655113,76.1658209663201,76.0972483128607,76.6637052033472,76.1376373228033,77.1318717829786,77.063058963483,77.307826518682,77.5672832442845,77.3184798528797,78.0429408222013,77.8465034670639,77.7812007789564
"31673",92.7857200654612,93.6450947946227,93.8056758247596,94.2168273031474,95.2875959319878,96.2592035829261,96.7419952280876,98.700729070034,100.066922558708,98.8683453579813,99.6000050312369,101.942812640463,104.58271582616,104.983832958744,105.60714391008,106.242699377942,106.940357237915,107.591413098909,107.245120793011,108.56896464061,107.608443520899,106.009179478899,104.334717276177,104.32902168551,104.699551939284,103.793731693433,102.413180144323,102.399684337673,102.163611573862,101.835245890459,102.162201754547,101.255115370299,102.179513616408,101.774703276088,101.818655751776,101.910059747606,101.561101212501,102.460938042133,102.333961723111,102.263817477688
"31711",55.8694423373173,56.4341403734036,56.5232984849611,57.0336074507756,58.0575132740246,59.0780895554739,59.3680758990332,60.7212749251876,62.0496625036859,61.5074980359104,62.2214440333602,63.5162646302085,65.0070436470521,65.3566157674595,65.7356238056945,66.5559116303077,67.2449735661787,68.1389659642012,67.643287469585,68.6872867850175,68.197486781382,69.2184401908568,68.8700944228451,69.9518807460303,70.9901701463419,70.5989734518511,69.7772475264441,70.1900235236589,70.308478724806,70.3425689960088,70.6777208018489,70.0180798716444,70.9899034022511,70.7870425917006,70.9613539202093,71.2197433649163,70.8941048400353,71.677485658186,71.5472118247135,71.590481848681
"31731",14.8378464947148,14.9269079862304,15.0602277423684,15.4195973457119,15.8985539675373,16.5185937917113,17.2066786588957,18.6536862566927,20.3407719283875,21.2129636911697,23.2079459714815,25.2424914803492,27.3013498724579,27.9829979644897,28.9883182647555,30.3880087167269,31.6330286607897,32.9950941958317,33.0847006330592,34.6431981347473,35.7663811680428,36.2937475889965,36.2201097903265,37.5611448310015,38.6805273758752,38.9249994369082,38.8471855700364,39.8853027080249,40.7393404559864,41.5885031120888,42.6079529868861,42.7872577332523,44.8142165837455,45.6252743628531,46.5783776645788,47.3431459915473,47.5254976510599,48.4972956462686,48.6710629614418,49.0110734711113
"33231",81.0065555647615,81.4064165292457,82.1230293854408,82.2379344560254,82.8325516823544,83.8885009967413,84.469304062942,85.5636099330102,86.9807385509481,87.1563518539064,87.6150235409086,92.0317310187888,94.745114993983,96.6451431525039,97.3417909539467,98.4116223873984,99.379480031445,100.961653969898,101.526024282078,102.415896077458,102.23942777231,99.6316096107972,98.3956820769763,98.3624960436654,99.1525861617724,100.64728828584,100.669686090106,102.324561894461,103.904699722744,103.15505822812,102.475573858644,101.001726642073,99.9471225767892,98.9880541183348,98.2771509097057,96.9942173826353,96.4940028114608,96.1950539352296,95.6234222568332,94.4277501252325
"33291",9.14317104556162,9.16195127519224,9.29273628953171,9.40886129403233,9.67399862218429,10.0081653899231,10.4614457431988,11.1103876076469,12.0469460473487,12.6400922504888,13.5086640102496,14.5278392081603,15.7366715106311,16.9264883055009,17.9255559632429,19.0275145027904,20.091704548723,21.8071959456297,23.0791119616929,24.9707401015161,25.8894850625096,27.1105299452194,28.1974395187892,29.8827965591727,32.43833681803,33.6181623887203,33.8288549353673,35.1172522034479,36.4331319097227,37.0269986229045,37.947265075873,38.6992308634252,40.1924515726328,40.756180561815,41.6863035384457,41.9773217706352,42.7228930579116,43.5703602098647,44.0484448627073,44.08540896309
"33312",58.8133807161751,58.9508824757828,59.2281852508435,59.1945190080461,59.6258002000654,60.101391962911,60.4023566122988,61.0064715281825,62.0295449266972,62.0060365145656,62.4209228830526,62.8851988365668,63.7199766076761,64.3992562236655,64.8442946884997,65.36214012085,65.7036687987862,66.6894298811699,66.9670268559412,68.0320149238761,68.0655107778475,69.1744544699638,69.344048019513,69.7066554980758,70.6958483646279,70.6634377848836,69.966396174249,70.4533811471779,71.2949396814274,71.6815131695023,72.2996600888725,72.4230058833534,73.2344548204569,73.3303755466452,73.6923887586019,73.5848710346248,73.9656762106759,74.797601572283,75.2375755840826,75.0080029608819
"33331",24.4082423078875,24.430004433832,24.7395279028255,25.0104621419884,25.6032214230522,26.3277829553746,26.8911583099455,27.6367382320024,28.7536729216866,29.065143963393,29.9048722048627,30.7317105658245,31.8722454413703,33.0978322318994,34.0946055711954,35.2115948847597,36.2591733140873,37.9470729795561,38.9729469045615,40.7639288048696,41.6211767620271,44.5338764128143,45.7902552349167,46.9890242329205,48.7376298308631,48.6372302235377,48.2669467267351,49.4584336320109,50.8478281728848,51.666435743307,52.8879913435153,53.7525321513162,55.5193327644933,56.3190443400224,57.4663014105908,58.2898074284457,59.3459514843424,60.9689416196797,62.1335062565535,62.6492523943474
"33371",140.961896368981,141.059346003667,141.285758338014,141.325740654266,142.120059476994,142.704807876234,140.729990949836,140.600169265283,141.098120478734,139.767188594159,139.625659112972,139.01362098426,138.810731060331,138.62952424961,138.136252430125,137.590530979223,136.732486767733,136.705403629658,135.904600433521,136.226138110271,135.984919522157,137.826410175948,137.596770245785,136.84622749348,136.62360833032,134.11616465719,131.542219501788,130.560450601596,129.819781930451,129.117710830043,128.817828709071,127.875200246019,127.611462284845,126.09205700373,124.907544278048,123.914953433791,122.837668846827,122.133188908619,121.140143206248,119.600023745111
"33391",92.4606206148815,92.4492932020039,92.9007633567907,93.6948056241608,95.1102328998006,96.5403123741153,97.6837565882527,99.2964829305914,101.659886651115,101.647667752737,103.592575896946,106.818032756901,109.554696227636,111.621859102445,112.715227901471,113.601024741078,114.053737653789,115.502913573593,115.728666023831,117.989985602088,116.669710932914,115.99305890619,115.52384893608,115.4577349619,116.84307211703,116.295971759906,114.965442461348,115.272904595628,115.747441456023,115.84816347757,116.287035153856,116.036786764353,117.271092012721,117.227293295246,117.448666854143,117.620427112025,117.459802894207,118.082759035642,118.288754410525,117.437284875668
"33431",6.47955635136302,6.50761787594676,6.51021014483049,6.54455129885925,6.59464254097573,6.62966320837957,6.98953067212254,7.63685441054022,8.70646664944628,9.38813402587895,10.8045565428888,11.7882231564654,12.9110694549387,13.9145136128388,14.5833042532489,15.3433898728855,16.2060929452444,17.2182690548377,17.6713993313746,18.8552840639636,19.5081827556965,20.3622039960125,21.0484907504957,22.1669659268006,23.9272667431738,24.5248510156103,25.0426103124922,26.7383753824898,28.3248392078828,29.7447816698968,31.3030948455875,32.2469712602485,34.3372394866035,35.5389131539693,36.6731806914997,38.0276140915865,39.027772718765,40.77206155973,41.9501481111851,42.411588980325
"33452",230.376459464215,231.312986388079,231.479724282201,233.354601196547,235.784294015005,237.444601451214,239.531982807475,242.714390627577,248.587773267818,246.745731549047,250.003522101149,252.585339605227,256.433359914312,259.006424042735,260.058171066429,261.07055198686,263.462459476239,265.830706599532,264.432536732246,267.236215474806,267.780644457745,281.18223809202,284.52645501679,289.484733713924,295.957548093798,291.546436573554,285.080180438019,283.352828008425,279.708373556969,276.240738706593,274.433490980075,271.709609700145,272.180432287569,271.282307401169,269.728775591296,268.847735304824,266.849457398984,266.910921881507,265.677408839376,262.919760378829
"33551",77.6218151444498,78.0303425671473,78.2559845100743,78.9695941949369,79.7959904766591,80.3519928588677,80.7507528242199,82.2903091153048,83.6774084176903,82.3344260057974,83.2670802428882,85.5145345941748,87.883523744625,88.8066860581461,89.4428985706772,89.9481582264094,90.1649747463831,90.9809353700627,90.6644163758903,91.1523027857234,92.3680910452212,95.0149678296362,94.0563023061519,93.6614193714291,92.5576687927468,90.2842560266361,88.351884703807,87.7047555431217,86.8519733012204,86.5501097358254,86.4397533554639,85.3496382562641,84.7543044525822,84.0306547803468,83.5432937244713,83.2474119148854,82.7417110452828,82.6645738933637,82.1575267803974,81.4032213435811
"33691",69.3981569635846,70.1174080194748,70.1957564100196,70.5015098270877,71.5127937308743,72.323820055114,74.034657793234,76.0465085035826,77.6036529949769,76.835014351784,77.5380063879665,77.1396511741267,77.8530495559503,77.6053506586944,77.4897739066304,77.5931248311339,77.7805500118265,78.0034354112247,77.4340124936663,78.0355296170446,77.6580832370288,78.1367504314245,77.4686803152539,77.8630361503001,78.3426460946281,77.6099537512187,76.6324168751818,76.8279378854946,76.7563111059592,76.5923596561327,76.8727924746676,76.1983842294866,77.1903921491322,76.9326274240157,76.9804813847494,76.8715249726867,76.366673500614,76.9887502380472,76.7575374787345,76.7170720782672
"33751",42.0793928188877,42.3932089858195,42.6106691347801,43.1208668094156,43.6961591237,44.4047934129146,44.6362483304411,45.6279926717751,46.5670016482864,46.3353537872574,47.1810384830664,48.3109890526364,49.312627219512,49.5604174249233,50.0216117680803,50.6236047615264,51.3404461475681,51.9247670189924,51.6064575867027,52.4459340290217,52.4619864845402,52.8659278562677,52.6047483192627,53.5740228552298,54.3633570027385,54.4190433614648,54.0477479126326,54.52859817066,54.9334194437646,55.5046348590471,56.2040643858305,55.7518748779135,56.9215736129867,57.2248627919767,57.6625494543297,58.1071006872562,58.3062859673455,59.2052534110822,59.520325307509,59.6970344182638
"33771",10.074516670864,10.1594668401124,10.1886298620024,10.2625602438633,10.3341801428089,10.4321417490445,10.712329345766,11.3674751667721,12.1613101141336,12.582702600328,13.5606104602981,14.5474362503609,15.4264616968945,15.8725398679851,16.5072813045838,17.1987000854184,18.0116245280374,18.728512899243,18.8682667350667,19.7715692989124,20.4870355538351,22.4353182321441,22.3880495527199,23.0174600152522,24.0506855969782,25.0009166812377,25.9360327559742,28.0975265691178,30.3479246928269,32.9647578293819,35.8500053612536,36.9324843827326,40.9678745838657,43.5792768202712,46.4331927314501,49.1876178215619,51.3442905622158,55.060041759361,57.5576585295839,59.6425081882034
"35234",4.53629062185335,4.56350011893273,4.61044464771686,4.60228909688756,4.62555764824865,4.6700275674837,4.76901394242633,4.91765109143677,5.13659299501792,5.29716938213233,5.52691611040835,5.89717903786236,6.28274110404402,6.75585431583791,7.1561042099328,7.67793339304945,8.18311920157961,8.95469544667883,9.56195013926676,10.3129073760508,10.8284000881147,11.4068137011738,11.8148625825653,12.5986472913973,13.6362919337444,14.1858546058682,14.2015118690087,14.8905319123322,15.7278200006187,16.1741530593084,16.9859895460044,17.8173785549856,18.8915077368871,19.6762647410756,20.5283695470785,20.7989055289727,21.7053657226448,22.6177605388887,23.345935159002,23.6924005370026
"35331",122.333531712261,122.590280678981,122.999001171682,122.49699653254,122.931973736873,123.310211854083,120.467491302588,119.020458117137,118.886946996761,117.689350240802,117.102450071305,116.481065092062,116.44331166273,116.132475362949,115.719780125172,115.516410952768,114.986658271871,114.988146136739,114.350930575021,114.513105134858,113.76793081629,113.527324596188,112.726927345092,112.537682818316,113.222925793042,112.531737167472,111.011246786562,110.80140887429,110.909495915171,110.509674549574,110.463246148803,110.223237617223,110.761735552074,110.422962359048,110.26509408946,109.832462267151,109.551078680781,109.670511641637,109.349468634983,108.469241607564
"35351",19.1544240120615,19.1744228863746,19.2744164468031,19.3280958442236,19.507471024387,19.7540704144355,20.9818698218859,21.9099634744373,22.7933309867521,22.7523693456385,23.0489519669326,22.2448867744926,22.1502741502482,22.289785520726,22.5207540702082,22.8773136215214,23.2201670359446,23.8819624134183,24.2871248421569,25.1532736262384,25.6560825611496,26.48785423018,26.9603729608293,27.7390376208989,29.0291171963145,29.5677169168821,29.768611923918,30.733757579273,31.4694658135599,31.7112992259118,32.2598367022956,32.6690165177547,33.6056792389037,33.9773571410271,34.4247126282913,34.8991080228924,35.4204596642763,36.2236088476804,36.7712612670005,36.9822688025556
"35372",106.405606007073,106.608570834628,106.945794539929,106.824768154869,107.508910537663,108.166714488604,106.840467585034,106.984342522652,107.678841622081,106.922271052697,107.044427797563,107.098496522489,107.378541724677,107.636572245371,107.45142586368,107.204011826512,106.753352178901,107.043957717446,106.450434071064,106.790371122149,106.779178631237,106.314327119282,105.560127448617,105.479307694957,106.391359309341,105.609333132342,103.761624598323,103.282689025232,103.114308143068,102.705196362345,102.546488659305,102.006493100811,103.149306857778,103.828863887069,104.64523486775,105.334306014241,105.689144898752,106.287336284856,106.103579075948,105.530919848124
"35393",51.6598320927841,51.726755702229,51.9510425972657,52.132682866402,52.7228426094377,53.2663755468885,53.4150719968584,54.1076122276574,55.3650295441586,55.3298987918508,56.1172052826227,57.3939507745482,58.510291050609,59.5038234305357,59.9342446219842,60.1604185941103,60.3426501619088,61.0206597573488,60.9897725822251,61.8286059947083,60.8541201119751,60.7414822864451,60.4280045089926,60.4863488377896,61.2105654976275,60.9162535982675,60.1442621076518,60.5852546138519,61.6048821331514,62.7828068971648,64.3858798684354,65.4031594588834,67.2670923344286,67.2062116493017,66.4859532855111,65.2075173713132,63.6092762653659,62.9386861183664,62.3712841934898,61.5342359096723
"35411",19.390865919087,19.4141969239241,19.5943477495228,19.8722148421512,20.2969648532243,20.8426812153634,21.211305952833,21.8917846278494,22.9593713164231,23.2140209453421,24.0591116590092,24.773963826015,25.7175827309258,26.6390149471622,27.3341435690618,28.02487644127,28.760012747377,29.8286021154095,30.4145719841038,31.868738438905,32.3441847152526,33.3452534686357,33.935814272501,34.9274931690689,36.9051394517211,37.4925247930151,37.4401519313607,38.4371260486706,39.1289539995134,39.6885652845759,40.5244966297011,41.0140567258579,42.4375553446528,42.9643904852144,43.5711452723091,44.4139781203068,45.0164484103558,46.0291482084367,46.5711883045093,46.6942874875507
"35491",19.2584324772709,19.3766804135858,19.4215613643068,19.5415059569786,19.6571853710865,19.761590926157,19.8220092463482,20.0378010318585,20.3803201555764,20.1718553600941,20.3210236631985,20.7713122476221,21.6892241542134,22.6400000740966,23.6273491373484,24.7491699386847,26.2820264304976,28.0296180661313,29.155192486177,31.3575480011903,33.1405610792806,35.2463387327252,35.9632380072685,37.6715821152255,40.1595365648468,41.0610614599016,41.4352864305338,43.9613189628223,45.7415305983842,47.2035735973417,49.3649368190641,50.5245698127763,52.9729995961074,54.0000801902263,55.0935435519401,56.3730904391878,57.2799209187833,59.1751924372849,60.3926481098437,61.053005912728
"35511",72.463432108043,72.9093615655073,73.2850789659738,73.9350772831235,74.5332959729308,75.2377757508334,75.5460677357766,76.7405507148134,78.3061302752821,77.5903181308474,78.4894224669237,79.7917407170856,81.6367312914928,82.5486270321934,82.9337351462584,83.255661096293,83.9674120273142,84.6976910214495,84.2179869602619,84.9131817732912,84.7483059171208,85.0204593166597,84.4557675238751,86.9396140821131,91.9822927218332,94.7857402386115,94.9141507031593,96.677304853565,95.3251168329628,92.4679862156703,91.2547980972833,90.1877414510317,90.14087642313,89.5439757017482,89.1251197621772,88.8126723587005,87.8712866859984,87.6097488515476,87.1181987248469,86.2442602364564
"35531",97.1154432863908,97.7439149007687,98.3139255909873,99.0902675853388,99.7858982100551,100.79873971733,101.140396341726,102.861995994618,104.685062727215,103.555823644973,104.712077002203,106.41863380022,108.573958633466,109.698657904319,110.225067521429,110.540189401364,111.186041193775,112.166106630604,111.606946992898,112.418179733089,112.409148718916,112.805071845882,112.007356438585,113.21144673556,115.104263903385,114.510133496178,112.429108807921,112.493399880876,112.259091604003,111.964550388887,112.576449239812,113.264828933535,116.073971178671,117.513579819825,118.462642564608,118.270812749711,116.821201351575,115.882553925643,114.377096500415,112.986051670694
"35591",87.1138943154863,87.8488898907349,88.2345827055882,88.9108049037287,89.7953250303748,90.4725800064366,90.6773989772139,91.8887211092367,93.4284360023066,92.2417917225544,93.083964190044,94.0854175089985,95.2377361680015,96.0310811818185,96.4501425430152,97.0025444416108,97.6243552955873,98.260446984503,98.0060875821043,99.220385589863,99.357005554676,100.255668576628,100.263668880432,103.180190860377,107.367969030947,108.355767167568,107.567025657646,108.159016240164,106.670789822182,104.743747952633,103.652426978519,102.199150802747,102.278952332383,101.944775534568,101.809123743824,101.209044802219,99.7706327392474,99.0799578050056,98.1764036268591,97.0974920760777
"35691",95.8845599483718,96.6256253780151,96.9162833953383,97.5179060107701,98.9779307905829,100.252052819848,101.060800827616,103.032318708395,104.134390044829,102.729440559514,103.952945669243,107.510927315972,110.941869369928,111.506688412893,111.774306247281,112.201033126636,112.395956948133,112.629897741965,111.484949515699,112.432780384476,111.493647593944,109.456810310735,107.775136388174,107.551639859086,107.717245559026,106.546353314129,104.897283970163,104.525312741563,103.893031889123,103.230917587934,103.107858863661,102.025431920625,102.564747877657,101.804509617203,101.601087803199,101.328637845477,100.615616216694,101.120985984392,100.735668893828,100.512428593845
"35732",80.0768926102424,80.8189436200156,80.7378030080189,80.930175238099,81.5813933617563,82.1784444547174,80.862036780929,80.8745415360371,80.9639291673559,79.9340602520896,80.0389058506361,80.4092518617359,81.0341956074545,81.0564140974972,81.0378770263565,81.314589116857,81.6611549672742,82.1119475283961,81.4839035095488,82.3718044151562,82.5627974016934,83.475518350885,82.9747184064125,83.8457868975028,84.3630887969561,83.9443920373876,82.9109523135016,83.3620161822126,83.6167339691653,84.0647028445893,84.7045666053039,84.0987810723948,85.4840550149858,85.5063717772485,85.8704217441934,86.1667285768433,86.0351884434754,86.9380983708569,86.9835193238654,87.0358511683196
"35751",1.1379318269176,1.14738962248357,1.15054121515041,1.15705046631881,1.1674089568316,1.17933473858688,1.17951490391427,1.19416942489334,1.20688999606356,1.19458641586652,1.20464374173611,1.68468784998141,2.50970498696044,3.49655229918259,4.73931642757171,6.23568449215246,8.05179336685165,9.99425202652266,11.3056266958731,14.0758264959343,16.3120107265568,18.4496263763296,19.4966328391997,22.2587154316693,24.6536133908667,25.9610145406528,26.7123265760414,29.101747395434,31.2544641661296,33.7653069272716,36.2967891161899,36.9446183720149,40.4271553212675,42.3350107628111,44.4357251421844,46.4264721949479,48.0691051300363,50.7863668072233,52.4823646040059,53.92163510865
"35774",56.6171841207074,57.0232266947555,57.3527520605074,58.0039050913255,58.9395965568509,60.0336999844538,60.5757508860699,62.3096097597136,64.0070946889701,64.061424802776,65.9582765557206,69.1247197981727,71.1434712570547,72.131081906424,73.3773293795159,74.5722570930995,76.2150783782458,77.3029099620869,76.8726771244508,78.4663638167981,83.1528669006985,82.6552491748414,81.5169921454054,82.60150516523,82.7707461579069,81.8924817017611,80.852174548031,81.3428490927967,81.8414100831416,82.6164825470322,85.6834801124887,88.2671572820096,95.1299334305427,98.4201497264123,99.521008220819,98.2428745811582,95.3530698155974,92.8138860040772,91.012155789446,89.4524109608
"35792",0.711614606553887,0.717241080683774,0.719463122451713,0.723657020222174,0.729679081098953,0.736940931781687,0.757285876858269,0.805938676171869,0.865930867550988,0.900936267503932,0.976824278804749,1.19814921290024,1.50808710386906,1.83739661505538,2.26435494348935,2.73296966133095,3.34503119072693,3.96824378524774,4.36486748263636,5.17891900439862,5.98786665023756,6.9647676536045,7.63450178121573,9.00915737062895,10.1749226278401,10.8742324411915,11.4415242147431,12.779679725687,14.2618298927534,16.1180665371707,18.3039507993736,19.3095852310324,22.290839752159,24.2211601368979,26.1230372220546,27.891066006602,29.4145056056025,31.6558515130055,33.3249298428415,34.5875415351794
"37254",13.4816119985786,13.5490963021467,13.7191274501906,13.8455584370744,14.1547104212369,14.5244960390049,14.8607063595732,15.1915442163979,15.6330112455052,15.9992037164419,16.3658827751249,16.7615566023426,17.1627556173918,17.5238436341764,17.7709833842639,18.0246662395609,18.2667032855258,18.7239813279317,18.9944047819556,19.3737026779399,19.5273364065576,19.7690477647121,19.9270684690307,20.4694505780902,21.331789409432,21.6902508881016,21.71201817495,22.3373162157214,23.0673842170004,23.4637301223955,24.1885669293936,24.8567753185401,25.7924612696192,26.4169413112487,27.0906595906799,27.0843626244249,27.6241077459714,28.2482684497724,28.6509614804518,28.784718182889
"37274",155.253923707281,156.423542080508,157.009542106714,156.338308894639,156.78201218406,157.076905277476,153.463783504929,151.469738827397,150.594396588232,149.470895108839,148.566653167052,148.363915180205,147.903791935155,147.369306076532,146.487708272502,145.52983984689,144.405766391823,143.845587994909,142.665047664043,142.025372727154,141.092946366857,139.202261986388,137.522939693861,136.810412427147,136.869211064033,135.896723630471,133.929238979416,133.001958022026,132.364002688822,131.155514313194,130.447922675922,130.601563024462,132.066065780837,133.083764219622,133.598729417976,131.878956820535,130.685065206391,129.235631868885,127.409945027844,125.479094539598
"37333",70.5090347742783,70.8489876853169,71.347867091371,71.3861970799281,71.8829506455149,72.919096833363,73.4303822794844,74.1289203644481,75.8258921074778,76.0801804165528,76.8877937655428,77.7084041824208,79.0903269051723,79.6127608561879,80.0708817948785,80.5956572863315,80.9691767560306,81.7654386499184,82.0741011360037,83.3781651939982,83.1659518280543,83.5519774033786,83.4502405902456,84.2376408696417,85.7512357053132,85.5384677240499,84.584297510217,85.1570232074726,85.9375573958623,86.0883852877282,86.5234837627966,86.9250327179774,87.9569641274273,88.2646126082927,88.4099159621742,88.5705016527062,88.7845418949088,89.437326446192,89.513778136087,89.182713865944
"37371",68.3312458423415,68.5094248650707,69.145660442103,69.567742931344,70.4635403926275,71.9715002384688,73.6088672425659,75.3468204725199,77.3719985517016,77.2431088787513,77.9444937273218,77.5390441107606,77.8796445433689,78.3843436670706,78.5321780354704,78.8415816918335,79.0273966751894,79.9250636240283,80.0138278189284,81.0490084429933,81.2711692645274,81.9348532227011,82.0874014975474,82.9914822907059,84.8592904909733,84.7934753575183,83.85775649782,84.7484050697915,85.6778997877367,86.2695381276044,87.0078457918943,87.3742895063927,89.1902274138045,90.0815634416312,90.6778802016324,91.0747667241765,91.3572704408532,91.9406035998486,91.8645036928766,91.6029749608003
"37391",41.3319649701166,41.4755587574292,41.6691686943366,41.6975694413674,42.0263635376112,42.537418601674,42.8675893425577,43.7069425165522,44.9261836666106,45.0943727438433,45.9430829709323,46.6672358741091,47.4884755662979,48.3666132944648,48.8280689312917,49.343736301658,49.8869833322636,50.6903971207703,50.921278934628,52.0535863108158,52.3415551920267,53.0689322989922,53.4354491952227,54.3347221280732,55.9681827355868,56.1549826742711,55.6720740808952,56.605751012237,57.4974149562515,58.1474596407661,58.9501482372184,59.3754460594678,60.8293819404751,61.3165681395738,61.8356394476086,62.5357329166966,63.1718468399908,64.1849870835241,64.7354064495149,64.9415041922376
"37414",54.3214012752321,54.5327784700217,54.7656143778312,54.8937643193072,55.3730683566641,56.124753799416,57.3403037493811,58.7141153063113,60.327796561801,60.0791423525937,60.7165498828833,61.3987419948875,62.2108177216483,62.9010908775848,63.0857712827107,63.2825975702836,63.5199185879673,63.890504903647,63.6257512403959,64.3295597025503,63.0404011422534,62.688608653761,62.2868339723718,62.2939557782806,63.3031591256914,63.5319169128155,62.7113998158279,62.303830316058,62.1320461142897,62.0082748198261,62.1400238986528,62.0344357432878,62.6601008737552,62.5058285145045,62.8285389445643,63.1031894699429,62.797354231949,62.8672224736299,62.7265282059164,62.325561162525
"37451",65.5105746061663,65.7880633106577,66.1583269012706,66.4615700873006,66.8384331278416,67.2201971696502,67.8291976319204,68.8325720738733,70.4302983040538,69.869697081513,70.6750508983253,71.9948372805418,73.4136915325705,74.2966802962869,74.7469810303482,75.1482965810583,75.6739049570553,76.288365577433,75.9918434271288,76.666120359739,77.2100501550863,76.9689178829927,76.2468375370122,76.0113743168646,76.5632907632484,76.0368291883502,74.9245353923188,75.2951257554484,75.4482890329322,75.2286765627692,75.3841554476762,75.0596272658329,75.8504475875795,75.826177185315,75.7147108459804,75.8393227448181,75.5921447242564,76.1229189573422,76.1738362817353,75.9107823527026
"37472",35.9492139374701,36.095326169172,36.3615144146669,36.6734414474531,37.0884503189181,37.5169238972006,38.245312793197,39.2830331276817,40.8857147754111,40.8773984081731,42.0640678349228,43.0838218885975,44.3422065066248,45.2632571043187,45.860964604167,46.4445178028793,47.1320393119792,47.9669906944356,47.9876313779081,48.8059538159729,49.2727043484089,49.6867843405705,49.7147349259215,50.3489040163449,51.653315904882,51.6922084326315,51.0790196049731,51.8631082007309,52.3642977327138,52.5594731791447,53.1708204842387,53.3753399397724,54.8266462497121,55.4940011524822,55.8856204513379,56.348933052838,56.2884107624505,56.699464435787,56.6890192202446,56.5698400220192
"37491",50.8105864292661,51.0934756318633,51.3390485006884,51.6488388703536,51.9459468368294,52.2231924629549,53.5019853422381,54.7315227314099,56.1459804749315,55.6482785747256,56.3780206292966,56.4623498696127,57.1762564176636,57.560510798721,57.5645454776425,57.5597611682807,57.7438778430668,57.905853285683,57.4786420047303,57.7068255692822,58.1272378435127,58.9340655473336,58.654789770466,58.5235059507544,58.3167452514667,57.0615446045578,55.8837862984186,55.6922537248521,55.4508389840768,55.1091855471773,55.0198156176347,54.6602806755142,54.8978149166534,54.7134059708772,54.5085279024056,54.4203490285385,54.2244824331788,54.4931771705724,54.609129296946,54.3687148587188
"37531",76.0454236175698,76.5280377237783,77.2785455601845,77.9988830093221,78.8447264837348,79.9237314095504,80.5277474697786,82.1671700401864,83.946585892834,83.1475077385783,84.2234380942819,85.2487643678674,86.8965096995363,87.8490106744003,88.3586291741717,88.9255225634339,89.5981663140555,90.387246584249,90.0290536510243,91.2447762042707,91.8971568539203,92.6731210779312,92.3676422169134,93.4517908441507,95.4135153577266,95.4436054305282,94.4563862082924,95.9847367812389,96.5910753349635,96.7783316949301,97.2987667848489,97.0205875792798,98.3208659746426,98.7192586331879,99.1126745293037,99.5501298236565,100.079674196552,101.758189199275,102.614889552952,102.726022163495
"37551",8.61822893286286,8.67984823093733,8.7377956933411,8.79029062044419,8.84346977046137,8.90430165633535,9.07528083064927,9.44412893810466,9.93673266029949,10.1065587765668,10.6563181348631,11.1696023401659,11.842329131909,12.3116565692682,12.7900205627159,13.2128757706844,13.7250263226348,14.3417178659986,14.6315034539192,15.3846097474128,16.0003014337169,16.9694950616065,17.5919205586387,18.929560475164,20.6419767764574,21.3184261387538,21.6178625156556,23.26163145359,24.5446215685479,25.8931738742692,27.6005700883021,28.519642664571,30.4456472139422,31.9285629181832,33.410263629734,34.5493666292715,35.1546659403361,36.3751228775259,37.1871457290556,37.7512159284203
"37671",56.8970373762396,57.2956395406284,57.4107753657651,57.6606220056644,58.114062461034,58.8836677930312,59.1824085022383,60.088855613088,61.2768026989612,60.5632660490571,61.4559609510779,61.9322379240216,63.0270070939171,63.1026729531065,63.3349860177207,63.4890092116214,63.7880341111477,64.0890582725592,63.6750465117877,64.4142528827214,64.4828921258284,64.5947450442115,64.1132899810491,64.7695418354501,65.7014615852427,65.332616891215,64.6178460930409,65.04168508147,65.1460413102071,65.0990618812969,65.6513941712204,65.2955941154003,66.1405351586563,65.9328441509488,66.1975392153467,66.352364151977,66.1566130059252,66.9405353599177,67.0328519702746,67.1465491744944
"37691",83.5224014775632,84.0598708692364,84.2738384821858,84.5550144234929,85.4835353601333,87.2590713626364,88.4808957771375,89.5544852134476,90.8125369808774,89.5874792802622,90.9668122890113,93.0045436616554,95.2983423442875,95.7137544064012,96.2198448835367,96.4685175483539,96.9876584957977,97.4631381530778,96.4981808551738,97.5882004043932,97.6894235283176,96.1642487201611,94.6930056641235,94.6739516164752,94.8502027911984,93.8537819327354,92.3791086412844,92.1063658702779,91.5837644742634,90.9878834004775,90.8090864162261,89.8388894966623,90.2262374072973,89.5278395005313,89.1556223715644,88.7366391650097,87.9350392023861,88.0876449974351,87.641115893521,87.2062752570691
"37711",115.962170940583,116.831693674485,117.006942503057,117.379457161593,118.598153504366,120.734531811797,122.008603681982,123.786399217224,125.532625701877,123.7829564531,125.580462787793,130.526687080267,134.654134000317,135.420682770031,136.141041460646,136.40929658837,136.729146628596,137.063663956321,135.159104648558,136.066359898456,134.513751303382,131.185037607448,128.614898959834,127.967926755678,127.644945385446,126.251768219481,124.114127764813,123.313050261223,122.340535010003,121.440044304072,120.952479364203,119.715466773712,120.322257110407,119.44567432953,118.960171731619,118.533091022461,117.445765007412,117.406447366485,116.621302278786,115.866008637887
"37772",36.0787994681214,36.3033035806969,36.4176695562709,36.6449223977037,37.0416563863608,37.6042571602069,37.7874730621247,38.622463221995,39.5013059478523,39.4645196943638,40.2644911761887,41.7243710344109,42.8211795593596,43.1999238082094,43.7646208563031,44.0955891296482,44.6939439104904,45.3733281195041,44.9976690470918,45.5870059179094,45.6291544487401,45.6823604938229,45.3104042079639,45.7721577606192,46.1192277627326,45.970091451104,45.5309309403658,45.8458859004824,46.1419294072173,46.6020773792012,47.1863496037669,46.7988354089746,47.8111430610001,48.0678678785311,48.3893088851942,48.72175507094,48.8653111085802,49.4688592367224,49.6719671407252,49.5912139938915
"39191",58.7125162439426,59.1286504121365,59.8279714487634,59.9234197909302,59.9974703355163,60.5374953318628,61.3101119058597,62.4336001535995,62.8596565915019,63.0151159784759,63.3363386816841,65.3584184263526,66.502488338031,67.4678058912113,67.8963879219733,68.5204646027455,68.7736453598355,69.7127471906825,70.4274134368638,70.7186128575475,70.3994516907092,71.0159642103683,70.8384649689931,71.3864267118643,71.789908092198,71.3512951104896,69.7500199500128,69.0400939518872,68.5042703300437,67.806858826933,67.4084267578668,67.2614532108457,67.2023386649329,66.8493859132027,66.8042312633864,66.0967617231051,65.9378472896649,65.8662787332899,65.6449701266156,64.9021697592494
"39251",208.878416042993,210.360288183296,211.708088542577,210.908310909271,212.557914969235,214.108062354186,215.193531778007,216.224008454802,218.107263709378,219.484653655376,220.216994356099,221.682777132762,222.941275481371,224.021792468987,224.858553980143,225.097851326812,225.375623091995,227.308789848831,227.952674726122,229.154178368845,228.638377264952,228.36691951097,227.235737924228,228.741903963955,231.74744045389,231.467034864787,228.794192409374,229.563606947098,230.482971593937,229.594634843548,230.36984999305,231.040362539883,233.196058511517,234.003551519382,235.080091653303,233.14599124479,233.677937453099,234.63577631864,234.472048948683,233.042240460493
"39273",23.3597852925835,23.4615904955294,23.7096564371578,23.859039413676,24.3214495652519,24.851896545597,25.4701501612765,26.2174485668159,27.305873529722,28.3228663792857,29.3963344433056,30.5435485734794,31.6477451538536,32.7397676859704,33.8119459397127,34.7154081845036,35.7018358738999,37.2350211115429,38.3174763840968,39.8857962417465,40.6599727930349,42.1519071167558,42.8170914287069,44.0684351068306,45.9976525810606,46.7004548575532,46.5895822968976,47.8990421260702,49.2401446636073,49.8852924726798,51.1053411076738,52.3420032235108,54.2984011594985,55.8211736733795,57.3958184660554,57.6575292024995,59.0209022449719,61.217853642516,62.7783538998505,63.5831448367236
"39311",45.7546573001641,45.9675734030083,46.3323583115279,46.5539085773469,47.1665904466352,48.0971822182385,48.7558276880659,49.5682561558286,50.9980514163891,51.7443789015485,52.7716812231052,53.7605411397931,54.9272967752057,55.6859296495214,56.4573061751749,57.0222168534578,57.6101039865635,58.5072061567097,58.9462887257596,60.1437070304422,61.4150758740831,62.5177963245328,62.6229139905366,63.0205505546035,64.1541395099773,64.2609354478248,63.7945130701442,64.7546129410584,65.8541295049441,66.3654013390913,67.1420409800167,67.9141821897336,69.2057420613182,70.0216551371487,70.6326666236959,70.7769544554702,71.3904251987172,72.4758355213058,72.977378128116,73.066615811455
"39353",69.4195596210521,69.6801802848715,70.0226500243787,70.1775886998661,70.5896638293951,71.4095939043239,71.8140241074698,72.6213113201914,74.0383243846105,73.9196161898757,74.5553581877928,75.6273123720767,76.8480798910243,77.5475655221695,77.9534275453937,78.1385877670601,78.2189851724134,79.0281176745981,79.1268656630125,79.9851016763244,81.0126507028936,80.9531645543143,80.394122075042,80.4891497863368,81.0878956176472,80.0623809773008,78.5907898096762,78.5948279325512,78.6940520060253,78.5723250289278,78.5017265334147,78.891699949275,80.4660314605254,81.5951175198039,82.4009092598922,82.9108797855618,83.2846306962961,83.7073287356337,83.1579933135586,82.7032389216009
"39531",82.0799627005358,82.63566908051,83.3283019730438,83.9763159631818,84.7659307537208,85.7435015623114,86.3316063717992,88.0040447340762,89.8204372673997,89.027941101372,90.2744850429981,95.4537030171162,99.3429275964359,101.413791371307,102.544457721733,103.467225809044,104.272502086877,105.019716944369,104.190317167418,105.330034643439,106.130643682924,104.287370537319,102.242711060346,100.939741324682,100.679143323034,99.562896457754,97.7986103680613,97.4291339127696,96.8792238614613,96.4339761846138,95.8744037451127,94.7521338372852,94.7521963624014,94.4382377547345,94.1947679703841,93.9523181697985,93.3939617662647,94.2989118050615,95.0485073138594,94.8614535989063
"39551",96.9983927922794,97.6853377351472,98.4247903480603,99.1039520992452,99.9416219249223,100.863963471151,101.407048396005,102.850251844455,104.55820783709,103.540181377215,104.549133400589,109.558019853721,113.671907472099,115.542269749994,116.94890256328,117.63137171419,118.533093684571,119.538462567447,118.731703117444,119.911605163123,118.653081292456,115.809551336927,113.590845486408,112.811387616588,112.729595500954,111.596506069783,109.722119754941,109.365315121455,108.56359933423,107.533578483039,106.688270527123,105.353791814402,105.064545530556,104.404288715735,103.891916275445,103.460781210487,102.83820404152,103.095371713965,103.051900525325,102.381669043101
"39611",15.3727166119334,15.5162640826013,15.5970932171648,15.7919548339429,16.0003927736407,16.1609993787319,16.4015922974409,16.8572497686783,17.4233918628728,17.4676488532182,17.9884854063573,18.4984447993445,19.3309704270998,19.7266919654993,20.174204600966,20.649638614832,21.2881671001429,21.9786585844479,22.1945177623633,23.0464576162841,25.1858352418715,25.3651460459454,25.0022905272932,25.5799449948628,26.5997915196995,26.9008421170693,27.0303016919796,28.0242953032672,28.6858619901831,29.2873713545283,30.1073581092667,30.3911469199818,31.683466793192,32.1999345498633,33.0744081323979,33.8442238608108,34.3015867313167,35.6800439696958,36.721535238583,37.4511829048937
"39691",50.7091433593319,50.9218497952487,51.0887204826601,51.3540151112339,51.7312260610648,53.2287632181429,54.5827651664773,55.2078014405283,56.3044280714638,55.6567001768344,56.639735058735,56.5676920958924,56.9444629420444,56.761608308206,57.0334924741748,57.1145986332765,57.4355622958294,57.7054078935372,57.217894868752,57.8279722453648,57.9996751067473,58.0924917213422,57.7088386319946,58.3030909517233,59.0233993983564,58.7556018733624,58.0973417378306,58.3924068402545,58.4247620306655,58.390829877352,58.6984373649899,58.3465495976901,59.0979880954373,58.8828925110545,58.9601318156067,58.9919315961963,58.6818306424815,59.12932397044,59.0712589819265,59.0161783091402
"39711",60.4672850322657,60.8071345844162,61.0324492596095,61.4537434412185,62.3289884604945,64.1327703069962,65.3641101771781,66.2874933739741,67.7017095318133,66.8568408501576,68.0429643185809,68.3424826844421,69.1888843146457,69.2147009436748,69.7246684334939,69.9206941296358,70.4302348077481,70.9646585211405,70.3746739556868,71.4606170305504,71.8991463768198,73.245799446928,73.118358172486,74.1071893114351,74.7815685908425,74.2247981748132,73.3386261943474,73.7362095263712,73.8327603105924,73.9330041506541,74.3651082995414,74.0789904273018,75.2268150419068,74.951224205681,75.0162474537407,75.1172457357377,74.7470818513053,75.3613886587334,75.3629858877762,75.3073056821292
"39751",79.1520934759084,79.8265853115569,80.0649940320654,80.2154825285755,80.9301878235417,81.9798804965709,82.2628578934646,83.3390882912429,84.5899536131672,83.9018135211832,84.8359747508237,87.5947968753435,89.5063635501279,90.2816637129456,91.1246012792232,91.453709963799,92.2837577164237,92.7984749251769,91.9667197294158,92.8290907656366,91.6410217172455,91.1078683120329,90.0636807432895,90.4479226770525,90.846258976008,90.8204008994204,90.6267871114866,92.132356083824,93.4713395733956,94.5716265125657,94.9772584178041,92.93765150915,92.4827874931827,90.8291292820971,89.8690432130036,89.0517324448977,88.0106686910789,87.8755484457397,87.5635826176523,86.8137171108144
"39791",320.183762800932,322.687444539806,322.831740402807,322.63611677482,323.231890318366,323.02976644469,311.61550166368,306.428550382832,302.875838063039,297.935345670261,294.343410257472,291.317329241437,288.552359994388,285.152695669105,281.987936595094,278.603331883211,275.686623639461,272.779379264643,268.567941816105,265.285934752796,261.868077911349,258.395528225559,253.910721435403,251.067543561848,248.32171505002,244.693366144938,240.107080893003,236.657323106758,233.352720155277,230.224421977302,227.495527500698,223.35207646296,221.056662283705,218.194584935175,215.464601401131,212.648391865116,209.500764213563,206.89233080061,204.131996498499,200.971482111066
"39814",12.7829996209871,12.8504178000239,13.0093003726715,13.265834858512,13.6813894871357,14.2359757725491,14.5926949985263,15.2441215066881,15.9916401239668,16.2049134597887,16.9157349207575,17.874782661938,18.9572552950605,19.745177509082,20.8340347798182,21.8616193991434,23.3734507772647,24.8081820859426,25.4951221805446,27.1056979878431,28.8981374214435,31.2393884699566,32.1914445153403,34.5990352821686,36.3713425739637,36.8725563886328,36.7281315491239,37.3527309493879,37.8529888389359,38.6397497907408,39.6779158497183,39.6793988713725,41.3958794473948,42.4216422417347,43.3680960777846,43.8319976634479,43.8158835551441,44.4557713164554,45.0179428499975,45.3239490968355
"41192",69.3077281089488,69.7347710938998,70.6297986169781,70.6999840596128,70.8296172985891,71.3201514742029,71.759041936967,72.5031366895585,73.4950479985219,73.8195547180053,74.3093191532539,74.9348716178646,75.3933317617099,75.9814587041371,76.2948218395828,76.597708581514,76.6440377546717,77.6365686674937,78.6514326271794,78.8041189086143,78.7436571684133,79.399528509627,79.5837561501234,80.8028686391178,82.069263341833,82.332174085607,80.8847215477425,80.6778284931023,80.736929842528,80.4402938079792,80.6337985476885,81.1030964488344,81.8368167314675,81.8310258393042,82.4440454209511,81.7894429934811,81.9627503835269,82.3605294077138,82.4834072452322,81.8423533816006
"41333",99.101306992409,99.4023889505023,99.8863848317921,100.063356801371,100.878521198352,102.057826735315,102.923220163746,103.978914447709,105.973697389008,106.33331127275,107.476125100615,109.118517001984,111.132576315326,112.360887110665,113.734027388071,114.054376199862,114.46365585178,115.67946041346,116.250676748687,117.762898565232,121.599995833046,129.292723645955,130.471781569833,130.78621792968,129.28575140995,124.476241458879,121.113619375036,120.207863318844,119.482555571436,119.352826491845,119.554331542251,118.945886943022,118.075189817694,116.97100308323,116.064761898223,115.109211630096,114.302145637164,114.851232276322,114.989545334647,114.413560787687
"41374",56.2420871920373,56.4364416009423,56.669342824699,56.7544815221312,57.0757559533534,57.5611120912047,58.0896978248066,59.1704252781437,60.9201639521771,61.2004560088906,62.4789411943751,63.558865544869,65.022193035911,66.1458971119638,67.1897555758688,68.0952606675697,68.9330876023684,70.4687979400182,71.4345931191681,73.2324527803424,73.8611937255174,76.0252048778278,76.3675776639482,77.4623996919185,79.7914644127171,79.9475896755008,79.215129633213,80.9872791607681,83.2354914058529,85.5545753732523,87.5407732995832,88.71173432167,90.8753705928567,91.1091354258642,90.8040803952498,90.5067263716151,90.7703866419013,91.6432478001764,91.8473683413395,91.8300132943351
"41391",66.8849213402607,67.1692653562372,67.4679149556151,67.6133235105571,68.2049131326572,68.995192030959,69.4071948349612,70.3182849107486,71.6583468128644,71.3548160223315,72.0529778013971,73.422286536015,74.5021363082002,75.3432983687479,75.8116811205908,76.1464763112768,76.3798979588485,76.8027338412933,76.6968102723619,77.5267441749462,76.5073506832496,78.1778182847133,78.4913509938785,79.3882751597935,80.7741349757301,80.0537227453252,78.2866036670444,77.7992439973543,76.9366705219646,76.1077256010696,75.5225675233659,74.8689651166728,75.0938275649764,74.9181233647967,74.4946097760044,73.7705964118855,73.1004550140931,72.781514239813,72.3128889001386,71.6608335483011
"41411",35.468176451868,35.5945496833413,35.7558810989328,35.9130339538055,36.2675581305587,36.7820987330487,37.2943278933365,37.9626066844089,38.7702021347911,38.5253147842794,38.8785002775316,39.1082204927387,39.6735015608284,40.3882387493159,41.035564978251,41.7374108768668,42.4998030356177,43.5022506611355,44.128144284289,45.8252468046923,46.5355161747883,50.0417398535032,51.1750281633289,52.4220972085782,53.7857087447661,53.0564789538034,51.8873755957583,52.3970222325233,52.8882562717197,53.3044227980836,53.8151499346653,54.1568079809761,55.435254983005,55.941319892125,56.3944515965963,56.9293685167064,57.5822101976432,58.7820008571091,59.4648760606955,59.8073898139083
"41471",93.2221111466154,93.4871931181321,94.1797350974565,94.862325217108,95.6900035245262,96.7171254916593,97.9144848484725,99.6355877528143,102.249547086748,101.717920700096,103.516782823192,107.268871554374,110.433774232507,112.42579023825,113.764608809736,114.587802982753,115.697181372419,116.454464429161,116.23455698024,117.871589614864,117.324671127965,116.106690988394,115.365598042205,115.588582346931,116.855345625896,115.960959195147,114.389705843044,115.014882503407,115.256743194332,114.931792831813,115.172484875454,114.863047591107,115.937392611163,115.964173100553,115.953469902061,115.979835393903,115.567518634683,115.988491067148,115.879156059317,115.211985739247
"41491",79.0746772794064,79.1771206532644,79.8983276457628,80.6756665623119,81.5437638591684,82.5505014252605,85.0719167226508,87.1335217613588,89.35196223056,88.6474182514698,89.9224267755034,89.2514758841936,89.6146635758201,90.0080649157193,90.332003110251,90.5263367250309,91.0608333457406,91.5842335753003,91.270291450264,92.1176933577001,92.4306310199715,92.9130444528342,92.8283639469041,93.5442723589183,95.1785298964168,94.7100222052576,93.5891310248068,94.6606016149858,95.3025394779023,95.5472372391313,96.2528406820393,96.3059534497533,97.7180910145935,98.1580206015028,98.4682486085443,98.6981676093645,98.730306229844,99.6688305121426,100.15765630815,99.9270457358629
"41512",135.579564649941,135.950222861969,137.099363856837,138.27683353271,139.636206228505,141.205835174024,143.100654962186,145.902955284579,149.516023701063,149.050364754742,152.257364725085,157.025892226254,160.950691983426,163.618649976018,165.65820017654,166.830166479204,168.614317143056,169.962298420964,169.047686237214,170.956026180597,175.107423358137,172.446711368073,170.675981869423,171.42206626608,176.345152589518,178.51540674075,178.928274155468,183.834125389943,185.723435444207,184.990461835547,183.339855394759,179.212478391876,176.540463567295,174.396260368876,172.72527193994,171.239553280708,169.604340434431,168.785058760392,167.708776270065,165.779989480258
"41571",75.8922159728066,76.484974105269,76.976212467817,77.3855597450975,77.777500184532,78.418910429863,78.8384144625104,79.7274187652011,80.8656570234702,80.0415585348228,80.6909240033854,82.7161773343894,84.8320692830929,85.5648362346186,86.399529382073,86.8209912729384,87.5468473354196,88.3826450068387,87.6397529987076,88.4886000244667,89.85474021691,88.4517395537509,87.0536933593761,86.4962930126215,86.9302386161685,86.1584806243393,84.6945375057659,84.6727782885728,84.3333511761317,83.9721291501764,83.8620869960285,83.1583761867351,83.4327874321725,83.1647870553148,83.0426025745634,82.8280618494174,82.269143636769,82.6462664971393,82.770413715001,82.3898072222306
"41611",30.9825803325924,31.2057208700837,31.4608773574445,31.8971333153609,32.3816745950065,32.9615910866338,33.3777457465758,34.2397562885532,35.2423789964889,35.1096819912901,35.9216700834921,36.793626381502,38.3527914565848,39.1651303772269,40.2147046144364,41.2958653639687,42.7613332285308,44.5515355738456,44.8874195296278,46.5986484857893,47.6591270489201,49.1593667959264,49.6447451203507,51.2742541815985,53.5913647179107,53.9290108612068,53.794864114751,55.4609728490916,56.5698948864831,57.6251875276294,58.9846505735186,59.6585569902837,61.8524864824112,62.4113544325402,63.4633700694826,64.4327952839947,64.8895731847945,66.8654172479259,68.0569230176195,68.9221833908405
"41653",40.9845946611913,41.3537847601323,41.494991675326,41.7495257562442,42.1504775536782,42.6607289696035,42.7999324163961,43.6043977198941,44.5690804185345,44.0812705900639,44.7404449720789,45.2570836612854,46.164515167561,46.3302941094739,46.5703128501954,46.8841916112923,47.2723833495017,47.5003034503529,47.2972045572836,47.8407445450102,47.892529135789,48.1208946896641,47.7945632053416,48.3879479318745,49.2452852934573,49.0912557595095,48.5748719033894,48.9460505028481,49.0878707944403,49.0382284423719,49.3824320911509,49.1816384546683,50.0000321792751,49.9616000038771,50.2213390262236,50.3654530164249,50.2083630080969,50.774085375413,50.8798578165048,50.947531354293
"41674",29.3548720640774,29.5357435461225,29.7976141125451,30.2821881513442,31.1195866442405,32.1876497104316,32.7398494262394,33.9125120957952,35.4108693281282,35.4515920781939,36.7697477457985,38.0309371649312,39.8169987283343,40.8089574818309,42.159746899732,43.5314253864261,45.2333066455913,46.4880004230868,47.2753277930843,49.5775043099883,55.4459430857767,72.3579439563902,74.5750185173949,75.7697230175059,73.8208005246254,68.7953807287942,66.4004708201865,66.0072480839014,65.6814137313023,65.4735680520662,66.8649857528708,66.891914250874,67.1476749219448,65.7056141169124,65.199717249201,64.8802446376201,64.3644866324242,64.5384037560694,64.3279020171964,64.0416240319634
"41711",114.605747559566,115.685593625205,115.780469853911,115.634360533252,116.303299144438,117.215413646151,116.953987642946,117.330168627625,118.276181698045,116.184970322798,116.309372257221,114.445780190403,113.748245478979,112.755458363709,112.212297968448,111.447164509952,110.894434009867,110.339606745567,108.768539452198,108.465808866841,107.835231098092,107.510986875139,106.272801310108,105.635138703672,105.317124039672,104.448797694916,103.152482461917,102.710573861601,102.128261679746,101.512445970986,101.271806899715,100.283111751089,100.865016186686,100.205711314265,99.710630472063,99.727994784541,99.3083018690293,99.9111636713355,99.8782069256789,99.6379874991782
"41733",62.9019172227194,63.456935699587,63.6345105396986,63.649293192123,64.2546285163736,64.9851404956233,65.3898754456968,66.0724012268886,67.1559980720815,66.2404802339799,66.8595078730791,67.0977060291283,67.6666391074809,67.6974360456356,68.0157369760474,68.0046873311167,68.1816209123796,68.4362822867391,67.639271903582,68.0990954035417,68.3381741330823,68.347083591624,68.1110711351348,68.9257433480547,69.6810695736303,69.9026896534023,69.6451875074482,69.9347774220113,69.7837145044423,69.7234600583468,69.9872025257066,69.4525787465262,70.6822637012833,71.1222018705398,71.789759883587,72.6119137799467,72.5650626423523,73.2229060966194,73.090916791699,72.9557535547515
"41771",5.14941175959489,5.17873755032546,5.25184033882201,5.34078312951166,5.5013094149732,5.74288509023333,5.93152430638639,6.23368535168119,6.61372392884188,6.73611386569936,7.14428545213812,7.71954662994336,8.45655784818353,9.17204554107967,10.0206357727327,10.9142701172459,12.0495585721719,13.1965494261385,13.9130931619564,15.3836766104605,16.8443869116491,18.0561212060125,18.775709243758,20.6911869603588,22.4254560218526,23.4018835068751,24.1022225355691,25.7541827570359,27.1953784704593,28.697492441095,30.407353312644,30.877241524803,32.9449038345536,33.8616611275994,35.1051826799712,36.5439710888286,37.8876431510888,40.0460522819004,41.6895261243067,42.9385712640828
"43191",78.0786678326782,78.5379055584628,79.5144875274742,79.5588123856415,79.8699472776896,80.3273913127461,81.0106241434265,81.7152864136637,82.7099156112227,82.9931516902069,83.4805363205702,84.5927072125533,85.3705455224239,86.0270131283736,86.4733591428951,86.6549880538312,86.5335100029311,87.5440519430084,88.477998446253,88.6246011223616,88.5830072237473,87.4813988111721,86.7868345642177,86.9615166310658,87.4333111417778,87.4627593747663,86.3284048772405,86.2769637723628,86.21342839128,85.6581324275474,85.4988247956149,85.5529735702658,86.0342916825112,85.8793733342949,86.1822884463713,85.4452428722251,85.4952065554655,85.9826469031347,86.160710386137,85.532361455418
"43253",56.2154929836085,56.4264073938126,56.8907916232029,56.8389287011541,57.1835612633579,57.7192202879696,58.0645582575568,58.483263042816,59.1149097575754,59.4083255870912,59.8970892375153,60.5293397987256,61.1110335626228,61.4942898558382,62.1446957330987,62.0412173770667,61.9329576544389,62.5810575101039,62.8482946224529,63.1873705795977,63.0394182678948,65.2884586767643,65.5825874081016,66.214293554765,66.3141836931838,65.2405976441438,63.4330381860446,63.1649520815354,63.0561753605446,62.4860173097418,62.2830793083639,62.0482708634751,62.3585833140182,62.2313271923615,62.3755132315217,61.9151242000277,61.7373676580663,61.8541119224015,61.8575228221453,61.4515604777126
"43333",76.6431504043536,76.7325789455604,77.2204710621557,77.5518949484277,78.0715685295949,79.1627738166455,79.9661617358195,80.7292956538702,82.2199556360408,82.7099823966301,83.3709723239347,84.2881037053402,85.5923861479848,86.2272579270152,87.1701548705611,87.472067235964,87.6059080385598,88.0921725214534,88.1495161008617,88.7263295968066,88.3288063637688,87.8164840077051,87.0524174743688,87.4112193677123,88.166445449424,87.534278937208,86.1977506949602,86.4937451577167,86.6141625122551,86.4794817922472,86.4092339877484,86.487797314878,87.5349267356156,87.7073699526733,87.5496026818401,87.0576747488441,87.0057804959969,87.4461380886971,87.4989389088538,87.1199187765761
"43351",33.7492078323726,33.8450874532351,33.9609812091089,33.9148680358327,34.0271720235606,34.2046596175064,34.1473891216535,34.3090428429525,34.7982291243528,34.7395566099769,34.9313753555845,35.1913924936079,35.6752655134044,35.9719088957814,36.3532244852054,36.57574053212,36.8222333508643,37.3567550381229,37.7043353570927,38.2992618237372,38.4100612128958,39.0347409498976,39.0456485592754,39.6195461579456,40.4023073342861,40.1854668182584,39.6398853278085,40.2015637315395,40.6102768362984,40.9237628483698,41.2166751022749,41.4806590071147,42.3340776332254,42.6719491065896,42.925183720703,43.0996146791015,43.4458671538783,44.0311142498569,44.2240758651442,44.2742902903056
"43371",97.3435195498448,97.6556679927223,98.1213222000764,98.382651881692,99.1837533779769,100.277757906709,102.047094609964,103.609383333686,105.917887624024,105.503257351983,106.190661460411,105.890679986254,106.31016321764,106.533304118649,106.78884046343,106.727648120148,106.645065220576,107.086413474449,106.987576904536,107.543698155957,107.201433081546,110.145382982297,110.614084807757,112.319380638441,114.566675700858,113.530039563304,110.968104811686,110.466283242161,109.148244359978,107.563451050856,106.283393922707,105.162406894556,104.864407352995,104.099067962058,103.241195446966,102.349732243058,101.683019685494,101.467175995652,101.029522331703,100.210289280252
"43411",120.649060521646,121.186481212067,121.440110511711,121.5753456282,121.972510515945,122.557465477242,121.533947700513,121.721972606637,122.730004555544,121.707240219319,122.092487653947,122.435088208998,122.737396854837,122.999378767255,123.008157370853,122.810190340596,122.436120877826,122.428822034907,121.68244989053,122.299053396084,121.716568225417,121.499703447384,120.625260387254,120.791468442449,121.733596111945,120.821385724787,119.016324149888,119.127518994421,119.037597960288,118.844860037955,118.704503316194,118.349755212969,119.318284707522,119.171254348502,118.898208245926,118.731091730048,118.490406091949,118.734414872912,118.40533371268,117.697556977766
"43431",140.568463987912,141.087227285617,141.752232813225,142.321324687264,143.071782197728,144.236416280928,154.392778629222,161.160965725065,167.603439142177,166.376948910895,168.519647508324,159.62301377803,155.115986909329,152.317303023361,150.14217416832,148.270291359109,146.416439614091,144.776827368514,142.714661667676,141.470781246952,139.742734079423,138.214915919713,136.090291375759,134.609537578959,133.77047379177,132.221752657421,130.029303899274,129.040190455782,128.117449814724,127.075157984793,126.192106045833,125.062295485852,124.914446339733,124.083019916104,123.246776485192,122.57483033784,121.820404010583,121.708992057135,121.282693331628,120.304666546046
"43451",62.8127174153293,63.0296756021289,63.4013471296293,63.6710109155326,64.0203130205512,64.560741523266,65.0227158469019,65.8327675348028,67.1400341990796,66.7548772686014,67.467127521623,68.6115766759612,69.6707279199354,70.3081167843933,70.6982398226304,71.0181533500563,71.1966824088749,71.4336370202714,71.104730639786,71.868589913122,71.926747074062,72.0952503988505,71.7155604723342,71.8642195582639,72.4335448849361,71.5252961175391,70.2857624669604,70.3456508068715,70.3536102683224,70.1257775348055,70.1262104031601,69.9078798961281,70.4677342592412,70.4276022156847,70.329001765028,70.2649917887822,69.9816105688154,70.2245840901312,70.1477823439163,69.7155942317625
"43471",83.6842683960435,84.0195820669514,84.45353614919,84.5982249458297,84.8961336220266,85.3745500983303,85.5396871907127,86.1442038354765,87.4306198735217,86.7378739231305,87.4082383965397,88.9304098325016,90.1628813564402,90.762586400496,91.165512133178,91.2827069942951,91.3462224384196,91.3736279390776,90.6382604388599,91.1303571214211,91.3141963858123,90.0657442021282,88.8097201287088,88.2955536696492,88.5148736584806,87.6135100743839,86.3246405837533,86.3403503837941,86.331244439875,86.0178134315091,86.0183571101997,85.6828152373471,86.1914659005902,86.077315021958,85.9264621457835,85.7860867217651,85.4294019488916,85.7282514651436,85.7036405146772,85.1814276894459
"43511",108.415521739513,108.746101142785,109.584470240988,110.350115308793,111.193901380866,112.350917066649,113.446375878442,115.411497697125,117.723933497783,116.790587549815,118.652394741902,121.11216418733,123.265913129422,124.624603459704,125.985624474316,126.543522236112,127.442886506514,128.281278374042,127.35017907944,128.538261882058,130.176327418354,128.970584385697,127.91122632769,128.371340109316,132.251003522271,133.969845889822,134.531914213263,138.263877404221,139.523923252841,138.739592493535,137.093836712834,134.089952440877,132.605996653717,131.249705508126,130.122753546162,129.013982233629,127.780946927965,127.108614897566,126.41775295251,124.966661176971
"43531",46.5931778195179,46.8535514259704,47.3100838247905,47.9075515345435,48.6455836412179,49.5534588938788,50.2651046823785,51.4204133181654,52.755137680186,52.4381047879692,53.4918412359336,54.3828642114472,55.4381764251021,56.13531929664,57.1453935053268,57.7099471685454,58.5038774226522,59.2437662189962,58.981387758576,60.0686550200196,60.649883567615,62.1645930336697,62.1981428860611,62.917677895206,64.6058835664577,64.5384939742906,63.9236642433187,65.1296427864741,66.2817344568721,67.1716041295432,67.6386522364555,67.6841215423372,69.1925294625547,70.01512583688,70.6886765298783,72.9126441946687,76.4787004904472,81.8664103914424,86.5307907321364,88.7263182848368
"43611",85.1688288901112,85.775987904714,86.2410633823627,87.0854785029748,87.7226779851152,88.6371197483703,88.9018221021111,90.6867265471334,92.3800721543336,91.3942524342466,92.6364868852541,94.842614174536,97.6545504048758,98.3472723580027,99.3882041838363,100.066211205443,101.317151137342,103.062898513189,101.954538263901,102.74740298083,103.054631690522,101.769743716266,100.601791568466,101.102136698545,102.359881080495,101.658191559496,100.333844439706,100.794085457361,100.739596071901,100.577894704372,100.63243775435,100.255838658175,101.4921237559,101.252752553824,101.369370427737,101.315354656795,100.618413570374,101.40653025665,101.494584927112,101.315939819871
"43672",53.1559865409666,53.6211570425346,53.8539782765791,54.1693694102411,54.7814866894054,55.4511024757058,56.7780763140794,58.1070736166252,59.5401295262906,58.7239950588672,59.3685429245689,58.5350470371242,58.6138502087209,58.3895441069233,58.4471225796928,58.566698533615,58.7706884029113,58.8639255324499,58.481030345165,58.893158710886,58.9994364831202,59.1754846931661,58.9104650270773,59.3826986469594,60.0540778599009,59.9785966669125,59.3723129862193,59.6350601116838,59.7259553295124,59.7595826716343,60.1080814530391,59.8051862105588,60.7693256261225,60.747262323971,60.9028179852306,60.9885305535924,60.8339725176983,61.4484390414384,61.693946231208,61.8183797210834
"43691",95.7102257057362,96.8487260018728,96.9399639690256,96.9319613577112,97.5435100552939,98.035339759295,96.0947353874759,95.9610203912597,96.5759707823114,95.4775019978363,96.0561048222354,96.4932275602203,97.5248207138468,98.0549707912959,98.7661955466529,99.2782112097465,100.403805069036,101.380184817808,101.022540347447,102.694819827313,103.760385518612,104.779236657733,105.550998484876,107.598303600609,109.771947447078,111.092208430681,110.637747598286,111.820748187329,112.649561967582,113.315834973585,114.671721439758,114.853239478752,118.132114855474,118.363844027364,119.075901056855,120.250960200957,120.737855762821,123.189652782977,124.833819309964,126.008007928152
"43732",25.140280710831,25.3020098286354,25.5645360940522,25.8351580086369,26.4384244034471,27.222228913751,27.803345681659,28.7268777436871,29.9915412779061,30.0258991662577,31.2115318458717,32.2699796914808,33.4879593545403,34.2411161450159,35.2747605688079,36.146020867349,37.1816915780251,38.3439504421364,38.4391032030978,39.8112858900633,40.9893903906934,42.432476458437,42.9999998381944,44.5126033146151,45.7927711684174,45.9534692740535,45.9222409723234,46.8920697642977,47.6498647844867,48.4237181243075,49.4296726818283,49.5489184280939,51.3905032254101,51.9526053227524,52.7418928774667,53.651334636214,54.125981952151,55.5038826264863,56.5300959079617,57.3012287224702
"43791",13.3486782529979,13.4494643569901,13.5027129951619,13.5284154541391,13.6338763018054,13.7974052259392,14.071300691427,14.6525816123567,15.4789347596572,15.8811927984891,16.7914768141687,18.160560384404,19.8499499824308,21.3878397886132,23.4574221785121,25.4339658555836,28.2189370252551,30.9902871720924,32.5359212753041,35.563672656956,39.2837617854259,43.2758734863146,44.9884566256505,49.0521864993194,52.1174198645712,53.3497944170984,53.924549057532,56.2068369520934,58.2848351645252,60.2521574227369,62.7474831556517,63.8739628614984,67.5189802031081,69.3678879854368,71.587571827493,73.0382997619872,73.8903905581643,75.4649544600941,76.8078185595131,78.0690304880961
"43831",7.65366288394315,7.68317440497763,7.80155109275341,7.98257626443458,8.29859957595461,8.72490436456985,9.08686746370826,9.68629234566598,10.4237723720475,10.7475929501749,11.4427599422597,12.4992829878355,13.8088721592741,14.8978384829714,16.3979920853697,17.8545870120845,19.8963336791234,21.8068234374083,22.9599004718209,25.0981977201259,27.6560957505499,31.0582843347177,32.3965332193308,35.2357255109181,37.0481818909046,37.389464445248,37.7450419917778,39.4213339039978,41.1040178180965,42.7954561241785,44.8254371342029,45.6969043607114,48.4888681936807,50.0668340008325,51.9355840237661,53.4933763699821,54.6471402903858,56.375232176122,57.964921520157,59.3035092266861
"45192",13.7170043979329,13.7887210407556,14.0382265056612,14.217365992728,14.5511799658661,14.9200164631008,15.4135060718765,15.9987648673937,16.7536728603004,17.4366703142004,18.2866948890358,19.1417014585929,20.1513313875601,21.1276926196899,22.312035970221,23.375726938072,24.2802995977967,26.0854654880295,27.6615062854577,29.2426204380478,30.5371561757947,31.7242551292351,33.1798815547649,35.6665995668453,38.2060267326031,40.1627360490016,40.4390013606528,42.402100479193,44.2818782504428,45.3603208336805,47.1931881537674,49.0161228617752,51.6339994092889,53.0889564528865,55.0578943850984,55.6892840675779,57.580313357836,59.8468288419409,61.5913654072589,62.2669805302933
"45211",31.247201065336,31.3952044596228,31.881340231579,32.1026559060318,32.6651803867041,33.2688612238104,34.1861178730322,35.3590864829576,36.8814959294145,38.3672453283703,40.2435687276241,42.2721748483879,43.9465810578877,45.2051134984272,46.7082124445974,47.5396677971778,48.0294958418233,49.6997036986263,51.0323432574329,52.0062476527601,52.0209974469604,52.3238078208604,52.6571558753075,53.9673102836841,55.5518126492432,56.5133218980496,55.8176692679451,56.789016307043,57.8356439317625,58.2676754697274,59.4183092205369,60.4401359406548,62.3363916968045,63.7872072014958,65.3519987830997,64.8524038250492,65.7358714675664,67.1128796073948,68.2921423303047,68.4649871467392
"45231",71.5434343169585,71.8996423645187,72.618356259048,72.4784361871087,72.9587438986776,73.5288115935062,74.0563085170961,74.6697630789883,75.3858405003223,75.8529881798126,76.3741497495333,77.7631591161302,78.8965608216518,79.5999931346998,80.5766799456358,80.6921239545647,80.6062101682695,81.4366241612367,82.0785161263853,82.5010908225879,82.079035319232,81.4292596212914,80.6359806918766,81.0097684499358,81.5340738574132,81.5755219931664,80.3254688071321,80.3934954888757,80.4950540601163,79.8827858830136,79.8564998640344,79.690484953383,80.6179155248962,80.7842880134235,81.1529722049863,80.2350653225109,80.1272755528439,80.3258807850822,80.4163716633804,79.8431081644749
"45251",3.03022260807124,3.04209969351806,3.07024587497873,3.06720348690231,3.07781806456115,3.10134107737845,3.44436629914057,4.12374866041368,5.1338723939544,6.34780960569249,7.9335761104421,9.64013473300445,11.5999599303104,13.5160755358479,16.0190697289312,18.0206628929203,20.008756500425,23.4838497179507,26.484332833439,29.7775469597122,32.4104860283363,35.8000128950603,38.4019480880213,43.3319172638562,48.3156229620401,51.8039774677354,52.1767283826702,55.7533434400874,59.0895717674784,60.6271334191771,63.6754473437251,67.5645416665477,74.9663099874838,79.7881966990403,84.4977918271035,84.5463346114537,84.4082919199974,83.9585051237007,82.9758619612122,82.240406305751
"45271",76.5182228113062,76.7519282693614,77.49536193656,77.7597604694772,78.1982954360196,79.140637311594,79.7000490111887,80.5240644391451,81.6408935040992,82.2090193512176,83.200110438658,85.8350791051232,87.7941578478187,88.8121504469838,90.3151640603782,90.400666224575,90.2627435528667,91.4376612833755,91.746048554948,92.2835368622832,91.2391532689297,90.0894490514988,89.1693094834404,89.4415054022931,90.0930842194034,90.2675555783787,89.0982343256315,89.2866529528061,89.0371569408279,88.1785213151532,87.9694876671849,87.746337029134,88.3935387354805,88.2845355974471,88.5316782589726,88.036550490734,87.829432719534,87.9493028212883,87.9974157378887,87.4370508112466
"45313",89.7288598021326,89.6854073006633,90.2868043783988,90.5089974309254,90.5823163280066,91.526002158824,93.0593860179901,94.1551247166301,95.8287001217906,97.0046526226356,97.7310781863165,97.0924790438284,97.374567104333,97.4913194961907,97.9713632897764,98.0974492850299,97.9832400361364,98.1402248448328,97.7356842268313,98.0370010886344,97.5999655295726,97.1212900048534,96.3827503093319,96.6462367613138,97.1807364436057,96.5445737812262,95.0942285726825,95.308664576889,95.3877520174812,95.0168600924409,94.9200405892165,94.7226640352869,95.4422416008023,95.3953423579413,95.4904876044082,95.0586713753968,95.0702423057219,95.4657374799988,95.4549173839119,94.9089928823035
"45351",189.716064312855,190.440573317153,190.666936153773,190.527339142121,190.153233320862,190.114966134723,185.479253619115,182.916210145012,181.862118953566,179.977130816604,178.639386456691,177.255638921103,176.202023639956,174.869336645673,173.717725097794,172.263704431328,170.727291899585,169.507452302301,167.83196461026,166.630647668962,164.823743423498,163.402777942418,161.191060740189,160.089606528252,159.460788276708,157.55053946324,154.627251651134,153.265723652105,151.728258507521,150.189209772651,148.600199003647,146.986732221139,146.380616731985,145.142414527973,143.826625080742,142.35519249114,141.032922739815,140.092089928478,138.780895675596,137.098167528355
"45391",14.0996870369962,14.1292514189032,14.2677238435474,14.5413000026722,14.8858482266595,15.3311682032987,15.8449454056823,16.5343564028094,17.5686575418413,18.0666586010822,19.1261724315339,20.0464931349625,20.8690564645393,21.8931668069376,22.904074652111,23.8434766504497,24.6975160107295,25.8184428968436,26.6292487368589,28.1646691865102,29.0480635018998,30.450290807254,31.2196639619324,33.0724288753618,35.4490923143886,36.0906012251998,36.1324965898576,37.9880962797824,39.3708729505195,40.7909950186728,42.0223419997955,43.2977483112855,45.8726074802531,47.2694191088486,48.478501214849,49.7489626373635,51.644117266508,54.2468236084179,55.899043616172,56.9488912614906
"45411",75.9835349726874,76.2829615297328,76.5928318923758,77.2541562877548,78.0597636292891,79.0764553681487,80.4176748030624,81.628619372404,83.39001167958,83.115587071484,84.0627718877222,84.635773353322,84.9364820905251,85.5613771540178,86.0880198591094,86.3147688825433,86.3458815680676,86.6533176366883,86.3892431651724,87.1504068805852,87.5622545881208,87.691906191633,86.9552196698058,87.0721399402519,87.613511994213,86.873678298887,85.5614931155966,85.7746887569647,85.7302042923114,85.6894020723473,85.5667228850541,85.4098670243,86.3014953733255,86.3844845613596,86.3457067607899,86.3168124348582,86.6435591817481,87.6136266254469,87.9694456356002,87.7740770371693
"45451",30.3607729363295,30.5195381505354,30.7430694813539,30.886900772912,31.0604047227752,31.4119508870021,31.679756207756,32.0713959800565,32.8348279291681,32.8118903587889,33.2411428271176,34.3855782061953,35.2037214748219,35.7137016704067,36.1192730332299,36.4805260399604,36.6471133616896,36.8820091916823,36.7297114112995,37.2393419351347,37.3997056376791,36.8512361987056,36.4029570633579,36.4956524214427,36.8730849529796,36.5756379255259,36.1077713639502,36.2937430960057,36.4348745262878,36.5042613534196,36.6776515981931,36.8226665460975,37.5161144963285,37.8634464792223,38.1255879527785,38.4154558242852,38.5138917256192,39.0273059994677,39.3274465783052,39.2900685341515
"45471",18.5952582864873,18.6785765075308,18.8872016752241,19.0822460080506,19.3874720884139,19.8614697523491,20.6127031830815,21.0938791863641,21.7539806669359,21.6228051810815,21.8748786704813,21.8224018639026,22.2056432863724,22.7269061660039,23.3971763318444,24.1665809353696,25.0328060107364,26.0406040772038,26.7002329070323,28.3002570876827,29.5888369006724,30.8703708496487,31.6364363649801,33.1542757090295,35.5253265978609,35.941453513154,35.8643100528688,36.9917676404175,38.1192535717495,39.0902597091551,40.305303632422,41.2799925566201,43.1353830291066,44.7089409452344,46.0488730715342,47.0934803023617,47.5252517722938,48.6528642992621,49.1892689318761,49.3837396329774
"45491",65.1698794011915,65.5170251977384,66.0020177776496,66.2964063382924,66.8308915941048,67.6987828181537,69.7117257930726,71.2378149795232,73.1953045280793,72.8122676920378,73.8313308905362,73.4812903987194,73.694648787885,73.8252595814068,74.1293202508039,74.1823670347073,74.3730015300334,74.706718209357,74.0473630453148,74.4510018059462,74.4300524081964,75.9841622737338,75.6859766923922,75.2803004999194,75.7931810469995,75.0388877783994,74.0771140347472,74.4870153558886,74.5938969146343,74.7310688878491,74.6530715003321,74.4868951865067,75.3504983659193,75.6485836289448,75.7573687276197,77.3611749692778,80.2508388504923,84.7151056536258,88.0577686898163,89.4475401708388
"45551",74.6211458355771,75.0228067877594,75.849618453073,76.8755781297101,78.287927712236,80.5662330002582,86.0095006779915,89.6381561822409,93.5143978706552,92.5560466827632,94.7753210683398,91.7108944492222,91.2838333939909,90.7437820436107,90.9271100933175,90.9062945158554,91.2520426875864,91.5159424272997,90.7549162506222,91.2705480765565,91.6858112105214,92.1170671196296,91.7753277971238,92.4142638973698,94.5503500786145,94.5957443912518,93.733567911372,95.3412667939382,96.5653468165801,97.9095059900094,99.7149732723513,100.683601222739,102.732004573159,102.103720803957,100.935112758879,98.7042941157578,96.1325238862322,94.6398696608558,93.4594235565171,91.9292783164835
"45571",77.2285661603121,77.7344851347911,78.2439599095965,78.6392148985339,79.0580493237979,80.1689706049079,80.764870912457,81.6537779840237,82.9296543705391,81.9789889745839,82.7525558565266,83.5630118853124,84.8917522669399,85.2002839710058,85.7586601907583,85.932921996125,86.5943723602725,87.0539137548667,86.1419337662737,86.5782337236862,89.0019196709452,89.7261096563378,88.7191406391248,87.6735278723433,87.8956941522546,87.0764946231373,85.8447272817799,86.2597228611286,86.3987576550657,86.4114832614336,86.7294158707992,86.7533889202714,87.5011675204381,87.0770052257839,87.1908281077082,87.0474093608056,86.7487615538485,87.6278757319117,88.1166545674396,87.7792271713249
"45671",33.2667599734107,33.5730457804311,33.7055621467251,33.8848513367937,34.2366542158437,34.6218677857432,34.6948897524445,35.0597329321405,35.7290486081606,35.3587898566832,35.7404950698854,36.0651631927098,36.550019791284,36.6333521878847,36.8838168732846,37.1703487299608,37.4703487353362,37.7239438106943,37.5442885525886,37.9898992629576,38.3604094644479,39.7372210672863,40.2227464001474,41.3299391595725,42.5352532088059,42.6542954768142,42.0609276131351,41.985791071597,41.4645475790341,41.1678732002391,41.1819213252913,40.8803337481164,41.3270981375391,41.2153414759569,41.2754617587032,41.3239387325244,41.1880088546338,41.461168694664,41.5100975004252,41.4932157630887
"45713",108.772660340872,109.874448508259,109.867808215178,109.488713558061,109.736454630253,109.723527619979,108.522598886395,107.869479879267,107.660376991891,105.539705986652,104.564463298773,102.770369377659,101.894623074306,101.158999381081,100.828140481479,100.608015745485,100.66512557631,100.908321788919,100.19003551647,100.997287727763,101.921214989762,102.713692566807,102.935857318181,104.501630659827,106.156798394112,106.396323778536,105.777352802821,106.705685041541,107.438701125869,108.344139187466,109.782800835269,109.581928896668,112.421489241062,113.384931310667,114.586201398851,115.332977183951,114.804437568687,115.847746500177,116.580994673281,117.047676091983
"45734",54.900942026599,55.3131639810031,55.6398332285457,55.8346538777041,56.5734471318927,57.4350097443674,57.8319423175215,58.5958851660883,59.7483373405724,59.1967275620732,59.9482862222771,61.2928332328077,62.3900902645803,62.7997947057711,63.4541019313442,63.8372097237894,64.3117936253181,64.8781868598158,64.2116299672218,64.7213379317221,65.0034209071289,64.819927920345,64.5382824692591,65.319292344143,66.1808159641683,66.0576406994654,65.5408292226993,66.0189153539444,66.1875048968068,66.4206843144739,66.9203159786437,66.5196761060803,67.711231717706,67.7836073625904,68.0935616731037,68.5248459268089,68.6990681760826,69.4722903475574,70.0108913191386,70.3472555368877
"45772",29.4549346998715,29.6368692358789,29.8786695737894,30.0491372963112,30.4954127707394,31.2033803670038,32.5664327096632,33.6854368939499,34.7645395284727,34.5316936227262,35.0824712615236,34.4868332032024,34.4023490658943,34.2914500771959,34.3465240577943,34.3869371052548,34.5183961768335,34.7177411440228,34.3936936314797,34.4454635486134,35.4522385503518,35.6205476847448,35.1702282730668,35.1240030287803,35.2812390642046,35.1776586109092,35.0001710385011,35.3459002325619,35.6359160335794,35.9535973384139,36.4086936978956,36.3557868940562,37.1844733501417,37.4487793894406,37.8590836721981,38.237207454466,38.4201053337358,39.1551830248349,39.7741723832809,40.1912549751544
"45811",61.1883789550915,61.5630893070809,61.867404716548,62.0106479039252,62.7308873167641,63.6871644584923,64.1131106726229,65.1097351807203,66.3803714911383,66.1812031454397,66.8249504170795,67.7671393468897,69.028776906441,69.5721630249873,70.3984943283138,71.1319181352138,72.3343924855964,73.3772332512495,73.2296418958777,73.9655934638475,75.7136724981906,79.5379779338787,80.4760130790224,83.0459426406762,84.6430231281476,84.155681083487,82.9979715397818,82.790258680268,81.9962905960771,80.9390401082425,80.2240196825397,79.1803055183841,79.2458983238396,78.7774128229474,78.5908504526204,78.3574966782052,77.9601085067155,77.8808438863337,77.7886215987228,77.5257162528149
"47251",112.621837879979,113.129560590815,114.22835804301,114.402940647961,115.223970060185,116.341314721026,116.707200423102,117.467641968964,118.362040690444,118.98097998505,119.352968184368,119.824862143445,120.784793983347,121.211873758221,122.013049403602,122.210815663134,122.278858349317,123.318545751213,123.658021794913,123.984745768337,123.997960395102,124.088364338509,123.345848326173,124.401270503204,125.447130245137,125.287863875313,123.425297299889,124.131750278087,124.775359773664,123.999546320234,124.165008801678,124.024715199097,125.436986675306,125.513655377924,126.088468133865,125.440723956736,125.447475877314,125.915728325616,126.119861288084,125.3696630985
"47312",163.503246912908,163.727226710115,164.413308175102,165.368577962051,165.584445565328,167.164007775336,168.042518536875,169.808732129311,172.422704563265,174.182110672274,175.841909944875,177.159470678341,179.22714713284,180.704002996882,183.066467738598,184.018504009385,186.103875692662,188.178577242945,188.381827216137,190.858379634353,193.759052427712,194.424516077687,194.600124811135,197.757062637607,203.321210079576,205.842820005312,205.556174724666,210.993360920759,213.712604189383,213.109954861375,211.25001046455,207.601870491317,205.549640615035,203.087172409622,201.706161849619,199.641903234311,198.279263441001,198.300551130408,197.8365849769,196.124796751746
"47332",38.8042579975803,38.9018416705335,39.0545601389955,39.2823304325932,39.372749577799,39.7973971989177,40.0371491862116,40.4287801336184,41.1355618780635,41.4166869563042,41.9319389696167,42.3095975967987,42.9025187690882,43.326612848531,43.9751271284561,44.3778638557113,44.8848973991677,45.542036052975,45.8491194279078,46.6051348395191,46.9039252267616,47.4446604396906,47.5888618782851,48.6465128810184,49.9083283156682,49.9808702131911,49.5102704731137,50.5475007766284,51.2740039012736,51.8227591779457,52.4217495823524,53.0842436807944,54.8288604789202,55.4720882053441,56.0431382525985,56.0754119273298,56.480993971205,57.3431432799262,57.7923163816051,57.8042761624877
"47371",79.2022545062476,79.6135681607987,79.8736339727939,80.4893987557878,80.8524178024349,81.5590947833803,82.0775756651748,82.6652229086713,84.0353881126115,84.1528571054498,84.9826569262287,86.7523989916624,88.0151540678579,88.8208983980383,89.5891539756105,89.9780465058951,90.2563132687684,90.9649067981945,90.7440943676557,91.2780465183885,91.8330572478384,91.4495747499956,90.2324035904206,90.0917891460746,90.2928830947924,89.4895107230374,88.1020212915572,88.1931471297796,87.9837754100586,87.8880173631233,87.5474795387934,87.3791470864839,88.3036848504095,88.173886493359,87.8371797976866,87.46921847555,87.3303567531741,87.6191276126146,87.5074634890126,86.9265706779803
"47412",101.141966893938,101.468477947717,101.68581807157,102.358101001533,102.990005174597,103.878574411032,104.37611388994,104.998250396839,106.580280876074,106.429522037183,107.296547507015,107.956397112501,108.062560549153,108.763414783045,109.355942807996,109.705730223638,109.963451636899,110.547872753676,110.575973479365,111.345421694887,110.399511325452,110.978998767052,110.470832106177,111.322289426783,112.914247118739,112.324315640446,110.695115646049,111.353927538441,111.523462374034,111.798415658877,111.74832382036,111.71424774578,113.130845061489,113.310945674586,113.351649301241,113.320966177906,113.355947522991,114.063374206703,114.130405017054,113.551467353424
"47451",0.560494076869011,0.562531570152645,0.565940834377388,0.568180377940818,0.569762676103039,0.575089660885919,0.576289554133117,0.580196514201847,0.590312266812981,0.588474265526592,0.592634144019704,0.899990039883592,1.46724760550418,2.20347496015298,3.12737476698209,4.18541848012573,5.33103600082318,6.71180129088717,7.92167219458417,9.88947090530436,11.2193439867393,12.7846525732671,13.8433895334603,15.7946363578918,18.2646103134008,18.9854318784977,19.5788205479832,21.6641799737545,23.3027449105365,24.807424380171,26.2174682091294,27.6355114830806,30.1343815636287,31.6439089951548,32.9137838666819,34.3183085222051,35.3863110976774,37.4506703653113,38.8084732665577,39.4747519279189
"47471",34.4547612994172,34.576200967881,34.8887098642128,35.1962259591404,35.5218512815349,36.2080438968255,36.655520197607,37.363110787169,38.5788016729729,38.8345714735602,39.691741426992,40.3989421126464,41.2520291969947,41.7684815455083,42.3607997851481,42.8045489594384,43.1721122278927,43.7346061510411,43.7025678420735,44.4478031837777,44.6570442058832,45.0697419562007,45.1414231609261,45.8651608011446,47.0504979419832,46.8203707462123,46.4144338082106,47.1347163799014,47.5521943688409,47.8696602524949,48.1601496266248,48.3991290703521,49.449481829163,49.8659411511069,50.083747320386,50.4110335325276,50.4207996773262,51.1064173344939,51.3867878084731,51.2045180176213
"47511",73.269348755942,73.7411001035432,74.269022954979,74.5064738419981,74.9910979558625,75.8661468005715,76.4373505486875,77.2637182268627,78.7415887770933,78.470555149182,79.1490215619106,80.9390795329212,82.3575719692627,83.0930928867713,83.9906490472792,84.2727850706434,84.5860112034365,84.991352850361,84.2123243764835,84.4534017643462,84.9180320876731,83.8534474943221,82.700483519018,82.3116002141356,82.4502855957635,81.4609998362151,80.1313724635641,80.0664300914618,79.7307147859956,79.3831786620957,79.1384141838068,78.7068123491987,79.1253812253491,78.8938568412509,78.7161713363208,78.4183190443197,77.9726684972635,78.0787519531383,77.9790236669448,77.2472175049103
"47531",130.270019751182,131.304164823346,132.160956685044,132.536108303702,133.359068974618,134.693281797804,135.397478419677,136.647589840934,138.874376813324,137.938615008812,139.049529201915,139.628858046738,141.070483326374,141.604333616262,143.101375029352,143.526268953334,144.261815687063,144.734392164594,143.749186658826,144.492958804519,145.055949336627,145.505700829104,144.776675341576,145.933123689988,147.846854827405,146.67184252534,144.551006793372,145.5233626081,145.65914935793,145.610206389468,145.917118165452,145.768602990552,147.45903129377,147.298686920586,147.729634687082,147.583070598135,147.314162566495,148.177909326565,148.63628531165,147.452253995734
"47552",74.7531542343822,75.2438066232298,75.790989135168,76.0600264055135,76.6230480350573,77.7769872758474,78.1978898026966,79.0372548325245,80.4386555636791,79.8363122682811,80.7415886934831,83.7006401623465,86.5116225915494,87.5323726299303,88.9433196488385,89.2817038642753,90.3786948472667,90.8993177506271,89.989669559642,90.620968104389,90.5042223464581,89.251403289564,87.607180567297,86.7651963847477,86.7327700657683,85.772902508019,84.2263846946258,83.8208735474354,83.5803235652137,83.269606468838,82.7095291193043,81.7760896209457,81.8185282462088,81.3709192022863,81.4378660892544,81.2272884531079,80.9272496208103,81.1242044124744,81.4951281944215,80.81195252303
"47592",88.3918191793551,88.8968596498915,89.6630505360927,90.2013591043244,90.9965144659713,92.6447233594612,93.124770554556,94.3440303793832,96.2635563088131,95.635792174595,97.1358916318967,100.645944678609,104.33389693944,105.414964549638,107.328341289326,108.193169327834,109.748906936264,110.614613474974,109.949184017649,111.222548274654,112.891608225101,110.61340238444,108.881548032359,109.085438230483,110.412838537508,110.177394161847,109.293034162038,110.571974083032,111.148075267499,110.98546734786,110.342931649312,108.470509707951,107.63981069817,106.416414474257,105.868029234003,105.130091409841,104.124524434693,104.380885054412,104.429956344656,103.600047929257
"47633",62.9156631442013,63.2399782714093,63.7405201576096,64.06449242391,64.7688805147567,65.4807506077865,65.5753229178116,66.3243509515489,67.5343736308748,66.9266442006058,67.6143764079481,68.1205983360157,69.0803050855663,69.1423338731193,69.8274896829817,70.283572954804,70.6434488434377,71.2351502311425,70.7360722266389,71.3741649259037,71.5541061537531,71.7872923440616,72.291218955481,75.3497023750581,80.1005071388377,81.8401456490376,81.968331680117,82.5322774766122,80.901889942463,78.479445862005,77.310315618156,76.2401856223459,76.1833106595482,75.4741205137078,75.0288885398718,74.6078625636549,74.0302091870274,74.1276739730282,74.0709451452864,73.6937589424027
"47652",45.077012030643,45.3720708360263,45.6796311061385,45.8902622048774,46.3962878801537,46.9653263352395,47.1552747472185,47.720126470997,48.7531489268312,48.43124081354,49.0248480090333,49.5261159503285,50.3124020286992,50.4764880198023,50.9998758716629,51.3796059669589,51.8950986174287,52.3839093340717,52.0940637726325,52.7339514794192,53.2163593679865,53.5421898622114,53.4391789993446,54.2482007102427,55.3639186167504,55.3240980387839,54.9799598442398,55.5920975970576,55.9253948389776,56.2680925362967,56.7564452824825,56.6137891204648,57.803544910571,57.9750047801061,58.4763164793786,58.9564474408471,59.1409090265812,59.9366484167421,60.2963061180849,60.5553305573945
"47713",34.2092829278663,34.4396293002506,34.7240487747817,34.9886676234034,35.6143851613855,36.3031536619807,37.0310355968455,38.1936256513955,40.0199443258705,40.3472805503874,41.9105448133829,43.5608210842903,45.2041690986007,46.3227701816077,47.8777295486051,49.2414804247496,50.8513891358392,52.6057720544493,52.8386406282297,54.9980863284796,57.180333177747,58.8140547108744,59.3511740254114,61.7168769886836,64.2236327190524,64.8904261391872,65.0874785675426,66.9696811305618,68.4703197074342,70.5927529181885,73.1603324121222,74.0858587416626,77.8459991464522,78.8060378388757,79.8832261807762,80.5733624503998,80.6115004595169,81.7559669732502,82.6756372052509,83.4039764899962
"47771",132.408379302006,133.207604745916,133.758104530088,133.847414708216,134.894293658567,136.653394047262,137.276138970705,138.575532144296,140.572582058346,139.559575969508,140.374563762454,141.454780943989,142.630454499695,143.122066211656,144.487569531231,145.330126731183,146.260686238298,146.985926970411,145.528732123435,145.776764912047,146.795790081412,146.768687062115,145.831570998073,147.142383307765,148.443630135823,147.794598283028,146.469864605882,147.108207486885,147.197376344972,147.466725644577,148.125684971586,147.00773984651,148.693798800732,148.65331964972,148.841842058927,149.068671961447,148.760219972766,149.362076803999,149.59242212085,149.455979632749
"47791",28.5630994787061,28.6873311115105,29.0126741589012,29.4601150172696,30.3333492093374,31.5418943289746,32.355204819462,33.4966484217591,34.9232472038839,35.306251024183,36.3019931143945,37.4594096785648,38.8285776190567,39.6583848417563,40.8288148262026,41.842421629739,43.1156710448899,44.2360097423253,44.3232104320214,45.20095030083,46.9605254937592,47.4789911109729,47.6699154355621,49.2380252378768,51.2287913077596,52.5602629845155,53.9489214036593,56.5411981978385,58.0496246712353,58.5563109342045,58.109837660725,55.9778638525908,56.1322349290359,56.2597969431997,56.7911701903909,57.4935494173924,57.844758419847,59.2232242786846,60.6922664044967,61.5062046841541
"49252",10.6239048208044,10.6437203686165,10.8188074882126,11.0212014368472,11.3733359382581,11.8013120962533,12.2355508662179,12.7853596376923,13.479710303772,14.2938584973897,15.0810016469415,15.7550244531311,16.6060819838565,17.3310083149303,18.1220206289127,18.6994605062015,19.3149197867495,20.3601285498944,21.0969053610511,21.737278420341,22.3540824473977,23.1171582605934,23.702253215609,25.1060868995371,26.5327616915661,27.3674501559039,27.4070632804633,28.7774854172257,30.0530938317439,30.6480914127437,31.8236082434425,32.8875833769257,34.9470918195122,36.1252748039629,37.5670103781364,38.1345671760252,39.6171496542915,41.5232520764788,42.9703549380731,43.651914358042
"49311",194.445577730072,194.948568382035,195.291309161819,195.449140834054,194.429674019909,194.381471103587,188.912913770877,185.882577974415,184.037073102212,182.206721012478,180.602911941299,179.14596774003,177.919041964246,176.667270579533,175.628505422031,174.171541609407,173.019289364033,171.993650006486,170.454065628557,169.373405029024,167.976737555132,166.721692327543,165.068267883985,164.541997972232,164.342755783916,162.814849896859,160.061611581095,159.367237003579,158.579260933357,157.439716919253,156.54835993084,155.375319428764,156.047223307216,155.75713407445,155.620317344188,154.331964057235,153.577045812898,153.246293393586,152.366244717241,150.867859965918
"49331",8.06686771402856,8.06056774914086,8.20020992219004,8.45430051054236,8.73795765726354,9.18695749509284,9.70899959426461,10.4287025816325,11.418922295418,12.2453453967801,13.3045874977409,14.1218292313388,14.9508329951195,15.6377531791497,16.4416619745052,16.996203470169,17.6664396940231,18.4406017434713,18.9159382139285,19.7192371942808,20.2814708801846,21.6785661623419,22.1224655383529,22.8541514483333,23.6650304483411,23.8536574362209,23.839831511029,24.9892978902784,25.9782755001399,26.882187040926,27.7929747422032,28.6452790868974,30.4597330442533,31.363532521994,32.3826583832991,33.0041593443074,33.9969179329463,35.3362753166995,36.1929715018092,36.6075490664114
"49352",81.585415739363,81.9888060876802,82.1024543288165,82.6422841110049,82.8336273565774,83.547848729372,83.6995672087678,84.0663699412996,85.194403572953,85.3726322572099,86.0047322541472,88.2768588511773,89.7305231953158,90.4767651627884,91.1742167072204,91.3106748143076,91.5080849860314,91.9851089427319,91.5441829326376,91.7513923175673,92.0349357786429,89.8849050618622,88.2659246115844,87.836425049101,87.8133266221609,86.9913005488158,85.6031554047856,85.4079890668303,85.0993294916937,84.8872222247841,84.6156659775858,84.3229896340926,85.0148710501325,84.8282470851811,84.6729970640672,84.3290947258344,84.198090827337,84.4820744404295,84.4000323342022,83.8138515093686
"49373",66.0194497803647,66.3432585542492,66.5010004409689,67.0511932698429,67.3381295519762,68.0432696246934,68.350540661873,68.6969265032455,69.7112760090639,69.7282163996512,70.279894837344,70.6586583766116,71.0121849028428,71.3502002884437,71.6964860359651,71.7952247888913,72.0425553517359,72.4993691802518,72.3673262369221,72.7821006866738,72.7109132319835,72.9628840922905,72.5875951209323,73.2263613121879,74.2321223035277,73.873531769245,72.8077563767116,73.247987028709,73.343084524064,73.5104339551232,73.4609562933902,73.4307314724405,74.4307214634653,74.5030031734753,74.5805815007861,74.5392815092642,74.6716794185906,75.1881732643818,75.2792049737185,74.8897270511477
"49394",48.4833689236192,48.6705376074364,48.8679614110872,49.4350150572224,49.9372696203123,50.7020278846841,51.8152155191354,52.5894004103769,53.8537945415313,53.9408611144645,54.5589007885029,54.2297683535893,54.1257694247866,54.3888869128028,54.7135511513529,54.948786098663,55.235241686418,55.7754175768555,55.9008068559544,56.497564553659,56.5068524728354,58.6974294888165,59.299129209219,60.7166554724591,62.4102822499596,61.8929240381575,60.3067373417562,59.873229471136,59.0854728196855,58.77821078361,58.4782195550303,58.245111597434,58.6088723329278,58.7766736697586,58.7844316713517,58.386534328086,58.0669369412178,58.1838314796406,58.185356947622,57.78910894556
"49431",19.7883412729469,19.7940478658905,20.0905835063522,20.6198444731948,21.33220201372,22.4006073252719,23.2475723883288,24.3261359667052,25.952859227206,26.7381141356818,28.1897747664525,29.5250855331672,30.6575595112213,31.8306455170952,33.1347812278349,34.3830277167567,35.5461480401731,37.1185573238344,38.1179060487805,39.8633688056782,40.2368764133886,42.6031417462338,43.4825606585879,45.2852667403779,47.5213921040163,47.5673041631502,47.2276931226536,48.829945214291,49.9803493697462,51.0209903782771,51.6563652399859,52.2308042996775,54.044007564144,54.9521232183865,55.7054385609467,56.4496782153985,57.3303672449144,59.0449503721637,60.0975124114755,60.3883359306138
"49453",13.6631495694019,13.7061750867949,13.7988582184777,13.8378837457203,13.8882316326264,14.0230448937923,14.352723389119,14.9462361928302,15.9980041136052,16.7360467908947,17.8794251754691,19.3125946117302,21.0313058684139,22.7901838806789,24.7819580409875,26.8917015994619,29.2287468234174,32.1536025223714,34.3020182527228,37.9071092120929,40.0218068665761,43.3903733645098,45.700351797705,49.6219423341485,56.9556497372806,61.4599756233508,64.6890720966816,71.4071194734468,74.3993020373804,75.082170737538,73.7261725496439,71.39927626504,70.4022304930895,69.8964849564181,69.8489088637477,70.067457304956,70.0615781558487,71.0479361000271,71.8713963617973,71.7797832144485
"49511",63.3436636956029,63.737761004674,64.198591673261,64.4152996948797,64.8150726554207,65.5816940730738,66.0237378998094,66.7447488221012,68.008245524362,67.7870688891948,68.3495990050146,69.2478988310476,70.1967087331324,70.7443169406813,71.5146669447606,71.8392754359899,72.1905084369098,72.635141278822,72.1695320734627,72.5393452089789,73.5765871152561,73.0375378103039,72.4994265596664,72.9346393634966,74.5022250288637,75.0216352651799,75.1355810440454,77.1263864503232,77.9299668787373,78.0255787057559,77.5104754407248,76.2284370016182,75.4042321878471,74.0168880683593,73.1593261505693,72.4146451083323,71.6308782328258,71.2223815089519,70.7165722008448,69.7511835882542
"49551",104.877943267598,105.604127691348,106.42047360784,106.76396843882,107.626068260931,109.052188643316,109.653668530321,110.738238522908,112.610116789442,111.760843890019,112.720219242741,114.546648171309,116.973023322945,117.596302011731,118.930891458813,119.284870690327,120.539369576422,120.958311183605,119.987741544566,120.830425185271,121.591688357426,121.894081792596,120.80969558603,121.151637793693,121.726982993572,120.089284743348,117.852444983899,117.799485603306,117.379082466502,116.766089832731,116.597826786554,116.114223453394,116.782882802082,116.175043773371,116.370566409789,115.993795115605,115.580102042144,116.015754538603,116.098926150794,114.911038869766
"49672",27.4854966639138,27.6038757308145,27.945158498102,28.2787112265685,28.8964361953154,29.6978532752191,30.1402326716603,30.8059816176549,31.8664444282857,31.8449636936797,32.4858368645083,33.1303074783081,33.9372346821483,34.3581739653653,35.0221834320425,35.5446079995709,36.2878508071835,36.9307634325283,36.8622361203666,37.7148909576958,38.4168901951947,39.6865338735728,39.8511919682062,40.6342747156374,41.2781704871071,41.1824504894624,40.9566289514297,41.6637717819955,42.2011225833228,42.8053322660376,43.4789579463577,43.5655472314778,44.9304338562937,45.3024405211746,45.9715441895065,46.5453884459883,46.9734995662871,47.9099240060976,48.5171558870795,48.9899972646748
"49751",51.5934380351259,51.924795784285,52.1557027661398,52.2002181680281,52.6663455611274,53.3759083025483,53.7185112496453,54.2513916338748,55.1854516940942,54.8324117765335,55.2620746637889,57.2431153958132,58.5278304256046,59.1063411318582,60.063401468167,60.5464951959428,60.9936367584764,61.3689402862394,60.5747068173,60.5722213084874,61.097356454861,59.5666681207718,58.475519271032,58.2674497082169,58.3828406969059,57.7876100147778,56.8942670869385,56.6834831691358,56.5296929492346,56.6834915257304,57.1284343453643,57.0137053348551,57.9579101107239,58.1644216914703,58.4937421621394,59.0753499705893,59.1458825684108,59.4164910586608,59.433592617108,59.3800220629732
"49771",6.48754784536607,6.50800678969202,6.58905601635081,6.69675272365524,6.88957545216608,7.17124974932463,7.41600512189422,7.73699106465829,8.18077282653952,8.33778241402905,8.71607990581577,9.34667611155338,10.1319705836051,10.9495386402733,12.1692186878866,13.2970997594963,14.516170517493,15.7192528317421,16.3038166513387,17.6360862954074,19.414921361316,20.5692830646455,21.3246188875829,23.1400924119311,24.923510045969,25.7089092555408,26.3040744266012,27.9104280987692,29.1584119395185,30.5563873362232,32.0607945499402,32.7314142450977,35.0242415830702,36.1591782724376,37.142548211845,38.1894457856297,39.0519263461642,40.5573202706199,41.8736740730217,42.8886534861333
"49791",83.753660743835,84.2847793577274,84.5733756340473,84.6732618247169,85.4057509589195,86.5933138899156,87.1975740966899,88.3449788461081,90.0333351633585,89.8600609501795,90.6801408428251,91.752839254184,93.1243772059802,93.8563566355579,95.2749116331104,96.4019895679325,97.7236432889204,98.6059312234742,97.9422798340444,98.5399342206042,100.753266136005,105.904475892733,107.211600261616,110.125482077472,112.017064204887,110.916916042224,108.831543458038,107.535090238171,105.499772974411,104.485675194335,104.059278716184,102.985129784673,103.273374054908,102.839506287411,102.36034378795,102.036937745323,101.430394449983,101.346973135547,101.194501920846,100.668241963276
"49811",245.499700440579,247.307914821555,247.76062878062,247.154711191933,248.029694288472,249.732007593505,244.106778856588,241.783133302564,241.000347230007,238.425286028497,236.878053534277,237.793064409439,238.343961466776,237.478482797069,236.87606816494,236.002573322273,235.487990203703,234.281129922432,231.30035500411,229.31440024923,227.866287003871,224.130646962146,220.477434572217,218.621622577581,217.138221723962,214.571884955404,211.428848926392,209.493898466608,207.389880503019,205.423647478665,203.852056114589,201.048298958821,200.240073807453,198.609527797305,196.839290298433,195.296156728352,193.324102055574,191.986732461519,190.487982858203,188.584139631259
"51291",78.6284531031713,78.7312783540376,79.2007567419589,79.7485533283051,80.1445229650678,80.9563725576356,81.4447977182551,82.0793752815179,82.9990491426896,83.586293013551,84.0701514197807,85.4772781896225,86.679807759993,87.5366365044014,88.4909210514097,88.4576093826023,88.8549302300658,89.7944367875379,89.979294460407,90.1797017904751,91.1716317508165,90.0980722696067,89.252981514389,89.7204162862515,90.7363751089716,90.7059265361345,89.2510390314032,89.3233558892069,89.4158986169135,89.1366752829251,89.188224584202,89.0406939423762,91.5457707963577,93.6747636269968,96.5556133044645,98.0638248741788,100.096321926492,102.291582406831,102.826476771791,102.784286354567
"51331",68.7206207613831,69.0732435182772,69.2502681603918,69.9563796088133,70.43673784802,71.5030483619481,71.8229563361777,72.558835563299,73.7306543300468,74.1809385935303,75.0064505342969,78.4629078583752,80.5038791433991,81.7888545753656,83.0140942780943,83.1915554011995,83.6738984392096,84.4358420230134,84.4048276174664,84.8013361791132,85.0152969296294,82.1834861329739,80.4747034195607,79.9294739435205,79.7652892700946,79.0798481146912,77.8634603655336,77.6775985197928,77.3863614484361,76.9643835152498,76.6453798548117,76.2581534684748,77.0087943588371,76.9953032961817,77.2896075107335,77.2102743760883,77.3896765061558,78.0063258738378,78.5255441847501,78.3129254803163
"51432",12.6154638474373,12.621643234132,12.8109562168717,13.1753928947272,13.606921613825,14.2846240831582,14.9407599948614,15.8048356981278,17.1612969262018,18.029242046124,19.3678799752031,20.5121600924669,21.4535533594008,22.3794804016444,23.3903006491064,24.2165981084627,25.0696931381796,26.2195872152768,26.8158216215043,27.9478465598883,28.519294632699,29.679713228351,30.1294391920862,31.1761371207918,32.7544740536615,33.0460241618894,32.9174788249328,34.1797958264842,35.0963731405123,36.0505195153128,36.7834260059759,37.5556530104134,39.14138906307,39.9687773233714,40.7144394554773,41.342498157631,42.0683710330243,43.3583031234849,44.171220524379,44.4021102664986
"51471",67.2192262250417,67.4876512933562,67.9339163251807,68.4188277587113,68.6330510868573,69.3055048354748,69.5111572083846,70.0684594644815,71.3159188877484,71.3727922176049,71.8158830049491,72.6679641012839,73.3420184664567,73.7459031463071,74.2284127829983,74.3741554954433,74.5863577525657,75.030851833676,74.7825351713616,75.1574730435472,75.1808327775062,74.94272502314,74.3390994305887,74.5285710838771,75.2273772965319,74.671248615479,73.661077890879,73.9315814349635,73.864753402463,73.8662131057294,73.756040419527,73.6061605811026,74.282716828121,74.2846460477459,74.204999010106,74.0485783746379,73.8133975373594,74.0995574174603,74.0413848929242,73.4138930863811
"51493",38.3473650134722,38.5278847920788,38.8431987467545,39.1196160730044,39.3577443049684,39.9256323543767,40.2337561523181,40.6631322177718,41.4928398336839,41.4939178660428,41.776319567806,42.2553227310288,42.8820336497572,43.4941885968726,44.2526913897829,44.841877824195,45.5692265571437,46.4970738013054,46.8285180927198,47.8369094911668,48.7201457776544,49.6672564481877,49.9251049382043,51.052431918456,52.7012471608977,52.7199993368348,52.2911187789457,53.6526073213995,54.4877800593884,55.2341995490674,55.6684439886509,56.0976126768328,57.5763049920928,58.1455134705471,58.9109585974038,60.1663618173899,61.7237685569065,64.0981249559026,65.598803684463,66.0192998071433
"51592",59.9521734148933,60.0760755223115,60.8330764431462,61.2495629660894,61.8076434518672,62.7609478096982,63.2879136321248,64.1251704645372,65.6092145217164,65.2811373710209,66.3016073466681,67.0002851785467,68.2678702294186,68.8699768125618,69.7020964269153,70.4198103937198,71.6861734536471,72.2766500095556,72.0291240717292,73.1707598472761,73.8227040593507,74.7404944834126,74.7562378692758,77.8989958966315,83.2692482274109,85.7170924162453,85.4003193952155,86.6293548213141,85.3414613674597,83.039212194496,81.3018382584681,80.1698080862459,79.9645718764348,79.1978002165898,78.7863301997368,78.086539185928,77.4457591054074,77.4529835353745,77.397242423919,76.6696614170904
"51631",35.6309694540512,35.8159909674274,36.1929161314939,36.4840159919393,36.864058760194,37.591304823343,37.8145923644651,38.376288005929,39.2737139553335,39.1366191986347,39.73427448987,40.2827625598799,41.1177193138586,41.5556772902065,42.2197484046667,42.7242123946514,43.5861232251458,44.5420670849633,44.525060388837,45.5792814511901,46.294395040436,46.8272864251006,46.7849409766523,48.0776080528389,49.7429212250022,49.9054257437204,49.7617371123604,50.7531815995517,51.4349862618568,52.2345159468851,53.1654513851925,53.4261199440088,54.9148533160415,55.1133037713349,55.6903009011798,56.0595723446986,56.3479927993055,57.1899597588672,57.6722291710122,57.8442659734563
"51651",51.5187942321885,51.6837924180492,52.1623270424315,52.5066080272881,52.9395749082968,53.8313580090912,54.1134590951173,54.8394090702187,55.9833236534466,55.7829237388296,56.3258139869983,59.0995427098495,61.1092845823762,62.0656191802696,62.959300220803,63.5933854406652,64.5113148467083,65.2503813810478,64.4922676157025,65.2029523546556,64.6700468601472,62.9114909788515,61.6707178693354,61.4024536670707,61.4053559568229,60.8195632963801,59.9264722813116,59.5914641872011,59.1448191919477,58.6134341689202,58.2027950406371,57.453595701636,57.5421575233375,57.1852010487657,57.0827929092403,56.9802786149999,56.85193458239,57.062382809995,57.2010703239239,57.094853957668
"51712",85.4323622971298,85.935849520948,86.5753004548771,86.7795201396994,87.5104622876985,88.5256342486644,89.1572460408953,90.3272486575928,92.1536537666936,91.4815571192966,92.2742424673021,93.9676764241931,95.3287274520495,95.7433088851425,96.5914138790689,96.8944475292902,97.6005270252888,98.3842487049824,97.3512714342731,97.8732641382068,97.0362364512532,96.3809169253864,95.3356350644257,95.9640569991549,96.8163789629351,96.2670600439263,95.3000117309712,95.7352097837088,95.9669577309883,96.0724973843284,95.7012119187209,94.836653357091,95.8703259703037,95.7486709346911,96.825720253803,99.4994694172718,102.674306943876,106.955335242588,110.188508319191,112.357898121545
"51771",103.613876995972,104.306497067409,104.790429768006,105.287513261354,106.489856207474,108.461729042722,111.85314285828,114.479895301698,117.6395033931,117.019969508048,118.074413217995,118.27296657434,118.524818057115,118.50150591564,119.445272397518,120.15147757092,120.560960399718,120.601595981749,119.256600242502,119.130758318784,119.758462415024,120.058638317277,118.965341946565,119.291126175651,119.208471439366,117.637172923044,115.633770316868,114.59198496731,113.355502323284,112.44544663229,111.717029365711,110.294109402488,110.119239949386,109.347447111423,108.626875297033,107.996727357189,107.123168999822,106.741554841296,106.192539606266,105.337074546225
"51791",35.35111910908,35.5622720057941,35.741297396505,35.8801027630772,36.27490381583,36.9288897546626,37.3658701103903,38.0239691981255,39.025235725826,39.1241881986864,39.7041261534018,40.3766657794085,41.0728687155276,41.5422112441587,42.4215490009793,43.1794910916752,43.959627260391,44.4865653499216,44.3251839827079,44.8220238903536,46.440606701041,47.1081959418344,46.9592165248657,47.5027183393099,48.1184481204301,48.1937305142869,48.170910803888,48.8608457787676,49.3077877636487,49.8521620552286,50.4890980466284,50.4478714383817,51.6240635677864,52.1706188344018,52.7228126069662,53.3695933158839,53.6629340516867,54.6780237860444,55.4817064466471,55.9267167479491
"53311",32.4380165416482,32.5532681244924,32.656095929304,32.8492762496123,32.9629974013837,33.2727985283026,33.6420254895219,34.2561804137536,35.2078254633224,35.988052570905,36.9374102644367,37.8314319036376,38.8142242790596,39.7030342315613,40.7603519816657,41.3211104268504,42.2020473523275,43.5063212143785,44.3479585255071,45.3763831477673,46.2038441434398,47.4893513605054,47.8815691635362,49.0613828567802,50.5495744390428,51.0979477325232,50.8210496021323,52.2728008326118,53.4310704403214,54.1353877391416,55.1549743192363,55.7265682593365,57.7942813936268,58.4673174630343,59.5102615773173,60.2215172394974,61.8514062554648,64.1694269869732,65.5351844949848,66.0997333875935
"53431",3.10180626880345,3.11310715108847,3.12564255497738,3.14769550337664,3.15659503928905,3.19064008869328,3.19989904382716,3.21741876128536,3.26530888097833,3.26558319440464,3.28487384987652,3.51502874516419,3.89816956144323,4.40246082163857,5.05400807637316,5.74931838405836,6.57775708710737,7.59620306824358,8.39743941148543,9.65044929003752,10.7919415626891,12.0998164783493,13.0129110344411,14.5513866905179,16.4337338039944,17.0660646835809,17.3369545928521,18.8344834248213,19.8367842217925,20.8383074922541,21.7054195029772,22.6293879160229,24.3067386272206,25.2742826097141,26.1102581278903,26.7363385443603,27.5717658002634,28.8983945541329,29.878339609737,30.3172832002866
"53471",99.6686226982586,100.201364305625,100.574813559187,101.095548198924,100.813349057353,101.36677643977,99.9741207703041,99.6201931336178,100.288768317557,99.9183660972685,99.9350538121999,100.11716120123,100.195780789081,100.194256822775,100.229875850012,99.929287748651,99.65961088661,99.6268990950984,98.9823440605777,98.9293817653092,99.1454963752726,98.4318545098445,97.4351385446176,97.3818830905071,97.903875138671,97.0497745591357,95.5904079129466,95.5608305955251,95.2366239415347,95.0429238604405,94.723111346156,94.3666131607523,95.3827629767436,96.0014336075732,96.6410042599666,97.0169181651078,97.2227357429234,97.8851740284641,97.7438833208012,96.962628870695
"53512",118.327393501308,118.987885288749,119.675627715937,120.05696799663,119.850149108348,120.405630922547,122.189601612299,123.388777617528,125.119821257006,124.239325795796,124.082488219961,120.441523632327,118.545976643452,117.370716256515,116.600085764486,115.830358559849,115.27641764834,114.932326682596,114.010212793069,113.718323127592,113.503946135694,113.71952478621,112.670921128704,112.234590283166,112.542916747415,111.674983172785,110.221817199264,110.53558782886,110.420873849419,110.618705617358,110.540660154893,110.397431334876,111.459996181763,111.355167823319,111.690711775544,111.773972426262,111.930219459916,112.736249022328,113.167087508447,112.485518850119
"53531",86.4104152786389,86.8813508875676,87.4818260581077,87.8363778905164,88.309039895846,89.0193900831255,90.4690959244039,91.8751041251452,93.8830748375794,93.5618641080409,94.2177356461757,93.6133101964119,93.7304886023056,93.634556651487,93.9802276790184,93.942584377434,94.1194446531532,94.440778267152,93.5931890295819,93.512927401605,93.6050501048558,93.1103412540561,92.241078006176,92.7109057388114,93.6402125137247,93.1752402028464,92.0089604439412,92.5207943407516,92.6605259951241,92.8685206505885,92.6885282425813,92.4589805986307,93.4430567312399,93.3584145155796,93.799652247526,94.6131832114128,96.3600220866166,99.1691465547727,101.080778942973,101.128436878025
"53571",20.4369297842768,20.5321813754162,20.6963605239579,20.7486374400408,20.8573412049898,20.9965463261887,21.094022540849,21.3576781709672,21.8539917885803,21.8259982346037,22.1603122153696,22.5950463455709,23.3177543977791,23.8353131409353,24.6377602088506,25.2339428198295,26.0924731171747,27.0729895705082,27.2625940041802,27.9332105113154,28.6262115117966,29.5787563152681,29.6993444506232,30.6103371502437,31.8228959050164,32.0892641502107,31.937458564156,32.9706514363059,33.658671291585,34.3012102856587,35.0349007096302,35.6539631033516,36.930389515703,37.2860219356679,38.2064924841234,38.6495198474353,39.2088209287113,40.3621441237238,41.1683778742073,41.1897003161651
"53631",8.92360385406574,8.93570985879584,9.1320909094353,9.3959949728968,9.7220773647512,10.2344389042291,10.7523733526654,11.5574564453992,12.6598731666136,13.2052160169267,14.319314473722,15.3729630587524,16.7112690573474,17.6901780765764,18.8942630698991,19.9985973788474,21.5284690299954,23.1407500625308,23.6674272710626,25.5531194615727,27.2804689630642,28.6856749237109,29.3034710863609,31.7360777587184,35.2749970858437,36.6768080723683,37.2372277952375,38.8740775532047,39.3174149845388,39.7062707839806,40.7038469099463,41.4242488432789,43.6351027000363,44.6893661692821,46.2501831603959,47.3520040301429,48.3994353821873,50.0912617024078,51.3506034326513,52.0966352706743
"53671",79.0825313033485,79.4076304503079,80.0479582711696,80.5176486773103,81.0629885772214,82.2269042514458,82.4922340514184,83.3057369011665,84.7332066925657,84.376187895776,85.0327069615774,88.7740758939544,91.5059552838381,92.671960113694,93.8666100949576,94.6387782717059,95.9665239931254,97.070506157274,95.886781598639,96.925522203725,98.4203804991612,94.9215720937683,92.7045111639154,92.2407363751358,92.3520724740008,91.4728421354805,90.2133806182243,89.7789746527498,89.1545496294538,88.5529891230768,88.0557303642517,87.0283323651133,87.2661327891217,86.8468411974428,86.7978718480985,86.5869718422714,86.2711327592903,86.3293350532276,86.2808686738405,85.9057849715757
"53711",27.240531973244,27.3720278742222,27.6713915656986,27.8910585472474,28.3289363388486,28.9804144622304,29.4316384663976,30.1186683616846,31.2611826568365,31.5000769433788,32.3544773470668,33.2481181571048,34.2224089182504,34.8894712600286,35.8487199067931,36.6174765525845,37.7604643431192,38.9509916883088,39.0563586584673,40.2893436789215,41.6340250679405,42.4017694517181,42.6650648828261,44.2400296003155,46.0533961611351,46.4241589589695,46.3755528489169,47.3862252797752,48.0373661059807,48.931245760782,49.8590975401187,50.0649140945959,51.7434561653437,52.3794565675983,53.344909751553,54.1516033263165,54.7078448271045,55.7849947614824,56.7491150783081,57.3749899470463
"53751",47.4862608760671,47.8153107595638,48.1826684831133,48.5231028287453,49.277987484412,50.4132399943478,51.3329226711321,52.4465862277196,54.2286479928221,54.4647156956952,55.7060966236029,57.8088799382134,59.1674292373232,59.8770920256116,60.8195236458455,61.8092469851383,62.6842264742209,63.4858193743283,63.2247068709893,63.814851338585,64.7485511895752,64.2355739162191,63.6960493957606,64.5230920426584,65.5250857834695,65.62448793215,65.4420070953004,66.2904391663613,66.8230904262225,67.6717701271569,68.5519140271514,68.6546900815362,70.9096099692685,72.2221947461703,73.4669567716066,74.311190362872,74.2946957608996,74.8113640659178,75.0238996721625,75.1029029135827
"55311",85.9359365821536,86.3036176083463,86.6689157338984,87.134655716662,87.4695205538538,88.5702792088785,88.960681584589,89.4688167322765,90.7354916909626,91.5807529691096,91.9895466366821,94.6298503892637,96.7768639662386,97.7541385344014,98.7207247464422,98.5641315379747,98.7800952372342,99.7453180358586,99.6854900197372,99.8254723914698,99.1274368979073,97.1621408816483,95.830425239108,95.6433401278986,95.663576029178,95.1607350188548,93.7858321967941,93.6245433846392,93.3745861719074,92.803172976189,92.5076207970915,91.9977264145055,92.7008523289088,92.2428008925432,92.1902648057427,91.584363963526,91.3916852737588,91.6983830966377,91.5249863340282,90.8576839580523
"55353",41.0000618809054,41.2154848878496,41.2665359503076,41.8684480308391,42.015081607431,42.7583916811332,43.064324151679,43.4372017977575,44.1415392963706,44.3828608960144,44.5358486541912,44.7656416444202,44.9834317337021,45.2578421551401,45.5044591335905,45.4742803476105,45.7773570517978,46.23427796971,46.1448234360296,46.4104188941598,46.7234442257032,46.9207452583069,46.9912351068873,47.7589234959649,48.6898260316008,48.6872886671153,48.2017794901486,48.9812467687091,49.4720706122306,49.6272256893674,49.8052432944713,49.8117375335755,50.9088860608163,50.9968587793094,51.4212489416552,52.018501762018,52.9404431710307,54.4621757712294,55.307385720157,55.5478370700933
"55392",23.6689449357274,23.735620041056,23.9738222954155,24.5201445050703,24.9144451900694,25.7851946174721,26.271465040227,26.8760708644347,27.8489128745553,28.2218656523163,28.8300056699535,29.6142313473442,30.2947388628523,30.9218245173026,31.804999044483,32.4060040706322,33.3444841099455,34.475409620331,34.7940927286309,35.827879972787,36.8123309002638,37.7530135295152,38.1594782739994,39.433407846402,41.0377836679776,41.0966207857521,40.6346208398755,41.650852741,42.4538608773771,43.1511411593842,43.8155003585847,44.4181242126816,46.1843294104173,46.8235535666631,47.3863705786761,47.7925093517667,48.3905612409976,49.5974534304121,50.4834571993369,50.7017850694588
"55411",180.928536049813,181.807832254124,182.419934886981,183.998665224833,184.086465787915,186.353243359169,188.07772453655,189.952430847262,193.116361202808,193.191103295782,194.118540949275,197.148764662828,199.080998843015,199.880708590072,201.489254049635,201.977706490678,202.972091880372,204.538789699438,203.069217339953,203.909608864501,205.334030039299,202.27279678027,198.85849239208,197.224884054696,197.217601766501,195.408985926093,192.497701543719,192.230524357127,191.700788213816,191.024139113419,190.264746472719,189.327643538683,190.384007782309,189.711524227132,189.27659878007,188.583332030632,188.086751581495,188.634488495217,188.528017304796,187.127495636929
"55592",83.343643317657,83.6940819111475,84.7390625208834,84.7712902175735,85.1137155276939,86.0774914707969,86.3509656606083,87.1451164115675,88.5408441179825,88.0420143783311,88.8244548734458,89.7565296278759,90.7839578296637,91.2457837529705,91.892107617593,92.0977821647449,93.1169147303653,93.95148685651,93.1483711483796,93.721215291032,94.1135866146094,93.8014405966298,92.835865120191,93.800244105693,95.204715158701,94.8481346320996,93.597577762914,94.2332185596547,94.3457668930614,94.4475430991333,94.642386268158,94.6018550594463,95.9959234569042,96.0675292907507,96.7275190472126,96.3888329216474,96.2472620977385,96.9412521633852,97.2121404484074,96.6623418038027
"55711",199.390100942937,200.705551655952,201.944480889003,201.329087274577,201.366380526148,202.135478361479,197.005606465189,194.594839272287,193.850190503962,191.597024921417,190.361680496608,190.364011686373,189.956920191035,188.659349537007,187.722057879722,186.294327774993,185.380527729513,184.233915017759,181.583513828705,180.132174665679,178.40888038994,175.43387797958,172.476101526048,171.029101100451,170.173383486977,168.237821688698,165.410733251669,163.78268184601,162.062161313264,160.563337172733,158.768631520344,156.252715869677,155.461146361271,154.116239607801,153.220410382564,152.185372408697,150.857122842544,149.956423257532,149.146870130903,147.961853490066
"57353",47.162845169245,47.3638131309211,47.4632359722009,47.9148388796957,47.8878885495898,48.6768760803425,48.7713624966997,49.013820411643,49.8548229608179,50.1468265030869,50.2938563019552,50.7295936572455,51.1582821545642,51.474135392128,51.903944542891,51.9948858412392,52.5314230545112,53.2626474506903,53.4173485210983,53.8219885825274,54.1370452007337,54.3978130320706,54.3532525191141,55.1204683108479,56.1608558980419,56.1761958745245,55.4046964914608,55.992838887597,56.4455769785695,56.6821180649017,57.0704834398367,57.4090836656194,59.4941323980968,60.5811239898116,62.1262959168283,63.093086837808,63.9410326210734,65.2558414877198,65.6654660486451,65.7028597520223
"57371",91.3107436872925,91.7135054536483,91.9871522561995,93.0506149885412,92.9493511766944,94.5392962565349,94.6547757860802,95.246631233226,96.8939228018187,97.3321091235398,97.6692965757332,100.290125048656,101.709003644189,102.429237695173,103.314895315005,103.158275303662,103.858539932334,104.795899206514,104.343409844638,104.293529559761,103.776611565832,102.107802763094,100.726908948545,100.54768215993,100.781550588724,100.002072601005,98.5053728554611,98.3623171584324,98.0043678549307,97.304011086978,96.7206574981428,95.9438943636991,96.3096588962025,95.7328068537248,95.4969469165006,95.1905295513475,94.9511625037397,95.3419920610729,95.3485100207859,94.8020252292501
"57412",94.079116499856,94.5834966427618,94.9114548003365,95.8550620780843,95.8106545673813,96.9782496769613,97.1425399331712,97.9324404906004,99.4818690907422,99.7557483923571,100.111395741579,101.950932199942,103.06979696955,103.598340241992,104.537098754064,104.730232438698,105.347387941444,106.354157336539,105.681371225267,106.034899562715,105.473013305654,105.410628487188,104.402220422872,104.374926379013,104.952462688277,104.215348283489,102.733288734125,102.989421179519,103.671681821563,104.584335126339,105.875489216444,106.716135769091,108.810335718392,108.232568920664,107.136776346826,105.015346362523,103.219884614223,102.504896413622,101.873903032776,100.764840445248
"57452",307.091415437931,308.680793634159,309.313898059753,310.236589601205,308.82896916856,310.087402909355,307.5787134899,306.103462208006,306.276795155705,304.042274944571,301.719775425818,296.039631332277,292.87628424061,290.239328019234,288.303539905503,286.515422567885,285.029191769884,284.108120391495,282.142310102217,281.417503116933,280.293762299544,278.868889616429,276.135175360254,275.474452894183,275.982163618868,273.595249970481,269.900112614168,269.150529896747,267.455502432971,265.827990003165,263.967457029534,261.934189483231,262.57460509678,261.369786867181,260.358080648889,258.738007317106,257.638572196228,257.531604161827,256.777558824009,254.551357925588
"57471",15.4199629576451,15.4846843790945,15.6412342973065,15.8655486830276,16.0607159819605,16.5304070969001,16.8006721802949,17.1513391851497,17.6931599797089,18.0191240906723,18.3892513928671,18.9939492127756,19.757807837315,20.4328939809468,21.1872071912661,21.9315087453991,22.7592665119573,23.7649903606332,24.503137500673,25.5800458540422,26.5587273628757,27.497243895452,28.0119482526601,29.400504228623,31.141024994368,31.5484646224228,31.7014269333115,33.0737419755366,33.9070435932314,34.822584492594,35.5236695967729,36.2465190974653,37.9840222022424,38.8202093866311,39.7152810377843,40.3238884003218,41.1926983838251,42.4204518415889,43.3611479390682,43.7054635542512
"57491",21.1791181913137,21.2763883805845,21.4737398481642,21.6578355096788,21.7852881133251,22.2014840816326,22.3714985115868,22.6750134948783,23.0993997627294,23.233911256636,23.4680344304688,23.9649778532897,24.6085807518209,25.2534677632265,25.9524943253931,26.5837219466957,27.4203717412823,28.313954357195,28.9836769705209,30.0998173492159,30.9246818239897,32.7942488240304,33.3777811050158,34.5287759542132,35.6569062587159,35.2517921377798,34.8002444981621,35.5662393184966,36.0105095757911,36.6895044060538,37.596957569591,38.7326235873721,40.7756931240028,41.50169013523,41.7945502370821,41.1676923989446,40.3179293229624,39.7361210832146,39.4948359324325,39.0621086062808
"57551",34.4584326618235,34.6130106406276,35.1357613154452,35.3700612089499,35.8231510738868,36.5966573117839,36.9894941367539,37.5930602645649,38.3766491010131,38.6159789518917,39.1637084866357,39.6262755365281,40.1768842789519,40.5573643604005,41.1070174665437,41.2101892468147,41.770337655904,42.3463318198778,42.1009931690542,42.3970828933696,44.0587537390284,43.5715950334073,43.0673391724223,43.657977833014,44.576158386499,44.6781249675087,44.2959596446198,45.0672481237402,45.3784016478724,45.9465324357892,46.4148783887125,46.6235098983016,47.6110979845665,47.8342902192404,48.577835367791,48.7443332539226,49.2137548635853,50.0575065275047,50.7845022280431,50.8073427281224
"57571",83.3004884426688,83.6936466076467,84.7221225122464,84.6430725791117,85.0608964284229,85.9397701728874,86.3490726143771,87.2464914117479,88.5791592797888,88.7932243937979,89.7375795894028,92.259306814641,94.141012189657,95.1124097954369,96.1886507881015,96.231217020349,97.3015838534462,98.2242176641358,97.2716222088007,97.4930188431176,97.6299265694088,96.159742442373,94.7041085340807,95.0046232695751,95.8647570924302,95.4629565825833,94.0818850936698,94.28358558312,93.6393421501635,92.8164773072033,91.8137710124316,91.1052640463212,91.4183777190602,90.9567441523663,91.0540075390229,90.4937274638985,90.2032758844902,90.5571927579641,90.732385015804,90.11407341888
"57611",3.72770979561256,3.74450612556936,3.79081096647853,3.79411033987092,3.80208997083629,3.836786378393,3.84557403602195,3.87964531972408,3.93159185806985,3.91232354155482,3.94148816204384,4.17070833021833,4.57726913481379,5.06891788051206,5.70178794963962,6.3999003226373,7.4311042406394,8.53358783896394,9.26750459524131,10.584782115725,11.7299644670845,13.2668210023027,13.5940905260441,14.9948084650907,16.7613432094393,17.6326543404476,18.2887296988435,20.3589519361077,22.0346286807004,23.5020554687979,24.979888670036,26.3598887428266,28.9232228082292,30.3832215102962,32.3549878123248,33.4498492871203,34.8628662113302,37.0141702677889,38.6928484788635,39.61595472039
"57631",9.07319347051494,9.10549768057597,9.24589771810705,9.3236860580432,9.4440753100455,9.66202795117608,10.0388200335586,10.6611735536603,11.6161937481022,12.2993401820927,13.4608829232472,14.5357017752462,15.801236748466,16.853124671116,18.0357828667056,19.2014680456333,20.9550398808839,22.4316221836268,23.2740328364204,25.0156297849274,26.6720075942253,28.1870319482526,29.3051952845936,32.2517686191426,35.662339992523,36.981189215261,37.5352469583214,40.6004231010655,43.0296453840691,45.0627771751276,47.6584008436984,49.5583459825618,53.0694339074054,54.4982940063358,56.415273923615,57.3586762458218,58.8419332356385,61.2506264244703,63.1692258589068,64.2865191969852
"57651",67.8051245734825,68.2012134660108,68.9811385803625,69.2152186544999,69.4722651091451,70.3627802163752,70.704085081278,71.3594135553205,72.6594912070753,72.591237001266,73.3908923746191,74.6756883644753,76.0150137886135,76.3685857874537,76.9188577178622,77.2247555007768,78.1180505556315,78.6891644601881,77.9886661346784,78.454954275565,78.4582894979339,77.8614848824621,77.039161470694,77.5704980915474,78.5235449883744,78.0685853262686,77.091547854824,77.4504364593118,77.5736826585452,77.5180668648907,77.7969121870024,77.6113908638344,78.4507313474597,78.4177479378994,78.6428008998303,78.3980676961376,78.2816609612684,78.6115423038133,78.8329169061168,78.5858962031268
"57673",3.04438281100147,3.05866232002223,3.10296783309513,3.13686602657369,3.17990520630146,3.26000197502514,3.34614600983289,3.47765432320096,3.67837339199814,3.78890208505748,3.98755584455922,4.20166672042124,4.49597747563473,4.72737868202728,5.02485677008543,5.32342059158014,5.72848566527856,6.12246167076077,6.28922496658855,6.74020216994345,7.22910010277644,7.63528632929143,7.9268027191689,8.67146801089447,9.61869508307484,9.98664547670663,10.2185090877354,11.0295253201003,11.6592286848985,12.3018723687335,12.9189068756035,13.2535827358066,14.2298236400329,14.8941629393668,15.7705880612353,16.4108170967476,17.111694689851,18.014371980037,18.8225063239034,19.3756554993764
"57694",20.6648832274423,20.7451551851499,21.0775786039058,21.3816733943527,21.819568887654,22.4873473797095,23.0345258615426,23.8421470189382,25.1133221017293,25.6579139127156,26.7687969686384,27.729818457067,28.817309051819,29.5191430970383,30.5478718042787,31.3741271064878,32.5657507418683,33.5563172686938,33.7763452349086,34.8976241397628,35.8652870042298,36.6453128766153,37.0330362917605,38.4120694763631,40.0601888086021,40.336765810455,40.190682978838,41.4206894159262,42.3359586945473,43.2583064402683,44.137740343695,44.9801558772032,47.52834363165,48.9285985230744,50.3491767731871,50.8411340491522,50.8286729147923,51.1950525156835,51.7818340650189,52.1899542216873
"59551",26.0407564626273,26.1690641821141,26.5436191592373,26.6476895482522,26.918755418642,27.4482006618253,27.7332248360259,28.2136930739773,28.8098495593671,29.0433981211457,29.4957282129683,30.6367650707572,31.4561416788796,31.8896577298155,32.3327848197283,32.4013317526164,32.917245686482,33.2419765918276,32.9752378965318,33.1505778053566,33.2039103319979,32.9627907860246,32.406876691366,32.2607477240264,32.3631751662138,32.1193743627989,31.652555605251,31.7263570578042,31.6659968285045,31.6203624636063,31.5656953009066,31.4917857192665,31.8583722327355,31.8934979826704,32.1376415052132,32.0899482891722,32.1863697627076,32.4760032831503,32.6295154530506,32.476232936847
"59591",86.746613897803,87.0804506154134,88.2431387834414,88.4280646230912,89.0437310014217,90.1715623627518,93.7641042229325,96.5057945842417,99.0711043161318,99.0230452159304,100.188898401261,98.237093147134,97.6537506973145,97.0428164111192,96.6827507654273,96.1416109193451,96.319347201163,96.3742904182476,95.3688129376535,95.1121357857036,94.3329981972575,94.0915837454785,93.2209271697354,93.7346714805261,94.4748446511046,93.8244193285059,92.5643011154047,92.7254764054138,92.3869492801873,92.0713091105337,91.833949219709,91.5628587866132,92.4712319529083,92.4473241718462,92.8740787394498,92.5115700674971,92.4854854025224,93.1715154521757,93.4316385343148,92.9313017291447
"59631",14.7819070600876,14.8038023941203,15.0871064954074,15.3622402354594,15.7392360867641,16.3231718857549,16.7415380057625,17.3026674376484,18.0574163219348,18.3028146952081,18.9273510716091,19.5692681204552,20.3970565013559,21.0067510142409,21.7239922190295,22.3780877032127,23.4433642679123,24.2889256372576,24.6033237416157,25.5580142281533,26.3912655869886,27.3075115292866,27.697037745812,29.2108756188823,30.8006671125172,31.2147472646553,31.1757371627182,32.4171065910704,33.3892136486437,34.2364940301791,35.3916409657473,36.3736448342218,38.2226309136296,38.9902008265877,39.6735511985112,39.4749651294983,39.85042375038,40.8081353036648,41.653761898531,41.9492693982647
"59671",52.7598144897721,53.1326272987391,53.5324880610053,53.3350525266461,53.0670334169838,53.0165897180571,51.8850637996191,51.4729233248075,51.6081951752654,51.3838689222747,51.5161970392054,52.0006235322811,52.9920871327747,53.8338710946739,55.017099362826,56.3010040886511,58.111108688907,59.8648395939296,60.5595341554057,62.7173611137535,65.0071047430699,67.1973041603466,68.5920736812053,72.3873051497674,76.8171531020504,77.9455875187053,77.990698949114,81.1768753243171,83.9392964951471,86.0118095395228,88.034798241737,89.0069555002643,92.5303540607326,94.5267706210202,97.0741279135942,98.6580335643568,100.518400930646,103.233059390374,105.583108550552,106.984951308253
"61351",46.8755859809733,47.0973832721347,47.2311654338734,47.3803746142961,47.2892323780893,47.9238793299889,48.2209795715192,48.4458017894683,49.2552171030999,49.5540376002599,49.5538518065663,49.3258125774793,49.4459127735085,49.3579375491019,49.5424846516365,49.5124161322414,49.8799319329619,50.3517557120047,50.6414216365027,50.9638860727146,50.9701722128222,51.8159443507301,51.624664544978,51.7095746763925,52.2283404803291,52.6518960927116,52.2381924523981,52.9854960147562,53.4925304993783,53.8111044446039,54.8012243331734,55.8842355664476,57.6434089074539,57.7340120172684,57.9172398612405,57.3415520642415,56.8536511742914,57.1097927392787,57.1614416400797,56.8470475992913
"61391",89.2277652351808,89.7998721242877,90.0579597654337,90.5697975279958,90.5766932251529,91.9438106825999,92.2223887936535,92.996499114012,94.7143724594745,95.5406946978891,96.0266054654072,97.5571803093224,98.5759100173836,98.9656262179418,99.8046046360246,99.9644279612268,100.798236606276,101.804277981964,101.754787259049,102.042576120048,102.316117592399,101.831118900314,100.967140270489,101.504580186698,102.667976607996,102.849601301591,101.381154411046,101.700135188298,101.689957798606,101.408536867284,101.45546293636,101.371707239645,102.462318828079,102.261385767144,102.727404826284,102.647184377097,102.718085232626,103.448793075572,103.745547360141,103.242618858252
"61511",2.49910435405757,2.50845685533269,2.52819173093724,2.53909350731817,2.53858553113615,2.5684927919507,2.60362747231491,2.68363539362852,2.78635249041077,2.87581777605664,2.98274361846326,3.83926440196339,5.27858793263103,7.20693947549208,9.59152367515492,12.2203271269585,15.9622480463582,19.6463870501929,23.0269944208119,28.3798683017977,32.9626911941367,37.9178608784865,39.6843010597928,44.7726627000002,50.4972611056035,51.8466126806768,52.4146582032992,56.2576968807305,58.7447278686585,61.061979983661,63.149834688344,65.2525708696492,69.8103654745772,72.023710053096,75.2587565167209,77.2193670708892,79.7475227563288,83.1980720701303,85.9291955577202,86.7332649074327
"61531",69.4094084268961,69.7197012850117,70.4073112813153,70.811514068634,71.0840869819927,72.3106186123445,72.6598052573975,73.8322715266923,75.0319110565501,75.6269717926508,76.3608624078841,78.8134999513055,80.1743660872521,81.0422600999033,81.611775693014,81.9037089248346,83.2672314154767,83.7523971673517,83.2352551493698,84.0128810232048,83.1872761953316,86.1353657386715,86.1649591050009,87.6390039167426,89.0275762210856,87.8323921900555,85.5430742400797,84.3960833662988,82.6792748567088,81.5030603600936,80.5731094472957,79.6068037967096,79.2942140527176,78.9874843028487,78.8437565641909,77.9905795774881,76.9022493907909,76.3134045033095,75.7891990588952,74.8284227143076
"61612",98.8191565792759,99.2027135688892,100.262156406236,100.485781741056,100.89139420955,101.77422902506,102.243736148287,103.264647953207,104.765441488115,104.696720319872,105.779810127597,109.989451400468,112.961510227855,114.499882205639,115.806285913455,116.612751203259,118.369626342226,119.591824760198,118.704047622029,119.312752338084,118.832463900741,116.714636575284,114.763808544015,114.830319498244,115.248657495654,114.308217622672,112.621783406547,112.56502251793,112.56712152552,112.273146528034,111.473708569628,110.756213426954,111.327746905229,111.067721747124,111.092592958669,111.83984805687,114.083501408611,117.620658665495,120.026521682153,120.507115202246
"61692",48.4343115646112,48.6115861353076,49.1514576491088,49.4361773242502,49.9199096771755,50.6370295399783,51.0435858249405,51.7897788336614,53.0334189152274,53.1303953908386,53.8185247079174,54.5470653425545,55.5697032701354,55.9672572979358,56.7415587357958,57.8828798080238,58.6996746812864,59.5562804863108,59.4913215181392,60.4485716337187,61.2946634051867,62.6539963674777,62.8333913683433,63.7226237858587,65.0179633846154,65.0478915906057,64.5965486410121,65.5168255413307,66.1752250460235,66.7356219376373,67.2611843073014,67.2793508241706,68.5474129558524,69.1709151543105,70.0906460582584,70.6391582431309,71.3669260908026,72.9117731053834,74.0347700180998,74.6754258515984
"61751",24.7587893800443,24.8675096319429,25.2085446026025,25.4949350766144,25.9173861294081,26.6197733058573,27.1200589353392,27.7982095343018,28.7907173832603,29.0181626088602,29.6800342212296,30.337171715902,30.9361362870122,31.352824423775,31.94314014327,32.4630663737607,33.1720749711331,33.8050372690837,33.7957625355419,34.3756954550579,35.3745953489841,35.5033853474423,35.6237492936931,36.5546894070128,37.6811232834426,37.9848152133466,37.8270680835077,38.5981964821839,39.2058387558741,39.820908747751,40.3918220757622,40.8669485447274,42.4075153109491,43.1313207741839,43.7034131965963,43.6524151669297,43.7771653711528,44.5527740298938,45.3011570165422,45.6620086706073
"63491",50.6252995467452,50.7822659386727,51.2482168399209,51.5295662298894,51.6487075458489,52.4381034292315,52.8429025330785,53.5860901240116,54.5319698888759,55.0963003540499,55.7402344006498,56.8179899622354,57.543532654599,58.2176610127399,59.0599092166711,59.338296681756,60.398122676461,61.2112102497544,61.460944617346,62.5233524598119,63.0949746838246,63.8931720698494,63.6790798753179,64.8313875608028,66.4086748861923,66.2636060281848,65.859830954756,67.0941140194326,67.8598786828744,68.4594048032986,68.737090287935,68.7873305705,70.2466287949265,70.618779925115,71.5300966461413,71.860880040795,72.4531700125081,73.564815221421,74.4372205720866,74.263686970408
"63511",13.1936962529529,13.2467867866817,13.3518492472574,13.4009006651338,13.3788230273709,13.5275301868746,13.6464585971929,13.7942070419608,13.9285142019756,13.9526053708194,13.9426132456009,14.0313693657683,14.1956658640331,14.4168415698196,14.7003994731088,14.9436615701019,15.3959210003198,15.7706616887709,15.9635323096991,16.455096528829,16.7581462854563,17.404446922315,17.4107930816889,17.7649387123796,18.1951585703651,18.171548834758,18.0690333994488,18.4751216328544,18.7538256249654,19.0513651782889,19.285919768414,19.4009839830059,19.9542368409132,20.1491738561145,20.5421532506827,20.7298101542301,21.0076351624599,21.4595879712506,21.8542204227971,21.8636590919595
"63633",18.5843219115545,18.6576099917877,18.9190691116345,19.1247079449796,19.3470735813616,19.8631888711787,20.2062506083225,20.745791738522,21.4235790469537,21.6938759838761,22.2842944796055,22.805874518028,23.4699224660425,24.0560123115022,24.7795523623643,25.4942058576804,26.4974802712753,27.5826617919921,27.8552068029391,28.8080279689083,29.7421148967301,30.6165585848256,30.9970475419205,32.4189667503004,34.1686745527411,34.7519350434942,34.8316030411539,36.187867059416,36.9797540298664,37.4462621831791,37.8612476348501,38.1444365945862,39.2613455076097,39.7053161182932,40.1950425827021,40.2653290159391,40.6741841819046,41.4265782488109,41.9594104091603,41.9547187357236
"63651",86.262635316756,86.7480243434314,87.7239015441078,88.066095703655,88.3237367712493,89.5468157581701,90.3774272386033,91.5946143904252,93.1239714764178,92.8583652813942,93.6116406104,95.7648883676312,97.3285762899833,98.0960792974592,98.7589095636321,99.3153900375961,100.266527865345,100.963090018385,99.9081133359094,99.9987337445212,99.4646804506708,97.4729537012417,95.9331050100827,95.6677533051801,95.7136816807488,94.7881372661488,93.341766867441,92.965687662672,92.5006143319918,91.9082108775349,91.4401459226079,90.8330359515387,91.1479106553895,90.9517172952746,90.8580180519988,90.4621066064324,90.22391600716,90.3401364778918,90.2577438448564,89.5980864044263
"63734",69.6330090664953,69.9354354302259,70.7048930880205,70.9364763564766,71.1089930543784,71.9239121039039,72.2758241363718,73.0113456916667,74.2499511615177,74.0910917444062,74.6837305362213,75.2289381902376,75.7345577105493,76.1384906204041,76.9715945035838,77.2238732721785,77.9250929048784,78.5953556784205,78.2727124721352,78.6803692530071,78.9467148136647,79.2104969569567,79.2077075320866,80.4589332966761,82.3252186359337,82.6956886200788,82.2295664099994,83.3430428399923,84.20553579605,84.8896972648271,85.5222716864805,85.7436573199152,87.3766663827875,88.0182129590203,89.0214973963442,89.6134563635306,90.0229385296207,91.2873724550165,92.087212073356,92.2311139487452
"65431",106.785112093673,107.24945748776,108.046577101175,108.448865418873,107.931898265206,108.806036436335,108.003998468483,107.85029104269,108.317310900643,108.24135373497,108.047918216285,108.151968585187,107.986265871288,107.767447549552,107.621211302577,106.938297536809,106.766977659591,106.727069266568,106.043361451219,105.802947290188,105.171554327541,104.260882294053,102.949686936448,102.680903710439,102.697897039366,102.020907835624,100.374507236821,100.046046708171,99.4775436461504,98.8878332311868,98.3922540974225,97.8238419920962,98.223065864792,97.8242154267251,97.7971461016779,97.1576961672738,96.8023794946516,96.8965476063466,96.7703706676202,96.0553671881542
"65491",75.7791810664982,76.1269455353883,76.848683980251,77.2144859731412,77.3225687368914,78.4287870473305,78.8756055069198,79.7102216382118,80.7469154319712,81.2453880684959,81.8392192228314,83.3878719486401,84.062969985437,84.646417359497,85.490765437269,85.3884109003257,86.2681787611893,86.8888848522338,86.5550948552255,87.0207722201643,87.5319779855526,87.0655708625019,86.0960656034819,86.5636073447827,87.5396887030062,87.1673458277619,86.1154913437485,86.7924129493758,87.065285605428,87.30345981215,87.3587604942372,87.2078577293558,88.4160183859036,88.5329953889219,89.2211734393705,89.2225048630013,89.4755721476442,90.7235048198801,91.8023953081972,91.5106755033906
"65611",15.722312790423,15.7520475385542,15.981336486469,16.2207344208036,16.520794194915,17.108838499621,17.589473424734,18.3454273435146,19.2235638766866,19.7687124636389,20.7396477042954,21.3467514640142,21.9676556439945,22.3133701687554,22.8402815919034,23.3324321645607,23.9550350689121,24.5125969446085,24.4610369667354,24.9809981474271,25.3176584385292,25.7715738542093,25.8466394296003,26.6460383838884,27.4329487509498,27.4701183217691,27.2620331020041,27.9054365094401,28.2802904297976,28.5654343012717,28.8426334676321,29.0745771535067,29.8643073246342,30.1060909660425,30.5863325095926,30.727672313638,31.0677085765313,31.6535905707142,32.0124839887228,31.9323913002959
"65631",33.5461399540601,33.7276423819509,34.0836504726189,34.2814816542078,34.4335214354171,35.0375497165678,35.3511246599148,35.9394651269104,36.7286043301907,36.8987407940151,37.534084515985,38.0404075539787,38.7139112442797,39.2454790979413,39.978623835061,40.6968519050609,41.7451388149862,42.8040686850502,42.8865524501749,43.9162246795545,44.8661342588197,48.0549438507231,48.6188545701475,49.4725555934849,50.2734650560464,50.1740851175106,49.8128263638728,50.9435949396774,53.2065350879799,56.4495104303386,60.0633115810841,62.7722149714447,66.4871042654084,66.7029054692839,65.8352965106278,63.3348330901243,61.3392592282077,60.6550389426146,60.2741117392304,59.5332164360393
"65691",56.5799955067656,56.8178096383344,57.4544949945022,57.5811914409092,57.6785873624456,58.3795690654531,58.5041376657702,59.0367141004046,59.844217693351,59.7255596486013,60.0751507155604,60.3765602732405,60.6959054838872,60.944028772127,61.2461078848149,61.7687561102996,62.3334284105781,62.8847530850932,62.5863959823674,62.9825499289365,63.4137436811467,64.2047553059843,64.1967750370771,65.0806833078895,66.127910736498,65.6003243430813,64.6904540914249,65.0186704615381,65.2122798332613,65.2748433641592,65.3901425268155,65.2575575276442,66.2034805808596,66.4460164502873,66.6256932740598,66.6434219299992,66.7678775921435,67.4341644087927,67.8712595959733,67.7849389541415
"65711",12.2942077988767,12.3228491978364,12.5298977737956,12.7248020846888,12.9504591479166,13.3799292298418,13.6165979611281,14.0040721731464,14.4779021728324,14.5875791579346,14.9317762660095,15.3108970450426,15.7834684100142,16.2423773071303,16.8099653057149,17.4400875908338,18.1543103732906,18.9127194234427,19.2206690585985,19.9568182653484,20.618509202136,21.1924258395508,21.4502467714523,22.3956723025404,23.6070122173295,23.9646748642758,24.0924989332019,25.067922162642,25.918765707756,26.6446050146817,27.3652792170348,27.9035183941577,29.2755168077321,30.0206592817669,30.8151008220273,31.3420286354573,31.9332839037934,32.9917214940721,33.8114298682734,34.2099068575415
"65731",15.1986238048704,15.2406953129943,15.4778417681135,15.6670857353625,15.8896501963237,16.3398304792284,16.7149886882359,17.0984941529515,17.5528320446804,17.5345032943437,17.735314795813,18.0661921652775,18.7039421129485,19.4945910942537,20.6549772376168,21.6551855080026,23.1294155573838,24.7538482611254,25.7636713938356,27.4698315650986,28.9236135541448,31.5200165597183,32.5160210967757,34.0671471871854,35.6182349229218,36.0185186409728,36.0545072256214,37.5520023616854,38.9103407310819,40.1847436811845,41.4475125799791,42.4164005840794,44.6278413003601,45.9662351324245,47.6250580875542,48.8734791540559,49.9890187841633,51.8752068057723,53.3372208691539,54.114333065691
"67391",109.190183500507,109.39991610306,110.724289853877,111.406864546572,111.368503151129,112.971347881213,113.601772861761,114.507784140549,116.427540436853,117.722983133897,118.293556355151,122.111608106164,125.586702714296,126.478120158898,127.383416320132,127.339765372331,127.499724113656,128.404375975739,127.893430532888,128.122620578092,128.719493468739,127.272430846724,125.055340194986,123.999594371604,122.78993041365,121.934265294953,120.040433932895,119.495690740084,118.803587300488,117.949789748089,116.975431802959,116.221407318861,116.203753367919,115.289330865982,114.928514990677,114.060856329596,113.317081586739,113.238401734001,112.810604312848,111.935424498158
"67493",66.2711577174672,66.6965746118442,67.1744115064465,67.5442209539284,67.5827721718723,68.5190096088844,69.6960372008856,70.7932190191081,71.8125572514373,71.9767277075744,72.4071731845793,72.1013416631147,71.6634658910474,71.4923580680747,71.6039542916687,71.2371768212031,71.5514591443719,71.7515129666111,71.3059494920798,71.3277427130316,71.1781706979219,71.7716338386874,71.1551665832956,71.0068633629961,71.0728488638219,70.5861695324704,69.5155069777841,69.8321025131272,69.8324461204318,69.7265753754586,69.6228353814483,69.4198794493755,70.0983881685471,70.0982183281334,70.3965007262804,70.141803539518,70.4094577515591,71.2635854945078,71.9551039839938,71.6770114134403
"67574",40.267364995999,40.4321647948897,40.7581140089876,41.127396015777,41.4242572346511,42.4264149489016,43.0222781074105,43.9687542707317,45.0279278083897,45.4858173018255,46.365468465427,47.2103398683672,47.772580258676,48.1754744335944,48.8067923431444,49.3825177842184,50.5890668975003,51.3909496247989,51.4951709623376,52.4178443287595,52.9543012656881,53.7028849156299,53.8333057210886,55.2699698054417,56.820668104127,57.0210370792459,56.2917982979043,57.2153727608058,57.6564327196397,58.0008647409183,58.4330284693349,58.7283492685774,60.1374426448247,60.6835818169292,61.6019966699431,61.6177108546096,61.7816756831866,62.6356001696712,63.2438296285098,62.9989276291863
"67611",58.2771410067019,58.5774248819501,59.1017873739604,59.3237325304596,59.3874136745468,60.1274244175933,60.4944777925092,61.1676492076367,62.0752395527547,62.2237233616643,62.8873803519239,63.7619947174859,64.4205568784322,64.5246617985408,64.9632958931104,65.296809892886,65.8372887580955,66.1530158873075,65.60967080139,66.0096781894834,66.8923722749096,66.4584901200281,66.1048608800051,66.9232536718617,68.5654152486808,70.6457529404909,71.6655184820925,74.5225906929488,75.3774868756716,74.7778378675844,73.5638429547516,71.8856426279513,70.8312061568517,69.806921582443,69.2675791923143,68.5161019675351,67.8735227192268,67.7299455780266,67.514348923415,66.7746091615176
"67631",124.306845446855,125.201794987504,126.397383525765,126.817326886263,126.743174196495,128.174198751246,128.517238430721,129.588921896171,131.20626818295,131.003823051255,131.94506346782,132.303239995942,132.812027950365,132.662600998133,133.179423153105,133.529806322811,134.376345370296,135.094880750147,133.859269903472,134.400767392208,134.25397118062,134.527645099316,133.688539661574,134.784404523707,136.156954222871,135.502775761665,133.646496114753,134.250484538445,134.162545937892,133.731497552691,133.489116674719,132.931480467647,134.095387130956,133.756293623575,134.157515382468,133.746593427385,133.721524605995,134.49861390351,134.667015270506,133.681734389565
"69553",29.3264956179717,29.4427865949585,29.7001976935079,30.0065533240963,30.2248952551097,31.038621125101,31.5183315524462,32.3405102736475,33.2124851596825,33.5881514726739,34.397108956948,35.4063334652015,36.2740387567787,37.1243427337156,38.3907954933889,39.5089954314473,41.5213101108136,43.2410908884253,44.3027020849638,46.429949307464,47.6075811828277,51.8399394332657,52.4978834031453,53.4022239098305,55.2166267380524,56.019034932867,55.9708103253947,58.6232963442785,60.4071203815452,62.637229237556,64.1634250892867,64.6878701283872,67.6139528785596,69.1654931771271,71.2252677914021,74.3510965678244,80.1268563350808,87.7137918577821,92.4404560077401,94.2108892621286
"69651",84.7398865138723,85.3625321724497,86.4710262230382,87.1669959425632,87.1327519249631,88.4464809340656,88.9043764754146,89.9910399838681,91.5023215727377,91.653392216991,92.5141164760114,94.935209402062,96.6535668322903,97.0916157092261,97.9190890861343,98.6046849034057,99.5764761178695,100.263733347157,99.2131050041243,99.4748586936646,98.9907434363718,97.460672946647,95.9854277632781,95.7982445862177,96.092424773674,95.3995022146332,93.9582950217813,93.5332028852544,92.8422897368247,92.096933003137,91.4348166134691,90.5519164804013,90.6974301818176,90.2495044890393,89.8959565015519,89.088817478333,88.5250557188944,88.486551588582,88.2893004829291,87.4604185618897
"69711",20.7815680150592,20.8685680430435,21.1812924496669,21.3253225636035,21.4535588416644,21.9067658989706,22.0778738679187,22.462253762,22.9061502372244,22.8824969219845,23.1764365219326,23.5007874735437,23.9567005591179,24.2600783933111,24.7006503264106,25.2162488852452,25.9325707631403,26.5813291883494,26.8058403469127,27.4279616152711,27.9177699499268,28.5179663781987,28.5676159034045,29.393036406325,30.5280860180531,30.7711549146027,30.7043021607899,31.4611854680452,32.0138906333419,32.7519534886301,33.3936110058827,33.5814470538144,34.4121570273852,34.8272879946871,35.4275357017679,35.8150055118669,36.284696806969,37.4186087343301,38.2927507160156,38.5832834212051
"71433",87.0191561098155,87.3002079674675,88.337637273879,89.0465307901246,88.9883709990189,89.8909603570284,91.0021828173009,91.7063745305728,93.3193625889767,94.1460643646797,94.6853226777268,96.2370735149126,97.25248428961,97.2896792683823,97.9502930915808,97.6318619592554,98.1216729214112,98.9896643303873,98.7839424502632,99.0677294734642,100.439588052878,98.2355733329153,96.4405119670298,96.2986989098352,96.3803572807344,96.2587830949763,95.0524650007737,95.3352892278712,95.2545724430402,94.934657039926,94.5273306289459,94.360172056507,95.0061342901201,94.6945513973039,94.8544075343556,94.2690067377501,94.171006687848,94.5375706021965,94.6756409756172,94.2952548902666
"71492",8.42651845697562,8.4832569256992,8.55143176498335,8.61267672300243,8.64176478071735,8.80048958294119,8.92126824495995,9.03233523061101,9.17891476744753,9.17920870236641,9.27700309974324,9.57056558287502,9.97264061827707,10.4286968513262,11.1444779814796,11.688716823145,12.697503145936,13.5814431094638,14.310776351211,15.2254353990468,15.9778070673801,17.3828764798911,17.7452962033312,18.3751033204239,19.3063904253003,19.8271740976372,19.907195571931,21.1291150303981,21.9340182929708,22.827130591821,23.6181495914532,24.1527909962563,25.26267596076,25.8091115106415,26.6993821058447,27.153452433148,27.8024375073095,28.842395027741,29.9086348286082,30.2536422501735
"71531",91.0287337394611,91.6678529877163,92.2732898631026,92.7130546525136,92.6271237595398,93.8782028312788,94.4272408795891,95.3326275626832,96.5501500609964,96.5312773004078,97.3367584208957,99.9051444881294,101.047355205436,101.362001685795,102.340487763144,102.133553832811,103.254159294718,103.816052262493,103.314468151677,103.625986006196,103.44207821297,103.210801474118,101.516184735025,100.437035868319,100.158040492574,99.5734818096461,98.2256118846413,98.6429933285604,98.7504404396223,98.5547035918972,98.3512374973973,98.0012222663908,98.9698387294825,99.0196337642996,99.4338853971279,99.0510124267054,98.8716583890758,99.8446391278458,100.760204148873,100.337055753951
"71553",39.2214798814363,39.461094773798,39.7396860788646,39.9547642532163,39.962081676696,40.6095243661962,40.9319548429287,41.5276182567746,42.2273284774465,42.3729673124336,42.9341145514972,43.6509773542075,43.9770054164338,43.9983904841412,44.3102644760548,44.4241100474212,45.0012857756923,45.2753841041714,45.158819562129,45.4996171720017,46.0203785548793,46.0034298453529,45.2732752884098,45.5578255044844,46.1008139777762,46.3283894260317,46.022321091372,46.9055798980676,47.5072595989593,47.8553856348245,48.3890990826237,48.4305866512425,49.5016916020909,49.9741675247321,50.7568641714904,50.9368360298049,51.3131108271502,52.6104702356043,53.7780509122098,53.9202368060352
"71591",75.3810596968124,75.8178189206524,76.5126561229748,77.2119035221738,77.4842871796723,78.708640541461,82.4965296857003,85.2698747674377,87.560641609421,87.7570693184143,88.4398449882911,85.3219072675547,83.5312278776085,82.188624253908,81.51640783311,80.9586902001036,80.7398413812279,80.3126150998785,79.4488792458873,79.0762372293968,78.5561901595434,78.2682923490911,77.5378723963832,77.6117274039472,77.8394609843529,77.3688508510586,76.1164562274644,76.148440692253,75.9044736449658,75.2810198928831,74.7299054144276,74.1802994603648,74.5093091693686,74.3595164366249,74.6301086314992,74.4214780523509,74.452423893515,75.0249683126907,75.4135992289652,74.9870824418427
"71613",77.1301497926017,77.6432741462242,78.4153633538014,78.9562523848126,79.0732662895977,79.9440450684861,81.2007846155521,82.4696239626589,83.9001241358687,84.161050478614,84.9472123854042,84.533138462592,84.4473383792283,84.126120451688,84.340680309692,84.5038810648266,85.1258869417762,85.3400577597726,84.6395235776078,84.9231156103983,85.218834889549,85.4826740833982,84.7938992909309,85.1215000727879,85.844444049386,85.5507692744063,84.2387422233286,84.678958093521,84.6838894333196,84.5408456477376,84.4779340657359,84.0334404336525,84.7349544510966,84.6275335142452,84.9577293013978,84.5903621876002,84.738860462718,85.7277573279098,86.4345647676669,86.1763838839704
"71632",3.56721436896113,3.57829422387574,3.6492484573925,3.74043590393604,3.82053174204882,3.97689413438295,4.11804431372893,4.31252920091697,4.56059591650417,4.71616946851551,4.95941214005235,5.18841917567329,5.43284712349273,5.62133022424992,5.92509267713768,6.20905374592661,6.62786706998725,6.994924000883,7.10407598541436,7.50975412557122,7.94148920699711,8.65415662165329,9.21103184271725,10.2565926614698,11.4113629346637,11.9410994259806,12.0384329914878,12.9687870327732,13.6937517122443,14.3782571362496,15.1860893317031,15.9719602065192,17.4084356212251,18.243223404811,19.3378232307273,20.0176258188785,20.9310368328074,22.2517293860841,23.3395956074882,23.7881693326397
"71651",26.2671713850806,26.4255234621991,26.8024259515728,27.0323894406569,27.0320067465685,27.5027743046845,27.798768134792,28.3541755079363,29.1140944517654,29.348335609617,29.9205008479971,30.4759166205749,30.978209550727,31.2463991462963,31.7866520850381,32.329728718343,33.2456551665597,33.8896331801539,33.9780068792055,34.7011885707698,35.1483037998277,35.7859976438933,35.9047896108823,36.7607372531218,37.8865170289663,38.1021064407469,37.779941408783,38.5093182439535,38.9828918017196,39.3677142458169,39.7404384205917,39.9566681205036,40.8680129958168,41.1302054693579,41.5086542711077,41.5563053628658,41.7599203634608,42.3748933083647,42.8034309689505,42.6897358208771
"71671",78.9454603604061,79.4602531880339,80.570620693106,80.9886091817931,80.5514374256865,81.6024241729794,81.8530384586371,82.7999577013275,84.0570517193484,83.8330857410848,84.3077609906182,85.2876463662928,86.0174164683717,85.9468481532354,86.3386172980715,86.7304456906272,87.7001943868043,88.0706859309713,87.5924551396618,87.9741260515649,87.5336789984172,87.9488675882619,87.4723175098816,88.0902668395455,89.1049870691958,88.7200322337876,87.5514292858662,87.7717328768771,87.631131591672,87.2701903794469,86.8046079746134,86.2339277626348,86.7358917363883,86.5895467266028,86.6593443055758,86.3819396654525,86.2233778618569,86.7036537114506,86.94457020124,86.372212813757
"71694",246.40945389633,247.867916621972,251.242295637805,251.912976112304,251.333151800996,254.720637822367,255.469403741469,258.264988249979,261.863680964934,261.040040112722,262.504667928054,264.773811950008,266.763622311474,266.537329434821,267.645401955852,268.644907365888,271.485486058148,272.72057342549,271.394432002082,272.418630269548,272.274330449464,272.771817644747,271.126641430107,272.98618301537,276.018731184104,274.426721055593,270.515800110972,270.905247821164,270.769533337607,270.433648828154,270.174847232939,268.942964518525,271.38886025874,271.85742395003,272.855061999415,272.407089147177,271.859993981943,272.855600359972,272.859180454485,270.909363144413
"73453",91.9157246025683,92.5868646467607,93.3954259785723,93.9395620385857,93.7890966419942,94.7293251282499,95.4591317482187,96.1524834085094,98.2778101370989,99.5741772771359,100.436253649501,102.89196135313,104.580166674339,105.416242984918,106.479628249399,106.88125878554,108.920071306724,111.001556083058,111.964173439784,112.84131889434,113.36707522133,114.529019339359,114.42713392731,116.614810291477,118.567933056026,119.662628406549,118.30993385542,120.810832234647,122.183868267505,123.142671103091,123.999953284072,125.592409368353,129.185809497201,129.924463782584,131.845802910029,132.513810145873,133.397490698139,135.88378673308,137.928907653695,138.969739135424
"73471",25.5970021201163,25.7411027610966,25.9958786227809,26.2831971155991,26.3873957192644,26.8934463777235,27.2654254462491,27.6318145420726,28.3944582766854,28.7537143794183,29.1716281730391,29.9617840457219,30.5134563153869,30.8633133797246,31.4137224643576,31.6335406883639,32.4987934738931,33.2830137380595,33.7342689942693,34.1882360551412,34.6279881964212,35.4927833452021,35.5663295368728,36.2734183476612,36.8485531206258,37.0862926887834,36.6431183108809,37.478967073441,37.9329528673063,38.2303779351839,38.5659260721248,39.0406758184071,40.1368894781639,40.4464340931259,41.0589839186401,41.1868182694029,41.5998624614872,42.4296299401485,43.1705717223019,43.343180319631
"73511",103.340415416437,104.131200099482,105.028489821535,105.670557029461,105.770986715028,107.362986143257,108.254738502252,109.139666043606,110.781555806371,110.903665783816,111.832214387185,114.096416073398,115.225476111556,115.596730673963,116.913403188106,116.573358982442,118.028170846529,118.888026334136,118.592079898658,119.1018970297,117.806046408281,117.556253506858,116.628055502394,117.447817738122,118.586315679113,118.452398290498,116.523944613524,116.791472077896,116.319251163445,115.781848831911,115.437004615724,115.122279627938,116.191205083102,116.069677607095,116.319052560368,115.71468754719,115.399866422537,115.893312967727,116.325566593231,115.58663211369
"73532",44.2180378715752,44.5281505191943,45.0442002758329,45.5358452266048,45.8291389579728,46.8490273194378,47.7252917478301,48.7652214679029,50.3823583975776,51.1318170736852,52.5271570816927,55.4515860828734,57.0148806468071,57.8252988427732,59.2169178174627,59.3486574534777,60.6223243153449,61.4594174587635,61.2441451997184,61.9885285333091,62.0531892324534,61.2631356987671,60.3419456457198,60.5106314515893,60.8456169372513,60.7092386321006,59.8060230944245,60.1965726478284,60.317028728276,60.2558182531565,60.2446428776265,60.1956844565865,61.0021952805429,61.1451489469533,61.4990431298908,61.2950068074647,61.2749681174783,61.880203294738,62.4257860314803,62.1661900144452
"73612",75.7855737183276,76.3491156705694,77.116547114353,77.6075014225231,77.7526906359654,78.5756241145873,78.8399275849521,79.5655426171686,80.5715002642538,80.6863736910679,81.2365317719055,82.0902394897542,82.6493676608125,82.7366257912368,83.2704071761407,83.7154910251197,84.5299933417505,84.7975199824241,84.1346444019794,84.4408116262005,84.9286639809629,85.0738217307534,84.4007047546897,84.8780154377394,85.588742513015,85.3682520970155,84.2747552812634,85.2489887166652,85.7315348538639,85.5562034366807,85.0268435320074,83.74681587088,82.8998960901486,81.8381378531167,81.2891937773216,80.441871010461,79.7075079649409,79.7709116278697,79.848037671628,79.2195051833629
"73631",6.73523045188622,6.78278165624317,6.85812670737265,6.89316600841917,6.88871559770613,6.95799172087052,7.12005585935701,7.42524452925357,7.87302588089928,8.23619674597689,8.76171374967553,9.24973161050403,9.73460263791734,10.1253883505952,10.7055438701611,11.2842235871473,12.1641965432706,12.8724946851769,13.1329926654207,13.9528610696793,14.5833570991205,15.5120876999339,16.0809417054058,17.3330150673154,18.7332608065102,19.3163157518274,19.4399795702396,20.6242409230216,21.2926321540232,21.7585237285889,22.4024247715579,23.0046345549525,24.3445940673385,25.0985066993392,26.0891268548673,26.6539631172111,27.4408887750014,28.6413715772072,29.6248355271073,29.9607184173209
"73651",86.3423702359757,86.8646067728074,87.9650256945185,88.5247710419609,88.4063690938605,89.6220190954503,91.0613472528449,92.782540646536,94.5885936947236,94.5792113707087,95.2855282818162,95.3229638390857,95.2894249906067,94.942547499974,95.122780342446,95.368949202817,96.414089799638,96.8386937592056,96.0670286161679,96.4166230645832,95.9611194390612,96.0271525605912,95.4548808024287,96.0550944415063,97.5976140435899,97.8744507680322,96.7705580445875,97.0563845093373,96.5719591274099,96.175808544326,95.8560191285991,95.4239389186285,96.1405110415876,96.0607813184374,96.1612237091751,95.8192453638331,95.7013753201065,96.2366735688862,96.5552074467484,95.9216022703118
"75453",64.4297835196319,64.9182919613487,65.5452424632497,65.985179630318,65.906620029254,66.6195468061546,66.9663637637677,67.1874282703687,68.2074578648381,68.7283810793832,68.9795644500754,71.7353442200815,73.3198602057528,73.6938161464044,74.1707360451306,74.0371552092264,74.8209978280182,75.5652026883618,75.3124633850801,75.2633730646905,74.673741702073,73.560106852485,72.2802406720332,71.8967744729058,71.6339907050666,71.2515493450955,70.1227858242352,69.9898884029998,69.6117372659937,69.2235686366659,68.7474116586908,68.2684783101733,68.3336523441418,67.8225911726999,67.6237081839355,67.1311697191454,66.7507050698246,66.732248888612,66.6215843871672,66.1648441496641
"75491",68.3206991587385,68.8098032906134,69.4260585574169,69.8661579376209,69.7796590453273,70.6376015857377,71.06346943598,71.3738440551027,72.4413507536283,72.5946271581064,72.9027123649626,73.8670435630237,74.313857000357,74.3528891096537,74.891894210126,74.6282546010204,75.4279816823988,76.0744779009776,75.7379397578105,76.1298243060359,76.1962825921209,76.345281056309,75.8642202356949,77.626573474762,80.8095996407075,83.2729731742339,82.8595886843702,84.1872368313646,83.0398642621204,80.6308153687958,79.2630089009702,78.4739192999538,78.5260897627397,78.0402720859244,78.1814464245157,77.6231780301263,76.6969114711024,76.3648875925464,76.1588757704683,75.4249702137101
"75571",95.4509060176124,96.1506389639788,97.0139258012012,97.7843261518945,98.1673888456729,99.5397025479933,100.897284813375,102.39552249601,104.148580249075,104.405862120815,104.941235525222,105.256031194257,105.417126156201,105.233021617198,105.80114053764,106.136727071689,106.811232738971,107.001025138793,106.113641596943,106.307051082345,105.595070976193,105.688658395854,104.731662130601,105.023206671248,105.356431437091,104.82944435037,103.106041267585,103.397935197703,103.453512882148,103.131603308552,102.673321981268,101.93280490628,102.440595146063,102.191418741548,102.322072535919,101.658853372451,101.857291740856,102.921819283117,103.886943619127,103.447479744097
"75591",57.4416971428996,57.7934988438333,58.4734241525439,59.1408363288974,59.6752268505424,60.750244376579,61.1593721903889,62.0731056650625,63.2201940937564,63.5695697402974,64.2526173431539,65.0183718308291,65.65936973044,65.9982853683716,66.8291310554047,67.663804786743,68.592264160522,69.1246651453893,68.7842684872572,69.4545687233146,69.4755668085706,70.1464885941432,69.9665011911039,71.0167156954204,72.2394571501114,72.3076759150997,71.3162090998529,72.3777675404835,72.9576353048146,73.2138645294589,73.6147025493135,73.8470708095233,75.2281748274755,75.6502443887481,76.5804172928726,76.5369043499039,76.9491727283705,77.9464864530962,78.9212054344453,78.7568776681431
"75691",42.5473018399336,42.8635504677547,43.3888064668367,43.6305071623113,43.6858207852459,44.3892070777132,44.6553146318024,45.3956231247863,46.2789630319762,46.4281297374932,46.9619931535018,47.6709042340063,48.2841123197297,48.3303104643636,48.7153783419081,48.9726477422588,49.8064431378144,50.1915193565437,50.0472327743421,50.4114770177674,50.416016416635,50.6003775212806,50.326645510042,50.6559288053849,51.2824073299722,51.2059222288707,50.6663729474353,51.1024648756124,51.526037639269,51.8632592123514,52.0688927272119,51.8356776717699,52.0559621746496,51.7939155383272,51.8858734311608,51.8924143871343,52.0444225896141,52.6347240486224,53.17726213956,53.0352033690726
"75711",78.0666181531348,78.6578847705443,79.5389614983943,79.7685028527657,79.6918727178299,80.6868771127928,80.8875185049387,81.7108032904441,82.774326931026,82.5613138189187,82.9061079522074,83.9911299961187,84.8568197251941,84.8000887164147,85.2692351759761,85.5172960307168,86.5852224704519,86.9362200890369,86.5809407694245,86.8843580829017,86.0551455962247,85.8214123880823,85.2784648719725,85.6641632676013,86.6838991057738,86.7833951625727,85.9117718047729,85.9743633955745,85.5637500483756,85.2625896397858,85.051763711668,84.5682361783888,85.214613581279,85.3670034702762,85.6092525759201,85.1301303516687,84.6949942226669,84.8922427318368,85.02100389096,84.4337467521924
"77473",47.1749006400479,47.4920329225996,47.9178176594339,48.2317854829177,48.0222686531116,48.4619677252112,48.3620083742409,48.4051935116691,48.9569996529456,49.2049671360662,49.4185216955286,50.2249940256065,50.7085993056064,50.7896239998749,51.2123240352462,51.3609803458567,52.2927043685487,53.229540451686,53.3250890275525,54.1274848626099,54.1725487835113,54.8735655875347,54.6989542441946,55.6105070040404,56.4531640223991,56.9145008352565,56.1866951565486,57.1170525149568,57.6782330051851,57.8832995692845,57.9801950049787,58.2260892130437,59.4218642940017,59.5546217931046,60.0879976756643,60.3591654306407,61.0942009619499,62.3986828714942,63.3791186478891,63.4337652996491
"77591",19.6222054158752,19.7879184217332,19.9813041230884,20.0355991350168,20.0082467777367,20.1589933622115,20.1496089581744,20.3507188462039,20.7372357429204,20.9786559738578,21.3142252606478,21.7715479643755,22.2171733331557,22.529170473764,23.0921677739223,23.640759395112,24.4557798049257,25.1350626519355,25.3138943293278,26.155639256965,26.6904621047542,27.8943776072092,28.0000307253895,28.9891206360396,30.2603765467047,30.9509230503862,30.8990021650735,32.4153473024059,33.3828236572162,34.4288512068418,35.4044998313911,35.7834547562447,37.1755701751304,37.9122511317016,39.2291061635254,39.8402282014456,40.7157663645709,42.5975116915634,44.5483650241285,45.1271592157691
"77611",89.7252671788958,90.4515510424689,91.4401491034887,91.8798581084304,92.023257207297,93.0466777283302,93.367478915513,94.2264739472902,95.4928906533811,95.737811599403,96.3364527265972,98.9971809534238,100.695033532612,100.993100713416,101.863300982961,102.347925691087,103.65990588688,104.100889877395,102.997975159135,103.449096869892,102.946004176749,101.324180575718,99.7682033145047,99.7123294309979,100.49080617041,100.522753587598,99.1674822848814,99.379649469015,98.691143540782,97.3443730508105,96.0559361585224,94.8328114227369,94.5385904971077,93.7273287895015,93.2840776214156,92.4578265420146,91.7783057866652,91.490085498633,91.3501458475296,90.4374141887408
"77631",92.0960702433332,92.8125143978731,93.9655723263017,94.5894680511329,94.9890323383152,96.4140272767705,97.5244535279187,98.8666217261178,100.532730267214,100.852590952999,101.526956065654,103.317421347934,104.550193123024,104.72882917129,105.348634332694,105.743731302796,107.413253491233,107.930673367977,106.966839311544,107.770678213824,106.110098608075,105.725961456025,104.87612481238,105.275966909192,105.96798871868,105.963805795407,104.745166099845,105.167409810768,104.557962643504,103.786554910696,103.581714545757,103.193519683966,104.095990736262,103.952131134781,104.334444382515,104.109297729216,103.970565366521,104.470660860372,104.93967251768,104.283668788389
"77654",107.114855945168,108.140583628442,109.462977731654,109.869637057662,110.038557442627,111.397385628027,111.728977458962,112.750912701759,114.079615029503,114.267292034466,114.802843259235,118.024737021377,120.117370580484,120.477506851564,121.19080261489,121.482343897398,123.607592658552,124.14886559536,123.198510917484,123.81090170533,123.494528979003,120.934660128256,118.894783321767,118.330333839448,118.33605382925,117.440578696269,115.40124807947,114.8379804645,114.108072637927,113.148022701036,112.433152839532,111.460187023414,111.474345981227,110.724699742605,110.32371802703,109.572413852084,108.934586599614,108.87990935397,108.881424368372,107.955782156388
"77693",14.3091667944446,14.411293663403,14.6061137875212,14.7573676158053,14.8738038799721,15.2420859648196,15.4475869206549,15.8873166070945,16.4160753864206,16.7159435382389,17.1817732682087,17.6635016528087,18.3434706853873,18.7301388797581,19.4743987125561,20.1646039902017,21.394363819037,22.2317337668935,22.7956846182552,23.8923501027713,24.8104570854199,26.4149351259662,27.1164087170713,28.3638076487757,29.8519731158947,30.6848252947161,31.4649503939614,33.9708895250158,36.1514934077217,37.6970625388688,38.3972872296261,37.8471816734618,37.3157689908841,35.7266333557972,35.1107376828762,34.7180692165817,34.449280439599,34.443923512052,34.6421097180282,34.4191033245305
"79491",28.2366531373233,28.3607423359432,28.7173673663232,29.1682721955273,29.3242626827256,30.0530877652234,30.4479663600943,30.9442434974289,31.8416892590486,32.382495752829,32.9049941121135,34.0030856828047,34.7132762131485,35.0547715212431,35.9072850329672,36.4230397793438,37.9336310371599,39.3251037193621,39.4985275001976,40.9054253526988,41.3776213214848,42.7277621512677,42.8977837428343,44.2165829159433,45.5496538179114,46.4377910139025,46.0194951816501,47.5511396581817,48.5883356107309,49.2396471181914,49.9798453805778,50.778096924459,52.737706892317,53.4213236309277,54.4153654614606,54.7634958519742,55.5021192752592,56.8838701792104,58.1524385716749,58.2757069155968
"79533",99.9717639136052,100.85374648962,101.675218057966,101.856815245699,100.975910678902,101.253473540194,99.2804109426777,98.2012105332315,98.0372488048854,97.5880967682335,97.2045087404205,97.3359829418797,97.1479400336983,96.6150019753804,96.6170265969962,96.2574238623739,96.683196931841,97.0704291917805,96.3062868020581,96.6300004790648,96.4431666965304,99.1750856880493,99.099155519748,100.027267386316,99.9524143518935,98.8368063384651,96.207144735671,95.2381101779994,93.9540607564126,92.740484850382,91.7390369477279,90.8309235616275,90.5163300856642,89.7872419697192,89.2375882178129,88.3995230252992,87.700647725734,87.2897515718138,87.0177779250257,86.0780332006445
"79551",27.4295318661333,27.6551688383262,27.9547831555183,28.1263194969714,28.1067779887828,28.4837780575412,28.8193797026509,29.263641063658,30.0924877162377,30.6485553850526,31.1589660834116,32.0054450175089,32.558988972792,32.7860927085626,33.4956490033273,33.9906535111588,34.9731240575726,35.854014741013,35.8595765612015,36.7310233924706,37.3177316525029,37.9615206137763,38.0463044986607,39.249467843919,40.2466708477651,40.8148198050322,40.3391870082741,41.5074800333225,42.1606622907673,42.5816760755052,43.1149113846972,43.7392648275417,45.0385337960411,45.4437292866125,46.1653453923746,46.3637157649445,46.8741482666091,47.6900671991416,48.653177966827,48.610354978157
"79571",52.6156486420005,53.0972742544701,53.6219186721331,53.7392038200468,53.6090237974896,54.1120325872183,54.0975601295093,54.2899945658444,54.92758997099,55.1101007159164,55.2696849269247,55.8298369527965,56.154807240469,56.1306141896231,56.5855499158482,56.8475371860357,57.6040274850809,58.2157933312934,57.9040380556496,58.4745659489989,58.5603594387979,61.3237123371481,61.376718900048,61.714483324031,61.499640435391,61.2562680982682,60.3016050499501,60.9242294862791,61.8153378856459,63.2363115029268,64.7417360889879,65.6064394321776,66.69382728414,65.7746487538987,64.7891084965729,63.1605451260218,61.9259225652978,61.2632142161458,60.8743786987577,60.1021886482518
"79591",13.5315411596827,13.6187179808247,13.817905643543,13.9765896151829,14.1221706190221,14.4739539732935,14.711453273409,15.0366457917082,15.5096247997551,15.7945453950141,16.1235824559602,16.6872664830129,17.3013191489517,17.792239157749,18.5693405404706,19.3172019088866,20.4970661861111,21.5434167392573,21.9145603891463,23.1597142179507,23.9736313297941,25.4232075059647,25.9298687307464,27.1924446567947,28.5199052777998,29.0951152365741,28.8389417827956,30.3163883533451,31.3756420306574,32.195296749853,33.1716870219298,34.0330703933659,35.8192560571058,36.5387540879745,37.8840079462642,38.4805639261323,39.3164445710595,40.5243766164844,41.7871215186688,41.9835662823704
"79631",58.7658010199106,59.2133539863217,59.9257080637112,60.1940856579651,60.2910739092775,61.0366229490229,61.3012086573248,61.8709510563234,62.6890021430134,62.8126616099196,63.1749295052076,64.8128682536267,65.9042863562374,66.0698848372293,66.4938452665875,66.6421501260824,67.6770583929703,67.9653958054872,67.250052297496,67.6778233057922,66.3345307246335,65.8433039349495,65.1916458949613,65.2029028847182,65.5558337227764,65.6173423036168,64.8088133414585,64.9409088706063,64.5091023151443,63.711606961684,63.2588332770713,62.7305271326202,62.9325932725326,62.7494119573757,62.8707629942591,62.555132948359,62.1331302869545,61.9077501115399,61.6880017791648,61.0195765454925
"79651",8.27912279619608,8.28961197535962,8.4768843513817,8.74261249745594,9.07703936922198,9.67456887447547,10.1243525277388,10.7500354392986,11.513757605386,12.0696484354654,12.8060133869791,13.7914560307061,14.5304022878995,14.7567242058648,15.1490975433851,15.3831191326405,16.0529245035797,16.2866163913067,16.1851080610394,16.4586064204039,16.1108952407718,16.2151332940046,16.3158200399937,16.7393748724027,17.2625004832593,17.4279559196548,17.2732383747913,17.6778029918739,17.9136341657777,18.0694296407367,18.3122179866772,18.4930877836964,19.0667488133459,19.2682280228539,19.6505747110558,19.9019511094277,20.1955923445983,20.6585796250874,21.0323775208871,21.0411498874173
"79671",32.1285589920122,32.3780470858873,32.8268110293311,33.0986475358047,33.2974157054118,34.0253365650749,34.2940428676845,34.7921397261883,35.3160268768998,35.4444774904156,35.6849780483313,35.7606121790104,36.0481007981671,35.9947331539543,36.2810023337289,36.4538608775345,37.1360635788041,37.4315605242839,37.4339644979913,37.8634509657951,38.013504952908,38.5430731123448,38.5449281703567,38.8593840411416,39.3444524280755,39.332913745399,38.8993566972066,39.2963105022952,39.5976589030105,39.7883780250878,39.9662420418694,39.8613564452237,40.3320625814257,40.385652752675,40.7115357739277,40.8005542854996,40.9381421184538,41.3826856717641,41.8068634545201,41.6572229009466
"80691",84.6491443640918,85.213220109227,86.1408335529054,86.5915243035725,86.6714190890919,88.0564459248577,88.4846925114064,89.2971025937196,90.4130465523391,90.6004052507638,91.1145569867991,91.3544620397683,91.7322466136344,91.476041327041,91.8712388000699,91.9264949093658,92.9960566859057,93.2900023338888,92.7593429991925,93.4711349545696,93.3606613082072,93.5178072057896,93.2343520939309,93.9888873655661,94.9301983290058,94.6793436495873,93.8015796014998,94.1984435754778,94.2842337674234,94.3574807726687,94.3702111953572,94.107800909244,94.8903602802884,94.7900643562919,95.1279018100203,94.989579957237,95.0004267991379,95.4534623170633,95.7487147025026,95.0169527793955
"81531",103.974101535125,104.812278594587,105.800655586517,106.15578196133,105.791202856109,106.605137452645,106.449430354226,106.49696101185,107.603065834072,107.905402503725,108.101622945959,109.779901899669,110.331296259885,109.769629285669,110.068046219639,109.659526530202,110.555622359761,111.179567177197,109.872391974462,110.084486361787,110.246384914982,109.40701624065,107.935857492269,108.130243989308,108.537524526296,108.802475884255,107.653119614557,108.712693979748,109.377330130965,109.62994330843,110.041574077544,110.441597371607,112.397207942551,112.777578187371,113.622386099435,113.724302559849,114.405221099637,115.848148932499,117.471604409965,117.042939141141
"81573",60.2825490199245,60.7455596598793,61.4633344314885,61.7443279254228,61.8089959529038,62.6429545117353,63.0502562466922,63.4556768811152,64.4374039835446,64.7323851073808,64.9755685671443,65.6738371495221,66.049385631129,65.8511400700677,66.2218518565971,66.2567817800686,67.046052918405,67.621096453178,67.0236212482976,67.5121102964425,68.138789784414,68.3911088333747,67.9938462717606,68.7930270882195,69.9825452103172,70.4142250097375,68.9880696703333,69.5097516629518,69.7954913409408,69.9491253634963,70.1823715683507,70.6341928235168,73.6474748404955,75.836027145964,78.5371201902379,79.5078461957251,80.1595885130501,80.698048664433,80.9056060427475,80.1644189278241
"81591",3.64962809699726,3.66345116361804,3.73535411898905,3.80371735071418,3.88193446405231,4.03090868818115,4.18689931312749,4.37897158050009,4.66039445619851,4.86842842329795,5.11515186500334,5.49829017378891,5.91519319250734,6.25922252316076,6.76252166485687,7.22921528445577,8.02096566935481,8.6988131104632,8.99338314179823,9.85454279555335,10.4175359433269,11.5050005424327,11.8461103822998,12.5011019103786,13.3593884937536,13.8840683177427,13.8716572825139,15.0428954423106,15.9840621796574,16.7791034023344,17.6104207009722,18.3670964681177,19.8772197728078,20.488851322268,21.5879920922415,22.234906167409,23.1413833381572,24.4429871343313,25.8429526860769,26.2784923416778
"81671",49.0545064984136,49.3778079454019,49.9889443077425,50.2763872586851,50.4747110622081,51.4223494173878,53.4241785053107,54.8489252786465,56.0413908546363,56.1578691769507,56.4386785350638,54.7259108435289,53.9823713841633,53.3853033147153,53.358074803749,53.3317376551811,53.9479870309953,54.2915713100957,54.2694214702015,54.9581692153454,55.122804826108,56.5333653947148,56.6236426501246,56.8560673804177,56.7306339981328,56.3770355039186,55.7542453336546,56.2523236004196,56.6678742712641,56.9503133756777,57.3346415526134,58.3000753900786,60.51997555937,61.3524761422451,62.1022902516477,61.6443430366555,60.9041337369092,60.325860909306,59.6958569341964,58.8290971157993
"83491",64.637926319195,65.0758014766177,65.6528090829482,65.8918279437165,65.7804861030283,66.0666408382443,65.431345163237,65.2093851847409,65.620475319877,65.7226149985478,65.8507778117299,66.4902310866669,66.640488162841,66.4064194000988,66.6111811946555,66.5247154227844,67.4680602342804,68.3819628881041,67.8356441292724,68.5547442724987,68.6781457186322,70.1146394986648,70.111979250407,71.5145794419055,72.8460882348053,73.4603829743739,72.0918865033376,72.3039430185119,72.072347609198,71.7073573339599,71.6085836582631,71.5062850741526,72.477014887253,72.5792353200985,72.8235124513014,72.445490943322,72.4465571398653,73.0140364703723,73.5906095988596,73.1037102574882
"83571",45.4856946465099,45.8079398556108,46.3801131331973,46.6099484508772,46.7392875332592,47.4375137433159,47.891858832774,48.35511765858,49.3682268553314,49.8325839184621,50.3088524898684,51.2720901052862,51.8806154614459,51.7930252298984,52.2336506510413,52.3407299504841,53.2049597945731,53.7751934038862,53.2822428045901,53.7737560642042,53.7513974117383,54.3883270188446,54.1382562226244,54.6624239383498,55.1617577474062,55.3034150036158,54.4353910015023,54.9720562519177,55.1909241178932,55.2044139832331,55.240938365085,55.2526410334675,56.1404058872834,56.1452337431504,56.4941202965931,56.6590373574202,57.2301585537682,58.1476412546513,59.0140291585367,58.8416910015196
"83591",60.4773143454378,60.8910028537624,61.7215235155004,61.9377808599372,62.2184166838747,63.1930266593583,63.8143410860046,64.3762346984365,65.4959362600781,65.865439034472,66.3684461703775,67.1032038354663,67.7049857516048,67.7152122938747,68.1675404120089,68.382496290354,69.4800297581009,70.1265447881078,69.6651586060687,70.4064901723486,70.4805136335909,71.2968474585209,71.322390045296,72.3580265410954,74.1565031196307,75.4926861275372,74.9603538984326,76.9824884870255,77.7995106676018,77.5198967581249,76.6697428100604,75.2866024548939,74.8499847471004,74.0561379917088,73.893188670543,73.4407345715118,73.0853842208261,73.3244493277666,73.6406865172974,73.1371842164174
"83672",82.0757934551793,82.6097625242096,83.5038727756886,83.7481144712915,83.9428923836607,85.2205052553602,85.6229033989645,86.0398253511535,87.0415894415533,87.3349357321731,87.9001929985239,89.213221312834,90.0604987430443,90.0559141324013,90.6895849829618,90.7268832853529,91.9537669135331,92.3389619601901,91.7130471684188,92.4308568193258,91.2840734039457,91.1910024731406,90.7862038728082,91.3200888610432,92.0057088892782,91.9838797279323,91.1592445118336,91.8863462089518,92.2769743829282,92.3361138312497,92.3965405283583,91.9973559324513,92.8975805791083,92.5822289980762,92.591336860658,91.9216874757696,91.4272495903756,91.4980654258782,91.5813833085978,90.7753162700397
"86531",23.9090011856405,24.0790325439158,24.3960341592776,24.6176913751538,24.8289839292705,25.2840737845808,25.6750625294492,26.073015142703,26.860925958756,27.4086396862587,27.9127006304181,28.6931879582709,29.24589119695,29.202185484398,29.6996096327331,29.9130803685963,30.6480846360269,31.4220737686869,31.2471486766295,31.8797248146202,32.0806732093092,32.8705855276046,32.9199627735177,33.7116529828567,34.5461063116773,35.142722785387,34.8598531232773,35.6146735900615,36.2570134726944,36.4771950208833,36.857890259883,37.1499016016727,38.3446885427968,38.7282655404863,39.2086686367199,39.406990972299,39.8308071386629,40.6196261438835,41.3619591770412,41.1966456773867
"89391",29.1720764521296,29.2711083523768,29.4720223446716,29.6721325753684,29.7778757347485,29.9817167347132,30.1636293510233,30.392151101278,30.8356063480007,31.3200572834202,31.5819451742361,32.0374315822573,32.4749373949282,32.2723381202991,32.5108803437888,32.52418615892,32.9078395218263,33.3988935025325,33.2802672729923,33.4755132032119,34.145290161879,34.2313579773733,34.0079181228808,34.5124259382342,34.9171450659617,35.3273410565457,34.7650116043894,35.3082751500086,35.845720199136,35.6696674807166,35.6124505368676,35.3956700284846,36.0764375444446,36.2897972234855,36.4633651402344,36.3420797869898,36.5380515164544,37.0670911471593,37.4341970220287,37.1455638807566
"89433",54.3631653985537,54.6697700013939,55.1008300969791,55.5197866456134,55.6456954834985,56.0655919639057,56.2904814654125,56.6034413443687,57.4100323118017,57.9233713742491,58.1431374981163,60.7560793530717,62.6541875513381,62.5012029903428,63.4136895631121,63.3782738781606,64.3919046546418,65.8179772599987,65.2748332048717,65.7771467522145,65.8748195834081,64.4824869113185,63.1020303851451,62.8538899322711,62.6818041766444,62.5862318084751,61.550073912994,61.4379465082434,61.4839402420941,61.0590646601007,60.7343936164098,60.2194161296142,60.7149929065024,60.6515013088851,60.6889080354196,60.4311292044436,60.4645856152611,60.946673513374,61.2353751767355,60.560268623345
"89471",17.7511251814407,17.881392202986,18.0625648033755,18.2053517620233,18.2587019077542,18.4460857596024,18.5850784638949,18.7678177383244,19.1728709996846,19.4266397694561,19.6790932594171,20.0161234816461,20.4069758801003,20.3567995345005,20.6368271415839,20.7541216088721,21.1941084841726,21.771379495559,21.7109298861883,22.0872827676916,22.2313296210905,23.214428440846,23.3113581459588,23.7467983408685,24.0086772914576,24.2815585265411,23.9224288448892,24.3214401655097,24.7790656284041,24.8761658427842,25.0913041175498,25.2215690195683,26.1462719347273,26.4968319349518,27.017229355258,27.2715487075192,27.7025525095236,28.6110100562694,29.4456118882987,29.3972732382452
"89551",22.4387783462343,22.6668041269345,22.9206885547126,22.9396532861905,22.9837702515244,23.2530589265694,23.3873403186145,23.5003594762609,23.9515711117774,24.1520940260491,24.3271781596969,24.7011604132367,25.0097403883217,25.0177827269121,25.2879537046101,25.3332357291857,25.8434264703657,26.2140222245457,25.9597951684831,26.3666918538122,26.4169882807876,26.8540944722883,26.8179003628832,27.3098692042876,27.7481885140155,28.0252826427299,27.7014894081217,28.0997684408302,28.4334129031327,28.5118184998799,28.6497689079232,28.759602388285,29.4886303533489,29.6312439681522,29.9579010002626,30.0729385560442,30.3223185236059,30.8011265249033,31.247479894703,31.1087161050384
"92531",37.760238551864,38.1394099468853,38.5696346789208,38.7244301882345,38.7687848223942,39.205548551124,39.3598208516681,39.4903890183059,40.1425109048457,40.442946352314,40.6187629393539,41.057678935829,41.5600224009305,41.495665573042,41.8337160254983,41.7779930750528,42.3677830969805,42.8943544763731,42.5146269889548,42.9539725845861,43.0239050204836,44.329145168011,44.5030525259933,45.4122488216457,46.1848899991747,46.5421888826394,45.7791497583083,46.0469981878783,46.2326481626229,45.9390685165422,45.787870398206,45.715301961838,46.5601725976244,46.6142866169936,46.9114543572691,46.7939643712893,46.7126573077346,46.9396768924761,47.1851675006749,46.7780571262501
"92571",47.5673865482421,47.9940827389941,48.5510215424759,48.649094050276,48.7491807660212,49.3753988104467,49.7710318562013,49.9692654499401,50.890044784243,51.2364243464968,51.3862529961345,51.6632829693777,52.0483434495871,51.7662634870049,51.926104330986,51.9080165144175,52.4510499111793,52.6328215325968,51.9341554347731,52.3350674698967,52.0977073602017,52.2429823581433,51.8467518255306,52.2837537234632,52.6430728235289,52.7678211752024,52.122984969142,52.4324937788076,52.6832139863782,52.5479720715059,52.4536025233634,52.3449254786293,53.0641337466829,52.9851893352232,53.2249919343059,53.2040524801536,53.3250110131031,53.6607932291724,54.0021398790125,53.6017574168021
"92651",9.32781633371699,9.37834546639181,9.52162639576077,9.60179910982855,9.7530540905146,10.0439771839626,10.3628876228776,10.7861695390729,11.4978205992563,12.0774424305882,12.6762994368262,13.3518566223908,14.0683609021794,14.5170214622587,15.2376067249181,15.8899456842316,17.0519560769435,17.9703930858853,18.4187264275907,19.5196486656112,19.9178607763045,22.6139266779364,23.50415111077,25.0460459144874,26.0318828571698,26.3412550377284,25.4308831324822,25.6773048944794,26.0051752213655,26.2528386340725,26.6283425380195,26.8483578782205,27.9175782747171,28.3730559413895,29.0060661974628,29.362690742377,29.6576336025118,30.279400252321,30.9480848079082,30.9216864126083
"95432",13.2872629008537,13.3284384751501,13.458398970209,13.5846178157105,13.666559550342,13.7905214332409,13.9517929402277,14.1589748117783,14.511927084444,14.8485876486623,15.1165195750899,15.387117528683,15.8202489452874,15.9116840587957,16.2673481634778,16.462178042242,16.8649455840176,17.3836748657641,17.5352916291575,18.0246073180271,18.2083648950161,18.8079581808814,18.8822840168905,19.5132303245529,20.0396592764251,20.5138789836907,20.2784313481411,20.8033829932684,21.4719167640058,21.7207527070576,21.9588951918204,22.0560962435556,23.0753841377596,23.789293199217,24.4616532930157,24.6983045450184,24.8984377226065,25.3843235114896,25.707253528698,25.6367915143796
"95551",32.5577901088937,32.807938911955,33.2382736034253,33.4492954235195,33.7157334076806,34.3308532152463,34.7198431150737,34.9427407094274,35.662746473266,36.0528249044455,36.2021459755943,36.4465247144399,36.9847882016842,36.8212311469454,37.1189382952203,37.0978373254066,37.5643490844292,37.8949220182918,37.6933009270341,38.0018534312632,38.0011405165646,38.6067195830133,38.6396844221056,39.2588820012343,39.9289933086105,40.217002067167,39.5981130200035,39.870656127395,40.1835124940046,40.1417336846797,40.1150960341846,40.1918911342217,40.9302662408465,40.9574000412618,41.3668477650424,41.4312551277214,41.6799247317557,42.0208057381571,42.4243493535685,42.2046535454363
"95591",39.0242496439074,39.3633329261025,39.7692044746756,39.8138778039203,39.8740058121176,40.2825167559972,40.4800207489573,40.5486888606743,41.1303833280779,41.3312457853648,41.4158504853964,41.6972100933274,42.0242120956115,41.7765743482965,42.0283331755726,42.0469402415955,42.5510667945304,42.8206279035232,42.6500025745877,42.9594798773477,42.8643247145363,43.918081665348,43.8630338087816,44.2229650037334,44.3722429428992,44.4414323950161,43.9274386730144,44.3210758150942,44.6400492659156,44.5563664482742,44.5403862335845,44.5123910248405,45.1940124229142,45.1439714307071,45.422552909778,45.5530421008556,45.8383980786391,46.3116993636164,46.8318014270228,46.5909016543661
"98451",35.1385989546073,35.3020196653286,35.66153567191,35.88491965052,35.9613660839317,36.1350827335046,37.2191728122147,37.9577499088001,38.8700198595154,39.3863381564958,39.5389934594753,38.7965605321917,38.7263266450641,38.3252319876477,38.4601258546896,38.3276310027847,38.5195271607219,38.923760100969,38.8909495353733,39.246194503787,39.3631540681957,40.8256090650094,40.793193048835,41.0111884609562,41.1849372240092,41.381901192941,40.9278962446406,41.4496999328409,42.1367035213024,42.2664494746704,42.3777408208946,42.2344130752431,43.2942159300473,43.5234244451929,44.0059640599286,44.1647680659877,44.4707355587966,45.1208740829515,45.5323967063026,45.3532165965847
"98491",20.686161449634,20.8015437315896,21.0301342635949,21.1430327863419,21.2322324443255,21.3941262689321,21.5298278452112,21.6719406111579,22.063969754458,22.3604413055976,22.5236876501327,22.8140293120988,23.333403265249,23.4820183606051,23.938296210564,24.1729601957282,24.7243722644483,25.3900752247627,25.6088391762453,26.2089055488503,26.5148374861608,27.354888224271,27.5585599143195,28.3833922189367,29.3326788982278,29.9684832572552,29.6418694945636,30.8900033685585,32.5422261528045,33.3654048125483,33.867649318016,33.7604711533535,34.6534052598081,34.2513591020047,34.4738479850536,34.4984775059515,35.001820437753,35.9445910019923,36.7189674562337,36.8060966067117
"98611",25.8463017701836,26.0624987151036,26.3165424781215,26.3335013386415,26.4040978614862,26.71661214742,26.9476711228965,27.3058627048966,27.9827225852789,28.4608597519603,28.8718395714525,29.6300841158999,30.1048798292762,30.5149139716626,31.365973583831,31.8231252676143,33.1704326557599,33.8315081595966,33.9214484315361,34.8788541247223,35.2037474528459,35.9636805848914,35.9867011678769,37.149766483267,38.2247111577856,38.918876607396,38.6698999681972,39.9011322458031,41.0064640382872,41.186448422331,41.4290715866739,41.6457126269562,43.0615132365905,43.3914489074787,44.2920889478127,45.0288862802798,45.6922738339892,46.900842862103,48.3342837343314,48.4872757771999
"101391",23.1816888703711,23.312346049042,23.5883457853208,23.7768714874812,23.9603383201559,24.1764979667543,24.4284681975058,24.6978019728128,25.1306082370493,25.5737079701257,25.9671990546613,26.2258927680884,26.5649782521985,26.6001876544195,26.9641337343576,27.0953576974633,27.3360675011178,27.729331468282,27.7180994305196,27.9931748321069,27.982198190049,28.7092323824528,28.7312562508631,29.2689189980905,29.6811692967732,29.934779345966,29.5850053916033,30.0966994663823,30.7158915065563,30.8616027094462,31.1447296835662,31.1676465333592,32.1665009760527,32.6316286498616,33.0418870447449,33.2544505521115,33.66943576467,34.2511486160966,34.680903931118,34.7000650205866
"101431",36.8185462415636,37.0110454250495,37.4675710403087,37.7121681095405,37.8531747883039,38.0809053334356,38.3191302701523,38.5901439170432,39.0570395528321,39.4053866355716,39.6192077452361,40.0158829469218,40.4367609145354,40.3691519956467,40.7744592798853,40.6589016496766,40.8430863727245,41.1612889116829,41.0436026592971,41.1970716303148,41.1613473746118,41.3220499158137,41.0260659749273,41.3846866665431,41.8108200317108,41.9426078117577,41.4212889789938,41.747991682396,42.1385470104418,42.112139133204,42.1553003880113,41.8944373508523,42.6957060199113,42.9560174871774,43.2556282398295,43.317718140805,43.6625271164059,44.2885060849072,44.7006439562405,44.6383082144382
"101471",25.6938244864018,25.8103576274911,26.1062232572922,26.2799263635786,26.3868076939113,26.5544025732811,26.7646043961604,26.9595281282199,27.3964703978503,27.703100680934,27.8840187012876,28.1574366319605,28.5433290325001,28.4930579746244,28.7672557766222,28.7301156499366,28.9918723331882,29.3135913907726,29.2977600348257,29.4917066439323,29.4952135460507,29.8923796942599,29.814916791577,30.153306739491,30.5886032383161,30.7183985557308,30.3099696882035,30.6544418556843,31.0445833726054,31.0835373364948,31.1837100672609,31.0319233371283,31.7353242711158,31.943998015659,32.3167366600906,32.3370243058124,32.476525435543,32.8487513046714,33.122425984391,33.048351237756
"101631",34.0165905984116,34.3393129241059,34.5895447767225,34.5853603590895,34.5737666196513,34.9185504752476,35.1317318484745,35.3414302431908,35.9893254317166,36.3347825751232,36.7218189335735,37.259771603577,37.8265150606864,37.9075425161995,38.3853579014947,38.5527697062913,39.5233201810377,40.0733242808949,40.0490347337253,40.6856124140955,40.9109827954714,41.5158648455058,41.4465209424115,42.3626335146784,43.422156261875,43.8807920309912,43.1477812417084,43.6199328957807,44.1989235590796,44.281774449035,44.7508284260146,45.0070545505292,46.2413494995858,46.7428396552374,47.9025592889712,48.6801925080086,49.1749851844983,49.6497662211422,50.2099425588793,49.9076258184171
"104411",13.9964831354439,14.0608236045804,14.260089688762,14.4142649820634,14.5434162385373,14.7057486579074,14.9264959885677,15.1754657279496,15.5439130219168,15.8840878427151,16.190331442983,16.4945874195549,16.9172135052556,17.0724628548765,17.5196869261116,17.7964392166931,18.2454335799624,18.7857202626802,19.0611020791189,19.4765903094451,19.7222755811687,20.8876171892438,21.2326394232635,22.1363860521326,22.885042513308,23.0705035794341,22.5151990938335,22.8127842097966,23.0303962541821,23.0049915976403,23.125001253844,23.0331027380316,23.7197568140193,24.0741848524843,24.48321397742,24.7570461207161,25.2131605491906,25.9063373545012,26.5089091371568,26.710547534019
"104452",43.6383836515148,43.8137420114013,44.3134968553579,44.6564695510808,44.788404928301,45.0381505371295,45.8443969628224,46.3209464251097,47.0103716366958,47.3922777234754,47.5330525909845,48.0250853738531,48.6156432518626,48.3854486153369,48.7003791903757,48.4577159938538,48.7362360912079,48.9811678625732,48.7878548482047,48.7519093498316,48.5448566210087,48.1458580770364,47.5152571002678,47.3577219411951,47.367872783535,47.1499576218437,46.4998322608895,46.4381618344168,46.3732627922063,46.0344985393103,45.7551307303527,45.1955311443682,45.3548590089847,45.1949526023604,45.1259546498239,44.9093112242675,44.7568212097493,44.7484141585727,44.6502593835549,44.3050520496268
"104531",58.7668235745651,59.081252342851,59.5576412269584,59.8458963652784,60.1629761580058,60.6570722476892,61.2259298663473,61.2023442903133,62.1703879726968,62.7413187927041,62.9401655419855,65.719354245918,67.939983874009,67.9985310927362,68.8561065675755,68.4474079550777,69.0264876688464,69.3888455359401,68.6947305052891,68.698868359358,68.6085526028561,67.3406097622495,66.1420992545556,65.7532935192712,65.503240855711,65.1512189232989,64.2401164074331,64.0726282415946,64.0118375559016,63.5773616622148,63.2850262766728,62.6945806499123,63.4759638430372,63.6249003466107,63.9768126155817,63.5770980135967,62.7870483338968,62.3564716404447,62.0913039437013,61.4686610797941
"104651",36.0406734781168,36.3457155476359,36.6338002819019,36.6028217113303,36.6578097883599,37.0202401684778,37.1395500735055,37.1987833342095,37.6898031625614,37.8162513818138,37.9501276969236,38.6816219810688,39.246540904567,39.2106000446499,39.4411604151526,39.473778655957,40.1124907766002,40.3600186966338,40.3074731549228,40.5702954971414,40.1712988187116,40.8615378313431,40.6614087530995,40.7393356242103,40.6602224273526,40.5202780513498,39.9891437896146,40.2214164688887,40.4277938182881,40.3233846102413,40.3111784524209,40.3631647960381,41.2369301641265,41.3208066830733,41.3316043971255,41.0904611355509,41.0227679036462,41.1381416623991,41.481121797886,41.3083048186386
"107431",33.5352309415381,33.674126900932,34.0378323602027,34.2939505444289,34.3216959060677,34.4747079489086,34.9805058965358,35.297072472491,35.8957165701201,36.5382416917451,36.9502602409346,37.3930147870072,38.1688427008366,38.0150583952813,38.4244034148241,38.487181958095,39.0043545601796,39.5312651532084,39.5653247105838,39.7508598287666,39.8114641511504,40.2794297191874,40.2416961853193,40.7843280867783,41.4438453184509,41.7272933051746,41.2735495066066,41.9023757734254,42.4369181976606,42.4811643533004,42.7010132175968,42.488347964343,43.5468603454372,43.9881208553811,44.3364425750395,44.4761466079652,44.7925692011854,45.3782670553464,45.7560027811504,45.6936487972826
"107511",48.3385031150625,48.5865598752309,48.9930450841464,49.248982373464,49.4639892980193,49.8020712399193,50.1458066302684,50.1392749562287,50.8362988274288,51.147476679778,51.1352428873059,51.3934993670957,51.8380598720104,51.6843164018912,52.0464908353332,51.8902204564478,52.2212416937728,52.5872661456775,52.3751855390617,52.5772026966339,52.4456650068652,52.8415470170214,52.6405405335849,53.0125987232724,53.3981754909085,53.5404427880368,52.8424153960765,53.2399641903435,53.6287314614849,53.4336639048225,53.4864045205495,53.1281808585099,53.9544771412225,53.8613606074249,54.2013359882605,54.2156525684425,54.2411605549564,54.4484732926277,54.611528411017,54.2992930395415
"107551",56.975479579948,57.302212768197,57.782601367736,58.0022278991068,58.2368499451225,58.7283138817903,59.4494671377534,59.6371900827238,60.5948988889256,61.0311441527991,61.0523393125947,62.1592531516701,63.1907592318829,63.0521692143672,63.5813803111942,63.2676740064165,63.7874168473112,64.1118026902332,63.6731325129986,63.7054513370167,63.5441866680675,62.6038563377933,61.6297321002718,61.3765299133502,61.2453298113377,61.0191800010597,60.2073782621179,60.1866183761275,60.386935172692,60.1634072601767,60.0093445157878,59.3789053967481,59.4077157564215,58.7478146236229,58.5168498189101,58.1572083599603,57.8414795314749,57.720475909279,57.6611898194292,57.1995894736133
"107632",123.170304409937,124.037369631006,125.185675011713,125.374911657725,125.511577298987,127.252592391973,134.689231437574,138.594140395677,143.069087318643,144.33167612676,144.978379352154,139.239690448634,135.983190721833,132.842890433249,131.142526736519,129.532805632663,128.887405489003,127.969205824271,126.840397674701,125.969662754657,126.254436213158,125.12506389371,123.857695290987,123.337447962595,123.126628748944,123.492811592125,122.737105799319,122.92449827271,122.46645494425,120.687983139576,119.143583586723,117.229674616505,116.479838556329,115.30445014047,114.574691631942,113.739653138351,112.842328091509,111.976200375017,111.255971132445,110.088577648713
"110371",57.7328164786589,58.0708942311028,58.5569367870039,58.8942748083391,59.0534891781274,59.3011300636638,59.6397570079434,60.02755219619,60.7244734603848,61.3591769091144,61.7052355501812,62.9720368222217,64.2956088643653,64.4653159887433,64.8329536168497,65.1328034111608,65.7459110718473,66.494486649303,66.2581187648138,66.2516054213002,65.9224556120242,65.4499837612495,64.8586864085022,64.9825003773703,65.2578150345095,65.2488654133004,64.3396609729387,64.6077761325079,64.8457418139828,64.4652720484231,64.4206695572059,63.9830435626899,64.5642051325216,64.8556938331545,65.1926307381332,65.2442025805089,65.3908292572717,65.5944047720622,65.685051685073,65.324414772105
"110452",20.6515143341203,20.689244459602,20.9090215488072,21.1190091223836,21.2587090755843,21.5523239180854,21.9210373171038,22.165307972237,22.6629645461534,23.0174176867464,23.2212094806525,23.656738883989,24.3962472054472,24.5702939057799,25.1438016627338,25.4744908589814,26.1624929071491,26.9456889427178,27.3255336512795,27.9278648546688,28.2473309353544,29.0469961799593,29.270888207535,30.0576363991902,30.989226917799,31.7529106290448,31.5325208768244,32.5888132984645,33.3395968538231,33.3431611990592,33.4514805369731,33.010995718003,33.8249217663156,34.1894312532387,34.7560330812956,35.1131227850472,35.5054564304421,36.2014754057657,36.7526841097643,36.8312008206858
"110532",34.5571103691818,34.7038205677709,34.9451155054051,35.1627264868841,35.2954529825335,35.64989332918,35.922192852016,36.013287131953,36.558135607326,36.8781672736221,36.8593719948004,37.4228144903551,37.9963161324804,37.8829750279222,38.1643989628824,38.0261711203116,38.3190032448408,38.6543682485554,38.5234372325845,38.6126999808168,38.5631062243022,38.5923786631064,38.3289041218554,38.4724178702676,38.6164641896317,38.6639775131871,38.1854118551113,38.45651824281,38.7172884880937,38.6772943899754,38.8159172240763,38.6232082244815,39.2623744938995,39.31929161786,39.6902179041193,39.829280699026,40.1514916341117,40.5574392857399,40.9689309967458,40.8407971822345
"110571",32.2681728059349,32.4714532968849,32.7137327298424,32.8446511875631,32.9129957041163,33.2031660917135,33.4516924771576,33.5469147406076,34.0308372431704,34.3300487475346,34.3772559815173,34.7715954770827,35.2013852188712,35.1581758431157,35.5050419276339,35.5838482922745,36.101762201215,36.5748787485328,36.569964705364,36.874086389695,37.1017742960303,37.6449731671794,37.6228424066661,38.1944798009268,38.7407238931387,39.078077072878,38.6158706352032,39.299424963182,39.870778555261,39.9711032764879,40.2850167803286,40.1537563651072,41.1523966618636,41.3748720547909,42.1192550186319,42.394546259907,42.7028150314007,43.0231742209823,43.4236059422892,43.3216527279363
"110611",54.2545960257476,54.5908733411317,55.1513381602073,55.1854589676384,55.173591151867,55.7690296984278,56.0933433179218,56.2178085712526,56.8630026883973,57.1234185077463,57.2084889770005,58.6983527243424,59.7852947320006,59.8041677156396,60.2971123789839,60.3465086684144,61.1519377941893,61.2556024768583,60.9648448208307,60.924035796637,60.9681267349478,60.0632188832729,59.186742875109,59.0274669160172,59.0287016449136,58.849274393714,58.0852073433315,58.2001131567112,58.3308850567447,58.0416359072153,57.8885427642816,57.2390420383912,57.3723971447636,56.9548838119672,56.9170791141002,56.6801208115049,56.4503614276502,56.3276109948731,56.3236204424527,55.9734257238503
"110653",7.75083752812537,7.8038100140189,7.89642950363815,7.88477774099885,7.87108006857377,7.96121309668671,8.04584911395582,8.1426574690225,8.34757237421837,8.50476222462077,8.66741689472009,8.91377265134535,9.21849275027259,9.3570612683397,9.65134101199834,9.90256654264631,10.4539199928321,10.7344379973333,11.0216993918607,11.3794755104593,11.7061362849819,12.2656613051249,12.4178350217614,12.8278768044368,13.3168208116585,13.6283185433283,13.5769196147713,14.1947809541506,14.7600309697063,14.9901179895226,15.4117591521625,15.4615571743974,16.3729514844366,16.6939249633194,17.3425443212523,17.7882657885085,18.081585000012,18.5352615269726,19.1537967803552,19.3703372164656
"113392",90.4194472901415,91.0399516606533,91.7125528646664,91.98836336046,91.7046958192624,91.6864553067478,90.3059029801204,89.3920241326427,89.0245451548108,88.6929630902134,88.2844056099172,88.0720909618094,88.1353576355371,87.7439538823464,87.5178688340302,87.242730029631,87.3153765164283,87.523646913519,87.1957682730938,86.9532715929041,86.5598275668991,86.904746166342,86.6086173241453,86.6956405740865,86.7390933848332,86.5041428330465,85.2279397163532,85.3655352067416,85.5412938507419,84.9488630281331,84.7027837330566,83.9416389116693,84.4548003078834,84.4617379178736,84.5093206010635,84.335116030804,84.3047668138409,84.4672371906375,84.6073421644696,84.2394013316509
"113473",93.1883935369541,93.4362525580495,94.2176784391972,94.6311539813264,94.5078579032119,95.168264303064,102.250550481239,106.285210434577,110.754927178613,112.803662586472,113.095036575436,108.093220538683,105.436573162442,102.469099734275,100.935224999738,99.5762403288711,98.7497216623203,98.1500909540247,97.3735982241232,96.7253162906666,95.918621657563,95.3875988929078,94.6431640113119,94.2348916232262,93.8546033147598,93.4054073879059,92.2907140822287,91.8435891800862,91.4772541753593,90.8298282115261,90.2778311931271,89.1265704101328,88.7825585780343,87.9999455013839,87.4653139277947,86.8535708295756,86.3416708159134,85.9385799289914,85.5185585840381,84.702566741134
"116371",47.6307690547996,48.0256690737357,48.4082473628281,48.661194508446,48.6310236906617,48.7495414899922,48.6393785926301,48.6481844049379,48.8648488371613,49.0324369548997,49.0037267710087,49.2222354313156,49.46748671394,49.3736830123947,49.3810636668014,49.482573994904,49.7670886767253,50.0720471896948,49.9817589123192,49.9408983091534,49.8614489487386,50.3497588946859,50.3874546233812,50.6718331780774,50.9898764381728,50.9881078793789,50.2452876046439,50.511529520291,50.7514052700435,50.4270868862557,50.4809507193519,50.1445971029568,50.6170127976318,50.7066874813293,50.9716848044252,51.0523373621709,51.161929412466,51.2878070748309,51.4959809745452,51.2834775051159
"116491",48.8405583152775,49.0701857705834,49.5536071891664,49.8861237134447,49.9174506500056,50.4877449637942,51.2944696778135,51.70558119005,52.6150925262411,53.0276929223832,53.0820716543423,54.0590704110002,54.8611154794463,54.6587740452738,54.9678645497508,54.9956091738308,55.4294373255734,55.876443679831,55.8058072583474,55.8149143994999,55.8540296961476,55.1533901631748,54.537322356686,54.4931819171076,54.4862835503473,54.4402241428993,53.8918498050997,54.0916528042344,54.2390727801493,54.0276521718869,54.028806236059,53.4322013538474,53.6333148662176,53.4775459846295,53.6109634898829,53.501892438613,53.5825990390316,53.755215539307,54.0024627919151,53.7149749971995
"116571",34.6276173297866,34.890159380074,35.1583457328231,35.2898209390348,35.3205978547981,35.6700747234772,35.8233939667893,35.9349747109875,36.3251713650901,36.4903019218095,36.5503814657225,37.0991415443281,37.5135974537569,37.414687252788,37.6225733531617,37.6828544664111,38.0216266734335,38.2579678818931,38.1846532229846,38.2076708826913,38.014991584105,38.6757429165537,38.5594292749881,38.6259308986132,38.689999384653,38.735677827299,38.3343033714825,38.8313639971424,39.3261240124057,39.596211983071,39.8960181742624,39.732901463383,40.4352643549528,40.64131802359,41.398614698913,41.7144937479697,41.9505471281908,42.0543228598699,42.3672770175468,42.1241862297682
"119353",53.5509934925244,53.9687364863016,54.4692310299146,54.8533841577624,54.9265607933448,55.244834146153,55.418960677749,55.8744575174992,56.4419743216509,56.9343676862468,57.0347186236102,57.4399171235242,57.8904180804495,57.7861135287519,57.8415181264612,58.0681684126426,58.439042860152,58.8437019303624,58.7578287408704,58.6511338172894,58.6624466910773,58.897479656837,58.7954734309934,59.140168992365,59.7611948937451,60.4160832499291,60.1477807563002,61.1433098810632,61.8946793846483,61.6892383322082,61.9741788617022,61.4104037645969,61.687355100311,61.278420910065,61.0010393919374,60.700829675692,60.4549700215328,60.2347054895937,60.2113046179616,59.7337576021776
"119391",59.4032581560085,59.9015503993456,60.4119271007209,60.7090308499189,60.7316755813004,61.0188802469793,61.1401668169629,61.4098002245588,62.028937821181,62.410839458747,62.4645266655895,63.2664208927455,63.9265734617714,63.8470276705929,63.9992125839534,64.2695359240202,64.7427895112491,65.1063407981401,64.9886414511328,64.8306894270187,64.5917185509773,64.4031088032017,64.042073633331,64.1681418112028,64.426069890843,64.5243843876372,63.7547499199942,64.0012877907764,64.2045190860324,63.8857196057983,63.9944794458713,63.6132180742157,64.2151594485956,64.2400699431337,64.6454118484822,64.8309024384326,64.939808697995,64.975695190847,65.2247109627167,64.8972287808338
"119473",89.0722982553119,89.5835893374168,90.4608940666332,90.9411902209241,91.1058565349963,91.8252914988173,92.4530202573177,92.6779332009062,93.7267794495772,94.1618302602825,94.1797202231856,94.7531350187631,95.2670454191446,94.6673696891026,94.7924316886595,94.9350576562287,95.3362266208383,95.707103471779,95.5738430245698,95.4793065601631,95.1019427192462,95.2187883188988,94.8536711517685,95.3135128598482,95.6977195329452,95.8721701548487,94.8838311604608,95.542670770736,96.1014803325684,95.8830672844735,95.8104999539184,94.7108385480306,95.1379109493732,94.6574841194008,95.0114585465826,95.0413293537641,95.2501555659868,95.4502228425276,96.0129574326056,95.625331869828
"119551",16.1392323689002,16.2301864124487,16.395601153067,16.5244376392951,16.6210772183993,16.9468201048188,17.1929405157883,17.4025537110609,17.8064214768768,18.1429563424098,18.4025828737728,18.881371477232,19.4235762866737,19.6682993842838,20.17388716136,20.6784003480423,21.4305963738987,22.1177304424829,22.6399860345716,23.223792221416,23.848664708743,24.8729850084487,25.1195618811012,26.0868256552198,26.9041973161787,27.4333053730435,27.2885742623125,28.5486001304148,30.0042721694756,31.2295603406059,32.5585202830753,32.9670596648355,34.6579226340175,34.5755036259232,34.7252418574756,33.7924279207197,33.4358885478879,33.4291039536171,33.9574336979682,33.9045251012309
"122571",112.608335220813,113.568656128833,114.625115651656,114.712978167868,114.141938641691,114.836144651438,112.508742040347,110.606300196955,109.66462012116,108.88867302924,108.06211402497,107.533020961087,107.1199939228,106.246502999363,105.559270518682,104.936483192044,104.496441231846,103.944859218816,103.141816945428,102.39652503709,101.665615362628,101.302013536305,100.440033110086,100.207317233948,99.9135906401584,99.4004142985061,98.3264590006506,97.9682390894065,97.6391756567641,97.0629013011621,96.4430435849441,95.3276847301199,95.0749661322575,94.2454495887068,94.0176826140492,93.5617801768406,93.0350745354727,92.505643990284,92.3349062351868,91.5678381277584
"122612",14.7397725328243,14.7899128647171,14.9785048189627,15.1073041322114,15.2612879326831,15.6338095299701,15.9135351521815,16.1665284784945,16.6388401401613,17.0225610200486,17.2657312986112,17.8345078694166,18.4988708102602,18.8269509207823,19.3785859400374,20.0913583303661,21.1216395770561,21.9563290994969,22.4851074972621,23.4239003141464,24.0518062579953,25.3196727526675,25.7863375199479,27.0907508605936,28.4185139628401,29.5313762690706,29.8378964860566,31.5958268664294,33.1331584908483,33.8707657964232,34.0877467862934,33.1923780340286,34.0601575943959,33.5277023586622,34.096617824269,34.3530738988684,34.5854962879686,35.1923630912893,36.0502190403489,36.2308730195414
"125273",47.1427823817586,47.7600136408229,48.3226076038898,48.6842587101715,48.7637072052676,48.8850210489059,48.9706487722995,49.4605491144145,49.712438798373,50.0707610989348,50.1399601401039,50.6835096546337,50.8260244468552,51.0044094453622,51.2451314838398,51.3438850627686,51.6059119760221,51.9585216838798,51.6882772205459,51.6593131308898,51.606451708284,51.3957323553547,51.0853219979783,51.1702472868298,51.4378456994483,51.6159244129846,51.0839874737809,51.2828952966218,51.3019608622513,51.1407798573451,51.1257294126164,50.9778773148292,51.3438889045817,51.4614767227949,51.6226410589003,51.4574854881109,51.4372679608307,51.4290075366856,51.6354876113341,51.3818874495853
"125511",30.2030187868914,30.4305703203855,30.7256886584821,30.7983587830192,30.7836611449123,31.1009171418539,31.2798996233139,31.323052531097,31.6146379275524,31.8748263763266,31.9243339475776,32.4605492698181,32.9109998890624,32.8018048988688,32.8880326580001,33.0685494417476,33.2443176946097,33.452790234682,33.4880689701271,33.5304414998021,33.4094018487337,33.4140093096269,33.1627697853739,33.3729382833968,33.5002422357991,33.47190595093,33.159607960786,33.407357863916,33.6614504378871,33.7374481294509,33.796689388635,33.5510720206894,33.8739909762819,33.8142298061184,34.1365450010551,34.3301665276281,34.5973998333387,34.7583405346789,35.2687260004439,35.178139312686
"125551",45.608871403892,45.8667465064283,46.3395981408164,46.5080837686486,46.5165682554382,47.0250926073333,48.4251345889699,49.0492041125416,49.9088738986917,50.5038820749082,50.6061158034154,50.0574915499763,49.8551798396915,49.2990311982086,49.144855630125,49.2670691010655,49.5279339016774,49.7909631345731,49.8365640595099,50.0195421463689,49.9453559915137,50.3214084392514,50.2336724170071,50.7872417896463,51.1570871233591,51.1811631625223,50.6940135721115,51.2214242190458,51.8149767439878,52.0388615110293,52.2607973230156,51.7937439708826,52.4367612568377,52.5757630696145,53.3310119534192,53.4166587467634,53.5262226182295,53.5826610607053,54.1202064059926,53.9857412594526
"128531",30.345063927054,30.6031083287145,30.8645503082598,30.9016964421276,30.9028774767833,31.1921025912847,31.353576080353,31.364603291749,31.6183044469712,31.830857694827,31.8319948243481,32.204501279784,32.5010202238727,32.3895477693841,32.4289652295742,32.596583806471,32.7629493201544,32.9727577340106,32.9686451743481,33.0169728323177,32.9010680957666,33.0463456224882,32.9042626594467,33.1549504841197,33.3473207734331,33.3977133968606,33.0888796577471,33.3205949257918,33.5486342201209,33.628191609565,33.7945214396367,33.6904733191776,34.1864183753157,34.132142643936,34.3103849491627,34.1523589238571,34.1648800478948,34.1069610941925,34.3400828781835,34.177253764036
"128611",57.2733971422613,57.5652019791571,58.2555606484101,58.444364801017,58.4616608643812,59.0703236409317,59.6502771071893,59.6896536519949,60.3520323417737,60.6533895086807,60.8574092848296,61.4299736427798,62.0355332467318,61.8222362139619,61.7084092347674,62.0798644137375,62.6097837538618,63.0231821466559,62.8725459347679,62.982963601055,63.0229783177856,63.0745896529075,62.55804114345,63.0251528800203,63.4705044933754,63.819067068866,63.6586785848502,64.5931295410958,65.4991268750077,65.8302135488507,65.8917208074529,64.698105533488,64.8287751858256,64.1123799728366,64.206183253697,63.9162611073037,63.7476197803571,63.603312977484,63.6803900450005,63.3365664127381
"131591",89.5546316868001,90.1477795070539,91.1462283648576,91.6288487138835,91.9273813467871,93.0997255818449,95.0437183903602,95.7958793685021,97.496986692681,98.4308019112118,98.828814992987,99.3516608215109,99.8497110501434,99.3727870719005,98.7689451040283,99.0529447175286,99.5337362172196,100.098321872109,99.7630337652058,99.5849594165191,99.0529762833896,98.6392031713412,97.6317569996135,97.8525946237888,97.8790713413193,97.5921004931904,96.7276496847306,96.8599181891024,96.991158002775,96.9181230030304,96.7572408921884,95.807176372134,96.0272718059834,95.6070350384047,96.005252698359,95.7917554188048,95.8772906044361,95.8479022941415,96.1195992008983,95.7402662042306
"137551",122.394449748795,123.29511503442,124.828809807856,125.306026558827,125.752505691758,127.483521859153,127.791573286403,127.553554002504,128.760002349504,129.593529085569,130.061730161362,133.329836404148,135.4395676075,136.077562637105,135.679360779211,136.633675921238,137.607639317176,138.884948846377,138.913998608102,138.914292081924,138.354333674444,137.192215936076,135.293686345116,135.243996847783,135.438307649229,135.17866473188,133.668506291085,133.63293845003,133.875382044826,133.585535750561,133.574608949352,132.89406279502,133.257220819097,132.991976174461,133.878384509952,133.660083553465,134.322963362149,134.399790262722,134.939604834242,134.534764583943
