"plot_id","1985","1986","1987","1988","1989","1990","1991","1992","1993","1994","1995","1996","1997","1998","1999","2000","2001","2002","2003","2004","2005","2006","2007","2008","2009","2010","2011","2012","2013","2014","2015","2016","2017","2018","2019","2020","2021","2022","2023","2024"
"3293",4.47940970419041,4.49767238154394,4.52179583137032,4.53386167450833,4.5491748413927,4.55317605702331,4.56566802037425,4.5682631512734,4.58038983196769,4.64385569483054,4.66260892672035,4.70214903397109,4.73243399702592,4.74723984305441,4.80246078557603,4.82400669161298,4.88367164917301,4.95164851715721,5.03185044857963,5.04147216352129,5.08303195436437,5.15002494242873,5.19600656130114,5.20990030616237,5.26486053291031,5.36316674291412,5.43899412941928,5.46617330681753,5.54996549034833,5.63450415535382,5.65796812035742,5.74583880215649,5.75064938827844,5.88271727029538,5.89966283468588,5.92046130320004,6.04647981917125,6.11041349101139,6.15289439829138,6.23902779906564
"3314",2.90005206640959,2.90417402328828,2.91859394260152,2.93244312739135,2.95106357282378,2.96422414318451,2.99416233954045,3.01285643131239,3.04107076324485,3.1135834685687,3.13996864166159,3.19586169290219,3.24379838469513,3.28244920922626,3.34528432003823,3.38887607581171,3.44583711871066,3.50526358310243,3.56993089663192,3.60999867088502,3.64999531260943,3.68997116065319,3.72795319060354,3.763273590271,3.80724720279886,3.86442828654961,3.91279110764596,3.95021688201168,4.00140984011038,4.04981351186065,4.08195551974931,4.13498566377816,4.16526564344255,4.23403350435319,4.25789992485582,4.27634307105045,4.32696273818412,4.36505463737479,4.39972769873459,4.44936806360686
"5311",4.07671864753252,4.09280843561378,4.12038445093216,4.1365069248887,4.15594317929624,4.16392410849305,4.19546202355546,4.21368750962598,4.2386902955288,4.32030220052584,4.34520384375603,4.3946631635667,4.43547411309817,4.46090828511159,4.52633994124313,4.55349646906764,4.61476798892855,4.68127909261955,4.75831589639425,4.77239477807594,4.86769465451586,4.95624367188538,4.99429525864725,4.99766177826929,5.027812676693,5.09054430910715,5.15244146241588,5.18472877354565,5.25202222572933,5.338150246291,5.37320462350685,5.45108512011231,5.45120325220663,5.55619144444946,5.57807731468785,5.60126311598501,5.70004424028381,5.7671609089242,5.82619682749815,5.91615707019526
"5333",6.82850456457493,6.85181445893133,6.8853509157159,6.90037961954744,6.91848920783698,6.91983981440309,6.93096934515439,6.92410713468458,6.9294759039287,7.00110230054829,7.00938481808387,7.11077120712039,7.19951732575149,7.22566968455978,7.31372150222085,7.32749676226592,7.40417398269594,7.4820825204212,7.56216192993809,7.55058187101239,7.53798109439262,7.54078227787257,7.56420838266442,7.5801138889752,7.6200067117834,7.72954288231318,7.87545924434373,7.92198520039197,8.01147024974866,8.1262573024283,8.16062770567949,8.27998301841405,8.28693847454872,8.47881140390618,8.53366258428263,8.56284255171208,8.71220852953419,8.77484400190578,8.83608072824075,8.97886966254835
"5371",2.93753265466912,2.94303591086544,2.95646983180638,2.96726984378283,2.97840138790418,2.98185195747891,3.002238932006,3.01202734463958,3.02938875421424,3.08860128812811,3.09864272109159,3.13930222525833,3.17224704270658,3.18928911433207,3.2313330766483,3.25346837745959,3.29355012592438,3.33693653219169,3.3817317722208,3.40085261238647,3.43637958848081,3.46817320975,3.49046917877898,3.50652375907344,3.53410757413014,3.58113957434785,3.62809326314879,3.65076630297313,3.69554759278902,3.74456292364897,3.76548175793025,3.81576444304077,3.82651327402249,3.9064294851914,3.92341750204837,3.93968319582239,4.00908921603908,4.04632542423627,4.07842429863946,4.13984764962561
"7271",2.65704279652645,2.66375986355888,2.68445205302257,2.70236816032746,2.72707903948048,2.74372505398295,2.78059075495505,2.80341651929854,2.83546888986835,2.92019417063254,2.94760740295271,3.03785666192878,3.11288461608197,3.1567495034694,3.2349173394816,3.28326187610209,3.35086786359201,3.41622403826913,3.48186149514398,3.52432302081211,3.57391593286471,3.58842978524972,3.59531195775825,3.59957895215429,3.60929120069004,3.62675455319153,3.64706612629475,3.66222467192517,3.69282081657388,3.73154085676262,3.74487508080738,3.79325740297978,3.80505193025328,3.87310646837769,3.88712730194864,3.9029840403263,3.97084721790624,4.01427294122816,4.04489460573698,4.10103006160331
"7351",1.76665703597975,1.77243954231065,1.78726089102343,1.7995631735348,1.8151624500754,1.82165351737768,1.8455064385632,1.86014074514345,1.88342023215774,1.94394555574452,1.96220560808195,1.99913819731538,2.03609879080977,2.06513783796545,2.12278363923226,2.16225627655934,2.22469501918729,2.29375590090125,2.3714919716473,2.42318853246384,2.49940347097923,2.62676213682637,2.71323746422359,2.7900296775481,2.87196274324187,2.94365545157514,3.03073026178112,3.20318512912455,3.47363555097606,3.78435773354521,4.03153607420638,4.22490404780664,4.41971181161759,4.47119830823632,4.52756439854615,4.49234723126265,4.38198118165615,4.32010922144152,4.26441323770305,4.182368163189
"9251",3.31119055985493,3.31282263675507,3.33653607971459,3.3654670429694,3.40514175828815,3.43718570219683,3.4943029846634,3.5288647626044,3.57608281977504,3.69213425460341,3.72665846068466,3.8196336345428,3.90661665941239,3.97304003393699,4.07851354078342,4.15783321695723,4.25742024815456,4.35741892105523,4.46241887318278,4.54422510742881,4.6669779475008,4.73305182705106,4.78804717507791,4.84277100788284,4.88880027373296,4.93421916475187,4.97533962120605,5.02700973919532,5.08725736551859,5.14851627793371,5.20094313173269,5.29062502737811,5.35855192625238,5.46964672508639,5.52268448445563,5.57778746195349,5.65851052503973,5.72561193780588,5.78293006481409,5.84886141816613
"9271",4.62799707066792,4.64740438217107,4.68232925330501,4.69870690134945,4.72352015160102,4.73102526496946,4.77435622706754,4.79727124280949,4.83137122859336,4.95433510184532,4.97976991594806,5.0709939291749,5.14893045029864,5.1793677919147,5.2737276509243,5.30678845666801,5.39381793719751,5.48316868662178,5.57944334155565,5.59626957219445,5.65368715625063,5.68274511569809,5.70901077319053,5.72074404123479,5.76237657663917,5.84349646296917,5.92382319743811,5.96374460974773,6.05143541943478,6.14954456775973,6.16509503580575,6.26278215100154,6.25924091298756,6.37374269551295,6.3831429183947,6.40522285309714,6.5135392044434,6.57122860022629,6.61410223578149,6.70864614211593
"9291",5.61278478534306,5.64219143570839,5.68016460525959,5.69036200447297,5.70748618974621,5.70691243577988,5.71990125155461,5.71656495990019,5.72313701598277,5.79918028133397,5.81356980996371,5.85151051610708,5.88976032637012,5.90350409638943,5.97977911654292,6.00013907031143,6.08959283529007,6.18286118955934,6.3013031342688,6.3027256588796,6.36462338958089,6.6100899805025,6.67941213158556,6.6041116738722,6.65782127305349,6.79823297359792,6.90456905992028,6.9500417225179,7.18439191650998,7.62214034955173,7.91160922115243,8.51343777952874,8.58419637947892,8.95057673299913,8.72983472271889,8.61640150461638,8.56133407634525,8.53278050664136,8.50901052766666,8.48934266598718
"9311",1.20556228896512,1.20959392493871,1.2170690928895,1.22217407582182,1.22938937561105,1.23350944906786,1.2474418425931,1.25898818027157,1.27542353921219,1.31750587617539,1.33562738537355,1.36903209268217,1.40808669476008,1.44663950765005,1.51015577811939,1.5630306779564,1.64026903249457,1.72889269884065,1.83410489600372,1.91788295579894,2.04048496774682,2.49339721105443,2.74375259792089,2.96026508162218,3.12161600187392,3.23584774556493,3.30339862820094,3.33838500424143,3.31870645528273,3.29273090945663,3.33841373294378,3.33731917649039,3.41898559896708,3.40715384384821,3.45365287063986,3.48348500896282,3.46075667659273,3.4817484642162,3.51043271823028,3.51209470333311
"9331",4.50329611291013,4.51926243434193,4.54679836778181,4.5673820402152,4.59389638103267,4.61004282455478,4.65786324853883,4.68776472294233,4.72487900455255,4.81927618956987,4.8469592292653,4.93476500090074,5.01516245502112,5.06997334700397,5.1586153863655,5.20930560136296,5.28233043293915,5.3505206409424,5.42670185333746,5.46647644919463,5.47603295963863,5.48448019663628,5.49877436788256,5.52068734007143,5.57043497200529,5.65214909997436,5.69899801770906,5.68899711406342,5.70499101387596,5.74913611229349,5.76681387088173,5.83841846510011,5.85399691893933,5.95932480722365,5.99319150711763,6.02279584200046,6.13010261477738,6.19524630377458,6.26521665380935,6.37127331518536
"9351",2.64958089061986,2.65685368829141,2.67365237591611,2.68763992676771,2.70480755892871,2.71278748574021,2.74023028519594,2.75578998186532,2.77881656760022,2.84770273387175,2.86726948824431,2.91168409247584,2.95192061685732,2.98031180486498,3.034890614286,3.0655458140957,3.11505799956688,3.16485692292655,3.2225697042847,3.25222360416841,3.28634314577209,3.32561686615877,3.36115326714308,3.39253383658431,3.43741427572314,3.49883938439913,3.58080180406429,3.69996193836343,3.89574069523172,4.08243741914582,4.14192712938281,4.20485540447718,4.20268661183791,4.1878382833453,4.17414614593396,4.15372322203367,4.13683621775081,4.13071461954457,4.14039996658556,4.16234389491937
"9374",3.81385721581219,3.82422725205513,3.84233079692453,3.8585965948097,3.87684135076788,3.88718350255934,3.91854125159076,3.93742728340382,3.96375601565964,4.04282674436926,4.06875219579071,4.10935748202371,4.14844411345196,4.18064808340834,4.23826907897835,4.2727854646908,4.32595140157093,4.38033833332719,4.44598766841985,4.47873813925125,4.54615634770645,4.6185937265524,4.6709387136092,4.70372966688246,4.74765593704257,4.80721778000613,4.86064079002157,4.8977297024005,4.95754339253413,5.02417625869862,5.05630662899344,5.13754402223429,5.1650391372024,5.27706420400388,5.30771459571918,5.32668636567822,5.39659776584032,5.43166680961058,5.46868693020378,5.53855610377536
"9433",2.68942172925436,2.69985184334961,2.72281678721595,2.73524487798858,2.74743645341286,2.75112863336907,2.77870178344981,2.78458235462537,2.79718824038251,2.86297887308471,2.88202591328972,2.90736700735979,2.93457920307381,2.94649426654403,2.99158162743807,3.00710526549391,3.05322456817956,3.10192580413392,3.16112827498721,3.16774532341788,3.20074358154885,3.26140261650598,3.30068306595612,3.31580453298245,3.36846323882875,3.46175004342218,3.52256437544334,3.54088940486214,3.59520777224416,3.65355522722535,3.66784899880624,3.7263290186831,3.73259284332309,3.82469332567431,3.83826323867249,3.83930123023285,3.90700438914374,3.94509475385354,3.97518196304926,4.03922408707905
"9451",4.05313424271337,4.0724937403083,4.10468605651223,4.1165084484315,4.12785900539247,4.13143113426464,4.16476347026795,4.17624561120085,4.19870942613168,4.29821272125485,4.32271011628585,4.36312306487285,4.40202614262894,4.41457268247394,4.47898910015228,4.50455506127708,4.56613688366561,4.62767879760427,4.70040668994097,4.70857941258966,4.75903481922233,4.83865385666976,4.90035212868811,4.91177917413562,4.96731303415568,5.07964180279315,5.16781359049654,5.19924690237412,5.27994577827443,5.38187500315887,5.40684921907213,5.50143889838857,5.49743969314204,5.63413252088325,5.65372914512105,5.66795387086254,5.78775751129999,5.8464773521371,5.8795098628349,5.97199410223605
"9471",4.41329837250791,4.4304163422472,4.46163550917748,4.4781510433294,4.49529579384808,4.5068738392348,4.54857639796546,4.56811517429919,4.60177382177168,4.71795675424329,4.7504572324749,4.80293526706384,4.85302427847493,4.88026744822665,4.96040990513865,5.00337563614927,5.07846565121336,5.153431636784,5.23653166329397,5.26633748559344,5.32998103815483,5.40653632007118,5.47245496887575,5.51013500277186,5.5834326020305,5.704436780176,5.79738265217003,5.84393137152983,5.93584336307259,6.04392007137467,6.08437208864163,6.18697495732545,6.20228703004741,6.34875639200263,6.38855744889027,6.42301317027365,6.5549403907872,6.62778963400282,6.67720655737447,6.777024942904
"9511",4.97792895997481,4.99440962137372,5.02237756323461,5.03801338816369,5.05404486527547,5.0685627543607,5.12558733636797,5.1509055457975,5.18430317931015,5.29476854065852,5.31305277649349,5.33711136670374,5.3597801144537,5.37488947919713,5.43118592357471,5.4558138432433,5.50956855669573,5.56559562465558,5.62947971509925,5.64862554901565,5.70260651368889,5.78243858487506,5.83588149976862,5.84788721712591,5.89606808059588,6.00172262691351,6.09994829349701,6.13791220670242,6.23299489797018,6.3499414906963,6.38390211000378,6.46645928875835,6.45948632518109,6.5994140032803,6.63294474683233,6.6722718743402,6.80970294723018,6.87332525767342,6.90655709006437,7.00472160754551
"11252",4.91147714223219,4.93737075020313,4.96031703483157,4.96575909662683,4.97382287508141,4.97058140611934,4.97599436981491,4.96703789016387,4.96595686249802,5.01317631115871,5.0159097086047,5.02276011775267,5.0273924839753,5.02240986279388,5.05785561515028,5.0657579000555,5.11713037319295,5.16549321066643,5.23298616406912,5.24517961597022,5.30228099791611,5.38131224102615,5.42884358517314,5.40250898244956,5.43273593231242,5.53882759995433,5.6691397627828,5.7095410977785,5.79907706757146,5.90355520854319,5.90048242787373,6.01159398548819,5.9904831680067,6.12095268823405,6.1054082586439,6.10348878581577,6.20102987862371,6.23234537265472,6.2525104679883,6.33610105869144
"11272",2.06053109368125,2.0681621451513,2.07829646560969,2.08375084877978,2.0914232065219,2.09445748396452,2.11022200264118,2.11951834078944,2.13343961870413,2.17856746182337,2.1877353886615,2.21270753891317,2.23815563026554,2.25673121466007,2.30202388303149,2.32551764961137,2.37577267972129,2.43165353988757,2.49930459151687,2.52799262609148,2.57769400022334,2.65399661119129,2.70831679122996,2.74815853182015,2.80794906084561,2.88035652921765,2.93354006377965,3.00313044014932,3.11256650491935,3.22639921430474,3.30051310371087,3.3738202488405,3.40587281397093,3.4460259341832,3.4885791781229,3.53138463318325,3.56881875627223,3.61820617162734,3.67683958789067,3.72758957350267
"11331",3.23528765273568,3.24370870194856,3.25508517591329,3.2671437110543,3.28154527019305,3.29475086154483,3.32102608422598,3.34136222300298,3.36524782517382,3.41904702655381,3.44048521162589,3.46732974715814,3.49643142948501,3.52584152667735,3.56616486547296,3.59719257767584,3.63469029016275,3.67454713828551,3.72358156847,3.75676402282544,3.79705708462282,3.89493795470601,3.97258305614901,4.02145460746284,4.07958028712589,4.13798018228389,4.1729060344022,4.20481277273694,4.24822341117261,4.29078705918253,4.31245821198406,4.34610855620993,4.36433166207918,4.41145112636427,4.43646550142457,4.46021846729202,4.50805492087274,4.54189932609195,4.57766010498383,4.6292504783533
"11351",6.68272875809374,6.69874944674554,6.71869294555958,6.73963101047843,6.75940850805842,6.77585567442487,6.81244556356384,6.83674422065954,6.86880548135963,6.96092111939538,6.99452071744122,7.13268893418468,7.28700551954923,7.4033322079925,7.5677604540364,7.68400081326337,7.82303047662813,7.94892945595317,8.0779331197714,8.19788925782725,8.28744110582121,8.30557711691973,8.29465064215535,8.27921465780943,8.25810193089762,8.23514974323373,8.23661470189137,8.24130657956207,8.25634748727108,8.28500990018817,8.28753021184079,8.33777949272451,8.34309968676426,8.44073586816314,8.48643601986198,8.52346664274211,8.6366689111074,8.69910059460522,8.76741754509983,8.89752483410728
"11374",6.0425244388426,6.05615694907731,6.0682455228487,6.0863581967179,6.10006803799283,6.1133494874616,6.13296027374848,6.14095224257321,6.15118380256019,6.19407068325871,6.21085155877974,6.24233196906323,6.28214628346246,6.31819574752253,6.37507774844309,6.41006760059835,6.45806074166131,6.50364929940146,6.56438828508087,6.59618967267609,6.64380217002592,6.67576347404876,6.70092197010675,6.71180657900515,6.74222912804581,6.81240602275767,6.88177581398756,6.91299815242226,6.97692841732664,7.06460226116296,7.08126936290136,7.17118505703257,7.18590415788596,7.33453792464195,7.36180779435585,7.37031939530766,7.47809479337255,7.53398338812912,7.59700292779534,7.71310490544916
"11392",2.90985563457957,2.91637103745595,2.92869631490518,2.93890001860874,2.94902357747589,2.95439863952751,2.97629148361249,2.98597560004116,3.00047293685973,3.05364317997653,3.06587609658215,3.08367648099457,3.1028317332154,3.12085491765052,3.16141686550384,3.1849254149035,3.22557815822807,3.26737637056798,3.32572884944166,3.34653486658078,3.39580306811184,3.47951697924564,3.53339498057443,3.55201029558203,3.58683919735181,3.64038788225525,3.68153709236433,3.70978930086309,3.75755909174684,3.81750003884761,3.84385856853545,3.90025443522666,3.91586454805014,3.98474273615375,4.01631925103768,4.04154603924119,4.10785658065307,4.14975598952589,4.19047560390271,4.2513155350279
"11411",8.38207663271718,8.42195483249258,8.47068645469257,8.48242977201808,8.48615491711251,8.46934152023302,8.44551944350992,8.3901247080115,8.35677543674517,8.38234641903699,8.39094278902765,8.405323772951,8.41541529543826,8.41282311926677,8.46985625000752,8.49187679049381,8.57034446682889,8.6463520811964,8.75490323114693,8.79039457726674,8.87057727262287,9.00090310185579,9.13215110714626,9.16428738066003,9.23119586841689,9.43818208315704,9.68091689902054,9.76100323630054,9.87451112645897,10.0407239850961,10.0758113803034,10.2231739038654,10.2304373824679,10.4154755932951,10.4949170423722,10.5401976301283,10.704661465592,10.7638214508408,10.8163811376018,10.977985831427
"11451",9.42510135197642,9.46822136581698,9.53471563552844,9.56359320369144,9.59400532266402,9.59471672077295,9.91065833077234,10.0950947728467,10.227292512367,10.5296852397012,10.5374897887554,10.3709525566991,10.2925482472233,10.2416624360414,10.2080553021419,10.1720664964331,10.1669589836073,10.1818844915245,10.2370877675032,10.2490678596148,10.3059771563891,10.4096380851696,10.5436945224935,10.5783705867439,10.6716975177118,10.9370395958408,11.2398539835048,11.3398637205121,11.5081495277552,11.7550107910944,11.7788895282778,11.9591666057996,11.921979672996,12.186400206244,12.2733893703851,12.3180708317199,12.6678009282598,12.8496084412797,12.9363060470542,13.1093176738261
"11531",4.54848350921593,4.56764457994614,4.60225841987227,4.62177019305616,4.64044770944393,4.65226188035655,4.68832100357771,4.70354253671947,4.73568446365073,4.87791528465153,4.90842067341655,5.00107529194106,5.07953767310576,5.10109308635067,5.21282678100047,5.22510929704565,5.30695866882799,5.40555444668435,5.48820196980376,5.51019782399311,5.5437636617087,5.5944482062658,5.64388934017948,5.6704584009103,5.73679613387466,5.87330566788906,5.98977654611426,6.04449798638614,6.13324518363771,6.22232073157142,6.23563186420448,6.32939067083602,6.32982294701162,6.46638406365073,6.51300051459944,6.54340408989885,6.67388933962287,6.72854421709635,6.77879736818332,6.88908426083522
"11571",5.18903322186998,5.21893946366537,5.2596528197629,5.27887074678933,5.29847423164654,5.31152236350999,5.34603228457751,5.35978305294583,5.39383790694888,5.53259666255603,5.55263563919711,5.61631991995073,5.66559201994023,5.68694953241435,5.7973796652297,5.80422137266661,5.88244669638624,5.9765251245572,6.05815329245195,6.0710691275618,6.176335027672,6.24933788034551,6.32542940891075,6.39030792880345,6.58064473012972,6.90870785183533,7.03130485097333,7.04005143481756,7.088952491211,7.09629870457184,7.03312082666795,7.05240735863804,7.03719930305337,7.12154656904688,7.15777992701449,7.18593523685457,7.29595445536601,7.34749366298524,7.39754100123883,7.52839992486744
"11591",1.32495820440789,1.329688963664,1.34007436765736,1.3469029872545,1.35463954754636,1.36192071511761,1.37495975918857,1.38014623738245,1.39022893216421,1.42599520833737,1.4312855404646,1.44558770665058,1.46275039103672,1.47463856057696,1.51003024027045,1.52360261644563,1.55135935107734,1.58323329686721,1.61654219165043,1.6363789346658,1.66714737319178,1.7048814706295,1.73836615696817,1.76179162996468,1.80078992655716,1.85223157385878,1.88535403790615,1.91396019708538,1.95310547125462,1.9947879174538,2.02242032466471,2.06426367328703,2.08920371067835,2.13527143819874,2.16661034871517,2.19581504052008,2.23551005362847,2.26782361717705,2.29973800072729,2.3360323602866
"13254",4.21704168975992,4.23261311319401,4.25137571023533,4.25949189892922,4.27271806278455,4.28100477252924,4.31185084616214,4.32712815827347,4.35283373813526,4.43476076501719,4.45024939104964,4.49514673479675,4.53014064446769,4.55527451235077,4.62142981572082,4.64917499589123,4.71390689854121,4.78390996215427,4.87701393330844,4.91608733018002,4.98009157198384,5.05441041602697,5.11931266459217,5.15038043765705,5.21494550710408,5.30618456810847,5.37692149518945,5.43706173974732,5.54728202338494,5.67624744408146,5.73286524382739,5.86355215156717,5.88276203008847,5.95703061625841,5.93047567345132,5.9040006846414,5.91170780945126,5.92276926663336,5.94137598210761,5.98661296442724
"13291",3.89669383173711,3.90536555819732,3.9171575367155,3.92538716223059,3.93647149226818,3.94240025263362,3.96671089272168,3.98033093872162,4.00029216518572,4.06443041195909,4.07843642258093,4.17083644843474,4.26364146935314,4.31960015993747,4.41186048181883,4.46177901495085,4.53862289487147,4.61198997096374,4.68824921489002,4.73681610713832,4.79178609896972,4.79630658674596,4.78336600536107,4.76604820228005,4.75192567582945,4.74052060798727,4.74140976055502,4.7417289754264,4.75939867530629,4.79746212346724,4.80826948983025,4.86068891747513,4.8701639604979,4.94695163081138,4.96965087059197,4.99195502350708,5.06658514781495,5.11094146370302,5.15402850175781,5.23153797233776
"13331",8.67814334805543,8.69893815595,8.72306058840266,8.75192792120492,8.77440665949177,8.8026498217961,8.845922426066,8.88163579907035,8.92265255274529,9.01413372497504,9.05591347866164,9.10956515249943,9.17028066249592,9.22869821639977,9.30864114008579,9.36878572121515,9.44112253015167,9.51622457612004,9.60986562383066,9.66898695046284,9.74308477743388,9.82734602376015,9.90365946790705,9.95231584615845,10.0386638878872,10.1799428086279,10.2848374000833,10.3449491479114,10.4566152471082,10.5794357259296,10.6224373695726,10.7663514049257,10.8023703815141,10.9928029666207,11.0407438860473,11.0913238146171,11.2330690133999,11.3149948459755,11.4044071412198,11.5453737318746
"13351",4.15192143919669,4.15010759244754,4.15185176956707,4.16664228078723,4.18368903909522,4.20873137395419,4.25658063341331,4.29958169524541,4.3484257083485,4.43449244910077,4.48074915996723,4.52626947838973,4.57798018587997,4.63820888392876,4.69109044013754,4.75097718015927,4.79578108839988,4.8386765965598,4.88322687179807,4.94303198951219,4.99980227802435,5.04884264918862,5.10655415040707,5.17176942545554,5.26136235722659,5.4003916940769,5.52741013216755,5.62567275716592,5.71169594993812,5.76744482369775,5.81535442410316,5.85496420703265,5.90825786292351,5.95507707912679,5.99907818972881,6.02493221382566,6.03003169939164,6.03413467971955,6.04215689701252,6.05469217267202
"13391",4.18295835286485,4.19119111878085,4.20637292621464,4.21740584917069,4.22743091378864,4.23264702514937,4.3089447698646,4.3747214496389,4.44192191947597,4.58430733502983,4.61420446452352,4.60974842046561,4.61866852029665,4.6359839665514,4.6449691957886,4.6543232974886,4.66099145200482,4.6724410416739,4.6959950044644,4.71005478565733,4.72963727786495,4.76800182830218,4.80100332980255,4.80482609701192,4.83320956725467,4.89821943427297,4.95964801332235,4.98123745185851,5.03331072519974,5.10509428083577,5.11492960114113,5.1874842449289,5.18297327742615,5.27588969906488,5.29897569552287,5.31393179497826,5.4081570531997,5.45184667306827,5.4926102524758,5.57963531881705
"13411",4.85323648210213,4.86390139194753,4.88494612571534,4.8990317340413,4.91243216492073,4.91883583897888,4.95176696890694,4.96325789955364,4.98350523918675,5.07181195962672,5.09325671352432,5.18855343040599,5.27843581461172,5.33504187109923,5.44620816296367,5.49927244442798,5.58761330239933,5.66879645360741,5.76130219824156,5.80770624267177,5.89072194882139,5.90031770727562,5.8948676692759,5.88794888771671,5.88740536668001,5.89937638782001,5.93044670217029,5.94584501438359,5.9843556676026,6.04437526857841,6.0602683560063,6.1305154010414,6.12590250985784,6.21413494386902,6.24717028938248,6.26782487236455,6.36600737020788,6.41048359784503,6.45325878004013,6.55321987448316
"13452",11.5527450386898,11.5987550473345,11.663862168127,11.6944613959513,11.7360237953014,11.7474464576311,11.9267054989685,11.9882140838327,12.0605887613982,12.3587570563996,12.3899164253136,12.3558034851568,12.3346607445368,12.3291424043832,12.42566935798,12.4449668810577,12.5431833643542,12.6379947814835,12.7767978322449,12.7779685241283,12.854277743909,13.0006966298229,13.129305357131,13.1275144518096,13.2466847875717,13.541038489469,13.7732744725731,13.8179613360042,13.9797990589697,14.223250879848,14.2365254989773,14.4853549095357,14.4265058294082,14.7404405676332,14.8172606356886,14.8146541226633,15.0881646251044,15.1855902995652,15.2618219654547,15.5034840405245
"13551",5.63902358563066,5.67048993837188,5.7168395413329,5.73243419811135,5.75364789202613,5.75846219606384,5.91856417278602,6.01313814551633,6.09128436294418,6.27426042225759,6.25219610280339,6.1598120632432,6.11168437720688,6.09011047862326,6.12041689729574,6.1182901033839,6.15104767427232,6.19313036287917,6.25106172159724,6.26135782298805,6.288121187649,6.36308303433696,6.4597862588573,6.47544827115585,6.54926126969819,6.74364357384303,6.91183907544602,6.97119116967825,7.08110999506059,7.22174513381442,7.23022594344936,7.37007320006267,7.32740271121601,7.51178250279613,7.54644181548473,7.54699197265406,7.71257265969736,7.75769703508476,7.78856365541,7.92396333861965
"13571",1.81682610759575,1.82379865739975,1.84374357234395,1.85980161398792,1.88118554793712,1.89718340481588,1.92301719867044,1.94213555390897,1.97324656430627,2.05721911356918,2.08076300553954,2.12409394611115,2.17058677761475,2.21015101265134,2.30213761522927,2.34327460159943,2.42608129676629,2.52346579752912,2.6139017486237,2.68411152150201,2.77902813047445,2.9120384498199,3.02461539248221,3.13658502817795,3.23851433955064,3.31702716233189,3.39329533659902,3.47971634620464,3.55499749895364,3.62950164396257,3.72319749047949,3.79897971437474,3.90450740353253,3.97045464864397,4.06136311441488,4.16117954378947,4.25559004182629,4.38990558587733,4.53087364801737,4.64541486409316
"13591",9.42391289237913,9.4759227666254,9.55836011288622,9.58999495160257,9.63599342032438,9.66780062122984,9.74074588373901,9.76927396672329,9.82210144605734,10.0655720895842,10.1041818640615,10.4068578941649,10.6665920596656,10.7583730777628,11.0701920048587,11.0928279618871,11.281167707527,11.4922353204711,11.6736820705543,11.7576978691675,12.1100393049616,12.8688396755784,13.2089674412912,13.1828244405737,13.21757659561,13.1496860649808,13.043662912767,12.9685716799061,12.9331112791073,12.940505754172,12.9215697692062,13.0094769669007,13.0083436375564,13.1764156935215,13.2789262690336,13.3517700442069,13.5732617903796,13.6640459081613,13.796373127166,14.0683512974045
"13611",3.76611035752972,3.78243606201061,3.81560203974738,3.83225550535303,3.85394679163419,3.87064242918533,3.90557155616787,3.92017614839993,3.94726273323914,4.05720285039006,4.07555221138971,4.11161328493807,4.15754356163751,4.18355684778635,4.28090709841131,4.30514387270966,4.37916137930634,4.46395177368936,4.54752119557936,4.5888673096425,4.66465104842557,4.76581334746108,4.85419642745769,4.88691294636434,4.97607973499737,5.10867987176914,5.18826144144931,5.25443801704392,5.35607148646765,5.4566976315654,5.5018426173865,5.59294909625364,5.62737163248879,5.74058229993156,5.80237061164141,5.85565356033345,5.97038695144122,6.05077514727799,6.12434643636476,6.23234272463234
"15291",5.79895838101368,5.80868735786017,5.81706447933948,5.82313993643206,5.8289308332393,5.83063381834638,5.85734376545294,5.87545134115991,5.90262351939188,5.98373711852956,5.99619331878927,6.02083447119752,6.04229518831726,6.06229662125212,6.10511219175231,6.12865042694798,6.16307249349794,6.20144580140688,6.25459017761398,6.2752606490509,6.309573746016,6.3518149871514,6.39112639663829,6.40594522076395,6.44834382539673,6.52786609264366,6.59177721504921,6.61806359947691,6.68418699050978,6.77254129833597,6.7867086797255,6.88430963773073,6.89440637046149,7.02523267313807,7.04451086971168,7.06522382734633,7.1597894947644,7.21281388953996,7.25276847557182,7.34325385101828
"15313",4.83287843255528,4.83585143375838,4.84292250879625,4.8503060470565,4.86033289769176,4.86931777097176,4.90089450700403,4.92273385335551,4.95657558432141,5.05069007995656,5.08095758063232,5.13350632299564,5.18412261824927,5.23523653414158,5.31471509579022,5.37731365425837,5.44745683452257,5.51789264804411,5.60110712706524,5.66708145521987,5.74101724727211,5.80922971106848,5.87529202591864,5.9447743690242,6.01311621692344,6.0894673498151,6.15332036486805,6.21509907270748,6.28969329218712,6.36753875686262,6.42710820909815,6.51456626920956,6.57790101208508,6.68104517343967,6.73944442926192,6.79865369280205,6.88015952301346,6.95630252421195,7.02472797638885,7.09931059587789
"15393",5.96533750240422,5.97182328873743,5.99128465022627,6.00346063570413,6.01907464028041,6.02649337936848,6.06850833505714,6.08377514258397,6.11431983110556,6.24540969846759,6.27851554542747,6.39107181571891,6.49860001980728,6.57608649487632,6.71765702654069,6.79736094888876,6.91292855101701,7.02124217961224,7.14596283713227,7.23368042710659,7.37265918867859,7.50441954303627,7.58785098351502,7.63361361090521,7.66643274655925,7.6777846350657,7.69256524692436,7.71826217670885,7.83043476270355,8.10037236936264,8.3332441314623,8.64920382139523,8.70656883842563,8.82654045782965,8.80508100022104,8.78559768254496,8.7369406347414,8.69363808740823,8.64927653453425,8.61847288157035
"15431",15.5456707368364,15.571405359854,15.6231472110544,15.6533241324689,15.6868131752265,15.6919162213543,15.7838713266025,15.8069609522083,15.8540330219596,16.1199657825139,16.177147734775,16.3100683139322,16.4362357470441,16.5111701165757,16.7176133302913,16.7873462845131,16.9528062034315,17.1046845012317,17.2927842774095,17.330228223962,17.4542121279834,17.5823506869908,17.6772820353132,17.6812429881531,17.7652850661554,17.9603060241517,18.1461378339734,18.2107526923408,18.3779215184643,18.6337175628505,18.666055164938,18.9000026318047,18.8436387794319,19.1354564569036,19.228915003489,19.2662043489783,19.5524358992792,19.6700549492151,19.7900994202845,20.0913832565541
"15474",7.19541422540622,7.24078798515109,7.27324167690008,7.26611724421283,7.27690999516923,7.26869622434285,7.26506344497383,7.22279028634223,7.20872282093804,7.3006029189639,7.3285734239031,7.35848294814883,7.37559658266408,7.37456196967175,7.45225979584508,7.45619300116002,7.53449158773373,7.60870434544676,7.71460529854389,7.70131509869329,7.7470019695056,7.90953725035272,8.01351116384669,7.96460253281005,8.01682123980112,8.18942588461787,8.32582751513977,8.3428271913973,8.43253092437764,8.58429658763473,8.58460952606365,8.73334951344979,8.68230533420019,8.86662381812404,8.91104754484251,8.90956066005834,9.07702455051888,9.1379916157107,9.18766634731241,9.33685194781489
"15551",4.23683523639276,4.25637978944603,4.29055424605586,4.30107341220004,4.33028386182677,4.33880633642337,4.37744499085486,4.38855731037932,4.41930897636949,4.55715853839334,4.56764240758031,4.66542419841106,4.74780864150114,4.7783722060268,4.89333912290794,4.89591580772727,4.97520481385831,5.05852584738495,5.13716443336064,5.14819815720236,5.21582157827052,5.25039038439986,5.26640507422038,5.26377113575685,5.29935868129038,5.38428024296078,5.45942722996144,5.50088838287995,5.57271578224411,5.67130554897586,5.69743677736348,5.80425740226453,5.806672481691,5.96591580362886,6.02434864995095,6.04953938810055,6.17905563428692,6.21748287718699,6.24550482177267,6.34414438882969
"15591",6.58722074937325,6.62244692711866,6.67838322834535,6.69436631364653,6.73025809025425,6.74076384743144,6.78321342655125,6.79859379658517,6.83277716994778,7.00349717569456,7.02583999644178,7.10326629864039,7.18191018276601,7.20448029282634,7.3411597040736,7.32753116434537,7.4228004853309,7.52241686007403,7.61445180854274,7.62223021015548,7.73076944143749,7.9308981443036,8.05330159369564,8.00104332438025,8.06208204249655,8.1954480482532,8.24549758837499,8.24902421852275,8.29092356825276,8.35452746603342,8.35494244552673,8.47604025084629,8.4862568165658,8.65093541252279,8.73550570256691,8.78965336285191,8.96940138605962,9.04480843327522,9.11391782791866,9.28654711613045
"15611",3.07886351141468,3.09197557779585,3.12128064128604,3.13716323775677,3.16283602506145,3.17772072305137,3.20357508340905,3.21332012096658,3.23236980191602,3.31913421043292,3.32940989648559,3.354617968687,3.38809126710055,3.40248063462107,3.47050480187855,3.47522382194347,3.52790460353439,3.58149989668703,3.63308059435625,3.64905539317247,3.68822386700008,3.75277237603918,3.80971371217402,3.81105699530229,3.86340439627053,3.96407145905143,4.01813880987688,4.04919898876791,4.11417343498574,4.18577833370267,4.2092926935696,4.29161258190292,4.29372311622741,4.39299036393609,4.42266842349587,4.44167022507303,4.52857424213366,4.56378134738239,4.59260086212221,4.66777416589128
"15631",0.550600633226681,0.553638827703192,0.557632805731544,0.558343839480123,0.560094090836538,0.560221376827012,0.562482388583695,0.562588297285618,0.563945788088269,0.575181758760921,0.576369975348258,0.588589824306462,0.615999848770957,0.649219334308191,0.725045336436142,0.764930207486173,0.853668970038314,0.957703524573139,1.06134459781364,1.15059179394572,1.29077693331225,1.44863565273718,1.59625215683719,1.77804195047693,1.94927340104647,2.08732552577262,2.27737926682477,2.48341550841807,2.62996687560171,2.78403788196966,2.98851320345332,3.12376555546078,3.37098306527381,3.4600541922379,3.66179619659647,3.88292915685156,3.97664493085683,4.1654763462886,4.37332553708668,4.47255825748248
"17171",4.57768542798845,4.5793959010142,4.57868245472545,4.58528590703064,4.59444620912585,4.60763722732225,4.63522334863608,4.65615858284716,4.68711550157692,4.74521040317777,4.77118510752497,4.83378595816023,4.89861957637706,4.95707255409631,5.02925277650691,5.09249440854535,5.14742330617868,5.19057932589035,5.23446794971923,5.28088933125793,5.32859980469765,5.3446795958518,5.338287998205,5.3304729606682,5.31942608872789,5.30990223601931,5.30241452567734,5.30233796152095,5.31765128915963,5.35081788886788,5.36095803271393,5.40260197891775,5.42087197006632,5.48080967042048,5.49229496725618,5.511142182987,5.56367702128479,5.60511637468657,5.64711886399666,5.71989788441807
"17252",3.77602863664343,3.78180290960075,3.79085620082723,3.79998047271965,3.81065000986764,3.82390783477233,3.85373868314815,3.87594876811034,3.91064422294729,3.99265334130008,4.02694338910805,4.10795469078761,4.18163069398323,4.25121625458899,4.3454962518665,4.42831509251001,4.50894749460229,4.58796465995874,4.67104226810335,4.75272438556937,4.85130538487527,4.91186849048495,4.9541977388801,5.03340673120054,5.13648613475404,5.29558195388276,5.43181675081115,5.53630110297003,5.60373256989022,5.62290985656356,5.64351775013497,5.62830484819089,5.6269698070155,5.60331333327754,5.59474790538501,5.57914504684481,5.57384398385448,5.58146655380236,5.59553648445778,5.62105586108351
"17292",5.94386785071036,5.95466656874865,5.96146654342694,5.96840945160541,5.97101111682196,5.97415657159783,5.99513562005504,6.00448956867386,6.02221146898098,6.07966964660769,6.09146505578996,6.14627418513932,6.2179849761708,6.27474341752191,6.3668132447604,6.42620118352094,6.49756567011907,6.56395540193513,6.63694226233645,6.6880754958097,6.74470448985807,6.76053500291804,6.75579636835123,6.74987135813104,6.74414335211542,6.74572196933516,6.76007326697285,6.76754953143166,6.7962677980804,6.85173023694285,6.8623385286092,6.92939945449178,6.93602125495859,7.03635634645836,7.06782861800242,7.1016861298353,7.19704092262382,7.24842555940306,7.29071471108377,7.38935397819426
"17312",5.19905873423437,5.20470362506816,5.20979766303571,5.21744035542069,5.22209036846762,5.22750968503516,5.24699315099359,5.25802622907702,5.27633509938438,5.32755880338055,5.34221559982441,5.37094373194777,5.40549653721006,5.43652690657626,5.48816644841527,5.52476836183221,5.56617706612403,5.6071728600747,5.65673763470013,5.68816823652353,5.72355783531996,5.76492220889947,5.80843845030163,5.84148416151294,5.8895982856864,5.95616619456754,6.00163007973844,6.01799964690627,6.04637703206861,6.08521896252678,6.09391368354101,6.14693358581395,6.15586690743997,6.24022361574447,6.26608118012877,6.28703841034148,6.35598141974812,6.39780912085868,6.43712177141041,6.51777649180931
"17351",1.01181962635873,1.01078317867082,1.01233972056605,1.01513691174783,1.0199421309796,1.0245075910864,1.03835106279869,1.04932068129884,1.06788942445945,1.11488307907479,1.13738197000852,1.17535398843571,1.21390570000595,1.26145653707212,1.32630679522539,1.39334257189811,1.46913892656506,1.55102099559787,1.64233278539025,1.75007957832964,1.86396337918836,1.97309106459897,2.09631176662986,2.25946705322938,2.37228747344332,2.45861900750624,2.5722113930937,2.72690562504055,2.84007801939877,2.94132690245755,3.11794567230644,3.20885170513172,3.41688061563613,3.46984179216812,3.6486361825328,3.83430477920964,3.92301174593434,4.06969363316156,4.21959666152809,4.31837376896154
"17374",9.43039101649079,9.44730114126229,9.48348623671686,9.49499466502985,9.51240500778128,9.5154390885109,9.58054556609883,9.599281459071,9.63523112123095,9.78986731609912,9.81041302922345,9.87280604895255,9.92034545028857,9.95660363149788,10.0443406975075,10.0771076060263,10.1384317662781,10.1988944227819,10.2720731779607,10.2841460512573,10.3316525704132,10.3708443682156,10.3943571550875,10.370799162021,10.3836772562837,10.4715600785715,10.601557085094,10.6479812901878,10.7367773106443,10.8933487740438,10.9266165893186,11.0821373340397,11.0864649457455,11.3116993036515,11.3928720314435,11.4607406654114,11.6623417850283,11.7464333192674,11.8316631182968,12.0257087083587
"17391",9.62656740846712,9.63904608235702,9.66792485230599,9.68407942702117,9.70627113436648,9.71456074036379,9.77097328959365,9.78537688715531,9.81884223302276,9.97477772836638,10.0069782241357,10.1869876776666,10.37552712661,10.4951093655133,10.7030643747325,10.8128868824909,10.9724160530425,11.1136471073172,11.2595018210669,11.3613004619985,11.4357992983162,11.4453167793013,11.4271443094192,11.418187121735,11.4247081582152,11.4609658718098,11.5262236565266,11.5631738665979,11.6396766692559,11.7686298730819,11.8105716276099,11.964989939169,11.9876821057336,12.2545983983809,12.3431734549784,12.3929927236417,12.5512907675275,12.5908340686892,12.6292320153019,12.7755809218064
"17411",7.41730142599115,7.42527688086233,7.44177452045756,7.45537533766775,7.47220184867251,7.4822245019929,7.51963516177692,7.53792037165696,7.56603422365767,7.66843877313558,7.69791667779993,7.75583348133846,7.81906940508708,7.87563941110833,7.96655677663506,8.02340326704673,8.10118499903801,8.17550567365513,8.26385862104898,8.31540452717727,8.43256016028331,8.48988607566243,8.52644858549216,8.55795068503054,8.63252053937376,8.78965395420864,8.97193108063128,9.10130295465634,9.28523842965718,9.46992183689139,9.49327927490337,9.54785758810487,9.48237622254364,9.48308604996823,9.46770799048329,9.45953235115311,9.4949746431658,9.53222390346454,9.59038930407532,9.70078792002099
"17491",1.55621973007871,1.5546908597514,1.56507510672223,1.57685368761396,1.59613683438106,1.61216350163297,1.64633526460051,1.66153530092597,1.69007101829231,1.77325786396677,1.79667471463054,1.83088579390464,1.87408983071526,1.9055629144571,1.97050179588888,2.01455049696264,2.07998446252643,2.14685989659075,2.21708576567395,2.28050176757828,2.35269879794618,2.4309186580122,2.50710057477432,2.59083555992883,2.65463347676877,2.69904054657985,2.74591891947597,2.80270423392415,2.848314193687,2.88893411609522,2.94461259183283,2.98756530097098,3.0508379518044,3.09196555008439,3.1453672069149,3.20141981098771,3.24178823796615,3.29928346014097,3.35861306257775,3.40393782283029
"17531",4.88917561339804,4.91028392217054,4.94348929210215,4.94783391317143,4.97512628648654,4.98063432781265,5.0202848356487,5.02151601637399,5.04102945156803,5.1773537749357,5.19269368506631,5.24748598765617,5.32561811418657,5.35135606339178,5.44872212093046,5.45705467763695,5.539496004567,5.62042853427262,5.70542150054711,5.71678883912839,5.75541551786884,5.814684132258,5.86274737736995,5.87568797298997,5.95999882461015,6.12986345351671,6.22760300708168,6.26417413175458,6.33337425433487,6.42271685233021,6.4361445282548,6.54657771071528,6.5507707581107,6.70612401409725,6.73326194017242,6.7355697167274,6.85451976140416,6.91735968028274,6.97764326492042,7.0998392247278
"17551",6.06948561917609,6.0971718237683,6.13278989538187,6.13245064260263,6.15873987584337,6.15608818926578,6.19477987232178,6.19579970290815,6.21848057601041,6.36955794055472,6.37287753646891,6.46163987101366,6.556535578565,6.58797709076192,6.70948082445814,6.68369683833855,6.771690294021,6.85984598240065,6.94232290353306,6.94522028440885,7.03681356758662,7.06843674666732,7.06758517555697,7.0340697714019,7.06292888712973,7.18215729168948,7.31116665014629,7.37061866214906,7.46254391590792,7.59345142243449,7.62742963379083,7.76654204373081,7.75240196310439,7.93326077001255,7.99022832848361,8.01932926881372,8.18727941479236,8.24767442895584,8.29430328335456,8.43786786337286
"17571",5.1868838415135,5.2051653610368,5.23762661798833,5.2448233190658,5.27346682779139,5.27507786202282,5.30821203012989,5.30860310404147,5.32852610196255,5.46038693742223,5.45622022548882,5.47920400683985,5.51335224882122,5.52450857760041,5.60887139277405,5.58711843511017,5.65216859105683,5.7241030115901,5.79643129658014,5.80157030137144,5.84053697454094,5.93543312680475,6.00257598484843,5.98711822781886,6.05833166681147,6.22671107293924,6.32118429037761,6.36144961267707,6.45452633765479,6.57509442008458,6.59494478621391,6.72602301725704,6.7006440669981,6.86970323177825,6.8993829042687,6.90940813187076,7.05277684224282,7.10044907713087,7.13482801273338,7.25466318005586
"17611",3.1822063118822,3.19627491105722,3.2205334110209,3.22983259765401,3.24851145583413,3.25481814101808,3.33957250965196,3.38503372990036,3.42194953974891,3.51511436957075,3.49232544899024,3.43863553086648,3.41582473792199,3.40623128462929,3.42928846424923,3.43344790591729,3.46683032870299,3.50321211576796,3.55387702379885,3.57348899520365,3.61056094915388,3.67782313703061,3.73389431502111,3.72748975994778,3.78511843437868,3.92066218646998,3.98186298354215,3.99350458382096,4.04087887080579,4.08914948624896,4.08937076440129,4.15807033379167,4.14754181369677,4.24662999170807,4.27182967770796,4.28456982094646,4.38065439875762,4.41154956436637,4.43383424616335,4.51195277281833
"19191",1.87795945418259,1.87713852127964,1.87828516045542,1.88272273816473,1.88990392346555,1.89848976676968,1.91679760321343,1.93087420845519,1.95203948153039,1.99474928835747,2.01583187730342,2.05365463435137,2.09455377796127,2.13918109767438,2.19915044465493,2.25908654878786,2.32610122133553,2.3970178722276,2.47676900554348,2.56217394517241,2.65989879552521,2.75396839085534,2.84197778547606,2.96056972582496,3.05274632608546,3.13950264868006,3.23840448683556,3.35170005138481,3.42657312061052,3.48502767080798,3.60120444186084,3.654632924551,3.77081680079436,3.82948220016829,3.95646923916732,4.07345187977809,4.1271965146862,4.19746433011714,4.27008886792736,4.30278234813854
"19271",6.73649349001584,6.75210417703305,6.76577160574705,6.77690551029526,6.7869395251337,6.80089960224548,6.83722208727918,6.85978454200071,6.8960142135006,6.99259813439114,7.02737361684571,7.08645419726627,7.14262205959762,7.19519764457864,7.27640225982551,7.33861331434799,7.40937121991116,7.48420473305426,7.57294633430683,7.63699467121545,7.7161417007924,7.7923955594617,7.86648636892434,7.92847606556545,8.00700247861957,8.1102729946833,8.19338423054325,8.25486700476273,8.34713122358488,8.45625676384146,8.51015486760146,8.63399487463658,8.68409744666761,8.82537464534484,8.88368845262227,8.94297229959916,9.05426406889263,9.13647596231982,9.20973170357234,9.31593668654717
"19293",3.57306558644404,3.5745683572924,3.57709958751546,3.58186520117301,3.5865053128286,3.59429576664529,3.61675101261496,3.63002591152185,3.65047172690844,3.70134070202562,3.71957111775336,3.74807313053992,3.7794811374158,3.8104510238045,3.8544005237348,3.89157230733279,3.92944119420309,3.96759404714254,4.01257955088383,4.05048955469448,4.11682457086773,4.25151955737876,4.35596774080566,4.41182401977544,4.45381176477921,4.47151210172403,4.46963992806934,4.47598002802556,4.48133926751438,4.49159298182655,4.50484584521274,4.52618339828889,4.53789034944302,4.5793809752268,4.60541838786839,4.63288930883112,4.68362100082781,4.71898910137159,4.76058851606517,4.82060495223094
"19331",3.12567602795683,3.12813742104923,3.13237924258544,3.13716287239672,3.14069774727428,3.14383280270258,3.15630335817643,3.16288239451273,3.17328849286537,3.20889747101777,3.21941743883416,3.2369693150844,3.25452155991974,3.27127750447405,3.30047807896616,3.32055951893312,3.34404750336868,3.3686483058376,3.39855786012368,3.41663043234543,3.44104547146966,3.4675700665069,3.49300681797987,3.50911663297005,3.5354173576223,3.57472985600444,3.61178888399794,3.63103370493603,3.66550396561589,3.7107927715687,3.72478274920152,3.77456569646038,3.78390980820819,3.85133213823522,3.8732032072098,3.89241930590894,3.9425251624188,3.97199466295354,4.00216702528917,4.05496655922977
"19393",2.30133292996862,2.30157620342846,2.30881187446942,2.31469312644325,2.32289583216601,2.3289245789496,2.35060634862337,2.35928926588119,2.37672548037258,2.43518213775479,2.45326127233957,2.48330650380493,2.51551449941044,2.54880430559934,2.60076449154908,2.64297390679855,2.69620732673441,2.75060220121959,2.81323937736251,2.86728899615687,2.93217529545895,3.02008939279487,3.09215008212315,3.16174544852495,3.22875714551999,3.28992720825025,3.36897517972696,3.51188456465241,3.73047022440407,3.98929027374495,4.17865726890841,4.32949729259263,4.44964373068669,4.49428952839539,4.56062782459052,4.5661045717822,4.50364483726544,4.47172858068318,4.43837294994489,4.37622668041135
"19494",12.2951608803023,12.3394585530166,12.3946246391129,12.3941952399189,12.4186839154944,12.413828977638,12.7369903666887,12.9021167599312,13.0356187788395,13.4120404477309,13.3717530103158,13.1367799887417,13.0035792874831,12.9167610564637,12.8754547352175,12.8274113729499,12.8345374278852,12.8707563683959,12.9687175700281,13.0054877691008,13.0867599500671,13.2472009576603,13.4165208233466,13.4390883815181,13.5462530178856,13.8681068977971,14.2491846186125,14.3847930024105,14.5733340481135,14.8532027355446,14.9213478717752,15.1950899213228,15.158855195248,15.4757944813444,15.5869002823743,15.6389868903878,15.9453137877093,16.0929446951969,16.2060317344421,16.4783578049057
"19511",1.64121795747666,1.63901592228139,1.64985303211899,1.66194187649913,1.68279488522177,1.70042526487072,1.73495977119467,1.74696675187963,1.77342555793657,1.85678661489589,1.87776440281653,1.91106784083844,1.95496926359179,1.99062024771598,2.05815723241435,2.10254580446817,2.1708085816371,2.24046536184351,2.31415095359691,2.3789032092286,2.45385482328828,2.53931620954608,2.62148012009187,2.70943401246428,2.77602467498305,2.82267505212619,2.87427959791694,2.93566548927751,2.98860606750514,3.03833273284747,3.1051688523453,3.16149244409938,3.23806177116826,3.28985335277505,3.35442528411911,3.42152729848964,3.46824990151595,3.53002075368205,3.59157406331776,3.63495658905333
"19531",8.02340199607301,8.06534396728935,8.10125593422957,8.07727107311066,8.07266937886609,8.04714219652825,8.02613956857612,7.97840854029399,7.95068787677749,8.01166393902645,8.01851269783176,8.03031354541425,8.05167810922791,8.05353499719114,8.11567926352526,8.11814512084688,8.18514686576249,8.25333166397642,8.35982279242743,8.38032859675647,8.51444705396143,8.61015412803152,8.71449890213404,8.72055440107065,8.81250647698441,9.07528390947899,9.32843140692752,9.41407233243237,9.54663129418353,9.73793387506839,9.75824740245146,9.93744909383579,9.86849734397431,10.0904262008315,10.1029345425681,10.0843805170209,10.2686060524301,10.320674774592,10.3424584350018,10.4864558730074
"19553",0.88904098080105,0.886022777587961,0.892893668607238,0.903832616664321,0.923439758950439,0.941040349913586,0.976910917261878,1.00729897547293,1.06183501051694,1.17351493381231,1.22054660442807,1.29777939444776,1.39249642408785,1.47781834791546,1.6119919021312,1.72094880264037,1.86908129182534,2.02891241430324,2.19633077212034,2.39098992698961,2.60205117210217,2.77334561143112,2.99376627875146,3.26440052510026,3.42016995450183,3.50481295919001,3.71341435214437,3.91340103725842,4.04873360933661,4.17560795730546,4.4000554484993,4.52073816701323,4.80292563437632,4.86912826593634,5.10552675968389,5.34834435054576,5.43062279317969,5.61521130050474,5.82712981358464,5.94124652234485
"19573",4.08551854125857,4.10086713930832,4.12272924901065,4.12351633018416,4.13995031228862,4.13807498009506,4.15747737945324,4.15500883772633,4.16656034500515,4.2576794753619,4.26153482033128,4.28454767025936,4.31516041912819,4.32955593651094,4.401602920294,4.40051161208266,4.46433375578155,4.53371288435062,4.60395866116219,4.61789031057117,4.67141324779361,4.89973661250079,4.99904504116706,4.95143862306528,4.97704308996124,5.02449289063307,5.04480054087224,5.06826666786262,5.13976770225062,5.24384126040595,5.27570570316289,5.34615844107356,5.30346297019112,5.36356321094076,5.38374861934987,5.40136156430447,5.49461032132058,5.55850430950502,5.61600217035715,5.72152028320459
"19592",7.7041686294105,7.74101648485662,7.79294838690681,7.8041556467653,7.8421813537257,7.8403571727892,7.87491259396951,7.86086616430434,7.88531636239662,8.07213974884063,8.08257503920065,8.25803877346265,8.42675792693156,8.46974185027411,8.64808148101818,8.60226348894942,8.72191848023328,8.8315407617854,8.93497583583881,8.93808273996046,8.93370313112338,9.03541168882561,9.10825329757444,9.0700854333688,9.09854767470138,9.22235393769386,9.35779824383984,9.45654849874892,9.63507536463273,9.84824707141313,9.88583079054042,10.0052183124423,9.89688008915778,9.95356720942278,9.94408515857713,9.95877083142255,10.1073078788909,10.1799558878819,10.2628735987667,10.4608437007601
"19611",6.48629543270668,6.52867916137085,6.5676585716366,6.56053646180516,6.57059708844318,6.55149258497334,6.51517363725034,6.46804024539333,6.4510679699951,6.53754068001293,6.5538856732773,6.60189642729794,6.64610612408095,6.65495879656871,6.73835535012673,6.72519716207635,6.79979376941279,6.86464493439874,6.95427048892399,6.96117875753028,6.99115186935276,7.09752754152665,7.18699869713715,7.15458981749588,7.2063548112442,7.40679447649286,7.57693768734724,7.63393395532978,7.73506100375661,7.87132497949522,7.89810017963302,8.04693805090718,8.02267885135015,8.2005950865979,8.23382844515353,8.24360629662945,8.47640889500525,8.58332629836933,8.62456250969587,8.75649529656856
"19653",4.98403151089924,4.99866471394854,5.0233587249847,5.03264466784522,5.05042283319566,5.05423869634034,5.07549779260644,5.08063016429216,5.09968189455604,5.21311899726873,5.24404359047995,5.27223251532843,5.31932434687286,5.34863210914202,5.43622945822969,5.45035647052739,5.52236112575176,5.58859462729993,5.66427877629368,5.69738012849477,5.77188275564614,5.88691189506199,5.98808210104945,6.01099859179347,6.07846029156579,6.17915602532904,6.24202825313624,6.28829442324209,6.3744556236801,6.47349636005294,6.53793169242074,6.65465508572836,6.67243540733942,6.76387847834535,6.79495965428724,6.81631202603938,6.89913343968995,6.94488900448784,6.98675700180012,7.06854190427996
"21211",2.54799441858724,2.55043345850297,2.55367235765738,2.55867231188191,2.56461436344708,2.57013560056251,2.58436264290777,2.59491961253578,2.61260647526144,2.65162504275818,2.66997736529264,2.70161669479696,2.73444134239096,2.76925902312186,2.81726756303571,2.86202467849747,2.91581443142691,2.97179785860033,3.03614096134086,3.09866820409958,3.1726429456315,3.27764143640249,3.37250828532967,3.46319819517383,3.52812614335318,3.58360741980218,3.63544740910458,3.69993837647109,3.75532549787815,3.8089877690146,3.88747029021001,3.94447187685958,4.01698472228315,4.06868011705678,4.13871804834958,4.20679396745057,4.25653584949373,4.3201819523042,4.3891126587718,4.43922165818397
"21251",5.39022437250407,5.39914444949814,5.4110685629253,5.41710699974693,5.42369628356741,5.43145474992467,5.45406563046885,5.46488709404526,5.48476349162996,5.54370040135524,5.56075044216841,5.59940884494271,5.63676209957957,5.66815649251933,5.72271073944068,5.75935227815312,5.80901456017862,5.85782374912895,5.91674996361392,5.95160534810533,6.00169280298274,6.03702449617414,6.07153712547565,6.09090442189543,6.13303788486187,6.20220851360833,6.26853978387098,6.30199320405834,6.3645124601873,6.44444512339618,6.45445732650705,6.53165685274224,6.54463804519738,6.64577756147424,6.67477720309854,6.70628666540132,6.79174353555242,6.84022293437069,6.87715826825344,6.96305222298969
"21291",6.38641220194579,6.39117709430039,6.40057197970615,6.41139762601859,6.41921523753818,6.43376202192946,6.46805173938489,6.49229701828422,6.52463713255795,6.59544049762852,6.62560060779698,6.66729444637832,6.71521957712134,6.76136436728982,6.82541585944887,6.87827212890386,6.93377652743327,6.99026312470841,7.05796714070117,7.11070445508093,7.17453245543298,7.23454615899041,7.2913673848557,7.34204258386892,7.40315549029964,7.48086981690726,7.54959497421028,7.60024359526479,7.67651332983252,7.77092519900386,7.8124778166702,7.91220840598413,7.94956288168116,8.07257952500312,8.12281786879473,8.17653138572442,8.26963402045015,8.33422148197369,8.39599011248121,8.49210796619664
"21332",3.35133077283451,3.35144955132023,3.36093995424489,3.36198639008598,3.37005748335447,3.37605981929126,3.39925205863324,3.40171528494151,3.41395069507916,3.47829612747762,3.48649380848297,3.51635429005253,3.5407130178297,3.56461277766803,3.62050018643072,3.65005723947289,3.70291161208265,3.76154403550319,3.8333222307802,3.87067168226124,3.93234200318919,4.01831705737068,4.09713565230845,4.15280761642576,4.22828281316555,4.30846889647488,4.36881864414972,4.4192950887165,4.48086257206359,4.545884682852,4.59911495867332,4.67051866139847,4.72734604528409,4.80770709993521,4.86691673469695,4.9282350526185,5.01195664636844,5.09771337936763,5.18552673282109,5.2743139007131
"21411",4.78020522213349,4.78013485874278,4.79125476350764,4.79785520261699,4.80602600580992,4.81339023612926,4.8417754625023,4.84936412446966,4.86881701561037,4.94879204517108,4.966657801757,5.00363395708586,5.04327423100889,5.07851479328768,5.13764129796498,5.17607752534197,5.23161452546082,5.28383180040152,5.34611845731223,5.38098250510268,5.42906982625842,5.48849577005754,5.5428575475954,5.5666408504871,5.60546640587871,5.66489835309777,5.71878442655445,5.74637173168045,5.80236123232268,5.87964592764451,5.90305421618821,5.97625209634465,5.98954377263488,6.09359867375499,6.13045315866313,6.17097937412632,6.25709269945554,6.3101988116806,6.37608981570641,6.47585616152818
"21431",2.90018236835596,2.89991846483345,2.90078840142035,2.90605936917199,2.90974295473628,2.91712864738415,2.93210180834982,2.94532279498815,2.96112028154104,2.99636225442094,3.01262327241402,3.03535148936661,3.06187062641146,3.09089063527387,3.12141212608672,3.14890032971379,3.17354260309557,3.19767902489386,3.22337836472004,3.24624881861973,3.28085381198894,3.30145850475515,3.31196340293264,3.31904419912608,3.32118358286926,3.32252287725176,3.3327299997272,3.34311963886709,3.36311412266874,3.39519590962133,3.41071547848308,3.45282976710927,3.46016881141186,3.51318305118834,3.52976327513702,3.54876112611507,3.5947391209731,3.6229375047572,3.65298672362078,3.70223910604385
"21511",3.66112593293543,3.66751661983334,3.68478313782406,3.68566997437491,3.69489936016021,3.69827763230813,3.72308327676535,3.71957305357383,3.72793504582686,3.80875660970361,3.82020768164296,3.83959853288632,3.86134647862332,3.87425887895813,3.92605310534784,3.93227221429066,3.97731206004211,4.02334447599166,4.07886029531687,4.08754163945648,4.13539794012159,4.19280431911614,4.22403494289589,4.22096737333554,4.27011699687766,4.37449068799434,4.43903392517683,4.46734824014102,4.53101936490233,4.6244506043596,4.65124295117213,4.73848178771628,4.72005601322573,4.83253950939868,4.85057611737546,4.86426160703375,4.9545447877488,5.00914773209076,5.05581968652792,5.14688292775143
"21531",4.5865261332142,4.59386212093864,4.61373813752145,4.61405200584228,4.62308950814302,4.62559273852367,4.65465647863349,4.65143671897894,4.66006449752405,4.76242550509585,4.7739059419526,4.81116769966551,4.85415455278884,4.87380683645592,4.94217524484317,4.95058720376872,5.00344988904684,5.05389697006547,5.11766662644002,5.12586922619535,5.17208623501131,5.22558051958164,5.25602159180826,5.24877372236409,5.29729893445153,5.41070053288274,5.4870980999459,5.52443725233104,5.61137281013124,5.73375023693674,5.77017646286319,5.89058177252965,5.85752519074678,5.97598542713712,5.97238783428207,5.97653284928547,6.08550969706676,6.13883952389548,6.17474380194597,6.27732001363714
"21551",0.536312458247364,0.533210769569851,0.536126342054852,0.542931526655469,0.555480235328049,0.569009426075163,0.591702909324207,0.611028547146159,0.643323974486478,0.707717690744144,0.743378040287563,0.804873369765729,0.879024489170276,0.952256661624544,1.05981233700319,1.16172741729971,1.29134266702382,1.43649371765865,1.58755500445614,1.75750141811353,1.95832020361688,2.19181349985446,2.44984158378755,2.75905191026027,2.94106319766111,3.05218037208815,3.27831391093112,3.43105954708289,3.49508348125519,3.51857368585491,3.5996055744087,3.59341626808572,3.71957815840583,3.69763060679922,3.80512887112275,3.91885978965791,3.93164004642201,4.01726480806007,4.12204491254224,4.15395720159711
"21571",1.53648350054457,1.53971618323828,1.54968205960381,1.55390547950954,1.56453920043523,1.57085227825742,1.58466720872847,1.58771666043736,1.59892794171733,1.64917865924001,1.66127703723205,1.691094072965,1.7279716666901,1.75975680722814,1.82870645198357,1.86949922334155,1.95276612925376,2.04717270132158,2.14415842492607,2.21844345877374,2.32245648279315,2.44554740982157,2.56492341738627,2.69785663085238,2.8577034723664,3.05347759124248,3.23563218355728,3.42684590426944,3.60057619950194,3.75321626790233,3.92219750549608,4.0298329851809,4.19722443737766,4.24044593001814,4.34062599490847,4.41795079255346,4.40105901798266,4.40925199474697,4.39615980708394,4.31456503615365
"21594",5.46926824881589,5.49409511968352,5.52737825127395,5.53200866319642,5.54897516436314,5.54747317077331,5.59040224447664,5.58948140472531,5.60704246300003,5.73833986078206,5.73544851885759,5.76180244491031,5.78962389645461,5.79203109787657,5.85991431496137,5.85323650002392,5.91682197538736,5.976755017819,6.04787690789185,6.05537482818353,6.10501399253195,6.15736169229468,6.21549212079095,6.21037904955874,6.2836676290804,6.45304065265106,6.52942430840689,6.54860288643975,6.62587450046004,6.74479212648427,6.79548557002845,7.01911521995175,7.0846876378393,7.3921450631402,7.39650196301149,7.30166647363388,7.29865055617483,7.19204065210726,7.13797737062641,7.2202370421853
"21611",5.55365955135614,5.58272899794518,5.61692645843872,5.62060178420704,5.63617861042425,5.62954282295015,5.64635415149101,5.62922397596143,5.63735568645748,5.76365302428982,5.7705004666497,5.80794699104591,5.84595531052798,5.85160001038801,5.93080885697327,5.92115126689453,5.99749368425161,6.06808540041927,6.15186828126892,6.15968073036628,6.19014186991847,6.28794448752686,6.36764224157532,6.34460439063491,6.41714336036221,6.60753088170512,6.69977862473762,6.7275174512245,6.82074632872771,6.93862600701294,6.9713351404895,7.11033503777282,7.08663602067355,7.26026928070863,7.28655368799659,7.29527313809254,7.44644667344416,7.48842215406706,7.51391671486899,7.64239634001135
"23191",4.33274292012376,4.33650608325941,4.3410124247391,4.34872777083564,4.35482349883079,4.36171644063004,4.38623614428595,4.42258953390078,4.46798330978459,4.54090510374884,4.57483029535679,4.60256289390194,4.6228512828236,4.64520989240935,4.65479422703333,4.67048102752981,4.68154691251877,4.69851095394688,4.72306705397432,4.75089398111015,4.83902241468338,5.03903828158648,5.16788884476963,5.20605079632964,5.23079509152705,5.23992745843024,5.229468721774,5.22747711489748,5.23087944252291,5.2542125609908,5.28870606158282,5.34798455028602,5.35696722238205,5.38023255182502,5.37990426613022,5.38994858534506,5.42820181184541,5.45953358907112,5.48887870205558,5.54493339428938
"23211",0.411374320400078,0.411626414362105,0.412229470333122,0.412954438002481,0.413832944130592,0.41471085009323,0.418785020117708,0.426319038535736,0.442225581892647,0.478754607800939,0.501712926199994,0.544355255287734,0.589148268039885,0.640013277458484,0.709112744928213,0.784955793302872,0.871359296202579,0.968161276823526,1.07319083016683,1.19349322322881,1.33402977871222,1.48017779087415,1.62256193337008,1.8094407226385,1.92537502908289,2.02611971122815,2.19235946327561,2.38301419133579,2.51543451979268,2.62577858635618,2.86416926444787,2.95723530583261,3.17276943115261,3.23762525002079,3.47218947664805,3.69744768737257,3.78695150020512,3.92296912425252,4.10282308309223,4.22028892021543
"23331",5.37918453413442,5.3841817703208,5.40379904218689,5.39704451060443,5.40687950609412,5.41213435609681,5.44481332757895,5.4417337680333,5.45407879859434,5.54731195858303,5.55103404230662,5.58557498854359,5.60504256139946,5.61711576022012,5.6726879162019,5.6873231271038,5.73220006394242,5.78047677133594,5.84898736573985,5.85849536023006,5.91118816168213,5.95920257774105,6.00128678078536,6.00547695222724,6.06251830972416,6.16447358707442,6.23353862827202,6.24466506233167,6.30551711593442,6.40276677408308,6.41742448024646,6.55740544369246,6.61010990541055,6.87139183824242,6.9397967721612,6.95666272082034,6.97509180794999,6.91326225836759,6.90152500604218,6.95984595844496
"23411",7.64723137322266,7.65143768266781,7.67863056195312,7.6890643288722,7.70417865793795,7.71441175886738,7.79610629677758,7.8378836338018,7.90039228407234,8.08340437559526,8.10667603967295,8.117171097926,8.12839836077914,8.14738634061886,8.17903759072224,8.19845114759234,8.23245291327327,8.26957468459298,8.32431673457805,8.34250003424766,8.3846460024159,8.47750481499755,8.56636343954191,8.55670026481926,8.59365287273387,8.69398834291882,8.79170192185805,8.8160729710931,8.9092674713457,9.08885383180934,9.17202496449324,9.39591265533622,9.39027750333507,9.579217458336,9.5158205200328,9.44392620513805,9.44693740404324,9.45462350154761,9.49464863991086,9.61594758141069
"23431",4.72278801622893,4.72504811764713,4.73872510112769,4.74374207697424,4.75546259206223,4.76308312793917,4.79635739961747,4.80371447139907,4.82427953312994,4.91304778640473,4.92798876659466,4.97187574552234,5.01408403099678,5.04602366598771,5.10740468092588,5.14187141180917,5.19796677350168,5.25274393597466,5.30956837260915,5.33723956028596,5.39471213230587,5.47324808930677,5.54881516310887,5.57172299043481,5.61494422406547,5.66299490941074,5.68245509748171,5.68738433624193,5.71024018915835,5.7527934743805,5.7689614729813,5.82812978605193,5.83456543599312,5.91711834376808,5.94065308286947,5.96642504654762,6.04071825942216,6.07992632590929,6.12231717151362,6.20927483394836
"23511",0.554364332725965,0.55090166222496,0.553839247558914,0.560085577439866,0.571194355467839,0.583397330904619,0.604823784170498,0.617456834267035,0.639655113044025,0.695204742652571,0.720531295113214,0.753188792555507,0.79055255477085,0.829647670019018,0.883747578310921,0.932593550579307,0.990546127569428,1.04949082964847,1.11101397066445,1.18213725900271,1.25665121558616,1.34891507563525,1.44608114888101,1.56041495443964,1.62389667566809,1.65255169286271,1.72539488670344,1.81833571368689,1.89642539037437,1.97182943918052,2.08886486063719,2.16371146897268,2.31504608383954,2.37107870412769,2.51140000234657,2.65750190978261,2.73218115233907,2.85266029466566,2.99566307582394,3.09866718509577
"23531",3.35268388325203,3.35508284754639,3.36799031318815,3.36752454804864,3.37525079751079,3.38017364826468,3.40476752329648,3.4062124078744,3.41936495065211,3.50954979194921,3.53079126712461,3.56118060084442,3.59419480832304,3.61481742025597,3.67532279552059,3.69383706856193,3.7457048052428,3.79633807523986,3.85737749118391,3.88157703193213,3.95002781058295,4.01798164136164,4.05848260052802,4.07235513218351,4.1253310877528,4.21365329328825,4.26760091925796,4.30950228113111,4.37756995958563,4.46018616989053,4.50344514359382,4.59394058588188,4.60554317643031,4.70777305157495,4.73919939694825,4.77258961355763,4.85892822147629,4.92457447067795,4.9820976746406,5.06910136235596
"23551",6.91865553735482,6.94373475268764,6.97342822515439,6.95952584676749,6.95954515903561,6.94838275944015,6.93201720434778,6.89058909729958,6.86563178857152,6.9071693047564,6.90786480456896,6.91887411682846,6.93182536663619,6.93350529795796,6.98235956973454,6.98738207495537,7.04573545265809,7.10472665919299,7.19232394078638,7.20399373014443,7.24294246873748,7.33253251191516,7.4223054818887,7.39723453468171,7.46209024935878,7.65598837935684,7.80267349891369,7.84614727710398,7.94335395538951,8.08036543323875,8.09585835273644,8.26152127652047,8.2241635611882,8.42055836742552,8.42161233428503,8.3950198551256,8.51148811164471,8.52314468277943,8.53073742789238,8.66572277108168
"23572",0.991242180374438,0.986349127748035,0.991322064229839,1.00130448806383,1.01936300316379,1.04053126689508,1.0796890506272,1.11506760440472,1.17318607466453,1.29039784367281,1.36353976412584,1.45301318394336,1.5440349018411,1.61742796921688,1.72372724407533,1.83449965118339,1.95206698254998,2.06692175460528,2.18461597721718,2.3245211472354,2.48229924714368,2.59424715003232,2.72632635965456,2.91940464662039,3.02537031545035,3.09097440115003,3.25637797324106,3.43229057553792,3.56087795864316,3.68490285394428,3.87997570655148,3.99465284125887,4.23304108547455,4.30430694301703,4.49526817233037,4.6825075526157,4.75301108386503,4.88668730302247,5.02811716458073,5.0632354100877
"23591",3.03099154880531,3.02583263859655,3.05181126270497,3.08459729025371,3.14070927324291,3.19806257203493,3.26027347561997,3.27424776883083,3.31292627656298,3.43760949909408,3.4553142652694,3.52690512905253,3.62407108073789,3.70462451909176,3.85836478659983,3.95990610219051,4.14107029924817,4.33739242536937,4.54461259212095,4.72504767694025,4.95021425309679,5.37112173462977,5.7090405285635,6.01849662602367,6.27952260258585,6.45378637922747,6.65412597024917,6.85707089971576,7.00679350970651,7.14186727863733,7.33502076014134,7.44160049962538,7.66008476600768,7.7357194738471,7.90967405538618,8.13359315344188,8.32603419479213,8.66264984538228,9.02322800263879,9.30840801027079
"23614",7.68560508333426,7.72436308142307,7.76777046810134,7.75967963047974,7.76362694251354,7.74809120916552,7.75121928137788,7.72260140338542,7.72183378198013,7.86770603570751,7.88542025577931,7.93380848596338,7.9838522490288,7.99449799714974,8.08587607618253,8.080865347717,8.18616886344911,8.28739644481868,8.41009711069766,8.42295001385119,8.47003930029598,8.60333558936037,8.70253594036635,8.65394267285032,8.75406622458106,9.02006564429927,9.15382511269446,9.19235421397646,9.31497136799994,9.4889242538777,9.54928223714567,9.78412249892634,9.74450408575516,10.0072502268649,10.0213265308916,10.0008149982442,10.1682250764298,10.1874808348721,10.1859930073515,10.3470036057025
"23673",2.98471428779975,2.98233408135036,2.99837293061988,3.01750149167631,3.04848329368714,3.07034860898014,3.10204375074938,3.12058812610485,3.15805830617979,3.27737697683729,3.31934258962769,3.43258484498405,3.55496957679907,3.61108953412422,3.71767574476503,3.78154733645679,3.89017002559061,3.98991607331172,4.08679290183242,4.17607532362053,4.26697863442118,4.33462242871128,4.38836297954843,4.45309256119938,4.49178319083659,4.49239752799802,4.50879830083444,4.55322195184472,4.60265706541773,4.65967130489573,4.72408071082272,4.79041029817384,4.85883443562929,4.9355635824976,4.99893527190529,5.06156563581753,5.13666888318324,5.21317149261931,5.28985029644288,5.36524188040965
"25311",4.93586001365017,4.94059707459962,4.95283302303054,4.95871547114651,4.96933681656765,4.98166401790341,5.0138673094553,5.02878498368421,5.05896050012956,5.15504509931491,5.18700286845741,5.26493226936191,5.33110552010776,5.3906743363228,5.48475837999377,5.55390603891512,5.63770602098922,5.71558051075348,5.80227047225816,5.87115740521481,6.00488272660138,6.0647151331197,6.10972035916316,6.16309044061202,6.21627685871756,6.26945002626858,6.30929185389609,6.35308857222824,6.41384785991843,6.49025446430374,6.5542204307994,6.76697917849851,7.00767656356546,7.42632972110597,7.56888234997937,7.63529958777839,7.653808999386,7.64197048882343,7.63027239964932,7.57816943834972
"25351",3.19735597019087,3.19767136713645,3.21175426686542,3.21869513198179,3.23691099013438,3.25063259445588,3.2845660945861,3.28933111486609,3.31463672898465,3.40033459412417,3.41939782872706,3.46926258104818,3.50522507325224,3.54099556480473,3.60954634374724,3.65758740677559,3.72599957490521,3.79837471582384,3.88413869971712,3.94037644244297,4.01508261139545,4.14372649682066,4.25434050734898,4.3214317800261,4.39638340784882,4.47202103008312,4.53592121648739,4.59969123386113,4.67053050441855,4.74337238689106,4.80827881420657,4.88523415872764,4.95315588967256,5.03819308285234,5.10692456454749,5.17814564104225,5.26213845897072,5.35602907726975,5.45520500681387,5.55027399857586
"25371",5.37075688470476,5.36665675321328,5.38606878833353,5.39617621390838,5.42194095408022,5.44270282777266,5.50037266248057,5.50975055217921,5.5552480285596,5.7111451388971,5.75031068815837,5.84770982128457,5.91689978163106,5.97839434794136,6.0940977282395,6.17102430172646,6.27662821713759,6.37984209707047,6.49794213300453,6.57898957915905,6.68521476626883,6.77205830317806,6.85251584387898,6.9296307916647,7.0198463988045,7.12809971682579,7.21661623289517,7.28567046690749,7.3775006721834,7.48280632501938,7.5606196627795,7.69991078207377,7.80366495859493,8.00189964109555,8.10120258160318,8.18695181377725,8.27894325637537,8.33219495516058,8.3831667599658,8.44549674184135
"25431",5.72030550999959,5.72001554560941,5.74575201285452,5.75324568123135,5.77238939032613,5.78186425410508,5.83592331318351,5.8453070204255,5.88645051024168,6.06559366921246,6.0999457438753,6.20611183083544,6.29215465232513,6.35082212217416,6.48010648221202,6.54132354081919,6.65819357354181,6.77185655730528,6.88593475121757,6.95730100546009,7.0660314238265,7.94317032236695,8.60288399229593,8.67307281118787,8.93132362820107,9.10869128950078,9.20932202989745,9.29764784020448,9.27541213213721,9.15909233622531,9.05832555324268,8.92074036738654,8.84202148141137,8.75649909495566,8.71014892927818,8.6839684727018,8.69546520973416,8.71447619049123,8.74474733447224,8.81290851917256
"25471",5.51217967493416,5.50664020947542,5.53300297691266,5.54867962901292,5.58122862599501,5.60336769544877,5.66598763317111,5.66950188062826,5.70451628287904,5.88310774147947,5.91179246641522,5.97861092140953,6.03189291569219,6.07554780389404,6.18601773260907,6.2316093094441,6.32671162858034,6.41762772103777,6.51416854615907,6.57148162227996,6.68351640573476,6.79224213673593,6.87284898173383,6.91483696334566,7.00166408821146,7.1295246011621,7.23015388211635,7.30388183453914,7.40799025130827,7.53514551605527,7.61246428659071,7.75649234171166,7.81030189951353,7.96945482464938,8.03950664466013,8.11635688317416,8.2518665685264,8.34933512783983,8.45169705829277,8.58268082233345
"25491",3.1830800483283,3.1831500623206,3.19533849048165,3.19851914731661,3.21233137200133,3.22527571934478,3.28685533867956,3.31603898568464,3.35188130274933,3.45642319350651,3.47229230934364,3.47339678191537,3.48097812734782,3.49926018282296,3.53489713077348,3.55816715496924,3.59183607002696,3.62806138416927,3.67085767323924,3.69822356407011,3.73693297750288,3.78264508616625,3.82413281514483,3.84320776914601,3.88978804463469,3.96464665446638,4.01599755508524,4.04644016398869,4.09686806808378,4.16405484052059,4.19911333428403,4.2796012150244,4.29323094596164,4.38469768849949,4.41352736593283,4.44126749031372,4.51526229074879,4.56135167507305,4.60808940894589,4.68347842641487
"25511",4.82355473526586,4.8273367286641,4.84521086717122,4.84494163923437,4.85835141894458,4.87091714552513,4.90095122390392,4.90404283093412,4.92586962276473,5.02119246556535,5.04958991806418,5.12375886941048,5.19824257970949,5.25677925596779,5.35436745622111,5.38304410240524,5.45288561370916,5.52676969785804,5.59949786382586,5.64141362804696,5.68873021389983,5.72939036957333,5.76669943725225,5.7876735927109,5.83205393442491,5.90906808122738,5.96942075247282,6.00185963463793,6.05813553742831,6.13711959353137,6.17580598041859,6.277518646601,6.2872671761303,6.4037282817859,6.44101986952619,6.47114601452881,6.5644924370828,6.60998888252362,6.65413797914855,6.75176830220673
"25571",5.3321816320619,5.3440080772287,5.36702910442317,5.36445119636462,5.36810259402167,5.36645666148489,5.3847527982175,5.37903815098996,5.38389767035003,5.46191481918655,5.46969714265895,5.48837869608123,5.51158058247501,5.52403293026322,5.56870333301226,5.57682574147005,5.62876715368526,5.68061874226405,5.74846491051911,5.76269832062265,5.79805937322254,5.95559966971251,6.07498557434607,6.03881358247771,6.09934795855548,6.20993465994834,6.24239387570448,6.24968273967826,6.30373823884237,6.38775592410796,6.41397083974958,6.5291949776711,6.52661389946563,6.66729893946462,6.70281424301067,6.7568977582721,6.95392997163651,7.06870097589162,7.14077746467544,7.30430886940133
"25611",3.14316032065694,3.15471471894006,3.17479981871121,3.17749503382972,3.18595920682167,3.18687314882618,3.20157952367727,3.19736858309244,3.20308234416578,3.27225199970028,3.27907662643198,3.32456466944686,3.37102268343712,3.38435281100833,3.42545542883437,3.42169262981004,3.46433032273632,3.50394602687337,3.54573004279057,3.55113355039522,3.57783450710977,3.58842199199168,3.60219041006043,3.59223863171478,3.61788547143863,3.6916642016788,3.74971137531573,3.77338344896654,3.82138146983009,3.89122485903259,3.91920798526606,4.0111394587284,4.00783354785112,4.11245076761702,4.13351152162151,4.13823826276253,4.21402502586379,4.23094763272518,4.23930441847437,4.31355142875126
"25651",1.69553140668397,1.68995678285331,1.70314258955466,1.72424344339736,1.75920318961611,1.79290817599128,1.83598787150513,1.87151541997,1.93214947215407,2.08031887885522,2.14900399465735,2.23416659247751,2.33810594202768,2.39933422800229,2.51447689357177,2.61408857925849,2.74224425052928,2.86939329466373,2.99918678164543,3.13749449065272,3.35128985176634,3.57818679242479,3.78806996382321,4.02158356266303,4.16768478724398,4.20777218566292,4.25576434566436,4.33365079620225,4.38307580711869,4.4136976738485,4.50419766547564,4.53817269210493,4.65722793854821,4.68609767131664,4.77887867192005,4.89461124463724,4.93846718049238,5.04449436907035,5.16317919799864,5.22557764077295
"25671",6.91425326587555,6.93330834842343,6.96389661632272,6.97340117419753,6.99606972394108,6.99545374816833,7.01136135111481,6.9998314439253,7.00863165747916,7.13679151595973,7.15306519719329,7.19098688240511,7.23728076835977,7.25075331732662,7.32191768749842,7.32330001933307,7.4074624954869,7.48004920404998,7.5659398495926,7.58044917747021,7.62179655867407,7.70428499618401,7.78645266728879,7.76567379459364,7.83164182410037,8.00631826968682,8.12402091542814,8.16830205722824,8.25634857884865,8.38249919877907,8.41703245477201,8.5761333875292,8.56787328887371,8.74678012535383,8.79472828604961,8.79584082163027,8.95760252261421,9.01123982640037,9.04863278201379,9.19721644143769
"25691",8.14470807447689,8.1610395350854,8.18825184073371,8.19532979000942,8.2189472747743,8.22113497443886,8.50559119927205,8.75834129184485,8.98114485770637,9.34658944604442,9.38043882500503,9.24138667490777,9.2118428410795,9.22181862663458,9.18971538169471,9.14586977290162,9.08243574233243,9.03126460564446,8.99222702700125,8.96595305612918,8.95599885035287,8.97011070424359,9.01876056660941,9.01502587177599,9.09911681739444,9.35243824619799,9.54685486531102,9.56885539071023,9.5764293190568,9.57975236996619,9.55122327412777,9.67352681607918,9.67960935425067,9.83816942860949,9.92769172770162,9.94751116838258,10.0746833434885,10.1342222684366,10.2092957663771,10.3833176766955
"27231",0.539495882504348,0.536850011322586,0.535046989877858,0.536398725811939,0.540562709057887,0.547335393244093,0.564196042026556,0.585316811292351,0.622765469028417,0.696906672532863,0.74591658511366,0.822836385529587,0.902180720671405,0.994294375269786,1.10172106295107,1.23018521303987,1.35252877883447,1.48968409545419,1.62893526634793,1.8073298617483,2.00506009948279,2.19539606046121,2.38207612425252,2.641250904961,2.78038917333248,2.88435133724169,3.09202035084611,3.34057271128918,3.49002708288473,3.60155184082783,3.88233426712995,4.0043556220828,4.26033023655441,4.2990363323597,4.5600092702981,4.81039538992126,4.88924147221456,5.03974409570742,5.22165158289548,5.33397145441534
"27251",5.63352442582884,5.63058460662712,5.63792391157717,5.6493132841256,5.65284895592197,5.66115775638863,5.6761482457659,5.69599942130773,5.71943386666484,5.76620534212737,5.78890695496616,5.82600802379386,5.86073596040281,5.89373547243992,5.94552602370066,5.9906249007106,6.02511583465185,6.06340183442624,6.10848555515298,6.14435090441581,6.18234771562368,6.20964701805138,6.23368854280633,6.250246103887,6.27307566568577,6.31244908876512,6.35561643286188,6.37766299578704,6.42084420594456,6.49162199302134,6.50922857110624,6.57758159793674,6.59498949320627,6.70023848997913,6.73251587220943,6.77332432535693,6.87396199430587,6.93515916601628,6.98627421869678,7.0791782796974
"27274",7.86866130448393,7.86952566187392,7.87527792936391,7.89837714235025,7.90580455893471,7.92606058106955,7.96219065186153,8.03262720094435,8.11092520490958,8.22481952594574,8.29345263008608,8.36336604630683,8.41464390964576,8.46108914630063,8.48736190688092,8.51744519090575,8.5043348146113,8.50049897081775,8.50200885537832,8.51855285289576,8.53924639060473,8.54811104212147,8.55547536362279,8.55627199082786,8.56999680097229,8.6088813320079,8.6637635001803,8.68529995839846,8.73347095060094,8.81988089188353,8.82948764869031,8.90403467066228,8.91074246901983,9.0492258298552,9.09630505047746,9.15011813164002,9.27288558226051,9.33426416673163,9.39244518167531,9.52050691306404
"27291",9.8105912698102,9.83287701981063,9.85010374733062,9.87994735036659,9.88712512901057,9.90217503484255,9.92255120910712,9.91111880824414,9.89019131639948,9.86409604612551,9.84330294898265,9.83983011185653,9.84588725629742,9.84878671730013,9.87304089861573,9.87664836536171,9.90142996394952,9.9286801496085,9.9851125896265,9.99053534315288,10.0097996420437,10.0422546339646,10.0996850571725,10.0941841621244,10.1378567853106,10.2581880994791,10.412859696669,10.4573452618435,10.5594090413853,10.7207892365201,10.7216104828403,10.8344708076442,10.8223032192929,11.0335869220263,11.0906131945807,11.1533918242936,11.3091243747327,11.3682906738909,11.4248850765634,11.591721252096
"27311",3.32906941155864,3.33257803301374,3.33598215638922,3.34507951207275,3.35164874212824,3.36362281497115,3.39193756316002,3.41894434459243,3.4513448003895,3.50999700605595,3.54057142977884,3.57114177368235,3.59939135560624,3.63212077049897,3.66400076560947,3.6987425431483,3.72413435845377,3.75063613421945,3.78412037968323,3.81897853573985,3.85896646709166,3.89475158801146,3.930530450516,3.96641541299922,4.00772520033809,4.06300674417756,4.11862275462349,4.16498308584059,4.22533395198665,4.28790214847104,4.32334480577714,4.37339029718539,4.3981187167011,4.44322631126523,4.47157482889031,4.50339581768225,4.55189065237132,4.59268395989433,4.63596154303054,4.69064408932535
"27394",6.07551783842078,6.0793667224818,6.09473927560997,6.08970745424022,6.09578560158234,6.09756200478525,6.13136887864157,6.1279359050643,6.14142587205545,6.23671084842085,6.24787354985322,6.33724520017642,6.42568672045335,6.48345541281668,6.58536570648918,6.63141593572279,6.70960824489877,6.77969644934713,6.85630988009972,6.89279652918862,6.95005719499746,6.94375458349536,6.91880073424392,6.88864251520183,6.87231370439744,6.87733285696189,6.91012840646724,6.91914269315873,6.95213266898094,7.02329161427945,7.04591938665942,7.1307996475132,7.13820777706468,7.26585457418455,7.31401772340623,7.36049058680237,7.4651933499936,7.51073062799969,7.56227390033909,7.69422949818824
"27411",1.83024113410787,1.83414604696886,1.83997691573985,1.83769450838084,1.83748694699555,1.83493526871873,1.83786472066888,1.83310059824133,1.83085801376837,1.84023974736402,1.83696024109562,1.83815502981854,1.84748541376192,1.87002681725929,1.93595980612837,1.99454650098349,2.11066508753053,2.26740295152356,2.4525848423409,2.56202195700191,2.72863418391802,2.91167137006627,3.10102292131709,3.33364147727103,3.60417791877253,3.88831469669428,4.19767319865685,4.57012649989385,4.91191863654675,5.22320544260663,5.66981832349557,5.99572855592732,6.48574597509566,6.6783910877657,7.12379527852428,7.5351644633044,7.79689687933413,8.19771163924588,8.5914215136358,8.87271573706286
"27531",0.575031874818184,0.575160475888172,0.576245845521271,0.575674331335694,0.575715693813353,0.575537763419313,0.590802050011659,0.650086433474881,0.793211055372263,1.07945191654123,1.34837378072453,1.58162612059627,1.78108219065966,1.96658293382994,2.21572485651336,2.45459467995829,2.7527161859703,3.07811090320859,3.41769387743032,3.8390896294557,4.26968568103402,4.67311421783378,5.1361286511328,5.84002038905116,6.18609943109111,6.40519929646825,6.86275186980728,7.28123974489078,7.53370020601485,7.68489694055406,7.98112794379538,8.06283766601252,8.49408997690758,8.51804915038602,8.81836929687227,9.14212936055778,9.2274182293689,9.47029201645417,9.71580421947601,9.72452924593819
"27554",5.31465218296833,5.31492229378611,5.32970232008342,5.3335875155781,5.34147147787666,5.34877741847229,5.39009647133475,5.42069175217799,5.46164386323085,5.56173692289939,5.58970202762996,5.60904872397824,5.62688617362679,5.65317975368654,5.68371998739117,5.7058795815108,5.73288609142879,5.76257724351795,5.80154179528946,5.82610649145523,5.86149905211642,5.97460302994564,6.07854018045667,6.08063648105252,6.11126056232448,6.16130698106092,6.2052166297328,6.22886296229595,6.29427976029856,6.4198627393025,6.50653246148315,6.6694358827659,6.66542047382338,6.76852870133943,6.73938488804226,6.69529138605577,6.70453183259596,6.70898354669968,6.72846827816415,6.80399245944102
"27611",1.50227025370831,1.50026084045274,1.5089891744028,1.51704965340104,1.53242600155286,1.54753647924779,1.57234270971784,1.5834307482511,1.60562891351892,1.67573985250334,1.69968942732274,1.74545348145964,1.80797632750326,1.8623140032752,1.94575339999516,2.01809866528563,2.1246545984592,2.24192345446766,2.36860540314748,2.48910539181312,2.63805903997973,2.79560977125257,2.95207048838897,3.14393291486537,3.28712466157063,3.39599404325523,3.55008595431778,3.72361977976631,3.86283222873109,3.98772419263633,4.15784946969532,4.25928527899718,4.45441701255938,4.52202831612064,4.68120684746634,4.85669797073465,4.95850655684444,5.13790894128727,5.34277581874221,5.44906147325484
"27633",3.07305174293665,3.07986333227691,3.10040621596024,3.10879455333723,3.12843812825087,3.14146495599129,3.16407840755744,3.1618432034394,3.17553504593191,3.26847322982769,3.28734779573991,3.32342324567157,3.36692218726598,3.38790753017139,3.44009091422248,3.45974977795218,3.51864362545179,3.57368160637377,3.63024446065444,3.65628066882739,3.73500891550034,3.79662231955471,3.83937009575145,3.8553253346881,3.9094172315256,3.99126999069352,4.03621342542492,4.0633170433073,4.108220477769,4.16252094249409,4.19047866338256,4.25433801358766,4.26462828175384,4.34221619431595,4.37193674986061,4.39263511011211,4.46172215681705,4.49716132234645,4.52658207322478,4.60106930605691
"27674",1.94359636791232,1.9398751155889,1.9517993330235,1.96654142250044,1.99515779061323,2.02244839393513,2.0534427458458,2.06549391884419,2.09269004234014,2.19206744053741,2.22330569161984,2.26603861700396,2.31862038659218,2.34870202075768,2.41273087091341,2.45570911105761,2.52837912782637,2.59736157082563,2.66648325309866,2.72592260823807,2.79761748919283,2.86538827906496,2.9302467082278,3.00271700574284,3.07057231369712,3.12700477230663,3.18330527235149,3.24569134334327,3.30485958110194,3.3597044713058,3.42241077108532,3.47721777585742,3.54277643095608,3.60302346353238,3.66469869483963,3.72944490272611,3.7845512072153,3.84724598762371,3.90957749129075,3.95841777207005
"27693",4.69153604668309,4.70841620898426,4.72398775199986,4.72210336834002,4.73397573122565,4.73344158246471,4.78430986731059,4.8022253953269,4.82240570358038,4.9434464551058,4.93543499592274,4.90077755874785,4.87735127287395,4.85684625113369,4.87015498261445,4.86459630951306,4.89347513359281,4.92203335629463,4.96746664165862,4.97303057833472,4.99808227171628,5.04507640266074,5.11199887205504,5.09879372148547,5.13410504546213,5.24870337292695,5.35598094131024,5.39212358922044,5.45023924547703,5.53999520835582,5.56381811388053,5.68317178595472,5.67761264632475,5.78614239401101,5.81766280679685,5.81401847870984,5.9175225288866,5.94687346062842,5.96406029755523,6.06677683134492
"29231",6.34528104428391,6.3571857560521,6.37288564523749,6.39096831290125,6.40338057489588,6.41715534190643,6.43090811775637,6.4358415388232,6.44145298201665,6.45575391548274,6.46262063581928,6.48078898637448,6.50772966883753,6.53152646439024,6.56896038818355,6.59398673197471,6.63028730560399,6.66773740810319,6.71892565153926,6.74252760400807,6.7823156399976,6.80259751273813,6.81857239630376,6.81935171653394,6.8495930341709,6.92022399143596,7.00122137385102,7.03380866987365,7.10256228694699,7.21172553315835,7.23168044612518,7.33643543606538,7.33689326749506,7.47587820266143,7.4887746955508,7.50900458001831,7.61446754776681,7.67160571428824,7.72241175282778,7.82429082792129
"29251",4.74955970025876,4.74602590230657,4.74806554620503,4.76106104530125,4.76826405779132,4.78433983020421,4.83044993703054,4.89665341457934,4.97441475749733,5.08642890406289,5.15746537990374,5.21363673856509,5.26164475111325,5.31204030368583,5.33419419230561,5.36080913167045,5.35343483722441,5.35472787721458,5.35830042420849,5.38140044155558,5.40288729297608,5.41618950665371,5.43431193972894,5.46205576797842,5.4942257135505,5.55466085983213,5.6180571586116,5.65036621288843,5.68512804647266,5.73392624710853,5.76125975111842,5.82033128447665,5.85228208850006,5.93612111301203,5.97753283324519,6.01949975993545,6.08854648157711,6.13062671830095,6.17204362642507,6.24025357677593
"29274",2.29348312602729,2.2939573895155,2.29471442348367,2.30393738499862,2.30706598206399,2.31526307921969,2.32477467020292,2.33715922822737,2.34952992746285,2.36511998975547,2.38086629966048,2.4024600932096,2.42530199762246,2.45408015179409,2.4843815601898,2.52007776617546,2.54667903393103,2.57651241667199,2.61276851755958,2.65556412831849,2.70533173384568,2.75800289124939,2.80666034782176,2.86412637080077,2.90421587684356,2.94269884586987,2.98726433220786,3.04410408970804,3.0979635596326,3.14717753557732,3.20980439281417,3.26434529259305,3.3343861705347,3.38849933958991,3.45995219665424,3.53377805002041,3.59684694540929,3.68378481501509,3.77877438207654,3.86032734880862
"29312",2.27733927328003,2.27230603901022,2.2669886946743,2.27229129809041,2.28112339824926,2.30081914329904,2.3348703647907,2.36567543059731,2.40543882425907,2.46867756409678,2.51565190761858,2.5750132632443,2.63953090777962,2.71734869493306,2.79384917203694,2.88963717008378,2.96255610790645,3.03404929516944,3.10796665316231,3.21380730912309,3.32078166452173,3.40877773006428,3.48846272789279,3.62079251601973,3.68682253924182,3.73082457327716,3.79262514103004,3.89774085329189,3.96587734936638,4.01848482850007,4.12585075788673,4.18661688364759,4.30182193302585,4.33464752884496,4.434694390452,4.53108954752572,4.5883330848045,4.68106356093913,4.77620793780692,4.8297387564468
"29351",1.02802544039203,1.03004523976535,1.03104500871592,1.03405011866497,1.03567457761251,1.03916358011516,1.04228333641439,1.04801246770792,1.05174584117661,1.05508768833187,1.06000315488418,1.06531101124752,1.07532050069737,1.09048012931657,1.10961031459904,1.13371811468977,1.1618755039273,1.19420122500716,1.23421146249564,1.27692424905204,1.32736674638457,1.38693643864587,1.44517435236794,1.51957277598936,1.56724279732501,1.60697227255008,1.6601792120055,1.73173988644402,1.7817812573593,1.8263342520852,1.90259529173106,1.95285746003496,2.04316966957773,2.07849276766772,2.16705593274284,2.2533903165307,2.31793646039907,2.42337851770511,2.54106929280535,2.63094878584809
"29391",5.11760135458457,5.12372565181653,5.13263675523316,5.12946983375705,5.13229893022067,5.13353586550738,5.15370613845775,5.161708899065,5.17406681515537,5.23770780478648,5.25756551520712,5.28697865953617,5.31369401064484,5.34546194755201,5.39504015832568,5.43199682556472,5.48077406196283,5.52911419224831,5.5924770700381,5.6339164610701,5.69137916706954,5.76242094929277,5.83067764085995,5.87465428421746,5.93406090476903,6.00732609851351,6.06348689166454,6.10399217581902,6.16389881560008,6.24060292607445,6.28408037189283,6.36333652080104,6.39747657497857,6.50005062705827,6.54532216632758,6.59855395648699,6.68457400961875,6.74523887752414,6.81677235572012,6.90972205659201
"29471",5.9676586329759,5.96206317524435,5.96849113610372,5.96179393188313,5.96724107912489,5.96682933456338,6.09461371583283,6.19857381548039,6.31931447246712,6.57451657635768,6.600802340649,6.54359609041463,6.5307873929108,6.54251580667368,6.53845614639894,6.53173188019975,6.51525149952564,6.50409878018749,6.50069533059759,6.50018794032829,6.50885970176534,6.61323241333083,6.72915475920511,6.71939024212117,6.73191064385394,6.75047142640957,6.77683702079609,6.78474286591513,6.81705357253772,6.88362035416469,6.90923413424855,6.99854034912653,7.00276449133468,7.13497932062747,7.17788762900571,7.21367886655759,7.32116181746936,7.36525055604982,7.4198712223751,7.55593492484249
"29491",10.5399968167281,10.5502372609808,10.5716207250751,10.5638524271831,10.5651618729113,10.56033062169,10.5626695245293,10.5291411414482,10.5057140441567,10.5207679828138,10.507480000116,10.5094690866227,10.5124328831807,10.5127262689204,10.5465535105126,10.5452929993127,10.578373342273,10.6157499006068,10.6838361992449,10.6791051744958,10.7082949278372,10.7839944019915,10.8731145635148,10.8209168270042,10.8528613257229,11.0018531354006,11.1617476270043,11.197063800351,11.2830131755603,11.4426787206609,11.4917754557871,11.6776001666922,11.6555139156251,11.8758951453129,11.9324091141414,11.9538564693162,12.116410005677,12.1682363527877,12.2237887964893,12.4305964263132
"29551",0.621024473956548,0.620391888436236,0.621417220487165,0.621823065395191,0.623064749478709,0.624545846297083,0.629362787261133,0.635182956196597,0.646789950515046,0.675393993123077,0.694966314764163,0.727549657602652,0.77333057267699,0.822830715134466,0.889364213793906,0.956506756850169,1.04393681551688,1.14350095531619,1.25211023582035,1.37149848452534,1.5127487240995,1.65295399190034,1.80219208143267,2.01046606674807,2.12723249728516,2.2076838540026,2.36767530311346,2.53862498182722,2.66114032549675,2.76170126696424,2.92536027540938,3.00462852649086,3.21208298955497,3.2615674826593,3.42622636699375,3.60096792812882,3.68686587639364,3.83205883548726,3.98177795961721,4.02183940072233
"29591",2.00688907472227,2.00869521630069,2.01630215458595,2.01663204342885,2.02141035143032,2.02591548928806,2.04026840319185,2.04583856711934,2.05848411871469,2.11296230159652,2.13002605427257,2.15842382523482,2.19327485893851,2.22578174186993,2.27461069720112,2.31080298333864,2.36822851665746,2.42867148820398,2.49616593945667,2.54812119007157,2.61706501615422,2.68854143282395,2.76026321363031,2.83642057871065,2.91274613537209,2.98902481717261,3.06303867838854,3.15192408837357,3.2476305123154,3.3423817153791,3.43689936761458,3.50705006884089,3.59198323250876,3.64577597765582,3.71838806971875,3.79761004834138,3.86859610235737,3.97362158982502,4.09092971494998,4.1790135657879
"29691",5.48193560812743,5.50163112706971,5.5243267650509,5.5227567243258,5.54381136136699,5.5475567516802,5.61654167948674,5.63631022120105,5.66015758465952,5.81501533988094,5.80417676649,5.76932139075808,5.75558873565335,5.74597132961167,5.79157092638127,5.80552786534567,5.88218770358396,5.95589361724697,6.04545345585976,6.06325317724537,6.10948034542503,6.29080228692678,6.41069208652645,6.35290262313545,6.39299291268475,6.49613839787815,6.56092179004653,6.60758992908873,6.71483539823211,6.86879821195776,6.89808761869861,6.97619259303724,6.89446312447264,6.95559383167987,6.99119917359774,7.01230642148925,7.14516044406113,7.20282023530722,7.2435964398367,7.37754639970372
"29734",3.69323569550407,3.69194067579046,3.70454741505974,3.71533410592253,3.74412461853175,3.7667612888286,3.79408368974019,3.79885593874386,3.82496901650686,3.94330439073124,3.98029859512073,4.06366198881187,4.15468227223445,4.20727901873966,4.30040566010355,4.36153765313737,4.46542591420863,4.56107771637564,4.6503997227897,4.71869070358928,4.80439960974511,4.87064164440018,4.92719978468987,4.99347188529781,5.05399253555068,5.1017143107736,5.15132231048723,5.20737646491362,5.26627355007131,5.33039098158131,5.39529305232813,5.46483447096918,5.5265108613556,5.61094861731133,5.68302187667797,5.7489955231367,5.82547124099956,5.89415210763118,5.95994040698809,6.03763171637093
"31211",1.75578004190105,1.75293732988207,1.74838989027652,1.75348874416132,1.7609174074193,1.77211096014383,1.79281136633109,1.8160566705163,1.84333879485115,1.87334570837613,1.90384951530427,1.93073446226653,1.96561389489124,2.01340364355782,2.06382214923675,2.12792556344825,2.18918494623951,2.26654930815735,2.35736948010597,2.47352482549985,2.61197413820023,2.73988128406339,2.87571934593588,3.04327552542028,3.16568338766395,3.26959173995378,3.4353519295268,3.62895159414916,3.75440723229462,3.86385818576866,4.06084802596584,4.16798175215937,4.37501231235881,4.44242556506009,4.67057490383654,4.92540241184578,5.04316600383675,5.22227672372053,5.40213468169031,5.52240320155672
"31351",2.93755151844053,2.93807557348123,2.9351196454834,2.93757170295126,2.93755192761204,2.94275104293088,2.95001243369137,2.96124426862605,2.97239186365771,2.99031509290049,3.00802999755967,3.03798920831331,3.08244226275299,3.13216204874599,3.18490620175151,3.24118994540913,3.29155865372821,3.33175570848671,3.37060000742705,3.41739453174875,3.47032625696368,3.50073039893353,3.50813202866072,3.52399282290229,3.51684685448744,3.49814177076336,3.48891949527357,3.49909386215694,3.50989152179914,3.52575441580774,3.54360355069879,3.56765644701855,3.58720376617859,3.62496032587433,3.65029844746072,3.6796216345152,3.72177717536023,3.75534260015102,3.79261881554133,3.8400487753684
"31371",3.65686329737136,3.65758527162239,3.65213211715519,3.65222291455207,3.65183954779655,3.65832422932899,3.66739566930179,3.68155361624184,3.69376304816257,3.71334986088141,3.73003016459971,3.74933095716936,3.7723679277854,3.80123311019453,3.82650472110911,3.8582199355427,3.88408467488192,3.90583319634384,3.9334654289667,3.96462892545066,4.00447304012259,4.0372769845115,4.07043572725921,4.11226669183631,4.14117943007809,4.17333504453602,4.20598591657666,4.23993525738957,4.27831335978173,4.32152625198805,4.35560262995471,4.39885007201243,4.43568512755365,4.49230037385461,4.53122257586977,4.60168874748709,4.72568994670312,4.85772004343285,4.99424964532973,5.13755483389337
"31391",4.55058322073028,4.54896638188925,4.5504409857671,4.54643515282561,4.54774345538585,4.54981932853811,4.60462245109475,4.67339608730269,4.75155404156137,4.89717221091813,4.94251148690443,4.95935767605104,4.98429648778361,5.00933525016337,5.00689925160148,5.00664832549249,4.99294141692891,4.98475085736228,4.98582587007039,5.00070582071716,5.02784321575953,5.06832206748015,5.11366402147111,5.13093931759926,5.15226376417956,5.18373105770446,5.21416720239972,5.23428989142201,5.2691176604003,5.33087689217033,5.36248783960382,5.41987391155993,5.42564146305509,5.50061387735557,5.52627347045028,5.55722226407407,5.62098747476678,5.66844978190381,5.72466979557831,5.81159579979744
"31414",3.57771431625304,3.57649161791966,3.58359228977211,3.58154060542989,3.58578316012864,3.58723488033665,3.60563304453069,3.61269556352904,3.63503904215853,3.72170265764645,3.7605774791183,3.81588301576256,3.87049306108504,3.92728842478028,4.01717160644662,4.0840817874782,4.17659684962098,4.27251434425022,4.38129390263314,4.47539823255375,4.60425852744649,4.73329340648443,4.85015385233585,4.99221868829347,5.09673930138782,5.19706522658633,5.31734073605008,5.47035546657364,5.61049208657086,5.74193820929244,5.91898645011893,6.07055966442695,6.26629112369738,6.37616066875684,6.55259537487727,6.72651780728267,6.8642553048607,7.04610146041954,7.22915294043913,7.35410066496927
"31432",3.26275720924944,3.25916840020822,3.2665549421184,3.26895197121494,3.27935585259969,3.28656324154574,3.31089804977804,3.31825079724825,3.34056733445438,3.4144716430915,3.43845334098503,3.48982833843654,3.53877853807357,3.58509210963858,3.65212684482193,3.69745192608517,3.75883730357881,3.81925652394659,3.8815182198385,3.93026758827507,3.98783808526058,4.02936358377441,4.06673055070793,4.10982888495998,4.14640741403971,4.1883402673616,4.22941597199131,4.26677398569901,4.30658903233454,4.35298969926737,4.38817428167796,4.43676426980797,4.47360642468306,4.55213234112105,4.59675001449451,4.64124479117722,4.69665046595048,4.73434667219406,4.77302988516975,4.82307179260425
"31474",8.46350854271069,8.4681995780997,8.48575352178467,8.4776030846766,8.48437097202303,8.48276034924165,8.50601082803748,8.49514671341313,8.51021392323712,8.62947530987613,8.65252020867246,8.7118411049443,8.7639331290182,8.80606073711113,8.89293715891164,8.92147349747852,8.99302566762833,9.06549022242084,9.14543225591432,9.16498359807166,9.2081234018702,9.32108323839225,9.42965363637283,9.43710371662646,9.51708254078205,9.64178896089397,9.69662128758493,9.68132291641608,9.70620873864675,9.79028930851145,9.82679137620451,9.95512127652672,9.96301446516003,10.147370300608,10.2044741776223,10.2475472326467,10.3923685415858,10.4585137125805,10.5331273627736,10.7241634090829
"31491",0.830778601670346,0.827830831865834,0.825502783929969,0.825457228827042,0.829023689699247,0.83633504758769,0.849833335687438,0.863197760548183,0.883778657169356,0.919489887188799,0.94710129817304,0.986488729387708,1.03640843151762,1.09779897573538,1.17146129868245,1.25724130138531,1.3512006647786,1.45795889942753,1.57541634875401,1.72207298248768,1.87777273289312,2.01808346507514,2.17592362369362,2.39437219546715,2.51820638723888,2.60170549616155,2.78447981557761,2.99210530496456,3.16127014821468,3.29157776967016,3.49675959479228,3.60569982732444,3.85475763942982,3.91685024961887,4.13277291150227,4.37869214832729,4.50703336673016,4.715226627625,4.93626424470682,5.05771408670631
"31514",2.86888767778702,2.87136458692596,2.87793145075774,2.87942063939683,2.8834727723179,2.88679507062073,2.89556121307909,2.89781289482999,2.9058265012185,2.93701377636498,2.9487208018138,2.96638378036307,2.98500284045725,3.00550174143473,3.03347791161401,3.05208949945179,3.07786243747768,3.10383498756132,3.13430124036687,3.1498902141379,3.17132336576835,3.21295922302073,3.26012354106896,3.28696762618069,3.34386719074297,3.43365523141931,3.4925532508512,3.53034645801176,3.56969544721153,3.58772152113331,3.57766158694225,3.58012458948498,3.58233446011911,3.607094703397,3.62922437464405,3.64929088358766,3.68763781948433,3.72504887306357,3.77805618302124,3.85274072320089
"31531",1.59954619613251,1.60002976008348,1.60270041704504,1.60280392590334,1.60461461000435,1.60564157620437,1.61138907431692,1.61462659091128,1.62530154958697,1.66232281521109,1.68022225424908,1.71249116252305,1.75916897922385,1.81429859176935,1.89780362828755,1.96999041613234,2.07786733042882,2.19770186590892,2.33472266669845,2.46638335445552,2.63252385369522,2.80160530220439,2.98360634133986,3.21965951131584,3.39258384716368,3.53348570891821,3.73417129732376,3.93486773579406,4.09302466002179,4.22285807024612,4.41845123151944,4.53431473412573,4.82011797553334,4.94839356310146,5.21457647335528,5.50632052528251,5.66765320378315,5.86571404991011,6.02032266400619,6.01227670306656
"31591",4.37344059257661,4.37453111211358,4.38337978671549,4.38279382610217,4.38590705972998,4.39222107544206,4.40894214478862,4.41531655988103,4.43048606870154,4.49124418852057,4.50857221000007,4.54091180489599,4.57738941746936,4.6181322078526,4.66795985737764,4.7032223424392,4.75136776084396,4.79515703351034,4.84542454743163,4.87801740664354,4.9182386296268,4.96280282943536,5.00853659255565,5.03247635930967,5.07038015261073,5.12760976201752,5.17559118502924,5.20852127982563,5.25969085251342,5.32215171176845,5.35989566548729,5.44079319474283,5.46192348382112,5.55862736199003,5.60120403056006,5.64754053349465,5.75248452679661,5.82192813383812,5.8809439961779,5.98942169918524
"31611",2.61534145818239,2.61624512329615,2.62293259320464,2.62195913939201,2.62628376101434,2.6324469340099,2.6472396094736,2.65109862570856,2.66051134388031,2.7105412634635,2.72249209790982,2.74419391610786,2.76963356364133,2.79657251524278,2.83395024456011,2.85862094005077,2.89952768400781,2.93875188809452,2.98398489251841,3.01145563726917,3.05100206979798,3.09643506073248,3.14291780586524,3.17368610271281,3.22306588221035,3.28824087890331,3.3307713616821,3.36383652053125,3.40817660776327,3.45665395667738,3.49616340328648,3.55716039489521,3.60116431736954,3.68586507819736,3.73116839417656,3.76340497218446,3.81026715778337,3.8503938001698,3.89286157508437,3.94694363209025
"31651",4.87025332210955,4.88185982023277,4.89851044386038,4.89210496665869,4.9004438682565,4.90563106643821,4.9235323345905,4.92447729087362,4.93140239671809,5.02443947622441,5.03008687127131,5.05829569377142,5.09042090297603,5.10357022627005,5.14932784926533,5.15942824740477,5.21718834638907,5.27009524258829,5.33346652994954,5.34850961345936,5.38537096282855,5.45745818525557,5.52974114954017,5.515766124315,5.57442400728833,5.711587471643,5.80191043702928,5.82934038958108,5.90199401560982,6.00450865435642,6.0409220680028,6.16429956323854,6.16337878135533,6.31378888773687,6.34262688554462,6.3496609424518,6.47691895159975,6.51667370349641,6.54348909869286,6.68831814126645
"31673",6.82920532984321,6.84748738330751,6.8697674896966,6.8579928649178,6.87068631670689,6.87695636499236,6.89881121493446,6.89171459908552,6.89530124863058,7.01809556192923,7.02358020146996,7.10725055217948,7.19833237045858,7.23559155752952,7.31566163978645,7.32338148367393,7.41545760986645,7.49262060345513,7.58358169891777,7.60001467850955,7.62622279996715,7.6353162864313,7.66416138886311,7.6392441874465,7.67921761140721,7.81173252967219,7.94850582732032,8.0057909373802,8.10531462529563,8.24973202438582,8.30230287049995,8.48642463872691,8.48645272062829,8.67924781939192,8.7253114914738,8.73266920218392,8.91417155193831,8.97870456416056,9.02338748294205,9.23318040407983
"31711",4.15177343623257,4.15624329326216,4.17055718213809,4.16964802972628,4.19013479663603,4.20902836952432,4.22649660759322,4.21844824392786,4.22527559805862,4.32673386146208,4.32993063595631,4.3769309086652,4.42200660974084,4.44446924778529,4.49752958597853,4.51431725086504,4.58167401503978,4.64301442149011,4.69797568091229,4.71074422863266,4.73626627274864,4.81074098630189,4.88485192004102,4.89016150434477,4.95123543078212,5.05343923197085,5.11419388762206,5.14134520844625,5.19120366246127,5.26148438476031,5.28885049321846,5.37844960567436,5.39063436268979,5.48838017058187,5.52485115172216,5.5398269542318,5.64005773381297,5.68750161397447,5.72110620881621,5.83553759593869
"31731",1.10941207621387,1.10521971667603,1.10789428678591,1.11191931380454,1.12363282788717,1.13790090493106,1.16348185941261,1.19269257740972,1.24624421339411,1.38365975279915,1.46961396301572,1.58603468018316,1.70064413984908,1.75816643208429,1.86704673132266,1.97821568749064,2.10624712427071,2.23487552915263,2.37216062813574,2.52098303306367,2.70317871012154,2.83860225553007,2.98001117303198,3.16538288845096,3.26114651171435,3.28193010085573,3.35676300289975,3.46223398100703,3.53361443637146,3.57797322079649,3.68794769247347,3.72236543092986,3.859994070852,3.9040523894315,4.02778434821976,4.18170410850598,4.22317241777021,4.31554319146672,4.4110432699321,4.40912382279306
"33231",5.70586225763804,5.71267134927313,5.70870819444533,5.73226433227653,5.74655284777165,5.76507156613145,5.78883249276472,5.82883808192534,5.86758353963958,5.89144676739776,5.94800944494246,6.01202281141222,6.12665803078265,6.26555239423178,6.40377303921074,6.55309891276037,6.66079877590736,6.76632455450624,6.86353171744853,7.00852492232937,7.14487887743776,7.21342836553248,7.22353489982226,7.24428899992515,7.23066669353826,7.20473304620144,7.22794204361356,7.32548852549265,7.40878298708545,7.4687367933624,7.52873592216274,7.53788706558326,7.54954551204992,7.52361882589977,7.51448790251208,7.49566429104246,7.48917457637085,7.4927559846059,7.50194292296728,7.52532306265249
"33291",0.668841844251778,0.666790401067737,0.661707388712176,0.66118099457999,0.660827604803475,0.664849093932858,0.673716551455961,0.690504540662067,0.716823918906416,0.762441377053152,0.808045420564061,0.868937936092241,0.942116628058683,1.0297796111897,1.1259975333663,1.24606800735285,1.36357183558884,1.49000706884932,1.61896888472919,1.79314285781044,1.98456979121414,2.1666692912411,2.35624221473259,2.63876748444658,2.78812112848831,2.89288748042341,3.09874272087789,3.38016858656581,3.52680333088119,3.62313278147014,3.84991695428181,3.93073883495648,4.12013231885049,4.11366726805118,4.28959342875338,4.4636401878943,4.51603522325083,4.63409197267179,4.73577294992285,4.75398348073501
"33312",4.22192034630301,4.22486896392873,4.21361200265528,4.22940780564652,4.22868670590072,4.23790246380333,4.23996924147709,4.26188003837377,4.27504048064569,4.2626881601779,4.28792003578759,4.30903982158945,4.33233552392017,4.37652676763419,4.40258471522869,4.44948985658281,4.47383585108997,4.50022335777549,4.52687154206879,4.58354366200825,4.6464214393809,4.69318613445936,4.74658867371984,4.84029569033714,4.8821227194914,4.90070902259655,4.92769072255943,4.98606964070669,5.01863874013222,5.04497791625398,5.10869421398143,5.14355293061933,5.20576017972683,5.2296600554071,5.28648188606326,5.3432213410918,5.38007229255021,5.43642116375377,5.49504519188005,5.53580203950716
"33331",1.79004506075875,1.78642643530907,1.77205244551487,1.77036765657577,1.76723347863304,1.77542496314815,1.78974589788258,1.81780674339774,1.84416961713574,1.86900282050653,1.91097310297233,1.96139120855537,2.0201600305127,2.09815923367987,2.16969539167091,2.27281563974169,2.36111438793547,2.45759282919417,2.56113172094503,2.7146584112441,2.88251162602189,3.04939634904666,3.24062679443612,3.54405565400254,3.69371256182947,3.79054592584637,3.93603837544448,4.12360667445227,4.20421967878923,4.25061748275054,4.42802663045223,4.48932827160853,4.68295428643847,4.68633179363713,4.87581361516012,5.05645124919211,5.14376952905669,5.30890880758193,5.47245699170161,5.54946503144286
"33371",10.0339538896749,10.0373657059452,10.0299738868679,10.0312939675108,10.024114318274,10.0288346701406,10.0452553328872,10.0402409273212,10.0276295761898,9.99716141006477,9.97276903955616,9.95504107164083,9.93541739644216,9.91873846727337,9.90196856233185,9.88495141771204,9.86991659957015,9.85948313746947,9.87072371189488,9.86369768994086,9.88620804859658,9.95888734616334,10.0413606188155,9.99762134788144,10.0102259791148,10.0543005955369,10.1071791897183,10.1142261676787,10.1635059897649,10.2779652876774,10.3158721820821,10.4361852152561,10.4217280652744,10.5630990849348,10.5912162585791,10.6326223731547,10.7444341816785,10.7901309163554,10.8465471572228,11.0114231371466
"33391",6.65951511846275,6.64728393977445,6.63693038545083,6.62846948483472,6.62993447783668,6.64092556201748,6.67287746268584,6.6908743167242,6.72293694665568,6.81406076405053,6.85755411421478,6.94312851762916,7.03941890040158,7.13620559778498,7.25866128332102,7.36664597194399,7.48037119008545,7.57973298436784,7.67966804370392,7.77349651229815,7.89604534159218,7.95699236227905,8.00221693698118,8.09092377948212,8.11830230879975,8.12534178459309,8.14457026063787,8.18466177354088,8.21708509738554,8.25565080270935,8.30312566810826,8.35950199528743,8.40893436689293,8.49567386532316,8.55374486821704,8.60853968990074,8.68077849239557,8.7368530250235,8.80057231100368,8.88638571344911
"33431",0.458975908816664,0.458975843575374,0.459925729141164,0.459922093391518,0.460543391403304,0.460928355155014,0.466381556834584,0.479699184833143,0.515819036249071,0.601870205355535,0.677334278805653,0.74327759821143,0.807053119518652,0.871161372006562,0.952811693403848,1.0408851701739,1.13684188743943,1.2346274740666,1.33849025148586,1.4619625723214,1.59488293459798,1.70136534842464,1.82589537754872,2.01584053408657,2.10094319763695,2.16865671099698,2.31722081636272,2.5002871452583,2.62510394628926,2.72376710167394,2.93406098103573,3.07119919629897,3.31232766814208,3.36249945494204,3.60543507614131,3.82442265782756,3.96270774987748,4.158756180713,4.34969735777101,4.44840794552775
"33452",16.4127592148239,16.4037307207603,16.4307469032188,16.4345830184168,16.4692189484356,16.4933722765928,16.5678083338445,16.5812244402838,16.6405400201778,16.9116430661859,16.9736379853879,17.0983378238586,17.2145378212863,17.3237708348808,17.5122632667988,17.6161023677145,17.7837858225522,17.9585086428096,18.1507094924383,18.2454432296445,18.4186796839474,18.9814626993029,19.4849496473322,19.6531857595507,20.0035097666909,20.3248914904519,20.4145191233167,20.4408318952534,20.445749681335,20.4435633914074,20.4294906232539,20.4895326924078,20.4970406817624,20.6897920410685,20.7654089642844,20.8344600964781,21.0160365732477,21.1040941950375,21.2008415417667,21.4741093402863
"33551",5.5660304394907,5.56097289347649,5.56326172262229,5.56056384266785,5.56487171098519,5.57060356298967,5.58568905817697,5.58605109421259,5.60309134624808,5.66540612032996,5.67531233044829,5.7166998025106,5.77040390150323,5.82921112873984,5.8994172754954,5.94500617156811,6.00483671658761,6.05734385532211,6.11611965928362,6.1526855043606,6.22243156242202,6.33046291623003,6.416235579071,6.44236403103259,6.45938382458194,6.44891269126978,6.42469141855609,6.40810161358108,6.39961192220735,6.4227190241307,6.43912908480012,6.48323183574396,6.46858964816238,6.52381936923686,6.55743603614505,6.58540927920389,6.66769623739791,6.70639298110898,6.74502803785857,6.85457176452336
"33691",5.06849975233583,5.08034714730007,5.09864256196263,5.0925459124041,5.108859775191,5.11998586916268,5.16997256137799,5.18604607264608,5.20610071705157,5.32581637080669,5.33192051182315,5.33484825134931,5.34480863311679,5.351680804212,5.38185654195964,5.39122421175522,5.43486204880633,5.47682848798388,5.53116094255795,5.54092039881347,5.56591013052101,5.62857630993923,5.69814860644031,5.67559405029052,5.71060512685519,5.8108272265667,5.89998451418083,5.93437458175081,5.99887867936868,6.08865814382661,6.11273627850187,6.23901418467426,6.24862196204442,6.3878367565049,6.41740147142075,6.4079673949825,6.52793671350566,6.57476691057155,6.6081110506173,6.75706978544391
"33751",3.04103070884243,3.03982124611574,3.04874027333421,3.05013827265755,3.05976848572021,3.06835759716294,3.0819474286734,3.08371589384853,3.09712603634376,3.15504896766283,3.17496299752966,3.20626741650401,3.24269570110766,3.27466856890406,3.31758522980415,3.34744018329311,3.3966734804891,3.44550978895194,3.49319283846735,3.52200522581514,3.56272191388248,3.60522704310689,3.64965084521726,3.68260078459207,3.73075133912822,3.78976644038214,3.83996257019784,3.87716332551829,3.92226331157775,3.97710901945626,4.01898418764819,4.08315922388777,4.11757485074473,4.18841120527352,4.23411891782858,4.27115186514122,4.33953934347899,4.39346149322521,4.44761445966367,4.52723333977076
"33771",0.718753610802775,0.719372801363559,0.721490567416525,0.721333920176753,0.722446918476473,0.723158677166562,0.728500731306593,0.737355412544272,0.757472352294579,0.808671100072997,0.848567623923589,0.894085520469987,0.942006348068479,0.98210861073793,1.03844608693326,1.09654401270776,1.16200411582866,1.23043326988151,1.30375652310915,1.38701732530197,1.47981639632111,1.58552792774558,1.69323777971191,1.83330381522326,1.92689689522296,1.97303792349775,2.08394385057137,2.24724646402145,2.41521245382997,2.58935268870667,2.84723921462405,3.06780653920867,3.40380463728285,3.62892318333383,3.97221232867667,4.40124925148349,4.65423011977242,5.01926136014222,5.42593646786833,5.65234830307438
"35234",0.326024908560587,0.326407867262014,0.325143589348066,0.327547457458087,0.328596458826224,0.32977878906317,0.329450448441752,0.332892494462681,0.336772888111345,0.339377264665766,0.350242775975124,0.362904224900812,0.383143088191492,0.412134873655381,0.444613204289436,0.486885669464697,0.529570968467763,0.580195156896428,0.635556718184564,0.712895605083079,0.799622321936634,0.880513164260894,0.97482267121326,1.0838014311906,1.14443726170081,1.18970755806687,1.28038236895763,1.39702083996201,1.46201614681045,1.51547483882656,1.62907892948665,1.678067225182,1.80005408934131,1.82096987894689,1.95768069028962,2.11950552775617,2.19048397135094,2.31068197220818,2.42167321345179,2.49985890566018
"35331",8.68547971341075,8.69406114907784,8.68603082125635,8.71239721500555,8.71174499231953,8.72052029288999,8.75093938596457,8.75830613355387,8.73237993167717,8.65463694861265,8.60353928722047,8.55270013902547,8.5117928531858,8.48137763864744,8.4478049882581,8.42231094936465,8.40061038820584,8.38594336266831,8.38763256624865,8.37873127873122,8.38289064726691,8.39505485673058,8.42001984928822,8.40230246567005,8.41665578682519,8.47681730878571,8.54101235137104,8.54443837144255,8.58928940006959,8.67496999235503,8.67623190316396,8.7598071359961,8.74569688761266,8.8785296776259,8.88446910221376,8.8959317776891,8.9658018073954,8.97960370887647,9.00352647145576,9.10566035041336
"35351",1.37659896412006,1.37558901549107,1.37207793813971,1.37205445348553,1.37096543535424,1.37163966057921,1.37568551358421,1.39361226388107,1.41584844540464,1.4496582008192,1.47078415080318,1.49180816326333,1.50917720338649,1.52610544213249,1.53186152634369,1.54444043156322,1.55375547240692,1.56742312108479,1.58849840445305,1.6232717235804,1.66891845856942,1.71411431522557,1.76880578264599,1.84837853767717,1.90633149644753,1.9647686584622,2.0438566457582,2.14187871378639,2.2126610724016,2.26753936454491,2.35957072666518,2.40800294355336,2.49853241059434,2.51897510923951,2.60341171656414,2.68286647480167,2.73067673082487,2.80931240639876,2.88905988336696,2.92656560124639
"35372",7.61427360362065,7.61640572500264,7.6038403209644,7.61498104674921,7.60884264339911,7.61440549115192,7.63333979385436,7.64055190888598,7.6358187535498,7.60305317002035,7.58964218051144,7.57974656549647,7.57294163617696,7.57533167865485,7.56912490054862,7.57132404300032,7.56149370811258,7.5513427496424,7.54821089683341,7.54761317042158,7.55660460796892,7.56528492318714,7.57485770549302,7.57123940209351,7.58178986062338,7.61795351702377,7.64669954077823,7.64521481586524,7.66915281723621,7.72036765404349,7.72931550509725,7.78859571687229,7.80090746404856,7.95002169169774,7.99882776391776,8.04421150394305,8.13255794129003,8.14581715196513,8.16004421334505,8.24720657329451
"35393",3.69201934922532,3.69036154202167,3.68493242303417,3.6844096926842,3.68206581881966,3.68682719918201,3.69759745415056,3.70699795783306,3.71443646828236,3.73867181327401,3.75599526248597,3.78649172005737,3.8244149936891,3.86698780283045,3.91608204504451,3.9688516629053,4.0148737729013,4.05273045883841,4.09085437496823,4.13295324279652,4.17816663030803,4.19652362398401,4.20907152999209,4.24012964530486,4.24967625888903,4.25330460699067,4.26245146015242,4.28359048617359,4.31664981737992,4.37919878890572,4.45126942404207,4.55042468983148,4.62191958542932,4.70996507794493,4.73626003794898,4.7507867442133,4.7451979018589,4.73730385968165,4.72421417886708,4.7075354092855
"35411",1.40338703611943,1.3992613577854,1.39474390400573,1.39340056315627,1.39582286714591,1.40232916437406,1.4165715870083,1.42864154813528,1.44707189144262,1.48892661614628,1.51797223684035,1.55499923418185,1.59739702969124,1.64709722148889,1.70657749877061,1.77345002740798,1.84326418390638,1.91524841824487,1.99278360853293,2.08365383401311,2.19358881383679,2.28609836023255,2.3892544625073,2.55149382817461,2.64078656695001,2.71344443890556,2.84285213334415,2.99487483716396,3.08391266496951,3.13798149814002,3.25749636397682,3.31383381597502,3.4423698286883,3.45400239960825,3.57803555523955,3.68746244093163,3.7511366555928,3.86136807201716,3.96892243628517,4.00547496303369
"35491",1.36762202308669,1.36762935912075,1.37015036351187,1.37042983384931,1.37186607032934,1.37273363083871,1.37637917247215,1.37637459690465,1.37884999410759,1.39361172500093,1.39612535510951,1.40647984418886,1.4261409389171,1.45720463430323,1.51461554976236,1.56302459642964,1.65165540461463,1.76090498023904,1.88231629382849,1.97965724569588,2.1239558706822,2.29617244105681,2.45074841113111,2.64493675881859,2.80770756022316,2.95117990647392,3.14793803830353,3.36731545376684,3.55740972868455,3.72824828943096,3.97073949066453,4.12927185180434,4.40323550162921,4.48858666860085,4.72898482908546,4.97395316994611,5.11199628696867,5.31326390734493,5.50983044426945,5.57838738415274
"35511",5.16897856065716,5.16630068270974,5.17649756251957,5.18058413252898,5.1897395787074,5.1960076002994,5.21710473604206,5.21952563268261,5.23735531678177,5.31309835184656,5.3318014621501,5.37425112159427,5.42042681221019,5.46742026620074,5.5325253432977,5.57151224844832,5.62871942224778,5.68632836556414,5.74914473798024,5.78224843218691,5.82354837411406,5.86692140862478,5.91141136237808,5.97113675824829,6.13909336613312,6.45489933290503,6.6207932013171,6.67251882215413,6.712063943461,6.70648970824987,6.70253193273311,6.69461361239485,6.69104553342731,6.70124589535724,6.70911566913596,6.71821791365391,6.74022138264971,6.75095716033591,6.76836043598072,6.82627581637633
"35531",6.87517319648737,6.87272058992593,6.87958430648973,6.88687095206167,6.9008064840826,6.91584643328411,6.94520475266542,6.96125592460726,6.99277668536264,7.05940511057702,7.08911827811356,7.14031063985408,7.19663952333873,7.26672089433101,7.34425523529306,7.41559155216378,7.48239677134893,7.54696833516442,7.61688286552167,7.67519469807931,7.73613144141168,7.78726075781134,7.84121508740498,7.89307447330745,7.95507721419337,8.03360539501217,8.08605370708169,8.10997399414868,8.15094968781899,8.206259138719,8.24848247445653,8.3767073557429,8.45363515513605,8.6741174339207,8.75180585305771,8.77284770809763,8.81975549535087,8.80899312443342,8.80215445317954,8.84703386773329
"35591",6.2364964100334,6.23796154787655,6.25538879085124,6.26008639659821,6.2682932198838,6.27505256930609,6.29690114806957,6.29470174268704,6.30918361591259,6.39439514123425,6.40682548722466,6.44209383257544,6.47598271801493,6.51453127220901,6.57439540122723,6.60512760255052,6.67348593777859,6.73534128142769,6.81758558244557,6.84855983660455,6.90761390718033,6.99303841510801,7.09519919787614,7.14748267033036,7.3237329160206,7.61348215778067,7.73388696781679,7.72132606961537,7.72989905593521,7.72984628398262,7.71069423821538,7.75049432265643,7.75215098054663,7.85379772828095,7.91099848428814,7.93104131576088,7.99314798492726,8.00836022333602,8.04058114971937,8.15868958360365
"35691",6.98251462359926,6.98804159046404,7.00931542663099,7.00765165057878,7.03056790091393,7.05054891615519,7.08418020867421,7.08122977271877,7.08484219754761,7.19204520208464,7.20505354136327,7.31894826391666,7.44152665491334,7.50393160359951,7.5764970258467,7.59291332144421,7.66677367109668,7.7276512535862,7.79302098477897,7.80854143965374,7.83603643883886,7.83527150494263,7.85074451610273,7.8291647478017,7.84868627257764,7.93597906280122,8.04662839813405,8.09231832228276,8.17387137823617,8.29018050629909,8.33607799339859,8.50930293290207,8.52430668560823,8.70012490442978,8.76169812457843,8.78140970179534,8.9653798677887,9.03797555180122,9.09564186824495,9.31166996486651
"35732",5.78734966009142,5.7979515873053,5.81410249087551,5.80091059195906,5.80550878198574,5.8079442088911,5.79934318600427,5.76897152229936,5.7511024642643,5.7858039306592,5.78552348961472,5.79896212901567,5.81707431505311,5.83309133932486,5.86735445502586,5.87555143917776,5.92915819352258,5.98535183995783,6.06062257482332,6.06408454852132,6.10434531222098,6.19672405831709,6.28958840074787,6.23564022679738,6.26881135340536,6.39651536260419,6.48559471306435,6.50873225728582,6.57873525690123,6.6852116990742,6.70339790882779,6.84669261385401,6.83393304584312,6.97919056062321,7.0051730814062,6.9871063567164,7.12327678169793,7.16738164717646,7.20053187566816,7.37506184121084
"35751",0.0809926428255225,0.0810495470508887,0.0812879849573208,0.0812796593776401,0.0814169684930792,0.0815483351019799,0.0817901126177382,0.0817832736816221,0.0819829688401877,0.0828095069008695,0.0830238021337076,0.102830726799398,0.173887258185603,0.264217258679476,0.388585540625083,0.490096873495334,0.665159500606908,0.843262428853738,0.981059328860945,1.14162944432202,1.3513978092771,1.57562992883653,1.81684542763478,2.1445759695295,2.39177780076338,2.56601568029093,2.87343910584089,3.19023096163835,3.43847645941375,3.62147408139934,3.93684752545493,4.14256814663586,4.50646282374994,4.64913947044133,4.97228082502714,5.379785314995,5.53492990555546,5.82127065485612,6.12869241485987,6.21992262281362
"35774",4.04455520297942,4.04021232715908,4.04710281284291,4.04969183459292,4.06241410361621,4.07975729382556,4.10827702075666,4.1267542409896,4.16674256204241,4.25885437865782,4.31482385303015,4.40589646573496,4.51203783141319,4.61272018372307,4.72390378657455,4.83166611178378,4.94467016746148,5.06094717847037,5.17733240313298,5.29323966728274,5.49724097607225,5.62677348587161,5.75006598757568,5.89914986963059,5.98512896997111,5.98650029058666,5.99049525413521,6.02483238252056,6.05017475329437,6.07684199109557,6.18501086728943,6.38787495210783,6.67417125470864,6.9933447006172,7.18154368297051,7.33423628981793,7.40346859857826,7.44634204257469,7.43235840949616,7.31594459401646
"35792",0.0504362941694335,0.0504473341045524,0.0505545864675468,0.0505668531539201,0.0506480651480133,0.050733739779902,0.0510802181928386,0.0517150028913423,0.0532378771603192,0.0568999707352077,0.0601313052224345,0.0717004865739097,0.0945084674355116,0.121302955455282,0.160694882264964,0.191712284934344,0.246659416807862,0.304182556331099,0.352625253331546,0.407182815852597,0.483002362540112,0.572070996520908,0.670547426288999,0.80342625552141,0.914697166680838,1.0035268037421,1.13970614488958,1.29661389471968,1.43360712056809,1.55899611832647,1.75790128026984,1.92266792223218,2.19552082043675,2.35494576820734,2.62292468565209,2.9629349029136,3.14326474634261,3.4135323841238,3.70168686457367,3.84696431870722
"37254",1.01769127495412,1.01501098919242,1.00529846838991,1.00469492755415,1.00086425510925,1.00204128543754,1.00446254070871,1.02068981725078,1.03605541476739,1.03658350502962,1.06012594081953,1.08232185550961,1.11054080185339,1.15193533783095,1.1838148231744,1.22586755903607,1.25059197385985,1.2760691664638,1.29456465369582,1.34454896047055,1.38981107181164,1.4227677987335,1.45969909491721,1.51802724143487,1.54070105059758,1.55272538598307,1.58649078059231,1.65822556108344,1.70069407455524,1.73483409997466,1.82111872149822,1.85852024203753,1.95052532227482,1.9646659100811,2.05926470611847,2.17656139255934,2.22817015164938,2.31513713420763,2.39394963126191,2.43708272105794
"37274",11.2085787374719,11.2034166726594,11.1796014375196,11.2514133509964,11.2717856453014,11.3070926448559,11.376993661601,11.4277395454901,11.4061577684019,11.2700513781147,11.1839489975144,11.0804447128144,11.0019209552406,10.9524963470749,10.8791736231266,10.821577919995,10.7420839338177,10.6821099638722,10.6205945082093,10.5862138291148,10.5463776918769,10.5156521333892,10.4856580027589,10.4560640871601,10.4437474552695,10.4583636891817,10.4987065809361,10.5006872627039,10.5287323131753,10.5987653283107,10.6046848625729,10.6942494434204,10.714607058406,10.9042944282914,10.9214997678951,10.885733801138,10.9148421196469,10.8775743179258,10.8655199033861,10.9428557514274
"37333",5.15015569434487,5.13839706143534,5.11864981060416,5.12231320503487,5.11781364258419,5.11330073941722,5.1167413567443,5.13850598331911,5.14576303513899,5.15367290659202,5.18028273219679,5.21082563386157,5.23991957151546,5.29901181508811,5.34053429610714,5.39692013049606,5.43353259873768,5.46919363465462,5.49557839519066,5.54498700816763,5.61270129050814,5.65410637481047,5.69290289685093,5.76661365927443,5.80161054057783,5.82472732069852,5.85366536644192,5.90756335466638,5.9401000498141,5.96539910674757,6.02266554438745,6.05267230223365,6.11213827806316,6.14164930806238,6.19756141004721,6.25211257440126,6.29317141578517,6.34573708668107,6.39807666823491,6.43022223398449
"37371",4.95271676543412,4.94822734096142,4.92388527848419,4.92639080182308,4.92648451049617,4.93270444756148,4.94976099672121,4.99869246287285,5.04561547887329,5.08741536056363,5.15051711141604,5.22193851572733,5.28138260588149,5.35035135059632,5.38552210330883,5.44144328469961,5.46368808692675,5.47737774602303,5.48599437265386,5.53928947157174,5.58938870823227,5.62243779726702,5.66397731748901,5.75930287962358,5.80288123208991,5.83089874237935,5.87861146047783,5.95472199983891,6.00267898728164,6.04372356947338,6.12541702508003,6.17479711473847,6.26680532472855,6.32158069745615,6.41584870653638,6.51004852225326,6.57815151398579,6.66011695788572,6.73638625473884,6.7706077835971
"37391",2.94793890691357,2.94983665578655,2.94515757678708,2.95213646201324,2.95284507035734,2.95649551249482,2.96266999971008,2.97727370551147,2.98995263602437,3.0044441678313,3.03291220353574,3.06983770833365,3.1110822428465,3.16367811049294,3.21112069709131,3.27567513693462,3.32419515375273,3.37042289272662,3.41587276445652,3.48373880284913,3.55729446382314,3.61071716040718,3.6708429158815,3.7798666060619,3.83514590576587,3.87249115868466,3.94115295685487,4.03543717560002,4.09364003241194,4.13597664836314,4.22925314380373,4.28059043575928,4.38247654831094,4.41211428527512,4.51101266948358,4.6055195820455,4.66942537448702,4.76837654606748,4.86857752066576,4.91663921827396
"37414",3.86634801703085,3.86611940297664,3.86202350503925,3.86682015110626,3.86779579744267,3.87291755270317,3.88403497614626,3.91058675104431,3.93982075782415,3.98267326115026,4.02134641398364,4.06518541996858,4.10915197088194,4.16394609884613,4.210065590584,4.26804526184995,4.30477790669966,4.33659768930135,4.36111288387195,4.39995779084906,4.4363308588667,4.43948738865078,4.43176346656353,4.44787273230798,4.44942187386778,4.45264326227125,4.4686863928883,4.48365369105551,4.490271230807,4.497777451389,4.51152906037826,4.53209343614323,4.55040461785553,4.58727555927222,4.61759898196373,4.6481962061536,4.6783224234807,4.69630608329315,4.7184459916289,4.75477807788703
"37451",4.66555226650403,4.66377561320825,4.65961006813753,4.6627686503237,4.66774705944481,4.67765424013952,4.68289995921088,4.69684073365973,4.70895283328262,4.74100229998527,4.76451356627229,4.79874381509164,4.83932995124261,4.8936219309222,4.94612216498686,5.00570438411303,5.05270488879333,5.09722917816449,5.14150180535853,5.19271469302164,5.24857398111376,5.2845576463717,5.31314094334899,5.3560459415954,5.3675601660042,5.36308498045685,5.36594842436699,5.3824641809288,5.40213876494873,5.42726827113747,5.4493320263912,5.48531531046393,5.50555044669037,5.56456092887658,5.59009862633161,5.61729577509532,5.66352479766184,5.69519995473302,5.73121375552585,5.79454197345423
"37472",2.57453517766175,2.57009215808854,2.56762772253301,2.56782386606219,2.57088529363045,2.57748791054708,2.5883161994163,2.60176104959547,2.62282560427918,2.68175866322161,2.71555773865874,2.76402834813192,2.81438889083826,2.87109032015088,2.93510182200293,3.0024386379761,3.06568462149505,3.12719373192745,3.19103963676947,3.26589090347514,3.33854542320037,3.39298370721005,3.44784694763757,3.53944397327697,3.58486623291148,3.60947650965826,3.65440828376695,3.71412562785567,3.75768740561318,3.79231988251931,3.85012680690847,3.8831056896597,3.95402928362858,3.9963345264303,4.06827436756295,4.1393942395707,4.18816532864031,4.2458781318024,4.2975491272492,4.31396700643312
"37491",3.6316271256688,3.62815946978767,3.63195760519429,3.63201523767624,3.63391273586857,3.63572144437833,3.65007090485332,3.66176467533267,3.68276197106196,3.74806309160506,3.76306711472453,3.78543178795023,3.80461223106285,3.82822740290408,3.85894830681704,3.88206467263316,3.90475433051446,3.92663455202937,3.94954283451421,3.9626222397211,3.9873291047229,4.02704779408978,4.06495147931426,4.07115267687928,4.08195045391272,4.08712549082383,4.09011978270739,4.09038846310581,4.10398074473812,4.13418801974336,4.149595752628,4.19833309200029,4.20178353986672,4.2694631931306,4.28989462407634,4.30464971458925,4.35908472378069,4.38374020932228,4.41548297829632,4.49522033499284
"37531",5.41384820671828,5.40813981035156,5.41418258702735,5.42322858177372,5.43624155580266,5.45247860255631,5.48367205355674,5.50015724998041,5.53387796018423,5.61491910676097,5.64744094972585,5.69518701977419,5.74388540241946,5.80311641389515,5.87161129093962,5.93304310755807,5.99812231380164,6.06290753886984,6.1319443168686,6.18846982530432,6.258956966867,6.32653056766972,6.39539124195942,6.45663983428023,6.52919010569439,6.62282380146497,6.7038713098502,6.77283769177442,6.85622741012586,6.93602713604699,6.98836607967971,7.06614413542413,7.11479274802459,7.21963389778706,7.28119694216096,7.33952264704273,7.44509138273802,7.53642254231352,7.63068263339031,7.75294498767687
"37551",0.611122522026277,0.611103978611262,0.612332097009454,0.613086192891849,0.613912016213331,0.614676476114098,0.617699577537738,0.621495302474397,0.63103145174512,0.657391462249183,0.675854010146694,0.700663538316357,0.728626827905795,0.758333154808748,0.79623648449764,0.83349355305978,0.878177235335383,0.926089645608645,0.977613405504887,1.03572527631037,1.10476359044388,1.17249704235045,1.25495174586413,1.37283094093612,1.46544982777771,1.55039730850444,1.67194122267495,1.81384693836033,1.94315207918486,2.06886464438445,2.24297897568056,2.37145283500642,2.58503392856635,2.67973543017399,2.8852530376543,3.11753228832045,3.26150774922374,3.44700050598433,3.62260046498978,3.69284888170096
"37671",4.124166896871,4.1275483066405,4.13682611154044,4.13285658689885,4.13689156043048,4.14336253663009,4.1592734854033,4.15381514021638,4.1610773729737,4.23216357518966,4.24355219905249,4.27288756599695,4.29922323931504,4.31758164278353,4.35014512544678,4.36134845267391,4.40253472937946,4.44173869725389,4.49202709393068,4.50413279440552,4.54009794915289,4.58843230110693,4.64109603208366,4.63419181874317,4.67967681239493,4.7816924625589,4.85929234005553,4.88345522432349,4.94282439098167,5.02018417584371,5.05224770715677,5.15598838863538,5.15633980189495,5.27076785195962,5.30337091484257,5.31271221033222,5.42177579522565,5.46920082740604,5.50484069122786,5.63738022034057
"37691",6.13325325694663,6.13094439452343,6.13766776245094,6.12447189527386,6.12800841429463,6.14077574571784,6.17917743846755,6.17297382542266,6.170818256299,6.26063042135483,6.26508136635838,6.32797140609782,6.39224960599355,6.43022576705444,6.48579794285116,6.5000977365796,6.5603922846795,6.61598225935131,6.67577420789197,6.68907448529294,6.73656369900346,6.75411339806589,6.77232535868711,6.75192274062082,6.76874146399493,6.83752643621266,6.91977021939898,6.94870116384989,7.01229955155452,7.10391526571962,7.13882430701226,7.27446563648784,7.28096301827962,7.4237818340405,7.47041718776098,7.48575722726713,7.63468238404844,7.69421788753539,7.74567842741954,7.92535736458305
"37711",8.52848113230781,8.5272016036263,8.53788913573757,8.51606816615207,8.51995994851056,8.53909822626541,8.58521518846603,8.5711938238402,8.56815939100921,8.69305641483895,8.69238786447326,8.83089855843656,8.97699961310099,9.05036040900177,9.13485556526202,9.13979986003848,9.21460847378486,9.279002520643,9.3424135461618,9.350057801952,9.37907311647303,9.35924139990599,9.35827366422251,9.32641232337869,9.33659279759137,9.43202261958534,9.58169326983628,9.64403109105375,9.75441645693308,9.91878093208942,10.0083692933943,10.246638940905,10.269980696419,10.4915262361916,10.5643746765201,10.5884792828546,10.8094636740285,10.8779687977389,10.9350843267798,11.1883983716638
"37772",2.56250770799067,2.56268206145986,2.56767033472557,2.56821269032714,2.57316334998545,2.57948959502102,2.59207197698485,2.59813252963094,2.61430710753526,2.65961246590954,2.6827790488702,2.72131730019639,2.76786635049109,2.81105680681131,2.85884809818691,2.8991350710533,2.94586385629975,2.99244617334122,3.04013095242646,3.07829735549719,3.11961988528852,3.1512027997393,3.17670903435453,3.20627402182481,3.2315206961256,3.24968901842699,3.27104293320209,3.29637286934845,3.32579189196876,3.36297304086958,3.39713807842905,3.44625980538388,3.47659304585709,3.53288914299193,3.5693372941062,3.60160141828146,3.65606977151463,3.69689570115406,3.7364288256977,3.79265276349724
"39191",4.18948471057583,4.18914181883663,4.17925183575417,4.1947917282605,4.21018332063549,4.21928759331926,4.21943364748135,4.23701006318482,4.27407911299368,4.28164321663735,4.31697279439252,4.33334536281113,4.38798183625684,4.461535075821,4.52194120921453,4.59479763841217,4.64364156895356,4.68680024437832,4.72269664787343,4.80253958267035,4.87026264170768,4.9044494600153,4.95166207404981,5.01306856039182,5.04338070126581,5.0531639788123,5.04696593007599,5.05283631188978,5.03450982406001,4.99853467331553,4.98390242115215,4.97105486146807,4.9709956703179,4.97228932926286,4.97986397280163,4.98604656562089,5.0023745132022,5.0179549497779,5.03817771585153,5.07150233070846
"39251",15.2855173698656,15.2572060173925,15.1987685939935,15.2814439165067,15.2786151910837,15.3080387256333,15.3065173767743,15.4080755513861,15.4678008532672,15.3551572938156,15.4142535999476,15.4401711441466,15.5054619522969,15.6352700432044,15.6715994228421,15.7670973035448,15.7574915668678,15.7600809561787,15.7281350503614,15.8453597183584,15.9328236844767,15.9589527225792,15.9806241864744,16.0839968259794,16.1018813255748,16.0872814273878,16.0808080019257,16.1616637399258,16.2012771217245,16.2187962203421,16.3033680265147,16.344945170449,16.4366959326987,16.4984787589635,16.5931112776271,16.6940640347329,16.767504689646,16.8577069172716,16.9476449462583,17.0217705870288
"39273",1.7269353341982,1.72250906127083,1.71048651170439,1.7112526557529,1.70677319073211,1.70938379286994,1.71320020603745,1.73430994025317,1.75673285280105,1.77399960136507,1.82023776168254,1.87422058834556,1.94221574121517,2.0338469927016,2.11624350560486,2.23128520139348,2.32382011490535,2.42325695287516,2.5149878241525,2.67262774550157,2.83473834749393,2.98121516173184,3.14683739076193,3.37528533292832,3.48613223032319,3.5578547486801,3.68428605170681,3.88571392421376,3.99847708147491,4.07268783508775,4.27463541298439,4.33667073832387,4.53026796583392,4.52029526066841,4.71643152965278,4.96909750560743,5.07957278920015,5.28544983645311,5.48954432862074,5.61068849093847
"39311",3.34206710093378,3.33339453029235,3.3182950684123,3.3183755562516,3.31429975417678,3.31514563538046,3.32437638998826,3.34837789664713,3.36822425571975,3.38949290357938,3.42869228050112,3.4740995400882,3.52439248382935,3.59723021835202,3.65472870438283,3.73541595293089,3.79244219205685,3.85147148111306,3.89858737547182,3.97989328082249,4.07665816506236,4.16126519914947,4.25144087388015,4.38682939832675,4.4505366333391,4.4815982527014,4.52525354191044,4.61636006319275,4.66712414455673,4.70032205898843,4.81046007869647,4.84983582732497,4.96068426046599,4.97276044101587,5.07754567190567,5.18872826853909,5.2470246110249,5.34617640003834,5.44229134541746,5.48003934638018
"39353",5.01126802925391,5.00858135682032,4.99465341523099,5.00156248933968,5.00418986016289,5.0065182968797,5.0100139068907,5.03215517296516,5.04228682052317,5.04357038766002,5.0666807123867,5.09391733868351,5.12651025409477,5.1852848826067,5.22498785016848,5.28901722914326,5.32620650405335,5.35092185356941,5.36783477901931,5.41542775777172,5.46353552684866,5.50566730552042,5.54638482489451,5.6163655098063,5.63750494297177,5.63277386454479,5.61595943414166,5.62180407373142,5.61469027600586,5.60780926603221,5.62052686879476,5.63307316137158,5.66971331395524,5.73355680268507,5.79468728727691,5.85608118377558,5.92053759453786,5.96832087084955,6.0082642586889,6.04639907374871
"39531",5.85013190785368,5.84523595758085,5.8566252008339,5.86504261402428,5.87541525943212,5.88864987122974,5.91733139656625,5.92745403949341,5.9577280556998,6.04818573740933,6.07750767412736,6.20390858233283,6.35329942491762,6.47496086039974,6.6129613317579,6.7136132492214,6.83629286591136,6.94892819622289,7.05321461172067,7.14449789085998,7.24422158623033,7.28916461605567,7.29996050899092,7.31580428580668,7.29601273683815,7.2423956151601,7.19402010645405,7.17700260491029,7.17326496404923,7.1952364360644,7.19973414012193,7.23796101648284,7.23806482986489,7.32009415778276,7.36277684621526,7.39230986456037,7.47717316403188,7.54546778719744,7.63216331401394,7.78199589497818
"39551",6.92564463055957,6.92103937797384,6.9351639292309,6.94326221632315,6.95213708824254,6.96153707829587,6.98731623343803,6.99247760239721,7.01541764591577,7.10297604053483,7.12507844440687,7.23573269709349,7.37079394124552,7.48615993298048,7.61935665290453,7.70240711194388,7.81619302003543,7.92078442433455,8.02390954210198,8.09515645584018,8.16527830068714,8.17807541122819,8.15321137724671,8.13342541154563,8.11054291457254,8.08462556100436,8.08155026256326,8.08230671454524,8.10339407378098,8.14025772378944,8.14382848693674,8.21132006311385,8.21297699822629,8.32307608549913,8.3807712382829,8.42243839230465,8.55116601753122,8.61488120505125,8.68472247155617,8.8447473037272
"39611",1.11341774211017,1.11289530734322,1.11652016002313,1.11875693297906,1.12221706592781,1.12433921317848,1.13153344289919,1.13593959463195,1.14574153804389,1.17962190743493,1.19338233736056,1.21746970408783,1.2416437126237,1.26922568440128,1.30455520174027,1.33290427014609,1.37798491039675,1.425539647229,1.47624877557575,1.51731513683978,1.63649299063157,1.70129857268418,1.7490446605337,1.81431029449485,1.86809178445124,1.91454636838148,1.97213256122606,2.04516017325726,2.1132481272166,2.1774479938007,2.25797282246635,2.31703747093146,2.40437334680692,2.45918049295493,2.54460537880678,2.6427104992109,2.71085151599672,2.80571717584774,2.91472371712034,2.98888603026798
"39691",3.75666894370749,3.75022481725796,3.75006949102994,3.74260359856096,3.74209416257323,3.74610678675617,3.77474624526198,3.78407520796829,3.78956760818052,3.86319922007065,3.86701661932532,3.873254700151,3.87113643343702,3.86751272864759,3.88445256379772,3.89199043409942,3.91911059904583,3.94687445084493,3.98194938498181,3.98615117837383,4.01169803701159,4.04613121319701,4.08473286493393,4.07659827268477,4.10741239069749,4.18221566894785,4.23817471406629,4.25145689511311,4.29313554341623,4.34875981451275,4.36586896689563,4.44611309696553,4.4487385750097,4.53891814100275,4.56215735744735,4.56743992530838,4.65189993629528,4.68610466581252,4.71287544348496,4.81900614066582
"39711",4.49369588071852,4.48677942494847,4.49092580868782,4.48474074851593,4.49427692268619,4.51420220501322,4.55853591875492,4.55590958295827,4.5589007550757,4.64751042517552,4.65065799362635,4.66775762760394,4.68063123274658,4.68794585283278,4.72128224791268,4.7351439090352,4.77930087967835,4.82468057459172,4.87824880817369,4.8923524918413,4.94153469171896,5.03605787338248,5.12474470827744,5.11399011198607,5.15731654038751,5.24175552063889,5.30129755625788,5.32169407637209,5.37641081283261,5.44975090633782,5.48178156410663,5.58551657581924,5.60019779128912,5.7102296082994,5.7389494718324,5.75096259305899,5.85522219513728,5.90334829289191,5.94396303765324,6.0788206250111
"39751",5.61525292965654,5.61958918849603,5.6340259331429,5.63402700577053,5.64121415947421,5.65114996528255,5.67167176072111,5.67632284565537,5.69433115908204,5.76093143920503,5.78240929292101,5.84216679533273,5.91863299839765,5.98513335608965,6.06043514647613,6.10945120081778,6.17980890544645,6.24789798584316,6.31591257354834,6.35255548536839,6.38000322227278,6.4007217669488,6.42110508257967,6.42633858735126,6.45028558011467,6.51411636476453,6.60932832918973,6.68822449485485,6.80016234805508,6.9190628544118,6.94168122909312,6.9972969957243,6.95582638022969,6.96778492866157,6.96597411327916,6.96231401920243,7.02171326561067,7.06457363622402,7.11565519122331,7.23766740362315
"39791",22.4317500438086,22.4609562729464,22.5170624529739,22.5458282210487,22.5629411897991,22.5798552842906,22.6510425947456,22.604828621579,22.5095255958451,22.2936048785485,22.1261156049516,21.9919936192729,21.8827840882251,21.7781875713715,21.7230717736359,21.6672034792829,21.6692812665392,21.7080559363584,21.8636920865029,21.9272153523612,22.0362886187166,22.2057718678566,22.5210532547451,22.5786273060601,22.696467339095,23.0576486660871,23.5783878864622,23.8362590659105,24.1099477265478,24.4198450523484,24.5990995600669,25.1380304353677,25.2440363878216,25.5560086032119,25.7675571527826,25.8963720006803,26.2446915615756,26.4440252161158,26.6304280980446,27.0451175686607
"39814",0.929302702189462,0.925315148835864,0.922384102572063,0.921992339875752,0.925390484874925,0.933582866571789,0.94783797435757,0.961967544074641,0.984007855183655,1.02128220966968,1.05231715825834,1.09458711262826,1.14914541700063,1.21539348552085,1.2919268750538,1.38295223403049,1.48061577127257,1.59292862930462,1.71723928718478,1.8718548313992,2.03482517051997,2.21815021348061,2.41794085584391,2.68972976013882,2.88742956009547,3.00393778403266,3.19305149016389,3.40851997153773,3.53511921346258,3.60395734177313,3.72441634491872,3.73591392420794,3.88465438993008,3.90541726652737,4.02745161454508,4.20316796077407,4.23506143727744,4.32662747963516,4.40996208385947,4.37690991758662
"41192",4.94993496819446,4.94777536193808,4.9368722515765,4.95268409020812,4.96642425115158,4.97676783602703,4.98272904358679,5.00490094836506,5.02314545212019,5.02594911426849,5.05398388128118,5.0745458737963,5.11003518160351,5.15375373342247,5.18186600244609,5.22362588805817,5.24578879158837,5.26204814542074,5.2803807849013,5.33446519473984,5.38189115710133,5.41873925597021,5.46711317976958,5.52724395866957,5.57679487149683,5.62218397329153,5.65758618555018,5.69695424829753,5.72233798505921,5.73711163084839,5.76667111298733,5.79629673483047,5.83444230856963,5.87848988607909,5.91919894134726,5.9572575795221,5.99726390495683,6.03673430726568,6.07924813893507,6.12456225321834
"41333",7.15682174766143,7.14891400258198,7.13118643219439,7.13386403544597,7.12848162824657,7.12868022068253,7.1339047303156,7.16145981929098,7.17862437078138,7.19807346413461,7.23335662713075,7.27910761704549,7.33099389058598,7.41281006768668,7.47466066042575,7.57234999347998,7.64227687913781,7.7018542570986,7.74989738938753,7.83150845186246,7.95012014922879,8.17294946702553,8.41394410378868,8.63259139051966,8.77663686066901,8.87803462237322,8.87797928767971,8.85834536205418,8.78622582045006,8.68502384387872,8.65609552757855,8.60628611801926,8.60208800441859,8.55582031963032,8.53118334775664,8.50397013631659,8.47935303061142,8.4819150803228,8.50111391028778,8.5384244015044
"41374",4.05547763454897,4.05742482612282,4.04853329937966,4.05763560948522,4.0617275806837,4.06737841234303,4.06489799871735,4.08093569485809,4.08754935209951,4.0939374648984,4.12924269145486,4.17642741349645,4.22906010292941,4.31425908882917,4.37780837745902,4.47924621750437,4.55955275527267,4.63290483282079,4.69983974681247,4.82718554830553,4.96250274337577,5.06479070032188,5.20118355848387,5.41171206116734,5.51042032366419,5.57359250477911,5.67924008463762,5.83194256090694,5.92496170911624,6.01052488192992,6.23559706501377,6.35830704814355,6.58555148659283,6.63415676655648,6.82052470520969,6.98550316187054,7.04061484436131,7.14657268904825,7.23943866687316,7.22610217989621
"41391",4.84270236872514,4.8455781837736,4.83518174774235,4.84683641169731,4.84859593616483,4.85602935211612,4.86355842524927,4.89424205928576,4.91104525074573,4.90581932571825,4.9358042731981,4.9599696237093,5.00236638715469,5.07550692685895,5.11912564997048,5.19583741135345,5.24009580115105,5.27617835248472,5.29476114405077,5.35321327899425,5.40901095290592,5.40854296012192,5.43802353332902,5.533507135179,5.5729811338631,5.58602299240562,5.60817183542828,5.64592135815612,5.64038824289279,5.60708192886088,5.59281015322794,5.55275437167864,5.54628144851765,5.52197360790888,5.51813592656433,5.51193697763435,5.50285881996977,5.49932503178862,5.49735586220238,5.50122249041442
"41411",2.54923842320002,2.54938308055556,2.54452415468502,2.54633648585044,2.54648862820507,2.54923846051918,2.55395679386904,2.57014977544116,2.58442513308528,2.59736987207484,2.6170617684741,2.63793292835569,2.6582015171937,2.68882821219315,2.71254453122444,2.75556430057112,2.79408379732404,2.83851749557608,2.89038772472,2.96329611625866,3.05501814895234,3.17555685806815,3.31743978694308,3.49727958935695,3.6139660179223,3.69887986875662,3.80808389975955,3.91615517745204,3.96165645428336,3.97265835816979,4.04772744990987,4.06233518328746,4.14460061686103,4.13613045800116,4.2211942101127,4.30194598186829,4.34664776276244,4.43921381096926,4.53638961244429,4.57878207565041
"41471",6.69094776258901,6.68039079354416,6.67349947114137,6.67239653149207,6.67614884505993,6.68449547209314,6.70399750482431,6.72022173125917,6.74652182224436,6.8350842785056,6.87271501071655,6.95799609775333,7.06518177599438,7.17018230681636,7.29690640039559,7.41217102502862,7.52921581740295,7.64459331011929,7.75009125999978,7.85798028314538,7.96708207387007,8.02685905215029,8.05679484996089,8.12853470147563,8.14736957292981,8.13930270692475,8.13952461963695,8.1693217321989,8.19500592719458,8.22290708364101,8.2566642844961,8.30032065393684,8.33626611321788,8.41073761153813,8.45437995594016,8.49635898537224,8.55839081890664,8.59867311072804,8.64377574474658,8.71896393980577
"41491",5.67840399129371,5.66833829621678,5.65998621919348,5.65958642088996,5.6655674099324,5.67691774955899,5.70590877319504,5.73973087438972,5.78530920461759,5.88102209631256,5.91859481342856,5.95935449166212,5.99248697388916,6.03353232307745,6.07015892620279,6.11380284965318,6.14533433063384,6.18016496122025,6.21788422297487,6.25783998889868,6.30339575685231,6.34488252339459,6.39016363033642,6.43754964820918,6.48564397730401,6.54836148220103,6.60262830648575,6.64844683187018,6.71114654039161,6.7814095731767,6.83112891693878,6.91285834661654,6.95539665429385,7.06633157459783,7.11822833742718,7.16617863476239,7.24651346464499,7.30430848374003,7.3703748076589,7.46386754306244
"41512",9.71874673942827,9.70170195417706,9.69729120369428,9.70094908607822,9.71150665021837,9.72941412565411,9.76801637005971,9.79335083046931,9.84491628675911,9.99759773413707,10.0635481474077,10.1994087425842,10.3524139564834,10.4995709987634,10.6791495171564,10.8387499960095,11.0059739504502,11.1709198745965,11.3304465591696,11.485099197913,11.6840364712869,11.8004948401351,11.8815353746037,12.0095404725549,12.0897540800883,12.2238710829931,12.4379821680113,12.6693962191786,12.8906862459161,13.046155111223,13.1478473794326,13.1577740157666,13.1586340034501,13.0898798647151,13.0327820527438,12.9760731393052,12.9347173029295,12.9138624192095,12.9064325712363,12.9441429974961
"41571",5.4617603198269,5.45530268901071,5.46317861619391,5.46548347579506,5.46611980709528,5.46563596857579,5.47690916533355,5.47515443667406,5.48303797237009,5.53838194853807,5.54560608584555,5.58613876895477,5.63616628792693,5.68495901433441,5.74727745914283,5.78382824607013,5.84101196325112,5.89890010263285,5.96070174665527,5.98336503442199,6.05339316766378,6.0848347880309,6.09762089103779,6.09289209544695,6.09964663099021,6.123243207757,6.15387247825874,6.16487197176488,6.19888850747398,6.24705956180811,6.26407281689839,6.33934257825408,6.34123782413457,6.4482816397548,6.48801871749432,6.50808682005216,6.60118239828286,6.64322458538239,6.69397963879667,6.81793017677973
"41611",2.25575174943365,2.25142602334671,2.25780195484286,2.26478182331904,2.27481275025133,2.28379896024409,2.29907648904167,2.30381075780799,2.31955895579949,2.3778243223364,2.39515233023363,2.43656782547452,2.48341066062132,2.53354996935561,2.60457551103444,2.66177641941315,2.75569273406469,2.86407190087252,2.97200473222975,3.048390973445,3.16108528549215,3.28554405680864,3.40721481660017,3.54627108843608,3.66926788885279,3.7794785585568,3.89685711803246,4.03440713560292,4.15533546394121,4.26814153213537,4.41453252458351,4.51465584918133,4.6744704930074,4.75809699283134,4.89205806387323,5.04310136414343,5.13037933445683,5.26188713635411,5.4065527475036,5.48796717612279
"41653",2.9228542397474,2.9247821609727,2.93342272766734,2.93592281943138,2.94278687960454,2.95119217850666,2.96372191515268,2.96588442608669,2.97876507163266,3.0299320099329,3.0417488796522,3.07116785550653,3.09754766200784,3.12305702125693,3.15416987534894,3.17504883885408,3.21084229508159,3.24476211969793,3.28480144230187,3.30366357687799,3.33758965638794,3.37737146657148,3.41816344899161,3.42796059851509,3.4681196372206,3.53961976187497,3.59301749164572,3.61421972243549,3.65806597752038,3.71074154307355,3.73885717257153,3.81102308649806,3.8225972088025,3.90428132528702,3.93317980875522,3.9440086147786,4.01238763072013,4.04544218661492,4.07113983996503,4.15355959216132
"41674",2.12477778788668,2.12006942855272,2.12516040176853,2.132205783694,2.14962946836914,2.17374257324765,2.20168611033121,2.21647628335617,2.24997184101917,2.33398874499769,2.37444204851944,2.44137595837521,2.51724820478148,2.59526755160704,2.69455299290514,2.79425398266079,2.91902722315464,3.0509406148488,3.19075683083399,3.33955223398379,3.65264764847246,4.81982557184745,5.30628037425209,5.55649752665132,5.85204132645165,6.10492944548229,6.25590822056413,6.28890728165483,6.19646859995388,6.05109275481952,5.98897357059842,5.855610064212,5.90592482308046,5.82865908132783,5.7926536555412,5.75404351656332,5.63584619593031,5.59128359617644,5.55490613438133,5.47790986084984
"41711",8.29864383914671,8.31577875568505,8.33230755209649,8.30804997786854,8.30818482030328,8.31138313284701,8.31702021350984,8.2819664808655,8.26715362582836,8.3415814054337,8.33010811629152,8.31548656437725,8.29535163352137,8.28026917307653,8.29210065282997,8.28990278168751,8.32487731363843,8.36702387876024,8.47002497924056,8.485539224669,8.54931727332527,8.66599211115581,8.80210959205297,8.75893859277757,8.79770511470297,8.97727699613331,9.17258394147366,9.22879511930045,9.33411349349021,9.49022838371162,9.54129495342661,9.75771359948177,9.74235628463852,9.93022627540671,9.97375047096046,9.97680419178305,10.1845888842109,10.2450689512555,10.2616629793693,10.4741254102284
"41733",4.5190138980996,4.52731793017252,4.54078179966248,4.53476523884326,4.54310692480778,4.55244284777234,4.56880883972739,4.56253299738109,4.57004362788356,4.63609807882739,4.64590697809972,4.66375273590671,4.68303927911307,4.69984318256112,4.73152946400167,4.74174518031508,4.77705592237248,4.81265019085046,4.86341524160671,4.86632662389077,4.90022763017182,4.94841098633759,5.01046323256713,5.00072524701158,5.04660652881242,5.17161936905115,5.25990113062051,5.26213864893653,5.28789219987997,5.33798466451072,5.34726950905529,5.4458196871708,5.45701063846019,5.59197981853697,5.6475399998855,5.66939516492861,5.79083286359234,5.81553244466315,5.81641529411038,5.92391948780683
"41771",0.373842268932009,0.372361468287226,0.372107091833311,0.372850690242178,0.375221419468427,0.379403368418505,0.386320643505034,0.392626367534977,0.403610915767712,0.425360869113516,0.441770892171467,0.469737536765458,0.510438137675206,0.559855929096118,0.626219409264635,0.692240391761273,0.782392778864354,0.882521233795376,0.988497270898031,1.11022089060061,1.24390438742231,1.37985725748442,1.53242703986084,1.7343194387862,1.8846949834538,1.9911213631738,2.16566517015662,2.38618187415527,2.55638297042272,2.70148690953166,2.91761206944223,3.03938128335143,3.27894790334644,3.37552934067064,3.58098625481667,3.82861156792834,3.91176308923257,4.11163072951385,4.33639124436837,4.41110015843227
"43191",5.5908355124933,5.5876798818183,5.57399141876302,5.59219591586181,5.60437740167702,5.61830620798068,5.6221672587371,5.65183238806611,5.67357317741995,5.67151424794769,5.70024883648672,5.71801794231002,5.75910838421525,5.81606626710454,5.85131010156365,5.90814798967092,5.93764086595779,5.95344256096464,5.96773865515156,6.02609132195031,6.07347261113198,6.09869375669833,6.11144707031537,6.13301397231159,6.13750936706714,6.13860244967103,6.13566731287642,6.14972904537008,6.16177461257286,6.17515913368862,6.19092372405017,6.21690432556683,6.23841711143429,6.28956438947721,6.31384871544164,6.33587553165432,6.3791046799521,6.41713682888231,6.46203861133113,6.52318260776057
"43253",4.0533694538241,4.04871611382542,4.03914294703604,4.0466076456378,4.04598709076237,4.04705744661099,4.0497475205249,4.0640967832809,4.07494842358027,4.0728959284155,4.08476730278025,4.09804318302205,4.11796327200011,4.14983142597159,4.16763923940184,4.20571298597632,4.22616519315265,4.23861827381064,4.24959728647069,4.28111252005243,4.31155007659842,4.34144523551837,4.39748383830728,4.45516241902319,4.49539944864618,4.51765790974523,4.51702412522661,4.51637207931993,4.50848209193261,4.49633088125463,4.49494070023244,4.49707304306894,4.50299685252945,4.52728020399561,4.54031034666576,4.55297719868595,4.57731167629934,4.59358272137927,4.61649527724834,4.65502539764213
"43333",5.58328975598662,5.57533675803323,5.55614193756422,5.55216136244778,5.54886569464989,5.54384035684186,5.54626542892691,5.5683214421806,5.57966869286193,5.59081566942857,5.61717824056863,5.64901956503122,5.68157744265719,5.73821711501748,5.77322735186444,5.8322464246125,5.875007386236,5.91229378266178,5.93665783299011,5.98859117789676,6.03853107982753,6.05835931887452,6.06795416651867,6.09806225673724,6.10364479920783,6.09593264909845,6.08408983667464,6.09296743853825,6.10124888135742,6.11287848769569,6.12953970181885,6.15361722002408,6.17735210158572,6.22953543789073,6.25190975901236,6.2722777162465,6.30603189810481,6.33228558540103,6.3651799384343,6.41505339590972
"43351",2.43399446272752,2.43574537683248,2.43133700795601,2.43899300128493,2.44160643002051,2.44432578711826,2.44437639549473,2.45203982633395,2.45000429254866,2.43723429403985,2.44058349372295,2.44256765083729,2.44572056587659,2.46303790434438,2.46847639772809,2.48922032046267,2.50098847413314,2.51222248182173,2.52322780201342,2.55309762688282,2.58745954224564,2.61028142282487,2.6430925184902,2.69078438928682,2.71752182658311,2.73802592301725,2.76020597303151,2.7923649358574,2.81504438022103,2.83346708508282,2.87310662105038,2.89526944937351,2.9359766860703,2.9579711054242,2.9993814494993,3.04312021912149,3.07608726186005,3.12038487634936,3.16569154818677,3.19273948150587
"43371",7.04164113554933,7.04314898434398,7.0244245430026,7.03532613882758,7.03718886144265,7.04588680269169,7.0376539314953,7.08651865233629,7.11656842480522,7.13526545619946,7.19520176796802,7.25726916930081,7.30636597747299,7.37963529750172,7.39583607010374,7.44621572952133,7.45377081049272,7.45060486373367,7.43014744998047,7.46819359414514,7.49674978165716,7.49142556874006,7.54351246580181,7.64901051761563,7.71439885161834,7.76673572862265,7.81198303299546,7.86124246119253,7.86713046912154,7.83951726594906,7.82128518959895,7.77369559602395,7.75372868889838,7.72436749364452,7.706018306721,7.69094717164356,7.69018094268752,7.69328569330213,7.70462817324319,7.74079207298338
"43411",8.5739044780161,8.5816040460076,8.58308765888253,8.59967674227928,8.6109114697483,8.6234080895855,8.6427784233104,8.6620614263726,8.65829722327146,8.62315490583977,8.61131499119957,8.60109255607652,8.60035773012466,8.61383792799714,8.60805140285858,8.6188774322872,8.61427815579506,8.60585794015744,8.59722866986364,8.60082113487574,8.61216189123549,8.61709185084388,8.62682062841455,8.62892801314715,8.64084018218777,8.67407777207104,8.7080563970936,8.71716739202594,8.75021569085945,8.80703759276205,8.82109473658033,8.88770235664074,8.89345360797056,9.00538800452295,9.02297653770152,9.04679376619489,9.11496401246092,9.13488057762166,9.16054236944527,9.24924925818789
"43431",10.0836604594816,10.078049282652,10.0648582102507,10.0652007537063,10.0688904107376,10.0752757633779,10.0769808167171,10.2134669134828,10.3740447310228,10.6122721074355,10.7583864082517,10.9245606560451,11.0753293459163,11.1681015116738,11.1371632795022,11.0549198592596,10.905883135871,10.7505694696209,10.5616426404749,10.4596290793807,10.3396539630585,10.2494188552812,10.1730799378037,10.1146919167304,10.08223134931,10.0801187329124,10.1352102506552,10.1553536238966,10.2063437972606,10.2993070011562,10.3355026462119,10.4451169314714,10.4507018658991,10.6000654573312,10.644593980843,10.6894799128185,10.8039064366453,10.8437228291646,10.8929769173486,11.0402325649298
"43451",4.4956738522872,4.4910412703994,4.48807976461571,4.48793122901375,4.4889381826655,4.49099378156725,4.49857475453995,4.50448680480699,4.51283623363834,4.54849649506974,4.56209169452183,4.58691952222445,4.61785171400151,4.65260937630621,4.6931508592518,4.73036504424028,4.76747902378815,4.8009353196202,4.83293033301031,4.85919029489236,4.89657639068293,4.92529800374264,4.95240828779254,4.97689526350241,4.99583406889611,5.01331880074934,5.02316622147583,5.03053242983685,5.04738582916986,5.07515907935931,5.08970332626551,5.12960970069452,5.13945713354161,5.20660787327598,5.2256686509549,5.24395134914922,5.28956298329905,5.3093947243577,5.3347116712682,5.39633845207478
"43471",5.95398437395362,5.95082344981073,5.95320917597006,5.95538697299067,5.95593555677066,5.95717924449269,5.9646923584016,5.96515311445822,5.96809956775503,6.00342076467042,6.010338855619,6.03404180647183,6.06762800294452,6.0994980820927,6.14199214802362,6.17234125179677,6.20632262620516,6.23654146198922,6.26856453870168,6.28080507257077,6.31155948093292,6.32510760449042,6.32700250575245,6.31451784817301,6.31603668322868,6.3402405655679,6.37764779105503,6.39039187923801,6.43044201910551,6.49352335600117,6.51307271305981,6.59034750341985,6.59026352521799,6.70537296893715,6.7272484183992,6.74379303901318,6.81788561159484,6.84058477929701,6.87357878707805,6.97544458975912
"43511",7.751300803979,7.74064297696695,7.73916922429954,7.74255892920162,7.7491376074835,7.76098622534688,7.78720694362223,7.79923574158336,7.8306676783695,7.92529975084686,7.95549636474856,8.02407784535862,8.10239227513649,8.18142627075107,8.27705812687544,8.36110320303048,8.44955989106293,8.53581267692229,8.62310300510403,8.69122116018542,8.79208970001103,8.85210981777395,8.89876092532714,8.94578922480939,9.02534496458409,9.21051979260072,9.4138955909985,9.56092158185705,9.72190154844601,9.83010480182129,9.85060289676528,9.85581511900977,9.83232318539594,9.83034090453164,9.82183629491131,9.81168059732478,9.83780585863296,9.84806889248296,9.87174621993665,9.95518168390639
"43531",3.34767287639581,3.3401060647009,3.3427530965597,3.34800043396039,3.35718666370622,3.37175391739268,3.39654753830107,3.40890728899924,3.43543411527326,3.5030348292393,3.53004683381042,3.57130648990563,3.61554236459744,3.6648092021778,3.72199950744916,3.77902052466693,3.83998196648087,3.90284897501031,3.96827378632633,4.02700642652725,4.0950610370144,4.17327455998347,4.24849730049033,4.322825075197,4.38827689447465,4.45721334309304,4.52244807052754,4.59228498311559,4.67480439141022,4.76085091820814,4.8335216893734,4.90033481818535,4.97834164883722,5.06166627514267,5.14167519829789,5.27692199163184,5.50643961175141,5.80169030211788,6.13271476170261,6.45743868096232
"43611",6.17630362672294,6.17062881184996,6.18576112158467,6.19596068758879,6.20719123058141,6.21626175099331,6.23238698086808,6.2253999520494,6.24454213781395,6.34789525879533,6.35731326436791,6.44867589654287,6.53279148003611,6.59288432831941,6.67788857022151,6.71205457780445,6.79764076233167,6.89336857405013,6.98403046302071,7.00075829856278,7.07752164662045,7.11153018149239,7.14870138061897,7.15200200591301,7.20330818106488,7.31276630085568,7.41277084571502,7.4481089795144,7.5293758857049,7.63123611009532,7.67350890519642,7.81912901056031,7.83857688508586,8.01625823386387,8.06388957360661,8.07554370341109,8.21439556024355,8.27356473085158,8.32862730746167,8.5041468938978
"43672",3.76163617297615,3.76492300119405,3.77676467260695,3.78144032313012,3.7922403334929,3.80466754236485,3.83906827801418,3.8604957468569,3.89068261969801,3.96354133482015,3.98330297534987,3.99816735624233,4.00763541459948,4.02258049714035,4.0368187444392,4.04999611891511,4.06998263448865,4.09372244499823,4.12836261294839,4.14291606551434,4.17206901769509,4.2105423036969,4.25389387226029,4.25440529168452,4.28811343199895,4.36259016353824,4.4229639936429,4.43872995974292,4.48298844967974,4.54253177534422,4.56531022967991,4.65021132434421,4.65989454704421,4.75465095705426,4.78163826448975,4.78571360890843,4.86170093828001,4.89890923347192,4.92908770297618,5.02856146303673
"43691",6.88704442380401,6.90473954661473,6.92613382675292,6.9093360759963,6.9110420083321,6.9126056156729,6.89500023515525,6.8548160681028,6.83522926974252,6.88617355997662,6.89022053876348,6.91976407901317,6.95181247984175,6.98785805613507,7.05273393709348,7.07123676150453,7.15477579188832,7.24042752090013,7.36442869051582,7.36953615054195,7.46604410947861,7.59919712341009,7.75280635264084,7.70094628815952,7.81089137860754,8.08918742281278,8.2263547306944,8.19809401264914,8.27961332284522,8.4169575757266,8.47075563063801,8.67425806739782,8.71460654122126,8.93329385640802,8.98831497867075,9.02283050007846,9.22294757028577,9.34491875929713,9.46049213381465,9.72408731292648
"43732",1.80661819533881,1.80317942835181,1.80600477520922,1.80966766271145,1.81922997455211,1.83413698758275,1.85593275464001,1.87063478966071,1.89937151511611,1.96584193316689,2.00363503924784,2.05626559401452,2.11514037125856,2.17806072010036,2.25200151691923,2.32646336356187,2.41111856919403,2.5000011141585,2.59467247502104,2.69653783560777,2.79947437079753,2.91413882589154,3.03122078895821,3.1845856921749,3.29688860895802,3.36294881919873,3.4502814847029,3.5722118327651,3.66140370223923,3.7293464736662,3.83946020050672,3.88430107671112,4.00879754708351,4.0658869156249,4.17864715863459,4.3107614714034,4.36430730707769,4.4731068349756,4.59842953843496,4.64588643893122
"43791",0.943648420218816,0.943545160164195,0.944820909864696,0.945871917276638,0.946624847059812,0.947722969955491,0.951767342654101,0.958110814210656,0.972299353931221,1.00866297160662,1.04166426015301,1.09751856127913,1.18126424769511,1.28357940331089,1.43278877581779,1.56876780796864,1.77291054176601,2.00385126224933,2.23630829537368,2.48964724772268,2.79787847516935,3.15604790109083,3.5258320558353,4.00438078653049,4.36127893092742,4.58631689478774,4.93494709477453,5.36934613885559,5.6535440749049,5.88382706236825,6.22644989043328,6.33687069032097,6.74023800789832,6.85829868399158,7.18684248392314,7.61980640208026,7.73650095587524,8.02454949252832,8.29194756219595,8.26902945529034
"43831",0.565759688252679,0.562593829530264,0.558637619601629,0.556985951131926,0.557946103055811,0.563592575438494,0.575312481747027,0.589565468923033,0.612552552509518,0.65041803580615,0.68598829717598,0.739792929444837,0.814064776408497,0.902554056356186,1.01664586303462,1.13722201801142,1.28921568533198,1.45846565774027,1.63779826907689,1.86283990066121,2.08752150290123,2.37043376482703,2.66267324575897,3.05037875400599,3.32316333006528,3.48473216398888,3.72889160112137,4.02852599543011,4.21854554430786,4.36744772323985,4.61422058133887,4.69276510478046,5.00805265013755,5.10526645129937,5.35806558004228,5.69687756770005,5.79252833346077,6.03890383953783,6.29313011692623,6.31245769317056
"45192",1.01250847720673,1.00868851085092,1.00245527304451,1.00138498079218,1.00083903071248,1.004354705313,1.01151856142543,1.02445626506035,1.04370226370509,1.07459014754332,1.10962263274547,1.15685842134897,1.21128972394768,1.2817478268778,1.3590246131124,1.45837812684743,1.56329063018941,1.66793299784207,1.78443426436367,1.9418380616292,2.11401532136199,2.28750104997258,2.49528211946217,2.74403617521861,2.92593212158725,3.10619290129851,3.32879812321525,3.63881384330286,3.86393047242771,4.05261960645188,4.34670717021734,4.50485610236339,4.76258263369817,4.81378791603672,5.11851773106247,5.46567688548606,5.60848381853557,5.84898023741968,6.07865786541926,6.23932010289187
"45211",2.27942402687517,2.27259217928488,2.26331056994687,2.26411029067646,2.26365983014726,2.26913159993688,2.28018843775472,2.3002732911502,2.3338167110265,2.39725648384031,2.46668980728232,2.56686358114245,2.66212092185228,2.77153088829088,2.88609831526392,3.0312795409612,3.17015732947536,3.28076563144272,3.3725564643639,3.54310669739156,3.70180189017651,3.81844680597724,3.94291053978042,4.0933015525308,4.16765452678751,4.22436006679666,4.29779308514032,4.43165550110117,4.50729231306103,4.54626741912487,4.6796336938463,4.73112229623133,4.86532524343653,4.8761057013323,5.05122393195018,5.24967339293701,5.32469056056639,5.45270233252342,5.57183532003551,5.63769598465331
"45231",5.13008501936086,5.124583511577,5.11794350833401,5.1266552715247,5.12630963982447,5.12982303675254,5.13548834541848,5.14879185917091,5.16431125069794,5.17395283399008,5.19252870881415,5.21536536677666,5.25019898932559,5.2954459800573,5.33488754576208,5.39015168409439,5.43271431542648,5.46465065331506,5.49513096621043,5.54331839304231,5.58865645585225,5.61266156062748,5.62802356090851,5.64912672426463,5.65977013261816,5.66988408856879,5.67855787971426,5.69204778165722,5.70945222438514,5.7332574551302,5.74841378549908,5.78104668215672,5.80600645152136,5.88165165026592,5.9050894013645,5.91662937565678,5.95693852074554,5.98253608073841,6.01767166609741,6.07398206834486
"45251",0.218049050295243,0.217826648495108,0.217512313825994,0.217735384477317,0.217736618930845,0.217698072591423,0.219190672321609,0.237545096470927,0.291364964100032,0.421218324344556,0.547060552623577,0.687921870127093,0.831146734670065,0.942535943728217,1.15597209755427,1.32347258580093,1.53972367316004,1.81546137015469,2.11715865852889,2.41458402396631,2.76559427207704,3.13702448518692,3.58566402602519,4.14434570525062,4.53804610324804,4.91266313395438,5.48077898345981,6.06647398837257,6.45696873831944,6.80287056627997,7.414705328272,7.65976553184544,8.17689059730827,8.23262223354397,8.91021879830482,9.70187757541527,10.1711445757302,10.7340342898762,11.0689213329419,11.0845701983261
"45271",5.55169331886208,5.54167584464049,5.52961145986729,5.52855113009097,5.52770438455588,5.5256049267928,5.53459613451095,5.54466851313014,5.55853154299212,5.5802366931217,5.60128702656471,5.63762687034143,5.69572631673492,5.75963666203017,5.82520825906105,5.90630368765024,5.97749230693121,6.02957455301963,6.08031340664754,6.15083605019574,6.22012463800881,6.24840199243888,6.25021716436899,6.26916686482001,6.26649392472755,6.25857489415975,6.2578739812204,6.27199249943097,6.28211328850962,6.28889259775534,6.29636111888805,6.31491365882709,6.33044430162527,6.38253545893434,6.40571122005955,6.42848764600182,6.4710345954711,6.49460594177226,6.52946525829217,6.59049852231068
"45313",6.54515667901083,6.53695209441975,6.5185220544163,6.51223246088159,6.508451550853,6.49587192299797,6.48691527746462,6.4998696504059,6.51067117246653,6.53248128883751,6.56271738321133,6.59842634984691,6.6201213599273,6.65238481284112,6.66746326374602,6.69474868203214,6.71010587987951,6.72171630116574,6.72672574615678,6.74282294517272,6.75924370805266,6.75979926560394,6.75488683005556,6.75793821672837,6.75989114995259,6.7656543651717,6.7725050611387,6.77536669645536,6.7935637303321,6.82783192880246,6.83383110688755,6.87653458865116,6.88529510272108,6.96555131728983,6.98350219255647,7.00199612914554,7.05618073740178,7.07933064995255,7.11087066140906,7.18505630610003
"45351",13.5592110804345,13.5659986437538,13.5643530064941,13.5907600008234,13.6159947557668,13.6285181741198,13.6822155484952,13.6983975792057,13.6606523302451,13.5370950642214,13.4423548231067,13.340508072244,13.2530586341144,13.1727205270059,13.0888155301124,13.0129388023322,12.9395310808487,12.8840699203422,12.8480246261124,12.8108359017182,12.786103097463,12.7870405201851,12.809502482444,12.7848254848754,12.7904206216383,12.8599699668465,13.0021128125774,13.0385132849158,13.1136732756343,13.2384265851856,13.2791585878028,13.4150729378294,13.4283290175626,13.5997896039602,13.6593114410295,13.7235485505411,13.8459810362725,13.8906200294262,13.9456705511205,14.1120604444673
"45391",1.03854038188155,1.03612042005686,1.02973758456136,1.02509393836645,1.02402469201192,1.02708232450348,1.03474281470496,1.05064897272999,1.07183406130697,1.10776746377989,1.14860406791721,1.20064141830296,1.26164780472753,1.33722812636711,1.41114720792623,1.50759564291443,1.60459785622881,1.70315633783265,1.80195113637425,1.94196479530451,2.08817166173679,2.20329867994493,2.36385822480781,2.59017494769576,2.71851574718726,2.82444523279852,3.01597846300849,3.24708878656846,3.40492906627871,3.50939601733658,3.76068180085141,3.86836797928739,4.09450610617136,4.11677804416864,4.37736947069852,4.62460946146626,4.77268068745652,5.02213418610068,5.2912964864894,5.44029658493006
"45411",5.45621081908108,5.4525358755099,5.44516901279503,5.44155371578872,5.44397728518975,5.45273761378696,5.4639864129207,5.49919683394976,5.5293035834082,5.56757314635734,5.60632023087154,5.64903182703404,5.70257836408987,5.7604394695802,5.7917023734853,5.8461516729831,5.88213588718297,5.90582457692872,5.91795660866399,5.95674700481556,5.99559731730468,6.01588530692457,6.04171561100631,6.08611522302116,6.10029060680321,6.09669587379331,6.08855521058866,6.10017395590985,6.1084739884672,6.1197740617718,6.13688857235271,6.15921041979678,6.18008572622036,6.2288510677976,6.25503217463852,6.28289746967117,6.33359958748775,6.37788225242257,6.42524511245472,6.49046999476023
"45451",2.18200393581883,2.1785260088117,2.17951236451405,2.18005485861504,2.1803294709355,2.18130597122229,2.18826238478523,2.18928761170455,2.19445828632855,2.22344656615676,2.23245422384703,2.2581959766986,2.28858301380333,2.31254370169339,2.34749798790644,2.37343358227134,2.40488580549674,2.43413070882157,2.46332463608906,2.48557254217104,2.51630282761522,2.53130254815876,2.5395684335265,2.55019335970667,2.55642366727269,2.56254742207759,2.56883506382667,2.57688885892011,2.59086369587459,2.61211193926411,2.6273758184485,2.65880302516831,2.67679026823611,2.73348559664886,2.75609798503617,2.77972723603473,2.81824432710507,2.8427789755343,2.87315367399442,2.9170835252919
"45471",1.34020846762797,1.33655402187254,1.33603840444666,1.33764208441819,1.34060344924617,1.34616531541522,1.3634109592516,1.3742959736708,1.38864816326419,1.41862419394773,1.42915417446714,1.44092323399019,1.45484844413452,1.4758449690668,1.50519852745841,1.54237046018495,1.59178790696552,1.65294587295851,1.72699903069142,1.80050956419724,1.90026292039842,2.00604847170744,2.11588749955727,2.25481569902601,2.3772933826207,2.4958949695334,2.63230375139935,2.78102388412924,2.88826347159747,2.97937870228202,3.13256786377397,3.2217654638893,3.38841817636676,3.44374563627285,3.62625487712286,3.8210944109613,3.9560521806572,4.12526503125746,4.27658345338348,4.33768627757189
"45491",4.65119993907962,4.6450874781474,4.64783348053988,4.6522756033153,4.65593390896697,4.66351607691793,4.69357962889906,4.71917908783164,4.75554652502717,4.84234840707775,4.87346953825055,4.90457592302853,4.93174743454742,4.96372430593051,4.99283639640484,5.02404325459431,5.04989779194452,5.07482654998486,5.10228728283918,5.12179320481262,5.14661215250132,5.19620518645487,5.2463771952405,5.25519317889112,5.27693134799397,5.31138625701685,5.34511258016759,5.36536343727298,5.40357710368843,5.46143829684438,5.48075195716043,5.5427720779914,5.55872697136295,5.66294480186403,5.69253368734879,5.7720796884547,6.00522864086695,6.20901203327407,6.40238101951647,6.62899107135067
"45551",5.4126901022036,5.39451153832238,5.39187966139965,5.39840481245063,5.41382166147897,5.4402125449501,5.55946421582047,5.65231243682141,5.76088777900168,5.95192084987786,6.02401356897415,6.06567633224948,6.11260922836249,6.17844751681064,6.20528304899883,6.24259347785411,6.25348173580832,6.26566182168408,6.27324582637748,6.2995547091275,6.32537349767052,6.3502590414884,6.38036223394082,6.42047959660862,6.4664294683268,6.54375453778344,6.62375983953501,6.6934405249427,6.79667248390403,6.92230728406068,7.0253149128726,7.18360389549653,7.25428733909043,7.36496350325098,7.37403864373599,7.35735097865411,7.32657692885766,7.29149323250425,7.25962234491494,7.24797539024154
"45571",5.56736796899299,5.56025957969915,5.56943245287635,5.57310367955669,5.5746040850403,5.57782283052099,5.59702692021901,5.59484532553214,5.60436783153468,5.67217729776272,5.67931376157922,5.70964353810844,5.74067070010658,5.76870889910356,5.81260242615084,5.83538767198919,5.87783010688905,5.92508554097186,5.97604965961858,5.98057001358693,6.06152040252883,6.15030125778604,6.19709261484539,6.15780854214217,6.1677350216808,6.21272032481562,6.27018075777562,6.29580624068318,6.35806085439908,6.43377751639448,6.46284167686819,6.5792084443072,6.57805278729009,6.69519336301373,6.72685061168007,6.73651175524635,6.83615078020088,6.89113564160859,6.95060062121255,7.08279123051476
"45671",2.33774959922857,2.34026643580437,2.34799895500697,2.35226693370646,2.35886979673474,2.36672400621944,2.37852221687327,2.38508107248809,2.39448127877414,2.42152256656764,2.43179356463365,2.44859473637158,2.46585518342534,2.48647225093873,2.50791965372419,2.52710372593926,2.55210119933214,2.57840635808699,2.60926265732024,2.62700677138421,2.65609657492623,2.71916206005642,2.78565988682264,2.81676552342907,2.87683947367,2.9504763024887,2.98758873380496,3.00179297969256,3.01543849369022,3.02770485452743,3.03932410301788,3.05861234615396,3.07174844387332,3.10149657272653,3.12106758740192,3.13537781131063,3.16772497581162,3.18954495673987,3.20918143572633,3.25123836788444
"45713",7.66068030026797,7.68513341088623,7.71257160069843,7.70119547949218,7.70264731995905,7.70046269520714,7.69654878894898,7.6696093745563,7.65129103882517,7.65994593862932,7.6389620539314,7.61780114952728,7.59711628437664,7.58793808997648,7.60892884930569,7.62854577279666,7.68844610230729,7.76651461186724,7.9182986067607,7.94225661328454,8.02688960538135,8.14989191246912,8.28384878592444,8.20557659029797,8.2715968047661,8.49307681232837,8.60760710075085,8.55822207954351,8.61975214845012,8.74394724218705,8.73854307615776,8.93777184764582,8.9104524400665,9.15328073151585,9.18822882001573,9.12812662149289,9.23985122754832,9.25945240385631,9.28141612320246,9.4913515683545
"45734",3.88103649556236,3.88116919038596,3.88886609027421,3.89461654323907,3.90271838325266,3.91553301376054,3.93682267561687,3.95027622934057,3.97053658272831,4.02006526975569,4.04126019601463,4.07999206892299,4.12556723350061,4.17366408826875,4.2223171097968,4.26638121426469,4.31406953711128,4.36002874856278,4.40837324892996,4.4422319169418,4.47824483482175,4.50891654496217,4.53953362971338,4.56862357404997,4.60710628390672,4.65639973717685,4.70320614130951,4.73729109164345,4.77958685755718,4.82890545237353,4.86315430938544,4.93204253950616,4.96101742738448,5.03731237896607,5.07953907007348,5.11313700079606,5.19263645341117,5.24411820303134,5.29408247166881,5.38849648348825
"45772",2.10085478029997,2.09771185917134,2.09691052354244,2.09932436261282,2.10162646095677,2.10689346538213,2.12843384347597,2.15553030253739,2.18825521123383,2.23757909116896,2.26934182091368,2.29773926201687,2.32134029931524,2.3442238559266,2.35269578368152,2.36762260676928,2.37214056948742,2.3768543296572,2.38043526444794,2.3946773136096,2.40895864494233,2.43023865539242,2.44785431323528,2.46417823215333,2.47497107422462,2.4802964868716,2.49247247067922,2.51065227521765,2.53436905403226,2.56362372952569,2.58933233663211,2.63126461100481,2.65527556558918,2.70353717912367,2.73606996462852,2.76580916216389,2.81257105676027,2.85523174142085,2.9012941411932,2.96272712904579
"45811",4.35931686454609,4.35499250514612,4.35450950792796,4.35877502222462,4.3577944114204,4.36221881085369,4.38040705358684,4.3962519434774,4.4171231263349,4.4520837228638,4.47950025821162,4.5098659675841,4.54395458416978,4.59376657728917,4.63801803398287,4.69552122578569,4.74678487933705,4.80688621202981,4.87485520233407,4.9523314864166,5.02313813746121,5.16100809130174,5.31601218167227,5.46871518844223,5.61419655674699,5.71702178059793,5.80469645878524,5.9016829819565,5.94766814477896,5.95341894166666,5.96031919012891,5.90061840510639,5.89741715711275,5.86630776568657,5.85813712544336,5.85804344522202,5.85353373888912,5.86186447837327,5.87516983243163,5.90187252238958
"47251",8.09976087367397,8.09210621979241,8.08162078520207,8.08951651384762,8.09073946184705,8.09507697081423,8.11183584129215,8.13157858368468,8.15364681344825,8.15981771441362,8.18391832237178,8.20596279965256,8.22840746595766,8.26952335448978,8.29300655768465,8.33482481460896,8.35931738336907,8.3792704781601,8.40733436797277,8.44856520893908,8.48901436224817,8.51841344911265,8.54840054061376,8.57871674596444,8.6142315202251,8.65647075712957,8.6963737498992,8.7255637456647,8.77235441039033,8.83592327495166,8.8626304652672,8.92995651374914,8.96371478917448,9.08357334879127,9.11709822944743,9.1508226492278,9.22724195737587,9.26917510516064,9.32370695525777,9.41665160542457
"47312",11.9184151483351,11.9025425783208,11.8773630172468,11.8602128013631,11.8596909907121,11.8433753201758,11.8419972443027,11.8485879994609,11.8553329853058,11.8727657984063,11.91140770184,11.9621091492884,12.0132981529064,12.091247266728,12.1554453966884,12.2589458905707,12.3344231399773,12.4262682801319,12.5317272225674,12.6451377146033,12.7927820739499,12.9195500833668,13.0468908738543,13.2067384927909,13.3576936962405,13.5626740504306,13.8067675495315,14.0577326949552,14.3066519246008,14.4926903369892,14.6762554634387,14.7324670763452,14.7897222484875,14.7234081647497,14.6930959007241,14.6314708349223,14.5518469209349,14.5160219603742,14.4947405783309,14.4787029549272
"47332",2.81507897583464,2.81156210719097,2.80590347278954,2.80360310643222,2.80547685768649,2.80286711227709,2.80312938048522,2.81029142738852,2.81333554320484,2.81589526004251,2.82580112077649,2.84045802008909,2.85654112784662,2.8833854343052,2.90185740595856,2.93401378183272,2.95956312009197,2.98799053419182,3.01846413583181,3.06164289531019,3.10861990980657,3.14408578688978,3.18702254657316,3.24626503128983,3.29119506266812,3.33567587727913,3.38350098843265,3.44326375645381,3.4966631132231,3.54167931773876,3.6146330824725,3.66657588895111,3.74248825560114,3.79723430850952,3.87522225250162,3.95710937398085,4.01314223157092,4.08489812172918,4.15688237846717,4.19842467929908
"47371",5.70703805295242,5.70112885009341,5.69414749206831,5.69122359846597,5.69910499378306,5.70488844785752,5.7086932858229,5.73519996110749,5.74628528163406,5.74847842593522,5.76985750712061,5.79196179117797,5.83713651605906,5.9049929148342,5.94968665131626,6.01966319877303,6.06929927768081,6.10627163175329,6.13749122841351,6.20104324704542,6.25369754558004,6.28002318637824,6.3081272967892,6.35064776142191,6.35667636863694,6.33495131091228,6.29897724424996,6.29686517392926,6.29071818488814,6.28713979652456,6.29567283086467,6.30663427633121,6.32326197656995,6.36131185925908,6.37710824059766,6.39376259832706,6.42188935775442,6.44208081592948,6.4651909274666,6.50426163582758
"47412",7.30099750420962,7.29885948099871,7.29149680391609,7.28667744833226,7.29048858105426,7.2963632769334,7.30226518746615,7.33821975349216,7.35074050115877,7.34355277635155,7.36508840417364,7.38502898018118,7.42958868852325,7.47447865260278,7.48685259517427,7.52886772550883,7.54921015506346,7.56150042022119,7.5676168855142,7.61384438353297,7.66819694460296,7.67125464839928,7.68817114825324,7.73553200813619,7.75600863503742,7.77201109745307,7.78815605121032,7.82067461603626,7.84994576450474,7.87889094493861,7.91602720276838,7.95258468917367,7.98890457658852,8.05085273618764,8.0900240414423,8.13201648540983,8.18298321240244,8.22531176687599,8.27096171716995,8.32560146603731
"47451",0.0402941939200578,0.0402607153469475,0.0402948824599504,0.0402909961705546,0.0402708391308891,0.0402691859545735,0.0403660126015315,0.0402903302741511,0.0403044043711972,0.0407146763329314,0.0407705181942537,0.0562403158366614,0.109644847517864,0.17683942892451,0.277807535895726,0.358952142057838,0.460723659293021,0.580706539932057,0.708326089564818,0.815516889897761,0.944015276330367,1.1005289711341,1.26495882064453,1.4933637169579,1.65808540524398,1.8088255994622,2.04236932288677,2.30100707419634,2.49441323285678,2.64940925238646,2.92848309837853,3.08160649831029,3.33370624614249,3.37222305705977,3.65371593586774,3.92369139919636,4.10171356842602,4.33892555656186,4.57375976084839,4.69761525324051
"47471",2.49551857492557,2.49024965344162,2.49375261272735,2.49727609951564,2.50088716274013,2.5091420944516,2.5281495094628,2.52927020796689,2.54548180080825,2.60930808511083,2.62973822124259,2.66490455338393,2.69496164194078,2.71950179439502,2.76510515100311,2.7975916169863,2.84033142061662,2.88426382165134,2.93210365741821,2.96450383946111,3.00942111175321,3.05274256975507,3.09505309246136,3.13512014769412,3.17984891079437,3.23102819496543,3.27074596349439,3.30861006452239,3.35208917119032,3.39743557815957,3.4363176326598,3.48190466454229,3.52264775851429,3.58537424030972,3.62370428791636,3.66471652883346,3.71083848200484,3.75289116856097,3.79710671861788,3.84058433359207
"47511",5.20919326164132,5.20446997842936,5.20734876248833,5.21376468261231,5.21857091593284,5.22570257126466,5.2433414629138,5.25636479337145,5.27277632435841,5.32134134979356,5.34397488496324,5.38626752261073,5.43727153010165,5.49038387411367,5.54734334313749,5.60078566759721,5.65259999752699,5.69932055752743,5.74469118425391,5.7799413188954,5.81976233818963,5.83935668346194,5.84497438772625,5.84944023648383,5.84836685237793,5.84631744040042,5.85326879603694,5.85833623404709,5.87908926757143,5.91681657106349,5.93268070262014,5.99179079857571,5.99940746533333,6.08829915971496,6.1135704815353,6.13002607362528,6.1962119541703,6.22103383429327,6.25231620612565,6.33886531069871
"47531",9.27385340492756,9.26537956163605,9.27493953957859,9.284835469927,9.29074666111079,9.30111400880084,9.32766279664744,9.3408017972537,9.36176351006097,9.438881132057,9.46328677879359,9.50465074078331,9.54217455931961,9.59077856061838,9.64457138901707,9.69949380809706,9.75946045803986,9.82214775401352,9.89400155053735,9.92744634862151,9.98513483617638,10.0525631018015,10.1231386370866,10.1472845378186,10.2165547920839,10.3306482918332,10.4233292684395,10.4659778286592,10.5536444383512,10.6623297498235,10.7095467008266,10.8560045115726,10.8794704592359,11.0720697339466,11.131225153344,11.160652067674,11.2966851491084,11.3555652070219,11.4265979377556,11.5884771262491
"47552",5.32615450064067,5.32225588900225,5.33078735189309,5.33688251892302,5.34164973764169,5.35004401252211,5.37234436358645,5.37794221675103,5.39422813936895,5.45906544699787,5.47761500512006,5.55044234910052,5.63710743266898,5.71333501240894,5.80500087585923,5.86751697634957,5.94505954069308,6.02210183742672,6.09364415057993,6.14010182140329,6.19195086562793,6.21549464439961,6.21665896631031,6.21363548227438,6.20289012283004,6.18579276306227,6.18140161260459,6.17895286241687,6.20189259967403,6.24769939407956,6.25753423068456,6.30747826676425,6.30771255911805,6.39669591227756,6.44468144325466,6.47382486893959,6.56676670222451,6.60355144564184,6.6559164362985,6.77144298316325
"47592",6.36102345842338,6.35523286852112,6.37465820578715,6.38630603577347,6.39996208779172,6.41991460183246,6.45069519931649,6.44716173385914,6.46878312697688,6.58728290697789,6.61539564343351,6.73911805634492,6.87346049663905,6.96098041420407,7.08709879791287,7.15271326382969,7.26746385089233,7.38060957188849,7.49020657881648,7.54306471757459,7.65771958470085,7.69546663561609,7.71550619468056,7.73353845824233,7.7656983803881,7.82823157131742,7.90892874624932,7.97022844010469,8.06152369483717,8.14478761052258,8.15141592435883,8.18221397733591,8.14987142461642,8.19131197932771,8.21453791155876,8.22711679478734,8.29972984898089,8.35467215380873,8.41847054952851,8.55508168371117
"47633",4.51589078002156,4.51154247450968,4.52070337152388,4.52495763602533,4.53325032088313,4.54377170765594,4.55616534422854,4.5502706917342,4.55819606838694,4.62334191699613,4.63270616499608,4.66068017243512,4.68820503119998,4.7132548116999,4.75340607084577,4.77725198541587,4.81854783752416,4.86407846752843,4.92245207860555,4.93180432519501,4.97144903799004,5.02051635562339,5.10432103545139,5.16538168694001,5.36494714595602,5.68654013380256,5.81431357118376,5.77314855948728,5.7657856648716,5.73916489963897,5.72014227325738,5.72119900864192,5.71445855025667,5.73892093183596,5.75200520867875,5.75817439734403,5.80692596398329,5.84038931198026,5.87601652515996,5.96686032666129
"47652",3.18468488662364,3.18410061997888,3.18757821650914,3.19267235091401,3.19759001449154,3.2059371398973,3.22147760334328,3.23383977897813,3.24704117559621,3.27904423116552,3.29678282241735,3.3212788083655,3.34617260936116,3.38026028176335,3.40974766596956,3.44317333378274,3.47627595647404,3.51139087630486,3.5502296172118,3.58285336612375,3.62129578852682,3.66016080438352,3.69906110126157,3.73764604034619,3.77903819372873,3.82726686085083,3.87303892573756,3.91290231738169,3.95936333826954,4.00746166428445,4.04903401417362,4.10254718954008,4.14243002915032,4.20579433883746,4.25357673336444,4.2985013303362,4.35854661074549,4.40941597232987,4.45928370221425,4.52200592648223
"47713",2.43087826165263,2.4282047791442,2.43104219158585,2.43461484245668,2.4413331296478,2.45291002812214,2.47463335744004,2.4959128561264,2.53117655616673,2.61271204276965,2.6680649867475,2.74230221471774,2.82840185469777,2.92592474582867,3.03436780974003,3.15475296988817,3.28351034978422,3.41968305012344,3.56784886525619,3.74441534472485,3.91002378782507,4.07207103001895,4.2478715896492,4.50180758193975,4.67388252030657,4.77848623943027,4.93474669258725,5.16933991325004,5.34085373639313,5.48087424110898,5.73420672276383,5.86118530467118,6.1564556518646,6.29933616268281,6.54614185685204,6.82209517626854,6.91316225291898,7.06938490315802,7.23840641584862,7.23056313536875
"47771",9.42081072338859,9.4146851161723,9.4161056339928,9.43228282177479,9.43023072080495,9.43267092349329,9.46413769761181,9.50285339202118,9.53610383678483,9.56902834742309,9.60252582524224,9.6352331236741,9.67422987158078,9.72685172867481,9.75550723379524,9.81412384589729,9.86231518233298,9.91538056515502,9.96996434643884,10.0363098939008,10.0808268395668,10.1275032954407,10.1694293420917,10.2231751351661,10.2726917423041,10.3208317796288,10.380080397053,10.4305604359671,10.4950652738904,10.5690131397838,10.6213877436456,10.7349349301739,10.7692670759766,10.8869036435185,10.9452282054623,10.9854962888571,11.1017272389521,11.1659106145016,11.2219033567491,11.3615340185391
"47791",2.09327661288332,2.08450906241228,2.07521454749376,2.0710508396417,2.07119391662722,2.08160349932926,2.10566144546322,2.12982231645898,2.16376519383162,2.22293807322318,2.27284101339228,2.33174489534449,2.39790083427543,2.47809012590355,2.55515801579453,2.65070080148328,2.74076771168759,2.83906993153677,2.94232144491952,3.1000387167489,3.20976428205647,3.32368551064059,3.44132953305925,3.61365176615014,3.71785820589887,3.77856907750662,3.90618312693962,4.13501178039882,4.32505327744852,4.48593886391657,4.68757775155582,4.73943114318663,4.82881865876976,4.7801188585271,4.78046738990998,4.81812518371095,4.77512160574371,4.81700953072604,4.90241676148158,4.9131715824946
"49252",0.791122421631855,0.787965471093146,0.782775082914935,0.780331541780881,0.779116760651163,0.781867509074096,0.791506106369801,0.802893300149001,0.822626914865011,0.860429182009212,0.898165239340308,0.942139081184685,0.989926283991676,1.04777166682852,1.10974078526282,1.18897594696226,1.26212447162855,1.33245006580347,1.39927942431689,1.5163167659094,1.62287364362459,1.71003376570683,1.8189192362819,1.9610649439495,2.04982620419623,2.13171674112227,2.25264434286477,2.40671001120372,2.51609821977829,2.60950637100975,2.78934479589557,2.88047085982697,3.03994720682989,3.06862893837601,3.26588678088989,3.48897547884222,3.60648713072336,3.79384339110131,3.9778013224353,4.10453754646349
"49311",13.9620879850398,13.9627614815718,13.957072259009,13.9697136410384,13.9994076898459,14.0018275446655,14.0688841706797,14.0829281352869,14.0402198263764,13.9230421294028,13.8165304908605,13.7023505240544,13.6005947069972,13.5075552515275,13.4219389081922,13.3391255489246,13.2721760851563,13.2230541360944,13.1984980245463,13.1633657533115,13.1458216023545,13.1588643534824,13.1976218143128,13.1733688801325,13.1923685103398,13.2857389305248,13.4489326214779,13.4846391978296,13.5677369746869,13.7181503213853,13.735039824919,13.8787511905264,13.8819877008539,14.1092901672214,14.1263789971033,14.1275900753342,14.2272074549182,14.2308316405715,14.245914297278,14.3889169289104
"49331",0.613840797819242,0.610461190003204,0.603604391244384,0.59861893105699,0.598065436274195,0.600569263050788,0.612114383353353,0.628324923625737,0.658686545250946,0.719398801513877,0.773612213182789,0.830553085391116,0.886098593300573,0.949214441221238,1.02152818120532,1.10949503168789,1.19155866074825,1.27574923400561,1.35444516135402,1.47510226357182,1.58513487275015,1.67122919134057,1.78541475784018,1.94719005079954,2.03129609980977,2.09289799296796,2.1786087598687,2.29115337940172,2.3620103123831,2.40678022447182,2.55625524839795,2.62026277139486,2.75568814123312,2.77009599042759,2.93598498017088,3.11202444030183,3.20791671830211,3.35547870319188,3.5011632947233,3.57776042675606
"49352",5.86876029262927,5.86292298325115,5.8595878243681,5.85578088533785,5.86205463747576,5.86155221665812,5.86634662469665,5.88344435390605,5.88700063972444,5.8842072623857,5.89624446707747,5.90739960089337,5.94690785308538,6.00432533809906,6.04896154595591,6.11081935422562,6.15330540369511,6.18638540587056,6.21346465821675,6.25913711640112,6.29431634735455,6.31276806514963,6.30169887783248,6.29622882332139,6.27506956587588,6.23660620544468,6.19541969748746,6.17954930006832,6.17326519297729,6.18415246475947,6.18800717351585,6.2179469789401,6.22659254870137,6.2910008623728,6.3041033459101,6.31929676038201,6.36047466532071,6.37776461819202,6.40009446205323,6.45818480023343
"49373",4.76369129881362,4.75827462037684,4.75316590530651,4.74886009085183,4.75486635118985,4.75643625858774,4.76171689048652,4.78523118839,4.7934210865787,4.79177967913081,4.8058991239567,4.82169335260163,4.84471636935754,4.87718001211901,4.88933575311866,4.92007035733087,4.93228831243564,4.94163320841086,4.94989426732432,4.97975983342798,5.00505870507413,5.01502804852155,5.03110058741467,5.06047508094904,5.07809479407885,5.09556946233795,5.11008872503524,5.13149957879159,5.15289810044031,5.17445368108214,5.19822669564803,5.22365967291469,5.24722546858235,5.29167291226413,5.31686937029546,5.34432698357827,5.37959799495962,5.408004549185,5.43885858537005,5.47751341304568
"49394",3.53041234954068,3.52464889235613,3.51604943191706,3.50791394941029,3.50816211581882,3.50985582246549,3.51337316750738,3.54289417798581,3.56382915947136,3.5847853181539,3.61536604517473,3.65108259202161,3.69006778041969,3.72680549177301,3.73709559659245,3.76545623907936,3.77720799883127,3.78450042258475,3.79058530225745,3.82787053285324,3.86678433200346,3.88647746559167,3.94389149926757,4.03182475309221,4.09353291365528,4.14819602517428,4.19925619425868,4.25365735372052,4.27006760068515,4.25193810190893,4.25246678807873,4.22601637584065,4.23099716015483,4.21606199040406,4.22792182269776,4.23717880438702,4.23800549594006,4.24670972024674,4.25780641302641,4.26320664784844
"49431",1.48870979949285,1.47986974493196,1.4682943899905,1.46111069698388,1.46224790428689,1.47284329814686,1.49958798322585,1.52005503940118,1.55735739387246,1.63600216484607,1.69133143287475,1.7667349404309,1.8385694436816,1.92586064686653,2.02882261936811,2.14813798678147,2.27356704807091,2.39953586530836,2.52888954252252,2.705709081156,2.92054031495282,3.06379021779788,3.24685631011858,3.52132442688247,3.65655219898298,3.76364211288109,3.93546341194118,4.14322680134727,4.26713128460098,4.33365620690105,4.52896791829331,4.5889832000054,4.75134047609799,4.72639645904974,4.89106429847439,5.04909845998565,5.12043770192484,5.26245361205764,5.41225866376144,5.4625540554134
"49453",0.976283080639479,0.975515597277917,0.975563401969341,0.975819492000388,0.975837356320978,0.975908795456649,0.979481175295144,0.985256806568747,1.00144901150075,1.05671131433153,1.10121897526924,1.17615940327106,1.26356282835586,1.35723881959647,1.50993840431001,1.6542272453984,1.84782347836161,2.08137665052774,2.33664764438466,2.59338561277584,2.89972218092211,3.21442444070721,3.57162549760726,4.06838174412566,4.44146061175116,4.84772028246218,5.4582018738638,6.17908680761006,6.75981667259879,7.21698211559029,7.90833265625893,8.23922277494117,8.5535741236553,8.49856037333777,8.52615810099537,8.49601360314092,8.34654804378306,8.3051696669935,8.26346730219775,8.09752666040308
"49511",4.51561229380408,4.51060176757781,4.51303020607367,4.51746980495897,4.52061846085983,4.52604332177663,4.54094040952343,4.5487110495251,4.56107151528847,4.60494644041876,4.62208527975053,4.65160752061713,4.68281883557545,4.71732333572008,4.75800155905647,4.79535141019234,4.8351878034977,4.87400630489108,4.91639980738949,4.9425706616762,4.9894282717906,5.02218268662825,5.04862844014901,5.06897250781241,5.10590121161983,5.1866966136189,5.28216209271422,5.35307138753684,5.44052254623658,5.51172043936443,5.5275496016225,5.54637676248626,5.53313444666658,5.52928684665083,5.51833838143163,5.50920397250148,5.52056952535308,5.52604077857354,5.53636957527125,5.58142028548348
"49551",7.43518500013197,7.43229899591883,7.44308277934799,7.45478773993896,7.46408970737667,7.47813025028694,7.50896545084554,7.5257236881532,7.55059407147971,7.62513676580381,7.65116136134241,7.70704151516192,7.76808002003394,7.84025059118148,7.91693646476791,7.98449159151261,8.05630921137607,8.13302541587147,8.20857463612703,8.25429026570014,8.32180633348805,8.38561628566964,8.44051805166514,8.46810361014924,8.50126854442949,8.53613011801622,8.56691703106221,8.58273283718049,8.62112848194039,8.67528449495094,8.70057162722807,8.79574378189927,8.80799325092969,8.93466476142327,8.98714829161045,9.0120929943486,9.12098508919449,9.16917883360288,9.21783272167623,9.3461323215409
"49672",1.98923428118158,1.98490451590626,1.97708701769801,1.97682267870694,1.97645719142416,1.98373094686787,2.00348794013275,2.0286682330128,2.05166692539193,2.080428180337,2.11460923060453,2.15149923905787,2.19062267354463,2.24386166182783,2.28504414421556,2.34776218184531,2.39372034887909,2.44093538035654,2.49295844399738,2.570063944659,2.62949183058567,2.6916299530757,2.76446195861007,2.88094497522674,2.94074089671886,2.95884514303376,2.98945677621801,3.0617747904032,3.10493759062238,3.13975713977154,3.21773464602939,3.2398582636006,3.3290896180825,3.36504126872118,3.43967675215988,3.53197032337571,3.57795776641883,3.65471428980361,3.74670821001262,3.78028720688476
"49751",3.67280563142583,3.66950962291446,3.67022621914522,3.67367255987569,3.67288817151486,3.67455469009411,3.6856247874838,3.69743040249101,3.70849547113875,3.73260622345288,3.74679247229068,3.77026532007563,3.81292660296808,3.86225588845129,3.90740336148188,3.9547555076702,4.00120849379455,4.04482504125316,4.08729382614574,4.13203119520455,4.16210331901081,4.18119632313762,4.17410057742416,4.17355636888351,4.16192792831085,4.13945032387801,4.1225370473716,4.11695574699512,4.12047867079343,4.13996768176302,4.15945036001161,4.22068958697484,4.23877288282036,4.30514542744768,4.3348656215022,4.3595736225868,4.42583108074908,4.4481321119049,4.4618885017238,4.52301059153492
"49771",0.478737418480292,0.476744179482756,0.473713860631804,0.47206722056573,0.471227079000611,0.472675526780356,0.478258516261075,0.486121515325195,0.497014469847308,0.514451522344648,0.53224082987086,0.558934563588641,0.597580991470393,0.648872110219413,0.720900826162068,0.799425456813062,0.895824892038366,1.00135328962191,1.11128704777589,1.24940976129449,1.39787697358225,1.55004903363923,1.72402095375806,1.9588677487293,2.11312180643776,2.21405685774397,2.3745717332433,2.60425318604883,2.76977604036056,2.90647717425635,3.12294925395588,3.21102924736468,3.45822837729735,3.5464305636536,3.76899844967533,4.01794472520363,4.10060362710591,4.27538506317431,4.47627273740304,4.51376798094028
"49791",5.99231134807816,5.98494541108462,5.98373778287023,5.98910770879544,5.98475522919083,5.9836098040739,6.00093185736614,6.02156348193636,6.04357380171292,6.0760742856991,6.10882585719817,6.14471132133451,6.18421912712278,6.23852786311174,6.27912005487438,6.34302407938759,6.4031177958991,6.47381014239299,6.54763911339544,6.64224659480924,6.71422937652787,6.86266529352702,7.04882386849533,7.24769900242288,7.41828706430636,7.52879506114002,7.61254306084552,7.71183468593494,7.73358684400286,7.695582077021,7.67129452751465,7.58697506639829,7.5804085120787,7.55473569436006,7.54966747916272,7.55088280636047,7.55199369358361,7.56435950393968,7.58229248191813,7.62020548700437
"49811",17.5481916415611,17.5363906438652,17.5559109328934,17.6201973331259,17.6226093520278,17.6273717765597,17.7596385067285,17.8222327427623,17.8200309629667,17.6773734765895,17.5625915404771,17.4070009002886,17.3013719849258,17.2217330765002,17.1346379518389,17.0886188943001,17.0307510994598,16.9822351840987,16.9247014102208,16.8802146434108,16.8377620297779,16.797992131675,16.7537558951553,16.6957753763564,16.6664553250422,16.7036407557828,16.8165129514839,16.855827550082,16.9424301421635,17.0662567788975,17.1195269450553,17.3856605432496,17.4008608594525,17.5856932855209,17.6715789928423,17.6999925538017,17.9131917150939,18.0122503031299,18.0772475118894,18.3366673734679
"51291",5.66940834126537,5.66464718762189,5.65196418784805,5.65064361136524,5.65572480827448,5.65835100784641,5.66466231180974,5.68932056019324,5.70752343944903,5.70339146171905,5.72887937824508,5.74730688175743,5.78338193151192,5.83948362928996,5.87745135986655,5.94924183199501,5.9880308407477,6.01923314399101,6.04627610685506,6.1152725236458,6.16578307118343,6.20140995598531,6.22330152255781,6.26161807697385,6.27300199651805,6.27627928153913,6.27580324513484,6.29530893133999,6.30775713589106,6.31700899844151,6.33852219431246,6.36035240023537,6.4080570930075,6.53507980943675,6.65234203133963,6.77496539675205,6.92789324871614,7.04553019056967,7.14893380860297,7.26132999437513
"51331",4.9857263746372,4.97541526370841,4.96778266951367,4.96033026363171,4.96354119312587,4.96174983958948,4.97424851729319,4.99702621379406,5.01309117572495,5.02039340203996,5.04593618363585,5.07472049268153,5.14782299591329,5.24070483147584,5.32059067214872,5.43535383763732,5.51830024351413,5.58899739600651,5.64209364371539,5.74197674183057,5.8130330004115,5.86672323635068,5.86657474656035,5.86641396239894,5.8287699309368,5.75083321736295,5.65163573924078,5.61685734666265,5.5857812452651,5.56113542514137,5.5534937152427,5.55356363589234,5.562019710873,5.60029526043517,5.62264619858768,5.64796822530307,5.69117778929426,5.72083103387928,5.76232730235519,5.8254774685436
"51432",0.955561838623733,0.950242908719422,0.941043825848041,0.933696467354503,0.932328104416904,0.935636987773327,0.950846344377848,0.970004675718726,1.00319652118116,1.0695746570356,1.13029343489331,1.20257206665851,1.26788206348498,1.34894047169736,1.43853309706858,1.54730562619041,1.65484804277846,1.75606770088335,1.85858046369815,2.01507939814202,2.17497255897665,2.28628532729174,2.41531035942638,2.6192945146808,2.70676683353908,2.76388002706773,2.87608006445895,3.0340716056031,3.12893587208344,3.1819373655047,3.347865984325,3.39839904464898,3.54823046471671,3.53969077290034,3.70040090433334,3.86214792620001,3.94094956503144,4.07231549567741,4.20786609020011,4.25482698485966
"51471",4.82558143169431,4.81874969011252,4.81444375728857,4.81323982487594,4.81671854164346,4.8173477343755,4.82721495510076,4.83183374546704,4.83585272922873,4.86392334592437,4.87885121368015,4.8998072998082,4.92344211165089,4.95152280146814,4.98078445375242,5.01104756332134,5.03877063464869,5.06421085562455,5.09449928357809,5.1154601833993,5.14450365337048,5.1640507938852,5.17961213076741,5.19069254974826,5.20419095930465,5.22666369748094,5.2474457224493,5.25753212685827,5.28016880831562,5.31381680588101,5.32717993953227,5.37008534221827,5.38103994858716,5.45240065523069,5.46986455409232,5.48469907956382,5.52875585792895,5.54915131977362,5.57117858609488,5.63076158689557
"51493",2.74419530512303,2.74084972962282,2.73729867440258,2.73798258014263,2.74192004426859,2.74452985147893,2.75418644791829,2.76624670674267,2.775495796933,2.7928376397755,2.80923918559662,2.82585520707822,2.8472658405796,2.87603829100704,2.90392075084844,2.94313655445379,2.983050347187,3.02675729592563,3.07939174118677,3.1383524796493,3.2075892471336,3.27410598746494,3.34497801707581,3.43997978489992,3.50701323421274,3.56751494233917,3.63545191857042,3.7225785768859,3.798662432727,3.8619169578959,3.95481355990008,4.0060299476537,4.09904249104496,4.14241657656827,4.23461368311727,4.34862059026365,4.45042294494496,4.596855192238,4.75394104087188,4.87400376710493
"51592",4.23700331107954,4.23724549336556,4.23631538489465,4.24580022478469,4.25671815809103,4.26995260592176,4.29403569560525,4.31727057020737,4.34205237053843,4.39242921306411,4.42334061259794,4.46648987927029,4.50875965596127,4.56435919278225,4.61793610764183,4.67744504647364,4.73486301768617,4.80178577225099,4.86937929157326,4.93450437865678,5.00571652944269,5.07564592469675,5.1502026530266,5.25961869920072,5.42802839965628,5.6803961433912,5.86172546342158,5.98504621448417,6.08509099539324,6.13400129999786,6.17107382493817,6.12068911527135,6.10684717385913,6.04658748586848,6.01566347700092,5.98747428864044,5.95688578035862,5.94917787987887,5.95203541375123,5.96249152336481
"51631",2.54531173266155,2.54208500752521,2.54002800804387,2.54237250349242,2.54629744492003,2.55062116863713,2.56496384398669,2.57625668263246,2.58968162961397,2.61833450054472,2.63639705229686,2.66111579281633,2.68729914753232,2.7234994904365,2.75824064942049,2.80116913346655,2.84156186605395,2.88647105702076,2.94046048332967,2.99263078959177,3.05190497073784,3.11234716874751,3.17605171006939,3.25412330189788,3.31451098248477,3.37222976786131,3.43835983481059,3.52246197400391,3.59531397175459,3.66555464826585,3.76088113064363,3.82122090272559,3.91627196026896,3.97202850179469,4.04792672068051,4.13503431432436,4.1850571871669,4.25318130084396,4.33118069911188,4.36461140532304
"51651",3.70051266156133,3.69866059186856,3.69152654499732,3.69261594308866,3.69528777962288,3.6964390682658,3.71579178591618,3.73834464708349,3.75727502592047,3.77189417363096,3.79852372736319,3.82714839475019,3.88652259070283,3.96850291110087,4.04241070856523,4.13725399060293,4.20965328354892,4.27554060098604,4.34367631744981,4.43149981403596,4.49265488010696,4.54263709968442,4.53822003925055,4.54572813977195,4.52026621185815,4.45183780812066,4.38286617919006,4.36006948671122,4.32870550132143,4.30215182774538,4.28824337908287,4.27388315693186,4.27054974566298,4.27996942047951,4.28992277482835,4.29876706647104,4.32894986907221,4.35217456029486,4.37356105987831,4.42457317241494
"51712",6.08508973839525,6.07909353353691,6.08006118419399,6.08471333853091,6.08805486275727,6.09491627816293,6.11534298784626,6.12857741438728,6.14614412657594,6.20304185297142,6.22548279145818,6.26269532127716,6.31142504849266,6.36931890316515,6.42210575302341,6.47651297470101,6.52736178170387,6.57750300651867,6.63275437958385,6.67235212078097,6.70178892306825,6.71914740244245,6.73093553322674,6.74199776084112,6.76540948292224,6.8101088987755,6.8636369301967,6.89196851575976,6.95045541901005,7.02093510343346,7.03635100272015,7.12480877055878,7.13481169584953,7.23044556139339,7.30569188782794,7.41247688042766,7.69648604874611,7.89979469340219,8.03038687399313,8.32228007923399
"51771",7.44233833995597,7.42700931552986,7.42107817718405,7.42069304697532,7.41792292057888,7.42155427621178,7.45165586938312,7.50720430115337,7.56963854169458,7.68115061305,7.75534345638132,7.83083396290089,7.90927574145547,7.98606286019609,8.02144613558504,8.08112644575149,8.12895505088183,8.17377897294195,8.19762935398964,8.2524427129937,8.27321623862055,8.29420932229258,8.31181627307512,8.34841251623995,8.36478115532891,8.35325838430095,8.33590563527187,8.32353107912697,8.30882015749229,8.30510191217512,8.2980827598279,8.33746964241571,8.33422707417232,8.38421068063995,8.40793619531104,8.4162673913664,8.49153274743614,8.53222849418119,8.55925292045072,8.6705832710387
"51791",2.54785978909709,2.54317730081005,2.54002961668876,2.5407585058986,2.53809162429534,2.53738055984352,2.54636758274766,2.56058210293913,2.57464454425734,2.59457771381594,2.61938475239894,2.64711749383101,2.67954410918771,2.71846780911333,2.74728840174696,2.79239128365145,2.83495630100229,2.8840998006233,2.93362642482812,3.01005738040585,3.0663163609627,3.13327471324117,3.20198280986562,3.29754618666756,3.35053047566314,3.36411835490165,3.38610902837386,3.45149989274129,3.49613522616781,3.53292581914773,3.59903770578681,3.61786307792335,3.6919189918107,3.72922110386614,3.79863322271926,3.88119474708145,3.92209329379103,3.99449139984132,4.08235405324338,4.12521389329766
"53311",2.33675821560239,2.33402531586645,2.33099416841787,2.33062022377272,2.33266682198347,2.33267420219616,2.33281388603476,2.34087173778471,2.34892025543133,2.36103982286239,2.38715109670487,2.42100078846027,2.46161059315702,2.51510960425979,2.56601115690902,2.64104694358784,2.70471589585262,2.76823613269622,2.83483918686464,2.94131812885575,3.04511026404668,3.13875801823381,3.24702259472708,3.39401190167021,3.484013202577,3.55657160017821,3.64480130099372,3.77797340634097,3.87629727108553,3.94257931417304,4.09503219153495,4.1693524734428,4.29762778455561,4.32478242095957,4.47558378442846,4.64085001936103,4.7291161481928,4.88072788721422,5.04781611461526,5.15559043726761
"53431",0.226290346359747,0.225913202195424,0.225470116889901,0.225173926930657,0.225363520659689,0.22514084001734,0.225350252775949,0.226234058385642,0.226437463148342,0.226176118408379,0.226751179816871,0.22636127968754,0.233319016747062,0.251641738198988,0.29016363107401,0.333777466459428,0.396680700566485,0.47849001623638,0.565210391362357,0.637971497598095,0.742797269055957,0.862857925966151,0.988773302637723,1.16428419279549,1.29982319984038,1.41523120729055,1.58936120132873,1.79232196950298,1.94505462414223,2.05706515242821,2.26577383344089,2.36221379451431,2.54237917399372,2.56957013641044,2.76517446209672,2.96499932907937,3.07485000400128,3.22731115661055,3.38422154547706,3.4598559171818
"53471",7.13569540601172,7.12909631686555,7.12632975385575,7.12525826112829,7.13724984439579,7.13377795861215,7.15029175433348,7.15171195259101,7.13730768979078,7.11455940576553,7.10099859921228,7.08542607586541,7.07922467699587,7.07603776938436,7.0681538607327,7.0661883996256,7.06016797988562,7.05506008935529,7.05855373470383,7.0519209577239,7.05721078629424,7.06579522254097,7.07420902468334,7.05755706547994,7.06393189185206,7.10018424938592,7.14391667452573,7.14568731082834,7.17565387052658,7.23104607997755,7.24110834811423,7.31302155726054,7.31912401930472,7.46465635654859,7.50158691940952,7.52052029967046,7.59963495810398,7.60891411130966,7.6077388018775,7.68900288467663
"53512",8.43373336379302,8.43184870956435,8.43011353399462,8.44004694884255,8.46237079948049,8.4670938005421,8.46431049970806,8.49774177427216,8.52178876853417,8.5423418607994,8.57683516924979,8.6304715199214,8.64362335860477,8.61903429762553,8.55668151145799,8.4942365710923,8.42730926696591,8.36995755351252,8.31853356711234,8.28923036013204,8.27037038655798,8.26845301828265,8.2821155074477,8.26087450964718,8.26335448443287,8.30457251892615,8.37094977734138,8.38424398616335,8.43417885097564,8.51331058199562,8.52591669781233,8.62993473844046,8.62134874104806,8.76118562345795,8.77938476373373,8.78636630074203,8.87801227082661,8.90043287656465,8.92264324021642,9.03331168991136
"53531",6.16981383294195,6.1641334177121,6.16357486683807,6.16711086152955,6.17045415892229,6.17523639514145,6.18902023909933,6.20790603915301,6.23009490093835,6.29254020591037,6.3212230383149,6.3531813873107,6.374506696392,6.4000156416774,6.41330240813534,6.43363804972339,6.44765163671175,6.46177785656531,6.48132334799452,6.49109412950876,6.5053724091547,6.51857759308263,6.53134668113372,6.5315897052473,6.55269749499474,6.60525389673121,6.66175952700378,6.67964029517351,6.72999500364986,6.80067329761104,6.81419691696223,6.89325773004836,6.90216904987098,7.02104135488511,7.05822644991644,7.10489582709487,7.27197933658259,7.38971799238601,7.48502616449053,7.63846361549349
"53571",1.45937938627622,1.4582240910688,1.45866206164163,1.45968913617203,1.459971221933,1.4608167796038,1.46317524364149,1.46380422920471,1.46647793584883,1.48296972360206,1.48945917625789,1.50256999213508,1.51992482469861,1.54325289979192,1.5772710832908,1.60836588658265,1.65031658880112,1.70291969296291,1.7616958491718,1.79448358753504,1.85143625015163,1.91959244196196,1.98600777149055,2.05892129949354,2.12029372907857,2.17666004071455,2.24323385605371,2.32407856582771,2.39489404533155,2.45874791099843,2.54887386524597,2.60088635374644,2.6975724306182,2.74883682507768,2.83365099241303,2.93804534187491,3.00055768054475,3.0863759974568,3.18207084908313,3.23677155864563
"53631",0.663205431959711,0.659521569258983,0.654448415420883,0.652755206264907,0.655503827884803,0.66230756780186,0.677593197977743,0.6969335102256,0.73177271341581,0.795111286183013,0.848889161478012,0.917611324709988,1.00084908585786,1.08955574202711,1.19340930599493,1.31288880469606,1.43681961974339,1.56649092602088,1.70782328772499,1.88706609112599,2.06217248080765,2.24194310852528,2.46058057067259,2.73926135280877,2.90150366734656,3.02674284274873,3.27836866451797,3.61916161343646,3.84698978912848,4.01455011969704,4.24006950233929,4.27248642912591,4.47406151043097,4.48502045093516,4.64666485533949,4.87966136914056,4.96290244880793,5.13242846783366,5.33866508593592,5.37799416968502
"53671",5.65719238831697,5.65233052215476,5.64540610711067,5.64785178340891,5.65209083362935,5.65400094435719,5.67624259382649,5.698853272374,5.71756527251028,5.74164386112173,5.76527051410545,5.80106226001597,5.87672354505917,5.9735295369093,6.06480587552763,6.16743529677808,6.25382056968638,6.33513424961579,6.42034131558612,6.5123633091991,6.59207143279583,6.66043100995978,6.67331641805914,6.68696735813986,6.66192106635028,6.59097369082734,6.52212993618064,6.50008693361898,6.47553328109989,6.46132802837839,6.45358677715172,6.4664670519403,6.46680964374374,6.5057432620975,6.53174600750913,6.54623819914941,6.60140912803578,6.63187061183087,6.65435846517408,6.73286295597913
"53711",1.95413956964324,1.95040651075296,1.9473767914058,1.94862517952387,1.95059781345956,1.95547330910582,1.96891458445198,1.9827323379777,2.00023670863379,2.03997181406271,2.07078498916098,2.11014928823662,2.15621260460303,2.2123586891443,2.26962604518435,2.34022852481351,2.40888623261611,2.48236138153265,2.56596956086022,2.6696612454594,2.76590492464091,2.86648523706183,2.97064377460034,3.11641512315324,3.2114695766586,3.27445092832363,3.36558253731812,3.50850672859573,3.60579112798175,3.67649566581094,3.80718301885113,3.84442098838031,3.97828306263336,4.02488008433608,4.13130065001087,4.26963819591319,4.33027300966526,4.44139380640403,4.57165576389411,4.60416931958637
"53751",3.41423850609255,3.40653295340718,3.40153761565542,3.40250855522354,3.40219034389633,3.40761412013053,3.42710721732264,3.45519370991409,3.48523758593583,3.53878208182419,3.58812225531181,3.65535177969236,3.73885810884583,3.83510886438255,3.91969616768848,4.02057254191369,4.11005329032091,4.19242943281045,4.26478610707349,4.38772434699228,4.46453442303252,4.53004786941993,4.57184077255981,4.6530264894223,4.68441511866052,4.6711744706003,4.67574701998599,4.74463614423337,4.79055353130362,4.83179306910638,4.91185369560567,4.94607218717936,5.05146896589742,5.13271111366136,5.24708167849735,5.37383752320715,5.45259980612877,5.54679704007612,5.64526149136893,5.6755290745115
"55311",6.22771613752249,6.21562964138912,6.20404629822801,6.20214220185916,6.20465931988455,6.19898786242739,6.20685299678596,6.23048993083326,6.23861955649218,6.23629625648322,6.26478330072333,6.28360716087211,6.33246877654174,6.40891069369185,6.4712759768853,6.56691734049988,6.62822375837339,6.6694680090001,6.70186197901208,6.77806380527607,6.83108422072225,6.85432472740808,6.83923133345853,6.84040007410101,6.81617041516864,6.77439609617394,6.71925652366821,6.7031736592994,6.69041972077245,6.68438975531047,6.68550549377901,6.70004574242184,6.70973253841148,6.75724442141662,6.77042673353733,6.78387441562375,6.82273930352214,6.84765703377803,6.87480706777706,6.93363917053036
"55353",2.99008994458572,2.98287475180154,2.97853542250713,2.96966153129743,2.97502783439625,2.97139569578375,2.97806859871954,2.99781032740465,3.00941890012005,3.01029217038287,3.03033824803839,3.04459132217822,3.06515384795382,3.09117380779691,3.10172925972147,3.1311784259059,3.13754153093141,3.14177917037989,3.14947155851366,3.17767748746689,3.1949641540428,3.20748976097576,3.22198501357087,3.25877241555456,3.28053312943668,3.30123297604962,3.32110725468913,3.35751387558882,3.38993058093283,3.41560047358872,3.45564579479324,3.4808748152617,3.51736565224326,3.54383262363737,3.5854618633157,3.63589908611247,3.68743832955081,3.75438644913807,3.82630739126516,3.88906965460895
"55392",1.76537215239959,1.7591423051581,1.74811782251642,1.73723839281275,1.73703508582711,1.73479864188809,1.74569046838906,1.76582404216025,1.78344405360409,1.80454009980384,1.83582649108002,1.86873971337017,1.91469683091031,1.97784974621566,2.02203659597806,2.09821660991754,2.15413802297628,2.2090241530784,2.28169856117586,2.39458514111647,2.48516376438814,2.57066538340094,2.67187238004683,2.83361715539315,2.91360703849222,2.9793759275852,3.06560318658411,3.19359796475133,3.26591053983784,3.30468984002859,3.43060002117347,3.47246365998465,3.58731161843851,3.59009834934273,3.72318581080885,3.85169896579635,3.91781313959595,4.02237400173622,4.12728959977397,4.16226451708999
"55411",13.1943747979777,13.1689040222453,13.1502533272255,13.135256242479,13.1654017907604,13.1496929386767,13.1480611867763,13.2108959609242,13.2425961547326,13.2459372038556,13.3104977914332,13.3410405882234,13.4307538197655,13.5805521801892,13.6357842935027,13.7710931370899,13.8349627593016,13.8753146841736,13.925461482846,14.0555913780531,14.1112195034031,14.1695264379361,14.1740707869568,14.227518673521,14.1839936453627,14.0606877540051,13.8961312125392,13.8444186933446,13.7940669759623,13.7588943755646,13.751463545043,13.7560147665976,13.7635456111113,13.8205664435481,13.8428903431555,13.8674775460786,13.9217491415865,13.9550855123143,13.9958490216577,14.0892056503901
"55592",5.89590534722074,5.89760435354432,5.8929637077672,5.90977140618004,5.92102007691882,5.92760051391976,5.95084681418833,5.97492402130424,5.99420427816713,6.01929868263064,6.04108250052945,6.07008729027914,6.10404571922748,6.15103084790953,6.18757339286355,6.23899668079397,6.27397680912997,6.312950526959,6.35831360441188,6.40463640648295,6.45173404187838,6.48642081936682,6.51611130595909,6.54831352046593,6.57822447973281,6.61652190669633,6.65701955737385,6.69066162339807,6.73502316097848,6.78540492666749,6.8205742303519,6.88835111393225,6.9234715362539,7.01711070608781,7.06668993411776,7.0938485625008,7.15730452906826,7.20328293247294,7.24593931344495,7.32549503637379
"55711",14.0410389621418,14.0571070457604,14.0754925246286,14.1391754425671,14.1687687146558,14.1867142968355,14.2892542291814,14.3327034692089,14.3091029694517,14.1710467415364,14.0701606783588,13.9505451611474,13.8626076226597,13.7907702342161,13.7208655976342,13.6679207983111,13.6165632496387,13.5755589560963,13.5487863695472,13.5109895435595,13.4887802822007,13.4749139353073,13.4888752743002,13.4578009927801,13.4591451396252,13.5471518182791,13.7297903339564,13.7885143968566,13.9022057615365,14.051159586539,14.1042656083619,14.3435023202717,14.3643209800066,14.5527077365518,14.6516092003131,14.6993317735318,14.8835377638412,14.9550402620517,14.9923933912387,15.1979590149956
"57353",3.4488008259405,3.44122662916766,3.43579735230998,3.43073402928219,3.43901412932347,3.43012838340187,3.43492924955066,3.45560845743938,3.45897106124184,3.45003859533992,3.46750147645016,3.47629966177937,3.49520237062761,3.52673767701666,3.5388111531898,3.57404738603666,3.58239382648643,3.58971701815093,3.60459643690962,3.64944759842917,3.68155451718551,3.70370871192277,3.72925353103524,3.78050295687842,3.80561315599968,3.82428034961566,3.83973884814752,3.88005766490939,3.90740278706135,3.92396386262791,3.96827811086792,3.99495024116484,4.05172486984159,4.10940377676569,4.19946705490258,4.29942506778097,4.38468399038042,4.47783161708922,4.57141360408446,4.63553584691916
"57371",6.66783346869743,6.65398606647772,6.64398996121737,6.63257663602461,6.65573989930022,6.64118261200178,6.65695396509253,6.70175211649824,6.71472510381039,6.69953294462908,6.73644594209036,6.74115767308112,6.7980178108891,6.89833843126425,6.94836296050114,7.05935947789174,7.09787392053806,7.12180022637634,7.15892992801841,7.2497595932737,7.29760970292895,7.31708482625357,7.2909536653711,7.29975847894714,7.2693117568034,7.20527193601143,7.1153765243161,7.09388115669968,7.06583088585014,7.03420823474415,7.02439616850195,7.0089928406654,7.00804497094526,7.01588770225401,7.02193934084067,7.03147864745896,7.05293112367406,7.06954588968637,7.09187350236571,7.13608172365528
"57412",6.82649752835735,6.81402830576424,6.80633063873893,6.79873863308416,6.81681492607462,6.81056741393138,6.82307545870936,6.84896934852169,6.85744205036714,6.85308754918654,6.88028772855214,6.89187185530575,6.93328299401418,7.00292194067401,7.03411115746745,7.10391906647471,7.13934033063368,7.16136038428455,7.19166490531844,7.25929790598214,7.30256151859187,7.31505363644852,7.31724992466103,7.35805078476526,7.35609741572384,7.33036137359637,7.2917062705236,7.29401552049116,7.29644032320587,7.31764789203851,7.36747917853643,7.43414071686197,7.49038015015856,7.56181723593389,7.58100013478967,7.58740367139184,7.57962059142239,7.57034241944445,7.56004472001469,7.55281353345852
"57452",22.3723006901301,22.3300648203961,22.3156045989706,22.3137437946323,22.3592149647401,22.3310822898341,22.3613133739932,22.405587399826,22.3947548355027,22.2909625021812,22.2393082037116,22.2279687638523,22.1664518817821,22.0481336569197,21.8742607200163,21.7039028989506,21.5312733817739,21.3849905874008,21.2522913799764,21.1600754337259,21.0912694714536,21.0482762553549,21.0348508702613,20.962511474154,20.9454554233642,21.0096294652591,21.1253258752484,21.1111837979054,21.1631806474098,21.2838863895971,21.2864756317028,21.4595600995688,21.4381385924289,21.6990877012279,21.7384134415314,21.7498068413493,21.9022480205586,21.9344905966779,21.9607082464762,22.2106243505124
"57471",1.15238187314469,1.14748636237802,1.14082579260248,1.13568678678304,1.13447590062672,1.13095920035506,1.13582668279764,1.14587652653463,1.15564006746986,1.16411145089974,1.18182378323864,1.19923152013631,1.22522424849205,1.26220378092006,1.29905581051712,1.35192955472946,1.40767667282821,1.46837072256223,1.53434053293318,1.6344527964195,1.7386773011659,1.83853361700119,1.94663058374927,2.11124113775458,2.20521778226069,2.28061059682052,2.39501158737893,2.56084728405789,2.69241027146948,2.7815960468205,2.96601886409771,3.03292718785258,3.1845590156623,3.19716097445975,3.35418110661962,3.53360950964729,3.61835195462856,3.75572444167061,3.8982331932715,3.94306154042425
"57491",1.55238437856723,1.54839733138149,1.54302958715386,1.54073509977004,1.5421860047468,1.5393902696195,1.54518975601731,1.5540403826774,1.56221168597118,1.56534026785523,1.57730125776142,1.58562768044132,1.60132522346294,1.62567847715171,1.64941414625758,1.69000356682315,1.73076040494274,1.77771213121071,1.83043707105214,1.90889683369281,1.99411485110632,2.0904333561169,2.19855057522118,2.35324772554799,2.44282668498692,2.50933712600994,2.58882235056954,2.69365601333682,2.75961000256028,2.79053954085484,2.8948199870884,2.92323106890646,3.05148091618447,3.08108880542863,3.21328377213647,3.35811451795121,3.41913368404145,3.4755293042816,3.49478922952507,3.43696500120575
"57551",2.50535913469949,2.49973532796288,2.48868634470175,2.48913778936288,2.49098888784489,2.49317203771833,2.51025441540276,2.53159989276872,2.5524393234749,2.56555583873874,2.59083550767443,2.61963190404726,2.65038948855961,2.68943467403886,2.71390022162377,2.76222686516911,2.79176566233275,2.81579955167507,2.84147280514595,2.89556927943094,2.93387641273683,2.97295125524546,3.0153086808684,3.06829079965095,3.08917455281789,3.09421441810352,3.11220672322926,3.16001261096512,3.19643307006069,3.22619689216473,3.28478951743027,3.31012094535614,3.36412948462775,3.39372982042261,3.44597139776674,3.51048964472073,3.55258163887434,3.60882980646661,3.67450692338436,3.71708282130241
"57571",5.96710650638919,5.96559317463156,5.95321067534117,5.97141743549498,5.98164441559428,5.9854537751878,6.00945240533255,6.03954458918172,6.06369045451574,6.0632802222564,6.09202929163696,6.12244075771067,6.18072089768264,6.2666184614793,6.33179532152339,6.44153496977872,6.50874068942842,6.56257945405253,6.61450908443743,6.71411774076622,6.76962679248738,6.80050403249172,6.80299655741338,6.82572908431621,6.81366512204051,6.77366297499783,6.7437601141767,6.75787128860195,6.75983933481079,6.75317442471001,6.74924664884714,6.74329428862604,6.74591084802109,6.76857713821501,6.78669948671564,6.79975233738412,6.83530479922548,6.86384650828053,6.89380203373853,6.9574341543092
"57611",0.26699827347047,0.267033216019477,0.266470653368156,0.267135824693451,0.267800030322144,0.26795634232673,0.268971300235225,0.27020465738808,0.271041530538253,0.270965589013636,0.271783683190351,0.271931027998743,0.278719261128885,0.297807944387067,0.333814639518308,0.375367820435901,0.444137548335036,0.534097349396849,0.624965058571512,0.703506666680075,0.814047138778669,0.951355552996091,1.07907982823385,1.24476384673059,1.36373906064231,1.46429308501899,1.62936706391786,1.84094780077945,2.01320329344511,2.17771527241117,2.43334579288261,2.56074589566713,2.8159013853342,2.91433272248923,3.15149986001388,3.47792801843743,3.65829135153098,3.88953112803442,4.16903213659532,4.30451023327236
"57631",0.679460218589276,0.678776065539442,0.674921780060154,0.673997665075804,0.673556005008645,0.673305448108313,0.675750165087124,0.685539609158011,0.702437777399794,0.727899557562086,0.779986924078082,0.845498076540159,0.925369647805633,1.0210154578329,1.12604886846842,1.26396742271081,1.39011068687865,1.52241500830192,1.67322564541096,1.89975341611906,2.10281361009997,2.29422696427364,2.52879294473176,2.84155296159573,3.02688891606225,3.15553650543524,3.43873639387475,3.80612152885325,4.0558259291929,4.29710082085507,4.69656552118997,4.84908160126458,5.27806055605148,5.41748705495643,5.77096257527396,6.21889810951719,6.40539092706217,6.68042378599686,7.00112464604723,7.10479062778813
"57651",4.88370686918195,4.87864162205186,4.86876155636255,4.87650493470899,4.88500209955326,4.88603267923603,4.90561847467202,4.93556963770283,4.95253045801352,4.95669913552685,4.97932810257168,5.00471004849825,5.03569728896881,5.09310611216889,5.13581132674333,5.20357158829068,5.24045831923077,5.27237277904288,5.30331148630641,5.36736034162949,5.40807028271381,5.43392340378725,5.43857858435617,5.47065219153937,5.47492651592643,5.45860459469311,5.44914438911507,5.47197367354347,5.48685708819901,5.50357991953644,5.53222838461075,5.56062428407241,5.58869376499155,5.62787174305242,5.65718248683552,5.68369379628279,5.71882508960095,5.74936236349835,5.7803335634044,5.82572301769887
"57673",0.222173734635915,0.22169139676405,0.220735335865211,0.220516207679603,0.220559943286447,0.220668246969462,0.222090143319286,0.224897391151584,0.228475228147217,0.234126731475756,0.241879372461014,0.252640291957997,0.26630108150457,0.283798445529837,0.304021628893244,0.329353514729668,0.356328173884511,0.38599542200533,0.419277910860398,0.463613749915397,0.508878377624601,0.556255564048945,0.610191692105196,0.685862106101487,0.735609442260834,0.776840109365017,0.849436756588614,0.947534278829322,1.02111564221167,1.09017014846583,1.20050411769889,1.24852980167136,1.35746429758427,1.39276760627523,1.48486026950672,1.61185320339593,1.67618008548036,1.78602535965885,1.90934307276756,1.95995543933155
"57694",1.50536149959617,1.50231781282316,1.4951446063004,1.49299292552644,1.49298140817461,1.49693796353818,1.51233531793326,1.53653656682497,1.56326449607982,1.60045696654564,1.65065497436787,1.71085046013115,1.77736843043125,1.86011769197229,1.93566094624023,2.04124850305753,2.1278588137044,2.21279513503087,2.30578608425867,2.45573370187302,2.57344173003061,2.68577883757159,2.7940915854565,2.9682340247215,3.05086292875474,3.08747688223424,3.17303171010082,3.32740944473506,3.41725298861282,3.48870168648513,3.64807549000893,3.6730273379429,3.85608916507215,3.91491775350849,4.0891563224501,4.30682509849564,4.39902570768859,4.54127606065972,4.67333756458509,4.66789609543554
"59551",1.90711701197434,1.90362932100271,1.89502685674707,1.89638373820209,1.89783752568437,1.89659708539333,1.90832167415968,1.92392197849633,1.93902839920759,1.94247291788348,1.96270529709364,1.98224750508136,2.01491088969723,2.06258906557451,2.09947389557,2.16269277271979,2.19937628910482,2.23085737715055,2.25905296506846,2.31787408926094,2.35238684483698,2.37095206466396,2.38424441398917,2.40982372795229,2.40454570653151,2.37144629949321,2.32955229252614,2.32555834898656,2.31297560519317,2.29977634200593,2.30358659614151,2.29443734296523,2.30492469558896,2.30746386569459,2.32067143951913,2.33706150671996,2.34983417797456,2.36633043043646,2.38445244278294,2.3991757416203
"59591",6.25807375290947,6.25497667586868,6.23555146746659,6.24568486989265,6.25295832134499,6.25672087003629,6.26615910715741,6.33454703702283,6.41587319683324,6.48943467653187,6.58680157744,6.69289698341778,6.77047757583812,6.83659998902127,6.84721997760647,6.87512864555747,6.85634990799637,6.82524563012471,6.77239493033286,6.7800865677748,6.76113376242317,6.72374790487667,6.68306212015368,6.68376810522096,6.67636205742578,6.6604024662815,6.656565737784,6.66853380960743,6.68251302906458,6.7033572523772,6.71879987168071,6.76304788424147,6.7796078489666,6.84920290479261,6.88271061788706,6.90128943745429,6.96043651628833,7.00094968136317,7.03363830962735,7.1125047076723
"59631",1.09960390609932,1.09641519761734,1.08737153206277,1.08204960130702,1.08030544496683,1.08207661736285,1.09380255881341,1.11121879875557,1.13079872718542,1.15331220245377,1.18339394797425,1.2189258093904,1.25887601181904,1.3112714436166,1.36339400918591,1.43799007188113,1.49884816694246,1.56368683680057,1.63851971084058,1.75860637731134,1.8576940940581,1.94633274400751,2.05580186069597,2.20695156293336,2.29594191912891,2.34858283217913,2.45422805568768,2.61013810818205,2.70732251115902,2.79422696221847,2.95313115491445,2.99670586279071,3.1715177521557,3.21908741768434,3.36958644916215,3.56206605445508,3.63048482522111,3.72312010976634,3.8362949722569,3.84997354612848
"59671",3.73559335387332,3.73792467661252,3.74072960358493,3.75596859793253,3.76827245474251,3.77404092431238,3.79534985536099,3.79987969339046,3.78763245443331,3.75084584659197,3.72754386907103,3.70357697512385,3.68717479819191,3.68914554968588,3.70181134156962,3.73224900642804,3.77518284256126,3.84187634646032,3.93297363039242,4.005733210956,4.1210996129082,4.25945330646597,4.41901697827603,4.61408889358406,4.81288394164444,5.01319179130649,5.2324308190437,5.50700952420147,5.75697766476093,5.99771947842404,6.33566595619446,6.49278729353669,6.82010840788232,6.95449263758465,7.23291301302915,7.59230760141901,7.77234049514849,8.0640502025863,8.40401890618332,8.53008052837068
"61351",3.49815172131343,3.48584209792727,3.47851129484453,3.47691824478967,3.48053404892913,3.46676412238899,3.4597292274498,3.47436289647536,3.4708128730401,3.45815935688079,3.47107323460369,3.48184456017235,3.49172389593153,3.50990381648148,3.50530127276859,3.5159136629741,3.50504142789437,3.49542658467665,3.4858480030157,3.50390588255455,3.51956352463385,3.52024074505466,3.53965201856492,3.57379766443805,3.58488655104167,3.59020633657384,3.59498696217265,3.62083496006043,3.64510495535525,3.66587758053999,3.70722549189574,3.75167945526401,3.81183904313776,3.86221844129017,3.91548038982487,3.97255274695721,3.99594863161139,4.02353557939383,4.04866550333984,4.04846786226012
"61391",6.55360073542862,6.53429499661292,6.52446965989963,6.51976907121449,6.52746427575147,6.50831079650221,6.5140277042977,6.53688887094036,6.5379298574275,6.52855629801504,6.55533640666581,6.57345062281885,6.61419639074095,6.68283256489446,6.71650477580371,6.7865238147526,6.81598329709716,6.8377883697453,6.85787095601294,6.93487690396628,6.98783848244141,7.01763802849469,7.03892138651073,7.09040983229936,7.09896751162402,7.08706759798031,7.07303659578898,7.10169865407296,7.11434991044993,7.11198758913528,7.13309653772052,7.13865377762117,7.1669942940249,7.18815660167179,7.22149897286044,7.25913086745249,7.29308543105733,7.33058473037002,7.37265530383004,7.41545929726514
"61511",0.183204045841951,0.182808640299376,0.182324572309155,0.18219175926282,0.182375426664911,0.181928418864968,0.181848646687883,0.181899045638986,0.18255879960172,0.184146871265873,0.187182647380692,0.214952593559559,0.31964191975912,0.482751470466872,0.724088031949049,0.923503886899176,1.24936570705655,1.59379963746803,1.99468065028642,2.26403835685855,2.63657160621676,3.08704263408375,3.48035815843703,4.09419034110503,4.57262721573801,4.98070778565411,5.55234784556729,6.24084566818103,6.7137093073919,7.05297628500695,7.65962383429557,7.87182379319137,8.32959479120287,8.3486578576415,8.77693395083686,9.31603760697762,9.55388001218739,9.95098050250662,10.3545848221816,10.5067076615037
"61531",5.09734247909355,5.08579111515691,5.06921336993,5.06475984173018,5.0699380106484,5.0566420554908,5.07519632458866,5.09257721434247,5.11490195641781,5.11406455508672,5.14864160074322,5.16902077510685,5.22437754463175,5.30187158791818,5.36680048982546,5.46393065728571,5.51198482149327,5.56760392091548,5.60906342505561,5.69540196209042,5.77076169277099,5.78262397204137,5.84806793927823,5.98393380974696,6.05179985272949,6.08434801359495,6.09980301176524,6.14815550121099,6.12724859976824,6.05650823338701,5.99658886838188,5.90827955230839,5.87329800729964,5.82342306331423,5.80322603232718,5.78508134668455,5.76478863989976,5.74993267998213,5.73804965830688,5.73682596413519
"61612",7.15375583504672,7.15248293202685,7.13678568691318,7.14439353261772,7.15450581071259,7.15905385773495,7.18458450269708,7.22589636275803,7.253752416032,7.24190405083057,7.2681731793595,7.27395170205241,7.33815912097871,7.4478520038205,7.54955439581805,7.70675960366847,7.81073736707569,7.90031734398527,7.98762240054484,8.16672057601054,8.28468903433934,8.35877940200155,8.37244315526876,8.41034663203014,8.38645929200156,8.28966036687594,8.1735564924706,8.1564598122482,8.12182842325394,8.0889376581811,8.08990790543597,8.06334264297295,8.07416698498652,8.07912301721943,8.09601565800934,8.1380397075255,8.2352115109041,8.36716833699833,8.49841468364242,8.65407663193705
"61692",3.4945568456047,3.48916199210343,3.48134317586188,3.48170759400264,3.48177643989103,3.48384756580056,3.49558756372807,3.50886669033538,3.52079829909716,3.54723195590118,3.57097921972846,3.59953738963119,3.62979731939328,3.67357410311137,3.71202584929901,3.75655284028548,3.80953773219171,3.86158011479006,3.91903727906648,3.98845123919135,4.05431572075141,4.12753046977581,4.20210389473191,4.30319054402616,4.36861599962847,4.41337512429985,4.46312211256054,4.54709572979948,4.60744037217444,4.6638751807853,4.75075982364098,4.77803534063375,4.86174516726162,4.90216795157465,4.97656287263834,5.06647190305182,5.12456924541936,5.21741467458886,5.33307812785218,5.40295617275873
"61751",1.85101238287987,1.84677112193834,1.83660477537903,1.83017074174689,1.82509772116832,1.82294210299444,1.83456544014696,1.85764460995432,1.87728832669526,1.89106000111041,1.9264235059204,1.96363411781087,2.00856932176007,2.05824284987055,2.09792073455202,2.16318939448948,2.2082817126333,2.24605481503035,2.286159780056,2.37748514557113,2.43873325073567,2.50525012662399,2.55913919010351,2.66243276441363,2.70738372474254,2.71260964972249,2.74740052249349,2.84565496529915,2.89868708420835,2.94438747093179,3.03940588612472,3.04389398585529,3.15810044224987,3.19384634577842,3.29426020255438,3.41387006688259,3.44851735222179,3.51668167337088,3.60505889988372,3.61205176351029
"63491",3.72924744557757,3.71934502400317,3.70650221306976,3.70156273626105,3.70207489042716,3.69159649141665,3.69527175882362,3.70293171774518,3.71184991442803,3.71751610234033,3.73664879354118,3.7538456970011,3.784603049536,3.82313002137016,3.85428636129797,3.90826862219224,3.94374788649312,3.98423064296058,4.02336771806773,4.08501040569512,4.15291992549221,4.20611018754171,4.27109390651694,4.36527319065247,4.41681797324562,4.45921715493631,4.50223307931724,4.5846619236042,4.64725104792043,4.69380180577314,4.78421264877137,4.81654149010454,4.89009972253636,4.9108694032963,4.98208952251631,5.07024746584893,5.12237966740965,5.19850722167562,5.2807742232402,5.32332694120736
"63511",0.968191511178827,0.965987003610381,0.963450781665245,0.962867768103809,0.963985660006077,0.961410990240432,0.961238293519208,0.963112011969359,0.965542090193202,0.965049015451308,0.968382637219169,0.96955796264836,0.971049063804766,0.974250452374583,0.97693527703717,0.985554385600527,0.993299842077451,1.00632720947617,1.02424883747219,1.04241925130174,1.06714815978931,1.09474158328008,1.1271059885514,1.1660102658614,1.19252848476244,1.2147898493775,1.23652772261246,1.27094471892778,1.29501151308928,1.31369367072534,1.35249165333876,1.36814466779343,1.40233695209704,1.41197273010171,1.44511849098518,1.48701677907877,1.51081234690463,1.54609744446238,1.58462994015446,1.60435886942914
"63633",1.38019120643521,1.37765892138606,1.37062881699756,1.36608755705124,1.36572946795504,1.36292755955543,1.37141566060957,1.38580285315851,1.4006365629836,1.41034707783896,1.4334817066735,1.46413312612174,1.50052952681595,1.54481846123335,1.58490608955117,1.64994965603745,1.70316445035952,1.75186530945993,1.81521984051544,1.93081016231809,2.02889001351265,2.11936717379302,2.22180800285154,2.37133797862979,2.46011243160822,2.5241417891459,2.62605317685988,2.78995233016563,2.89978847012939,2.99245375796088,3.15511957211734,3.1822019820654,3.30629804834186,3.30757196040909,3.4076046518853,3.52622760819694,3.54418500656223,3.605135049662,3.6891957385302,3.69041941156984
"63651",6.23284966603088,6.22735864880813,6.21537467113749,6.22094336568614,6.23288752812658,6.23020283467326,6.25212156686092,6.28967301019773,6.32210136963245,6.33681202816404,6.37282561910265,6.40329048277193,6.45902727454632,6.53069221574878,6.59127338555081,6.68364510966712,6.74162084449806,6.7802851119929,6.81652679139855,6.9127673115461,6.9630455726549,6.99133968625754,6.95942729316096,6.95731584714635,6.9264217613915,6.85398316459925,6.77133608681145,6.74471709377656,6.71522436689572,6.69191397392389,6.68151981028285,6.68143782746473,6.68357030352371,6.71190673502139,6.72806308208153,6.73960103736204,6.77684793633773,6.79980351934046,6.81594844679281,6.8704396661096
"63734",5.10164463530042,5.09482852451442,5.08063890217779,5.08038488997613,5.08409472582704,5.079352395434,5.09262240031456,5.11650633479204,5.12849547855676,5.12453594106318,5.14328818883047,5.16330572047697,5.18908289374852,5.2094659262569,5.21581513276308,5.26048503919943,5.28373025639064,5.29748397268627,5.30836428213202,5.36554158847553,5.40233447813045,5.43029672479285,5.44640200031933,5.50809152331478,5.53724616141869,5.55659862112404,5.59591756916822,5.6728263232275,5.73303920262753,5.79187680500042,5.87809765914182,5.91469070026293,6.00229632912216,6.05826789255238,6.14029883058843,6.23892129162001,6.29840971631097,6.38117668344895,6.48336043391173,6.53737533443967
"65431",7.88480473243811,7.86788254729729,7.85038809937268,7.85495646386747,7.88701938416271,7.87006704892859,7.89406455639327,7.92916545673651,7.9296203294996,7.8809232053608,7.86789470092614,7.85011994779364,7.84064571137232,7.84071786393795,7.81073672026805,7.80200736379602,7.76526034393638,7.7234822945415,7.66651630895568,7.6561337522432,7.63389145065891,7.60406318356411,7.56427378378915,7.5435260976997,7.51899373067698,7.49173112957516,7.46775730454921,7.45259847148262,7.44769029605967,7.45863510147354,7.45842616705142,7.4898756775331,7.48619165360538,7.55277061535406,7.56340256160381,7.56661058873696,7.60827453029118,7.62100087896028,7.63581465211935,7.70600580417957
"65491",5.60227471203244,5.58526865355773,5.56550444654748,5.55989820608258,5.56461608304767,5.54653433974741,5.55292050248641,5.57014700325124,5.58417422313529,5.57713286413302,5.59731587915061,5.60782745020886,5.64322215889882,5.68934737047717,5.71431158743646,5.77531327269708,5.80293181705077,5.82867986705612,5.84391388156981,5.90090926479313,5.94526931778687,5.97371817723452,5.99175385910691,6.03523087343097,6.04139768710611,6.03071536298298,6.01547126586627,6.03766306918003,6.05270920633052,6.06650122242554,6.09800484152479,6.11584736698203,6.14581869987232,6.18249621492932,6.22025799746675,6.26212838619309,6.30485564876967,6.35421228810485,6.41247342985909,6.4765727751956
"65611",1.18240447247602,1.17758650563503,1.16911553352883,1.16266281248393,1.15968960158358,1.15692142745623,1.16364277899535,1.17380451353583,1.19032760673543,1.21662998013314,1.24715639514713,1.28489024881245,1.32601471191362,1.37624281743953,1.4232157580415,1.48492751195887,1.53815919627923,1.58716349497798,1.63673260150016,1.72307163174129,1.79197736140595,1.84246101712457,1.89642621363481,1.98155085865758,2.02442241403956,2.04859176481693,2.07741285867036,2.14787921841987,2.18486251623265,2.21128252907385,2.28300823094695,2.2841762721256,2.34618673568682,2.34138704693729,2.394591283382,2.46569927296769,2.47994908489566,2.52428928609514,2.58373246129722,2.59125582804727
"65631",2.46544655161135,2.46165428166231,2.45511398498308,2.45285696905689,2.45622688762815,2.45151952633255,2.46152278407553,2.47778059922445,2.49035248716591,2.49278320155375,2.51076954874064,2.53640013031796,2.5667993785298,2.60373162295121,2.63165465238656,2.68654380194878,2.72714986290696,2.76481314610061,2.81399247494184,2.90993665793351,2.99305337145677,3.08382059304223,3.2084320342784,3.38493731475419,3.49317816090088,3.56512463064466,3.62792793893512,3.74609669911739,3.81715934641956,3.92365933558523,4.19795525226944,4.38535260196207,4.71482907435504,4.87099665600708,5.14564801087652,5.43372535497891,5.51771468649461,5.54030132971397,5.51604497858778,5.3739022047129
"65691",4.10211850233484,4.10084029427895,4.09371365181775,4.09803743489967,4.10564254104797,4.1033108619193,4.12100221940263,4.1433488585009,4.15729529420132,4.14965138750672,4.16339633668918,4.1785659365752,4.19662696699738,4.20984048966406,4.21623277909138,4.2380817944128,4.25263014860475,4.26038247352045,4.2680463967359,4.31284099547387,4.34228555139612,4.36699079167702,4.39458330834466,4.45418961534384,4.48417985228637,4.50068386379822,4.51426495944843,4.55246325489239,4.57168400028342,4.58642946549854,4.62031146429211,4.62251742418649,4.65830178777815,4.67923222382333,4.71202406590372,4.74944968357419,4.77355491668672,4.80786378243866,4.85100873833448,4.88269160208369
"65711",0.917615910965907,0.914909084978285,0.908713971342632,0.904330366656907,0.90271813042656,0.901561315871038,0.908446898640424,0.917479641765761,0.927566753720498,0.939019738092446,0.954409715562815,0.973280879832867,0.995804541518498,1.0216387394519,1.04902210427278,1.08817871863121,1.12880837867761,1.17073474018886,1.21953531246986,1.29418925207885,1.36540356195002,1.43744565148163,1.5104793881486,1.61934209284391,1.67916856430705,1.72139831807921,1.79386738932983,1.91458290593519,1.99717130295244,2.07586485253504,2.20801258176592,2.24772811219355,2.38354152339353,2.42562013769682,2.54326345333804,2.6845989021266,2.74026920896994,2.83948091567257,2.97112609013175,3.00920627121963
"65731",1.1422498724798,1.13926575583177,1.13192093375863,1.12668976559976,1.12400383784019,1.12100635548593,1.12621498685884,1.13832285429621,1.14982251060674,1.15924006451346,1.17538595980183,1.19109408071288,1.2077579456761,1.22875736730904,1.25701212281862,1.31385204378927,1.37923728300249,1.46300686591605,1.56941945307361,1.69392641805394,1.83678292990383,2.02586753074728,2.21037239936367,2.46274264778192,2.61751359968203,2.72556755076428,2.88776112073359,3.12939535658979,3.27903832461252,3.41701980805792,3.6503972289689,3.70439009419636,3.95209610953757,4.02355196427828,4.23372636542537,4.49711384670073,4.60146067641854,4.7973667301076,5.0536602674575,5.12968646339373
"67391",8.24721069776285,8.22007110679335,8.17934748591404,8.16574302750697,8.18499484001337,8.15061548167677,8.14753974355557,8.19132722937883,8.19838197280033,8.16127494128372,8.1980033001746,8.18724572675013,8.22635629312234,8.34391281015415,8.42521079228656,8.58039947748439,8.67575890371166,8.7325238125644,8.75262059217453,8.87090047576288,8.93547391698505,8.97771856102647,9.018340688985,9.07551554212638,9.05738185452908,8.98122310767012,8.8124716696509,8.7397524593621,8.65490472081423,8.56473387043388,8.50694575642634,8.44614005017865,8.42512520160485,8.39148900317947,8.3786423892396,8.36725589866812,8.36122131758524,8.36135167653602,8.366648092258,8.39382600652554
"67493",4.8904050545319,4.87383406453601,4.86111440602616,4.85517525184908,4.86129701113713,4.84520304854314,4.84128535412507,4.8593993539159,4.87999690802699,4.88932298360273,4.91450369397966,4.9455617079295,4.97751720354879,5.00491505062423,5.00530587111605,5.02022948723978,5.01176622688161,5.00040254948122,4.97760557704399,4.98883756821489,4.9901834197126,4.97741209713605,4.97555009906459,4.99101598017558,4.99081982869881,4.9792013979872,4.96295804301731,4.96085716840447,4.96524958791905,4.97547721860999,4.98126542297,5.00096881596867,5.0076022870878,5.05058837399633,5.06646466617152,5.07700130858476,5.11405735315311,5.14348863239703,5.17476106336548,5.23473390459554
"67574",3.00243262226305,2.99221293754682,2.98004457483088,2.96889564097874,2.96664022566091,2.95307825114824,2.96061120101074,2.97500331413247,2.9905536546486,3.00064394427713,3.02516800414523,3.05596679429933,3.09991275538928,3.15593856502729,3.19706698959478,3.26100753970867,3.29943119387644,3.3446554937872,3.38405618269469,3.47421351299081,3.55897189479911,3.62124024240014,3.68694782365758,3.80146393387693,3.86692223688065,3.91206708165621,3.96264576382954,4.06436344795878,4.1185853798614,4.15526178131826,4.25205488097415,4.25821397474478,4.34088457584245,4.34120347013403,4.42325844103371,4.5317259239277,4.56844149623894,4.63405422847852,4.71306904483722,4.72563852139332
"67611",4.33090775159647,4.32223285180283,4.31228612717799,4.30897732047071,4.31772594239338,4.30846881067036,4.32104229435008,4.34324635048231,4.35485195854456,4.33988132972657,4.35114417930217,4.36418044390414,4.39295556523647,4.4381418341369,4.45659363446338,4.50518976687474,4.52902006784074,4.54773340189814,4.5496821084685,4.60191291354254,4.62513874634016,4.65076524949406,4.65934108478521,4.70812047897904,4.7177348226639,4.72174083635725,4.77654863390662,4.90929274541376,5.02966403548194,5.13193052489355,5.26917739546102,5.27851509137442,5.3157980918228,5.25798931007745,5.22247544724703,5.17873263863414,5.11582082365959,5.08094471791085,5.05790890331486,5.01925622822668
"67631",9.15947715004981,9.13749604374107,9.11968075743574,9.11904209819598,9.14354242541618,9.13130039721574,9.16386002912072,9.20807894570956,9.22877786494113,9.20692609359847,9.22043953348843,9.25047746918661,9.28738303847696,9.32445489062406,9.3162175523751,9.35642804996356,9.36109766264635,9.35289240487026,9.33008799219669,9.38339836877755,9.40861177536846,9.40639403127981,9.39500543834845,9.44465639556516,9.45584094659656,9.44784123073894,9.42652360104733,9.45525399537493,9.46887623484361,9.47686306308555,9.50815103511428,9.51162203828274,9.54070417860431,9.5748214490629,9.61033444664898,9.64785491402471,9.69143796170689,9.73279873617333,9.77370290007504,9.83260077135195
"69553",2.20507739478906,2.19688466444829,2.18691949387336,2.17728910490761,2.17635503279614,2.16334404083888,2.16923260207683,2.18015255289929,2.193044757375,2.20186879811775,2.22348325213951,2.24937884576041,2.29090891719089,2.34881617777379,2.40076246861434,2.48637484860128,2.55978926176052,2.6530249939589,2.75705787731824,2.9162557506473,3.09457071428975,3.30028054264498,3.52698115096587,3.82692581002783,4.01909278803644,4.15250779958484,4.3052866481091,4.54711321711104,4.70175861278666,4.84315205151956,5.16015963768483,5.28387466491543,5.54486753446996,5.5763357046906,5.82676628380226,6.17205794127922,6.3838895818647,6.8224328585813,7.35914756484586,7.7467595541657
"69651",6.33727775147106,6.31771704955961,6.29568973273025,6.28173344090519,6.30353210359843,6.29427362964211,6.32499930913099,6.36743866692772,6.39152732014612,6.38001020371982,6.40963881836261,6.42602794170336,6.47721133871701,6.55517215923851,6.60729788150271,6.70938004486131,6.77473398418951,6.81452035671513,6.842727077837,6.95892753453161,7.03040741085358,7.07493787731429,7.05868722906148,7.0817079887447,7.05148572844206,6.96698283050914,6.85469010950701,6.82685649104548,6.77621788832252,6.71570353709619,6.68677573313659,6.62301591711309,6.61027865873614,6.58240760359154,6.57548198444215,6.56942214216446,6.56117135455528,6.56154261159671,6.56518977231064,6.57858465676078
"69711",1.56921939518386,1.5658445520349,1.55781839538035,1.55337041128699,1.55340235710427,1.547989638775,1.55572076526506,1.56617691306119,1.57511097073506,1.57734409895452,1.58833868465985,1.60141275317591,1.61416829630788,1.62985492754944,1.64296622663684,1.67170454085449,1.69264377349027,1.71257648795923,1.73529970304855,1.79668560762671,1.85046186086533,1.89919792806195,1.95152507390043,2.03636069801779,2.0765496703246,2.10085763767003,2.14771937218229,2.23983633845279,2.2999974966661,2.35012362679134,2.45295528385096,2.47500765901689,2.5757107677731,2.5970878070568,2.67720681293263,2.77205601720223,2.80096481325992,2.86481063965263,2.96254645819904,2.99385997680932
"71433",6.51977867158427,6.49678520671106,6.468268030599,6.45576531872751,6.46620103811848,6.44859941121043,6.4378707669919,6.46152945699751,6.46214625735607,6.45876721824038,6.48271810817872,6.49343860473148,6.52618131546098,6.58614192054022,6.61565312492473,6.68425346840502,6.71203306192309,6.72332619462721,6.71986851323227,6.77438568349788,6.79955315276035,6.84177273490973,6.85761913387702,6.87105755913915,6.85077591283399,6.80879034308313,6.74467478302588,6.72994827195651,6.71589306210819,6.70124789746793,6.70019621354661,6.69751771795227,6.70254844682388,6.72540943960102,6.73829653622766,6.74989846395258,6.7732206269425,6.79134267576487,6.8136134520618,6.86224150602493
"71492",0.620500967112993,0.618300871910411,0.616664793019511,0.615776548765913,0.615686673686977,0.614345979617829,0.615032078762142,0.616440060760633,0.618059115765922,0.62168636007461,0.623640887414235,0.626439728272398,0.63462666344033,0.64864092239226,0.671967797176321,0.702819351742507,0.746387259560547,0.804867873391866,0.886348309801135,0.928338138886341,0.99940077729665,1.09947380855408,1.19206670180829,1.30967695515038,1.39937729630629,1.47378380183661,1.56296513912571,1.67860089700383,1.76871424160678,1.84603286323839,1.99402834364935,2.0601539248122,2.17968355320937,2.20202689731028,2.3159674321128,2.46668670063366,2.53888063652135,2.64502487499863,2.75382355813216,2.79650815515128
"71531",6.72068106579564,6.69816582648074,6.68494277991292,6.6776521931884,6.69103870787215,6.66733719594098,6.67406763201003,6.69493248616974,6.70548582015819,6.7001137097706,6.7137189587209,6.71230713729409,6.75109784402197,6.82038174355247,6.85691298805024,6.93601025303805,6.96889330734489,7.00039900992847,7.00819278485523,7.07575092037891,7.12685772645733,7.14875621199727,7.15961346232908,7.20034211705401,7.18597257337594,7.12760774613161,7.03980265424992,7.01986116628489,7.0036282984049,6.99655058935329,7.00322676518109,7.01218850642621,7.02392282016926,7.06479762564176,7.08921302721206,7.11148016398056,7.14949997778075,7.18461854753071,7.2262986178057,7.2977871179714
"71553",2.92866997982271,2.91829734449237,2.91087297128378,2.90546790533694,2.91059400207979,2.89760279766322,2.90107008437122,2.91004352861627,2.91583082169008,2.91291925349524,2.92188899350359,2.93212477429721,2.95525321344869,2.99141514186692,3.00829094372043,3.04143254658656,3.05375364305912,3.06759273724705,3.06733583663991,3.10249751309541,3.12841275187495,3.15034469224483,3.17208946852089,3.20581093520094,3.21272410464669,3.20244040218069,3.18982406168241,3.2174902764444,3.23896924580076,3.26148384904525,3.31343004619171,3.33543801448773,3.38003235052732,3.40329479976454,3.45479959778561,3.52212825471825,3.56495040361456,3.62275205966204,3.69695585161388,3.74963544027766
"71591",5.7193723661082,5.69808383960858,5.67798166667739,5.65683144885896,5.66424078636298,5.6469229199602,5.61825749486215,5.66417752967595,5.7206361165143,5.75958719188461,5.84619367069433,5.99189678818209,6.1226074909906,6.203645269938,6.1961000663854,6.17927037856715,6.13300729559746,6.07159740513455,5.96078732129896,5.91948346673874,5.85169695879449,5.78344333098273,5.70551180031721,5.68481843453658,5.65474835776523,5.61074964344396,5.5557141825035,5.54054067081478,5.52477857548192,5.51167550463288,5.50521853675211,5.49956863323192,5.49712561931747,5.51524314686976,5.52525703314445,5.5359383479798,5.56514206866533,5.58589759921323,5.60333332104687,5.6491186568671
"71613",6.01923824144507,6.00109471031862,5.98669990165065,5.97023095864489,5.99055539111074,5.98626783570651,6.00461481571166,6.05072501066977,6.07792470995543,6.051438656296,6.09050796146426,6.15497401020347,6.22747420074896,6.28840231058514,6.28456456583972,6.31778887686624,6.30280634836709,6.28742337535545,6.23440070202991,6.28007914070435,6.27672666956881,6.25992669912085,6.23912189582324,6.30251157251335,6.29808375894237,6.24939576707716,6.16614361107818,6.17784701317062,6.15769936365569,6.12345181895407,6.15260697713634,6.10322253107523,6.13501245309717,6.10204516622245,6.12733336400722,6.16165612569899,6.15533410585515,6.17900225408068,6.22233118394617,6.23418770231732
"71632",0.281689847475785,0.280445851859325,0.277447134630402,0.273786799199405,0.27245813549961,0.270959346662485,0.273033509866467,0.277550709669328,0.282630837648935,0.287426306083816,0.297279634943364,0.310323483631095,0.327648990442466,0.348627478966911,0.367611223363148,0.396366126122098,0.420716881331379,0.446873402896819,0.476902549193906,0.525231271820074,0.572903305335769,0.620184077260871,0.678919710306532,0.775638929738689,0.845246477044087,0.904322231581913,0.995266605450389,1.11446074725676,1.21001234516435,1.29841681422724,1.44767725971412,1.50586542585292,1.65121394157634,1.70099590460682,1.84883737941938,2.0258344711492,2.11634836614123,2.24270994958027,2.40465272584591,2.4871784525386
"71651",1.991717467403,1.9852441722401,1.97671005076889,1.96950648439657,1.97586927278542,1.97053987648834,1.97718619332876,1.98945485432554,1.99531368600318,1.99381697545107,2.00930340856167,2.03112122567123,2.06227602832788,2.09701510803661,2.12015969749915,2.16700561398926,2.19652810980854,2.2252342836744,2.25272372645934,2.33245571128648,2.40065597634557,2.4516734369697,2.50452018238874,2.60680212634674,2.65017131435871,2.66906962062669,2.7138647196367,2.80323009283589,2.8604140037935,2.89885022491725,2.99742530221083,2.99818933394619,3.08357231140786,3.0826550432716,3.1526538772011,3.23308679301354,3.2452985371567,3.28238787385847,3.34315338415439,3.33878351819002
"71671",5.96400183201828,5.94625633379745,5.92642843752753,5.9155016285214,5.94896448135349,5.93647608487273,5.95943954140011,5.98992988656234,5.99955942392847,5.98244715511078,6.0031418658303,6.0152179993279,6.04112019118185,6.07231320177107,6.0795650868472,6.12628261113329,6.13935320601466,6.14498852330138,6.12545812846681,6.19506281480421,6.23712215105966,6.23880703309028,6.22817656769715,6.28576609217653,6.28832589394124,6.25725938824656,6.2284897960123,6.25645061010597,6.25701035676677,6.24019279816065,6.2602731599593,6.21434101160578,6.22905113370196,6.20358776826748,6.21379710045735,6.23027752348594,6.22378705495677,6.23472253266417,6.25780901094139,6.26297351498751
"71694",18.79991740997,18.7553139523653,18.69027738594,18.6690931863877,18.7418101246292,18.6964922120268,18.7762989202251,18.8809787755948,18.9280504940666,18.8641748967969,18.9226614652744,18.9724804799702,19.0402850085924,19.1134929959963,19.1161766770099,19.2475705364804,19.2599018255469,19.2436427639085,19.1513633506027,19.3644167226811,19.4749657509778,19.5040792721172,19.4772357474056,19.6619520597149,19.6634368200336,19.5456602916103,19.4248619010406,19.497470959214,19.4638190417066,19.3845230249882,19.4450803956394,19.2901302310086,19.3681905081806,19.3011762952341,19.3750530207813,19.479073211505,19.4749482021495,19.5284775209524,19.6194854884144,19.6067580260697
"73453",6.84269182256821,6.81633550893501,6.79625553160851,6.78677026866588,6.79032450338145,6.77298039673263,6.76781909525213,6.77705134168108,6.76669975132859,6.77631743936615,6.80647017672671,6.82152629725277,6.86429111706232,6.92536185403906,6.98341792883905,7.06347725270637,7.1146244310349,7.17536554641398,7.24769446505347,7.34910248272205,7.45597198777133,7.54129388531433,7.64741305222309,7.77212870939944,7.86373164323889,7.94420298559922,8.01690358757929,8.13520145536973,8.24033030372652,8.3326623365725,8.4836589468936,8.5650328087732,8.70811762320646,8.80333338819486,8.96139360226944,9.15538501424331,9.27895886875711,9.44254131587557,9.62235938574876,9.73773182671827
"73471",1.91417699973002,1.90603974619105,1.89876010252583,1.89412444709483,1.8932298742838,1.88924001871806,1.89113091272013,1.89395519322384,1.89600038139311,1.91158835326802,1.92422690520328,1.93735948340748,1.9575976967726,1.98155643430117,2.00706863073869,2.04088840413031,2.06750566062233,2.10041628125316,2.13992753451449,2.18588018460448,2.23697200984245,2.28574612556412,2.34496059224563,2.41697963914298,2.46599792693818,2.50192330840882,2.53518898536872,2.58852614337244,2.63002641290938,2.66002550547162,2.72420580941138,2.74552811538622,2.80224666303482,2.8182536157505,2.87828796868229,2.95763430698546,2.99666462420653,3.05688220193324,3.12105439496459,3.15044790628152
"73511",7.60231978903773,7.57525888340962,7.55622076240792,7.5479468339274,7.55757813195488,7.5369265973226,7.54472602930632,7.57162319892949,7.58404136468635,7.59719636602001,7.61992608956305,7.63698274363949,7.68319052833245,7.75369921216732,7.79353869400723,7.87509896568213,7.90993727603473,7.94827822601457,7.97079533829436,8.04283440490932,8.10962880686857,8.12987208257268,8.13316322621457,8.1685051390486,8.17484367622108,8.17028945718133,8.15626527406314,8.17237284242563,8.17897448597405,8.17734699057008,8.18682673693475,8.19378413501298,8.20887836175032,8.25197832547179,8.2781714325701,8.30015465147601,8.33895632971793,8.36843187646593,8.40107727168756,8.46454468545318
"73532",3.30411245054126,3.28980278721212,3.27566265407958,3.26537877676115,3.2686450458128,3.25685727194856,3.2621135151167,3.28394314541524,3.29932033515622,3.32246034145951,3.36208230691073,3.41592920728726,3.50155271842696,3.60850976704022,3.69715920978765,3.83535965230557,3.93165277297415,4.01931152297308,4.0821697905954,4.21988632987373,4.34249512880397,4.43052756108528,4.48961184429339,4.56425560344643,4.57157649277974,4.53234213839217,4.45479774209555,4.46355647577706,4.44376434347511,4.40917821613962,4.42960827996415,4.39193842915879,4.41584027955904,4.38470875138754,4.41286836370149,4.45431215725099,4.45711084050822,4.48224851643351,4.51671511927611,4.51945833853094
"73612",5.92068978858393,5.89862850279586,5.88501287453361,5.86858833197834,5.88619806573652,5.87914854945091,5.91644990158256,5.96199481382893,5.97882907281339,5.94348164110889,5.95948346939525,5.96510965120043,5.99620802306669,6.03870205672152,6.03905883851218,6.08329319897548,6.09170739200096,6.10077127214555,6.0740704062054,6.15285621063784,6.17647480196766,6.18381180323782,6.18286039619181,6.25612506759635,6.25938654933648,6.21344258116645,6.13363608153912,6.14975955169119,6.14097208555483,6.12482730788994,6.18347134931347,6.1466020437958,6.17641130448183,6.12315120208743,6.0999510747813,6.06603465311198,6.00739265210495,5.97357849216189,5.95600009300387,5.92237164095153
"73631",0.520760571913126,0.519134977670853,0.517952348238525,0.516839013627046,0.518953780759211,0.518581902219754,0.51823563584792,0.519028564903247,0.519162103329946,0.517934041097528,0.530189186571019,0.550177682415924,0.579616338197836,0.616610305071509,0.653011702693318,0.706860591913834,0.754209248673128,0.805974148720831,0.864882175446907,0.961304246880844,1.05691839492138,1.14333047322121,1.24118015584177,1.39063543534081,1.47879617615028,1.54429346472733,1.65884904096017,1.81652643295266,1.93522662452721,2.03629985769595,2.2073441082008,2.24829610263224,2.39208315140788,2.41306686476899,2.55259685209343,2.71860891451081,2.78749587382551,2.89628311859162,3.0395956467491,3.09471564342191
"73651",6.63114314907644,6.60978421179436,6.58867335044651,6.56654811754824,6.5909233379026,6.5739646022611,6.57652057447687,6.61536762868044,6.63968375303817,6.63247241956384,6.68521558129256,6.752035691411,6.8318378046547,6.88596579242314,6.89227644500668,6.93824154481066,6.93778955411538,6.9237233686532,6.88100892505469,6.95147315141234,6.98257785918364,6.97472853618802,6.94247697587881,6.99455585194494,6.97781211634924,6.91647024979581,6.88321923459056,6.93133774137373,6.94914778183356,6.93259174527877,6.96123635929759,6.90365479478078,6.93001723348846,6.89547885117117,6.91478586148642,6.9417164391057,6.92985129584988,6.94182707245946,6.97141863651007,6.96604163075122
"75453",4.81730063684875,4.79701613396686,4.78112546038627,4.77308436577117,4.78009780990234,4.76610234331438,4.76586189118429,4.78275419977761,4.77898615281349,4.77106823684662,4.78477086280871,4.76943825065273,4.7970508667846,4.84805567627128,4.88992679148459,4.95159437881788,4.98362527170229,5.01214741054483,5.03165854771968,5.0866199271848,5.13185650252137,5.15532610824906,5.15855045929211,5.16330904785498,5.14043879726164,5.10124004205672,5.03355192453041,5.0095993531838,4.98397241760894,4.96043135839977,4.94666453125359,4.93864832418384,4.93315072780664,4.94571731108239,4.94897113613355,4.9498784066963,4.97085085345149,4.98158294808462,4.99317691925764,5.03448564036894
"75491",5.03596082755015,5.0187566162456,5.0056061121313,4.99974779489338,5.00906128821779,4.99610917126955,4.99946254472924,5.01954634105536,5.02026269676512,5.02039881599125,5.03368410170229,5.03699223937921,5.05561282194292,5.08659358960584,5.09844156628346,5.13251564947647,5.13913542126872,5.14760674095453,5.15244589385842,5.18117724142079,5.20811668481441,5.22235318577385,5.23766945672937,5.26524345042542,5.30239243914309,5.38688399025327,5.49426450238869,5.56512195315092,5.62877501648555,5.65949273568563,5.68289105419789,5.65198450031233,5.64221251895006,5.61060684197812,5.60243535775308,5.59818020067669,5.58664075647414,5.57957465341425,5.57638565622738,5.58160318108225
"75571",7.20151964301386,7.17108499021391,7.14924449888169,7.12914972014365,7.13674104277634,7.11557358946758,7.12265845997107,7.16375591048394,7.18836689139326,7.18832489455583,7.23535373607023,7.28068354660626,7.33289602260327,7.39183978319877,7.39732826128812,7.43192223658104,7.44438934489272,7.45291787682451,7.42161723392804,7.47595398133779,7.50424761530537,7.48940234976498,7.46305380538627,7.49041656558319,7.48075012793724,7.43856888555932,7.36620156797957,7.35690359749436,7.3366570128954,7.31384659898861,7.32081056356228,7.30182593693643,7.3060681035332,7.30626871443386,7.31656962964152,7.32945271952524,7.34851335209525,7.37796800743972,7.41348274902335,7.46961723652608
"75591",4.42105850504777,4.40217315680967,4.38187372116466,4.35876096366808,4.35631173646607,4.34163367996875,4.36678857046653,4.40284784953585,4.42251875396825,4.41404770329765,4.44418884339879,4.47374093185492,4.51623583070609,4.56853390964821,4.58661068741682,4.63465768059444,4.67041184430439,4.70777370471614,4.72088099328774,4.82223573991264,4.90004380760471,4.92912102609279,4.95669598022743,5.05001405973704,5.07992942764863,5.07919976996886,5.06997392768121,5.13039750013027,5.15827144476596,5.16675221183398,5.25404021315906,5.24205192773945,5.32350165690696,5.31217888165197,5.38935220477342,5.49208987073023,5.52035057208613,5.58213364285695,5.66099464989634,5.6773661029667
"75691",3.33559923737823,3.32263236065959,3.3115277664617,3.30028048673254,3.30786486676725,3.29598802979385,3.3109588250243,3.32939255620219,3.33763743999689,3.32475991855412,3.34086183166789,3.36181379618692,3.38916550669992,3.42571284666692,3.44679381688228,3.50278015492657,3.51770334671868,3.52904416002538,3.52116215870395,3.59359358488678,3.64312331481186,3.67013769588517,3.68132442574603,3.74679475189015,3.75695376352146,3.72836274701228,3.69999849399773,3.72897217788557,3.72937740342684,3.71923390255387,3.76820204223666,3.74242531820373,3.79336559694634,3.77668041064644,3.80042295135352,3.82373666821478,3.80458861123333,3.81107385167596,3.84055540084941,3.83045208605731
"75711",6.17348124174688,6.15234821277429,6.13817949831885,6.12726349013866,6.14988161227135,6.13549681245326,6.16748681633841,6.20789556407082,6.22283146926229,6.19445753083833,6.21219938399254,6.2151037672009,6.22825157019181,6.25374728973906,6.25731576231792,6.31619977876837,6.31778642747784,6.31334067849189,6.27206757619251,6.36031306495079,6.42412826513385,6.44042895753137,6.40906076811515,6.45766191416483,6.43767756483569,6.35619576335191,6.27965298569726,6.3117789084533,6.3065521603087,6.27092342087943,6.28532353288814,6.20453491880762,6.22317384126799,6.17075974949178,6.18680948487772,6.21397806877818,6.19121043961358,6.19011591759665,6.20549583105568,6.17546173040538
"77473",3.51759555424842,3.50449320008538,3.49401538053321,3.48810497092617,3.49786428179227,3.48751772987047,3.49140387922813,3.50395652875638,3.49902058899949,3.48480515601407,3.48617670159317,3.47675945433999,3.48188960688303,3.49918611093312,3.50539213310307,3.52569951535635,3.52863823392598,3.53715983706507,3.55241431411054,3.58103567803075,3.62239241974305,3.64714423345256,3.68416744269309,3.72846591889159,3.75980417101152,3.78710703411469,3.81131805961397,3.85246450695717,3.88837495484623,3.91776716524527,3.96724539494208,3.98906245956236,4.02965453659823,4.05149086198321,4.09679910615986,4.15671695305307,4.19822274952136,4.2572686357937,4.32499286663727,4.37880293326677
"77591",1.49586458185621,1.48983421889734,1.4873421721892,1.48658242097771,1.49336914885263,1.4915768515517,1.49804818580689,1.506134866671,1.50434122071904,1.49078434192188,1.49222273991207,1.49448896762238,1.50352284265989,1.52190885305306,1.53192663948331,1.55939048971081,1.57971573770935,1.60541496711044,1.6322023271969,1.69953630142683,1.7711876265172,1.82489763054879,1.89647222933292,2.00675535304624,2.07026005631564,2.11668832671454,2.18797003012473,2.30264633686843,2.39525193945255,2.4740956448122,2.64756501373398,2.71229568278139,2.86244135155998,2.89281158950477,3.03524646252293,3.21194032923368,3.29497804720956,3.42142238640691,3.57673138457218,3.65400481329244
"77611",6.858977464527,6.82734230919371,6.80802388944631,6.7950734187644,6.81434168531149,6.79847970389865,6.82272846945104,6.87105031340841,6.88366055156438,6.85172129995439,6.87052540632228,6.85189058198059,6.8763243399171,6.94798659101527,6.98766674073054,7.08566482606488,7.12887807224858,7.1743419706225,7.18136208187316,7.29567365514513,7.3669250785273,7.41336236847992,7.39785896652983,7.41689344687471,7.3734004612093,7.2817444785103,7.16472665940896,7.15822915883169,7.13626547028614,7.0899944499519,7.07604512494643,7.00563682604749,6.98246812080827,6.92756082327792,6.9025011645012,6.87775163499101,6.85093677760392,6.83758831776042,6.83103282582438,6.83095635846166
"77631",7.28918681935497,7.25696419647549,7.23085468204996,7.20127113290663,7.2138971855088,7.19125422739711,7.21288035093705,7.28320209936432,7.31355260635004,7.28528164960057,7.33397184047103,7.36558145962393,7.42486277251825,7.51523979657434,7.56626928373515,7.68725818452374,7.70913242455101,7.73573897823809,7.71768687202819,7.84992624427349,7.97132469559573,7.99909666769562,7.96528673421028,8.02056510214766,7.99916744165752,7.89955123288959,7.75726975923986,7.76726629760732,7.74880335864039,7.68635979629131,7.69708602314545,7.5957481720228,7.61490754947438,7.54483722655613,7.5676579199683,7.59857613660725,7.57835324893247,7.59026897424381,7.62313228657012,7.60242068868574
"77654",8.63013178932827,8.58799899439262,8.56402145216476,8.54007426043556,8.56543491188976,8.54385497117527,8.59177635593822,8.66445838037935,8.69140410725401,8.63705109699926,8.66255048879515,8.62541504641534,8.64484729655534,8.72394759549556,8.79022269015082,8.95784965072315,8.98167553954876,9.01162429219425,8.98994100665313,9.16630977962548,9.27533515690737,9.38491110450238,9.38836386734916,9.43131735190386,9.3800675280524,9.23090844670332,8.99834144588273,8.9171363577292,8.8026656538867,8.65813737825103,8.59311814248914,8.44302237879437,8.41679722230937,8.3184117769338,8.28934019072825,8.26078488660687,8.20053160905495,8.17038714897349,8.15860965452222,8.11562741880479
"77693",1.1437036467917,1.13837538941714,1.13233463781058,1.12484500540665,1.12336604915797,1.11554689210785,1.11959301932871,1.1259782512,1.12990579844177,1.12647800092534,1.13681568578293,1.15688170209095,1.17762863133301,1.21009697330028,1.23879163405251,1.29457410332701,1.33280811292848,1.38151158546828,1.42918048467623,1.53807380088569,1.646826234322,1.75442673261914,1.86629988297418,2.06006076482635,2.17792329583073,2.25738094518976,2.37729240778209,2.59252798155779,2.77416436939578,2.94713715956662,3.25790879088097,3.39360592973158,3.64018159548136,3.74503563301265,3.83463514889545,3.85296985972081,3.78658601787031,3.73033379768462,3.68514088520719,3.57738526640454
"79491",2.13223530348071,2.12304418402762,2.11129283670083,2.10026982355093,2.10251537312903,2.09292734308127,2.09775905760414,2.1125368368128,2.11874388409599,2.12606144670843,2.14762275602283,2.16382415402939,2.19636232492754,2.24584469145725,2.28480140896318,2.34713139417771,2.38687162237641,2.43512433623875,2.49546823985317,2.5839382674051,2.69541098611409,2.78073163071289,2.89341057734956,3.03818484832778,3.12988706406309,3.19821420585093,3.2764203212726,3.41396655340016,3.5118058624277,3.58663236541452,3.74983510030656,3.80306093812942,3.93236917185184,3.94246835740684,4.08794438430352,4.27225891540647,4.34572971471799,4.46102303500176,4.58750743469912,4.63291360685497
"79533",7.36566112941986,7.34226190192167,7.33434617527132,7.3385546914952,7.38361804424518,7.37560091895603,7.42394088471938,7.46008768990035,7.4461090842443,7.38656768946816,7.34117849157776,7.29167817448327,7.24764208674256,7.20626815247124,7.15405753307325,7.11454920900108,7.07278106525725,7.03751304065973,6.99933174044648,6.98461783291866,6.97295947381604,6.95359695150657,6.97764738008738,6.98398233600623,7.00219395760196,7.01576831583475,7.01480365758302,7.00444432620423,6.99150203391333,6.9761479845126,6.95710743784308,6.95709341285391,6.94763913572304,6.97349961856646,6.9799168689974,6.98613922555421,7.01968634516529,7.03830726898817,7.05159376220277,7.11606972128749
"79551",2.04066833080128,2.03260731254361,2.0269706661173,2.02404259854553,2.0311277367649,2.02502801393687,2.0258587799982,2.03796759729583,2.03948081456898,2.03724825979856,2.05574677579294,2.07189531961266,2.10093233394475,2.14541818630623,2.17317329545273,2.21977464585979,2.25212329354363,2.28672245166919,2.32273560011914,2.3938798901046,2.46546226413508,2.52326650788294,2.59114762623686,2.67991378868382,2.7421087794435,2.77954385438575,2.82805177910807,2.91719114078829,2.98685312273349,3.0335128102589,3.14655439982706,3.17153738791432,3.26515294675851,3.27512275397758,3.3703460559002,3.48442007433666,3.529178972498,3.60507665397038,3.68839010140422,3.71200545814461
"79571",3.91558371626243,3.899785950483,3.89177034215594,3.89175915556419,3.90716296189623,3.89790436146563,3.90759763682792,3.92995526668569,3.92958777904309,3.91056369843811,3.91546359925568,3.91349478698388,3.92086610195246,3.93889541521471,3.93589971739994,3.95158505934406,3.95277800215221,3.95602119618222,3.95307447353266,3.98782662678052,4.01859896040006,4.02720432423098,4.07605527581935,4.14780977362406,4.19749657321797,4.21809547239607,4.21660048882263,4.24137531984137,4.25470516816745,4.27002557577493,4.34602744872748,4.3957972946152,4.47129204758176,4.50371910992927,4.55568454711822,4.60321688609944,4.59428757776176,4.5745543573912,4.55057514251157,4.4956699769078
"79591",1.04322461884579,1.03830433850142,1.03224326689989,1.0263631804117,1.02611518335661,1.02079573689109,1.02432920018275,1.03608355569782,1.04191252331303,1.04212323598987,1.05613562691163,1.07085605152347,1.09214056868199,1.12544895612246,1.15548493201449,1.20714892045835,1.25294036903848,1.30856697588962,1.37240130197323,1.47847022803736,1.59675466981133,1.69952343186943,1.81893434881341,1.99240002828402,2.10140169075863,2.1835751659884,2.29864063860949,2.4500651160807,2.56237845471636,2.64980780126976,2.84905428827939,2.90691196666727,3.07608091894797,3.10644522061853,3.27986749975174,3.48565176871464,3.5806430698378,3.71614715292636,3.86620888631619,3.91969831493379
"79631",4.62267629134749,4.60278297247599,4.58885061993208,4.57624443041922,4.59060724113589,4.5781361626021,4.59661199614786,4.63671998524305,4.64784869034059,4.62205026603504,4.63509402376336,4.62386078983641,4.63721165728868,4.68381485421333,4.7152074008417,4.79722209112134,4.81272550202883,4.83248194363773,4.82511126151425,4.90398788869163,4.98046612997498,4.99837600189875,4.96919059906737,4.98640468305839,4.96105350685231,4.88917489306966,4.79114627870867,4.78554277284486,4.7667251046207,4.72815795317193,4.72175978028104,4.66022324644852,4.65300505850757,4.60547675023469,4.59980069379797,4.59908222712174,4.58101922026272,4.57512434424664,4.5747052142286,4.55403868349081
"79651",0.708984819859617,0.70567629643753,0.695326875415618,0.679677332632142,0.668824773568971,0.657555656938081,0.662323352653108,0.679096179187342,0.697029649993654,0.711488934230264,0.747015053909521,0.79876316219397,0.856796317291693,0.927126006090067,0.996789250715343,1.09451555253404,1.14784148317916,1.20259468210827,1.24932099311767,1.34178181914531,1.42535117707425,1.4712360256684,1.49374057594403,1.5478784750739,1.56428742046481,1.55808899677674,1.56067962541699,1.60481643094423,1.6269748389128,1.63477700889608,1.68777068258462,1.67407006289145,1.72580230481395,1.7155697834157,1.7670656881661,1.82184832868741,1.83523800514737,1.8695830641633,1.92152366255967,1.92934232141597
"79671",2.62124279192621,2.60840956864227,2.5954536981541,2.57941272045969,2.5792599555111,2.5621318311097,2.57493592096727,2.59953722745449,2.61413442573537,2.60479913211054,2.62127489093692,2.64913518466935,2.66890833106433,2.69240557965975,2.69682226823223,2.72658285664518,2.72314249130986,2.7214941032064,2.69976276943047,2.74886242901888,2.78228097507048,2.79669907913847,2.80836298696542,2.88055622281097,2.90279935450371,2.89121019929653,2.87351706236965,2.90635772200165,2.91347782599154,2.90442438777314,2.9512631582078,2.92727316410769,2.97244581472777,2.95280614548908,2.98723529071122,3.0245328039043,3.0209257644435,3.03745739964849,3.07231368297465,3.06510061619671
"80691",6.94195284008885,6.91446912098881,6.89516483994774,6.86703263043877,6.88434347892392,6.84909389212558,6.87623360701669,6.93448804428284,6.95468804206213,6.92184797237967,6.93680311251795,6.97735489022613,7.01251971502982,7.03764517772786,7.03402714562849,7.08239282371944,7.0650638526314,7.04160290282952,6.96716917475058,7.02535741432972,7.05704471071145,7.06571124161753,7.03418654643133,7.11011013597703,7.11084356852885,7.05074929574817,6.96782844365334,7.00498663056006,6.99635490052898,6.94833789319609,6.99207649489583,6.90743302257573,6.9602862612445,6.90382886476571,6.94336071194421,6.98400716449982,6.95419750971676,6.95738132904486,6.99209718050659,6.95542485345765
"81531",7.74167117647938,7.71406268468805,7.69926533672806,7.69595370303767,7.73597979114466,7.71923492556842,7.73817218330543,7.79226231719434,7.78706806295076,7.7422172097059,7.74463229253082,7.7209237951297,7.73319134349183,7.78065100470116,7.78320581754908,7.81449782483079,7.80187583766504,7.78650019265595,7.74709816670656,7.77752714067477,7.78174923795424,7.78330793343413,7.76885444504091,7.77612489899587,7.75623980823614,7.71687247305144,7.66252526996912,7.66322560574629,7.66869208648425,7.67759140227572,7.71074195577105,7.73471555179021,7.77049990480154,7.82485140797412,7.87208923608909,7.92880470305804,7.98601058685614,8.04649834010152,8.11558900147925,8.19163442223663
"81573",4.5582984387194,4.53970292458348,4.52552336936869,4.51849049697669,4.53594653636693,4.52066197234336,4.52970514337233,4.57289923039649,4.57947584673042,4.56144354206238,4.58141715070674,4.59257109735184,4.61540065754755,4.65745468350495,4.66562101291774,4.69992679623405,4.70025312809507,4.69814536657387,4.67715761578635,4.72196233644688,4.74385976690407,4.75899224200943,4.77570742803339,4.82870184347243,4.84432299947906,4.84194093175532,4.83944456696459,4.87942402858861,4.89753450206388,4.89336258540458,4.94109112482813,4.93243052504323,4.98513410869029,5.03250520812676,5.15569596776879,5.30174652155434,5.40709652886336,5.51954937695075,5.63282345033068,5.68982400538563
"81591",0.296846243779598,0.295549026401648,0.292621720996705,0.288986370035119,0.28774194810015,0.285042000673201,0.285581069043381,0.291731516267938,0.295727243536851,0.298513180039394,0.310334507508366,0.325268812753359,0.34647620470247,0.376388204334643,0.409208662394842,0.456157078367502,0.500426379553692,0.549936243283648,0.603075024208122,0.685302011663358,0.772471408279448,0.855936982375512,0.946923295879182,1.0778222921532,1.15836460385182,1.21694276704826,1.30233050160594,1.4151004848616,1.50058312112342,1.57190224101815,1.73805226536994,1.80131432786986,1.94552610018153,1.98862345655398,2.14734307941887,2.32442461624235,2.41795992189649,2.54374521723863,2.69010343523343,2.76772804844479
"81671",4.0262940260232,4.00835889982624,3.99308804847308,3.97446625889178,3.97896058605613,3.953967241277,3.92246149264683,3.958215762989,3.98656209970929,3.99206346454443,4.04543715797858,4.1659338251588,4.25204762294315,4.29848059198968,4.29019836248471,4.28649976123644,4.24849872752821,4.20164371821821,4.11909469315984,4.13051506473434,4.13117872565821,4.10245967141194,4.09510503833643,4.1902051040018,4.23301742691079,4.22307037113156,4.1757819937012,4.1883483671284,4.17361958448959,4.13977698480351,4.18032267020037,4.12582193182924,4.19076557671155,4.1869592525073,4.29046844702184,4.40860752259392,4.45646203238151,4.50779422548126,4.5565990248766,4.52510042281591
"83491",4.77523330787248,4.7636581827097,4.75765001249511,4.7574713950429,4.78413294827508,4.78075889679781,4.80505655018227,4.84244872082177,4.83751082486975,4.79965577291085,4.7891947736015,4.77022668714123,4.76895338444509,4.78063353238113,4.7691487752042,4.77330072714178,4.75369676459196,4.73765593035338,4.71947736492359,4.74692826173387,4.77222585247596,4.77325892419441,4.80184969855565,4.85631438457397,4.89300629599229,4.92558120231165,4.95575460394313,5.01094742449404,5.04386381773984,5.05090903037888,5.0810737955504,5.07281554101199,5.09444852312913,5.09040310350494,5.11888354661952,5.15365571591434,5.16624347942016,5.18818995183876,5.21724202068706,5.23425379259971
"83571",3.47080535797561,3.45651317232437,3.44418278242738,3.43694062532664,3.44886303269282,3.43534393854343,3.44040198687303,3.47697216279913,3.48115798807282,3.4662648673863,3.48674826815586,3.50129195085679,3.53042304019592,3.58787865670176,3.61600353062413,3.67230858109822,3.68823179140847,3.70269562107205,3.70061258510122,3.76483837931516,3.81167715058606,3.82470281460567,3.84339300438491,3.90899959976244,3.93172606713714,3.92638748138536,3.90345168016888,3.9356388161144,3.94655247368745,3.93478516066713,3.97803284279682,3.95690383381447,3.98792503667466,3.96695891036707,4.00396711058968,4.04817565710388,4.05795119184213,4.09182726019588,4.14196376254838,4.16116852228834
"83591",4.86721639560678,4.84913627058318,4.83388821951364,4.82382466414191,4.84237572922601,4.82219149310636,4.8360700527596,4.90682443751238,4.92189979194287,4.89282115621426,4.92489691373041,4.95041919946576,4.986448549466,5.04990389754496,5.07642555832028,5.14525071548479,5.14841767970286,5.14935985439588,5.11501287920492,5.20697738259355,5.26724069423739,5.28276632273804,5.29648529723424,5.40847603564937,5.42990441527139,5.40101916376552,5.37881641004993,5.49513253895429,5.57587258772133,5.62390083825928,5.80290516091495,5.80880067666211,5.87862464447809,5.81283497342226,5.80797244420475,5.78825918440444,5.71738411594879,5.6764401648628,5.6608142646217,5.58905610382334
"83672",6.90513458123745,6.87503660774804,6.85977200005012,6.84001143864366,6.85507465226157,6.81946193003301,6.84505576053338,6.92586377400525,6.94347238251309,6.90581618197186,6.91128898188776,6.90743506246236,6.92747483841861,6.9571964126216,6.97189583141847,7.05515302383357,7.05181944589157,7.0456753904261,6.98960883303702,7.0729103164304,7.16388675462975,7.1871243441094,7.15272900850513,7.21596803969261,7.20359050070047,7.11986521944967,6.99157699761818,7.00138889593415,6.97248972483277,6.90959877283474,6.96611530277673,6.87538281876935,6.9314261820044,6.86598889685985,6.9153821672568,6.95626774817939,6.91912974088293,6.89946269645355,6.90319572825301,6.83216568564933
"86531",1.89362932637397,1.8839751696382,1.87382747795661,1.86352705036296,1.86609227311377,1.8550073673329,1.85537449129366,1.88059779997294,1.88266597381863,1.87253886936756,1.88909291033466,1.90567017092985,1.93362358603819,1.99147643038398,2.02599620949102,2.08255143140302,2.11443623836945,2.13432245623362,2.14886422296221,2.22393142882059,2.29485994040388,2.31933839228035,2.36285581383796,2.4553116800872,2.4991989518814,2.52538442237956,2.54384007698604,2.6360183715159,2.6898758042643,2.71804944818963,2.8214430290566,2.83359207663922,2.90521333687059,2.8850491923959,2.97595104789737,3.08404693434287,3.1226226466349,3.17382285042995,3.24271025319824,3.26027356493618
"89391",2.23954167913444,2.23264417529427,2.22593710110822,2.21961963553199,2.22485278619759,2.21915239368163,2.21388287660889,2.23604041716127,2.23989914702555,2.22188637500268,2.2293958601499,2.23687862329527,2.24574388915734,2.28503041544171,2.29826736425594,2.32820169491418,2.33908039330914,2.33665640935482,2.32386356750713,2.36444341015137,2.38719523760734,2.40229224040923,2.42421205049548,2.46445914706058,2.47434987308108,2.47547470745918,2.4715238201703,2.50767167592388,2.52348739567881,2.52368615622653,2.56432430908582,2.56379665654838,2.58709859031314,2.56825624718709,2.59212552178445,2.62949927217637,2.63813446165237,2.65239046683433,2.67786274587417,2.67823604557055
"89433",4.05224343998579,4.03912848721345,4.02784088133543,4.01847180149938,4.02908349448164,4.02229733683791,4.0223338286846,4.0549946254124,4.05922968883562,4.04218357340419,4.05652640046302,4.04393389915261,4.06156368293582,4.14359785575406,4.19037090495063,4.27925876982638,4.32992471934526,4.34882498546029,4.36729137507993,4.4599092174879,4.54933673967792,4.60465334161673,4.64144267872294,4.672733804627,4.65616245120552,4.61973815423068,4.53212025141292,4.50965817293363,4.48013490697874,4.4282939048519,4.41176072448037,4.36871598096083,4.36250195775881,4.33577631922204,4.33568826303259,4.34288612451251,4.34289380184289,4.3497110069193,4.36344226298597,4.36970947827052
"89471",1.34662447934026,1.34103180782537,1.33629866502305,1.33233040665124,1.33711203360682,1.33399161473991,1.33457113125124,1.34837533265574,1.34935687102845,1.34279194896778,1.34905945970947,1.35744422954134,1.3662794869399,1.39317275825435,1.40666126462791,1.4298316849596,1.44234007253398,1.44643802221338,1.449808775249,1.48706941121533,1.52590238109612,1.53517563973193,1.56519989579781,1.62348886066655,1.65646383210836,1.67913001964295,1.69660786694778,1.74285894825255,1.76709331705537,1.7760287321075,1.82644217953882,1.83695413616021,1.87286873290625,1.8661058708748,1.91449176668427,1.98109717983564,2.01742979947578,2.05826125912177,2.11744012127572,2.14949425573256
"89551",1.78543787203458,1.77446363295508,1.76890758063098,1.76774076924152,1.77576169100541,1.76873487066882,1.77075417447729,1.79289847225385,1.79106469438666,1.77933377995894,1.78470310397351,1.78703033239974,1.79397017055763,1.8130007605588,1.82044724691124,1.84484210457621,1.84785255194512,1.850778161765,1.84607491371713,1.87881433681904,1.91125118869019,1.91691973285507,1.92904400853141,1.97113265643896,1.98804477189554,1.99508407630581,1.99050215826355,2.0304684073816,2.04916155675415,2.05210096576313,2.099211040866,2.09267775464163,2.12498560886701,2.10826148122903,2.14995303948759,2.19964792242327,2.21543258177837,2.23926079674489,2.27552041216362,2.28244746200666
"92531",2.99746250372465,2.97884863692422,2.96711788592564,2.96014369625601,2.97407172661477,2.96331893499204,2.96617300574838,3.0045683462971,3.00372924997144,2.98457235951763,2.99222071417661,2.99726829212047,3.00095310551828,3.0254493338303,3.03284849672753,3.06336971239767,3.06808221680256,3.06558921599583,3.04394191937269,3.08541101001932,3.11922931144134,3.10161526903395,3.10835673200489,3.17335700643501,3.20356406331291,3.22728028625346,3.23836613251169,3.30802769748467,3.3413291798944,3.34431533765776,3.3942811488968,3.36825806131172,3.38857196480749,3.34665186585673,3.375380959627,3.4158668237793,3.42165342304831,3.43112558089397,3.45060314072445,3.43209897911078
"92571",3.83253093488763,3.80877241113308,3.79471943374874,3.78760121914227,3.80093548925642,3.78296701791714,3.7817077502942,3.82950033577701,3.82589961132436,3.80700599640457,3.82219949911951,3.83686021029582,3.8509005170319,3.88455562760319,3.89386032641399,3.91865920170202,3.91357559238391,3.91176743563376,3.87522682579511,3.89897185330989,3.91934403032021,3.90938237028748,3.88990655547288,3.91362211095243,3.9074603063642,3.88770157073528,3.8376261822535,3.85278696900942,3.84663777904403,3.820073675676,3.841251630912,3.80494946443504,3.81895748229996,3.78253974950446,3.80190001959373,3.82742802915762,3.82485786564136,3.83148330023446,3.84966729542464,3.83912654012685
"92651",0.818451254532611,0.814733151525071,0.808897743201842,0.801829811598366,0.797376552495006,0.787484110335371,0.783517066300602,0.791511894148281,0.788494123391301,0.783661464021725,0.798688720441416,0.821902657576056,0.855624929513275,0.899567775170633,0.947280277652866,1.01585729385266,1.06951821587473,1.12949541085099,1.17531846758278,1.28779510323353,1.4254681741502,1.5431643376571,1.66125935864978,1.88897658008037,2.04837252048878,2.1618387542538,2.28103560953663,2.46896900039464,2.57854324529316,2.63594556174992,2.75321488114354,2.76263121768785,2.8568187940167,2.83059018723489,2.93863090761954,3.04183073612765,3.0830088755309,3.1370606091192,3.21269733456238,3.2274310801126
"95432",1.0546155412386,1.05015975870181,1.0450254408343,1.04020427034162,1.0403537125622,1.03650750007375,1.03245274683376,1.0417566330991,1.04221772526227,1.03398126429846,1.03691883406863,1.0461581411433,1.05275618632066,1.07579107528875,1.0893128654465,1.11553750863735,1.13756999746799,1.14838122529153,1.15185377751595,1.19544958274899,1.24639074733174,1.26730828053779,1.30598442498608,1.36565457590511,1.39929704900851,1.42113170242778,1.44902366879175,1.51553775334352,1.55391568453741,1.57060950048265,1.64978032774922,1.68317841676083,1.73760934272477,1.73187216174333,1.79530131380119,1.89021745801393,1.94999116069764,2.00094605676545,2.07136008990901,2.09454567977935
"95551",2.74242869035395,2.726101934102,2.71095324907884,2.69615060912681,2.69687434344285,2.6763675593562,2.6718437609943,2.71493267148085,2.71808489149433,2.70426786250681,2.72372731777304,2.74325435037,2.75268544869007,2.78751750155634,2.80118998962431,2.83945668412449,2.85033582113916,2.8536750325088,2.8215885630644,2.86808978708965,2.90426378731646,2.90078215706547,2.89776827399674,2.95243091994209,2.96210856731955,2.96290007838413,2.95100351152228,3.00301199349483,3.02253870443993,3.01333543888336,3.06134112761007,3.03189276878675,3.06197004223556,3.02158097107085,3.05496879614787,3.09868214957089,3.10588942945325,3.12312364984359,3.15307729553601,3.14179567230462
"95591",3.19868834337198,3.17849874764814,3.16795851651596,3.1615951596395,3.17070940809318,3.1568741124891,3.15689549222823,3.19179470082037,3.1897044090315,3.17315689459891,3.1798521229406,3.18063270849011,3.18518509683653,3.20236859573926,3.19772212701493,3.2122898806094,3.2031406228106,3.19532206094936,3.15311877924846,3.17932615366003,3.2054176441298,3.18680707311471,3.17797255717505,3.23521590439604,3.2584609347117,3.25941551560094,3.23409629263821,3.26163362053712,3.26602744313852,3.25106874242562,3.28292032855278,3.25362176623389,3.27562502049332,3.24023134393449,3.26621192930631,3.29483682436676,3.29489271545325,3.30427650447387,3.32813879051402,3.32101810616216
"98451",2.83318880157031,2.81960527567576,2.80524778872141,2.79654015152953,2.80174776147904,2.79463829315399,2.76035976120467,2.78190303307503,2.78545057352212,2.77362737047829,2.79428656699823,2.84810752948565,2.87701091596513,2.91808569415982,2.92451943776951,2.93896628211947,2.93909097532573,2.91862361774241,2.86769005047207,2.88401852918094,2.89879245576761,2.8660056103447,2.86903713753655,2.93038435780187,2.95406266687379,2.96018391406721,2.94695397816972,2.97880096856323,2.99047827518465,2.97487918740137,3.02202458373656,3.01911107223852,3.04910267712122,3.02853310238502,3.06411821520909,3.11519915340024,3.13831321480276,3.16293518998393,3.2079059773257,3.21403597169126
"98491",1.76721043076139,1.75884289473218,1.75077201231757,1.74438140698757,1.74815328569617,1.74219045344334,1.73906639564658,1.76169015931489,1.76118837751272,1.74495858638054,1.74739089846668,1.75127528426983,1.74760006927956,1.76186359303264,1.76778296757514,1.79366138426895,1.81241981208212,1.8165645997843,1.7986775876992,1.86103295330206,1.92667376021215,1.94529623857501,1.98441585193244,2.07720070119519,2.11279365109139,2.14047874575415,2.16876889349339,2.25956151337162,2.31070798789694,2.33476560657279,2.49453662690983,2.57635400374939,2.69589855047789,2.72750804499436,2.82813731146193,2.92431008719434,2.95390007485784,2.98156489243742,3.0402766380444,3.04607072480256
"98611",2.25369506231257,2.23977574707529,2.2309843118189,2.22593791228014,2.23222943194473,2.2205300863981,2.21938020035082,2.23803662166203,2.23257448524327,2.21206354597222,2.21555287615764,2.21503479223734,2.23669684100222,2.25346186347425,2.25703985781948,2.29928319014373,2.30525001181054,2.33041867694687,2.32701812455156,2.41742264810937,2.52405620814332,2.60288947935426,2.67536043468189,2.80527365507957,2.86869044775855,2.89849203626087,2.91686203722346,3.04169335056277,3.10791975019571,3.15791707120389,3.31431160752889,3.34309425895357,3.4535020283283,3.43097295013105,3.55671966771917,3.67358112383981,3.73509669403419,3.80561332732124,3.90826350814144,3.94046704585946
"101391",1.95393683478971,1.9428663173195,1.93192600291866,1.9248311632256,1.92705663302842,1.91817263164657,1.91095874256823,1.93540956093004,1.94229186296578,1.9230901264988,1.92607218301397,1.94393304119603,1.95973600096167,1.99654024394095,2.01201902866378,2.04189933421765,2.0716429890814,2.07715693943173,2.05622437041167,2.10801828173568,2.15853085872513,2.1607886657778,2.17668998928768,2.22643799325375,2.23888135051154,2.24336419159937,2.2344751849698,2.27962719752979,2.29949852251518,2.28445896989532,2.33708598808833,2.3390994183868,2.38372179307298,2.36449101911553,2.4160612365332,2.48514156557404,2.51868812414525,2.56115511499146,2.62349385419247,2.63055882309078
"101431",3.11956159265376,3.1017080365696,3.08493415029218,3.07482460943726,3.08289128738041,3.07196731848064,3.06545344664508,3.10018551167442,3.10915492669383,3.08596855947913,3.09057823844652,3.09859102650821,3.1034782227417,3.13276221705352,3.13807644478442,3.17020373847697,3.19259811903996,3.18804584679239,3.14259029197755,3.18497262602524,3.21639702452809,3.21580999361408,3.2115302514697,3.24212351469513,3.23261594219394,3.21315362779789,3.1677352965041,3.18718607444876,3.18876074760204,3.15160999554019,3.17333560362742,3.1436355198001,3.16166503729282,3.12243477083176,3.14387599460431,3.17725018343731,3.18068838477577,3.19357730957749,3.22886861073185,3.21896924167695
"101471",2.241807518762,2.22981073976788,2.21900737757731,2.21017531120371,2.21392168760829,2.20533335131947,2.19913389584397,2.22504583581515,2.22717123394398,2.2080928745211,2.21192058065393,2.21932457347955,2.22077255321894,2.242212232876,2.24989645712626,2.27754060900735,2.29234662889086,2.28940874366977,2.2554970263992,2.29450731972064,2.32888246914726,2.3267721486922,2.32888028735845,2.37230075424178,2.37546117556614,2.37059818974476,2.3475887820527,2.37666447852135,2.38508341530855,2.36203239410234,2.39395146636007,2.37773582172318,2.40388930190453,2.37088303830768,2.39899460255208,2.43899904067777,2.45072813591419,2.46753769717385,2.50040414819734,2.49037732142792
"101631",3.04187604187112,3.02074436078992,3.01222426248145,3.00899560045399,3.02547081100866,3.01290510536029,3.01410661489398,3.04872533354289,3.04378713748557,3.0225285304895,3.01673814506182,3.02082780278042,3.02169908466031,3.03119429969006,3.0357729295438,3.07794875021622,3.07787558647474,3.08528777435749,3.04633617130668,3.10781626006493,3.17167361381636,3.20723041180531,3.22509445113384,3.32401409999682,3.35482439139297,3.3587737519747,3.35528986527526,3.44996855090166,3.48331287532072,3.48889838018493,3.56007173884437,3.5335506803188,3.60450497748396,3.5594420653075,3.64267738184244,3.72973012792863,3.78334779234785,3.8498090271691,3.9466809663231,3.96935216129987
"104411",1.21912158975566,1.21212029321145,1.20466185713083,1.19742842746927,1.19831263387175,1.19050377247705,1.18534404802931,1.20109479498593,1.205055432204,1.19209865487151,1.19736213173012,1.21121587758758,1.22232186912155,1.25222374527789,1.27136529510307,1.30286398104793,1.33330131221428,1.34845578633834,1.33786987639083,1.4101524048898,1.48769690451414,1.51668727549488,1.56388436857053,1.65439088050545,1.69438611407333,1.7346127862556,1.78484455079156,1.87429329173934,1.93118436919051,1.94279667372196,2.00131545761709,2.00703283383511,2.04680236282663,2.01958454416648,2.05912270666218,2.10926250338269,2.12936564910799,2.16247480895708,2.22244138500164,2.22782845565321
"104452",3.82183094520665,3.80089513165468,3.78399300393652,3.766465889841,3.77667425832698,3.75993183572072,3.732169464595,3.77477212950714,3.78693094156136,3.76206452830083,3.7816058260072,3.79855113764649,3.80511939328633,3.84814537463909,3.86779532020925,3.9169830366171,3.93827934759294,3.93735890753899,3.88235062058898,3.93439669932386,3.97028845480757,3.98503876203875,3.98034077099442,4.00526895872344,3.98874993778047,3.95140197983999,3.86132488936258,3.84056919580609,3.81043110938104,3.74183172949106,3.71105025284154,3.6317525770547,3.61718871914761,3.55704713549924,3.53739838990299,3.51980003002711,3.48894417318182,3.46872325812252,3.45853332752344,3.4166784333966
"104531",5.20523738095278,5.17676851495529,5.1594566639825,5.14185358303052,5.14172743697942,5.11627306381146,5.09745354840783,5.17505166045071,5.17688547885171,5.13794583383116,5.14587728163211,5.08898821945504,5.0447719481882,5.07600544120672,5.09674861801818,5.2307480928548,5.31262704763258,5.35952560128038,5.33285366971662,5.4602373053148,5.55931455188808,5.63268255150265,5.66078415164452,5.70955705317893,5.69596646331976,5.64011552769877,5.49376807079588,5.44907702129847,5.38806980723813,5.27327114169127,5.21514187151902,5.0938641199884,5.05780825495914,4.93451310308246,4.91205648713425,4.91055734351294,4.90177087854309,4.89092160621333,4.8819399428769,4.81467444346462
"104651",3.4334774799559,3.40781502800935,3.40014540759919,3.40056191319453,3.41909549027557,3.40701076085833,3.41932993114642,3.4668605544761,3.46694860943241,3.45318074298652,3.44978360784382,3.4361138550716,3.4208269094675,3.42002319917966,3.42938483566455,3.46996999881788,3.47321585711779,3.4837743248996,3.43418305714022,3.47710788235004,3.53474581113608,3.53644390961876,3.51792574485488,3.59817753993536,3.6278320647309,3.61886533351169,3.55785241269642,3.57045212333449,3.54788487847811,3.50517409888502,3.51017400154891,3.43592974737404,3.44506871790741,3.38627299211344,3.42521999333898,3.45946938842785,3.45997679317558,3.45448310591664,3.46593420673874,3.42561856881152
"107431",2.89910496819323,2.88212335660133,2.87005172011806,2.85587937749191,2.86870297036512,2.85362046486526,2.83467503570234,2.86483501260612,2.86724042655552,2.83256347909423,2.83190102489073,2.84646889020413,2.84630170269987,2.88882595319248,2.91494926268348,2.9565640705112,2.97842568694661,2.98161008781268,2.94127479683253,3.01011866472136,3.07313149861551,3.09272019340795,3.10287707149546,3.16547501240426,3.17436370673306,3.17267521275883,3.15705083282724,3.20873904142205,3.23969115839578,3.22214587821936,3.27370406923232,3.26687634902586,3.30964947470349,3.26913369616911,3.31867077425374,3.37579874968148,3.3958209145027,3.42474548629326,3.4835327523788,3.46956513335624
"107511",4.34005601513417,4.31533253039309,4.29930869293084,4.28480196002259,4.28572049269162,4.26523073285571,4.25598178080753,4.3140469705558,4.31555611464454,4.28553533767632,4.2966538003976,4.30743391121547,4.3047429001129,4.31357017722616,4.30193437431371,4.33003852195302,4.33654894269465,4.32208662318193,4.25306322907327,4.28959014547481,4.3261566540011,4.31360949038235,4.28997817668233,4.33452688093552,4.3332775705092,4.30880674982482,4.24190946091488,4.2635467095783,4.25386259089928,4.20566087637512,4.21990376399553,4.16688588273687,4.18335997798949,4.12231361423421,4.13913065281494,4.15986996959502,4.15529716655215,4.1577568798347,4.18021262364326,4.13767224049861
"107551",5.15911891700729,5.12749642285597,5.10843669490776,5.09502482159343,5.10022845833571,5.07394383293902,5.05391895374788,5.12167509376246,5.12473660051728,5.09067358024283,5.11091503071442,5.10701996994739,5.09389989979406,5.11213522139817,5.1157551203556,5.19441142422209,5.22859258315619,5.23803429832614,5.17621436885925,5.25328683629284,5.30927957221112,5.35553880798761,5.35910984358041,5.39223331447158,5.37489976236738,5.32211430347432,5.18775786325453,5.15495083154163,5.09481802052615,4.99330814155878,4.95457321719787,4.86266169258507,4.86127020299455,4.79080136883029,4.77218709561675,4.74534545352522,4.7019552495641,4.65980750817435,4.63345763124477,4.56030012834647
"107632",11.2478906066324,11.1705580147703,11.1279297957774,11.1093804104466,11.1614356438901,11.0889529377991,10.8597566585349,10.9741552687397,11.0076964182305,11.0337446575369,11.2107049595018,11.6587833069851,11.979795525699,12.2345606927057,12.3259579856981,12.3456880429465,12.304847510285,12.2108241130117,11.9758911131933,11.8494815613474,11.6425084675962,11.5164989657572,11.3006162347381,11.2270864353331,11.1214882791148,10.9303462989574,10.5991305100812,10.5286440018898,10.4450405972139,10.3313798314343,10.2868085552249,10.1134003624834,10.0630303857792,9.89915385418132,9.80588489761024,9.7046310483297,9.59351672347461,9.49535867010753,9.42988251825669,9.29689981123204
"110371",5.42290186624896,5.38790986640984,5.36555433918758,5.35360501085868,5.36721628189659,5.34611172709299,5.33378474595578,5.38666049042275,5.39078351422961,5.32655864110906,5.33401788920858,5.31410794443315,5.29287895796223,5.33038068446301,5.37396657317185,5.43102818559677,5.47486835830346,5.47743909977696,5.41510315265296,5.53718855758849,5.6417118541929,5.70706001716774,5.72055629994612,5.78213726057796,5.76517808777205,5.72927969946848,5.63298909290542,5.639974425816,5.62060136474539,5.51939136807545,5.50607026309269,5.4153101951475,5.4212427351667,5.32658718871634,5.31669227484582,5.32405906846348,5.30259582540734,5.3009279693732,5.32831589759429,5.27302567010644
"110452",1.96764163603776,1.95754215789586,1.94732507515824,1.93235854438885,1.93010243687644,1.91046728910853,1.89507308111148,1.9160016594196,1.91513791411258,1.8924109394625,1.90186584033743,1.9073976708609,1.90664132218823,1.92924868297353,1.94808399988864,1.97966118447392,1.99986239675974,2.00930679910979,1.9798089320299,2.05432704601248,2.14490464713282,2.18798100317296,2.22983927171351,2.3407443372137,2.38823595926955,2.42352330814328,2.4545428623183,2.57199576802923,2.65997337281062,2.70593831673819,2.82909873224611,2.89149774626142,2.97562934943407,2.9524567300954,3.01866140218257,3.08055351441243,3.10788340539466,3.14722799686625,3.22643386106245,3.21737020174664
"110532",3.22030685087893,3.20139012898175,3.18929169003756,3.17419272246987,3.17332832850926,3.15217446592296,3.14259962729047,3.176782701253,3.17590799094298,3.15049705891989,3.15661798652545,3.15247427064758,3.1397357168782,3.1471391250942,3.14793537452776,3.18649913121706,3.20381801936314,3.20067494090707,3.1572068273539,3.19768915211706,3.23746820249848,3.25071494183619,3.24834823999678,3.28606985211643,3.29172613281429,3.27657834265344,3.22375059676049,3.23304444049111,3.2181744385617,3.17756735996626,3.17915024764077,3.13392360713788,3.14541683845834,3.09374001566409,3.10623914525736,3.12281952662847,3.11732379162882,3.11835492214348,3.1444785055526,3.11336604209751
"110571",3.08233546851374,3.05989634776957,3.05014763623097,3.04280040542327,3.05028565957449,3.03439148089245,3.03106638428895,3.06671723705274,3.06936781147464,3.04596003975893,3.04977908867633,3.05304888627846,3.04387091020628,3.04647606797877,3.04393531672706,3.07011263044505,3.07931746880878,3.0714458806637,3.01974257710304,3.07127373587498,3.11598958528906,3.12674343209128,3.13200225126462,3.19467672214402,3.21695800146166,3.2164766958909,3.18303076835668,3.23526293611765,3.24402828857098,3.23814567450509,3.29188897003135,3.28168916065908,3.33447384130354,3.29603493256393,3.34771003471148,3.40861776577104,3.44351858951277,3.47862926383586,3.54200073495769,3.52414951164022
"110611",5.27601981583623,5.23701786628749,5.21846778678075,5.2164943092673,5.24277414503572,5.21538179348732,5.22689306860343,5.29095951749021,5.30432762002278,5.27969313508564,5.28785230974909,5.25866945778139,5.22700965626044,5.22346929094917,5.23741208470109,5.3002625761743,5.32536791336354,5.36069167317013,5.3028863490783,5.39769230703824,5.46684619543843,5.53427155252571,5.54912403994572,5.59557753856593,5.5865045655437,5.54495723635283,5.42460472538599,5.40714307013438,5.35390498112145,5.27596144028435,5.24873605959673,5.14730703699323,5.14216788383297,5.05803751695555,5.04032953280762,5.01284049164034,4.96824717319754,4.9225962170299,4.90043249404574,4.81953002445002
"110653",0.769770653106742,0.76492576204336,0.761934219277606,0.761880409689878,0.76611416629102,0.761940273204138,0.763331298685689,0.769071698987659,0.767069510903086,0.759888949581799,0.758778132029283,0.758402453259388,0.755900015807312,0.756915897470456,0.762304453307631,0.779261286121654,0.78303059593892,0.800716810257521,0.791382526156743,0.833415294362134,0.884009442117643,0.917886824174812,0.950450140074348,1.02749795863122,1.06402539690467,1.0931744729485,1.12536548062118,1.19479650288132,1.22922968091294,1.26690019059157,1.33991946392231,1.37354523709398,1.44228451205692,1.45626932637744,1.53287962019069,1.60003011877748,1.66295955604384,1.72350424262788,1.79949034654876,1.82304103130174
"113392",8.95464182794346,8.8921436243315,8.87214250156889,8.87133800488308,8.92946343589094,8.91959791285254,8.99098299006229,9.10227158692482,9.12924745809201,9.07251465954264,9.05064375243409,9.00470196785961,8.95382384708087,8.89407916383149,8.83042342550859,8.77121294153422,8.70784172179362,8.6334078967693,8.47488614145501,8.43724264136622,8.38182836317008,8.28935234472962,8.17382248501554,8.17576255686926,8.12245731694173,8.05232038533543,7.89417017327216,7.86671414358745,7.81115310321233,7.66667510234685,7.61214983276647,7.46945746353705,7.45508719919115,7.33864595964929,7.31863600042805,7.30075958015144,7.24946513763699,7.21593255159627,7.20750311396671,7.12137578267124
"113473",8.95738715287656,8.90943644362331,8.8794794578316,8.84472355635553,8.87323830698349,8.82471557395786,8.52848405215764,8.54981578272663,8.53301419255463,8.4313327142539,8.6055767948483,8.97204820261707,9.25262332627217,9.57692708177625,9.74044219116389,9.84718450338193,9.86752820889771,9.83962684467274,9.71091930996642,9.63282569911957,9.52563324092875,9.41473385562999,9.24658261557238,9.16849798755633,9.06963890134982,8.95305976069373,8.71188997643221,8.61856100406177,8.51451902869262,8.33923370496814,8.2230956129739,8.02210174073145,7.96601592739241,7.83286889826992,7.76884066071631,7.69617075911235,7.60643099209974,7.52904021590197,7.46862181492175,7.34307624008808
"116371",4.95607502993956,4.92045436837911,4.9082392368696,4.90020648003328,4.91962670040491,4.91113622737945,4.92424301089492,4.9724866517271,4.98351264753282,4.94190263774858,4.95019837587627,4.94671592788473,4.93098343540218,4.93013365044634,4.92498364049942,4.92482919090191,4.91856256656964,4.89467975965674,4.81121893065479,4.84007075468798,4.86231131020013,4.84224962446021,4.80083127426316,4.84080223178691,4.82628519450314,4.80529578998451,4.749348812046,4.77250912707473,4.76548928746198,4.6985997620299,4.69719799259538,4.6331126433243,4.64613428764275,4.57474433276037,4.57293835572684,4.58001141463885,4.56026530991615,4.55745255072384,4.57060565492274,4.51545705219676
"116491",4.87358742003831,4.8483264076756,4.83475558222683,4.8118145400549,4.82164704573402,4.7946584916592,4.76937282183556,4.82096218020068,4.8280731962159,4.78333890525189,4.81254262472686,4.82064990085512,4.81247055082904,4.84194586292884,4.86092821376071,4.93492176024078,4.97861416999896,4.98675062095125,4.9072344181262,4.98195382994745,5.05369755741469,5.11904287109235,5.14233092288285,5.19429074634267,5.19933765166775,5.17121799307622,5.08637299129921,5.08235233640976,5.05236810110939,4.9831489300502,4.95934730740448,4.87782683607757,4.88282567854413,4.806463913709,4.79705961465398,4.78387637345714,4.74707268824553,4.71887512192586,4.70964317591451,4.63000858589344
"116571",3.66417966588316,3.63957592141224,3.63575200914698,3.62317092924073,3.63239773164642,3.61546673970135,3.62324814836078,3.65933151831765,3.66909759253893,3.64826213539214,3.65702174905876,3.65121546860326,3.63571799688203,3.63641691770388,3.64348216486869,3.6750871236866,3.68824317486844,3.68816818844943,3.64025449173233,3.67561749005205,3.7241515455236,3.71169055934364,3.69685591151997,3.75149691176707,3.76801107024676,3.75794903497447,3.6984535424936,3.70816386811226,3.68115676651658,3.63366863934129,3.64356006984667,3.60611951403583,3.65202957384681,3.60156910704732,3.64053321601062,3.66916150459126,3.69330263818071,3.72333508574114,3.77404124342665,3.74487939268145
"119353",5.7270925285304,5.69030951469368,5.67024617971433,5.65118457451836,5.65948586752272,5.63541434017854,5.62930535593032,5.66282652100061,5.66692245453994,5.61057618883735,5.62960861594032,5.63861415900783,5.63462196148471,5.65157300796434,5.66682346023882,5.68838608743976,5.70244477003657,5.68514508801182,5.59805585504226,5.6568810746005,5.69864964907204,5.71632552937845,5.69389716514049,5.75213395394794,5.72957981575131,5.68831800739016,5.60589203545621,5.64310879347603,5.64633267915401,5.58933046947073,5.6379125134755,5.63704765920201,5.70848064770358,5.67563719788727,5.71821684006616,5.7525205273024,5.74657276744294,5.73785287655482,5.73188766227251,5.63978082633836
"119391",6.33066274562309,6.28722844510058,6.27200505249647,6.25629529446181,6.27254329135751,6.25297376247361,6.25440308797804,6.30605700377641,6.30912227461058,6.25331530259495,6.27420321549631,6.26551659558542,6.24563197995262,6.25575757381541,6.26346640753002,6.28891639253983,6.3047877660515,6.29830713099824,6.20884724577024,6.27766409464207,6.34546304455789,6.38148606477292,6.36684426168328,6.41619371107712,6.39999858226299,6.36558114697302,6.28006567936526,6.29406277346767,6.27315851021858,6.18790085313584,6.17054714442204,6.08295802983238,6.08698265328781,5.98686878909792,5.98027132850474,5.98072513250118,5.9539431065527,5.94873995710368,5.95883245452845,5.87758209060468
"119473",9.41731503761928,9.36756566252355,9.35270572483243,9.32066124728502,9.33634967469311,9.29840630995437,9.29255479843237,9.39913888373233,9.41517398894309,9.34250479853295,9.38771662959753,9.41637958936373,9.4123515081402,9.43784353783335,9.43766409358845,9.47708252731348,9.50120360775258,9.47914902053316,9.3222833110245,9.36935336759389,9.43482319175369,9.44394787365854,9.39166895302759,9.44057769376188,9.41782999196623,9.35837787539679,9.21572414216897,9.23150493366067,9.18892236121476,9.07944091792046,9.07560810361462,8.97847179481737,9.01584104103678,8.90010072929086,8.90268694245085,8.88990834658629,8.83142921079859,8.79028465801415,8.77635955361691,8.63645171388683
"119551",1.71155683607332,1.70300857053456,1.70009175442958,1.68907377651662,1.6870361931999,1.67089976639276,1.66855842348534,1.68487921246915,1.68742069215755,1.66959140772276,1.67746850036541,1.68201426424593,1.67743522533267,1.68448165200274,1.6988377791835,1.73447796241562,1.76266175518457,1.78448095940645,1.75645267863081,1.83227523839124,1.92789465132722,1.98241914957966,2.05041266951732,2.17093763259625,2.24289643018902,2.2991742562311,2.3468894652695,2.46029781750272,2.50748425948228,2.53960408640208,2.67033830580816,2.77640573617508,2.97685789202082,3.06229986440393,3.25981975091621,3.43347850221419,3.56692709424741,3.64983939503548,3.70402229785652,3.67835390746935
"122571",11.1087990270852,11.0355073694138,11.0408275172646,11.030373718499,11.0916113527927,11.0591857091918,11.2215865412311,11.387420071645,11.456288980882,11.4303397942505,11.4071892899829,11.3621208029241,11.2891840686858,11.1588754951259,11.0311863479888,10.9201423207363,10.8192301205735,10.6993870482062,10.4887510530438,10.3506019715704,10.227926407667,10.1244640988636,9.96615431891671,9.90946315409689,9.82305891973317,9.71280385611949,9.52712721790063,9.46573850500609,9.37937921284584,9.26549639670621,9.17509800270824,9.01364297991241,8.96262970689344,8.82814621431474,8.77813193509129,8.70428522444655,8.6298873684453,8.54889209347523,8.48934917197432,8.36939487501278
"122612",1.52394586823154,1.51712625057859,1.51250333827313,1.50064474723875,1.4931272348802,1.47286070961353,1.4729324030516,1.48204773031,1.48089094512343,1.46161847072535,1.47451601931228,1.47802317311757,1.47291081764166,1.47477749105974,1.49351033021802,1.53019690513337,1.55447419001505,1.59038449134711,1.57632820025944,1.65273092725702,1.77821001683702,1.85572080025903,1.93663212888008,2.08209156182652,2.16936401468017,2.25099374155976,2.33258182263208,2.5069904673475,2.59478247693636,2.67184412813322,2.85013647319913,3.04454727882393,3.22252532553252,3.32616151329625,3.45986994118111,3.55077996960532,3.65000859030864,3.70193984752585,3.75960710708233,3.74669875011213
"125273",6.33409923947359,6.29395141249467,6.27886287915212,6.26268669068942,6.27289358971175,6.26056695769053,6.26737643657748,6.29705165980169,6.31327514757076,6.27144086193579,6.3180066651108,6.30626120678409,6.33232422884838,6.34366442511428,6.3668276284099,6.4072409443767,6.42917675843662,6.41700551279327,6.3565337774516,6.39277200859928,6.42790312075819,6.45431359517581,6.44225504741112,6.48242958263359,6.45778825734889,6.43341049582151,6.34856913756837,6.36542579057387,6.34863728392271,6.25787373494088,6.2385570000269,6.18369136408017,6.20057295698776,6.11355420611602,6.1193090648674,6.14784233723146,6.13298866732575,6.1112024749176,6.09302585228057,6.02052802575398
"125511",3.12109755740001,3.10207805491976,3.09795890567827,3.09141221662143,3.09559954838556,3.07573649650997,3.08224663276488,3.11059317007669,3.11580715712878,3.08608042721455,3.09809249608198,3.09424346117599,3.07983301756419,3.07561789275936,3.07690595740736,3.09800280857289,3.11712377199842,3.12112760205232,3.07406127880522,3.09337149989802,3.13881058470832,3.15988616919743,3.16125370149194,3.18814406448263,3.18367367665099,3.1738918364173,3.14019633499435,3.15011960487292,3.13054652337906,3.09471073679057,3.08631641383058,3.05961996535102,3.07345007382464,3.03037890787939,3.04309439329965,3.03695658298859,3.03168203063798,3.02560570093869,3.02587205249994,2.98558558077655
"125551",4.75800344973468,4.73105951778248,4.72994609689074,4.71772918593189,4.72116772623199,4.69004288895796,4.66411001814243,4.690249134057,4.70169213087923,4.65139893137592,4.70682207554287,4.78322015759964,4.82544049151712,4.86453694200982,4.88464526731208,4.90925636727334,4.91409248375556,4.90270661169152,4.81915717557015,4.81554423399285,4.85228250338203,4.85170176900325,4.82604391254684,4.86080439343951,4.84374106529648,4.82452521160402,4.76354171127374,4.78973015604357,4.75410167587971,4.70096617345993,4.69779412053853,4.66878383166023,4.71872376716532,4.66218604868634,4.7071071196543,4.7209760016627,4.74280189302848,4.75652395799206,4.77205660825882,4.72134934020237
"128531",3.20532472911342,3.18449822645796,3.18394885617786,3.17943083650897,3.18064252036838,3.16042531682062,3.17244100839689,3.20001570872022,3.20415216707068,3.17355520734711,3.18667412250278,3.18805722672257,3.17955354077435,3.17238563415224,3.16824100555818,3.18097127648421,3.19095409202425,3.18825892571016,3.13906879608127,3.14740737038346,3.18661930707065,3.19993500750996,3.19221337018834,3.21773754438314,3.20904396878928,3.19738711670685,3.16367990356911,3.17978356827344,3.16328861579361,3.13070572888402,3.12060731375681,3.08807113493749,3.10289928408402,3.06442971030659,3.09575078843391,3.10955995968031,3.11886378219735,3.11741473822538,3.11647137755897,3.07522661455816
"128611",5.71485883765497,5.68225085891204,5.67204015942109,5.64627759290857,5.64601088343068,5.60367555673523,5.61872982459612,5.67004903493784,5.6791269382002,5.62870184972002,5.65219586747212,5.65925107582767,5.64730571027166,5.63665311449518,5.64683896410258,5.67724374344865,5.6833615090211,5.68913200621227,5.60997347504944,5.62449185806446,5.69307140144512,5.72798401779324,5.72841694316613,5.77599622633116,5.76169928606169,5.73214913603198,5.6350165454059,5.66613276345365,5.61998858843486,5.58288037014913,5.60282185943096,5.60756219863243,5.68272289762667,5.67067163429429,5.7111297559099,5.70720132772201,5.69515198801852,5.66293056658202,5.64061555181631,5.55357376338338
"131591",9.50439188517499,9.45134973505596,9.43274346840942,9.38694967810727,9.3602313187123,9.27570239212516,9.26268632678927,9.33477582726026,9.32476606572681,9.21778290489066,9.29407347172642,9.36143370832412,9.39663939384042,9.42161627327671,9.47706101177561,9.56889016797173,9.61196485746678,9.63269008309106,9.51139341809535,9.5383453460389,9.67665690842784,9.75036145285399,9.74365162326679,9.80005781600011,9.77250807795724,9.73474868780516,9.5998353218362,9.60617911859618,9.53521789423849,9.44250353644887,9.38113121494942,9.23933925796633,9.23614382153627,9.11611587084175,9.10728770726594,9.04475344462377,8.98773361655698,8.91697820587577,8.86576140557324,8.72850958333783
"137551",13.922735546751,13.8438383581527,13.819012279905,13.7808326999391,13.7518721038527,13.6361631312928,13.7382165837552,13.8956337389989,13.89640904168,13.7665665314399,13.869587917532,13.8007997906653,13.7455342871372,13.665184702925,13.7230411491318,13.8447952642817,13.936342591946,13.9630692841256,13.7592428597514,13.8189444154825,14.1120713562513,14.327729277196,14.4055985239901,14.570561524805,14.539217295715,14.5016540782562,14.3001994143088,14.3254472429391,14.2252840350167,14.0526221120898,13.9495291966054,13.7305859442606,13.7371184538566,13.5565506868413,13.5472039086804,13.4804250616226,13.3994063338514,13.3034972955805,13.2552375496627,13.0665249768529
