"plot_id","1985","1986","1987","1988","1989","1990","1991","1992","1993","1994","1995","1996","1997","1998","1999","2000","2001","2002","2003","2004","2005","2006","2007","2008","2009","2010","2011","2012","2013","2014","2015","2016","2017","2018","2019","2020","2021","2022","2023","2024"
"3293",63.6720265091561,63.9110570662306,64.3358921365672,64.3064501948763,64.6500438375415,64.6520942087292,64.3861661455447,64.6249406195674,65.3272842520571,64.9375958876531,65.7966436017256,65.8587423844768,66.521162536645,67.2116574292833,67.1466299886571,67.4833295343136,67.4782058793475,68.6494356840584,69.297869588698,69.3107912666677,69.2122875268544,69.5446716947373,69.3892254430328,69.4567229228831,70.5535772221795,70.4773176763923,69.4445578591029,69.9468458078549,70.6503936172629,70.6137871294155,71.2024157589012,71.4659799376184,71.8455789887241,72.0193450981213,71.8831483850401,71.7515419394977,72.2318665110906,73.1151406778754,73.2857831460183,73.1083778149467
"3314",40.8310939321022,40.9691550480779,41.4139682674762,41.644219821952,42.2297550246507,42.7230498541188,43.3271384033252,44.1362362976779,45.2512780940173,45.2356303255237,46.3761935905808,47.1073170283452,48.1957204181692,49.1721995271561,49.3394404770085,49.8132803096484,50.0504902949364,51.2582026925366,51.869163349342,51.8934413911396,51.6133792548721,51.7221750648531,51.6512854053459,51.8659833222179,52.9081733983876,53.0619079484598,52.4465357455584,52.9711675240653,53.563734138579,53.5257717272477,53.949475713588,54.1776696384447,54.5421893722376,54.7321276085938,54.5264763210189,54.1987025836287,54.2504070553371,54.6706042043173,54.692178398542,54.4488637846281
"5311",57.6649323217282,57.8111194802412,58.3764227542976,58.318988624608,58.7978930985413,59.1639925601252,59.6300783227401,60.3668191740132,61.3145762436355,60.9485494032906,61.8908526111058,62.3803111814776,63.2779451839763,64.1881588358697,64.3034708471538,64.5929303030014,64.7584843191574,65.9251389805417,66.4874934730145,66.4025129073812,67.7342008951027,68.2728146750463,67.8840407578795,67.5211693776346,67.9701440634373,67.6258459288658,66.6154951222215,66.9838026054785,67.4164098093208,67.5926202829922,68.2331131787421,68.2821874903459,68.3682918414068,68.4096564095125,68.1914163543073,67.9847509028481,68.1142980162627,69.009605294192,69.3704787600763,69.218227343204
"5333",96.8820094218532,97.0840397086529,97.9152280885074,97.6752612003791,98.1744122846939,98.3235159964713,97.5291059390671,97.7878880347548,98.4981531009956,97.470217183869,97.8187501775732,100.4135271006,102.310850519653,103.484299547201,103.388735330379,103.591842850136,103.612396396012,104.747310720086,104.951435410179,104.238113328585,102.132448696577,100.464051319148,99.1236945234202,98.4593632524491,98.4987830154509,97.5812353920534,95.9681957730423,95.5400782480322,95.1859459523896,94.4247645297921,94.1507619573106,93.6521699274654,93.2704610368785,92.9062414507716,92.2343855770608,91.2899537864214,90.5379885765053,90.4337266595999,89.9515300644264,88.9434773937289
"5371",41.2973197470347,41.447121756484,41.8810237757767,42.1285649820569,42.418020657239,42.6970411813989,43.1210501998348,43.7867752168499,44.7737814174266,44.4785870297242,45.2248024077887,45.9088427502602,46.7798352561207,47.163814864076,47.2483235411108,47.4653058226536,47.5967152780326,48.4531113267451,48.804616995973,48.653558904311,48.8025538779507,48.6670817157059,48.3295702963424,48.3933610079043,48.8179236410193,48.7143631025029,48.1977673361401,48.4279035999463,48.7705609280583,48.7084152059884,48.9616402244396,49.0212422461668,49.2298686249012,49.3396745903834,49.206758281034,49.088235433677,49.1155142936282,49.5004887850905,49.5500175924599,49.2296942432014
"7271",37.0938131663465,37.1038898439544,37.6325596858543,37.8955861324084,38.5455093901111,39.2940646694143,39.9053151533803,40.8157192396684,41.8653533392846,41.7957688962143,42.7068959202183,44.5339101076997,45.9123882079212,47.1053987617007,47.3721355017458,47.9436818856524,48.167394180323,49.3500331920801,49.6322598808781,49.5376896896067,49.5827926689091,48.5999450902862,47.9589520427465,47.6992647751661,48.082561913842,47.8518446381314,46.9039696591324,46.9762575454489,46.9631958182664,46.7539310837526,46.8627591031545,46.8531676757477,47.0301056553264,46.954117086378,46.6932715118001,46.5064352575099,46.5894435904713,47.1392908949726,47.2094109277794,46.9596412899523
"7351",24.7547978191602,24.7634652750096,25.1101309648845,25.2835481287527,25.6549919496958,26.0468387245848,26.4117634002651,27.0198498068289,27.9015320424823,27.7158602981245,28.2920313178331,29.0420343168418,29.8868855652361,30.5528335468527,30.9821433901289,31.5583996270702,32.1802847429861,33.4121151479545,34.238197765418,34.6951633033112,35.4895931864563,37.4591201205151,37.7095525262223,38.2036212303655,39.4029945640728,39.7268672373917,40.1464148627376,43.5056392076106,47.8812486242033,51.281308746485,54.306322749001,54.6393181735372,53.5191254847407,51.0780592389073,49.627488966595,48.9245714759907,48.4578623748113,48.3579669071203,48.1062934976892,47.4809900925894
"9251",45.9615119656508,45.9375640178655,46.6918970151651,47.2697048796512,48.3838022204434,49.7337068273861,50.7472079113197,52.1894053071736,53.6704867545473,53.6227383882144,54.7405535900552,56.6167440264104,58.136269215273,59.6884976237828,60.1683506452679,61.108412438676,61.7636165740033,63.6314488815511,64.3075019307443,64.499155392437,65.9068316378871,65.1164440474882,64.7620516290953,64.8724742130587,66.1349455290401,66.2899872387114,65.1966258735999,66.0440337396748,66.6791894283293,66.6895932453823,67.5080512756495,68.3682299972346,69.4912902883633,69.9744035237199,70.0253979264989,70.2234218652414,70.5938529383505,71.6036637904806,71.8498289772989,71.4513495377014
"9271",64.6023648985458,64.5865432716583,65.3781982499898,65.43017304505,66.0455441944109,66.6960568919241,67.3271410878088,68.4399558294313,69.7286668454737,69.3378766576188,70.2075897389262,72.0345125233044,73.5166246173191,74.922874738965,75.1872546070803,75.902505272729,76.2151035260828,77.7801966764841,78.178390216951,78.1612346624137,78.2375548325128,77.2091891297741,76.4392026637065,76.2051860728842,76.9819111906994,76.6229009400338,75.1859576863891,75.5814015184418,75.8739240806435,75.6861600906368,76.05725210025,76.0449757756465,76.20921091092,75.9385899713603,75.4304181008185,75.1363429019489,75.0074198903336,75.59956269972,75.5721596755866,75.006550248955
"9291",79.280710448081,79.3693664910788,80.2891750774987,79.9873492289831,80.3647826424355,80.6704425377563,80.0918993084389,80.2804613147419,80.736244387216,79.7582622124544,79.8156041391001,80.0698634755391,80.741073721299,81.4598925744111,81.4756006526767,81.8694851372617,82.1924432468459,83.5799668604931,84.3076961463146,84.6521549507314,85.0176367973765,88.2833085960482,88.3735256070362,87.8360762914416,89.1783503562293,88.9858268255285,87.7190947829352,88.8198423242752,91.8383522074746,96.5466928648046,103.736020307783,110.053282786789,115.493753286827,117.027013783402,114.795357763608,110.765361154454,107.134054082375,106.08597501749,105.232847836198,103.77677621303
"9311",17.0361583563821,17.0559372723712,17.2871343086303,17.329745335392,17.5440101846161,17.7649553631885,18.053225641005,18.5267406626686,19.1034124344662,19.1409175000763,19.6565303595975,20.3415909813151,21.216698221155,22.1472608370797,22.7318519246238,23.5775411308902,24.4536907748893,25.9400763112933,27.191778285657,28.1033315474465,29.3439936362364,36.4687334340763,38.2228939157192,38.8428939450632,38.9097114440329,37.0089260973391,36.0445012186104,36.4659444133877,36.9405704865103,37.0437660234249,38.0929559877561,38.8787124609898,39.2943851621754,38.9382621113562,38.8090377565694,38.8127318603605,39.0383137691244,39.7216324877075,40.1099092697602,40.059626612959
"9331",63.9420886819599,64.0860823789699,64.9498254712632,65.1688457768932,65.9141702886669,66.7126209778911,67.5575174019565,68.7409262239564,70.1021552945913,69.3281293599581,69.9209350343701,72.2736504913822,73.9861633754443,75.0947288233784,75.1566976765833,75.4869167971592,75.7748274715378,76.860166194128,77.4335063473155,77.2519894242135,75.4823836013055,74.8062840925826,74.1420724226518,74.5253231311351,75.8124962214809,75.5112692504616,74.021374040341,73.2578772186216,72.6076600359727,71.9289099359831,71.740636431599,71.5240268848801,71.4761033923447,71.1718898689585,70.7132275112236,70.3243105334594,70.1546047093567,70.7325726129174,71.1686109832643,70.8269955018867
"9351",37.3801663224094,37.3837291166524,37.9049167914442,38.1080718897242,38.6147772117015,39.1176336096021,39.5134443842559,40.2300236966383,41.2813116937813,40.8660843456555,41.4180031786238,42.5456243871386,43.4665822794421,44.0672994134096,44.2944594669675,44.6024998081174,44.9147620296307,45.811191145323,46.353624763912,46.3819376699244,46.2433686214972,46.4644124429942,46.3719883756192,46.8436654986606,47.696888728886,47.6793332919473,47.9340545625031,50.4597764579497,53.4275697384044,55.2107648402288,56.5806123026333,56.1683377772816,54.975191647855,53.1831051035008,52.2123541935873,51.5704145728856,51.0010649199838,50.7734665794845,50.7560667404473,50.1948018450437
"9374",54.1836225702898,54.1519642531684,54.8441931862819,55.0290261181462,55.6252983067602,56.2225784694764,56.6942099201902,57.5600187215915,58.8605285283574,58.2683400899607,58.8901214324159,59.9001720970656,60.8511640045869,61.4520850447387,61.6417345283702,61.9211791984606,62.2323621384784,63.2735573140047,63.8989473198467,63.9174442466122,64.6521930673333,65.1983367729381,65.0686232187022,65.4011586220062,65.9880046503514,65.5489363769724,64.7470999892003,65.2424044297289,65.7629159472417,65.7320486874514,66.2948528902422,66.56268943641,67.1527155047122,67.4572639617125,67.3453282846665,67.1554073574604,66.9557792582668,67.223178790436,67.2217956393914,66.629895678351
"9433",37.3668571537851,37.3375570357876,37.8570747314541,38.0223242290033,38.3025608580789,38.7074412509947,39.1271749346723,39.6375588071936,40.4149895974631,40.0130376254516,40.6341475633224,40.947803265755,41.7524337580022,42.1119249864932,42.1815973529965,42.5332025579632,42.7085178015504,43.4603898122817,43.8385326114723,43.9267995857361,43.9355405966095,44.5446221926545,44.37183787138,44.8037308669683,45.7107635780058,45.7234050933647,45.2653486171655,45.6155370610311,46.1125271107856,46.0944892131248,46.4562324084458,46.3715945231685,46.8166479295897,46.9363682110295,46.7930852224447,46.5478106207061,46.5777294246531,47.053204626969,47.0899894201276,46.659730636894
"9451",56.4455785373307,56.5708934701498,57.2781256502995,57.4208808252962,57.7080481202715,58.222794589756,58.8249991715524,59.7076526112737,60.9313556728436,60.3169214656733,61.0935489482894,61.7293918423863,62.7943142957326,63.167459952467,63.469586700023,63.9618020665069,64.1089014313485,64.9738289780977,65.1595815347797,65.2261641149953,65.2705005383744,65.8704487537321,65.6742544504809,65.9888335137323,66.8136582947946,66.5245408686021,65.7031575736568,66.0730299648128,66.6812210626535,66.8158523747465,67.4231273565621,67.2705298312435,67.7558640751112,67.8182330860225,67.7062765519787,67.63436842873,67.7139271366294,68.4927298006996,68.4200843207198,67.6715176819907
"9471",61.7063153367651,61.8879382954227,62.6862112992375,62.9089613297147,63.352275908163,64.1095168355936,64.9580164602981,66.1388413517587,67.7796949569642,67.204113398891,68.274126965735,69.1454728564328,70.5143614762725,71.0695463026264,71.6725082393155,72.4121484558992,72.7156252181194,73.9127963140612,74.1727572694278,74.4578401252686,74.6584157493631,75.0809473703935,74.8815322157073,75.4856771246808,76.766511771586,76.6812058068255,75.8573128043139,76.4974407244333,77.3955035360068,77.6684122436188,78.5256698429368,78.4718442922906,79.1620934251889,79.3498273317329,79.4510702004884,79.5596463530876,79.8093521774651,80.9185239119443,81.012498370718,80.2579509254265
"9511",69.7572455669324,70.1735863883571,70.6993678063883,70.8739638768747,71.2000034153067,71.8775968036962,73.1478376296156,74.6170314200243,76.2791185013644,75.4721493646319,76.2710346354319,76.1577099433461,76.9078881550788,77.0703671969075,77.3452263454388,77.5445552017295,77.7365906893401,78.6789293188998,78.569517643944,78.9947907457266,79.224700377031,79.5911896328674,78.9425844869401,79.0491298642416,79.5770734907721,79.296358675484,78.315015880922,78.5239544892331,79.2132346593051,79.4594087043036,80.1136680247976,79.6795475255569,80.0020195552334,79.9818012874326,80.1742413524737,80.4773949285745,80.5455200081819,81.518824334178,81.5692965964669,81.1232805140901
"11252",69.7072409129227,69.6716627552122,70.1209948659814,69.9683318475397,70.109113321229,70.2558158825036,69.570688812137,69.586228238356,69.703455404295,68.7486804255988,68.4087212261228,67.8118449343354,67.4415001542532,67.3345590047567,66.814841252472,66.4357027396939,66.0254904917909,66.1367002612711,65.9781258618394,65.6657269610243,65.6986474068833,65.4979200388432,64.87320696607,64.1052969400783,64.2819714988548,63.9096987231649,62.8006151452925,62.9696822818656,63.0856639622347,62.6380900168239,62.8311207251709,62.9566311130932,63.1613026751537,62.9550107908098,62.6080737069602,62.3298846043003,62.2132740645135,62.5246583064035,62.4930337642209,61.8849744616156
"11272",29.1104380801327,29.113347273019,29.3989214630478,29.4335154520285,29.6589818816247,29.9350355318977,30.2192450553951,30.7337300386111,31.2752854260396,31.0631516510543,31.3564528308392,31.8647072433506,32.4397198691073,33.131201801194,33.4178985234985,33.8864398996721,34.3861458557634,35.4405555162703,36.153795264648,36.6792373816782,37.134792750939,37.9966755923629,38.2802837139136,38.6289311214922,39.9186322899263,40.216323672017,39.7086558793202,41.1423763078482,42.8467347099913,43.7471431583807,44.97783149433,45.2416826963739,45.0397409417582,44.9689827540486,44.9790332408782,45.1270740619497,45.4259133033234,46.2886448326046,46.9182320892742,46.871991323897
"11331",46.2119318378366,46.3590227267894,46.8829711258813,47.0642386889798,47.6732744324981,48.1682764707716,48.7647188738219,49.4497571605164,50.5103860440003,50.1028924172082,50.3315186087758,50.9731050630228,51.4273744894173,52.0922369247286,52.018533020323,52.3760417277238,52.611712252271,53.377548383786,53.8655216094127,54.0081198123862,54.0574990803951,56.0956487356716,56.4035516517134,56.9613616536767,58.1312581628345,57.6494072788613,56.7279042261378,57.2380595492301,57.7965349647253,57.5365709063085,57.6651811310534,57.5741749738333,57.7552098392309,57.5954956823543,57.522676535013,57.4112212018431,57.3793095097044,57.7699338570039,57.9461730948032,57.6378716646703
"11351",95.3863045356184,95.5807193643893,96.7180721215155,96.8044258230822,97.7568202024892,98.5029444664522,99.033466936937,100.20944302834,102.090804340493,101.184604499528,101.659599045694,107.665014089517,111.076209293914,113.534108238332,114.452636953357,115.462342584343,116.15429456525,117.776669722376,119.346749618533,119.620779269847,117.96616982168,115.207950296851,113.340546505496,112.461230582246,112.622173986401,111.789037525722,110.079557910645,109.686971653197,109.14078615508,107.862233527076,107.261845657199,106.529384632548,106.055990114221,105.21986303884,104.405424663262,103.568543642812,102.84702253441,102.804063336121,102.609907196821,101.55339176467
"11374",86.4193896275521,86.5436373881666,87.542352557617,87.5743634264754,88.1737641976479,88.660407660744,88.2496547010265,88.6943790479937,89.950207135378,89.1003926887388,89.2140833703898,90.8794513372078,91.9804753568205,92.7910931057325,92.9924389424336,93.1416995642433,93.1881406577975,93.8202187628911,94.6062588719233,94.6913427061239,94.5531692368163,93.6623410671671,92.9058216852718,92.8420470449934,93.3850635261452,92.7746987080483,91.4391683186207,91.6818407552118,92.0409895479298,91.7200543739095,91.8835934179382,91.794230203629,92.3023682857925,92.2995769578329,91.894462313659,91.3247481483459,91.06865517462,91.5563916942791,91.8338216519508,91.1467984939244
"11392",41.1500108045063,41.2101205787856,41.7676016317015,41.9311788336548,42.2867122237245,42.7648607999449,43.1998089922878,43.6639745728992,44.6497178901083,44.1138746434768,44.3086075955676,44.7322162647569,45.238863756441,45.7085446826554,46.0486875153224,46.3388937818824,46.5981471037043,47.2675378771483,47.9292441757736,48.1532641370818,48.7571904623374,49.7707009920645,49.9741419995091,50.2557328543953,50.7552109604661,50.4357062839882,49.9006361803482,50.3629210509137,50.937990244984,51.0759329606006,51.547227051485,51.6726280354747,52.0224468659643,52.0396431421913,52.154136988635,52.1695966006978,52.3180570814758,52.9190763225556,53.2010421019894,52.8874881840777
"11411",118.229704862709,118.409052448565,119.677446885362,119.547245257323,119.517842287298,119.644375057256,116.381121156473,114.733296126606,114.199435809563,112.264604249007,111.136252745951,110.230037575945,109.50806509864,108.701261768086,107.683779123869,106.667563363044,105.555300105817,104.838707581608,104.00814651606,102.836166302609,101.749323162652,100.729389152396,99.407186021605,98.5061523370504,98.1010213798145,96.7881668498007,95.0290560167587,94.0551860401316,93.3970591192992,92.3275926163713,91.579194447302,90.5663623020495,89.9102381619013,88.9455125198517,87.9387602073641,86.8520978661468,85.824176332781,85.2642759080165,84.4517555837304,83.1294035782302
"11451",131.234011933923,131.243269601487,132.72219687148,133.229229297728,133.92960714642,134.986169771413,144.362446237807,149.858408465553,155.154505964131,152.173116663616,153.440953353192,146.578697888728,144.059072313893,142.133815504764,140.51368983666,139.38729202307,138.030210626523,137.188986609425,136.000836593764,134.691192754115,133.336890748291,132.214620149653,130.49367614179,129.679645017423,129.620661868518,128.397028373764,126.27899841217,125.560221616792,125.388275522197,124.906370990949,124.710729491252,123.143736172446,122.835006083587,122.2004093038,121.413173767808,121.001985351237,121.823366460466,124.268218910239,125.205331053897,124.318785355021
"11531",61.7579244225768,62.0805142726131,62.7186411786652,63.0189454204152,63.6001082635461,64.5553398818568,65.0238745274443,66.6383817076083,68.4704965673249,67.8344634564736,68.8562753506767,71.0387780184505,73.0507932454921,74.1242324202076,74.784522867807,75.3245853051148,75.9358571681174,77.569772111831,77.3368516133735,77.9182482591979,77.385701364582,77.1787325818158,76.6088869880355,77.2468074782616,78.2383818696463,78.2801732524988,77.6614662728375,78.4554643640269,79.0747511126487,78.9237606674336,79.4083510949113,78.964804542349,79.3865329096307,79.182219829976,79.267191965427,79.432620286553,79.4924633116179,80.2371228584191,80.4038191112335,79.8101819194166
"11571",70.601013466651,71.1372828769915,71.7342161116983,71.996129059275,72.5502014214271,73.3885255601369,73.5820835665111,75.42470687686,77.220616937831,76.0344391312737,76.8970234595482,78.1104361540652,79.2786722058564,80.3017467921032,80.9231808124825,81.1931111548498,81.6063309074201,83.0645216744816,82.7080504317794,83.1253457346597,84.3307779760119,84.06711011233,83.8268429713392,86.0553800627348,89.4586477503063,90.8424865204094,90.3909973092165,91.4829388233621,91.5669721646467,90.1075490642401,88.8698904466908,87.2455587747351,86.677169917027,85.7242609792311,85.0409404418764,84.374488824818,83.5439112099787,83.2907425952049,82.6937333159895,81.6484281356085
"11591",18.2214210371454,18.3479214166654,18.5611512377508,18.6764060045093,18.8731067404585,19.2040911898917,19.413272592428,19.9301634383053,20.3933699317058,20.1357008440255,20.3232095457607,20.6896135014273,21.1493075937493,21.4592710166044,21.8210859888784,22.0934024310409,22.2798432365253,22.8745477541435,22.9878191148199,23.3718808555319,23.66641689263,24.0703364317416,24.1488648520785,24.6910819410153,25.3250358676239,25.3918531679495,25.1825964021834,25.6131522780812,26.1456834453421,26.4485582748337,26.9626432288582,26.9086688232941,27.4038455117581,27.6016247504781,27.9293279298255,28.1977773769584,28.3618105749017,28.8329908186175,29.0096570768175,29.010731831314
"13254",59.8356497805891,59.8246860110461,60.2638563400187,60.3407514604769,60.7455178995971,61.4526521683183,61.8514395420879,62.8919343486506,63.8901186001309,63.358466653687,63.8840055540342,64.8387891982452,65.4866726024664,66.5429763845597,66.6895460822044,67.0260034345124,67.429980291211,68.7069526384413,69.7117576335374,70.4899416004266,70.9351599371227,71.2028941740397,71.4653786174346,71.8346075832815,73.2295260800959,73.2461548421138,72.2524160535094,73.5950674539622,74.9974801933126,75.5265598156237,77.0011235114859,77.9603460554269,78.5181973231023,77.8342442636759,76.5622560906963,75.0182562783937,74.0803950191278,73.8424431409043,73.4465260581473,72.4882896604314
"13291",55.2105045754307,55.2539823129504,55.7905397946612,55.9448500703472,56.420810779574,57.0114728818829,57.5589158798836,58.3853413533883,59.3605493642863,58.8321283927052,59.2647303146818,62.5035400634933,64.5171050060078,66.1051082771166,66.3556464271835,66.8086150781201,67.4469586890063,68.7382854198238,69.2750825135113,69.0765558948096,68.9409620061375,66.6231001773538,65.4229934685621,64.7770138665021,64.7425232715972,64.0758657261707,62.7816455876679,62.4179208070043,62.1487140588455,61.5391369401958,61.3836274428871,61.208954603384,61.1885897601673,60.8759035741869,60.4702526931722,60.0520009086709,59.824420111147,60.1369646373802,60.1781581229398,59.6916307090024
"13331",124.278427186262,124.782758470071,126.086787919904,125.878239686407,127.112466595055,128.058536376925,128.860992444328,130.168054351936,132.352089954547,131.325883870685,131.798248173025,133.481749667074,134.37011942908,135.696186080958,135.588053687204,136.163934510903,136.456491490928,137.879649941102,138.574683859441,138.579297992178,138.368651930524,138.501671135623,137.89694267447,138.417114900972,140.573148532291,140.002499460185,138.417158762569,139.757491635637,141.127815346247,140.344643702704,141.302267359463,142.093636235553,143.277596287932,143.206615194584,143.203917419565,143.111559949672,143.201392125439,144.381655366115,144.972125844566,144.320298685172
"13351",58.6306353425616,58.779703151517,59.6987484693895,60.0447583268923,61.2598829932044,62.4752714455453,63.8577570050712,65.2330522415204,67.0825738294008,66.6086660627082,67.1785434809251,67.8871517089641,68.5411700787061,69.2263711508099,69.3863910422742,69.761311037953,69.9193412347901,70.5398279723059,71.3942968328871,71.8536150736254,71.8650157244288,72.3582451880007,72.5399468604666,73.217802837179,76.0888016317992,77.5147549274326,77.6214080519135,79.2070239454861,79.8565612016248,78.8414472451778,78.7094398887704,78.7054443248862,79.3027977793943,79.5033511323864,79.4247057224821,78.7338459959593,77.6755645124773,77.2985692425301,76.9839294899265,76.1435295886907
"13391",59.1641941018365,59.3318353276922,60.0958623712867,60.1941219931016,60.5994284582737,61.2148197612057,64.5686087453254,66.6916627073393,69.4098248393973,68.6124480182736,69.2657698467272,67.5809158691472,67.0275824055626,66.8684111662413,66.6823374912391,66.5376044366076,66.3552335888514,66.4918109805882,66.712735596819,66.5538855056255,66.3150191496115,66.472442725395,66.1465504813565,66.0367567232207,66.5734716148996,66.0277409938632,65.2095218682235,65.3169980969046,65.6493611474154,65.4537120614498,65.6492396077017,65.6172908218096,65.7866550922563,65.5343832030876,65.3143701631779,65.0563641819896,64.9367541445572,65.429313728854,65.5674164143522,65.0339296109739
"13411",68.4030995825052,68.6145147975862,69.4900613240381,69.7034176191821,70.1612453956732,70.9601014634178,71.643184876722,72.3545639357402,73.920891896905,73.0975638176888,73.525171171244,76.89019742354,79.0015031523901,80.4273909939901,81.2165141865338,81.9674961114728,82.4649230564813,83.5782852673451,84.3647762772064,84.2029186201963,85.1085293191518,82.6351285905666,81.1672672564549,80.6084868994479,80.7603198344676,79.889488794278,78.7288410347824,78.431900702352,78.4723132290673,77.9880356390951,78.0152910090134,77.6634879654232,77.4925146109904,77.0461772969376,76.5996451552713,76.114210297669,75.6858890351747,75.8956634254544,75.7375851313963,74.9125066659233
"13452",159.964694655063,160.354627156234,161.594675525617,162.545443814922,163.427907375504,165.3796273783,170.372075200392,173.829102372098,178.202482237337,175.504216044813,176.833901104877,175.714641421216,175.921297397206,175.866387115551,175.456259620753,175.681523293938,175.474609931141,176.135847103842,175.935974231026,175.518503758487,175.213544574125,174.796311368804,173.56174438753,174.044013536132,175.430432241617,174.362589542229,171.930327403765,171.810190031163,172.319951804091,172.022498016536,172.70563111669,171.857615491865,172.533198862502,172.354810010881,171.79070285616,171.227997430317,170.746111460052,171.741237220253,171.449536633941,169.415942902625
"13551",76.160690163462,76.6266941078917,77.3866678749924,77.5282985614308,78.2092001027997,79.0772850602389,82.7972414216294,86.574054203599,89.689237070852,87.7944585059344,88.5986242140777,86.29294775779,85.6247305429096,85.2508269260082,84.7589070391568,84.2126349520997,83.6899403298054,83.7983394734839,82.8897478145778,82.4043951408699,81.3801936857934,81.030640688569,80.0903332145086,80.0820342197019,80.4554391224061,79.9212434214729,78.7162877356556,78.8159925530002,79.0901054263115,78.9442169617647,79.397137565992,78.831414416291,79.1923968133007,78.9160497103486,78.9017274037185,78.8888442926647,78.8684654728502,79.5476278942158,79.6764669285821,79.0943152735505
"13571",24.4059502368777,24.5465219348844,24.8743584275411,25.1239628099944,25.6405853896925,26.2963098582074,26.7188450204506,27.8934509884102,29.0782806260227,28.8607024174094,29.7016240663917,30.7074523598098,31.8211756010606,32.8456622335549,33.7330011577939,34.4598197730247,35.3253855836236,36.9080165414498,37.3164481417662,38.2829844423542,39.1224678490249,41.0464986994748,41.3465347486855,42.5680272781282,43.8453332477353,43.8881251694974,43.564133965977,44.5982210968362,45.718851896269,46.3451092361763,47.5178052553686,47.6840467783186,48.8506613751532,49.3637934312215,50.1528654693552,51.0563717281771,52.3067491816763,54.3916046122899,55.6172617709046,56.0595202049927
"13591",128.795057396843,129.561824330417,130.856401389243,131.187506273672,132.26599771588,134.033901456106,134.852154950081,138.153313784931,140.876176290637,139.008624694359,140.07701020773,147.620411873751,152.913025341417,155.985572540008,158.709914674509,160.061584388407,161.208245245388,164.822354067902,164.262164669293,165.559312742137,171.492200915698,183.238535409712,183.52135894789,182.556882345135,179.100923953981,172.251114582218,167.356521910695,165.125668241022,163.591865226272,161.58687394757,160.330916309924,157.839871876838,156.822572280829,155.281604982578,154.24830768253,153.390797471352,152.238632392863,151.856461238095,151.59391489313,150.179224217049
"13611",51.3478856406549,51.6260432341122,52.2187660615241,52.4654634828159,52.9864964660602,53.8458447097288,54.3637982132173,55.8833520402101,57.2457294663623,56.6130305555126,57.2962142734844,58.3384263434155,59.6443781612,60.4514400500218,61.3499544390045,61.958930783539,62.4146260578095,63.9418692938973,63.9952130990747,64.951724183907,65.7353382761518,66.8313724939406,67.1211320802043,68.1480266477605,69.5281220853393,69.510648724399,68.8920741625355,69.9679223140551,71.2797920838998,71.7248140429599,72.7730077020753,72.2485905036022,73.2905051069528,73.549533874818,74.1362813657568,74.7566399189313,75.246649086207,76.5662087334652,77.0220452026456,76.9753676821627
"15291",82.0598932524363,82.0256463625894,82.8325594396986,82.9593841608212,83.4217669939084,84.2121288094123,85.389021494926,86.825129872297,88.2828727041932,87.3841072502177,87.7538219140585,88.1396590510911,88.5930460080692,89.4002487759495,89.2915270507668,89.2712479420654,89.4757100807291,90.435307321663,90.6606870474742,90.5989303599124,90.5395100245718,90.3178311755729,90.1254085456464,90.2463264696339,91.3635109450519,90.9842882529673,89.5301197279438,90.0408975451393,90.546337930459,90.1098413924356,90.5407291868594,90.8207148361778,91.3676722421505,91.3136434077197,91.098702845216,90.7819300639839,90.7207254962896,91.4756005158489,91.3248087277398,90.5484278376448
"15313",68.1797349712356,68.2605617317019,68.9633857777981,69.2261621528132,69.9430558610239,70.9545816566173,71.8856161029068,73.3687491114358,75.0279009317491,74.8276147000202,75.6728367088215,77.0561578391434,78.0423285330239,79.5948944351928,80.0813327234671,80.6169323792605,81.1902636153726,82.9218030520517,83.341287190839,83.7276005435744,84.0372096485065,84.3168175370262,84.5373363250782,85.2571134867104,87.0307330549718,86.9622182298049,85.8314193383258,86.9445710993905,88.0404866791837,87.9182937003915,88.8362406770003,89.5671125231258,90.6328006274211,90.9792392523534,91.0859493940569,91.1262433494436,91.4719822215212,92.8371512170049,92.9684116870541,92.4126080461654
"15393",83.7526330072644,83.9062860282555,84.8713098571677,85.2627136149828,85.9827348115401,87.1673388249465,88.140474397872,89.4155123234884,91.6385794017966,91.2678386799535,92.062766007311,96.2048625853873,98.7971934808157,100.729399540353,101.673036384696,102.632627513779,103.012066105808,104.695395695267,106.119358793745,106.614264518071,108.767505536866,109.290269673033,108.573116098401,107.193843405196,107.288789037045,106.346982343544,105.059814657779,105.362260599441,108.537201994991,112.478397271222,117.571962636713,120.482530383093,121.777815352419,120.369816698554,117.513985328858,114.53847176472,111.841610898032,110.559261154867,109.301882965134,107.462584756348
"15431",217.970673447622,218.646347649927,220.259880773239,221.719965914816,222.238480638716,224.726894606431,227.242170369822,229.722152074941,233.738029979895,231.555259433131,232.78301293376,237.834687729018,241.634873747041,243.38190019583,244.286539366454,245.649133246039,245.937268432499,248.192718789792,248.380310386905,248.364624178345,249.167488053788,247.572489347096,245.858708919576,245.94028441054,246.901943202436,244.575037399348,240.970102751639,240.689429990336,241.434736378194,240.877263470962,241.415294019077,240.021299700148,239.849847615385,239.144417150877,237.830752258883,236.738463981158,235.586112529184,236.237167938332,235.700606983516,232.977546067686
"15474",99.5807989755284,99.9660258907859,100.333835240529,100.257314725108,100.477981269381,101.027337225922,99.8089073797574,99.4390022631541,99.8843078774616,98.3936954327004,98.1525574686048,98.419288720728,98.4879027145349,98.443894519571,98.082879574396,97.9956385849136,97.8540121752383,98.0806856682004,97.822626348493,97.5633940638404,97.3260863281123,97.9015863963533,97.3580477073526,97.5264051844216,97.9249447807041,96.9207847056711,95.3546223050358,95.0321758794242,95.0006793053981,94.7867238717824,95.0086369312565,94.312176320037,94.4515512602886,94.1571177796812,93.640817333361,93.1710740237036,92.7235913050156,93.1685523958568,93.0523486558241,91.9697791417942
"15551",57.0597264801728,57.4190402304843,57.9908969004097,58.1049257593623,58.9727692609149,59.8010878251775,60.4936231720055,61.9836687130205,63.7311745515728,63.0117076875087,63.6212553843434,66.1880154123708,68.136296697874,69.4054061805192,70.132646629135,70.76988727347,71.2653882021754,72.4937703990372,72.4255461291661,72.7758828463428,73.2969694242905,72.5900664730046,71.4830964743256,71.5022494512238,71.8566602930074,71.2940708542269,70.1386214931019,70.3428488758562,70.6341945498709,70.4942698825354,70.9485349435404,70.4926653563128,71.1264303453953,71.2591671522127,71.6304712925946,71.9539378162451,72.0352780204306,72.6724938455274,72.6768097070215,72.1027642969571
"15591",89.3012216942215,89.7133738994438,90.5722321039634,90.7392725860971,91.6644751675812,92.7103437567197,93.2047864004087,95.3977796141755,97.3788083558019,96.0176186581957,96.7767068275947,98.8200148270306,100.818981663843,101.860207746542,102.573839191989,102.790961369697,103.119073838266,104.536567263064,103.91087678275,104.316785100139,105.639050036445,107.76319517616,107.690034457889,108.175401326741,108.794180172865,107.248897033856,104.777335434303,103.972990996329,103.160903082805,101.598121416575,100.873836163414,99.4483478103501,99.1013127176007,98.2757223776536,97.7363406433277,97.3930501439572,96.8913406280299,97.0885520159095,96.7612608422544,95.8474447098519
"15611",41.5682837511842,41.7543974916227,42.2449008675644,42.5057008466012,43.1304257947878,43.9193118881878,44.2718052634481,45.5231127592389,46.6360928756111,46.0128236220309,46.5319223103529,47.26776452471,48.2379300155515,48.7369860962569,49.1637863661376,49.4277402042502,49.6957566027041,50.4895359467024,50.3221086132881,50.7418314694044,50.9823103097458,51.5044165038468,51.5664075465808,52.0740869821351,52.8470096800134,52.6552820383332,52.0421924492631,52.5398951647941,53.1739211900253,53.2286442189934,54.0052150738438,53.7435110815175,54.5244428411314,54.6089162809847,54.8909457937431,55.2726190116535,55.4011591150963,56.0540969714416,56.1333269320167,55.909401505311
"15631",7.51255464997763,7.5573047001943,7.61837861908614,7.63213973015648,7.67979034850826,7.74105663596755,7.74895596588974,7.89335740584975,8.02753863864582,7.91041892957231,7.94787031691992,8.30605921649977,8.96061610785911,9.65255240794229,10.5111775904125,11.457048103288,12.502575866875,13.9539871702245,15.0251063389768,16.6908797678351,18.3334588967682,20.0339419105047,21.071378530375,22.8390026880654,24.7061293087334,25.4686104971276,25.9241824046677,27.6321730220155,29.4931934132613,30.5431698420554,32.6536989135932,33.1571191441422,35.2176647315983,36.2236099839303,37.5834176048671,39.101663114656,40.1558535134111,41.9553525772879,42.8626430945824,43.4263181952019
"17171",64.7693033154771,64.6988164557798,65.2934742250062,65.6206687020754,66.2316664657249,67.1555475891247,67.902825315482,69.1870553942759,70.5883179257757,70.2934238857961,71.2024054256593,73.2152519429723,74.3747323345827,75.7101535496277,75.9030712342753,76.2345615997685,75.9714902964197,76.6102541935177,77.1337439311236,77.3723462553499,77.0197723020962,75.3386118740782,74.2565073950351,73.6611691637095,73.5130899922955,73.1456790248794,71.8277409462195,71.5417591190304,71.5445182100425,71.0765733907802,70.5061323713806,70.5461582738138,70.5275150256428,70.4421178846232,69.8103265109675,69.2344664727294,69.026959385581,69.0316654047786,68.8492332085444,68.1886776728836
"17252",53.6736966632632,53.7745090632635,54.3404095727085,54.379497024285,55.1061352149443,55.9543058182401,56.6312365310652,57.8577478538771,59.3750140763807,59.3153165810378,60.3011317622847,62.697913910557,63.7330782122346,65.4866602046807,65.6846486951254,66.3802240669529,67.1601352947055,68.4973950483144,68.9293969362138,69.8976935204071,70.7456083832129,69.5009506799704,69.3041663506553,70.7501734323486,74.646494829588,76.7529184217746,76.1226187921196,77.0777407622082,76.7584093988913,74.9197048362465,73.928118556305,73.4360131296157,73.1183605661189,72.6710408996573,72.1922752483905,71.3606293038088,70.8688049654414,70.8891272009248,70.6659851041274,69.8857688381105
"17292",84.3622006763558,84.3454546860573,85.2232431869311,84.9680790166636,85.528008712426,86.4412071786728,86.8852253058664,87.9271620793513,89.2102109571504,88.4118076300084,88.6399294065614,92.0508849814532,93.7492927981694,95.7197790519478,96.0811961423785,96.5307031174952,97.016362839437,98.3412174022123,98.4260672485941,98.6612077440054,98.4976557387579,96.0278753983157,94.8483216593127,94.2006177608641,94.4044493144981,93.6189824324303,92.0194084396245,91.821139695915,91.6519044904295,90.8273215015172,90.6739831227783,90.3667554986103,90.2807188533566,89.7315050276425,89.2732218421063,88.7379475163109,88.3477245533755,88.6592504057095,88.2694425539565,87.3357769723119
"17312",73.6948302887074,73.7917601381842,74.5320481110877,74.4489096164084,74.9845302291151,75.7868521928103,76.2457293073836,77.2276909726306,78.4104125438597,77.7953301280788,77.9909299298422,79.4025728421231,80.0663662930456,81.2668351753394,81.378208741918,81.6418650687034,81.8984521617583,82.8469892492157,82.8037466836552,83.083558324255,82.7934884080788,83.0147444678221,83.1289973591003,83.6081916106207,84.8991171121854,84.5048045835425,83.1282256260407,83.1986172480259,82.9798394372936,82.1147962731184,82.0670518894904,81.8658275664434,81.933707775917,81.6475710038811,81.3004675631914,80.749364431089,80.3497535091774,80.6944532034528,80.4429210780249,79.6625864020823
"17351",14.145624797244,14.1811830573675,14.3925338687913,14.5298322466135,14.7744849391839,15.1386365747003,15.5603113278083,16.0703655937517,16.8544464794228,17.0713184625739,17.7350348440138,18.5701030981793,19.3439327422407,20.2893026339579,20.9443932478545,21.7308212555205,22.5007615033119,23.8968179784378,24.5767617938399,25.5505318548233,26.6626677568087,27.5675784834044,28.3847896094491,29.639388592382,31.2706774557877,31.6670474794123,32.0797611761896,33.5145824139002,34.8578242348047,35.618664085928,37.1471015962355,38.3011123741065,39.7544169999659,40.6790601256298,41.6425833578209,42.4581454368092,43.4322255700305,45.2562764431797,46.6142259990302,47.1341815091767
"17374",132.786556469127,133.21722119264,134.640673230928,134.935315688054,135.747272951488,137.322991713872,139.345892313944,140.74422019809,143.258139954935,141.966788258673,142.730499634717,144.732132112248,145.832453983396,146.88655822744,146.690526472719,146.647786123661,146.157000279364,147.153714079841,146.354096936624,145.972665813619,145.865129906279,143.994662901718,142.189487934292,141.094604954829,140.537734815948,138.773065730484,136.779812809663,136.075235198024,135.40001201771,134.07054315317,133.554817003279,132.708995945932,132.308078118279,131.58969778907,130.928499677316,130.200486351118,129.641858587113,130.011680262733,129.836699295827,128.619202390259
"17391",135.616468175806,135.812512539638,137.280941260159,138.013478317172,139.018571056419,140.72121242314,142.156850458002,143.508097877477,146.199116607073,145.346426865074,145.872043145819,153.707140064949,158.226182158429,160.873206935589,162.108173203184,163.290379261974,163.552335197417,165.663434777479,165.899646310177,166.217453312215,164.552600370365,160.686204740568,158.726926136163,158.499855264364,159.153882990299,157.920132064577,156.065645401742,156.077502012959,156.254870135172,155.649945419208,156.25564690674,156.286886900013,157.198522835782,158.17759691772,158.510925459962,158.490753535549,157.971720147356,158.302751144495,157.581632836946,155.858804523589
"17411",104.932631877268,105.133905856521,106.240596257401,106.751094296934,107.493324873441,108.612987876741,109.726569557428,110.824189539665,112.775575387092,112.137944168694,112.468551468776,114.89495080814,116.599476731035,117.529803661228,118.098687086774,118.678232337009,118.906543748962,120.266866390369,120.50930697137,120.91873571893,123.677750430022,121.430496228871,120.490119907896,121.05480408913,123.19004755086,124.028398456035,124.478215192925,127.470032711205,130.134688035141,130.772192335603,131.479479298847,129.750381567829,127.349327732575,125.239645998215,123.563464572273,122.362401690958,121.095036131024,121.083906679509,120.928982217303,119.631540354909
"17491",21.0653934007649,21.1432157204103,21.4208639166144,21.7433672472815,22.2848396970922,23.0103723864838,23.7692909800766,24.7092424885978,25.8912060121762,25.8873863961333,26.6719377257215,27.6220591979249,28.7136676208396,29.2644634822819,29.8584680104051,30.3818977935097,31.1064041928626,31.9957397968139,32.4771250939225,33.1235751438865,33.6525872086143,34.5357968224942,34.7579897885002,35.5788583625199,36.5261039275657,36.5332159753668,36.1104202131138,36.6983274376175,37.3607901357519,37.7871494630582,38.4552230937398,38.5667009253482,39.3481784449741,39.6999533160659,39.9415539854182,40.2712815031239,40.5796466443531,41.5732624100182,42.073932492182,41.9551551943101
"17531",66.3889029781822,67.0018535289998,67.478825189344,67.5918262225433,68.5244581314164,69.277191148198,70.103923089244,71.387503584669,73.3427652344806,72.6443304725002,73.2733660031057,75.5259257810011,77.2413505281927,78.1173336514342,78.5878367196732,79.1797052856667,79.7099523230323,80.7592995875973,80.6959941808041,81.1524632893799,80.930453700032,80.7807444018367,80.1132990622491,80.788877919102,82.2418560587656,82.3587597513406,81.2635828198356,81.9186856766336,82.2851098355019,81.9818133772964,82.3907523314052,82.080481970921,82.8533768394721,82.754542525809,82.403297706611,82.0696136939991,81.8550805551797,82.5633280551967,82.7251843778791,82.0151375281054
"17551",82.4214844016622,83.1517757040954,83.6281333232192,83.665371532546,84.6546165620953,85.2872185708797,86.1044541419791,87.5589911314393,89.5736128621542,88.4101477412556,88.8353173472879,91.7314693367128,93.9130957725408,95.1519818952839,95.7494518579179,95.8518724305975,96.4634676734047,97.5849483783405,97.1224321338923,97.5321307582649,98.4924814094636,96.9855209341515,95.1056344777281,94.5194333940547,94.5301676324529,93.6427465600276,91.9622287257328,91.9090145608383,91.8957048606083,91.2958078349888,91.4605199691886,90.6603951662803,90.8549098389199,90.391238436325,90.0961172567365,89.9798131493501,89.7118499260835,90.2070635463072,90.033417183614,89.1763527150174
"17571",69.8236805917191,70.3551798022938,70.8663094539319,71.0990182879677,72.1005199459031,72.8191195782773,73.49682427332,74.9412739408204,76.6779052149065,75.5843921907946,75.9590886957903,76.8899093105821,77.9996648580929,78.6735850793757,79.0772104092061,78.8330395537973,79.2051269203523,80.1288990354692,79.691547814561,80.1584681451018,79.9897393588494,80.592871177565,80.0246006858867,80.6514378485249,81.5867713804065,81.1879348862072,79.980564608912,80.5898284874302,81.1950805786742,81.0620612823771,81.8039316748253,81.4844359576791,82.3031752539447,82.2377196933685,82.3321603538533,82.5940308625569,82.6149124415871,83.4378591960957,83.4777334552936,82.9002652887151
"17611",42.7168438409423,43.0188843441401,43.4365633816472,43.6997581536947,44.2691652826491,44.8607105773041,46.9725669014924,49.0728577798807,50.6550998367387,49.4553669197493,49.8432211486326,48.3831340611511,48.1628050470868,47.9957721518565,47.9807099593639,47.8878131217483,47.8739516665177,48.142619659046,48.0289925980981,48.2958023402801,48.2994760492142,48.5860629007923,48.3826916181909,48.8864386798804,49.7073327263518,49.6879938341462,49.1828175280049,49.5530120799383,49.8581413467488,49.4181260560567,49.6767453133101,49.319363129963,49.7917868235243,49.7407734828165,49.8645581712872,50.1676592431559,50.2391311232612,50.8446760862099,50.9604365055861,50.7428736940588
"19191",26.4769172063519,26.4683775037066,26.7640052566162,26.986785618584,27.3680457070472,27.9266246288086,28.337960910825,29.0464700912447,29.8701070583231,29.8832892926377,30.5529781006235,31.4306465661271,32.2572267849602,33.2746296995791,33.8252104358152,34.7085621611925,35.3832827754537,36.5733255694808,37.6858060650963,38.6685295389164,39.153877586356,39.5900435559313,40.2596124351046,41.4525453587252,43.4062416756589,44.331830498267,43.7854709792192,44.677090565113,45.7505497437869,46.1868511275087,46.7191221379199,47.793015300455,49.03995209922,50.1713301936902,50.6003244098178,50.6740441658466,50.9453930548265,51.7897854894102,52.1954562421896,52.068894967604
"19271",96.1323464539133,96.1668039074978,97.0189614781046,96.8094287682481,97.8138529645428,99.0111682160679,99.7572874270826,101.255803884397,103.274520226386,102.764049431943,103.739302821867,105.297893572399,105.959440574649,107.599271307306,107.636385343032,108.204001028701,109.014821525307,110.466449003248,110.937928489266,111.968964985721,112.139618599244,112.091113359391,112.390565385446,112.966390124725,115.086488904921,115.111493941626,113.447841941454,114.663226621989,115.692541085289,115.457199686028,116.55657484102,117.372192199374,118.29956958819,118.23740846668,118.586313402811,118.415921463015,118.584632415131,119.795300578302,119.901173321519,119.097089975839
"19293",50.4530523108744,50.5242354590123,51.0301142469497,51.0538514303302,51.7136678796368,52.6328905154119,53.1029495189542,53.9991763143198,55.0899318485802,54.7355263717313,55.1314622252641,56.084720051384,56.5948639567957,57.5036999541344,57.6347562245407,57.9962731718284,58.3608352628848,59.1590093924917,59.3782442604274,59.8719828329173,61.2320921141857,64.0646578231018,64.7938869190111,64.5227067992209,64.2174460429472,62.7720977854289,61.5163007076817,61.5422651115713,61.5946363758019,61.2291518097067,61.4090371505335,61.1958583618186,61.2921419170746,61.1420331478742,61.1785755194282,61.1042082503022,61.0498069935918,61.5147663484835,61.7128491543197,61.3446242326848
"19331",44.25488184001,44.3614049336274,44.8153559495593,44.760552780881,45.0615572273373,45.5344557909578,45.8253940701448,46.3721256544094,47.2024864805314,46.9283419180801,47.173440576279,47.7921619339149,48.0980364615489,48.7369433593401,48.7474158803667,48.8648253032245,49.0308111135654,49.557698037807,49.495005986478,49.6838300908949,49.7664917610613,49.7764244060331,49.7525557100175,49.9901178380371,50.572798655346,50.2685015420255,49.8261001134489,50.1727213864438,50.4159124139324,50.2204881071846,50.5230772378397,50.5619257664208,50.859137207477,50.8071848127965,50.8585693771646,50.7797327241977,50.6796550258927,51.1089244698236,51.201011282906,50.8849363118798
"19393",32.24088604106,32.325935975182,32.7624746839601,33.0127369945493,33.3893809435517,34.0394296906199,34.6141436519933,35.201031652696,36.1940552916024,36.1922985896446,36.5957362632333,37.5277229433268,38.3479793568362,38.9852580207739,39.4993322398979,40.0880602091054,40.5387642848085,41.5415817915486,42.0283204435939,42.7589932964391,43.5587454796284,44.7006960986921,44.8756129391679,45.5066185152378,46.70352596916,46.8165047746268,47.3554851532275,50.3985997801525,54.1495529774491,56.9467532914204,59.7632178976243,60.0129955894006,58.9935655895044,56.6112256880099,55.275291228583,54.6771430966297,54.2772025000246,54.2873852719137,54.0854005289505,53.4542820719902
"19494",169.480604350401,170.524910565377,170.88068454145,171.293294073979,172.16938752769,173.610187151114,184.063290267526,190.525251086575,196.293313820774,193.012096041856,193.657525220175,185.207431212095,181.643818843054,179.08823584898,177.023321206465,175.186695441422,173.698798731614,172.549564996676,170.872862748659,169.626517555118,168.137152074852,166.706869106779,164.129257297467,162.948708159119,162.468665319243,160.862280343294,157.992229577733,157.03403834525,156.257291282995,155.05714162586,154.797988628205,153.209322992983,152.788540407733,151.721853474226,150.369884225392,149.162147180692,148.181589786831,148.78947476782,148.543028569222,146.929720533812
"19511",22.1658921425548,22.2705367861139,22.5447424516319,22.9001801173912,23.5105679125053,24.2973040853175,25.0463848986108,25.9660116449678,27.1662508488004,27.1788238419248,27.9039553014022,28.8881100766307,29.941159689231,30.6450907041843,31.2329529565236,31.8298195982139,32.5423339555939,33.4613410090969,33.9715600868292,34.7346789647805,35.2594646589262,36.2878381550658,36.4865666378421,37.3608657958364,38.2980375016048,38.3107628362552,37.8796577994108,38.6837331490476,39.4824893318798,39.9264011823919,40.8442681707002,41.0992673165891,42.0348048448748,42.4229455151627,42.6838693075661,43.097767826634,43.453422415829,44.4588203459319,44.8505826830725,44.7038885212048
"19531",110.335033999119,111.372383341711,111.669434320931,111.212673646718,111.415052704401,111.325392443,109.519468863777,109.052232385162,109.24884574136,107.588371585398,106.940802778618,106.882400289677,106.781344189246,106.357281967916,105.663957861014,105.052802221279,104.330269163554,103.975471013474,102.979474462059,102.351727074518,102.838351930626,101.099033496658,99.4093757242267,99.044692598302,99.1452399904391,98.3446519225071,96.6067974536067,96.6315032593207,96.755153379443,96.3175877821774,96.5351840529614,95.9915444655288,96.3911066768669,96.036377206545,95.5886981279584,95.3790866481948,95.145391477319,95.9019047649684,95.8326162428822,94.9463347708506
"19553",11.7841086853839,11.8514364541899,12.0624046295028,12.3393773610324,12.8775267798441,13.4715461731924,14.2391448049366,15.3611203166813,16.861394629991,17.2136918542654,18.4734940464691,20.0650828858782,21.678246087895,23.0747970413435,24.3055695607291,25.4540426958812,26.9214429136516,28.9242824342068,29.8797911182523,31.6938745012162,32.9616916011645,34.9069474778725,35.5301595736026,37.418644897414,39.6489471870828,40.3883979814887,40.3511989177043,42.510171928953,44.5175999331452,45.6799632722251,47.8129124099544,48.774475424673,50.9827609530602,52.1361454906139,53.367899421489,54.8758295914819,56.1388607487722,58.6123252479742,59.8618996806368,60.3075843913732
"19573",55.529683271842,56.0440940838177,56.360407107419,56.4813368032332,57.2144432478213,57.6360354010485,58.0616010450574,59.0223025406283,60.2616243280448,59.4171514924056,59.7963662420548,60.5992515640332,61.5185503438841,62.1373100800494,62.6217171311853,62.8046201626002,63.3055573727263,64.3268828130043,64.2669648689782,65.0171183059998,65.4986930415838,69.0544972004637,69.1226817122621,69.6639588796696,69.707410824292,68.2537316507567,66.7041212979377,66.8608823530886,67.5068641616326,67.6797639258493,68.3066854195124,67.5757085728111,67.19484782748,66.4562247533018,66.0151594844415,65.7682360013772,65.4733769146395,66.1173535819373,66.2013902011779,65.7258945508535
"19592",103.345519241321,104.254836711186,105.028528017605,105.539232260923,106.875351649905,107.893303764016,108.524815151727,110.347997849873,112.754660327847,110.98165926616,111.901080523687,116.486696441139,120.038612047416,121.676072676858,122.819484049031,123.162350850205,123.81052580844,125.219372816262,124.686589643031,125.267313211826,123.484741841636,124.151654097224,122.819802356368,122.515089845817,122.28639516125,120.717044973506,118.860177102917,119.510182853757,120.802764555162,120.827975222676,121.804331557298,120.16648057719,119.215728034424,116.810615967028,114.933901627074,113.666802697172,112.272723475706,111.498611082237,110.270198732314,108.611157799159
"19611",87.1979083440839,88.0302855392394,88.543823313957,88.6597778584317,89.2365924291366,89.5778820177067,87.9166393416468,87.8976378078127,88.3006236968164,86.7892079041869,86.5640259589217,86.9656848977998,87.5800854994651,87.5085019029418,87.3985630859627,86.9995955535618,86.6455556612196,86.6073779091623,85.9135068233744,85.678191485788,84.8516084146564,84.6287422706808,83.4933704928135,83.1303445086908,83.174274116376,82.3947563380932,81.1162692349317,80.910619397491,80.8559213052795,80.1554889881162,80.3920227607996,79.7547468627736,80.1046684425319,79.7794272650382,79.6296153900328,79.8317617882075,80.579607001407,82.4759201697779,83.2245939321792,83.2172391290628
"19653",68.7815005728625,69.2391668812415,69.666667899039,70.0365751494266,70.657484758329,71.2234252740626,71.4667323525857,73.0753617334313,74.9328144310801,74.257503006445,75.2410741781891,76.5771214365344,78.5124866592956,79.1711232767739,79.809688281436,80.3962193102265,81.0442475744516,81.7299956750095,81.7907773464969,82.5965480173474,83.4600066695703,85.3146963468355,85.1073891326818,86.3834572514093,87.3422942751464,86.7086155056671,85.5791360896531,86.2538223441274,87.2951310544677,87.6941486473884,89.4691586947924,88.7315766645737,89.8488542141442,89.4540820282468,89.4724255457206,89.6867957193115,89.603042101338,90.3916478752319,90.169671369136,89.5400378965635
"21211",36.1845598485392,36.2133823533102,36.5632148843722,36.7385701843085,36.9987268776698,37.460952605512,37.8008425550187,38.4816417174457,39.2846256990227,39.2198198303296,39.8130832649158,40.5662310262667,41.2901723995606,42.0636079201542,42.5186740725786,43.3096869217534,43.9181958207041,44.8870278387439,45.7561264083865,46.7179313745198,47.0742000232581,48.5674854690196,49.442337041315,49.9273835015532,50.6696060193725,50.8506440386319,50.292194089038,51.1837104052334,52.1411668290192,52.5308777017811,53.2304414401295,54.0153100749203,54.6682380301878,55.0471844900428,55.3139826857177,55.4039153478266,55.9727747317936,56.9882031859051,57.3234273374083,57.1493801072976
"21251",76.6175005804459,76.8815959953759,77.3656509630771,77.3142009130047,77.9412565611593,78.6710545978325,79.1046288919691,80.0025489191687,81.153411755797,80.8255981099848,81.2580420194698,82.5415986616805,83.0828077269517,84.1617043860778,84.1868169497852,84.6299384990948,85.0068457626772,85.8211629614178,85.9364190158593,86.7217753653249,86.7444936250803,85.8871518954885,85.6578492913264,85.7635681435774,86.9444168067855,86.7354087748274,85.6977599273938,86.3906053612294,86.9744009929567,86.4642602248997,86.6693040618355,86.8031855073511,87.1361624661374,86.6987718990622,86.7020062772261,86.3396253422323,86.2487563664525,86.7575690120535,86.463821967339,85.6457619356146
"21291",90.6623267443887,91.053955045579,91.6888833994995,91.5887727359868,92.6686593049237,94.0306291531438,94.788175293267,95.9924774190416,97.664539752505,96.9012448869866,97.4459568324798,98.8601935183521,99.5390959702783,100.918220597739,100.955745763099,101.573082542637,102.058853200395,103.197038041366,103.360302479966,104.181969115973,104.362386192879,104.173834443169,104.285998124159,104.916133759307,106.541277786874,106.053405856917,104.845795474313,105.864852240024,106.740882659098,106.585890025201,107.4490989218,107.820995113504,108.575353538191,108.449251621506,108.72888933975,108.739020020045,108.567790430218,109.508488192722,109.538130601068,108.841631888489
"21332",46.8206684099664,46.8965490071146,47.3494280505145,47.3381722484677,48.0003324451475,48.7142200458959,49.0955513688087,49.7895895589803,50.8480017302277,50.5542674513121,50.9437420498349,51.9853242099342,52.6358914337077,53.7624243104434,54.0491198143104,54.5509756431317,55.0973297240129,56.1871345277037,56.6954734699551,57.5128988098499,58.1987776038722,59.2088509341595,59.902118401724,60.8021768704816,62.1758812570463,61.9121410259397,61.5317347216146,62.3147643815716,63.0079478497914,63.1512636166901,64.0203454584026,64.4675679978465,65.2736043323509,65.582940145198,66.070028726352,66.5231300588362,67.0644606312171,68.5884149832496,69.3815988361829,69.3942443754589
"21411",67.1779643015242,67.294180952908,68.1054950821742,68.2182293877881,68.8834537932932,69.7919006019342,70.3794625045796,71.4150770693697,72.9135204710253,72.4719799002234,72.7885833248988,74.2008490448477,75.2537825523678,75.9107446010197,76.2785628000356,76.9742436849668,77.2399560449033,78.1963427894294,78.2656761395675,78.7087745435751,78.780882397432,79.0023321184325,79.0341557614414,79.2608352622343,79.8846351621704,79.4202520341613,78.6831584113133,79.1329604823743,79.6540168384379,79.781483877096,80.2017013042058,80.1960638573127,80.8462833709897,81.072190418746,81.1740092887777,81.4483835002824,81.434711615633,82.3084729925478,82.9378790377213,82.4794430214915
"21431",40.9999791092894,41.1062738557417,41.510765844993,41.5611971084892,42.0761065730378,42.5611524271606,43.1322123325104,43.7381131332742,44.6486896818576,44.2676097767091,44.5332137534913,45.333674021421,45.9335191923779,46.3137690263859,46.3948044321004,46.6349360339959,46.8956853788749,47.260793288252,47.1494563169573,47.1283750979866,48.039274287654,47.3870854556101,46.8832618911778,46.4294514029042,46.46046053751,46.1385693881306,45.5979178582672,45.7439797688381,45.8540984331452,45.9169067659413,46.2796635858811,46.3073848841995,46.656798483531,46.7113224832841,46.7142896456991,46.7302128897167,46.669322171243,47.1078511584466,47.3153540578836,47.0005034760254
"21511",50.2378870977052,50.4974919243804,50.7321740334233,50.9353066732868,51.3913000699664,52.037024468637,52.5215438312429,53.308706801564,54.3055210000491,53.8295936570449,54.2610394152353,54.8649641994129,55.6110857899289,56.1438366709996,56.3596574967597,56.6080086740795,56.8483775290718,57.3876684332018,57.3715659643865,57.8344855419767,58.3597279167058,58.4102959024681,57.928002395655,58.4043773888559,59.2202116827769,59.0925783767228,58.2284064641608,58.8543150621189,59.359627289132,59.5614086837076,60.3362576401611,60.2095072739971,60.7783680633841,60.8496339744364,60.8330491339315,60.993126462012,61.0426026275993,61.9894945488309,62.3513669114363,62.0380182330237
"21531",62.4056244851482,62.7898831919343,63.0865943797928,63.3627134392125,63.8700508380696,64.6527120045583,65.2809374260672,66.4197137067464,67.7830556443744,67.0118454974719,67.7341292997481,69.1146669080072,70.3391973724793,71.0799572962756,71.2925071921736,71.9358119770739,71.9783768050755,72.6146701109435,72.5340167338562,73.0366946691845,73.2206577770942,72.9594301346663,72.020464617602,72.3649651569828,73.0713820727785,72.6752023189022,71.2920133986093,71.8023860070832,72.504721067749,72.6433325457456,73.4724313854466,73.4542625707924,74.0094856678011,73.723084565229,73.2379725204069,73.1699833780867,73.0764237450649,73.8171218180514,73.7496412796038,73.1251824200522
"21551",7.08674494978564,7.1246821562073,7.27234165205025,7.49216935076422,7.86431695990396,8.2911414859374,8.76057186472088,9.49723376138763,10.3965415804139,10.5870250639534,11.484268084951,12.6100112653268,13.8012027972207,14.9193070983263,15.9340754625147,17.2870238218413,18.5165028458872,20.310642326598,21.3908659510755,23.2024405569223,24.5130163814501,27.8797385764383,28.9141619470869,30.9374841809645,32.7635368064943,32.6434379346785,31.7706937286559,32.5413729350751,33.0573717062372,33.3317391124501,34.2887359343514,34.7706945022459,35.9770556985259,36.6247354795492,37.2188750275344,38.0524148662424,38.6743231968874,40.0526566279408,40.6508035718853,40.832061865343
"21571",20.7916569176204,21.0292067862715,21.1991952183488,21.3816247835057,21.8177981540777,22.2062395696317,22.5159932253682,23.1464069067482,23.9000977340852,23.6530607158718,24.2391948265835,25.0739522854687,25.9693369283928,26.7774918063535,27.528524966444,28.4950378010375,29.4823816789439,30.9556818906391,31.6977261170477,33.1964133297222,34.1126175671842,35.5211165948929,36.187178892328,37.9821972173369,40.9530769723549,42.5248020205581,42.9910976219257,45.5480553862123,47.3773283540489,47.8821240818527,49.1972085449957,49.3063342822034,50.3000895936179,50.273517648605,50.0284769041128,49.8005909554384,49.2031605137926,49.0148636194753,48.3855137422502,47.704951512378
"21594",73.3347071048634,74.1821655577049,74.5565993914693,75.0455151229006,75.8074100627808,76.5565788576738,77.6560393997865,79.2644804138704,81.1472395601181,79.5831547996697,80.41669467823,81.0581427331928,82.0698499291902,82.3241551883718,82.4350224211059,82.537626297904,82.6254169689719,83.1399863740526,82.7062070455623,83.0455325117016,82.9299305993488,82.198160458048,81.3036055545426,81.8484603459253,82.7592571323608,82.0943375728193,80.4235514906632,80.2315919036503,80.2116536949792,79.6852887607103,80.2200364048312,80.9832492542774,83.4824370600434,84.7321973159943,85.3646746742931,85.1824155762732,83.5637739849595,82.2417760204719,80.9072264942259,79.5963411824332
"21611",74.2740098961119,75.1024201454928,75.4822988190009,75.9303322249765,76.617164581127,77.2474550842864,77.4910365531082,78.6134416584312,80.1309689426516,78.7918554304573,79.4993327276266,80.1932917640298,81.372481560003,81.700590309386,81.9689292400999,82.157018286127,82.3657722451289,82.9957429660201,82.7456847437537,83.3278758691903,83.0038217989771,83.3865662176627,82.8380145234145,83.6526957650914,84.7856093236217,84.3909676198992,83.3218032112741,83.8534087558408,84.3932455671516,84.2135608313609,85.176358122431,84.9329184963915,85.9372450741483,85.9462924680717,86.2245096474382,86.7312402160203,86.7390885978945,87.748259836379,87.7695122085813,87.326730493877
"23191",61.56331517366,61.76654349846,62.2462930223199,62.3201758252891,62.6892139840551,63.2712981674301,65.4096187886621,67.0740677844775,68.581431805413,68.3054122524918,68.6207843588109,67.5884351339838,67.3417079094799,67.4835067608681,67.4443837719787,67.6998067351511,67.7834852694142,68.1413254442256,68.5158647581644,69.021570872955,71.5635510435179,75.4019426773339,76.2730416582799,76.0386987362767,74.4549148707312,73.0267311637541,71.5313870965412,71.3830279561477,71.3775411986697,71.3095933182729,71.913185013828,72.4518955884022,72.1508877462142,71.2280607350188,70.4630900330293,69.772195606876,69.4598226608678,69.5082696472162,69.1240045746005,68.2981668085856
"23211",5.82773112278344,5.84667786845215,5.8997649847739,5.92706136242933,5.97591555353541,6.0492847849449,6.27717448518546,6.67433705413131,7.20532298654787,7.54090442541801,8.11833845070797,8.84003138355988,9.59249300429631,10.4337524500063,11.1459171738666,12.0842155058916,12.9668529521819,14.1209208478428,15.229817368226,16.515779852712,17.3301909998733,18.0352852509072,18.9898131421727,20.3198530484144,22.1466675067206,23.2232424623799,23.487525033204,25.2102837252105,26.8844604965883,27.7738958840879,28.9919042920935,30.4806231960281,31.9486976713386,32.9701136308965,33.8277367832258,34.527838591311,35.8486727273457,37.6655978538667,38.5353603511357,38.9239398313535
"23331",75.143977179278,75.3107870265588,75.8785788302289,75.5758191941088,76.5259308886851,77.3864230079519,77.8958067704725,78.7536739829011,80.0491510091678,79.3826046567256,79.7365726673742,80.7874988503373,81.3123164740016,82.2830308196191,82.2425602842413,82.4768099696082,82.4013186595613,83.2357370189977,83.3252832026629,83.64116379402,84.2300129761361,83.7364498790375,83.5499472403073,84.0427695945256,85.2999639355702,84.8132683978482,83.8502080512777,84.2178420869108,84.626745426907,84.4713265402588,85.0812958401841,86.070912975625,88.0458508220671,89.4513566908043,90.8001377025626,91.1770287327784,89.889482252694,88.674214657978,87.8508696611713,86.7339782001048
"23411",107.681367022948,107.997551635906,109.204163628808,109.216944642904,110.276222235893,111.528849980875,114.657024185693,117.315788865978,120.523440731109,119.536037413917,119.734430161185,118.56962869394,118.267149235403,118.24990036227,117.932660997436,118.229409795596,117.978950693929,118.60692630964,117.955220441913,118.098681916337,118.165988253611,118.872684093693,118.96927623112,118.825961618148,119.244407583869,118.361505352586,117.061682862548,117.342247363685,118.060979994044,119.203251159153,121.5906145222,122.859865202899,124.587788321094,124.326073550964,122.969436064494,120.849524425008,118.449304139297,117.642657822586,116.890277870568,115.269425423606
"23431",66.4295937587505,66.5471847050961,67.0818307181947,67.2443978055689,68.0969772165891,68.8794064087357,69.6584385471387,70.7209704313575,72.2604630748063,71.546278439925,72.0371914946388,73.4690156976636,74.554442068448,75.3253198742421,75.5358362817965,76.064233742235,76.4887314239527,77.2586724256468,76.8215896583021,77.1652853111019,78.0237948175,78.7739862667164,79.3153773474055,79.6324924795987,80.1950327315379,79.1531560267154,77.4680899622362,77.2582728001968,77.0184156173467,76.7405874801448,76.9098121093062,76.6571769892627,76.888043666119,76.6233899961526,76.380760086331,76.1541453849295,75.7824402449022,76.0806145484129,76.113125522301,75.3585883687343
"23511",7.3720929323953,7.38646787156598,7.52549609977648,7.74015074983047,8.07014579112877,8.50725973828762,8.93809210880823,9.53180914750679,10.2306723729269,10.4527768057605,11.1008150933547,11.7482705373343,12.4646139088062,13.0960590555374,13.5532506702955,14.0440322709004,14.503347902489,15.1800137866714,15.5213982323456,16.228804205454,16.6917727329731,18.3871675389805,18.5549258371422,18.7382026190258,19.5523872247963,20.0152793334646,20.205468119794,21.4980950029851,22.5960146235371,23.3385657617627,24.5519459373997,25.1792304924926,26.3808128157025,27.105160485399,27.8917067971348,28.8057908719598,29.5872404857257,31.4600966842254,32.7528143045992,33.2923900938156
"23531",45.6496840928956,45.9006259478999,46.119169773685,46.3308377097873,46.8121180487861,47.5134001894401,48.1020285515429,49.1416839236975,50.4185265017703,50.0352748436866,51.0295287559073,52.002981965743,53.0832276828908,53.7966779716416,54.1624559288854,54.8764234751609,55.0900891423867,55.8236371826859,55.9825248310289,56.7573649345096,57.6199258200987,57.9137649244892,57.4952169326533,58.0533811966219,59.0696266366149,59.0014869143485,58.1333883563135,59.0914034885446,59.8356765303416,60.0724216633032,61.0498802857221,61.1749999270482,62.0060466590355,62.1913425761004,62.3036643534632,62.7146240342299,62.9674725901493,64.2091235641447,64.6305664136289,64.4427193984576
"23551",95.3712767299648,96.4477564087289,96.6323077794406,96.5434714183546,97.094063525435,97.5334894226565,95.8039857561591,95.5062511370588,95.6069822093167,94.0585812188882,93.8551960554965,93.8654152462623,93.9365471280821,93.7807086065836,93.3617938142391,93.2683888009946,92.9178188072053,92.995823450919,92.3944402833142,92.4174200808656,91.785430926241,91.4667485569838,90.4815179174233,90.5733637987028,91.08884354986,90.3604315825781,88.716485433028,88.8743637721887,88.9679033535569,88.4954748485694,88.7696907180115,88.4918781568982,89.1782382685755,89.1057444768554,88.8060162455264,88.63143770593,88.0647569501563,88.2017157904697,87.7073330212143,86.8368524283544
"23572",13.1908306755156,13.2776050177454,13.5017460188117,13.851938498888,14.4241024958181,15.1803969700508,16.0264547727887,17.3551627250266,18.9857515652827,19.3488921178518,21.1171516127998,22.7566639354701,24.3301223239499,25.2879757241992,25.9779295993321,26.9922146525076,27.8297204632683,29.0330110505349,29.5541310255278,30.6892850375959,31.7742973093133,32.5000007688599,33.1029993841043,34.8409550670835,37.0756378361537,37.8074591288718,37.8525890069559,39.6862800453131,41.5254115205322,42.7331445930594,44.75703684916,45.5275206906641,47.3792865880577,48.2065634436302,48.9338658331171,49.9072178840125,50.4401246985373,51.8302151694221,52.3194873181762,52.5288116653063
"23591",39.8990054790776,40.274721159212,40.8247546956589,41.7495041629274,43.2572061257522,45.1570689634346,46.3017296553079,48.2126178310274,50.3406923015388,49.5179267511916,51.0215093154165,52.8031067599372,55.1485865005399,56.7314311541018,58.2616758943339,60.1443983583631,62.116161858455,64.9352064629917,66.421210838241,69.4765210498079,70.9656301997505,77.7992735429523,79.4623907610253,82.6139425431814,85.1945048604191,84.4473942432875,83.2994425180932,85.5064443471321,87.8156837444809,88.9241525683838,91.1149627114831,91.2692973046312,93.6324318575879,94.6425457616932,95.8287047784461,99.1305452941914,102.679221514362,108.374028381475,110.810933578692,112.212542429712
"23614",103.353882528028,104.596982557471,104.917484786363,105.254154980767,105.749513268604,106.354205609354,105.992726234048,107.117110094924,108.676648075786,106.953943444573,107.807580291001,108.581497511143,110.024763947706,110.310548731955,110.407141927851,110.787112160579,111.10279729617,112.016661760725,111.684949943928,112.658676570732,112.434660007041,112.897573192122,111.993018290213,112.992620321597,114.49995194562,113.982188318088,112.673771219457,113.537381221275,114.191743430884,114.327106594055,116.039451493924,116.279652980079,118.208274403155,118.630348365841,119.221071422482,119.962633287228,119.754195032679,120.812101732437,120.438441828554,119.759060219313
"23673",40.4427173179847,40.686742196219,41.1285834854211,41.9247616871709,42.9229649193338,43.9366218971512,44.7017931217123,46.4780877925787,48.316637582897,48.0822182976354,49.5974717268054,52.3537155543244,55.1299981485019,56.0066934205552,56.7850231052409,57.6337937238716,58.5571591764571,59.5193617107792,59.6783204271284,60.7824777153011,60.7277774795308,61.2192114200803,60.4634675117037,60.6745619747092,61.2305499043667,61.0121800974773,60.5573272035649,61.3863710415478,61.9878259574753,62.5643841757875,63.6753586908134,63.4468613095459,64.8973165676221,65.1054699310325,65.777858026194,66.2516402600952,66.5956835456007,67.9901039819764,68.404007831543,68.3384842541099
"25311",69.9029461848818,70.0264560593777,70.6941087357196,70.648040029467,71.5582521237301,72.5012107449317,73.1141998593894,74.2919977761969,76.1916664057455,75.9026018296625,77.1397798106129,79.287308520483,80.6350633274741,82.4545364781253,82.7976696322598,83.5115977107365,83.9392529493641,85.2433619805981,85.5849970749028,86.5936075409313,89.2553280797451,87.108529677908,86.6525340666177,86.9882235760723,88.6845125781651,88.0823690525561,87.003275455715,87.7889516498709,88.6761174667884,88.7839627256917,90.1919140393376,93.6858037511729,99.2235878222063,102.523093165209,104.938955224635,104.521489816538,101.397811031501,98.6133776871838,97.0216899148895,95.3933964753146
"25351",44.6174111922263,44.7998263779606,45.1289780496642,45.5452975903378,46.3355020591879,47.192391568236,47.7651769191107,48.5405989689254,49.9134859447769,49.6115724888678,50.5148995784821,51.5153709779912,52.2856168168851,53.3753109396528,53.8312827721937,54.6365436538653,54.9796505455252,56.3912033524871,56.8917419637933,57.9600444327942,58.4452235469606,60.2230778733057,61.2177158299938,61.8627439409532,62.9783479175529,62.7286210827588,62.3764606325996,63.2822714145191,64.145252772576,64.4877020896944,65.4315691467034,65.8529236299658,66.8421374308402,67.1285726833344,67.7412344665729,68.3232935404855,68.7930910672941,70.3962416221932,71.352832000305,71.4113124022214
"25371",74.7036289328593,74.905048744063,75.5461545922238,76.2352055054752,77.4380737595462,78.9531531058355,80.0257396560046,81.4866780385616,84.1415093058493,83.7046003499169,85.5775784171153,87.7452886302956,89.2704503329798,90.94468758871,91.7332339677715,92.7735607343181,93.2383822764458,95.1679762448875,95.6759460764662,96.8733465782415,97.397500193566,96.9923961430845,97.1971188089104,98.0707006209312,100.254857443701,100.191630601925,99.4470941375248,100.470352114527,101.447458458706,101.774418097226,103.066014546565,104.104224630965,106.420444087129,107.382151509582,108.397122537287,108.893314779568,108.466290368068,108.839062733908,108.545225093203,107.553657066412
"25431",79.5034952828697,79.606732697421,80.07655958227,80.6083820877688,81.3722118005046,82.5568168165685,83.5175167790833,85.4512687221179,87.8253827470465,87.566833618473,89.2941036805638,91.6089913222252,93.9998161292129,95.8740070850128,96.8038949463652,98.0362427394823,98.9752637603308,100.561293975869,100.411675379401,101.69128718423,102.608941880776,119.286965065496,125.343185969308,128.339100134241,130.384915118372,126.698147148227,122.225966471888,120.404689465141,117.995933307266,115.525939948629,114.118387530027,112.694738972003,112.046665275663,111.001733015929,110.272258399776,109.655413638446,108.867848192214,108.812329876416,108.58251611599,107.187396632811
"25471",75.5635356466856,75.8288950834486,76.3232413457283,77.2087605203112,78.3724674312277,80.0723675767005,81.1737395805422,83.0929729096102,85.2684781738958,85.1277904258383,86.5772817858928,87.9295894437944,89.6067158565377,91.1460547675299,92.0485933118345,92.7471760897666,93.5450918039566,94.3946171650768,94.3812236690747,95.6402340980943,97.3539057163298,97.5891874444242,97.2463647951318,98.070096425067,99.8548405797457,99.8348945767501,98.7980235000824,100.410230298906,101.217582621475,101.868654160402,103.297708751704,103.852289728537,105.327396172026,105.237494887284,105.952316657789,106.637347676853,107.071506704074,108.632108163779,109.661300953777,109.035832196252
"25491",44.1021223268629,44.2580996814043,44.5032383638163,44.835104630293,45.5368813407348,46.4285036972117,48.3119107205767,50.0602067732118,51.4847930982356,51.1669269470817,51.8972543399696,51.279982514713,51.5510453773804,51.9638845396184,52.0927880014625,52.2630812256207,52.449444913729,52.9710086250721,52.8309271598331,53.4777132881229,53.678790701045,53.8407188875076,53.7152646109752,54.3126782694529,55.2390939700996,55.1100274415001,54.3843946077661,55.0689698166264,55.4094439337581,55.5659374164884,56.2805923806392,56.4689322431537,57.2405106311916,57.226076344683,57.5147475302702,57.7793818055312,57.9539908901689,58.7569064435918,59.1729678821218,58.9248753652265
"25511",67.1291204482025,67.4418364471484,67.8123873008057,68.0444908169585,69.0089020948588,69.9849972324724,70.5632104803404,71.8858385116487,73.3075990475076,72.6121683943301,73.7713358464635,75.9061140967865,78.0820791494526,79.488948465913,80.0129508239856,80.4276136005456,80.6893514909592,81.8627670388896,81.3209586938788,82.3425434106249,81.9350522907402,81.536563043813,81.0630499404458,81.5330886610006,82.494870104408,82.1547926330745,80.8977454891994,81.4708425333681,81.6925921911508,81.6230947266547,82.3669146900065,82.3728195780445,83.1337270809903,82.948268454937,83.1542047250065,83.3198472913121,83.2572424109988,83.9276339919195,84.0502479958162,83.5165514378887
"25571",73.661035653597,74.4872837133685,74.6463383481342,74.8177517100761,75.2988184350205,75.9437765836181,76.318397528296,77.3022021246468,78.370576709662,77.1337356648411,77.7247686625504,78.3045170920055,79.1783567340114,79.407470348929,79.3129054087149,79.6217191103055,79.8300657748349,80.357117116365,80.1881564513027,80.7962074431974,80.6478540546076,83.2300373956453,83.4345723259913,84.3156533114194,85.3441543471977,84.2881955041373,82.547987852008,82.6753486090068,82.6845743095594,82.3478794036536,82.7552442747105,82.3514088934524,83.0256791050311,83.0758213372174,83.0674387131689,84.0608253082917,85.1692611387453,87.4622202102004,88.4299209656075,88.7562625249332
"25611",42.3783552626319,42.8708821082175,43.065801089918,43.316823445088,43.6710665257605,44.1483820877184,44.4103724302221,45.162938601156,46.0378828599478,45.3440046653043,45.8336028082618,47.0443378183354,48.178767501735,48.504609820078,48.5615502936281,48.7995159010202,48.9764673703556,49.3888257151881,49.1477167959476,49.5146776609535,49.5336416469116,48.7593096221015,48.043785469568,48.1073544782509,48.3599322282656,47.9330874002693,47.2189725015186,47.2532396247955,47.279219106312,47.1989316127827,47.6222926065702,47.5645953427257,48.1568468215619,48.3006645584558,48.5237732055365,48.851155283,48.8275589303423,49.3285212774254,49.2976425399785,49.1217515219204
"25651",22.3389858104733,22.4747654283739,22.8121082539026,23.4747140858851,24.3689910096305,25.4335241935564,26.3659623998121,28.217693828682,30.2598056178219,30.5125294361522,32.5296681745498,34.1489439406355,36.3735740421568,37.230762926689,38.2162192577106,39.27366136605,40.3301911279358,41.7200661954836,42.2411900896287,43.8566074537263,47.0036952123317,50.1136519792678,50.106618300484,51.0001670056465,50.8767227215176,50.5001186170387,50.2199071352552,51.2677923857267,52.0212228195875,52.6709581789326,54.067741370925,54.132773591457,55.5021254641937,55.979121946667,56.9930789879438,57.8835343051185,58.4199183609432,60.137058394821,60.9194407378568,61.2326301260441
"25671",94.5473274441128,95.3364315227589,95.7455962276439,96.5591291512068,97.5580958761836,98.2855838649239,98.5357352079389,100.119180633231,101.835778835875,100.515734917634,101.353295122004,102.228798426519,103.913141631059,104.04567240891,104.278975829282,104.573300362187,105.013269122149,105.589948927485,105.194844992762,106.115980375371,106.14235678942,106.572741006244,105.724449116888,106.786763240702,107.792008017302,107.207833025092,105.965352974977,106.540903890342,106.699194739523,106.86210791638,107.755798046912,106.955588733823,108.225832346598,108.121586003116,108.60106221096,108.81547890983,108.705246980737,109.818589110341,109.649073606858,109.104516442371
"25691",112.561186873817,113.442251478967,113.76583401016,114.737060819983,115.807953196396,116.590922801602,127.20275363088,136.017141669618,143.262819768205,140.880550571606,143.801129726631,135.81636980012,133.041513413123,130.710927258378,129.091844402394,127.950896679378,127.069127964855,126.275530633618,124.919071911176,124.413685607333,123.535434554301,122.842651634835,121.242292176262,121.669311789071,123.437510060382,124.169329155594,123.213560657726,123.233498812754,121.712016622551,119.310746187837,118.005107882784,115.901962349889,115.242704730715,114.520771285347,113.962193689014,112.642415986008,111.183864438966,110.676136436705,109.700126702832,108.454352336603
"27231",7.4106013781647,7.43574927691016,7.5875326892263,7.74711783963041,8.00756326035856,8.31929207825332,8.82712467206638,9.54069331727813,10.4819337329786,11.1663410633378,12.1445209682136,13.3000260350609,14.4765605679947,15.7152681429053,16.7435716387465,17.7229534204871,19.0703503759271,20.5517997131883,21.9131390843014,23.6173661145329,24.628313096791,25.5547588367718,26.6993333718446,28.2438671364102,30.5028879626016,31.7693095245249,31.9401602940864,33.8341981191459,35.6987423499876,36.8426820561595,38.5677879219374,39.9092868997382,41.6401439225529,42.5611395404686,43.6139459891064,44.2056023656989,45.6528444675742,47.8144120117036,49.0537362085151,49.5780085997979
"27251",79.5790492135567,80.2785987454089,80.9091889701931,80.6171390082,81.158586746411,81.7280806240405,82.7431632402778,83.6407898499988,84.9502172114179,84.5641572096201,85.5417356537938,86.119618386668,86.7973754507241,88.2198610486443,88.2742269758162,87.9961077303762,88.504301449569,89.1021431722939,89.2786733525381,89.9352435116963,89.2600140532105,88.6283484151367,88.3373785342054,88.1186593066762,88.8115016996938,88.5605323861186,87.4599593645781,87.671712347071,87.9351062936083,87.6290808230084,87.8088936984828,87.6608237917017,88.1716947721858,87.5873072179731,87.6469798739493,87.3899175555739,87.7221223284122,88.6385134482298,88.7629624202086,88.2707835863594
"27274",111.676576779194,112.413268735243,113.312969045647,113.031740582204,114.039696384748,114.958869762063,118.617628795015,121.282333893168,124.276432874407,123.420851526122,125.47263502031,123.19924078372,122.642061974925,123.057572123197,122.390583805522,121.684779318276,121.468609077783,121.739503279176,121.365182105219,121.444400733879,121.202678602715,119.767115624726,118.871773517944,118.3359782534,118.837756091711,118.024196953421,116.272987743933,116.191593037927,115.918868564364,114.906468128551,114.526668851115,113.56070052727,113.467561093107,112.278711544857,111.866126798761,111.036712595758,110.651798949169,110.874088953469,110.509649342176,109.508733825459
"27291",140.741158666483,141.104333502189,142.185226663727,141.271459885491,142.003776385535,142.63276493974,139.794308848081,139.040752911047,139.512376804425,138.146687036218,138.310558247062,138.976103924987,139.388102191457,139.92850466415,139.37738401776,138.82989220563,138.129138968564,138.41892566193,137.645512898517,137.657367884245,135.999239141728,134.334594191832,133.098456295508,132.369926442295,132.736369796473,131.523518512832,129.744452151471,129.821720628582,129.759051426031,128.722407186823,128.406862422333,127.237163166065,127.014551919666,125.663952489237,125.141712851017,124.297096405834,123.589635437015,123.471645311946,122.806728965346,121.488476364437
"27311",47.4118326403612,47.4537865004366,47.9581853004171,47.9362474952997,48.5672487013809,49.308487408628,50.4116962135446,51.4742559205518,52.8436997631573,52.5724699077635,53.2559716206185,53.1039616990501,53.372099757632,53.8708876600408,53.9639750066071,54.1481020663324,54.237986186274,54.894437519895,54.9842481024305,55.6064732555087,55.6552134628686,55.6515578759419,55.7891580777405,56.1382840995622,57.3487858540106,57.4076220077608,57.1872329329505,58.1130860495233,58.9017750126143,58.9304262686066,59.5341161383699,59.4770461483641,59.7550282231169,59.2703392988312,59.4225020762821,59.4587345105334,59.5714211113418,60.1573504230691,60.4053833384345,60.1510286537166
"27394",85.4329798837347,85.4388946813314,85.680115902616,86.0164826284605,86.6105093575254,87.7575988023158,88.4146927464256,89.1829114313126,90.9500377574577,90.2052254467078,90.8619891355818,94.2687780918936,96.767506799223,98.3737336496904,98.8601583097649,99.5768872701147,99.7008545484672,100.78383595468,100.446562849419,100.963316565475,100.854880141606,97.5359781487948,95.6709670696663,94.662260104191,94.355384516693,93.2451183306863,91.7393093603047,91.0956790719935,90.4789314983926,89.6730976495619,89.174756536899,88.3166310679596,88.1211787861726,87.3232239894747,86.7624842779132,86.289239864221,85.6342828112345,85.3888990603616,84.9951475000261,83.8767030191035
"27411",25.9877280582667,26.0099732288884,26.0090601377007,25.9972861713483,26.00984763545,26.0972322850556,26.0089881101296,25.9641119911495,26.0696574096873,25.674732723594,25.5133665118141,25.5167899713233,26.1641621796746,27.2036413396591,28.3480230888855,29.9694473410594,31.7134892144788,34.320960083774,36.3175106029059,39.5539112638239,42.002898350228,43.8756528528641,45.7719212176997,48.6270001445624,52.9581614002322,54.8336801896417,56.275344196822,60.3198931223314,63.744111432119,66.8190633078782,70.6834945708804,72.5771686046693,76.0681246986359,77.7297108464116,80.2384522742459,82.7700219169944,85.4561884730329,89.6095497309823,92.7000382572322,93.4112419186137
"27531",8.0089015979013,8.06989107288116,8.07185494998816,8.10893727049608,8.15481971327611,8.21790091255166,9.05574678673519,10.8398683772926,13.3725943805563,15.2735038329174,19.1191262343831,22.2398392860024,25.417064144084,28.2995779176376,30.5364799373093,33.2077483742126,35.5988035894894,38.5142342011592,40.516982578217,43.9570475525727,45.833886023882,51.1183154889546,53.7875505360592,57.4836770956056,61.5257018290176,61.9095882746228,61.6063047767523,64.6189220017187,66.7227238112721,68.2347480007957,71.0758471360744,72.5447880607653,75.5724648469584,76.8047448181044,78.5748606623857,80.2486176665112,81.4628665603244,83.804087215472,84.993433723466,85.5650651586014
"27554",74.4820704373342,75.3051299533925,75.47909508365,75.9472004874036,76.5928407748313,77.5148748527612,79.6071788306859,81.7157347536191,83.519685837746,82.3241928180026,83.4095200558963,82.8887551009971,83.3736467058698,83.3710669450546,83.1159573296406,83.2613626269926,83.4454996809658,83.768952490077,83.5709948299931,84.0977181276302,83.9248402418145,86.8536516191406,86.8562193084665,86.9967151799225,87.0175541960953,85.7729339063459,84.3450132464924,84.5816971255492,85.1010568467715,86.0171679560128,87.873517543271,88.2084299761194,89.4837282417898,89.0740450456127,88.033915965766,86.7026666362533,85.2557495873374,84.7301090157673,84.0104542590625,83.0624595976148
"27611",20.2515781723994,20.4635220989729,20.6712826569011,21.0038091852338,21.5665015045156,22.2436208796519,22.8299585961541,23.752103640225,24.8513695357933,24.7394840169648,25.6537348050363,26.7489980543035,28.2428954773581,29.1079252048219,29.9751503905941,31.2268553357146,32.3627762575156,34.0567388380361,35.0420750360747,37.0747663157425,37.928742056512,39.8607258504729,40.5761753939495,42.2572285114181,44.3439967363261,44.7827777022656,44.7968559910794,46.5760640122461,48.1667201946145,49.3682375648015,51.1106033586396,51.2999661036335,53.2200529447748,54.2595038793127,55.427012749851,56.8263491348424,57.9937137183789,60.4233001798627,61.5385957720666,62.4512508576325
"27633",41.3672046707648,41.8014400079458,42.0972273442522,42.5295753475176,43.2665743731458,44.0828226134628,44.5634638259629,45.5990946983364,46.920558921575,46.4829920632903,47.3802207376177,48.311157061512,49.6219345769434,49.9749210583738,50.3256587289587,50.8582664698541,51.1881151501938,51.8890836002144,51.7867950454761,52.6092617869395,53.8189115730562,53.982133601669,53.611352610506,54.4296172008273,55.3105682474541,55.0646924613746,54.4155727654202,54.8309813130987,55.0359454240647,55.0962283431472,55.6468264441512,55.3183738018755,55.9622660816006,56.0069065746272,56.1898376230252,56.4894202826635,56.4328035185408,57.0159096444286,56.9479952090437,56.8198056745618
"27674",25.7278447808985,25.9019191461353,26.1817285260005,26.7417765145508,27.6117055501007,28.5636396424111,29.2617832455058,30.5667194769823,31.9636543471559,31.9290962938038,33.1864701061495,34.0867653468517,35.5407333784199,35.9317525018126,36.5551819421853,37.220717886062,37.863232756225,38.6938368161243,38.85447340781,39.9503082159308,40.3186888139635,40.9130646761196,40.8767223405236,41.9461751962657,42.9407578212018,43.1175578761318,42.9289670970464,43.6972321930898,44.1674667855436,44.6925903421331,45.5099127155989,45.492533652976,46.7271299574065,47.0705177084725,47.6314997928459,48.1453010904751,48.4262635951488,49.3532742315241,49.5418530281158,49.690074462661
"27693",63.3626209040998,63.965941424837,63.987680749146,64.5026137433915,65.078282034276,65.5783399076791,67.2824463140165,69.2882612884781,71.0291975740984,69.9085258789829,70.5485628955459,69.1612292463723,69.0727840066169,68.4343440481085,68.0278778614331,67.8114168170365,67.5901899562023,67.5005679168599,66.8424454496814,66.8361860836109,66.4078348869508,66.0786991487551,65.1424634827953,65.2133382311173,65.282755812092,64.7319901309642,63.7555032281882,63.561361402514,63.2313510596723,62.895864917778,62.8010112159804,61.9914876886144,62.2839556121511,61.9091482509716,61.7129224576099,61.538429898388,61.1972100992146,61.3636297614725,61.0148925681108,60.6228138890892
"29231",90.8751810236534,91.3223403619201,92.1267862785183,91.9615171864052,92.3078229487349,92.6130907951503,92.088349569098,92.2623903439758,92.8387155633264,92.4212029311686,92.2616907878606,93.4435239253812,94.2952843854289,94.784821264727,94.858481260275,94.8062552969456,95.105695797782,95.5275553583246,95.6805840862947,96.2013831842503,95.9605190714171,94.4639705062595,93.4055535649178,93.22407982001,93.8510795069934,93.8835211040548,92.6753843978909,93.0047516300266,93.5503615264323,93.1823582395114,93.6641076649022,93.8983475248786,94.3293809637247,94.1195551833081,94.0171774374041,93.3724211235901,93.6096977967649,94.3484028371186,94.4039437389942,93.7333296392453
"29251",67.0843036229326,67.5828457158555,68.2839242901938,68.284052736248,69.1200572887223,70.0159731040636,73.3080751963864,75.6613686914736,78.0131978534319,78.106112978136,79.1888157828081,77.417440409993,77.0748396900127,77.1758438703391,76.8837560604018,76.6401567955225,76.7640184383085,77.1573109095917,77.051833638356,77.3517694095413,77.0100892464894,76.7456055613073,76.7595464955391,77.0749350914919,78.2063424883608,78.9288954702468,78.2954974174215,78.5774614521056,78.5259012849823,78.1852363783682,78.5310152399336,78.6324318929612,79.3686362823634,78.9401924616387,79.3117354960746,79.1280557279398,79.2423371542336,79.7771688847277,79.7681160710297,79.2713582125103
"29274",32.5855880319657,32.8136848751323,33.1104400083177,33.0447709846944,33.38497950346,33.7098495708164,33.9145095025601,34.3690552654762,35.0478582356847,34.9235547908544,35.4675509990761,35.7876192756032,36.317493433413,36.9241539900942,37.1373734133904,37.4141816370489,37.81654438137,38.5853445595346,38.970968697862,39.6107422805257,39.805236760103,40.4387575412032,40.7058318545613,40.9796779770538,42.0211486409692,42.3046815688896,42.056534117546,42.9721657390691,43.6588775429039,43.8673414111796,44.6633980690661,45.1032706069748,46.1868197312046,46.2713963015443,47.1153796510148,47.4695477809734,48.2056730067009,49.7201543371417,50.631601794199,50.9548190903264
"29312",31.8159147383609,31.8879209384714,32.3807425188849,32.7029077413418,33.5721764801726,34.7477660376266,35.5052705712545,36.5266480886351,37.9582180465992,38.0642542530064,39.0956322300738,39.9895919571433,41.0046889528475,42.0551526703365,42.6601923448729,43.2974776668011,43.9082945515799,45.2076532804421,45.7914135740702,46.9410910801843,47.3208702299793,47.9086447744187,48.3964018376845,49.1209692378579,50.6765030039849,50.900234013635,50.7532841406242,51.882860438697,52.9034248124029,53.2575314302225,54.2740802414846,54.8021658349566,56.0335009560187,56.1531432059356,56.9853572471439,57.4660131413385,58.0855294892198,59.2457644950694,59.8744368732278,59.9178882072209
"29351",14.6987128638172,14.7408069829789,14.7961195972238,14.8327979770396,14.9495326278056,15.0738042865738,15.1431452669322,15.2596975679934,15.5164251266126,15.3851571216546,15.474621777107,15.7672453927017,16.1296019967374,16.5738922649139,16.9230810434737,17.3826477593435,17.7786260252691,18.5115642212027,18.9575044434871,19.708956757861,20.1230660656377,20.8769981987033,21.2498173128236,21.6469974396867,22.6124041933346,22.8222425008466,22.8213786541462,23.5437933080722,24.2678421115872,24.7063137343908,25.4458807393369,25.889067251548,26.8226835244429,27.2263694794074,27.8829306473273,28.4478948777081,29.3019930828904,30.7760171866541,31.8738777070588,32.4354699854065
"29391",72.587875221075,72.6556270353551,72.6849077427217,72.9301250911786,73.4288106673587,74.343174065074,75.0296579770346,75.6596003534127,77.2649749862947,76.9669738699712,77.6504791409965,78.0546507173815,78.9876644799632,79.830412280562,80.0711216191464,80.7083811284652,80.9936449751461,82.1277376690761,82.2666299709387,83.3101296127756,83.4774535198853,84.311842003014,84.5271725575234,85.1669347797267,86.6253383425216,86.1038780215981,85.1836919928732,85.8822715267577,86.4987377395308,86.7451297820573,87.4371975392014,87.373802427747,88.4546697522269,88.3874878686158,88.7273214804328,89.1863638087147,89.437711863494,90.3554312253149,91.0131270612672,90.4947397652487
"29471",82.9098093923305,83.1007895696516,83.1836330836532,83.6948264572908,84.3436114110242,85.3690679577044,91.7198040452383,96.6440202812372,100.839280639323,99.9222664804857,101.911001527683,96.7033472112351,95.1726845916074,94.2655068494724,93.6577536488972,93.4011992618837,93.1444763511409,93.284829736908,92.5441574323495,92.791896982634,92.468368619406,95.9310162452196,96.3266007395623,96.160988842819,95.3714558314755,93.2111936713705,91.3309627217757,90.9411847215492,90.3474006095617,89.6580497807618,89.3621378634875,88.6871113603794,88.7325104921305,88.107244436413,87.8708816002271,87.5825246419124,87.0765475611815,87.2229554576409,87.2849022793706,86.438050803598
"29491",149.081950437513,149.843283931316,149.704937653392,149.768891977833,150.280944201688,150.623561310239,148.015910041703,147.792373838808,148.378028687419,146.682445309915,146.82082005011,146.999843467445,147.556174185316,147.522298589612,147.232677166902,146.925470389723,146.570080623423,146.581777349938,145.472080840876,145.247887123721,144.562959950707,144.368089895834,143.354058873429,142.687238751243,142.563541684842,141.042399066371,138.701879119135,138.363465341992,137.518291197587,136.451188384519,136.208054152372,135.305315249742,135.403416608532,134.306218557949,133.861731583911,133.128371009022,132.188243066671,132.15424108405,131.664024143793,130.324634334203
"29551",8.69057625971462,8.77304874625762,8.80178605948804,8.88333736916262,8.99710251256009,9.12920108602871,9.36316407335232,9.78346392795114,10.3234205533287,10.4401517183957,11.0105783856834,11.794276902003,12.7818058719332,13.6116432275075,14.3481740558208,15.3212068716409,16.2713977587508,17.5737287521852,18.5057451893807,19.9865315292952,21.0217568969887,22.3240981149591,22.9793363826447,24.3119755066875,26.1140794666886,26.5598755655727,26.6685083077427,28.1988440551872,29.3258652630587,30.2449306863084,31.7393481693883,32.3994070042105,33.9781997325641,34.8239834486059,35.7084657361138,36.6482155408475,37.2358052652854,38.4409464249959,39.0451425360854,39.5112605186575
"29591",27.7668550146797,28.0818977310016,28.1585633710362,28.3094148873875,28.7199785400017,29.1434427173308,29.5773299375064,30.3259398642089,31.2414498365525,30.9859277503756,31.6984801202142,32.5529100648399,33.6206163264432,34.1770923179359,34.6265994591666,35.3398146797983,35.9421220476088,36.9689146346091,37.3904167609581,38.5280347832316,38.9389861658687,39.8044621897308,40.0937370826089,41.2052342188676,42.6757359171672,42.8145980115366,42.6819535746622,44.1293200689923,45.3578208578597,46.2469024675311,47.4047406665668,47.1480089972421,48.0602846909145,48.479733113634,48.9803490569924,49.7646924135906,50.5854428741622,52.3388877761635,53.1993345597748,53.818961001751
"29691",73.2609662439524,74.0014148099234,74.1308392781896,74.7125170367824,75.617120952167,76.3577979472597,78.525640784318,80.8599590470171,82.9594607767153,81.7084221396054,82.5524335834153,81.3428380065277,81.82794725231,81.5220488150077,81.6532789600612,82.1145359767945,82.6095449538342,83.3841350520401,83.148828288482,84.1772985107232,84.4202239926092,87.0386388844434,86.6350746936417,87.7663225551744,88.2290451099916,87.2075580969976,85.9819388524996,86.7774000508506,87.6525351849745,88.5457663877388,89.3821261344865,87.778113056461,87.2101207119664,86.3476517068898,86.1228105517258,86.1508004275702,85.90867583454,86.4505434178547,86.1610553791187,85.845711295992
"29734",50.1879778399478,50.5345082732927,50.7529199179548,51.693879249726,52.7098671783402,53.9797697723285,54.5715739502629,56.1655482067042,57.9965411859136,57.9140961521542,59.3372977631837,61.7437522415501,64.146156621757,64.6323332323752,65.4755306988882,66.7734429649955,67.8587600617485,69.0336703071062,68.7477994491188,70.0483767179752,70.2087469047259,70.189657689887,69.5193968703331,70.7223367349018,71.8125292437903,71.8064281053348,71.148600807042,71.9214947192376,72.5461555724066,73.184193417764,74.2077706659358,73.6061612670379,75.1761165249339,75.5421649866813,76.269498187956,76.9429934003451,77.0341412377522,78.1898693483179,78.3671767282824,78.5386506897923
"31211",24.6129753700707,24.748698337145,25.1711580258421,25.4208032115711,25.8231429218055,26.4767129713231,27.1011197417834,27.7526324894455,28.4355543207152,28.4963779312653,28.7852885158808,29.2512825995363,29.97631897093,30.8064299702344,31.3878449564492,32.3282832125301,33.3784686402528,34.7324128368244,36.1861603769339,37.549166078218,38.4401855155452,39.3141957011798,40.142640772494,41.8770894780485,44.0294352724301,45.4504630779309,44.9651402705363,46.5006137058131,48.4021030088043,49.0614956589763,50.5802421776799,52.2179837891359,54.2084124835261,55.715504318577,56.9865524032816,57.2459890596325,58.9460971135576,60.7817743693524,62.096659359657,62.4317001961751
"31351",41.4224249396992,41.4870148866532,41.6372006757532,41.7644204501358,42.1688606937892,42.6040356326722,42.874306991616,43.4763534579804,44.4047838700476,44.3234991551195,44.8854861675203,46.6094752674949,47.7975079435056,48.6958575776184,49.0335713473002,49.4385518633727,49.4827270775494,50.226025034304,50.2236286977963,50.8862819342541,51.0994940844063,49.7102232344718,49.0004636982249,48.8347953940275,49.234262764358,49.006401901583,48.4769650834531,48.6692003722977,48.9309688657536,48.8854035916075,49.0743958716799,49.0141534458624,49.5230557536848,49.4637542758655,49.6847461995328,49.9373171443278,50.1559614549674,50.6771484216085,50.9708247888427,50.8316506238609
"31371",51.4678648983305,51.4646760437207,51.6419027649498,51.9082772499342,52.4456606151748,53.0095314180398,53.3709620429835,53.9799889702447,54.9959259918682,54.6873638078496,55.1129952314982,55.6170276032352,56.1541803496352,56.6781556711058,56.9292282215179,57.238871463025,57.2978354435088,58.047605263074,58.1282272504488,58.9430442874636,58.8287713231114,59.2485216639026,59.2000581826915,59.4483327267279,60.5212678571236,60.3592245655352,59.7319895321385,60.2136520735493,60.9140441785648,61.1123343359754,61.4794534035893,61.5050632124837,62.4023698839513,62.4467700475063,62.7464509203594,64.1033477946897,66.0123746634202,68.6558260040543,70.4961605880958,71.2314553981463
"31391",63.9897285588043,64.0021812202728,64.1071997285153,64.4298421328189,64.9548440580273,65.5292504750863,70.3168358986847,73.2001480155268,76.0626614279734,75.5697821932129,76.7123247715396,73.3757164285662,72.3059400343116,71.9218049639539,71.6620011774762,71.6741294193936,71.5933228847198,72.0329504948812,72.0645602681054,73.0093032191536,72.7659513736447,74.0227133408721,73.99574663689,73.507082794156,73.9866313304788,73.4375381445385,72.5815965807657,72.8742612521119,73.1486982116973,73.4260711286055,73.9402678714754,73.5807253223961,73.9910427446871,73.658873798794,73.6504817974186,73.7793632176917,73.7658154817634,74.5447229233627,75.0454675762923,74.5957970027289
"31414",50.2993726668617,50.3686089784873,50.4372455944334,50.7084229719343,51.1290708988524,51.5763709155146,52.3029681827358,53.3087898628405,55.0171002185628,55.1233891181169,56.6848818592659,57.9288311351106,59.6396317420694,61.1204987057578,61.9649261484936,63.039828436748,63.9379137371174,65.5299724481862,66.1891604303348,68.3470348071259,69.1358867450211,70.6277036071176,71.0009135232913,71.7701425287044,74.0414444136513,74.4396660018612,74.5573885156242,76.6966231944365,78.6728622513556,80.1429443362694,82.0049020154523,82.9414518156161,85.4514953586194,85.9427494258718,87.0965561557545,88.620958803983,89.7395934766689,91.8674620842642,93.4865126220785,93.4040253078704
"31432",45.6673456821378,45.8066422418145,45.9553583431154,46.4051874588609,46.9838404762986,47.6288898279606,48.2571986053319,49.2135160707407,50.5964161758966,50.3548161401218,51.3887580652182,52.6047558298315,54.0443814140312,55.0799954026315,55.4404342875184,56.0107891919325,56.5944771736736,57.4206028826924,57.3237635829723,58.3037936330891,58.2899190581105,58.0429087140073,57.9237823802773,58.3360742497113,59.319536497543,59.0681982342392,58.6160679117616,59.1962701330389,59.4964558382206,59.6976543127718,60.0994453120286,59.9592499061604,60.9120520326466,61.2047715957001,61.5662380406682,61.9298348319889,61.8811068198235,62.3741176126039,62.497584611765,61.973429138206
"31474",118.903586231806,119.472039853015,119.241917171097,119.682350045842,120.353119674276,121.053786000211,121.256243393413,122.689140919369,124.944300225217,123.977211757764,125.477196903459,126.921243581879,128.973245594695,130.031160228218,130.404799507733,130.743980000454,131.463046847313,132.328236003517,131.200064449662,132.05045836302,131.246518948602,132.658287428199,132.260363853087,133.211044219755,134.508326988449,132.79051606962,130.134732149023,129.299625022644,128.11120286608,127.047555225175,126.620636470404,125.65502610693,125.96072271113,125.270423333657,124.838424080293,124.477879808159,123.798510389145,124.261669520987,124.322630120168,123.235524501192
"31491",11.4967811982416,11.539708559946,11.6589162657357,11.8802564626094,12.2261998562576,12.6540763702205,13.0344154120352,13.6277097987534,14.3454738540818,14.4806294177311,15.1323255791552,15.8738575362596,16.9468671670726,17.8658178084173,18.7357522775779,19.72068846998,20.9556737463157,22.3086934675333,23.1610486002105,24.6255274090573,25.7439053883745,26.866603675689,27.5666891441077,29.2434436942902,31.3410462396789,32.1047701707372,32.3532465824827,34.36047038044,35.6876549062708,36.7497642816113,38.3749735155533,39.3324165797379,41.4504336572349,42.4565481214186,43.9336266892316,45.0590272985656,46.4749747504994,49.0597869257022,50.8200103120516,51.7242263694374
"31514",40.715879355601,40.9353878083025,40.9738475887013,41.1417963619888,41.4067967103661,41.6800122176423,41.7521756246889,42.2901617021212,43.0292703076959,42.7217174991052,43.1495130174448,43.6322887796273,44.3613175989225,44.6543004217938,44.8146522346993,44.984611685785,45.2569327003922,45.5630995202312,45.4396355286973,45.6924054615925,45.694591097332,46.5602698631355,46.6828577454539,47.6471986408685,49.0456111536701,49.3759906598502,49.116649819323,50.171377370667,50.2133812862802,49.4308568140967,48.501317301204,47.8977092594306,47.9902504521726,47.869543064991,48.0422301509733,48.13369019371,48.0429825007922,48.7304772948997,49.4313256809141,49.4886123240442
"31531",22.5335436185746,22.6462105843443,22.6767110877404,22.8310565601298,22.9746437716684,23.1249789852588,23.3608717330959,23.9624994425487,24.7143837806711,24.7303705807307,25.3985443008637,26.3753940815889,27.8352440231316,28.9802065664963,30.1604508367316,31.539956960577,32.9841394216838,34.6811628385086,35.8675128253215,37.9829738866083,39.5390291576175,41.2084327726682,41.9744276517189,44.3887764146098,47.1212074831465,47.4476870102143,47.0685566309178,49.2373348678432,50.7281050489591,51.8707017334042,53.8633278176646,55.6196527420947,59.0424546577616,60.7525027072184,62.5562248433852,63.3889007981405,63.2147372677106,63.6008861601627,63.5441166324558,63.4003706946956
"31591",61.4098706533659,61.9799817487388,62.0210760845616,62.2810709610098,63.0290922819344,63.6727267220699,64.1369805995778,65.2193222904926,66.5257554729121,65.7077724489006,66.5675468854748,67.7623219352206,69.1512166150798,69.6992455495544,69.9222407419167,70.4886273881485,70.6881395420858,71.408114987911,71.2922130018329,71.9791339754582,71.7347778600002,72.5083579428952,72.1693829898958,72.6135567000726,73.6045538665689,73.1964209110573,72.3437127359837,72.9702767582298,73.2487085633214,73.4640027972006,74.2149949086158,73.9043188732654,74.9848767083539,75.1575269362048,75.5013508529042,76.341547537407,76.8160317944127,78.1673814300314,78.465388938503,78.6525427127049
"31611",36.3825874519941,36.7153253399174,36.7839580566541,36.9245437969879,37.5249041005655,38.0370179602572,38.4365154774597,39.1841347026821,40.0472457780745,39.590026096075,40.1207913823559,40.8455684194913,41.7779111182899,42.2242052686642,42.4945222119609,43.0061037603577,43.3136970633914,43.9187820725102,44.0407096737117,44.7589408375189,44.9849296818772,45.6309817385476,45.6458226966572,46.391749762762,47.5152005914083,47.4495342696285,46.9157990735953,47.4697022502471,47.8197920370131,48.1109204227608,48.8630649375066,48.818678621717,50.111191292258,50.598709331519,50.9810436701932,51.2157031614478,51.0734451346546,51.6809699994492,51.7836301087598,51.8307195523263
"31651",66.1929055284653,66.7822217048641,66.9274481467523,67.2628443556403,68.020339642382,68.7484210786674,69.1500716558062,70.8713417711851,71.9140449667282,70.9909571487591,71.664878494473,72.2562738655107,73.510223908847,73.5397263889004,73.7919278901903,74.1014168758024,74.3538632717088,74.707061556214,74.3636564150543,75.1797834934817,75.0075752223552,75.360843467355,74.8338375178822,75.6499347860663,76.6564121528722,76.2055108439293,75.2625743763145,75.6527236885133,75.7729555116719,75.6891421548549,76.2735199177535,75.7151050144357,76.7448271335397,76.6380896523995,76.8934482476853,77.171951173377,76.8911076182959,77.6327283459915,77.436405947807,77.3448651938876
"31673",92.6032109341017,93.4505633962954,93.5845757998269,93.9962220851272,95.0684476172473,96.039442069359,96.5053562286582,98.4855719374512,99.8581001641446,98.5570957536387,99.2921314662472,101.614980699489,104.242402214724,104.611418681296,105.191972278701,105.830655253802,106.485690295793,107.107959443443,106.71444630406,108.066867838249,107.095968489645,105.496682820139,103.825636282676,103.876409221282,104.261749909521,103.311369960567,101.914409281055,101.929628676736,101.70140553168,101.364863694609,101.719397593408,100.781010653196,101.752926207423,101.313310819474,101.375368545735,101.4966890574,101.116676548513,102.039171882735,101.914849371769,101.811428754407
"31711",55.7713144848237,56.333525150271,56.4067298698888,56.9175395143766,57.9392227684068,58.9545948976942,59.2258230511158,60.5919109437849,61.925066711606,61.3034084196529,62.0174083448596,63.2987950158268,64.7833832503536,65.1146544879515,65.4633520393635,66.2872388035664,66.9458257156215,67.8193555811569,67.2829314434433,68.3464870838976,67.8457343959643,68.846353274803,68.4602928540341,69.5815609427881,70.614648302291,70.1596749094672,69.3148007619006,69.7469663339712,69.865589785507,69.8870251438241,70.238158648459,69.5473113832576,70.5537573702722,70.3217236954023,70.5041835296798,70.7824510892481,70.426685365632,71.2256901232354,71.0958925863728,71.1146631878154
"31731",14.8270459054662,14.9176888823087,15.047675332056,15.4059449132146,15.8811715798257,16.4968418169399,17.1719289669307,18.6192498699927,20.3002341050727,21.1015274844373,23.0785679074537,25.0865707876569,27.1259447403283,27.7700633964066,28.7335802814772,30.1241675249487,31.326977784382,32.6563005357163,32.6921544898676,34.2594903095198,35.3493785421927,35.8421571199267,35.7313461690258,37.0988812395358,38.2025741532845,38.3835872034806,38.2749419813008,39.3177495540246,40.157770604272,40.9805804296351,42.0002723739607,42.1258794643071,44.1757448823881,44.9334433653069,45.8750362424152,46.6435302106116,46.7800900234917,47.7566157517179,47.9195748693934,48.2258649806063
"33231",81.1416906231086,81.533448067402,82.2245297816484,82.3348184790956,82.9281883724312,83.9888543576682,84.5471673312232,85.6563943151045,87.0751433958579,87.1693462151494,87.6281293893571,92.0181318995927,94.6997250891827,96.58795887438,97.2193425383973,98.2756855921995,99.1848839010378,100.740561953487,101.247455115526,102.155391780546,101.955191883805,99.3414036918707,98.1211603663888,98.1298414936852,98.9327437351523,100.38779927299,100.343221064884,102.011757182783,103.581393688012,102.780355921102,102.142670521723,100.669549526369,99.65965058458,98.6954980355584,98.0151277215711,96.7605091090736,96.2719367869556,96.0000153970474,95.446690845833,94.2528955106235
"33291",9.16607106246151,9.18571744545199,9.31439352583022,9.42901237312634,9.69262933620844,10.0251373965802,10.4716119349342,11.1192566076581,12.0531111538316,12.6120572087576,13.4713337188174,14.4754422546201,15.673305801128,16.853713619759,17.8207503796502,18.9059716102488,19.9297244070775,21.6223776910684,22.8450804974979,24.734033549909,25.6114025348586,26.7935263525656,27.8397850676346,29.5306246851094,32.0686682618605,33.1674830678908,33.3193246244678,34.6153769601181,35.9146460946792,36.4647629575895,37.3922584899633,38.107072091741,39.6110626885189,40.1092644086248,41.0372645692659,41.3157469256066,42.0368565464349,42.8845050293137,43.3495608192019,43.3537457945194
"33312",59.0004431526551,59.1286614874419,59.3883196723712,59.3541710433656,59.787226635867,60.2666162915387,60.556154411262,61.170896340034,62.2009664820892,62.1254554098262,62.5411821503657,62.9970965581737,63.8326189092334,64.5155897378296,64.9392394538268,65.4558321814679,65.7683331103224,66.7433437211971,66.9835574284529,68.0610502996582,68.0742234575114,69.1596167167072,69.2981891568112,69.6871058078386,70.6791003100463,70.6004041461271,69.8706761096145,70.3777195443075,71.217276767658,71.571635115694,72.2068636689076,72.3032109903915,73.1405909657739,73.1891243971128,73.5612516471468,73.4561788856989,73.8218047864405,74.663732296814,75.0968702664876,74.8349721430038
"33331",24.4806148750515,24.5032900636296,24.8075607267893,25.0754520134648,25.6650765116249,26.3868386139643,26.9364544532235,27.6828173614967,28.7997001599468,29.0643592204505,29.8985597262418,30.7101217514057,31.8427005248851,33.0625963986463,34.027035069663,35.1310527512791,36.1379603557324,37.8031094579907,38.776785460333,40.5681034291821,41.3881730138846,44.253620770491,45.4477496091787,46.659676196916,48.3964728931091,48.222534859898,47.8105827428285,49.0158226638471,50.3905280475042,51.1652814436138,52.3949202197683,53.2142973887757,54.9985302767345,55.7235351771348,56.8684195519715,57.6793764755943,58.6969294607048,60.3177944410728,61.4574260476223,61.9173733014005
"33371",141.264849943843,141.339203926073,141.523771467659,141.570667401799,142.373089331224,142.97061686767,140.98084945939,140.896137653058,141.423407015217,140.035309105827,139.911879199905,139.311061127888,139.129691509525,138.974861374668,138.477311787802,137.954929124211,137.092069105894,137.073405817159,136.254008462104,136.607209956422,136.362581642147,138.180397219623,137.912107354461,137.218346072451,137.013603260488,134.47877901998,131.91397900017,130.980954756085,130.266914717858,129.564253477838,129.301512605942,128.353242110679,128.139609897325,126.603635243608,125.456121762188,124.501977156822,123.436833591491,122.768978435446,121.805116879033,120.269597508619
"33391",92.600107874863,92.5849412790738,93.0114887076179,93.8051060606584,95.2166239915454,96.6450968522066,97.7550740168472,99.383727754438,101.75220357073,101.616278273965,103.556626786683,106.753410150894,109.468794547739,111.522072131587,112.54116671393,113.414563263263,113.807435291692,115.226932322793,115.383722787044,117.671359192428,116.313673607513,115.621430461443,115.139168177167,115.122218560394,116.51295296343,115.892755434586,114.531601471769,114.876399620639,115.355829720396,115.426080950377,115.891343530762,115.607377742676,116.888053668861,116.777748055779,117.013124269827,117.202779349095,117.017872713584,117.663906183493,117.87279403985,116.981400681412
"33431",6.4799601965225,6.5075056552536,6.50805141204199,6.54259849693766,6.59270728900501,6.62816731250753,6.98558315773271,7.63193618359149,8.69966407087537,9.34280600529132,10.7490657903191,11.7115335970944,12.8227157316377,13.8147618531889,14.4512775901509,15.1998305257234,16.0360957883121,17.0264019194574,17.4436421087647,18.6290832351024,19.2597440219953,20.0858450453902,20.7455507183223,21.8692750737685,23.613641243994,24.1428812291766,24.6254974786116,26.3236379706552,27.8854635196804,29.2595892554264,30.8104249827366,31.6976261508449,33.7999340546666,34.9240271806635,36.0430927757187,37.3847549753031,38.3340606960496,40.0727801887233,41.223558335268,41.624320617017
"33452",230.352591245816,231.275598235569,231.378226363979,233.255488367136,235.678773519799,237.338585837639,239.377326554316,242.60408832797,248.506948838088,246.383300896218,249.655620521083,252.192608457856,256.035954473195,258.60295494369,259.541212485114,260.560373367031,262.879591217431,265.181728962949,263.646012233133,266.520172367333,267.017339018167,280.243268018455,283.333634060715,288.411029710467,294.831943064303,290.104271396586,283.612884944811,282.033229825787,278.458490356906,275.018838279693,273.307582294093,270.584449703726,271.170086326755,270.215779901693,268.716198959277,267.911263391878,265.905485361639,266.044719734726,264.857676477329,262.070909181444
"33551",77.6897475494162,78.0899265666676,78.296010359047,79.0083848709743,79.8336413090989,80.3882170136578,80.7713401606858,82.3297400507726,83.7219512014633,82.2844765891115,83.2259417121125,85.4611868242072,87.8233750777192,88.7242858700994,89.3165196406787,89.8189783734926,89.9988117609424,90.7963157529329,90.4358016320691,90.944867765529,92.1432670417638,94.7461837426936,93.7260422420227,93.3873369595402,92.2958872761167,90.007694564241,88.0866358167164,87.4711294018191,86.636693642192,86.3388500712521,86.2498544752937,85.1532179696059,84.5951109783685,83.871654912037,83.403838635367,83.1331521143858,82.6258008314493,82.5697539895226,82.0774991116245,81.3167355654236
"33691",69.2681488615707,69.9806692409192,70.038362507456,70.3450575791839,71.3572570869161,72.1662879501225,73.8570185573233,75.8767959090525,77.4319016956302,76.5606290711407,77.2630862558566,76.859660300136,77.5822379837965,77.333339776046,77.2051122369586,77.3191282094119,77.4902078500643,77.7024925439842,77.1088248111123,77.733155552244,77.3557854770924,77.8240241176334,77.1324940842036,77.5695481253075,78.0563418833871,77.2802813444277,76.2873973276102,76.5045248549867,76.4368453091004,76.2664101649569,76.5686467258308,75.867009331338,76.893860346635,76.6044828031417,76.6644775787031,76.5793275899993,76.0515296570558,76.6925248320702,76.4650900105354,76.4027247062545
"33751",42.0541301368991,42.3652568790457,42.5707374951352,43.0813202189373,43.6533580909826,44.3595969475994,44.5782935873462,45.579030111215,46.5189605369854,46.2310980515797,47.0746990180377,48.1995110221689,49.1931044661875,49.4245215965311,49.8645980567345,50.4679452097444,51.1619968470194,51.7252141252674,51.3732234385539,52.2279075811626,52.2361834672323,52.6259129429762,52.3379412028937,53.337155899243,54.1196066988531,54.1242297842937,53.7278417290967,54.2202642868984,54.6229254088038,55.1813177475521,55.8895406262408,55.3937812507197,56.5925320162399,56.8654830529279,57.302023757201,57.758870039749,57.9250186314789,58.8289809561133,59.134832096137,59.274769892967
"33771",10.0698266767644,10.1534379615943,10.1795575357303,10.2539352940826,10.3253912833666,10.4236414386308,10.7007906168718,11.3567187835228,12.1474913973064,12.5366674072243,13.5061068828415,14.484027765871,15.3518271467295,15.7801439628032,16.3954972040882,17.0809890037084,17.8728857795505,18.5687095845056,18.6777969220591,19.5853817081397,20.2859409434958,22.204721818181,22.114447760587,22.7638652735167,23.7861472157374,24.6824007862453,25.5743649269041,27.7233538731486,29.9401694446504,32.5075451672444,35.3754039821433,36.3374439049302,40.397071028704,42.9079882991586,45.7171017552817,48.4520947120187,50.4922597149541,54.180561978194,56.6110089476953,58.5696420810638
"35234",4.55113254246502,4.57777422084393,4.62333710142685,4.61477108334969,4.63807640688871,4.6828990530712,4.7807685042731,4.92955738967959,5.14775809522231,5.29995524979276,5.52766420964273,5.89369207299718,6.27474686616263,6.74525426302333,7.13427395682641,7.64943949589401,8.13835880782321,8.90066103077308,9.4879069773583,10.2351004755868,10.7323586142283,11.2929870767122,11.684026659378,12.4697834704718,13.5001658169354,14.0192059266574,14.0065819566602,14.6963256172927,15.5244395046159,15.9443606841068,16.7568158136271,17.565836199803,18.6417919542175,19.3860593986119,20.2332331493265,20.4859828495439,21.3721539149245,22.2780643067853,22.9888350527852,23.3043196066069
"35331",122.65983236081,122.891197206219,123.260637783137,122.760801808348,123.205589972442,123.597048702472,120.749401633917,119.348229680602,119.248731406291,118.033996019933,117.468613293775,116.862792781191,116.845780512659,116.558827577402,116.15029816479,115.967854352012,115.434786262489,115.443197661386,114.789596385084,114.97902704091,114.239634261601,114.001502270481,113.195240450346,113.050933972731,113.752756597259,113.027781798649,111.488246037263,111.313531699131,111.434225270373,111.019704140026,111.006084091647,110.752757144156,111.330209400048,110.951183414078,110.81425623787,110.401063427691,110.113882796649,110.257337607842,109.946462396004,109.047845898184
"35351",19.2010805868801,19.2192500916104,19.3138367199389,19.3672917166702,19.5468104374189,19.7943104936522,21.0120033109165,21.9387632272527,22.8197839671441,22.7371344591776,23.0300428374027,22.223768197497,22.1358413633269,22.2807602637632,22.5070466789553,22.8630559774755,23.194245174027,23.8487340483989,24.2320493937653,25.1006421742474,25.5874362669433,26.4026524732007,26.8509082686489,27.6384511546105,28.9218918910874,29.4116285464612,29.5772584004265,30.5485061040949,31.2732486118046,31.4909401491136,32.0458714124137,32.431203016672,33.3793520793164,33.7107989039422,34.1561508669905,34.6273524601277,35.1278632111154,35.9306979537734,36.4660804433817,36.645750425125
"35372",106.698673100956,106.885843627743,107.19175539408,107.07174840248,107.762713514731,108.430095210506,107.089450959508,107.264660020244,107.979550137915,107.170918679732,107.30151108111,107.358488991829,107.648433998676,107.922216431887,107.724226684231,107.489095696128,107.026665461078,107.318082467677,106.70007119768,107.065988580481,107.052645900911,106.581538206725,105.821115008996,105.783567408474,106.708619632617,105.884010578897,104.021425833658,103.580010863109,103.426982055131,103.010906737055,102.882078896438,102.332160004583,103.512620878872,104.141171038849,104.962239169371,105.655784617472,105.979991061762,106.594214458072,106.41008653152,105.805065653619
"35393",51.7605965209834,51.8228400960736,52.0328461025412,52.2138352143274,52.8048549835152,53.3497418569047,53.4837829962371,54.1885054715155,55.4528117520511,55.3611612033152,56.1459081291115,57.4110517284286,58.5184492581911,59.5096250555649,59.9080500379635,60.1285404853922,60.2862206154673,60.9516244740809,60.8876264358518,61.7410594726447,60.7566168499779,60.6410656241783,60.3205223629179,60.4040824140574,61.1328579453968,60.8039700448253,60.0170094473655,60.4760094776409,61.4922564194688,62.6381118238448,64.2434368094339,65.2094111523388,67.0965500487113,66.9650481294083,66.2554990412332,64.9982215168528,63.4121540931487,62.7686072974925,62.2201807159418,61.3876417316212
"35411",19.418079685546,19.4428843325545,19.6184059177957,19.8944637478855,20.3163680036276,20.8596290582045,21.2163162933741,21.8996358871196,22.9680318806085,23.1802998743806,24.0195662060763,24.7224989808208,25.6586589510901,26.5740822514258,27.2421336046326,27.9222051028741,28.6306216970465,29.6793405233589,30.2266404397717,31.6852163234218,32.131273931871,33.1064460391913,33.6667404632768,34.6704991421617,36.6364270480698,37.1515756714059,37.0623823890996,38.0706803368488,38.7520430964312,39.2838118424734,40.1232243140752,40.5785635137671,42.0179269944942,42.4888626129382,43.0911509264182,43.9309521671899,44.5017395112261,45.5152453200455,46.0428671922083,46.1277580440857
"35491",19.2622323595664,19.3786792628494,19.418136200992,19.5379273329911,19.6536009877911,19.7588835255191,19.816095286939,20.0364654719184,20.3816737032048,20.1533328019036,20.3043868490344,20.7514978454187,21.6673295009583,22.6108001089015,23.573652099529,24.682483299505,26.1855026822795,27.9004732680308,28.9658316787296,31.1641018611497,32.9072930162203,34.9622629054779,35.6202961677313,37.3492910113788,39.8143996397357,40.6113286038717,40.9289284828917,43.4653104668297,45.2100121112558,46.6138174546313,48.7684250348052,49.8524037633242,52.3244337073273,53.2614051381334,54.3405826504069,55.6147169544759,56.4645614605661,58.3583650654088,59.5482035226858,60.1385182485953
"35511",72.461820738941,72.9032559452501,73.2596705480454,73.9069248894157,74.5022982072109,75.2079677406829,75.4983644868734,76.7104711661993,78.2836801616883,77.4782174051575,78.3812408122337,79.6707869300137,81.5135721766177,82.4145822233411,82.7601678840518,83.0807178143805,83.7654447499753,84.473177695255,83.9472221720132,84.6662233827852,84.4967408785879,84.7557180342856,84.1678593147771,86.6877782344598,91.7077408801321,94.3381569925332,94.3636482951363,96.1664181454041,94.8112405920381,91.9643699900479,90.799848925271,89.7391599109806,89.7308644764903,89.1205787945844,88.7194939264375,88.4321199055897,87.4905823090728,87.2559750173161,86.7829782369115,85.9033728888088
"35531",97.1784723645325,97.7999560236487,98.3464855660532,99.1186388580633,99.8121932129578,100.828836349102,101.147898958655,102.894123481268,104.72411037621,103.479531234834,104.643046846311,106.33386778032,108.486060058572,109.597462892136,110.077094802513,110.391202149082,111.001578075413,111.957296624205,111.342794604793,112.183228469791,112.167117437184,112.544050385351,111.713657676163,112.971431769124,114.863161944661,114.17606767954,112.063083814705,112.173713750215,111.948761757585,111.643655653471,112.282823118557,112.923839346247,115.774835024264,117.119893310403,118.063673095221,117.889615011195,116.412962636029,115.514121710465,114.038485142642,112.648899490192
"35591",87.0601847065529,87.7884645660389,88.150836529516,88.8248644919639,89.7114408340281,90.3888037938606,90.5753790910903,91.8056359082382,93.35515296815,92.0740254922157,92.925359768539,93.9197088252794,95.0714586125692,95.856200130014,96.2433266184179,96.7984827722956,97.3848386287047,97.9980283191313,97.6948708034918,98.9332118595165,99.0552240787089,99.9280929330294,99.8898907285156,102.8533792236,107.019717129197,107.839520631347,106.973258440219,107.611683117563,106.131956388826,104.217433037876,103.173014370895,101.718217887397,101.842909977521,101.487791742897,101.367206577744,100.796219187771,99.3568786579953,98.7003671079498,97.8236725069082,96.7456775397965
"35691",95.7384496733836,96.4719066113381,96.7383099821954,97.3404776371247,98.8006679422757,100.070940771273,100.860007658401,102.851007985267,103.955749226665,102.444242193135,103.67667263275,107.207412410175,110.617560116795,111.136889713438,111.354908157846,111.784340842799,111.938769679305,112.15007314291,110.963982025974,111.949043757856,111.011235690033,108.98044276863,107.307247959699,107.139376484438,107.32545528861,106.122500420192,104.462960384937,104.122918017651,103.504924365452,102.846691180378,102.755667156232,101.654978259437,102.239432321379,101.456862650941,101.27539620674,101.035905820224,100.302127810849,100.832964037335,100.457242842917,100.210225770157
"35732",79.9739894812857,80.7056192128354,80.6000871226185,80.7982174067443,81.4535063256061,82.0536347049575,80.7341222410321,80.7732585933203,80.8811361954673,79.8181962432951,79.935524023832,80.3109859497643,80.9408344329004,80.9613536908709,80.9323978496725,81.2193625096762,81.5501985235001,81.9873266574132,81.3267505873519,82.2383027968674,82.4240577906989,83.3156322801946,82.7769219866536,83.6951959056258,84.2139508801623,83.7421087967999,82.6842978605285,83.1574624032385,83.4121039377733,83.8473485953893,84.5037865585989,83.8514791292684,85.2768461270491,85.2584094732064,85.6281843694103,85.9453717478426,85.7748801410981,86.691920132373,86.7334513434871,86.7457725872653
"35751",1.13722829228505,1.14655921644168,1.14937484627904,1.15593392584663,1.16629884284165,1.17824416179546,1.17824361873385,1.1931715350226,1.20597928260622,1.19266889719891,1.20280470055111,1.68170661700439,2.50098194680581,3.47429124632566,4.69537740065942,6.17607292702141,7.9577605315055,9.85983832163879,11.1057989906793,13.8702546211734,16.0594289991499,18.1390890901198,19.1132832692686,21.8967461840495,24.2501101856237,25.4478137155863,26.1373352774646,28.5193082729611,30.6352825011801,33.0966301926941,35.6122394034787,36.145846720969,39.6559229649229,41.4746154473923,43.5415335748676,45.5178675100393,47.0663283001071,49.7648425686731,51.4109266757805,52.7537961565934
"35774",56.6068131949181,57.0102327470772,57.3241449045941,57.9759290552674,58.9078222277553,59.9968566615676,60.5192301288464,62.2639942780935,63.9568975328037,63.9172510431864,65.8054544405286,68.9600908342831,70.9449008087334,71.8908678816526,73.0906957913516,74.2803699282948,75.8792538976587,76.9201613953549,76.4227292448446,78.0411044798116,82.682573849963,82.1198136656393,80.9382599632006,82.0801854676005,82.2427706550646,81.3098197957404,80.2512835542513,80.7592470431405,81.257508904591,82.0185661260659,85.0888260417309,87.5276784145882,94.4268054546371,97.5699739490263,98.6321458518068,97.3770480835398,94.4594071692721,91.9672028986933,90.2087361589846,88.6631989094947
"35792",0.711575118920677,0.717112041347156,0.71912997115517,0.7233542832096,0.729366894586119,0.736638162999603,0.756776396913076,0.805487178800342,0.865246588078013,0.897879733561171,0.973092288908105,1.19341018781203,1.50071164571765,1.82444338499522,2.2437530733447,2.70714832954164,3.30853132137444,3.91840572380969,4.29350121935983,5.10542532005011,5.90008120603738,6.8560694174505,7.49407183199174,8.87529134387619,10.0199429709426,10.6680428568434,11.2056953719193,12.5371818269761,13.9975585547101,15.8201559357369,17.9905836688599,18.907580640308,21.903480533908,23.763481036206,25.6323137221892,27.3850124186726,28.8298683903211,31.0495122289041,32.6769125800538,33.8556245823309
"37254",13.5485592907631,13.6163728374423,13.7828950841683,13.9077415172018,14.2157288246579,14.5842460861102,14.9142257613414,15.2445002492709,15.6838902228987,16.0309290099361,16.3924976847117,16.7805282416848,17.1773042043198,17.5370659426433,17.7732914402178,18.0217220358317,18.2500405573594,18.7015703399651,18.9567781062096,19.3380448464569,19.4824437127892,19.7140018902481,19.8613518672982,20.4101164105081,21.2699743617363,21.6021600146509,21.5989252913422,22.2274367680062,22.9492024466901,23.3215661772218,24.0503407256542,24.6976153610132,25.6397165384661,26.2274806101462,26.8996483461796,26.8811870689219,27.4053330972607,28.0292122827139,28.4211404807627,28.5318402675353
"37274",155.87687024934,157.022466453722,157.547770484044,156.87444276452,157.32771329369,157.637040543212,154.01850302394,152.077638188876,151.243626793279,150.109733278334,149.231680933781,149.046512624958,148.607192087779,148.105779246194,147.235457180837,146.306577941764,145.186971748919,144.643580289951,143.458226785057,142.856894613121,141.943844277329,140.069467128561,138.410459959345,137.751618293717,137.837559130821,136.85604606232,134.880408286378,133.994481803217,133.380862863731,132.173283009446,131.510296329108,131.664179381772,133.167847121293,134.128830942468,134.65770537821,132.947544618026,131.756737143245,130.347296009635,128.555997411977,126.643562348716
"37333",70.7511418685265,71.0862906436644,71.5637431430066,71.5985680427498,72.0955877066741,73.1362756340903,73.6265737200269,74.3346895828982,76.0427359835807,76.2258301612472,77.0264821982915,77.8351561422188,79.2167045830569,79.7365610191381,80.1661353134874,80.6881390889348,81.0299168004542,81.8109444792088,82.0765152386211,83.3970107299737,83.1661362672932,83.5352791192118,83.4080595187443,84.2286367414281,85.7443245819581,85.4700337279782,84.4758794247211,85.0736356825519,85.8525765464671,85.9728959095559,86.429911960364,86.8045029026734,87.8650909561682,88.1179881367658,88.2710260702983,88.4389545627206,88.633288750841,89.2997616354722,89.3725864096088,89.0090925342074
"37371",68.5256848025051,68.7023097755839,69.3206995035133,69.737068260027,70.6299172667809,72.1386336940434,73.743910823332,75.489057557606,77.515028953841,77.2874491088541,77.9804489741477,77.5663016983994,77.9117936311841,78.4257127030946,78.5512452451833,78.8627430679872,79.025043350732,79.9123846959999,79.962344539134,81.014685981639,81.2219817237124,81.867180343681,81.9927463648594,82.9279723626842,84.7959006246253,84.6575365635582,83.6779969092745,84.5955954561831,85.5184044455609,86.0782934654545,86.8339390558166,87.1625773334206,89.0114474603759,89.8308123340693,90.4236838314214,90.8216485094174,91.0745517789148,91.6716278353156,91.5919906690327,91.2972395631861
"37391",41.4294503520486,41.5693545417062,41.7510547672927,41.7775917541595,42.107734384615,42.6213105331395,42.9405483967264,43.7885454186667,45.0107957450966,45.1254189170869,45.9677366853897,46.6808646215932,47.4948713214757,48.3721377401327,48.8065959316972,49.3164222665141,49.8355549284047,50.6217606711266,50.8167070584137,51.9600587276283,52.2279273484093,52.9358257087423,53.2775350011588,54.1967700206679,55.8260038865163,55.9500523737153,55.4325783811948,56.3829357635263,57.2659191153951,57.8869973780556,58.6981554033749,59.0892709596698,60.566304273976,60.9953619475486,61.5128801379717,62.2127353224171,62.8195107596875,63.8365185742374,64.3735844159262,64.5395906467058
"37414",54.4210295740082,54.6293992261978,54.8466337679078,54.9720686421677,55.4517793146216,56.2052471648358,57.4024422745747,58.784808977562,60.3997577498663,60.0729354881061,60.7063121866452,61.3804351679658,62.1877178597388,62.8794425631787,63.0379838487676,63.2339781231326,63.4526499813809,63.8109494352024,63.5180185572497,64.239264691872,62.9452071576586,62.5971290247848,62.1938119414872,62.227183927303,63.243281661099,63.4334241710836,62.5933504251991,62.2104636017972,62.0500220347212,61.9219726248923,62.0699282841457,61.9535478163431,62.6027076774265,62.4193392878489,62.7497977120589,63.0322143719871,62.7152935300788,62.8000010352291,62.6649046112995,62.2510530024422
"37451",65.6228758021172,65.897035093566,66.2517892304041,66.552307542753,66.929260703995,67.3130792024233,67.9124174846906,68.9284512258206,70.5332841333077,69.8945552368952,70.7019507472217,72.0091112270352,73.4207949677179,74.2990051106731,74.7150689077793,75.1138649537417,75.6148958938918,76.2100811782165,75.8748481355276,76.5688155313591,77.098291397664,76.8413123534249,76.1077480858387,75.9092944109689,76.4700242227441,75.9047969076269,74.7752687148716,75.1699329164216,75.3251904652036,75.0924262520974,75.2664198261107,74.9231811735551,75.7460420125641,75.6866083204074,75.5850417751993,75.7250009275782,75.4630675859346,76.0118077459046,76.0649558011655,75.7785230428593
"37472",35.9899063385058,36.1363697490064,36.3941818909928,36.7038168460619,37.1173237442946,37.5441117214802,38.2629041694695,39.3053220526355,40.9102347468706,40.8316470363973,42.013986177377,43.0162076855713,44.266052915382,45.1787900815907,45.7439484738899,46.31991592646,46.9816085155108,47.7957942280664,47.7767733051208,48.6065761145855,49.0581815429069,49.4541652168022,49.4596963853014,50.1167105881707,51.4167464819123,51.3971537633403,50.7567802675556,51.5588629239491,52.0529223046126,52.2265454255334,52.8467804884505,53.0215096951784,54.4960028815139,55.1118075563725,55.4995378744441,55.968172717611,55.8834866590984,56.3064335817629,56.2949127591445,56.1522122572372
"37491",50.8401211603109,51.1197552010379,51.3521974515166,51.6603108421097,51.9577224324189,52.235847800575,53.5028694927196,54.7391484701805,56.1552708571781,55.5804478855713,56.3128130875392,56.3881948471177,57.105177414012,57.4898140871206,57.4747240022271,57.4727558167364,57.6450540665661,57.7975435853394,57.3481463055221,57.5930152340153,58.0087508004282,58.7981397729056,58.4954379326293,58.3936967972365,58.1926326964411,56.9222572573289,55.7488081738845,55.5776596954852,55.3448137826016,55.0026977244457,54.9280240350248,54.5620117200969,54.8221577897899,54.6226555794602,54.427043632843,54.3532792215059,54.1517762694158,54.4334636014428,54.5533979510847,54.296251694564
"37531",76.0632030235297,76.5442486056868,77.2774605396895,77.9903512926166,78.8328540392931,79.9094073222524,80.4907892168566,82.1477092391067,83.9301351580643,83.0242838202272,84.103608662416,85.1155641549864,86.7620505131715,87.7040218963278,88.1764802534716,88.7406547311748,89.3801600287731,90.1441195332471,89.7349969933114,90.9752607815854,91.613301917061,92.3628357733747,92.0186517759269,93.1483249091086,95.106161967074,95.0426267880509,94.0067330720837,95.5670628326746,96.1588275524295,96.3177854557282,96.8599591759745,96.5401534858001,97.8838637362767,98.2239107042096,98.6213484208995,99.0747764819653,99.5632172246818,101.2543204624,102.098250919407,102.148932340619
"37551",8.61817590305186,8.6791161688529,8.73497332376489,8.78699082349445,8.8402887803739,8.90148222001854,9.07049376968227,9.44049619596324,9.93223184475766,10.0804098326933,10.6262099302575,11.1315132280756,11.8001951735069,12.2607379513733,12.7247560053643,13.1401116069678,13.6362877635998,14.2398065310889,14.5062372263816,15.2609351516175,15.8630925938988,16.8133362494331,17.4055305362832,18.7513136380031,20.4501111144854,21.0604287599728,21.3199604265596,22.9682498714657,24.224129755288,25.5359079181239,27.2362705758079,28.0943334275771,30.0330877892581,31.4443378191407,32.9050205687286,34.0319567443461,34.5853465156239,35.8045535116811,36.5969699179374,37.1125730218117
"37671",56.8249409554722,57.2173030384378,57.3179878971798,57.5679993277781,58.0220992296837,58.7929593234576,59.0807178502279,59.9990105850067,61.1945566612714,60.416040618575,61.313199841348,61.7770692646624,62.8717156804246,62.935682140944,63.1518439633518,63.3072781944528,63.5872264095077,63.8741478966368,63.4317821261249,64.1889858944822,64.2499213796628,64.3467496283435,63.8450053235133,64.5353481596774,65.4690479093982,65.0469279480972,64.3081730991087,64.7504655936213,64.8509521454993,64.7910749793221,65.3579692389105,64.9716743962304,65.8466557104975,65.6051543617695,65.8776925701055,66.0476164107281,65.8231864276254,66.6200554955253,66.7105253655439,66.794916749469
"37691",83.4685003324554,83.9973834032252,84.1921453298499,84.4734545208601,85.4032542277286,87.1820060983939,88.3873935304176,89.4686026334206,90.7331609549461,89.413035695171,90.7997436448273,92.8115654064263,95.09145165023,95.4749836803828,95.9451710740786,96.1912537593459,96.6766881875361,97.1272078247417,96.1162572592794,97.2366782575863,97.3281324279318,95.7926164539987,94.318867014137,94.350388451366,94.5415097289187,93.5106563937556,92.022171919131,91.777546698586,91.2647168137777,90.6697151881614,90.5173468224733,89.5314891819551,89.9582324730638,89.2408239036652,88.8879342853966,88.4988461350771,87.6837439992154,87.8597597493498,87.4263518023013,86.9755617458834
"37711",115.879871134935,116.738294426565,116.885426631184,117.260740169236,118.482468505584,120.620043842323,121.870668656841,123.666611870041,125.423466320379,123.544858913204,125.356857014277,130.263299488895,134.354808334944,135.056146281677,135.714219374544,135.978680937128,136.251516637976,136.556678378727,134.595508927872,135.548973888956,133.992028992785,130.67704935623,128.125777437954,127.542198793923,127.24639627229,125.829632968666,123.682122949254,122.918694244808,121.966102534205,121.071408740748,120.615785447609,119.363145256528,120.021969301243,119.122534962845,118.662700258088,118.275789223167,117.169464733776,117.163152471767,116.39997075958,115.627604654599
"37772",36.0656380567032,36.2864901207666,36.3912997938893,36.6195124794791,37.0155842807735,37.5779774466408,37.7525505364413,38.5950468690545,39.4740182662931,39.3896094564462,40.1857993143031,41.6398219132264,42.7233039745701,43.0815143365581,43.6247355190541,43.953100855671,44.5319263518397,45.1937185030718,44.7838030516104,45.3880514524289,45.4253456530776,45.4681294836967,45.0802934244376,45.5678719709524,45.9139793397326,45.7333790933207,45.2790580224642,45.6041945457432,45.8990468657329,46.3504603652759,46.9415531254026,46.5179380285148,47.554715570023,47.786720968218,48.107850450821,48.4499057591886,48.5665618626496,49.1748357744516,49.3738659418939,49.2646256851827
"39191",58.8881956875327,59.3001204871312,59.9828714189119,60.071421036809,60.1418036315039,60.6838530937214,61.4454597878783,62.5811358361487,63.0015492772589,63.1102582305414,63.4300461909806,65.4328444178009,66.5632373912193,67.5260208122774,67.9210578352665,68.5400283295618,68.7578929677373,69.6846742995715,70.3700936905144,70.6682544894519,70.338906795008,70.9312467154001,70.7360227422559,71.3087488810659,71.7125592447374,71.2526266477755,69.6376772063422,68.9549150232459,68.4351843868624,67.7383713049818,67.3614844597388,67.2186657723611,67.180097069449,66.8136199201368,66.7868007102758,66.092383258879,65.9370143657489,65.8801609610938,65.6658781182861,64.916475087996
"39251",209.818153346616,211.272130014312,212.547033468702,211.733586031027,213.390689033983,214.949103355189,215.997779229695,217.058600231633,218.956336195984,220.21256854736,220.931203287109,222.373109588894,223.628405180721,224.732380984219,225.529600127363,225.763868793479,225.976572028293,227.894823230912,228.453914232753,229.698188220757,229.158176929346,228.850780302278,227.68609361719,229.276542749305,232.295338929506,231.903686306177,229.132797013318,229.965512119587,230.887975829651,229.934110037048,230.779934546025,231.404674799036,233.631409248057,234.319716051628,235.431016733235,233.504924221636,234.007275670298,235.007106418725,234.84533107266,233.359242879561
"39273",23.4557244914753,23.5569957255419,23.7985116254482,23.9458843658992,24.4069198678761,24.9353594692569,25.5432682332759,26.2899488500732,27.3747908918979,28.3536006042967,29.4133767930311,30.5418178029671,31.6318068714477,32.7165430977537,33.7596995024854,34.6446114231327,35.5910785352915,37.102937732765,38.1358739651266,39.7058633422741,40.4468323142749,41.9001232955802,42.5233951424597,43.7908802699746,45.7100231464201,46.3464479208683,46.1782279110953,47.4977927860293,48.8220300617905,49.41988425284,50.649723065531,51.8459049669127,53.8163118013936,55.2640900699758,56.8326937498293,57.0675056531185,58.3924668706896,60.5853731741075,62.1103680156891,62.8455688188722
"39311",45.9040722080324,46.1152890392277,46.4660152765342,46.6853811337422,47.2959921263517,48.2263969693896,48.866726180946,49.6823810831852,51.1141688964291,51.8030019374206,52.8184627697294,53.7909519189818,54.9497368671843,55.7040524047688,56.4476713914405,57.0026765879737,57.5574014851032,58.4364856288279,58.8329581482191,60.0423729921039,61.2895011952879,62.3577596828535,62.426045700723,62.8511384619025,63.9852795550772,64.0415480241134,63.5342550994891,64.5106471569581,65.6013333380122,66.0754308165217,66.8668251700484,67.6059206177311,68.9177745696146,69.6739431982924,70.2850779801254,70.4244411289305,71.0128765018647,72.1055679321002,72.5929296114185,72.6399049547625
"39353",69.6404323792653,69.8942037200034,70.2152154138837,70.3686138799726,70.7821328225786,71.606713251283,71.9937466362785,72.814198678628,74.2392338631928,74.0534227994905,74.6856590649046,75.7463973675719,76.9622357370186,77.6605839002671,78.0371493807292,78.218887489322,78.272745009446,79.0723092268731,79.1337500726891,80.0091268156856,81.0198595939881,80.9364111422684,80.3588037820032,80.4894105368697,81.0955976677216,80.0342696168683,78.5488196994436,78.5802683666149,78.6854319598994,78.5536211447573,78.5040002315843,78.8783765838284,80.4791811253862,81.5526258204956,82.3512730533722,82.8583570390649,83.2034276757297,83.6386309369156,83.0890659446177,82.6117889773637
"39531",82.0769496089596,82.6302221146732,83.3024765876648,83.9437742537431,84.7323252740503,85.7079070457248,86.2747455211272,87.9666271062395,89.7870253663722,88.8849784433341,90.13575649994,95.2830650955707,99.1352944808644,101.161670810903,102.216920518519,103.124587824626,103.875783178521,104.586065400023,103.692822821079,104.867823682565,105.651120875241,103.792263556709,101.751735306741,100.507957039893,100.271600650931,99.1388870297992,97.3696442954914,97.0336725126461,96.4985422091397,96.0551849803079,95.5235309286441,94.3991625401162,94.4407528406838,94.1122769367302,93.8853873498191,93.6686371144162,93.1028677229832,94.0295659742259,94.7810680749856,94.5556257182564
"39551",96.9871484375155,97.6692337724566,98.3852480772473,99.0572259789087,99.8949309269655,100.817690497393,101.34139191988,102.804477667238,104.520047126915,103.393425164799,104.407902654329,109.387557434974,113.472823204599,115.294454146878,116.63024253387,117.294969335827,118.141102995533,119.108909178397,118.23126859317,119.449363533291,118.187914947075,115.354781764067,113.158291670444,112.437613053331,112.379746222949,111.226385057339,109.343072246565,109.022361022634,108.237241525255,107.217346871736,106.408943238077,105.078315156908,104.834432199907,104.166431559269,103.676468799797,103.276993823043,102.649430113712,102.933260343295,102.903488415739,102.213520999792
"39611",15.356053066123,15.4994044104142,15.5761247585362,15.7701852577067,15.9777804406545,16.136984391455,16.3734483671457,16.8304985143865,17.3964097566956,17.4139458855139,17.9321162786187,18.4330207195994,19.2644130245393,19.6475595381797,20.0790649667146,20.5481335626862,21.1688947468431,21.8438493649547,22.0311925596638,22.8868323323318,24.9990825442335,25.1473441971755,24.7666731803184,25.3631144173546,26.3785843760198,26.6333575350545,26.7343439416215,27.7331292826626,28.3778406639676,28.9578313920869,29.7777030293957,30.026781917787,31.3325736922918,31.8032148954937,32.6699918039586,33.4365361600071,33.8550833368549,35.2324894882892,36.2542323419318,36.9362766272304
"39691",50.6972821282184,50.9052506786109,51.0624397700414,51.3277692896742,51.7040801858723,53.2074708987691,54.5556046473733,55.1781735330388,56.2779236717149,55.5617997839398,56.545149646216,56.4563780427367,56.8318488562916,56.6428440775152,56.9051077883331,56.987108631878,57.2921440207841,57.5485498709988,57.034252316144,57.661192014498,57.8282585546659,57.9074151724714,57.504908051561,58.129214555167,58.8508636464388,58.5388876227954,57.8587574524725,58.1702645673754,58.2004902058803,58.1575403872724,58.4788832769691,58.1020858517378,58.8792666344445,58.6360992812079,58.7200778251062,58.766721857446,58.4346036147789,58.8942754187642,58.8385269978706,58.7622161266162
"39711",60.4216649773282,60.7584251840916,60.9710973391765,61.3916178973637,62.2645774740373,64.0694461837189,65.2843325482691,66.2097085162902,67.6292857113469,66.6996155315063,67.8885143289877,68.1701378566762,69.0129060870559,69.0258216041353,69.5185731999989,69.7125640408746,70.1992349321144,70.7142376116217,70.0848275884966,71.191690473166,71.6169135399719,72.9302656900011,72.7554437901112,73.7864121191628,74.4587541901299,73.8449906981637,72.9329198853189,73.3518083474841,73.4444372662122,73.5312701540779,73.9774025396434,73.6566057925309,74.8371371433691,74.5222414995579,74.5954241249867,74.7156784416425,74.3149572426552,74.9439116891964,74.9474389372167,74.8611085294826
"39751",79.1066139573444,79.7719977225162,79.9889464217416,80.1402408369873,80.8566139366829,81.9083675932747,82.1788839562213,83.2712466068579,84.5281869328835,83.7619014247312,84.6987162209694,87.4473205290479,89.3346978339731,90.0784805574186,90.8851754682722,91.211401404928,92.010106869598,92.4955089586135,91.6144104913184,92.5077000001166,91.3235548733832,90.7912778246086,89.7364755725178,90.1673741425606,90.5737756666399,90.50114483691,90.2696812473654,91.7855578753498,93.1075247483903,94.1794654439708,94.6013133940946,92.5168247343277,92.1167454446893,90.4687061758577,89.5398539998232,88.7600640634436,87.7223187198757,87.6115191824321,87.3163914985702,86.5552533320692
"39791",320.309000589422,322.752612855055,322.806079044134,322.62674024919,323.240566131045,323.070405852195,311.704306104478,306.655079913864,303.216105385653,298.341694234367,294.834652819572,291.888341237827,289.200657886813,285.885642406693,282.787943070422,279.499996537227,276.648616213509,273.80071678624,269.636229345987,266.445332615879,263.113021886351,259.712752689703,255.290418192807,252.55848688159,249.898932373346,246.312282281354,241.768407833592,238.402047480288,235.177643361532,232.116223793237,229.474174000363,225.373974196416,223.169337145181,220.365858087175,217.712691827712,214.995328652272,211.904603472377,209.371865153921,206.691215744436,203.574908558368
"39814",12.7929752795107,12.8618287975134,13.0182768526694,13.2733170852047,13.6859181066411,14.2371973944197,14.585297157189,15.2367496721574,15.9811920825467,16.1609940803608,16.865602486153,17.8167801794301,18.8882123002673,19.6541220400856,20.7177169833796,21.7330915842996,23.2176481998322,24.6184898745295,25.2505626354435,26.8605480958287,28.6255214665216,30.9181432119597,31.8022068922688,34.2335104825569,35.9713519868439,36.3822172947395,36.1993570909761,36.8354353168549,37.3285839446291,38.0969796368386,39.1349921174004,39.0817111097876,40.820321365589,41.803457424779,42.737420563714,43.2024801921884,43.1479865692888,43.788956300249,44.3442018004924,44.6126623237182
"41192",69.5133737088356,69.9325676198249,70.8098221706128,70.8708382523999,70.9961769731904,71.4880026712876,71.9131146277005,72.6718105309042,73.6667400190511,73.9394124567745,74.4265262349823,75.0352052718149,75.4928311700066,76.0883761501638,76.3806350190369,76.6837951703655,76.7032471453903,77.6879131930807,78.6762214704577,78.8346803583088,78.7641299698673,79.389899560415,79.553592303976,80.7980753719024,82.0568870035653,82.280732519038,80.7935148417701,80.6134058651953,80.6799069685727,80.3640739003781,80.5771177899233,81.0350351271255,81.7882496500306,81.7379619832811,82.369064706672,81.7177516775749,81.8816154623267,82.2915717734193,82.412694632407,81.7470800851677
"41333",99.3897348831344,99.680510860342,100.134085507399,100.309373316215,101.126686548172,102.309338207796,103.149256224238,104.219791743714,106.223167793411,106.489944561124,107.623108217435,109.24429237476,111.249255787801,112.474834550792,113.806119552698,114.110904424499,114.474042509344,115.668086915423,116.177064667183,117.713741653476,121.514889833444,129.106395367641,130.140709068742,130.515238857383,129.012372166569,124.164427248849,120.823862117939,119.96739611752,119.265677373948,119.134366798134,119.366488927393,118.745742674339,117.915922596739,116.801953003352,115.92592529388,115.001339192156,114.20469863182,114.782965615715,114.931472936692,114.33382107502
"41374",56.4330797403032,56.6207837636768,56.8368165120778,56.9201859148268,57.2435301715658,57.7316903417039,58.2479311436438,59.3387057809424,61.0929364302499,61.3022013686751,62.5727387933168,63.633227187418,65.086571020639,66.2038097260467,67.2103254807415,68.10223234554,68.8982410105306,70.4081036018021,71.3158039488122,73.1236952424125,73.7161836025696,75.8403786705964,76.1310268585526,77.2590280374045,79.5831550660474,79.6451417463796,78.8507164964287,80.6480037874684,82.8711030443326,85.127469894613,87.1119410110336,88.2099194737107,90.4104157062291,90.5552137499232,90.2520750783906,89.9625991208565,90.2038810512995,91.0913388139872,91.2883055633138,91.2323968389661
"41391",67.1136446463146,67.3922787441697,67.6723315569989,67.8137843980405,68.4070699475267,69.1991093315805,69.5950712134383,70.5185074993444,71.8639298271714,71.4935007026664,72.1914085978408,73.5481225483337,74.6169685738009,75.4575154791623,75.8962118946199,76.2267475244336,76.4345061662886,76.8410930059002,76.7018538768629,77.5507792622108,76.522811047556,78.1803854015156,78.4627417855251,79.3889649071949,80.7750538748087,79.9940653530228,78.2055133684901,77.7521864318367,76.9052994101626,76.0830908014339,75.5241343049796,74.874224163425,75.1270566324552,74.9372400065018,74.5278668678767,73.8221056217821,73.1591992078942,72.8622084381512,72.4096661117346,71.7594297459127
"41411",35.5670833672278,35.6910706200969,35.842894197631,35.9978505222819,36.3522361643062,36.8668921941722,37.3683647742461,38.0422128336471,38.8512588668044,38.5645407953245,38.9174825182689,39.1424271807862,39.7057882851133,40.4210784601623,41.0491538530895,41.743850961966,42.4823190741552,43.4633585612938,44.0487621325498,45.753325399158,46.4330593459338,49.897090685216,50.9669963783554,52.2344655097068,53.587036694262,52.7888266867339,51.5969068838182,52.1284927216859,52.6162589607223,53.0121914759471,53.5309166328092,53.8472866693493,55.1465614181876,55.604300614966,56.0561795166361,56.5911441659729,57.2188414320858,58.4220370012001,59.0903562734072,59.3926046417503
"41471",93.3457872850364,93.6083141810922,94.2810529408966,94.9557633705178,95.780520216178,96.8045571956567,97.9809329736523,99.7181524339068,102.33918738072,101.680717163598,103.478718932715,107.202353937291,110.336463297109,112.30359657295,113.571631489637,114.37515607344,115.432058982309,116.143861531996,115.852554715538,117.522909713774,116.95687851777,115.724909311141,114.97505643489,115.251515350759,116.526004216167,115.562132726924,113.962628129766,114.625647389121,114.869752838049,114.525281134472,114.79402575811,114.456646173639,115.577346101491,115.549978060184,115.553063574246,115.601318887133,115.167177539664,115.61623529077,115.5160102638,114.81898094954
"41491",79.1634571664561,79.2651797962077,79.9716872667244,80.7412729522633,81.6054180250142,82.607078001874,85.1055990610723,87.1724660049141,89.3888876486777,88.561019688119,89.8371888708397,89.1560975433994,89.5260594156945,89.9263877199095,90.2297972769007,90.4253780721353,90.938951836116,91.4421372472755,91.0848159237017,91.9563308614134,92.2611600248733,92.7234880727292,92.6106657264277,93.3676570933345,95.0014592087934,94.4538953464164,93.2982330158248,94.4010755248161,95.0348496062251,95.2523935803116,95.9769337430533,95.9885892228704,97.4407938787773,97.8184761362521,98.1330975638893,98.3774966005002,98.3777132809095,99.3347835008382,99.8211914991335,99.5449202147946
"41512",135.681157383049,136.050243147859,137.171659748101,138.336754665925,139.692319824585,141.255062493947,143.119448779571,145.945697373106,149.564425531365,148.907466006874,152.112157423772,156.83868436868,160.720492564039,163.351398693517,165.29845243881,166.44413665398,168.154247226254,169.437855460576,168.412555044937,170.373615384174,174.483527430905,171.765590013333,169.972731712269,170.807093833679,175.733733493795,177.707515401846,177.978400883867,182.928096043239,184.762674591686,183.964758470046,182.373936303606,178.236408749681,175.661330721188,173.532708503153,171.913468529057,170.487063792948,168.867637953549,168.100344772415,167.064693430061,165.137144116412
"41571",75.9118593826464,76.5006532942327,76.9737052289646,77.3766697521168,77.7684745376638,78.4124112085282,78.8218487832546,79.723808776259,80.869631486304,79.9730396860737,80.6277915379671,82.6393052555145,84.7475201305196,85.4580764497998,86.2591758266295,86.6736006427344,87.3694401054892,88.1801868386379,87.385344732479,88.2609777533374,89.6150421761397,88.1928950230457,86.79193492634,86.283145930217,86.7329132865535,85.927909530122,84.4473614967498,84.4541919887836,84.1210733747331,83.7593874400467,83.6730008345819,82.9546010313966,83.2643263250772,82.9726575557624,82.8631887105273,82.6701299073825,82.0971871518952,82.4947701124297,82.6261134904381,82.222241350829
"41611",30.9513511011297,31.1757304000437,31.4238896816196,31.8567683674114,32.3376025096557,32.9140349961238,33.3197854613352,34.1862497490119,35.1892483945158,35.0057806341797,35.8163363022829,36.6718977034296,38.2267052983074,39.0175858401028,40.0377907321122,41.1059853354426,42.536853023096,44.2952611114909,44.5644145950276,46.2827445978409,47.3148772184678,48.7778225320679,49.2129740134416,50.8721185149078,53.1766906991453,53.4113847339892,53.2237623238658,54.905949827153,55.9869994234134,57.0068503706806,58.3688840269481,58.9778053695174,61.1954780183647,61.6753610800321,62.720849462401,63.6920205409007,64.0869077278142,66.0669613101874,67.2356840082039,68.0349645912087
"41653",40.9396162159982,41.3064244641434,41.4372556349341,41.6911494332971,42.0918421140726,42.6009594073307,42.7313986462354,43.5459485127343,44.5148728289249,43.9752112187893,44.6392510034368,45.1445097243934,46.0504616459656,46.204997801228,46.4309821005765,46.7459841302641,47.1187241367204,47.3331119078263,47.1056318818548,47.6617163495493,47.7039232521486,47.9189229082826,47.5745847010693,48.1940879343798,49.0508596360192,48.8518047118405,48.3141872762498,48.7002843327955,48.8381129078905,48.7769870635646,49.1305639264252,48.9063205158117,49.7484778198651,49.6816985042353,49.9453122907922,50.1004781417852,49.9213011849494,50.4973464272143,50.6038053321933,50.649926034491
"41674",29.3209438937734,29.504052467094,29.7596112619685,30.2409314662161,31.0735162574255,32.1351809781248,32.6687096807269,33.844466293361,35.3418324847468,35.3127570917886,36.625849749305,37.864213621448,39.637210321821,40.6000173905433,41.9164962663987,43.2711691555019,44.9293216471134,46.1377626119489,46.8606688037934,49.1696775483408,54.9733592249345,71.6764837667184,73.6068342065242,74.8864572235304,72.9252653527238,67.8555536156971,65.4935495990922,65.1323528834211,64.8130912175435,64.5999368627899,65.9992410065749,65.9800149360102,66.2662643723478,64.8097673654762,64.324368345729,64.0282540182765,63.5038648186556,63.6937001252025,63.4927172151275,63.1945844570784
"41711",114.450335043659,115.513347098992,115.578875994364,115.435757956092,116.111058519541,117.028527455493,116.759283250855,117.165195401106,118.133510590232,115.966614648696,116.112866795581,114.261582475594,113.590299804722,112.62100111189,112.090892087044,111.351625214717,110.805842565985,110.259118103994,108.678688218045,108.411149952904,107.795488746679,107.471039649838,106.227858267648,105.643507188997,105.348627665733,104.460812315402,103.157675431235,102.747580621275,102.182610156502,101.570544965359,101.358880122176,100.353380770449,100.980731147715,100.30189234654,99.8253681692957,99.876186275836,99.4320743993353,100.055733305634,100.034193274071,99.7639769372966
"41733",62.8012298194808,63.3487816871264,63.5103171966737,63.5249026235908,64.1316552025414,64.8628306105908,65.2582455955595,65.9531556724726,67.0449411019808,66.0656355765064,66.6914449036475,66.9267919877531,67.4964982392727,67.5222002911371,67.8306302761052,67.824041824528,67.9880236773589,68.23344515805,67.4086422292492,67.8916828035987,68.1311305662731,68.1277404065025,67.873820104118,68.7233229639455,69.47779130025,69.6474441389168,69.361152329249,69.6695591427132,69.5229843532941,69.4588571501894,69.7408400099888,69.1760067547614,70.4380888469162,70.8418636451027,71.5054967588387,72.3398488066966,72.2459968342613,72.9163012339152,72.7896630222737,72.6256022384203
"41771",5.14848950343383,5.17849258782185,5.25066421028366,5.33869592576746,5.49804465771744,5.73849181661826,5.92348216269267,6.22530539084199,6.6039703508483,6.71001125426843,7.11521750304931,7.68454670175965,8.41362029568876,9.11567798288346,9.94537249834517,10.8276321050469,11.9396194790977,13.0603582624935,13.7339080055624,15.2023299606093,16.6399379299252,17.8152104775396,18.4914635327382,20.4221989964194,22.1296303577106,23.0283126051595,23.6811622624578,25.3315492386612,26.7471071418006,28.213138394606,29.9129363602768,30.3076550634897,32.3971348958839,33.2564265128471,34.4833065137537,35.913956008372,37.1873132700649,39.3302147217775,40.9444652008471,42.1183432223721
"43191",78.3266542874636,78.7762953646073,79.7343333633301,79.7684210307481,80.0756869786646,80.5326269835435,81.2020872852463,81.9207691252933,82.9185022572942,83.146080795032,83.632311136997,84.7238193598917,85.4977114261702,86.1594117422733,86.5808300288877,86.761121438504,86.6097559795315,87.612702473397,88.5183775351519,88.6742002343852,88.622473422554,87.5009671130918,86.8094109436456,87.0167710648306,87.4941870290495,87.5056932984767,86.3421081534897,86.3138046737179,86.2572508431257,85.6868672664581,85.5510908609386,85.6004161061796,86.105756356692,85.9160243090856,86.239776564581,85.512771530862,85.5573616670792,86.0589282037407,86.2363622897498,85.5845474260379
"43253",56.3921468837171,56.594062130127,57.0431451322586,56.989092076286,57.3341009478822,57.871724569265,58.2055724233603,58.6335053923626,59.2677083775497,59.5235917571748,60.0084076379259,60.6313242982953,61.2095283993448,61.597371331534,62.2355659645271,62.1258426520754,61.9962302175913,62.6400488141382,62.8799017220524,63.2318996333289,63.0787945454425,65.3019829864964,65.5554788514083,66.2129190735782,66.3077218491672,65.2085555700383,63.3947070729361,63.1511103155455,63.0523662591872,62.4750612154262,62.2929774094151,62.0546821105762,62.3857678149666,62.2368367045911,62.3949403561599,61.9428895075356,61.761490029959,61.8926269644767,61.9007198675182,61.4829045876432
"43333",76.8935728471135,76.9745104870364,77.4432089560275,77.7721884344721,78.2909087881102,79.3838766781166,80.1656615537879,80.9391171203819,82.4357915753158,82.8615501351757,83.5128474880037,84.4123341100971,85.7111238905184,86.3459530316632,87.2627071328455,87.5562047325323,87.6577639045648,88.1281521280162,88.1448600935982,88.7421846482733,88.3362894204386,87.81317595193,87.0407511952434,87.43685533582,88.1986543515432,87.5266971618799,86.1654927426276,86.4893497892185,86.6135627209553,86.4638495134558,86.4169470691258,86.4796772567168,87.5563968583186,87.6846387769398,87.5379846677512,87.0583757359385,86.9989493521114,87.4582114112417,87.51387736597,87.1106069230543
"43351",33.8725186694123,33.9629754417241,34.0688127933696,34.0218178897484,34.1361745705554,34.3160297003666,34.2543560471681,34.4233705800201,34.9174236775224,34.8361626780507,35.0281083736593,35.2846677495631,35.7683830510588,36.0658077843048,36.4367536360019,36.6562921080039,36.889047819661,37.41543998114,37.7414970997722,38.3420928218214,38.4412147743665,39.0525015563017,39.0456606080361,39.6362687582294,40.4177036105641,40.1653947520266,39.5984473859763,40.1731195343632,40.5767582915022,40.8743480073053,41.1741699668507,41.4202730558273,42.2894643937273,42.5945185529743,42.8478503699052,43.0215943812095,43.3531088208963,43.9438499216028,44.1307549740628,44.1591080081472
"43371",97.6780245825259,97.9807568451275,98.4183818057105,98.6748510696878,99.4775773084475,100.573703462964,102.316755446528,103.888872817542,106.203110716249,105.680708771442,106.364494604979,106.053393432842,106.478345326303,106.713953220988,106.950276238353,106.892536918566,106.789459323678,107.220965305514,107.086959577972,107.667665097023,107.318731713861,110.237644509742,110.651520832617,112.399671957164,114.643814106461,113.512228112488,110.911734384113,110.459257545218,109.161560449855,107.588811819787,106.351468151916,105.243511063401,104.984047803854,104.214129236956,103.381758181343,102.518855717918,101.863291118345,101.675610855294,101.257457832829,100.435796741425
"43411",120.963771290243,121.484622070367,121.702163069736,121.833801701918,122.235738612648,122.827751746368,121.791521751078,122.012523321288,123.041203995856,121.954184599074,122.351364321356,122.692775627415,123.000107710313,123.278073924554,123.270937604496,123.083550890864,122.696560170061,122.683203321242,121.907751147519,122.557536752273,121.973423588196,121.750969796494,120.869409586459,121.087082080544,122.04420258942,121.083435224885,119.255943150204,119.407617472769,119.328576089467,119.124693311124,119.014808033354,118.644174525228,119.657461624483,119.464122346727,119.209147538766,119.06311926425,118.811189381421,119.082020864164,118.764228039412,118.035963914622
"43431",140.907911445174,141.416269523663,142.04741177353,142.608084252932,143.358144294508,144.525606418525,154.624704274724,161.373200771341,167.791817729695,166.263711055976,168.392341315953,159.481570905316,155.047226483527,152.321722642657,150.194609659107,148.372748954876,146.555023526043,144.946008072903,142.904431097991,141.699148039823,140.009665344074,138.510721326774,136.416877002681,134.993615260537,134.191061744291,132.656267080222,130.475544955697,129.529132703871,128.636055058923,127.607279115006,126.764997702779,125.64479884172,125.544005728395,124.701567533597,123.896167324881,123.258271475128,122.510599359484,122.433159826455,122.028589438932,121.042816973466
"43451",62.9102698609128,63.1234061139894,63.4808953215082,63.7458936755859,64.0952331050635,64.6360998843478,65.086633106497,65.9091506353068,67.2228538617503,66.7728227649523,67.4867842652118,68.6208679830022,69.6719196878672,70.3056187157336,70.6689811639072,70.9864569646253,71.1432324325353,71.3638519025918,71.0037064516766,71.78769115876,71.8356493017284,71.9890972881354,71.594376859328,71.7765001360981,72.3508642939738,71.405500244941,70.1569514453812,70.2421438124241,70.2558941950303,70.0196918791699,70.0372377721673,69.806881440059,70.3941650869999,70.3249134490262,70.2363945793028,70.1862086331366,69.8926258114836,70.1528998889295,70.0821953005544,69.6337672782421
"43471",83.7678341356728,84.0964555951693,84.5105048591236,84.6494845031435,84.950516983399,85.4325613595382,85.5883258917282,86.2120627681474,87.5101767281324,86.7481413752902,87.4242463946661,88.9373285336202,90.1603575861118,90.7563649838596,91.1314358168294,91.2485540514563,91.2912589000423,91.303874846007,90.5375833551305,91.0578191693887,91.2390095557566,89.9847881507692,88.7348169405312,88.2646250837746,88.4998827448777,87.5745047341648,86.277679606079,86.3217665018598,86.3209917747042,86.0006719497908,86.0238831095222,85.6753091916315,86.2175330358183,86.072409599946,85.9348784402547,85.8129487813015,85.4451532024367,85.7653514358343,85.74857339613,85.2057008129426
"43511",108.501452066193,108.828890221093,109.645287786201,110.401636898271,111.245263034748,112.397423343587,113.470164879655,115.459781882414,117.778102900847,116.712422005646,118.583083101752,121.019775737994,123.152240293744,124.492277095318,125.802127302067,126.348430089768,127.20575723155,128.008876605366,127.005078018803,128.231768446646,129.837110623384,128.595591689801,127.51524100969,128.039425176361,131.917480602348,133.479659012675,133.934211461556,137.698585119854,138.916717808159,138.082099046866,136.479483321561,133.476600970278,132.065954388088,130.714740704768,129.623624761665,128.558708217996,127.335268302753,126.702859204888,126.042505705903,124.589622367944
"43531",46.5990385902127,46.8615222019035,47.3073955745534,47.8994562092687,48.6344426281688,49.5361790843955,50.231664445983,51.3950844801157,52.729482769215,52.337385149099,53.3914576811147,54.2698271268419,55.3168617859152,56.0026838769019,56.9887746343421,57.5435459813303,58.3112734700626,59.0266628961341,58.718675912935,59.8235249712746,60.3876224910425,61.8721146919346,61.8629944642802,62.6158652710048,64.2992257920067,64.156440465403,63.5057946195597,64.7338842904119,65.8673228564586,66.7225207204001,67.1958893658463,67.2025012040413,68.7425462722188,69.5070500792818,70.1748671476354,72.3954164091194,75.8716527669125,81.2295710081452,85.821252571503,87.8474308282967
"43611",85.088808845529,85.6938662398698,86.1397066143595,86.9786645847541,87.6109920198022,88.5219948806598,88.7699613847546,90.5777616939893,92.276486246314,91.1912687081297,92.4456565902548,94.6169718237796,97.4180584591509,98.0762900316878,99.0764287929956,99.7499600479369,100.965993530228,102.682170606745,101.497311940732,102.319554131484,102.603204596468,101.303017489947,100.12419167324,100.679991681394,101.944184187462,101.168090977799,99.8097806211736,100.303757399885,100.245832135798,100.070393258955,100.145663713837,99.7362006970487,101.016090177406,100.725716489293,100.854960318926,100.827228353069,100.096924775893,100.909968002199,101.004498993349,100.790463280272
"43672",53.1015021551727,53.5629865340785,53.7820538710193,54.0962315585514,54.7070493571868,55.374610736439,56.6843800448427,58.0186360013839,59.45388799709,58.5582759901921,59.2095091686116,58.3724145751034,58.4611235097029,58.239723660888,58.2935658788173,58.4202780743294,58.6147106029662,58.6984333132,58.2927621919608,58.7223449960413,58.8262393139703,58.9917665343549,58.7114192026019,59.2145379514811,59.8886180493003,59.7722722292153,59.1428307179645,59.4242160313595,59.5144523978093,59.5384213631294,59.9008070555133,59.5703720671282,60.5629871533575,60.5097697756434,60.6699475382422,60.7712933079695,60.5948066694619,61.2207292966373,61.4684724505399,61.5668558519756
"43691",95.5765350408746,96.7023285792183,96.7649999261044,96.7592566759338,97.3755695523655,97.8697206993109,95.9290269437467,95.8311469826215,96.470947016038,95.3250120309253,95.9181443206034,96.3513430402044,97.3844258129473,97.9055919983731,98.595432436312,99.1100207215833,100.208901532187,101.156048406178,100.73309184713,102.433162361255,103.471333575013,104.442255076668,105.158277467278,107.260984451095,109.414787182342,110.617928817066,110.086916480591,111.30115747228,112.1154330904,112.739909419997,114.108827407861,114.208025204685,117.543868565499,117.67978444797,118.388154183492,119.587662846768,119.993997342208,122.455108712365,124.081776896977,125.15913791699
"43732",25.1210185181482,25.2838146353397,25.5412948091147,25.8088247150194,26.4088354360467,27.1880231073188,27.7570692015811,28.6822453405076,29.9454289415409,29.920689211285,31.1017582564427,32.1444429443476,33.3487564292582,34.0799092617005,35.0878093896482,35.9483172623924,36.9537368791598,38.089319422744,38.1318502784458,39.5147271243712,40.6730534208119,42.0756225976302,42.5975353841261,44.1362092676472,45.3987428706882,45.4888439557542,45.4230822863566,46.4034858089923,47.1478690470293,47.896698523215,48.9046953380103,48.969219884655,50.8387308019816,51.349778769292,52.1293529538704,53.0436809979314,53.4688209644984,54.8461347350439,55.8606691199526,56.579027802652
"43791",13.3561056224931,13.4553984900587,13.5052354245508,13.5305660915022,13.6359185020729,13.7997445161225,14.0711397376795,14.6533598790416,15.4785238191357,15.8495370864086,16.7514708815476,18.1086613248462,19.781039728875,21.2867016537563,23.3151430903495,25.2657702678602,28.0030490390313,30.7147111400816,32.157004671785,35.1785399920346,38.8511383468486,42.7518338139377,44.3479186261923,48.4484060913724,51.454665825789,52.5322969125533,53.0258270265155,55.3188125204268,57.3622000937412,59.2744688618878,61.7588827875782,62.7634963723683,66.4433954619857,68.1900269661188,70.384571849269,71.8266513661229,72.5810466859,74.1474483413135,75.4744309423866,76.6551940530018
"43831",7.6651984835143,7.69622492336828,7.8134924498863,7.99312116912442,8.30693530032554,8.73052535162848,9.08595899318471,9.68458784632284,10.4199278534977,10.7152487741286,11.4024844680226,12.4495537686201,13.7471496619358,14.8092194924005,16.2790375755799,17.7180662168318,19.7262638658732,21.5919309877543,22.6718315385056,24.802947981315,27.3275258177359,30.6616672477428,31.9059154029515,34.7716982356568,36.5421883565153,36.783098279163,37.0924844365836,38.7730587661503,40.4295981917823,42.0776492047311,44.0950704314815,44.8714171462828,47.6887367538484,49.1939203492543,51.0402213157141,52.5903196418171,53.660365535503,55.3716520509147,56.9398860347939,58.1994096162242
"45192",13.7640923814758,13.8366110580591,14.0843775463132,14.2610109298058,14.5925303637596,14.9578252895007,15.4441306572683,16.0289615232291,16.779443380482,17.4345604014352,18.2761506392294,19.1109671929745,20.1105297877683,21.0777635160521,22.2367211664691,23.2839302859424,24.149346587122,25.9317152784414,27.4646195398487,29.0380763446177,30.2962930562363,31.4279707363002,32.8467234666514,35.3384656623666,37.8418539210733,39.7333080634074,39.9183347144941,41.8808570055967,43.7291324492007,44.741968001601,46.5702704144703,48.3421700713359,50.9621533645194,52.3183015324263,54.2859403754083,54.8871939773263,56.7260926658209,58.9792419372148,60.6831475546544,61.2817974312212
"45211",31.3378605064931,31.4851129912313,31.9658720851726,32.1824715206474,32.7420086606436,33.3412826576128,34.2459885348954,35.4193313333687,36.9330392509577,38.3627165101763,40.2195844143955,42.2077337662688,43.8601382211288,45.1044791923803,46.5683452832284,47.3781509680186,47.81680900455,49.4657389048991,50.7504029419503,51.725502276311,51.7159655921524,51.9864585453812,52.2987206291319,53.6262913912015,55.1950364822609,56.1097754121405,55.3572569598222,56.3403884888668,57.37464988876,57.7633038906999,58.9217896916881,59.9078458391896,61.8161668634919,63.1882414688416,64.7564696378333,64.2415445765435,65.0965815503277,66.4741756934744,67.6328941157019,67.752508936082
"45231",71.7224183074234,72.067397200389,72.7681223335926,72.6228765972181,73.1038382297685,73.675114319637,74.189118572977,74.8149704608224,75.532340843036,75.9520535984463,76.4669620872273,77.8394090947467,78.9644953528724,79.6699227644422,80.624468906743,80.7320963339825,80.61281556511,81.4347507812771,82.0404566666289,82.4788134909813,82.0496044076232,81.3875603648488,80.5902938995941,80.9971857405293,81.5241460409384,81.5400992179162,80.2582284635123,80.3499215666934,80.457956532857,79.8272995893616,79.8269462432049,79.651153153974,80.6041538567815,80.728074140819,81.1147746375396,80.2062433813174,80.0930884137247,80.3085908851478,80.4038292874813,79.8124225615822
"45251",3.03820913911401,3.04957820557075,3.07694304023953,3.07378918263009,3.0844252192462,3.10810783218655,3.44952902859586,4.12758947536554,5.13251340707291,6.3197677193272,7.88900423102478,9.57064022144888,11.5086808933232,13.4048693101905,15.8683270184669,17.8305205145281,19.7441055739559,23.1786057268286,26.0832421873618,29.3620807459165,31.9266636956596,35.2232459840767,37.722728069003,42.669206637099,47.580128402453,50.8973595050088,51.1146029566664,54.7061971960278,58.0004599110215,59.4154708959789,62.4668862089704,66.2453151626678,73.655635330409,78.2362933562982,82.9231445841867,82.9019340591331,82.6845540380468,82.2519366442396,81.2676104643278,80.5005274158419
"45271",76.7212468319005,76.9455405545307,77.6701685929711,77.9321650761181,78.3679210397961,79.3121671132869,79.8517214412252,80.6889148052492,81.8076771032787,82.3160397885129,83.2978141583278,85.9130780711707,87.8509632911319,88.8611394726627,90.3298279352914,90.3952869174592,90.2100151562756,91.3720427155956,91.6269090156243,92.1865002762888,91.1367719743269,89.9809481144225,89.06002623623,89.3702527062703,90.0258180723462,90.1647349196086,88.95899418826,89.174702429939,88.9344753241971,88.0627684987632,87.8846624508242,87.6527931411303,88.3293333781094,88.1825737426711,88.4478232007623,87.9631577372729,87.7469316089345,87.8869248318167,87.9415699620617,87.361071674397
"45313",90.0131735343324,89.9532329178708,90.5337679831395,90.7542474005669,90.8274413074759,91.777738074819,93.2894999468267,94.3948309776247,96.0716995969707,97.181058898763,97.8876185624452,97.2288994158383,97.5147530821037,97.6453439020551,98.1114784535946,98.2387621965014,98.1008990490714,98.2481312040169,97.8094860164936,98.1360870860549,97.7002368448946,97.2137259437817,96.4672957371861,96.7697513469922,97.3114630334176,96.6400705378936,95.1652861798051,95.4092138194085,95.4945934136279,95.1084161601601,95.0397899077807,94.8288435130703,95.5798156661926,95.4936099167336,95.6040928451267,95.1836149923435,95.1852719504326,95.5995816337473,95.5930188091778,95.0221209024593
"45351",190.314206768152,191.001966638896,191.169447615324,191.030474825231,190.668789953533,190.650521790901,186.014677471596,183.52015845785,182.515681366208,180.633580647648,179.331632211319,177.977096125394,176.957620416307,175.669804521545,174.541924315257,173.128711143988,171.616553499141,170.421088137434,168.752231832854,167.597856661326,165.827730467006,164.430770072947,162.244324979756,161.206585850439,160.614000325923,158.709348551632,155.793356949504,154.48400929312,152.98441622224,151.466702957007,149.931654584291,148.339833047475,147.78532761171,146.547618815073,145.271219199723,143.843049149694,142.544133192017,141.646396425705,140.373569254325,138.70708977585
"45391",14.1437350224822,14.1742979077208,14.3100438350991,14.5823485937865,14.9245979499383,15.3670141997638,15.8719022246748,16.5603574118089,17.5929393885879,18.0535423836545,19.1060399493398,20.0090174496512,20.817260350488,21.8340610069155,22.8185010178474,23.7432876623875,24.5661104857434,25.6611614764012,26.4296637340972,27.9681689769832,28.8226511262767,30.1923593253625,30.9228765038021,32.7902369881869,35.15218215823,35.7077536988726,35.6914400703158,37.5578867974379,38.9141729858564,40.2915037320614,41.5164712626581,42.7412251028921,45.3345448877249,46.6453712276566,47.8396830146053,49.0934255512795,50.9373843331965,53.5315656289263,55.1446927267664,56.1153294291884
"45411",76.1773270355463,76.47139404649,76.7610898734107,77.4188242749243,78.221417394714,79.2347081250575,80.5523691426386,81.7702005201204,83.5350923996132,83.1745487915121,84.121334728685,84.6786726090151,84.9730170848947,85.6048573403691,86.1074896929335,86.3323621903244,86.3408350100491,86.6323938049975,86.33380735149,87.1185795296014,87.5194520393909,87.630980043173,86.8803244395251,87.0377677822561,87.5891280429283,86.8128084400065,85.4810608380444,85.7235243970288,85.6846724777384,85.634354919517,85.5328229895022,85.3628782707492,86.286515535932,86.3305904719884,86.3030668675196,86.2872632765799,86.600118373969,87.5851897712157,87.9385593621524,87.7098746156802
"45451",30.3851622295468,30.5427081821758,30.7593167600559,30.9001234450354,31.0731934570638,31.4246314708194,31.6853852351625,32.0821055069487,32.8487171547941,32.7923509315704,33.2204078389507,34.3559377388832,35.1637185730756,35.6670069017568,36.0526477644304,36.4094873797141,36.5592143675503,36.78160970514,36.6078482996443,37.1287214728089,37.2823071473236,36.727190409065,36.2789367760116,36.3900541420134,36.7707868003503,36.4536945375435,35.9774615708661,36.1753769505948,36.3169645501732,36.3781547381264,36.5582088892226,36.6914001449127,37.3985612855553,37.7186906994705,37.9810709132596,38.2733273910992,38.3556249530014,38.8758583295211,39.1724700798245,39.1132826794621
"45471",18.6052029478418,18.6896964487349,18.8946768666425,19.0866072353048,19.3899655169673,19.8617779007876,20.603456045048,21.0830379026073,21.7425439463966,21.5800936119458,21.8315548362034,21.7754639763112,22.1583438185468,22.6778941020203,23.3341827848332,24.0956206608177,24.9404933240991,25.9253511207602,26.5459543972924,28.1485242685238,29.4127937363913,30.6586978039753,31.387439501049,32.920820758701,35.2764194552649,35.6029924178355,35.4834490224089,36.6255468176724,37.7365095430996,38.6715430017814,39.8839425220119,40.8125351883127,42.6834817304919,44.184367790352,45.5075980472681,46.5387961569055,46.9222029509418,48.0544305282667,48.5756285789483,48.7261855898837
"45491",65.2005989042772,65.546935929627,66.0179136452698,66.3044995492366,66.8391782768404,67.7053394671692,69.6991021658864,71.228299760496,73.1851829133473,72.7054820521519,73.7238733405369,73.3640220687455,73.5799268212624,73.7149812501189,74.0044637342999,74.0595044479815,74.2360341392076,74.5581164841713,73.8675400624943,74.294018235609,74.2720429440705,75.8052002313123,75.4757454128013,75.1086359393681,75.6296141668761,74.8362549357595,73.8592762904255,74.294075689799,74.4013421885458,74.5246243524722,74.4627072628868,74.2790027112713,75.1729629524134,75.4325658651506,75.5472152419218,77.155884881282,79.9794354800363,84.425801497839,87.7123129428549,88.9724401424416
"45551",74.6522903954377,75.0599982803304,75.8732065338791,76.8871877440739,78.2899939461437,80.5595389001882,85.9579713183591,89.5634379495092,93.4232929926034,92.2684718397007,94.4840474309806,91.4023318300233,90.9997011900183,90.4751358701925,90.6542065633293,90.6404910666097,90.9733335247525,91.2212766410302,90.424089907751,90.9657028057681,91.3803737972946,91.7953549698039,91.4271394248895,92.1095476926877,94.2494497066715,94.2049202109124,93.2881617402937,94.9235438802988,96.1250575259103,97.4287321169887,99.2402248112356,100.13107545284,102.223075759426,101.516122238587,100.368935607615,98.1816463696882,95.6325183192719,94.1838652581079,93.0404678193934,91.5296013324614
"45571",77.2104852915614,77.7133315089477,78.2056869119087,78.5933542636908,79.0109030260114,80.1248456914138,80.7063311159982,81.6061829790748,82.8889633603605,81.8597017011078,82.6405482920124,83.4392193783077,84.7662048563787,85.0647154799837,85.6019310567236,85.7759428218777,86.4191827630543,86.8568902634251,85.9030776488262,86.3673518813809,88.7815063018457,89.4670109815558,88.4271668436739,87.4351832103043,87.6747579389501,86.8210153378491,85.5682894647373,86.0100054576632,86.147372083617,86.1499062936334,86.4874465584024,86.480207827892,87.2636696018392,86.8004909759055,86.9267632007951,86.8037962412592,86.4830755660082,87.3794627301355,87.8691942420255,87.4938286070753
"45671",33.2390550848706,33.5429990690173,33.6665217378356,33.8451721886302,34.1962135039629,34.5806755953556,34.647562736955,35.0197024510309,35.6942251203336,35.2884583892593,35.6737730672064,35.9936336372015,36.4768514792864,36.5535308182348,36.7954199108746,37.0835329819748,37.3720646314178,37.614684635182,37.4139577567192,37.8712004255168,38.2375608087745,39.595293900807,40.0477272475135,41.1760361595673,42.3730810697524,42.4361854131351,41.8168164388538,41.7610646922593,41.2460678204084,40.9516468482568,40.978957063095,40.6640626237446,41.1293303266802,41.0025414143772,41.0669677801734,41.1261520551109,40.9784363066413,41.2597992588505,41.312668443523,41.2826528343044
"45713",108.610222669033,109.693023346574,109.653564428687,109.280720995294,109.538003735032,109.535286956891,108.339530634465,107.723679905301,107.542426553296,105.398237942626,104.451350612065,102.684740613504,101.839799796965,101.130895372399,100.813810703876,100.615169084897,100.673738710875,100.913602937092,100.162100853997,100.999435132954,101.923385429661,102.691858949702,102.87717866989,104.494627010878,106.144962219458,106.295788957235,105.627258561047,106.586328034389,107.312787114325,108.190880086259,109.649334141387,109.367527138913,112.260598823969,113.137476903838,114.326471247829,115.095892498784,114.510113466512,115.572443559256,116.310489028673,116.715773864872
"45734",54.8789152712905,55.2875600314007,55.6014165423168,55.7934417537972,56.5306669603805,57.3898475973646,57.7749926264338,58.5489102366894,59.705927882192,59.0904651896783,59.8451866482596,61.1803905565081,62.2649246603051,62.6563858740387,63.290083732441,63.6719391775426,64.1253721052522,64.6754149345525,63.9692793209711,64.5021062436671,64.784350924034,64.5888147256744,64.2922634127627,65.1056521439646,65.9661179202668,65.7926293224724,65.2495111816234,65.7456929891161,65.9124684790586,66.1352219551508,66.6491704809896,66.2092814922225,67.4338749352301,67.4727912263804,67.7850526082808,68.2316520623425,68.3726431485476,69.1534198545285,69.6929473449683,69.992514042421
"45772",29.4766280059453,29.6576527786611,29.8933925684832,30.0608773904518,30.5047815457795,31.2112830622693,32.5623804575351,33.678915538126,34.7536437649381,34.4653180556759,35.0129330877383,34.413995361736,34.333812243261,34.2235129007736,34.2744783375098,34.3184114429823,34.4447350809449,34.6392409064962,34.2991168020181,34.3614957323979,35.367012863739,35.5199978149689,35.058180530514,35.031694317077,35.1928058299067,35.0710152285368,34.88070574195,35.2338779214327,35.5202975607852,35.8293179277425,36.2894400738897,36.2083690740291,37.0545556060666,37.2957198693776,37.7046693238108,38.0881159132493,38.245810548889,38.9818411281239,39.5966494021772,39.9834060774692
"45811",61.2690837545945,61.6382282537233,61.9274804145762,62.0668390172269,62.7856093967633,63.7403503803663,64.1565243674579,65.1628732038866,66.4399060400368,66.1782475114498,66.8163721471428,67.7512362623388,69.0063052004646,69.5254696234361,70.3210791216723,71.0520006026211,72.2299081738795,73.2436205989918,73.0343856994988,73.7880396250868,75.5273857770294,79.2935013731953,80.139443351123,82.7526034039941,84.3194149958015,83.7299393109512,82.5373529640007,82.3639311760562,81.5808726660601,80.5308556834052,79.8437845217502,78.7881794921426,78.8877269358042,78.4124335360223,78.2404124403727,78.0309263789303,77.6209728919371,77.5566097184918,77.4790558187537,77.1998210646984
"47251",112.927361612984,113.41353271182,114.484464436903,114.652648342582,115.472343806436,116.590533544301,116.929443275456,117.711644856536,118.6094723336,119.159383818781,119.521909698263,119.977498248349,120.93939900729,121.378335015765,122.158190602192,122.357006010428,122.390252245488,123.418376649905,123.705116407328,124.059489545233,124.06801826946,124.133812527802,123.368224678079,124.473992199284,125.516322979906,125.304902394742,123.390614854643,124.132755241074,124.780855859339,123.964686040892,124.168457754361,124.003881819172,125.457552624566,125.46705287546,126.068019209484,125.43074292928,125.41782421943,125.90913587815,126.117900028194,125.332619052486
"47312",164.031968096094,164.224429071318,164.870014119396,165.824859003102,166.037825949626,167.625559591307,168.468242794018,170.2665999342,172.890387871685,174.537127742965,176.167662863486,177.444518254212,179.497180396122,180.981826137471,183.291800638289,184.21987123455,186.237513974189,188.25710645714,188.335651346774,190.856387932365,193.718894761992,194.296702187387,194.396803680458,197.638056666403,203.176930883046,205.47443604912,204.989462176315,210.477788029752,213.142733544967,212.435053733939,210.647552925533,206.980779609331,205.016179262535,202.54450560161,201.222104859915,199.211496910201,197.866656368912,197.936021974455,197.500856641317,195.770585709803
"47332",38.931935857455,39.0231779823306,39.166242479111,39.3937704873635,39.4836821366782,39.9098103963068,40.1402602106443,40.5388885694973,41.2484959869071,41.4992674799227,42.0110890424834,42.3778238706399,42.9671771883871,43.391077042269,44.0245393424519,44.4212903563128,44.9083701199144,45.5507829290089,45.8252610829002,46.5898486034136,46.8739121146243,47.3930361611289,47.5146279570486,48.5934770612724,49.8476758127487,49.8670342809091,49.3590124218634,50.4115163030226,51.1266803625722,51.6463102875082,52.2510688113363,52.882695552921,54.6471391997623,55.2315223300392,55.8035998494197,55.8317643723423,56.2172906084456,57.0868693784622,57.5274038702822,57.5044535580154
"47371",79.4365571079535,79.8400242456312,80.078417688644,80.6926733445834,81.0534523220875,81.7607516613163,82.2611341892715,82.8608719339548,84.2396724137188,84.2948640905599,85.1240547182241,86.8738051181546,88.1226029311214,88.9247551395106,89.6589235145487,90.0420497248982,90.2905067091653,90.9793881538862,90.7130851433807,91.2718903100424,91.8160851539548,91.4124235378266,90.1867096823421,90.0895728807076,90.304191979795,89.476695756077,88.0717904246454,88.1921300515275,87.990778753737,87.888569426428,87.5709642443803,87.3933888760608,88.3493930348428,88.1826259089844,87.8616601603188,87.5106027734988,87.368878588868,87.6781736259172,87.575255493555,86.9780680465441
"47412",101.474174593046,101.787769324574,101.979951373844,102.6495721798,103.280507736337,104.169039154153,104.645658799961,105.282728158229,106.876853225076,106.650910472963,107.520060853464,108.163085120635,108.263858804912,108.97612128242,109.544508510803,109.894983987456,110.128261162718,110.692747014178,110.677629644182,111.473138498998,110.514772522945,111.084304126069,110.556322045087,111.455081253079,113.054739351827,112.397779915982,110.725401040301,111.421672510366,111.591987036089,111.847280467367,111.819876918552,111.760812802384,113.219864945469,113.341239924954,113.396248401961,113.380046724092,113.397148587917,114.127625367947,114.198948655392,113.587423480545
"47451",0.560705229579302,0.562681195251234,0.56597038683527,0.568169925815152,0.569754898430991,0.575090841120616,0.57617665492826,0.580204408203655,0.590402325973801,0.588116507716646,0.592291753257347,0.898552002245206,1.46233324670636,2.19182718912391,3.10078423660596,4.14592348004255,5.26661676484236,6.62052219669052,7.78574150471776,9.74826117879269,11.0406509131994,12.5656311765944,13.5807149337563,15.5418372550091,17.9901878694102,18.6188084203927,19.1610402197086,21.2509119707402,22.8568921046901,24.311275788426,25.706410641638,27.0721313575173,29.5818188261096,31.0052341663753,32.2551486531709,33.6431957363685,34.6538091406318,36.7124881273953,38.0385053685689,38.6338806862414
"47471",34.4441998662283,34.5651706934472,34.8710415590951,35.1745324217481,35.4976992533785,36.1812839771526,36.6155613949657,37.3277973694923,38.5453972399426,38.7524605713939,39.604740796408,40.2958260326021,41.141697898514,41.6513186413021,42.2216548846737,42.6592598106091,43.0066938699549,43.5520991503883,43.487951787872,44.2455647939907,44.4441713312405,44.8391561010583,44.8927127591528,45.6389234592025,46.8206297357262,46.5397396426128,46.1119886851723,46.848557506825,47.2591414019443,47.5568686872027,47.8529528807933,48.0715644011835,49.1414714020147,49.5172578136507,49.7358556542672,50.0677734607603,50.0560282668619,50.7515374898524,51.0281842620305,50.8187196714774
"47511",73.3201579121773,73.7899043432359,74.3022419278604,74.5304304903956,75.0156213787821,75.8898677830378,76.4472099802887,77.2859532663541,78.7714139498702,78.428476896258,79.1074099731754,80.881573605429,82.2860871169955,83.0098774196451,83.8781931918999,84.1537795778846,84.4425528752927,84.8285036930725,84.0093793755575,84.2783756003557,84.7422967938814,83.6679929983643,82.5163401471464,82.1696191296079,82.3220530814994,81.3094761041587,79.9722299663176,79.9345579048469,79.6075140849683,79.2589507485569,79.0356830500905,78.5951635512711,79.0450105170623,78.7893118226478,78.6255125327277,78.3468459081684,77.8938857452476,78.020631160437,77.931899821608,77.1853506385044
"47531",130.34942762134,131.378398994351,132.205287150275,132.565243739982,133.39045871026,134.723956273728,135.40732401168,136.682221791538,138.923742699291,137.866470925085,138.984690977405,139.548454822639,140.991554976321,141.519329688386,142.988205220594,143.408285375398,144.11173999999,144.55149646097,143.500560815125,144.287442491447,144.846667888848,145.268003452897,144.499945673822,145.726635027399,147.642529013995,146.361232200878,144.194669072454,145.217355624511,145.349015796421,145.277975294884,145.615917340543,145.421944911814,147.172682454763,146.936258230588,147.383627249238,147.265133832376,146.960087544521,147.854489616222,148.322122030772,147.082496108923
"47552",74.7460220086701,75.2336420955503,75.7644389345224,76.0250003002333,76.5882068113208,77.7430652009636,78.1478235182275,78.9995120290402,80.4079400624192,79.7257664321962,80.635059177883,83.5687064417305,86.3608032269422,87.3477668315807,88.7176208216898,89.0414597552385,90.1084258180397,90.5934489329126,89.6293994848906,90.2928466658099,90.175283949954,88.9188896797463,87.2788630257993,86.4851277869633,86.4724867623664,85.495532139227,83.9412953704595,83.5648683427304,83.33532704599,83.0252493889041,82.4900542955762,81.5547483639076,81.6322763598879,81.1716034695088,81.2530230547198,81.0625289155844,80.7525745541001,80.9689125171059,81.3496030371349,80.6413466381326
"47592",88.2749242447687,88.7780134345622,89.5262244524842,90.0549429203549,90.8462914608643,92.494436563565,92.9512549386664,94.1843740988304,96.1112347684517,95.3755024810981,96.880915185632,100.353018272035,104.014929367645,105.04681799186,106.909556360235,107.757931422556,109.268821177566,110.082837494028,109.342155411133,110.653746173935,112.307083858528,110.007753951405,108.277817436056,108.544141620197,109.88419512768,109.578890260942,108.646910399838,109.95628184011,110.519683108443,110.336560827855,109.728542293368,107.845880687715,107.070488291243,105.847236106318,105.326082028549,104.623554523393,103.619986380751,103.904442065493,103.97009388862,103.120796594392
"47633",62.8608340246279,63.1825369905913,63.6713961730945,63.9906764834257,64.6943649857049,65.4031296025492,65.4856952600955,66.2489304783654,67.4680875431433,66.7931616428357,67.4872342073072,67.9827629497214,68.9399438174342,68.990457440037,69.6606227769835,70.1181508556724,70.4591379404033,71.0338079613949,70.4940319885575,71.1549745387221,71.3272566282626,71.5441910374793,72.0151716276666,75.1051166157085,79.830779790409,81.4012063429841,81.4423594138484,82.0453270546427,80.4213471797,78.0192517142937,76.8933521464183,75.82780776614,75.8040507563107,75.0900238832154,74.6613471177259,74.2652326728622,73.6861982716588,73.802037845184,73.7584125620524,73.3676062094065
"47652",45.0875612095749,45.3803126399019,45.6784782185081,45.8863791298165,46.3913436738982,46.9587301656775,47.1399220934199,47.7131906285537,48.7532934930472,48.3797566767108,48.9752274578856,49.4679781990443,50.2507565810039,50.4033519905307,50.9131801331804,51.2928871989522,51.7930143604502,52.2646393655057,51.9410417027413,52.5978213080178,53.0747105219053,53.3844756156426,53.2598723455358,54.0974782800737,55.2117922537689,55.1176009811628,54.7433455140999,55.3720975986713,55.6979102954534,56.0258884073258,56.5248928961817,56.3457352660075,57.56357392882,57.6981487434059,58.1989083280719,58.6886346415532,58.8431008719942,59.6448893568227,60.0033471462593,60.2307002928754
"47713",34.1996870043822,34.4304548973388,34.707008711923,34.9699264897455,35.5928264775757,36.2776847074631,36.9932235776268,38.1589077999862,39.9855354437535,40.2362994192795,41.7901136544479,43.4210317627348,45.0417857872442,46.1270082790563,47.644730770617,48.9909696440861,50.5580100974023,52.2697273631133,52.4223846629267,54.5992136963076,56.756685706889,58.3356871601742,58.8090589292868,61.2123812506371,63.6972821948194,64.2477063816746,64.3755065078235,66.2717360404248,67.744125345569,69.8192191309,72.382840513184,73.1905647951382,76.9930783312626,77.8521044018029,78.9114446083535,79.6130485844278,79.5957935403905,80.7454851243648,81.6609372043507,82.3309361184054
"47771",132.621281265054,133.406146848988,133.927603055792,134.009250056073,135.055009379362,136.817075689577,137.423355184248,138.745377255244,140.756933985974,139.631542494168,140.450771278702,141.523729731955,142.692819176464,143.165381975011,144.502409124735,145.346411791033,146.245021927188,146.938167037182,145.40238975192,145.696526353975,146.72351476773,146.667112987308,145.694949657974,147.07520115715,148.377659810482,147.636181159863,146.257386514118,146.936793740488,147.022932433131,147.276743088853,147.967425929036,146.773704011559,148.528630019077,148.439547467276,148.642064409542,148.905736069904,148.547635362798,149.172098540723,149.420071165469,149.234389876642
"47791",28.6089918425691,28.7362338752684,29.057007711083,29.4998970711293,30.3675286130214,31.5694805646149,32.3678451001571,33.5087396586461,34.93460742849,35.25812356948,36.2396845183055,37.381681273109,38.7373472398053,39.5387427980306,40.6772282926931,41.6792478213608,42.9240337625154,44.0132656603559,44.0385488206476,44.9267422702153,46.674562477613,47.1545908122952,47.3084628885822,48.9015282761325,50.8727850721413,52.1145654875699,53.4318246639231,56.0222485280999,57.491343150061,57.9616401608404,57.5280254883374,55.3753035408596,55.565655475998,55.6813451558365,56.2135216775914,56.924366205935,57.2412995262763,58.6169388869126,60.0752704828995,60.8312771349916
"49252",10.6606769518798,10.6806610171247,10.8543258052069,11.0555045231617,11.4060239729617,11.8314753794225,12.2573826014135,12.8058263984878,13.4945891290809,14.2845541269916,15.0598128578225,15.7160157289499,16.5585874657708,17.2769885398939,18.0486033538,18.6141191609391,19.2042419630258,20.234989648116,20.9388008398896,21.5779975038424,22.1787685843648,22.9164459642956,23.4756730566103,24.8883964565351,26.2963214368121,27.0839483954899,27.0746869748114,28.4495679026164,29.7086166712582,30.2590536829873,31.435426433688,32.4617011191107,34.5292371547415,35.6370623463658,37.0750999481084,37.6208079196446,39.0622643341334,40.9570998129643,42.3747752698973,42.9941602682357
"49311",195.115853350971,195.563626201817,195.853190362636,196.014640136641,195.003770016569,194.977989526465,189.511862940402,186.553632395995,184.764265457793,182.953647728407,181.387998552805,179.963224920873,178.772176630705,177.566964327327,176.555363809468,175.140496710545,174.010742887404,173.00773619824,171.471156227188,170.436965566713,169.074473618609,167.836703012232,166.197297035992,165.732217700114,165.561018376919,164.017214201219,161.24882775107,160.603217969336,159.840774524255,158.699974063948,157.857271592333,156.684111404094,157.407364127786,157.079642143188,156.973142639267,155.711827346582,154.958896376995,154.664394182822,153.808976595812,152.302214991297
"49331",8.09525931370914,8.09062604082916,8.22952476862116,8.48260919317168,8.76355967247429,9.21026485825646,9.72375046339284,10.4418223071019,11.4280436781818,12.2240349928189,13.2718737765632,14.0698822893199,14.8867374486112,15.5652554951611,16.3481393361646,16.8895956132963,17.5366693372441,18.2927671621358,18.7363261656805,19.5417245516092,20.086549168527,21.45613753393,21.8682945712868,22.6124112615097,23.4144063812822,23.5629543660268,23.5180455438097,24.6733030339363,25.6463674335468,26.5191251045416,27.4264054981491,28.2445028988468,30.070468016105,30.9157678697163,31.9290124955813,32.5354658891248,33.4977941607302,34.8345426901938,35.6714681659841,36.0400787500883
"49352",81.8183506339154,82.209872608551,82.3002580391599,82.8403208413949,83.0310464945749,83.7487015825065,83.8833638964464,84.2659777330476,85.4039263784827,85.5281215543928,86.1583679503545,88.4133093925815,89.8502245951029,90.5906242025527,91.2535998398784,91.3849223875098,91.5559031943363,92.016252481862,91.5349302844265,91.7689292076983,92.0479074706504,89.8914153249814,88.2887633653489,87.9001116307126,87.8944201422624,87.0632447620184,85.6666022707303,85.4986741696756,85.2020102864429,84.9873831777093,84.7388760078132,84.4398549315702,85.1612458318022,84.9444485434686,84.80529112868,84.4767850012275,84.3427339762617,84.646467157839,84.5725192289039,83.969700201791
"49373",66.2220920422608,66.5380827318872,66.6780814151206,67.2275558909317,67.5126087991431,68.2190942048999,68.5101255074166,68.8671064301383,69.8891456650096,69.8578434104238,70.4094632293522,70.7772575794421,71.1292906288471,71.4726320217315,71.8020741140346,71.9014533387107,72.1335725833787,72.5780243026602,72.4150090478056,72.8486026029482,72.7723576818901,73.011972809791,72.6221682540614,73.2926620309563,74.302319294532,73.9015932247613,72.8061282999524,73.2712332207116,73.3671913324833,73.521116523812,73.487835525819,73.4419627177256,74.468952789353,74.5010840023875,74.588892263589,74.5564362084117,74.6782125873111,75.209322481656,75.3023391340398,74.8891794807656
"49394",48.6421805744261,48.8260898308531,49.0122487192888,49.5777097731304,50.0768340829873,50.8392711019263,51.9341237640389,52.7093961969,53.975919794521,54.0084797052717,54.6235989052577,54.282359714041,54.1801724327185,54.4505358586626,54.763388902265,54.9986892409446,55.2712974553657,55.7994504629209,55.8968337774081,56.5062983340658,56.5043664545095,58.6742609991961,59.2349259203198,60.676923225315,62.3644846043587,61.7814616965187,60.1654066882724,59.7622928612833,58.9874905641206,58.6835591188868,58.4006572580195,58.1638375704167,58.5483839630317,58.6957645073927,58.7114800231717,58.3233978794754,58.0033569344325,58.1350064983286,58.1436868115574,57.7367709755948
"49431",19.8380383251341,19.8477274358518,20.1426700679421,20.6687362738901,21.3756267107554,22.4370477620123,23.2650747060049,24.3415023972287,25.9661179858533,26.6951033504441,28.1350024262221,29.4441381161056,30.5572817145287,31.7162532274163,32.9841042515964,34.2144115332183,35.3378815888282,36.8762218487464,37.8155324579117,39.5653612659131,39.8968965288714,42.225427372702,43.0502541229893,44.8758767598473,47.095983543626,47.0509401300953,46.6615567131007,48.2809202512022,49.4098019047748,50.4109737809768,51.0435761089184,51.5815578900291,53.4174639359753,54.2604442296488,55.0076284061239,55.7468159911026,56.5898256720485,58.3060415027158,59.3382765663803,59.5700724581784
"49453",13.6754246864623,13.7170626418269,13.8070742723099,13.844921314666,13.8953746234517,14.0304832126615,14.356479632006,14.9502154507036,16.0019060954188,16.7073931666543,17.8393467430281,19.2518990837262,20.953066470478,22.6912967400764,24.6376731569834,26.7178620755415,28.9984224014897,31.8668019170817,33.9162137973716,37.5177126061126,39.568871310918,42.8647470564568,45.0806738469664,49.026846717109,56.3210337641109,60.5706159308863,63.601102416247,70.326618119003,73.2261712497493,73.8126489742648,72.4744002980771,70.1248896652071,69.1743006312935,68.6524977337584,68.6183410406664,68.8457228086437,68.8201675299573,69.8171533929036,70.633341802843,70.4990885217344
"49511",63.3842413457096,63.7764096750938,64.2238913209722,64.432790916903,64.8325236585304,65.5978710048839,66.0276410111393,66.7596392947027,68.0300208770695,67.7485758565879,68.3115033063395,69.1974527562685,70.1409182816403,70.682661873186,71.4314032842995,71.7512396274604,72.0823757574508,72.5092676868101,72.0061520330134,72.3981481270671,73.4289131364664,72.8714494725003,72.3221559454926,72.793547436574,74.3637748789514,74.8127072356005,74.8725717673099,76.8808836126607,77.661139936294,77.7280913030274,77.2328261964463,75.9411424271383,75.1556874200496,73.7708628645908,72.9397028408757,72.2221261219398,71.4479917783148,71.0619337315199,70.5749146727073,69.6130283298235
"49551",104.892613667793,105.61354721565,106.407073924491,106.737359498479,107.599320546626,109.024522707581,109.605482292059,110.706849098755,112.589665480218,111.635222083304,112.60096993145,114.405900194385,116.825046790458,117.42349246342,118.722917551825,119.069584309686,120.295772051754,120.67521975473,119.642906385264,120.524807958868,121.281705615891,121.56067880525,120.445489035098,120.851616797698,121.438824332688,119.744538074173,117.488538565155,117.478540131529,117.068820981104,116.455756743521,116.320637188699,115.816783245176,116.532551255761,115.886772635715,116.101890650835,115.752403528634,115.321703327659,115.783986572001,115.881195870145,114.662687880241
"49672",27.5302237281335,27.6502890151844,27.987778383869,28.3180035427711,28.9318157137986,29.7288247435578,30.1595452575569,30.8271221714767,31.8898218156803,31.8208781590434,32.4588116296061,33.0928712000232,33.8923856787962,34.299132221416,34.9466940630528,35.4643015662982,36.1907962810907,36.8127695312156,36.7080605863439,37.5722526807312,38.264475568472,39.5087573786166,39.6380554329064,40.4447439352911,41.084486307929,40.9428342309898,40.6895331910551,41.4074434582993,41.9338804358899,42.5203692949592,43.1976398814809,43.2429586494213,44.6320233518316,44.9661185909369,45.6305661020688,46.2084886096074,46.6051528997564,47.5418550267658,48.1434263366656,48.5818995042041
"49751",51.6512258573424,51.9781844387516,52.1979246194672,52.2393124721117,52.7049956051424,53.4151677653518,53.749862286141,54.2913905603215,55.2313560135819,54.8286190624219,55.258936397865,57.2323772469358,58.4992162678311,59.0545544058538,59.9888651502346,60.4665176454643,60.8932900049995,61.250576924881,60.4166960739229,60.4372974511774,60.9670557645392,59.4318241572879,58.3488477587575,58.1703316105618,58.2968577418718,57.6875889790156,56.7889763011326,56.5963388099953,56.4485166949849,56.6014076288781,57.0580287360974,56.913163593671,57.8811145050038,58.0628222895981,58.3939021650364,58.9865554598466,59.0274244530041,59.3051158953002,59.3289737989499,59.2537770846247
"49771",6.50176962001143,6.52303517729758,6.60329297399125,6.70989849795276,6.90132443108147,7.18170709934605,7.42287826774783,7.74328775065927,8.18623570163403,8.32574480438462,8.70011824988491,9.32454650874281,10.1015399960186,10.9055643784392,12.1098957845516,13.2248457582396,14.4188054663409,15.592727694192,16.1248777970173,17.4557711650229,19.2161457291133,20.3291867337091,21.0408742185613,22.8699307737256,24.6299991955732,25.3377298850866,25.8816445104906,27.4906802469369,28.7101448846412,30.0752342948868,31.5730565029657,32.17120463804,34.4843897148182,35.5602867092201,36.5269029618675,37.5696971334858,38.3764312037776,39.8718687942585,41.1709433019628,42.1274826036471
"49791",83.9086419143964,84.4313118049722,84.7003105027992,84.794937602467,85.5258624823977,86.7140425250248,87.3077755476684,88.4675818503816,90.1664335217392,89.9137517343141,90.725693252785,91.7879776016027,93.1506452076361,93.8561373855436,95.2425531140868,96.3637937786087,97.6540400175479,98.4992916615609,97.758971242664,98.3851621399794,100.59485245555,105.672526964963,106.86474707984,109.829140196901,111.688495598259,110.470172259646,108.34867384731,107.105023913711,105.099497855641,104.106196726238,103.713220141571,102.618707168132,102.948083929968,102.503597103492,102.041510401553,101.750413976146,101.130994585073,101.067558508771,100.934507168971,100.388634796126
"49811",246.139040474105,247.908577977553,248.299547123096,247.68076095655,248.560202311541,250.277408051411,244.656354734021,242.410621842419,241.693270865645,239.101418310786,237.595646256294,238.541567414582,239.112285952725,238.248568648924,237.63978078719,236.804663820651,236.297306590167,235.093812887999,232.080531497203,230.169944038804,228.770786537676,225.072157714579,221.464198582257,219.704296259109,218.278762793834,215.719136047422,212.582119635778,210.710377173757,208.652983269206,206.721562295344,205.215692709585,202.404708772264,201.676526545272,200.06177442164,198.342152952502,196.871303268889,194.910391308599,193.624174384379,192.179845190149,190.281019712084
"51291",78.8819888662648,78.967816873979,79.4192429600021,79.9663706205553,80.3587429984303,81.1708258461775,81.6411412925496,82.2894496081897,83.2115612814557,83.7470628369488,84.2244676066081,85.6135678258211,86.8081599144621,87.6658013670675,88.5936433557743,88.5500549457318,88.9192978020395,89.8432893675941,89.9819966347635,90.2017087612999,91.1844147084541,90.0873807788052,89.236316705448,89.7429557686165,90.7627365337863,90.6919669207271,89.1990317149247,89.3011139214915,89.4012739370894,89.1035912853686,89.178102067436,89.0143003171381,91.5490283309039,93.5980114678911,96.4742870946924,97.950918498851,99.9187346632837,102.111724574043,102.620341586042,102.50865852629
"51331",68.943574937401,69.286621124284,69.4454749481909,70.1522898339736,70.6294525421436,71.6958397575649,71.9929341798405,72.7412334721696,73.9157470850145,74.3102335577806,75.1300878031212,78.5619369445892,80.5730733170069,81.8428763954831,83.0231028274048,83.1827914776959,83.6284461841827,84.3681444465704,84.288931974432,84.7070586932437,84.9094582293003,82.0702250592999,80.3831046055075,79.8759575590133,79.7285147130481,79.0378728088655,77.8119062001904,77.64889499409,77.3682646059564,76.9424244873737,76.6448797926948,76.2533004870652,77.0303366677198,76.9871264515969,77.2950358058661,77.2242196285541,77.393047008868,78.0240665981954,78.5434772156564,78.2994870132306
"51432",12.6563391202326,12.6649661364744,12.8533351057179,13.2160782323868,13.643844423495,14.3180018237074,14.9623625410948,15.8233716624537,17.1781068012589,18.004097132636,19.3295777884539,20.4503695443382,21.3758153092434,22.2894377002072,23.2720606547319,24.082706802808,24.9064823248895,26.0313451166854,26.5831914321688,27.7195516089346,28.2682729590611,29.4044459568513,29.8204151092166,30.8824841599657,32.4526655540306,32.6834914890503,32.5125544541468,33.7857118029486,34.6853563881515,35.6110182006295,36.3407325007275,37.0786554098672,38.6786922870106,39.4498805795908,40.1887693770781,40.8093536407898,41.5047292987326,42.7947186225428,43.5916593900128,43.7757501759174
"51471",67.318087650294,67.5810719805184,68.015191827062,68.4954650955722,68.7069970862155,69.3793743929905,69.5725279221839,70.1421553967769,71.3999257758899,71.4065774636336,71.8463262918572,72.6848706750534,73.3563333380396,73.7580109504348,74.2195685770563,74.3632615299328,74.5590018236751,74.9892330815301,74.7060949877881,75.1026073103449,75.1239125156619,74.8778328310696,74.2640520749176,74.4890425027371,75.1954738144441,74.6032221368632,73.5740740532421,73.8700685666044,73.8070134788622,73.8008765672491,73.7074139839306,73.5441544138464,74.2481290129229,74.2180125811762,74.1483949846769,74.006164279033,73.7614826826028,74.0644444961809,74.0137191447477,73.3668628955259
"51493",38.4110518954976,38.5901113380487,38.8986416615045,39.1704961541338,39.4062413703323,39.9729577317577,40.2727716077061,40.7069359746155,41.5413801623169,41.5078439430079,41.7881502780525,42.2584812724689,42.8827253440465,43.4906784352681,44.2313391403943,44.8124984440153,45.5194636883148,46.426475442067,46.716098269282,47.7338629292317,48.602528809226,49.5238206260913,49.749070003137,50.9009115443164,52.5429413673737,52.4922602355619,52.0237189910172,53.4023914839266,54.2203900485552,54.9390053410302,55.3778099655459,55.773000139275,57.2745231471703,57.7878478841657,58.551652282265,59.8027136856424,61.3105353522236,63.6797190701674,65.153716697245,65.4983354561042
"51592",59.9685858752653,60.0895570126429,60.839084779244,61.2459049909723,61.7996713284097,62.749516122653,63.2639762793306,64.1087558993711,65.5987258159548,65.1985610217386,66.220381006645,66.9028572282731,68.1645175121315,68.7516843862467,69.5589350138934,70.2720966494516,71.5174394178837,72.073337086388,71.7737178081427,72.93719463674,73.5759827917081,74.4683362035703,74.4461736172207,77.6273343503865,82.9790153419078,85.2490076345868,84.8143603554126,86.0859826386612,84.7942641337635,82.503330762968,80.811849085948,79.6900281841086,79.5192939157644,78.7490688549948,78.355779367846,77.6812060358095,77.0443507252608,77.0715400622687,77.0307485291988,76.292584838078
"51631",35.6678369680517,35.8515254901974,36.2231664348248,36.509192578088,36.8859125322029,37.6113090034151,37.8244237979338,38.3913161160461,39.2925677797526,39.1103513885812,39.7069680410682,40.2457754372304,41.0740640841895,41.4997071540758,42.1458682990746,42.645829527961,43.4919385581482,44.4278209674642,44.3655159021978,45.4330913748155,46.1342744955382,46.6435668368653,46.5714979321978,47.8911287036946,49.5497250008039,49.641353097653,49.4580549323942,50.465723311852,51.1311994744918,51.9051185535091,52.8386425274244,53.0495958990806,54.5657660694976,54.716462729926,55.2921209580829,55.6676199888176,55.9259063390512,56.7712561743941,57.2504210991836,57.3855898874408
"51651",51.628116497679,51.7900628021239,52.2624943602575,52.6010054696739,53.0297409124427,53.9204998088389,54.1915752825453,54.9256404093472,56.0764623651686,55.819022523677,56.3600662876427,59.1162883263361,61.0991624219818,62.023997681721,62.8813147093343,63.5099328235541,64.405541659948,65.1185812914712,64.3081719850011,65.0439644877437,64.5081821516408,62.7521053503503,61.5230309652172,61.2858651226542,61.3012722619179,60.7029574793945,59.8034904195109,59.488307918735,59.0500217656038,58.524113828992,58.132707538516,57.3781901978871,57.4920710622826,57.1303198170033,57.0384479433266,56.9519799791578,56.8177345782503,57.0382141229941,57.1850499088916,57.0637754545651
"51712",85.4940725915739,85.9935425697224,86.6161521552901,86.8165378116426,87.5455476395065,88.55772140329,89.1715067314233,90.3605083483684,92.1988899276739,91.4341804588094,92.2321102012017,93.9147893298829,95.2594932432242,95.6465882433824,96.466053694607,96.7696180194687,97.4565889148253,98.216352131653,97.1214053385237,97.678975094373,96.842559254756,96.1811417829604,95.1207623076411,95.7968158788101,96.6559567262172,96.0525298711297,95.0550598439354,95.5185403481117,95.7468615730929,95.8381252103072,95.4890068811967,94.5930276412664,95.672459330411,95.5231175611901,96.603900005429,99.28763042475,102.37205611284,106.624273227419,109.8215878054,111.854759220708
"51771",103.760590710154,104.451110344555,104.913644226406,105.402850645227,106.5993583817,108.567250182457,111.93326358038,114.562373350124,117.726750749824,116.953855374157,117.998232450494,118.184121388365,118.430141729323,118.39109704273,119.313995289949,120.025799267924,120.412698221059,120.428336993816,119.027316709612,118.941862689886,119.578151476861,119.855321324259,118.730871148266,119.115681843872,119.044915662785,117.437493588169,115.426281599334,114.428344939248,113.216585835965,112.322987286078,111.629832528336,110.19854276077,110.068327348326,109.298570836822,108.602825929138,108.009804078727,107.136147489219,106.780648120142,106.259059631055,105.397314546156
"51791",35.4265859742612,35.6358450723954,35.807781342985,35.9434204354189,36.3361979308872,36.9893779221994,37.4197280018328,38.0821263214465,39.0873033910541,39.1439680430595,39.7172918649166,40.38140192931,41.0690670349222,41.5224497176021,42.3850277283937,43.1383788086111,43.9000140226667,44.4039669669137,44.2008073162578,44.7097336364854,46.32192662896,46.9582849684485,46.7780754374761,47.3471520486244,47.9595304070679,47.9931266056713,47.9411156004973,48.6415329992293,49.078084452124,49.6076803312625,50.250247431132,50.1652553602164,51.3651725491425,51.880600161641,52.4277468321491,53.0813478984244,53.3376589808014,54.3514002152242,55.1496594923738,55.5510724127047
"53311",32.5395190345632,32.6482010636917,32.742530330076,32.9362280311059,33.0492358137078,33.3600663331935,33.7217698863637,34.3403913334839,35.2910835676556,36.0371687773928,36.9770803578858,37.8522970607517,38.8259805785197,39.7090050546425,40.742263097971,41.2877921387188,42.1397119624761,43.4228547311356,44.2172765086145,45.2498017723628,46.0558286788376,47.3048729220819,47.6606064426707,48.8635192081513,50.3394243015968,50.8301225571288,50.4969410990709,51.9617204978913,53.1044538026233,53.7646755282708,54.7889915860413,55.3204056276397,57.4092336405196,58.0113398247986,59.0579896795211,59.7573713653486,61.3465795848044,63.6593487818235,64.9945855331343,65.4890393560843
"53431",3.11281617285939,3.12372002705903,3.1356728350689,3.157619137293,3.1664108623293,3.20051618714768,3.20916904447328,3.22716169211406,3.27548733533811,3.2737393506718,3.29294321752256,3.52214028516485,3.90323813239338,4.40394016929439,5.04648289858876,5.73349289451925,6.54669232294106,7.54835503783715,8.3180855473104,9.56795990495131,10.686305007866,11.9663908561748,12.8424792274392,14.3876252379123,16.2554143821812,16.8200012729874,17.0409987694957,18.5444245992589,19.5252091579972,20.4960228150697,21.3554261594179,22.2431298297473,23.930221258043,24.8413903796845,25.6669178584196,26.2811492163749,27.0858344249724,28.408491555535,29.3690924635532,29.7596056134519
"53471",99.8869358926539,100.406478875779,100.759955364574,101.276792505135,100.993017396777,101.551955112136,100.154530316269,99.8293385337258,100.520501718441,100.119161153491,100.14297775502,100.321096570177,100.409704306426,100.418585419946,100.445924489251,100.154436964637,99.8803218628794,99.8441801336941,99.1762452379839,99.1517595948718,99.3733238896717,98.6565234806323,97.6566127916311,97.6475779405424,98.1839423063812,97.299598826675,95.8245032292438,95.8276870983629,95.5143387050531,95.3177190499779,95.0209068822604,94.6536399835365,95.7043161496855,96.280568197755,96.9249118688698,97.3091002256656,97.489129512204,98.1685478129421,98.0320448817927,97.2180925113697
"53512",118.603604203661,119.247879768239,119.913224485384,120.284218008344,120.075609600914,120.635933808687,122.408583872403,123.618763354638,125.36346569847,124.399325653344,124.246984925612,120.609510509532,118.755731386039,117.618415925747,116.867906207666,116.124908819765,115.585043541505,115.249114346969,114.315143822206,114.054653610058,113.855528710495,114.070710664923,113.012401804609,112.62650981181,112.954751324599,112.057728705526,110.583114560757,110.931506960902,110.822615184633,111.012196158995,110.956794425392,110.788236670332,111.892797230545,111.74036697031,112.090641001539,112.19085292434,112.323062387313,113.148028598208,113.585239723127,112.858945133203
"53531",86.5131022154678,86.9770940431618,87.5607813791437,87.9058000937906,88.3773904297042,89.0851797941219,90.5200681276522,91.9345841897901,93.9499003491545,93.5392166937798,94.1926367543167,93.5766242648882,93.7024820866325,93.6115046253436,93.9459745302682,93.9129077727393,94.0808793842185,94.3905316430455,93.5063198661161,93.4553809350601,93.5529450699766,93.0520166784438,92.1741487293503,92.687359426629,93.6243070779204,93.1094469399338,91.9133879885433,92.4563530959765,92.5954076885278,92.7896047155281,92.6300243880726,92.3781498199336,93.3992361409984,93.2696034236586,93.7219857523374,94.5466628159711,96.2477917662218,99.054461165296,100.943768203645,100.89757448124
"53571",20.4490884309703,20.5425824652638,20.703197869414,20.7531146457261,20.8619304652206,21.0007280861053,21.0959946447047,21.3633446749322,21.8621554326316,21.8125572773887,22.1462341064379,22.5750302097645,23.2939226718671,23.8019725499006,24.590409948584,25.1775176953317,26.0211090348277,26.9832225538076,27.1318604054497,27.8081170325473,28.4881720793687,29.4180305741445,29.5094292831507,30.4389696285778,31.6442083907762,31.8582516233033,31.6739119298176,32.7178327332608,33.3905132245807,34.0102463507229,34.743084954862,35.327762036721,36.6182813329982,36.926138724596,37.8427498436147,38.2823033030224,38.811274650104,39.9638218161155,40.7595241143558,40.7358039830696
"53631",8.93692419249276,8.95130914081273,9.14745305544849,9.40907930784215,9.73163332452281,10.2408343890883,10.7505308334091,11.5536674140338,12.6532565406443,13.1571122752774,14.2611099887507,15.2959269535391,16.6190246344363,17.5743111530738,18.7495342342531,19.8376601144244,21.3407215324807,22.9197842757,23.381544724177,25.2739985655435,26.9699894828949,28.3294356559527,28.8936233434866,31.3487469707033,34.8670513043891,36.1405071069715,36.6223094972432,38.2742430021565,38.6928724268982,39.0551654285173,40.0548631874575,40.7201704663546,42.9523113195565,43.939844461699,45.4854079390402,46.577243392243,47.570644108953,49.2539882760347,50.4953861973698,51.1768822670248
"53671",79.2091182807187,79.5297143338895,80.1581570132307,80.6218280096976,81.1610957685195,82.3240098687445,82.5748171209913,83.4031011914822,84.8422855190666,84.410524632878,85.0669270875421,88.7889652361841,91.4847672709193,92.6049753453324,93.7520833828686,94.5181060758489,95.8178566530857,96.8847595350668,95.6232968170541,96.7011372254872,98.1866657170395,94.6729620635151,92.476494685406,92.0623231218217,92.1934984379423,91.2947489283105,90.0234027408183,89.6177461109179,89.0053480479509,88.409540271142,87.9401089435558,86.9009247485443,87.1765424230875,86.7471542295139,86.7120830278933,86.5249505582924,86.1998056107368,86.274899495606,86.2429126061881,85.8506029358237
"53711",27.2665735336431,27.3983534504875,27.6935005560783,27.9100255255183,28.3446905387243,28.9936049750821,29.4351232928102,30.1250544160743,31.2698080174317,31.4609325032654,32.3081967123972,33.1902787529716,34.1516370443351,34.7986928727178,35.7354535892444,36.4944768845706,37.615828851854,38.778651315253,38.8275658580512,40.0733657913738,41.4043521162694,42.1379483971354,42.3621421992921,43.9631831702234,45.7656126511986,46.0592040254792,45.9628830762751,46.987904956231,47.6228225304535,48.4942651573394,49.4259888776945,49.5764106075142,51.2805087424039,51.8692604932127,52.8262687179275,53.6354352216038,54.1481691681272,55.222402588589,56.1806726826053,56.7569782339106
"53751",47.5531279831109,47.8829913183087,48.2416686529317,48.5764764505129,49.3268354827434,50.4584579891628,51.3648783642032,52.48227845854,54.2680735037786,54.4282461771328,55.6593490555179,57.7439133301314,59.0756467746618,59.751661422155,60.6609525209427,61.6454945085111,62.4924026818925,63.2642649849492,62.9465935431048,63.556773631174,64.4866585914227,63.953470436737,63.3967306669205,64.2570468554292,65.2582128846131,65.3057601806729,65.0852894951867,65.950547351184,66.4702223367308,67.3008859291523,68.1893307041295,68.2339008273418,70.5196330068987,71.775553430357,73.0074492612234,73.8564019950977,73.7870719594884,74.3100509856003,74.527763173921,74.5686962348881
"55311",86.2114006986075,86.5641382627935,86.9081784723281,87.3748426163695,87.7070149132862,88.8106232138578,89.181067449498,89.703493586509,90.9756641764535,91.7692536337216,92.1688040326563,94.7828964315175,96.9171709784925,97.8812746728948,98.8078761885567,98.6387197151621,98.8227489108493,99.7718543739037,99.6609640460704,99.8257251015638,99.1252073507204,97.1582435522253,95.8393040298125,95.69317076761,95.7275623907796,95.2141712636911,93.8204140499063,93.686505747001,93.4492166569736,92.8685874740309,92.5990044559085,92.0830346412708,92.8174868861331,92.327884770799,92.2979788231318,91.710606479025,91.5145857141116,91.8399893180878,91.6743374138666,90.9899731539899
"55353",41.1474977118143,41.3573327002399,41.3977163738874,42.0007878741201,42.1427209612251,42.887246843253,43.1789782742996,43.5571627459248,44.2645694133586,44.4753201529525,44.6222940421231,44.8458008597694,45.0631604388319,45.3407031391383,45.5762788591233,45.5450210022035,45.8388686062697,46.287047002755,46.1762203250458,46.4515485890093,46.7614404456336,46.9454267327592,47.0012224820196,47.7886358586193,48.7164374860688,48.6775484622103,48.1603765952049,48.9540224651026,49.4387459275947,49.5732791360164,49.7612760116122,49.7494184367105,50.8659656342525,50.9148893882349,51.346303789924,51.9433524276274,52.8415088916375,54.3666391676943,55.1961441042245,55.3901927850532
"55392",23.759800625736,23.8267299917517,24.0612667761933,24.6062472478566,24.9945320119865,25.8626871956452,26.3342679819776,26.9392383245341,27.9123038477895,28.2496333846454,28.8490174543647,29.6211338127355,30.2923239648656,30.9119517325659,31.775449348386,32.3649924592599,33.2819270483048,34.3911859962921,34.6679530346244,35.7066300792833,36.6748236633048,37.5870412285123,37.9591663749486,39.2516514269896,40.8473519405444,40.8459345491167,40.3421795872201,41.3729708793009,42.1643063717966,42.8341861073433,43.5004265417775,44.071558545262,45.8550610200409,46.4360565400071,46.99756477537,47.4008806200441,47.9749109175929,49.1854107061873,50.0587446250859,50.2299598626884
"55411",181.611116385322,182.461723041575,183.033783905488,184.609167839401,184.684987941323,186.956924601262,188.637913863869,190.536901534499,193.717386349324,193.654804106335,194.569546771307,197.567647193343,199.480862281759,200.271224403672,201.828488407239,202.309517689009,203.256874070752,204.782133324996,203.215130722814,204.111049126173,205.528043702204,202.43869247198,199.028349801923,197.48940816579,197.523152664073,195.689833923215,192.749278102403,192.540899926661,192.033751659908,191.349037453705,190.637567633009,189.687534436142,190.810805182718,190.084240773261,189.6855795917,189.030728015211,188.529215095015,189.119470730689,189.034596940808,187.59363591636
"55592",83.4396407985879,83.7831713819215,84.818233272917,84.8346622231946,85.1756978669822,86.1393611134076,86.4035894640153,87.2121338785575,88.6183502231555,88.0492481014409,88.8353721410412,89.754979343767,90.7744780317785,91.2235122034188,91.8467443058654,92.0519256029678,93.0589657092052,93.869071835056,93.0085767414778,93.6117251000999,93.9984533708826,93.6727601765256,92.6909911136543,93.7022420784061,95.1124926771747,94.6919587467234,93.4020596429558,94.0710643137388,94.1810141188882,94.2684156172012,94.4836418398736,94.4088072307914,95.841233133479,95.861899728914,96.5302646363601,96.2061864021245,96.0430871968381,96.7532462617497,97.0321780595724,96.4446201435731
"55711",199.759229813155,201.040539201072,202.242954823273,201.608774192641,201.646790903799,202.4291197714,197.307291176595,194.971952908982,194.284594860325,192.020255289639,190.824784832293,190.854752004889,190.467412934304,189.187241736542,188.264561855638,186.878899768656,185.987956323921,184.854034597463,182.19168636855,180.803335546913,179.122325836806,176.185627934066,173.266942806761,171.895635779097,171.086131478719,169.15755190109,166.332413690009,164.758918136544,163.076849372308,161.60474175406,159.867113304116,157.360883258216,156.633976186614,155.304819445526,154.447731934653,153.464445714732,152.145361086464,151.285968535814,150.519450458508,149.334733674336
"57353",47.3528285400419,47.5449411361416,47.6328670187228,48.0851132159483,48.0543463540973,48.846614299319,48.9278743395272,49.1780916167542,50.0257124699479,50.2881345499663,50.4285594793526,50.8565017096907,51.2837196502176,51.5999241839477,52.0174933247176,52.1045082582959,52.6283873862389,53.3468484621827,53.4739150505214,53.8859539289719,54.1935957366399,54.4383873330891,54.3769976382403,55.1667899570161,56.2050274787596,56.1820455673131,55.3750576102456,55.9809527567658,56.4304573545984,56.6445645400188,57.0412239031214,57.3563956721349,59.4620237257454,60.4827836820678,62.0270606889106,62.9816328384109,63.789959324762,65.1100837431451,65.5046598824952,65.4940585940704
"57371",91.6773002853409,92.0626358069413,92.3143971262639,93.378658277082,93.2670808740386,94.8628668928856,94.9510665956939,95.5583128006085,97.2184955369534,97.5966061080512,97.9209656920495,100.525608656487,101.925196748147,102.635621860248,103.488480491776,103.321241522581,103.997232571172,104.912605992175,104.417842938762,104.387808057159,103.871881262256,102.201484944001,100.827785424422,100.692320454644,100.94254201937,100.145991922243,98.6285774294757,98.5162245015289,98.1708354731225,97.4659878722986,96.9100722570886,96.1331819012307,96.5326966117234,95.9340695717889,95.7209520234012,95.4346050237942,95.1933940354449,95.605725963734,95.6209680793542,95.0533166762076
"57412",94.402413551307,94.891611575477,95.197730037134,96.1409631151161,96.0876525743149,97.2571064356434,97.3995526386343,98.2075397132699,99.767905512478,99.9796564538598,100.324644481142,102.150587786251,103.255635248657,103.777176487658,104.688808994327,104.875843377084,105.469577080768,106.454047169649,105.726460452518,106.108285885105,105.548630285636,105.478382754067,104.453677890409,104.47371679292,105.064593486669,104.294064019691,102.783184230822,103.071948796671,103.757806369939,104.641609741101,105.944412251509,106.737183194508,108.868228067793,108.214075297318,107.140641303021,105.052145275488,103.276624678363,102.597633062017,101.99432187972,100.887350144301
"57452",308.203108690531,309.735073786578,310.311061156029,311.228826849027,309.820660832048,311.096459754662,308.57550182755,307.173815305102,307.408612636426,305.115004581587,302.823734635525,297.173666054778,294.087955864892,291.533407053354,289.648395456544,287.92562139344,286.478537170763,285.583694352101,283.598098282559,282.943506702186,281.857962723413,280.451800658176,277.718662111361,277.168381623651,277.72183154003,275.288597682023,271.56006565306,270.894002692123,269.239691627743,267.620764795436,265.834221122385,263.795478075614,264.528457526614,263.273174077592,262.310041690068,260.751545830208,259.657171394831,259.609837114769,258.89942110907,256.635281683471
"57471",15.4779933266284,15.5429821724846,15.6978496810031,15.9205705770106,16.1131181352177,16.5812590099851,16.8452311629277,17.196052003252,17.7384548322942,18.0460676583154,18.4099210180113,19.0057485297562,19.7663897875093,20.4332732202727,21.1690640528001,21.9027138961583,22.7102868307564,23.6950990908075,24.3937042548138,25.4719674851839,26.4323669304343,27.344790772131,27.823575390815,29.2279213490884,30.9580066530217,31.2996655146511,31.4064299045618,32.7891318364775,33.6028238276146,34.488781468144,35.1846700999676,35.869484909403,37.6227204116941,38.401660171796,39.2886522912269,39.8888292477916,40.7270975874091,41.9525510619444,42.8796904875892,43.1729018888355
"57491",21.2499806934179,21.3459566310517,21.5405965547203,21.7221289374718,21.8473021836938,22.262483664607,22.4277108008884,22.7333363124824,23.1591073446934,23.275786825957,23.5067338052619,23.9975700605203,24.6381153925029,25.2767524726175,25.95874064023,26.580187411673,27.3998740826171,28.2722264640716,28.9040941705602,30.0235231263411,30.8306970046388,32.670999638289,33.2082984430123,34.3775780327401,35.4962779058571,35.0377213630066,34.5589001015423,35.3389480918122,35.7734501145927,36.4341163536445,37.3381498845498,38.4340839871594,40.4909308944096,41.1550377787576,41.4439165342073,40.8198086183831,39.9647341949939,39.397494354738,39.1675993426478,38.7312722679308
"57551",34.5426755152715,34.6977711657034,35.2177841851978,35.4437656102994,35.8935692490006,36.6626330433149,37.0473211705518,37.6532023778687,38.4373453165315,38.6425100031367,39.1856793965052,39.6372307929527,40.1811769380644,40.5539094401021,41.0892662327753,41.1860152824549,41.7381036326514,42.3006550986753,42.0224135175596,42.3301535198657,43.980644955115,43.4731937654599,42.9595226806933,43.572746630373,44.490911003406,44.5535466945429,44.1408671711496,44.9263077308487,45.2281597118786,45.7801132934226,46.2517241509626,46.4333484942433,47.4404944483644,47.6264200866724,48.3720765931821,48.5381831073767,48.986229957685,49.8330859811876,50.5560849909973,50.5400095720587
"57571",83.4897939321304,83.8764175125442,84.8968121549508,84.8005074412667,85.2185069450132,86.0955664419736,86.4985810207147,87.4075135136316,88.7472813296063,88.9003155817426,89.8414102432743,92.3406480309166,94.1977408930427,95.1418582565426,96.180597839604,96.2108737066965,97.265895810466,98.1610299585962,97.1433901353947,97.395484073339,97.5286967885576,96.0535328879388,94.602476436167,94.9481370792703,95.8199079468487,95.3752940858753,93.9614759590208,94.1956386631559,93.5581765922698,92.7381985970533,91.7667440068855,91.0559569402741,91.4037533009696,90.9244191275045,91.0383820834231,90.4982696054986,90.2036969250659,90.5759987621283,90.7637696377412,90.1219406119453
"57611",3.73628562308947,3.75283139377494,3.79879409371339,3.80141026821224,3.80927695896843,3.84395320570962,3.85246282643575,3.88724432305781,3.93961799256332,3.91762392186848,3.94700654175426,4.17528639386209,4.57944856639837,5.06514389787464,5.68796295090249,6.37752582179127,7.39697537731167,8.47978596476033,9.17480350956683,10.4880961961705,11.6074926571013,13.1126031455644,13.4018198714038,14.8155572012565,16.5688259891596,17.3713250104482,17.9741802273176,20.0461433991345,21.6884489351783,23.1090381047993,24.5715180961978,25.891019168378,28.470155635414,29.854285137243,31.8075936772483,32.8780427504651,34.2321354616971,36.3694023398094,38.0209446804294,38.8652058763642
"57631",9.10868546956242,9.14097651471087,9.28110732693868,9.35697797876115,9.47597949075033,9.69307352625684,10.0671600641734,10.6882507066316,11.6418232437849,12.2955601060252,13.4476780200264,14.5034216739579,15.7534665401079,16.7830923809796,17.938978248685,19.0878693555097,20.8185953863632,22.2554346378169,23.0370551510569,24.7772981240428,26.4022166460247,27.8771227325929,28.9407929741147,31.9056258315665,35.2929514040571,36.4814571621254,36.9391350482758,40.0127207769029,42.3957761533262,44.3610261074553,46.9411696263052,48.7363338686374,52.2787542498072,53.6066665322265,55.5097222750508,56.4306062856766,57.8454064312529,60.2414420159663,62.1337771916589,63.1647412453649
"57651",67.9742601632677,68.3661041832593,69.1390970055514,69.3619196739413,69.6123619975985,70.5023862027979,70.8347867668594,71.5001476867586,72.8090937752871,72.6816754715518,73.4795838612161,74.7498422964742,76.0759304890692,76.4057410989842,76.933664001678,77.2395828231173,78.1211656564842,78.6665733284033,77.9163463119999,78.4086989370444,78.4104282004523,77.8067568043642,76.9754494565801,77.543695184667,78.5050099041271,78.0032562816501,76.9949519068953,77.3778277656307,77.5001200218185,77.4331223941113,77.7288679589545,77.5096250368354,78.3824167129751,78.321381916217,78.5552711756827,78.3252513738306,78.1928284749346,78.5348116666482,78.7665109899916,78.493838202363
"57673",3.05227835676532,3.06662856106613,3.11072828415601,3.1440638821831,3.18651440790109,3.26628524128125,3.35132262823406,3.48272555127949,3.68329476760231,3.7868437678707,3.9837363666281,4.19434274020863,4.4855220746972,4.71143126148534,5.00293519096144,5.29793370199453,5.6970647318109,6.08188909378271,6.23236764023343,6.68440025432818,7.1657278048714,7.56005856006315,7.83684827418455,8.58666094822592,9.528528456827,9.86123397703624,10.0674589667437,10.8799789711576,11.4965717329218,12.1209755346368,12.7335192109053,13.0406144523356,14.0250637170405,14.6620499283746,15.5301506749768,16.161168146772,16.8333837023393,17.7282514294873,18.5263264791784,19.0456947206377
"57694",20.7114158813825,20.7927017024787,21.1239283092802,21.4238157756026,21.8568055156594,22.5207332096424,23.058158216113,23.865176521201,25.1359932857288,25.6334720991527,26.7338300481017,27.6760100551282,28.7477393450859,29.425932373616,30.4328829859757,31.2484199313892,32.4199241913351,33.3790180649379,33.5479214180057,34.6784842974332,35.6298095523262,36.3814047645114,36.7350294608966,38.1351007460269,39.7748462196523,39.9823914855769,39.7901338164242,41.0316246851009,41.9270563192596,42.8217948418431,43.6999213079149,44.48493979609,47.0541330778096,48.3888632234257,49.7952768370066,50.2811436317535,50.2276306731741,50.5981094904099,51.1864766586807,51.5598683055467
"59551",26.1218496658389,26.2498560736193,26.6225834027035,26.7205484205432,26.9899423497476,27.5172223065197,27.7972500245336,28.2797486168333,28.8759103077856,29.0840874723582,29.5324313263394,30.6632018117016,31.4703934327695,31.8910271302388,32.3172098362383,32.3790034388132,32.8876742661136,33.1992200509239,32.9072639335276,33.0927255701227,33.1435237158793,32.8982771256185,32.3401162188369,32.2103177115568,32.3183855743392,32.0643573596303,31.58845104918,31.6722007305142,31.6128353218303,31.5646560207455,31.5173533515675,31.4358766572018,31.8148204003366,31.8362702911503,32.0842773685704,32.040045397891,32.1293770679881,32.4238063262603,32.5792173523706,32.4123611085412
"59591",86.9602887730479,87.2905463807734,88.4468882904708,88.6134082912934,89.2253951189964,90.3482892199763,93.9206013420669,96.6579726165396,99.2141186449086,99.0458856828761,100.203544024403,98.2363832754197,97.6655260392631,97.0630942633808,96.700820090987,96.1744880523161,96.3566676011595,96.4049461258866,95.370712045006,95.1428474354116,94.3739503290667,94.1369330083305,93.260537733217,93.8145353874158,94.5646731455719,93.8734003233043,92.5841481452128,92.7760789184235,92.4441475456708,92.1237341822765,91.9083371747617,91.6169434659904,92.5607943576076,92.5033127028712,92.9411701781126,92.5929198228548,92.5505831106805,93.2508389711274,93.5190073930081,92.9842368616803
"59631",14.8250370461658,14.8487737174189,15.1319630028445,15.4034093019145,15.7764127911749,16.3566225733018,16.7677020746564,17.3282964995536,18.0820045563219,18.2977279544938,18.9166170645472,19.54768693943,20.3668963303338,20.9615317749715,21.6609322862297,22.3059637981857,23.3573120480897,24.1771041108304,24.4506097251373,25.4094487588363,26.22734649091,27.1213613074354,27.4783583022112,29.0085893427908,30.5874371925314,30.9361097696625,30.8517906930412,32.1029948816888,33.0581701568888,33.8752912116657,35.0266115712823,35.9582911876094,37.8234629084204,38.5370935100982,39.2136857270619,39.0119482369151,39.3635300000367,40.3200290559496,41.158740499945,41.4128225730104
"59671",52.8804491210549,53.2441752916047,53.6365225109766,53.4317015899924,53.1633046690881,53.1176292012952,51.9912169006517,51.5974421892448,51.7466081448885,51.5121032055082,51.6498567621533,52.133634416703,53.1226665227596,53.9503473434224,55.1137551280875,56.3897589897107,58.1772097047748,59.8888618344069,60.5041539834857,62.6738270408404,64.932224561104,67.0670002448702,68.3831242648395,72.2155915815229,76.6213218604748,77.5796628072478,77.5090681485413,80.7178570245113,83.4305589632862,85.4268330016854,87.4445751627694,88.3056297513589,91.8743878318833,93.7662642330076,96.2933734265338,97.8606441430713,99.6285685768845,102.328798151715,104.657305770922,105.944825697724
"61351",47.1086935989205,47.320688713415,47.4451797851908,47.593040248105,47.5000579262306,48.1372031439696,48.4238078522837,48.6562360426507,49.4721300982707,49.7456406571012,49.7388580864365,49.5028320927989,49.626978986401,49.5417446444697,49.721123613034,49.6926742715527,50.0539534769182,50.5176320682706,50.7871197130217,51.1158717577656,51.1156975750016,51.9478306716204,51.7402401267749,51.8448216568502,52.3646870264524,52.7717411505807,52.3215268485674,53.0829588093392,53.5836030042328,53.8815042954838,54.8699586535073,55.9247774961536,57.6984743771601,57.7277014209656,57.9197345424749,57.3510276970304,56.8518388761688,57.1203539012662,57.1738708331635,56.8383133058574
"61391",89.5776388879164,90.135903322551,90.3736356006454,90.882809273483,90.8838025166673,92.2532799986584,92.510213393383,93.3014347382234,95.0299629174827,95.8003936133501,96.2664061497828,97.7818661785431,98.7871521219799,99.168202792672,99.9819101103152,100.134858927121,100.946862738654,101.928261258478,101.821561215853,102.131754682629,102.399060086017,101.897762475594,101.021127286021,101.602587126896,102.773944771686,102.912612936606,101.390922729648,101.743701021446,101.740147626219,101.442445148398,101.510406835646,101.408472548951,102.533047804477,102.279994682297,102.764382724714,102.697743388444,102.749356947747,103.498660767894,103.798977569307,103.253909214441
"61511",2.50764721881375,2.51670775629144,2.53617250901585,2.54681532953623,2.5461921516038,2.57608744952704,2.61089909557353,2.69125913480823,2.79382279266998,2.88001398294536,2.98554183983065,3.83983272750716,5.27037071115427,7.18240520210431,9.5313430589192,12.1258572692861,15.825125510704,19.4351207818364,22.6864865063779,28.03111389001,32.5257630067583,37.3697163274927,38.9825442314844,44.1072476675951,49.7788820326818,50.906860893526,51.3338673662239,55.2033181589772,57.6304459901119,59.8661166945321,61.937463516011,63.9364544979389,68.5249384927449,70.5878477049064,73.8011848398116,75.7275466174908,78.1632826389677,81.5990554431831,84.2934433630023,84.9571797917063
"61531",69.6509075373864,69.9566045150597,70.6377022169228,71.0319044597586,71.2994324037412,72.524069341711,72.8611734985505,74.0450869391155,75.2454383308293,75.7849142845762,76.507061954198,78.9457450316239,80.278928216483,81.1251241762308,81.6561528308514,81.9396646887589,83.2901499938607,83.7422364412487,83.167060228211,83.9710161821192,83.1423532036018,86.0744803209756,86.0417866247103,87.5549358379258,88.9371302142068,87.6697225900387,85.3545502573313,84.2518442391855,82.5617635761457,81.4060244973585,80.5069519899583,79.5491293510332,79.2649652313654,78.9556277599495,78.8274468636819,77.9951015683959,76.9173671193372,76.3526898481445,75.8510347954909,74.8966586084787
"61612",99.0998099592288,99.4768181714519,100.528582344557,100.733718308817,101.134548894892,102.014125704933,102.476703347316,103.51544772061,105.025522283366,104.883012558454,105.965754201484,110.15569347309,113.09252511294,114.582087181665,115.833182890351,116.62943191066,118.359525696995,119.532161364751,118.55039753123,119.196814211005,118.714744401737,116.596547757228,114.654331662387,114.775209163011,115.212292972824,114.237193444899,112.523371274234,112.502629562617,112.514553997544,112.212779099912,111.440840880485,110.708913911634,111.322185792261,111.035916776765,111.078118620258,111.841528576385,114.04267807761,117.572376281029,119.955180569028,120.326904928972
"61692",48.5244744650333,48.6999571155022,49.236569540195,49.5125651707736,49.9906440934236,50.7040031395247,51.1010187994404,51.8554487977882,53.10462879863,53.1479494328125,53.8307104320116,54.5468239236516,55.5605649461915,55.9344251988079,56.6885879874964,57.8298722639303,58.6255708138435,59.4517983798256,59.3301075693626,60.3058924977857,61.1408447220074,62.4705885380166,62.6066038818877,63.5286915580743,64.8230572775865,64.790057936389,64.2932773069792,65.2340856103269,65.8816276363746,66.4176442914798,66.9486801592986,66.9233364182762,68.2215504510604,68.8047984120197,69.7229552760274,70.274983836727,70.9625871527842,72.5061298797791,73.6228364901733,74.204061913845
"61751",24.8507906866438,24.9605745105031,25.300470382077,25.58175014303,25.9993374372609,26.6987285883531,27.1914124508909,27.8709872441079,28.8646873509498,29.0529619683059,29.7071542207208,30.3532781024408,30.9414399985283,31.3413736547556,31.9168986409196,32.4329584181273,33.1299009201109,33.7438325144413,33.6989578998057,34.2880416513164,35.278038566195,35.3877316082876,35.4872924444258,36.4357831245346,37.5583297865285,37.816602486082,37.6222117425944,38.4043479885285,39.0004400482471,39.5994638604904,40.1707748974938,40.6032752955174,42.1620532998998,42.8479990543541,43.4148577640423,43.3656955035439,43.4643993118985,44.2417593541982,44.9879435604177,45.3134920279616
"63491",50.7927894118057,50.9453640041998,51.4068182368764,51.6824797450058,51.7985113430376,52.5858930381968,52.9830204585261,53.7339433703574,54.6813548990731,55.205483140984,55.8385112311367,56.9080140048933,57.6214929954125,58.2863333976354,59.1053047788164,59.3705898554711,60.4157565812427,61.2019789324834,61.397725811787,62.4756760200962,63.0333604606804,63.8084827434725,63.5577884968283,64.7413109189088,66.3143996609884,66.1031638902979,65.6522779626538,66.9080170383383,67.6593879875814,68.2304408798145,68.516435838803,68.5339360781912,70.0206525237519,70.3371389244962,71.2517241780615,71.5836354105504,72.1477594009273,73.265324803912,74.1344168500774,73.906930952567
"63511",13.2385239881021,13.2900856677697,13.3937812076409,13.4414701049774,13.4188705791946,13.5675947559934,13.6852069229881,13.834994939665,13.9698456588088,13.9860138876072,13.9748671234416,14.0634012391489,14.2269261336132,14.4468248863346,14.7248759791276,14.9647873980811,15.4123730690299,15.7775885773137,15.9514622777375,16.4463217619512,16.742320791876,17.3779905879798,17.3662499452349,17.7299859597162,18.1579866693604,18.1127780751763,17.9948739454575,18.4072597399733,18.6808198502088,18.9683971120308,19.2035631535233,19.3051842143339,19.8663761778817,20.0411084309573,20.4339449409304,20.6200749904971,20.8863789109879,21.3388990031568,21.7308310315188,21.719312988093
"63633",18.6492057852129,18.7231520430406,18.9839608117173,19.1854776386103,19.4044374484029,19.9190076855369,20.2568593692504,20.7980649029491,21.4753284489806,21.7195378156983,22.3043076867112,22.8149413089612,23.4706896126859,24.0427329943764,24.749736466168,25.4571285447484,26.4463373831801,27.5094467476622,27.7357956638492,28.6934975672076,29.6131161036182,30.4652016321394,30.813814996738,32.2529699047425,33.9927585371962,34.5096056396813,34.5355591420168,35.9026383268224,36.6770278565631,37.1188502498472,37.535397855144,37.7848794736342,38.9187506973348,39.3267288711489,39.8148544049468,39.8838672228297,40.2726349456637,41.0259411204221,41.5562360932734,41.5189781864112
"63651",86.5005454621673,86.9804760082035,87.9493161070837,88.2745485854352,88.5231876489339,89.7465130870812,90.5641152514321,91.7944008875567,93.3302389444042,92.9890932046899,93.7390037625204,95.8731428062436,97.4156399001458,98.1491858085594,98.7788464443335,99.3366574519756,100.27302172501,100.937873763838,99.8201667013986,99.9446200775967,99.4167969133943,97.4317384263695,95.9047434244,95.6827891086243,95.7480200324068,94.807713592464,93.3499388699744,93.0036589566932,92.5530500610548,91.9660163089086,91.5241082899091,90.9059975926963,91.2549131790952,91.044020535912,90.9650909587908,90.5898092697649,90.3445417170927,90.4772562192512,90.4119992154655,89.7343809902243
"63734",69.8695276033005,70.167426414269,70.9331999184746,71.1517363090152,71.3166843134339,72.1319287134618,72.4774439587994,73.2251739846332,74.4722256621142,74.2562030048062,74.8449344606588,75.38090540424,75.8789154015158,76.2663975928556,77.0845087821504,77.3357765506147,78.0276751840016,78.6765019048855,78.3040620530323,78.7340817552433,78.9970601818915,79.2468111783617,79.2168722283356,80.5022254287961,82.3694576820092,82.6683338122156,82.1415573671194,83.2788263879833,84.1276972776259,84.788473491354,85.4275951486349,85.5889950005497,87.2581133268408,87.8508978729712,88.8531426628916,89.4500924355186,89.809248360033,91.0786036820592,91.8803113589428,91.9659064090307
"65431",107.261314242045,107.707116043479,108.491456617706,108.886621884185,108.36409224758,109.240058723596,108.430455993636,108.30254078361,108.785844249111,108.680918883626,108.485904309531,108.592317649798,108.430386051217,108.2225688328,108.072963919956,107.399756274036,107.230282067608,107.188055882791,106.478591521984,106.265355765753,105.643933560262,104.736723608723,103.431095749146,103.203009994922,103.237293416274,102.550338423191,100.886070139925,100.587002680868,100.032835850062,99.4429056332132,98.9716103982045,98.3983808364779,98.8306384184153,98.4051563873781,98.397192344162,97.7777117356765,97.4199912521727,97.5349130781014,97.4220138828042,96.688424435014
"65491",76.0539507762021,76.3960923195795,77.1113658410858,77.4683441266335,77.5728313124823,78.6753208126558,79.1121595121441,79.9599938416079,80.9999862958214,81.448181454227,82.0316929895292,83.5739770045607,84.230850814069,84.8051548965321,85.6263489412761,85.5117323143455,86.3807195871742,86.9786082548713,86.5886425270748,87.0781492505868,87.5833090581683,87.1003915384359,86.114506204326,86.6216942754296,87.6046034935446,87.1872513375981,86.0962514832959,86.8023932728566,87.0727975685048,87.2933332859944,87.364970315049,87.1886428385523,88.4288716018597,88.4968946870005,89.1950479421401,89.2050684683954,89.436992953635,90.6964667678396,91.7761016189281,91.426287578619
"65611",15.7751657013006,15.8066082184253,16.0358112739717,16.2718177411131,16.5685917421381,17.1538343242846,17.6281902439073,18.3859972621038,19.2619585885742,19.7765564453813,20.7398499285213,21.3316148299791,21.9414290823428,22.2712253622865,22.7820537647411,23.2692811685773,23.8800627268069,24.4205085086792,24.3341827176188,24.8622168210772,25.1900163377991,25.6319706702279,25.6881568295288,26.5014602007416,27.2831546753071,27.2859836103691,27.0516984400518,27.7050378366282,28.0713621751262,28.3428595262582,28.6218299045389,28.8333763639557,29.6343229699709,29.8485993670811,30.328892856661,30.4691413650355,30.792950588048,31.3799809865758,31.7368304892693,31.6311323576877
"65631",33.6619412650309,33.8425248817873,34.1962951569603,34.3877616913341,34.5362155191459,35.1399103274451,35.4486468566632,36.0421412179893,36.8329491518879,36.9703266222801,37.6011745221208,38.0962438360279,38.7621574249296,39.2783391181897,39.9937928033294,40.7069242670297,41.7411975478214,42.7759047360381,42.8059892769416,43.8462355204366,44.7808004794375,47.935124097492,48.4342510518066,49.3150403231331,50.1097346336322,49.9553652637423,49.5496161963666,50.696326336778,52.9359073863531,56.1184572876014,59.7019433443232,62.2888122333984,66.0285514211766,66.1378239579358,65.275062175769,62.7959304394589,60.8130037642186,60.1552289504846,59.7948191199057,59.0544882942137
"65691",56.7509912538351,56.9836624557924,57.6177864260164,57.7326008029105,57.8245776471237,58.5267732705951,58.6455100139449,59.1889069891871,60.0029291207471,59.844709753543,60.1921368410506,60.4877112097345,60.8027918676023,61.0398685997855,61.3296027258225,61.8566914221774,62.4134431131838,62.9471514143964,62.6088438134124,63.0232767414927,63.452504472115,64.2293723329173,64.1932055032265,65.1063797165996,66.1560080509496,65.5815784872459,64.6424355154467,64.9926680187311,65.1857530975397,65.2394984728971,65.3670569166578,65.2064717103583,66.1784386680855,66.3933709614995,66.5782644581184,66.605684023702,66.7105163390795,67.3841604310597,67.8263606526053,67.707971069661
"65711",12.3342793465638,12.3640365055343,12.5712425064424,12.7632448789288,12.9856479441212,13.4131173900093,13.6445551289882,14.0333575054918,14.5068988808801,14.5969492469044,14.9375990372049,15.3102964306479,15.7768717946024,16.2246710938852,16.780351000118,17.405946550593,18.1092404463544,18.8505670868649,19.1245641341331,19.8643426487969,20.513549956442,21.0693785991168,21.3036238130782,22.2612571255361,23.4672836412204,23.7799647551252,23.8728019476447,24.8540715379383,25.6900953900094,26.3934523601957,27.1085628332776,27.608187169664,28.9932947616002,29.7008281676671,30.4875076029459,31.0088141959431,31.5679135520303,32.6223554887153,33.4345143577552,33.7912101193734
"65731",15.2577621111767,15.3005783751091,15.5378048205648,15.7236489500047,15.9427982443324,16.391351267394,16.7616242672255,17.1457941283251,17.6000919279147,17.5608893788551,17.7587963015931,18.0853427526723,18.7178994808504,19.4958054164988,20.641712414999,21.6293829483044,23.0861981922111,24.6811316004771,25.6295436509131,27.3361593235032,28.7627754840998,31.3161834149707,32.2465988075757,33.8173377302584,35.3566254536314,35.6824113180509,35.6600650437085,37.168463923018,38.5031731533423,39.7444443786255,40.9976634926948,41.8985966518099,44.1294958430323,45.4067451289172,47.0500262297889,48.2844561696823,49.3358138312758,51.2128169984533,52.6600724836012,53.3633902593646
"67391",109.774238429355,109.963769612057,111.282161379486,111.950287159025,111.903280422309,113.498626673987,114.104191864191,115.030863504977,116.962091353899,118.196955202908,118.744603775763,122.529252167515,125.988395577587,126.837737390136,127.684384460467,127.626646231329,127.747357962108,128.62919359601,128.048010261178,128.308333000776,128.895051990455,127.428476712546,125.214102973739,124.210211655315,123.023797426964,122.177678749166,120.272390036565,119.760971325524,119.087003946811,118.237435949278,117.289197941307,116.541097781335,116.559180456759,115.625938116419,115.292235913143,114.454912974617,113.713345224348,113.658205531652,113.247286345975,112.360965392694
"67493",66.5047058056556,66.9253332863551,67.3958192434816,67.7590185114383,67.7954004447815,68.7280412352553,69.8957732784762,71.0018979764515,72.0198289195725,72.130954371748,72.5543542600106,72.2433726940228,71.8027119064209,71.6375731645436,71.7451661645825,71.3799159501789,71.6948174915705,71.8871779007199,71.4112135895835,71.4524680067134,71.3068404557512,71.8930453537541,71.2581999892847,71.1408338954481,71.216340029296,70.7123225425584,69.6207612344733,69.9606160411945,69.9634399878553,69.8501652477613,69.7629059967303,69.5470426648402,70.2495308731459,70.2198459359829,70.5277902497843,70.2834606786294,70.5394442825385,71.4027976317523,72.097133733702,71.7797475590146
"67574",40.4118649515769,40.5775358737245,40.9008580803133,41.2647947658095,41.5576927155311,42.5576359633615,43.1461297397348,44.0989512837693,45.1574131872716,45.5732179098952,46.4441079479443,47.2761975061526,47.8230273489318,48.2101944495886,48.8208036018998,49.39005283932,50.5849201929944,51.3602317451957,51.410536088326,52.3468861724178,52.8692962629268,53.5984387063843,53.6966699509953,55.1592065861261,56.7016382748935,56.841006283924,56.0587492473079,57.0059679537114,57.436804967093,57.7611053365743,58.2019406054167,58.4640615205153,59.8948211469387,60.3900917577485,61.3104947044224,61.3247255007181,61.4639302910643,62.3253877483288,62.9342882323902,62.647251012798
"67611",58.5174278391919,58.8141550336606,59.3351395303971,59.5477145696992,59.6078409686366,60.3483577472888,60.7131412090485,61.3962503003079,62.3079168553563,62.417337541863,63.0765736987221,63.9393555432561,64.5879626579039,64.6741549458532,65.0966032729732,65.4310970243524,65.9618767709509,66.2603069989616,65.676877600071,66.096648024286,66.971174627831,66.5253253144273,66.1576265605008,67.0055732407966,68.6498453424357,70.6682445676597,71.5843975288565,74.4533501857484,75.2714112837915,74.6398042982416,73.4507876813357,71.7683901154895,70.7506913864435,69.7345501579833,69.2167794765235,68.487733800768,67.8529905508483,67.7268970316001,67.5275727063623,66.7838466869631
"67631",124.779839856129,125.666840301391,126.853711221444,127.250524771308,127.166512117115,128.600809885968,128.938460679581,130.033588123584,131.663176597385,131.384956818984,132.320481385289,132.662789078044,133.167058935253,132.996090516381,133.492892896789,133.852671813051,134.690424579145,135.38398355833,134.076423336581,134.658011009027,134.510630549603,134.776229410256,133.906924122328,135.060709977441,136.443237269411,135.727189326791,133.813617327812,134.459977036609,134.372969309127,133.928201539062,133.717815322897,133.123461346528,134.338383258748,133.951432652399,134.373926230738,133.98314964226,133.935077201107,134.73288342765,134.918338459864,133.887523327947
"69553",29.4447961469653,29.5616616842349,29.8176800652754,30.1203497488228,30.3354863744428,31.1469404984425,31.6201771491686,32.4472696297405,33.3175320196414,33.6589355597084,34.4619601682639,35.4597877560056,36.3104222994402,37.1417530459522,38.3832780922736,39.4843304256284,41.4766531309638,43.1572950222029,44.1386970484253,46.2712971222321,47.4078700833563,51.5859157217275,52.1555095474058,53.0926649859604,54.8945603212442,55.6149955688138,55.4811851875606,58.1542316345798,59.9016478887416,62.0690827166642,63.582902765365,64.0379716940209,66.9963494610478,68.4541510480421,70.5062780679956,73.6023878688112,79.2593678705408,86.8036074769415,91.4578420415556,93.0107905019427
"69651",85.1105119528262,85.7297687842942,86.8360304682232,87.5142659868924,87.464600073653,88.7786882511701,89.2269619808412,90.3277540745075,91.8444331429384,91.9308271775392,92.7800916491278,95.1827624691519,96.8781798072389,97.268926480552,98.0633239434214,98.7494933248349,99.7083918135168,100.366398398057,99.2491912047519,99.5432663819289,99.0606112098152,97.5338749283303,96.0630034154162,95.9172101054973,96.2287650808187,95.5176366939742,94.0586570389565,93.6625806886712,92.98635444091,92.2485506722959,91.6141943355029,90.7258569354214,90.9049278330994,90.4471858400894,90.1121185577271,89.3278517322915,88.7665638510198,88.7472491736944,88.5694696765498,87.7297462308477
"69711",20.8757679651152,20.962581903316,21.2756096545528,21.4145667398946,21.5394300878269,21.9923533819111,22.1593404176204,22.5470177639127,22.9915561721552,22.9473176791393,23.2385370042545,23.558297391657,24.0100076269331,24.3015034810937,24.7315520821388,25.2449075939463,25.954162953347,26.5874049752712,26.7799917997618,27.407718525057,27.888829184453,28.4759378232068,28.5032824407627,29.3430357044485,30.4762988845642,30.678090618719,30.577116497613,31.3417453097225,31.8841734850763,32.6044875351261,33.2436734668118,33.3965764108202,34.2426567878991,34.6312082056696,35.2293071574073,35.6139520733436,36.0586011835708,37.1900606799009,38.0578966925133,38.3073177154629
"71433",87.4019658112633,87.669268336052,88.7029225462626,89.4031303774767,89.3389486908977,90.2312151985565,91.3287350904987,92.0446035153985,93.6634963449574,94.4401526058089,94.9631399816192,96.4977161459054,97.4978726403965,97.5164492972395,98.1541341047347,97.8281105148596,98.304896235748,99.1575988519569,98.8918784211223,99.2012728410927,100.564136952509,98.3421287507153,96.5566597793875,96.456633625583,96.55232209404,96.4206852108015,95.1822088799455,95.4907788016991,95.415587918141,95.0842031417997,94.6964014544731,94.5206473426566,95.19568292418,94.844774489603,95.0205347423229,94.4525301592586,94.3463172702463,94.7288598265287,94.8747887869192,94.4651450014483
"71492",8.44843316555037,8.50471936010566,8.57203106622475,8.63211898020183,8.66092681962214,8.81869886470075,8.93821458840386,9.0502921775636,9.1970322671194,9.18992372365126,9.28735794131447,9.57956981830387,9.97688976688124,10.4275471978853,11.1357853968886,11.6680741023484,12.6679939462354,13.5327281152609,14.2247828424074,15.1388812902436,15.8746794176565,17.2565231002705,17.5852681653018,18.2256562781033,19.1475944899948,19.6324006564569,19.6734739269989,20.903224156072,21.6909972329109,22.5559621307675,23.3419142539426,23.8455628774184,24.9654671322369,25.468933524325,26.3552540227391,26.8014511408496,27.4229588339141,28.4596940775575,29.5172774640771,29.8162494148369
"71531",91.3599708532854,91.9921747479795,92.5888036830865,93.0174216550688,92.9290628309583,94.1774017892716,94.720142773014,95.6418974279594,96.8642693652451,96.7842342291836,97.5866011707412,100.144553492321,101.254180817646,101.544629020097,102.499404519282,102.278866702968,103.392310118655,103.928663649181,103.361240673571,103.703263743867,103.516594492914,103.277049758315,101.570735019815,100.539267873899,100.282952426992,99.6902568300182,98.3162869187156,98.7632853902068,98.8735635150173,98.6662636862444,98.4861255677109,98.1179479553743,99.1203424395202,99.1303410742158,99.5579612119115,99.1883461355038,98.9925142679887,99.9822238604761,100.906438007696,100.433611281091
"71553",39.3848518726398,39.6222043017069,39.8977873840338,40.1079079993084,40.1133172462169,40.7603003294861,41.0793892566881,41.6820280140069,42.3827970296707,42.4980570624402,43.0550051933048,43.7647515521617,44.0794165154873,44.0900845572214,44.3914581758287,44.5025566943975,45.0757108186009,45.3367498803806,45.1898131562605,45.5429681339755,46.0578044540372,46.0307425792464,45.2901027024357,45.5963154019541,46.1426668320035,46.3475124931404,46.0074668632343,46.9037261430203,47.4960920052917,47.8243180475199,48.3633884029174,48.3770582965862,49.4671842427398,49.901729907061,50.6860963475267,50.8619722032785,51.2131238215944,52.5138077834192,53.6765373692427,53.7665312594668
"71591",75.7381730218208,76.1734360354761,76.8652626694365,77.5554545596088,77.8206625678452,79.0427966113999,82.8234705732988,85.5956996828557,87.8733196755991,87.9740540133708,88.6358399572401,85.4977918562073,83.7224650456303,82.3969351166859,81.7363876074426,81.1961291641513,80.9867426726928,80.5635273501503,79.6895469107117,79.3379591758859,78.8285472033415,78.5478220292202,77.8158971250027,77.9190768710179,78.1585920773303,77.6751549984527,76.4031582623469,76.458398553694,76.2208950500808,75.5964835451591,75.0682199201838,74.5123969796978,74.86830827684,74.7008074626537,74.9844724158967,74.7856339426896,74.8050870812314,75.3888974025222,75.7858418418988,75.3294084715455
"71613",77.5849856847796,78.0949976037672,78.8651123900512,79.3950068651314,79.5048328679039,80.3749759830162,81.6309918349713,82.9069379390494,84.3371990683238,84.5414573191251,85.3169990638715,84.8845810804975,84.7961805133343,84.4650741143127,84.67122581517,84.8399848782721,85.457811636187,85.6575723049768,84.9174226393756,85.2224512064822,85.5129524248765,85.7687151848982,85.0600586339915,85.4228991706362,86.1553580708054,85.8300272485789,84.4768578636711,84.9420361745692,84.946460837625,84.7906472582624,84.7459550458071,84.2776143735335,85.0119494428115,84.8756202901063,85.220837839816,84.8621236797494,84.9956486284155,85.9958438855979,86.7080888573909,86.4097152179917
"71632",3.58601933200601,3.59765218356107,3.66887865347755,3.75934967005,3.83823560976311,3.99387614726519,4.13367360462592,4.32805419482557,4.57542985648311,4.72361795588546,4.96401761885054,5.18876014684859,5.42953380272033,5.61117115343335,5.9091692297065,6.1898539120265,6.60411054768669,6.96316765295873,7.05544062760629,7.46229003568518,7.8858691361337,8.58851539231305,9.12501064245594,10.1745928140297,11.3215060378813,11.8158748615093,11.8788059303155,12.8121110776262,13.5230238463335,14.1859186280329,14.9875363037457,15.7399714494608,17.1826851711144,17.9759087611767,19.062246487087,19.7262940633949,20.6082442697557,21.9210312587426,22.9968004354757,23.3969100456176
"71651",26.3905907407268,26.5483789625029,26.925882645661,27.150088877433,27.1447427335373,27.6156759772949,27.9082847304566,28.4678081516827,29.2284595419425,29.4360886370589,30.0013141772667,30.5485678024391,31.042660394376,31.29329733432,31.8202211278641,32.3604079144649,33.2703974052019,33.8950388134894,33.9449553321931,34.6771671992895,35.1139431210246,35.7391996439484,35.8331393576441,36.7053055201279,37.8292897571645,38.0046382519955,37.6471250748564,38.386849686428,38.8521198542595,39.2203989243074,39.5960037656443,39.7838639970866,40.7108467332276,40.9442074876709,41.3233639973338,41.3708690514188,41.5586040696705,42.1761688635036,42.606139545998,42.4643908593702
"71671",79.3248650774611,79.8347722242554,80.9471933344146,81.3468194675936,80.8962091770906,81.9511404106723,82.1954292087743,83.1585009723067,84.4217475349548,84.1443152899703,84.613100842581,85.5866331418455,86.3073540294142,86.207900052605,86.5827703030422,86.980134763403,87.9480394363645,88.295402455981,87.7676937641219,88.1739673765968,87.7326331623635,88.1444716655485,87.6455688498209,88.2988694034639,89.321821516784,88.894190455383,87.6915061874533,87.9374375480419,87.8012796294872,87.4348572669244,86.990288655081,86.4024665371231,86.9369763508265,86.7715189413101,86.8541107587302,86.5905233042277,86.4209977612143,86.9139006252189,87.1673824049125,86.5669205031965
"71694",247.706563403847,249.150387517927,252.529203843271,253.138417254761,252.525896301517,255.924803964973,256.653227414544,259.494666252425,263.112015734537,262.123810163424,263.569808385909,265.819664635765,267.786297054225,267.48002857075,268.542500986826,269.559044526453,272.393121107813,273.561369516493,272.088764368026,273.186031264567,273.04224882914,273.524150168461,271.816794277413,273.785493040756,276.845844434798,275.123525328037,271.114207432948,271.583127905776,271.461446849278,271.106774807108,270.903902770492,269.589298650969,272.135480365642,272.525046493385,273.552817781981,273.136927938681,272.535520505784,273.56837437865,273.612780473747,271.586600843211
"73453",92.2364241379588,92.8983227820219,93.6982528226032,94.2306215465779,94.078278471489,95.0100684595093,95.7299675546019,96.4384050584439,98.5712393097849,99.8061266231775,100.641828534658,103.080160232763,104.74936641695,105.559245490405,106.579985956381,106.964875732725,108.983843482218,111.032793394801,111.891633371806,112.779966780934,113.275901533232,114.402731250434,114.258011504207,116.491620233452,118.422377622291,119.44644619923,117.980432848828,120.522872149571,121.86452419485,122.764271586353,123.62412756294,125.156963553226,128.788627636764,129.389938065951,131.317349358088,131.989348571632,132.795380467749,135.290786366159,137.322804483851,138.262273261137
"73471",25.6743855773354,25.8172672418985,26.0698312439958,26.3539279254688,26.4559668702767,26.9582965887315,27.3250233643444,27.6944771976468,28.458459327221,28.793719206039,29.2035170673036,29.9874607531326,30.5297637389611,30.8700276002397,31.4073779724832,31.6167063238742,32.4737526597145,33.2421927111398,33.6547689963246,34.1129569595764,34.5415966591459,35.3882013957313,35.4374124095083,36.1612485856836,36.7294299288294,36.9394763464883,36.4614573341626,37.310678887083,37.755260312175,38.0326229496052,38.3715367353113,38.8254015180131,39.9335922808552,40.1995893875629,40.812195297074,40.9405946318023,41.3323341151989,42.163720117542,42.9006468142028,43.0357785081079
"73511",103.66049162469,104.444624689986,105.331831884118,105.958319807393,106.05517106231,107.638781267346,108.520133010081,109.420491890141,111.068278345112,111.114196613699,112.035477586956,114.286930256818,115.38449936298,115.73647171051,117.032156974846,116.670938002008,118.117740502865,118.94644080013,118.568680613998,119.112843342343,117.816371023435,117.566243675539,116.623387144064,117.492631413056,118.636472903971,118.456091069432,116.47252552548,116.783594072918,116.320035503289,115.774891850357,115.460848625657,115.128458789661,116.235320770626,116.066130392623,116.33203709127,115.748070897125,115.418852373292,115.934216470167,116.382470870413,115.604603905083
"73532",44.3858383665696,44.6956656118499,45.2094387977636,45.6935838833042,45.9820276050453,46.9962382105499,47.8640204760079,48.9075963750923,50.52324170876,51.2157063517096,52.5960351005224,55.500812067798,57.0242965578327,57.8004185608375,59.1625207775062,59.2678893223888,60.5267817365253,61.3338891959077,61.0522698285525,61.817937388701,61.8710079232227,61.0726596933494,60.1455468134389,60.3432882180734,60.6839604272976,60.5284783488317,59.5972988303627,60.0077274360278,60.1281641716668,60.0562361058099,60.058468067767,59.9940341562193,60.8208503036844,60.9325058534321,61.2932935219733,61.0951927172052,61.0617915675351,61.6763473105982,62.2273982516972,61.936619561643
"73612",76.2371413801332,76.79792649648,77.5643574500148,78.0437944487272,78.1830538703557,79.0045900648242,79.2659459644478,80.0036241423438,81.0135715006193,81.0864609910895,81.6296668258132,82.4715587943134,83.0199658317179,83.0880709301624,83.606810202765,84.052890823919,84.8601157281651,85.1067189519909,84.3956843395335,84.7247193241384,85.2049535022662,85.341370355001,84.6481646022293,85.1600962781305,85.8785194692222,85.6237072476344,84.484201800663,85.480943685735,85.9562382900714,85.7594870970882,85.25094031327,83.9580015433746,83.1465041556742,82.0885829745184,81.563984339425,80.7401798370288,80.0144697694724,80.0966311466934,80.1904301727677,79.5515740379994
"73631",6.77292170554206,6.82014544454732,6.89548486115826,6.92930080626324,6.92418995927408,6.99355833573919,7.15544269370295,7.46141317191397,7.90889264235636,8.26117214141724,8.78162002820874,9.26169625091179,9.73894879314662,10.1167077765934,10.6856241700278,11.2579780641946,12.1303361993189,12.8219039586023,13.0492779431344,13.8712236645582,14.4863522708787,15.3998639469237,15.9402866344109,17.1999622923793,18.5915648941826,19.1291787898612,19.2068314746378,20.3958031646674,21.0482382891914,21.4913290408122,22.1332585148139,22.7029254469825,24.0529215595396,24.7678700363041,25.7526881914632,26.3038310767935,27.0614169259614,28.2563781548991,29.2312645969341,29.5224295909515
"73651",86.7891186670448,87.3088434180152,88.4122607607593,88.954445513785,88.8239144766075,90.0409359959996,91.472912455226,93.207389013506,95.0137766289995,94.931397468796,95.6247948781998,95.6491396421719,95.6085789223559,95.2410943764038,95.4089910435486,95.6641816056118,96.7122169786867,97.1162390243066,96.2924311175957,96.6696425010888,96.2137874817254,96.2780913899118,95.688400763754,96.3258477272563,97.8786504167281,98.1048573632058,96.9519070447849,97.2651434845379,96.7864186650779,96.3858563430466,96.0884447686376,95.6348020698523,96.386813151173,96.2821973451729,96.3960432617596,96.0675061190659,95.937232148826,96.4862510733055,96.8189628907018,96.1533152486932
"75453",64.6886759768544,65.1712046024317,65.7932759668467,66.2242446326511,66.1433786155818,66.8493415750615,67.188245130909,67.4211040133551,68.4468745912881,68.9332350583877,69.1737584546407,71.9210550734376,73.4857494554329,73.8322791704435,74.2803560643623,74.1373529120768,74.9121179123752,75.6421812151301,75.3362215977185,75.3037270819886,74.7105684039708,73.5972824186659,72.3262519668326,71.9725915216752,71.7219055372935,71.3397787961147,70.1968171339398,70.0852193392025,69.7152392258429,69.3267200541937,68.8662071701877,68.3873781515002,68.4732390996622,67.9469106189573,67.7614448204333,67.2864093545219,66.9036978351131,66.8996428676948,66.8003440196201,66.3335166497869
"75491",68.5499856184083,69.0325910707035,69.6422961902236,70.0721657859284,69.9832842679273,70.8365528582974,71.255921983885,71.5782255502939,72.6518990449858,72.7628983498288,73.063503700028,74.0231446400813,74.4594869885223,74.4903147351532,75.0187439519339,74.7480753645546,75.5454236341268,76.1780995227403,75.7911435133961,76.2035294581571,76.2642408319212,76.4044703400131,75.9076654579789,77.7011005912003,80.8735778373424,83.2585671671071,82.7280655697764,84.0891123439345,82.9356337101992,80.5301239166208,79.202622692013,78.4222219675121,78.5007016578607,78.0016748391938,78.156547855637,77.6140446055871,76.688461148192,76.3770214415491,76.1890294192935,75.4495231625194
"75571",95.8917189772011,96.587046444465,97.4456804750234,98.20260600857,98.5794712341658,99.9454942950569,101.290041575809,102.801372045719,104.554063394406,104.73664715777,105.255064616701,105.557500916756,105.708660574931,105.511872730934,106.06701489769,106.402978018133,107.07067685897,107.23952052078,106.294021206317,106.518894270665,105.80837961771,105.902663005076,104.930641878011,105.264799047026,105.609429722778,105.056910275085,103.296474643523,103.621001189515,103.681718626819,103.346940142349,102.914735075519,102.159349578671,102.703076150179,102.425162493246,102.574051295416,101.926572623035,102.112725250695,103.189656606931,104.164605914966,103.67480347597
"75591",57.7409128052599,58.0928937838169,58.7727348753603,59.4315156137467,59.9600374404743,61.0293111753404,61.4282827516389,62.3511411231048,63.4982769705674,63.8022574425925,64.4734661218646,65.2265294249728,65.8552497567552,66.1749160721385,66.9883279535486,67.8191147747904,68.734024831044,69.240183940346,68.8426143746319,69.5327517377394,69.541429503075,70.2031706765012,69.9957986428108,71.0754076088279,72.2975535876,72.3183087942156,71.2733038990248,72.3574356514775,72.9285999958129,73.1585940114432,73.571732826517,73.7678215795272,75.1758793635506,75.5479763449759,76.4859482457588,76.438824155898,76.8241141290979,77.8267231356175,78.8061988588246,78.590730187372
"75691",42.806262435749,43.1216853504477,43.6476913382693,43.8799742118034,43.9295276130718,44.6334480249651,44.8946064508523,45.6427261402338,46.5277712767406,46.6438096328923,47.1692227715295,47.8699572866556,48.4738915807126,48.4968760454756,48.8694498619316,49.1261940343551,49.9575318404153,50.3251607224215,50.1451608319224,50.522377771478,50.5231056482221,50.7021540440637,50.4134733575153,50.7628421220332,51.393835174675,51.2907599936065,50.725967880561,51.1747707924036,51.5951722369024,51.9189632226368,52.1308386853615,51.8731714594528,52.113880026825,51.8385521319459,51.9397863708758,51.9532086003635,52.0939013887115,52.6877879956363,53.2337340668755,53.0635292762875
"75711",78.5786678686343,79.1662666265255,80.0474617273408,80.2592374454622,80.1736827594777,81.1711422308383,81.3660801250573,82.2034822911037,83.2728998310121,83.0143017323806,83.3518428115948,84.4305564968235,85.2858296216434,85.1976467610661,85.6518722730559,85.9020919016567,86.9686267151866,87.2964506566437,86.8934942759293,87.2183873616525,86.3899519691899,86.1589957836929,85.6052078044703,86.022756543584,87.0529689675519,87.1140114414278,86.201137151752,86.2858900124487,85.8803082849954,85.576409680962,85.3847060771559,84.8794132719285,85.55623916472,85.6873090531627,85.9410029015688,85.4726406468979,85.0274169745772,85.237175455161,85.3792973408773,84.7701402406982
"77473",47.370331160724,47.6819622257646,48.104018758947,48.41165709886,48.2003021290134,48.6369887593938,48.5324023437704,48.5873082450702,49.144716068744,49.3721956676534,49.5815818020479,50.3849644738347,50.8621543520627,50.9330484770818,51.3450214620841,51.4884484654331,52.4153891716367,53.3397470182681,53.3863058019774,54.1991641524634,54.2293648390893,54.9175967898801,54.7207426535082,55.6545771453057,56.490171383862,56.9236535650865,56.1465893848986,57.0964369123167,57.6487395056572,57.8294290599059,57.9316471258721,58.1574514899161,59.3719766304043,59.4553614070708,59.9925656634767,60.2667195711105,60.9738240628301,62.2796666665703,63.2544390939354,63.2575077490994
"77591",19.7248158101802,19.8892267097218,20.0822727015882,20.1330800613825,20.1050365616565,20.255639716572,20.2455876225438,20.4509360930764,20.8390655998106,21.0688261512913,21.4000461694772,21.852908583916,22.2924671036057,22.5937824628654,23.1473026889587,23.6905973053249,24.497648494012,25.1605275734455,25.3014995033829,26.1497375027581,26.6691973542184,27.8592985701516,27.9362221237223,28.9386478335365,30.2037516683041,30.8521290566243,30.7461957203794,32.2713631553754,33.2204597122359,34.2307232584609,35.2037984297405,35.5425303437298,36.9504944116489,37.6384452015872,38.9543741978058,39.5495921271426,40.3900007383398,42.2633786413353,44.2045040453226,44.7103452597832
"77611",90.1857172541086,90.9085389989058,91.897399168262,92.3211158695674,92.4598490583878,93.4801075033972,93.793295828894,94.6705254220942,95.9419985490556,96.1367758842622,96.724975452206,99.3745906048333,101.047409141141,101.300189364488,102.140650126304,102.620758487591,103.92358818182,104.333658463102,103.156142859123,103.641243510741,103.129630321394,101.511459923828,99.9612553007679,99.9468337227726,100.741622107346,100.747322851827,99.3478172901452,99.5886324939109,98.9086176919564,97.5619680756738,96.3082930899391,95.0923267696965,94.8322674119818,94.0199154486495,93.6005744789862,92.7990913697506,92.1273180193131,91.8593735488343,91.7412115480136,90.8211977467804
"77631",92.652740646187,93.3700989399076,94.5260761577229,95.1321643429408,95.523609061189,96.9460456359523,98.0465563209507,99.4015385438403,101.068485569152,101.324922342441,101.981783062061,103.756847916009,104.967753427892,105.10514311255,105.697954685441,106.091767566937,107.75687544826,108.240282616344,107.201720104674,108.039649203368,106.37575456078,106.000879417073,105.142626881748,105.581909446038,106.286601364642,106.248811276072,104.978454580367,105.428219983102,104.823570973726,104.044850584899,103.869504068247,103.460495761974,104.399627187374,104.223078011147,104.624429068071,104.411074191818,104.256422026365,104.769953323391,105.254596624909,104.562518746126
"77654",107.825532531832,108.85283142781,110.179174251955,110.563349066378,110.724530585985,112.084661321393,112.408765776424,113.449306096801,114.783310965445,114.917196615349,115.43979119548,118.648418796511,120.711263475142,121.010399368126,121.688226103067,121.976372605471,124.100186791829,124.600212409865,123.568106527594,124.21711868892,123.894107149528,121.33632850642,119.308540931628,118.792211579257,118.822186905643,117.91685202653,115.86062662297,115.32895123649,114.616923177862,113.662241943266,112.979627686627,112.000721016511,112.053040546459,111.296285232462,110.921733397748,110.195523407319,109.560844870567,109.526671276336,109.550532704099,108.609884371224
"77693",14.4028241614781,14.5054130939642,14.7007457651924,14.8491429670246,14.963369050937,15.3314064452224,15.5336495812084,15.9757395640448,16.5040781443947,16.7880751166287,17.2473016625686,17.7214028863705,18.3945096207488,18.761956402261,19.4937816965844,20.1761698756626,21.3986877281912,22.2119815651482,22.7335597353082,23.8341968374112,24.7346658566485,26.3174315482768,26.9774046059761,28.2365275185065,29.7154075791493,30.4907094086219,31.2080394669196,33.7133832833868,35.8587066608535,37.3509791240207,38.0424813623893,37.4429803281494,36.9344688101265,35.3408435830787,34.7426746768177,34.3636704681882,34.0979960476923,34.0990574365099,34.3035895733552,34.071797130013
"79491",28.3535818175984,28.4773479109385,28.8331759820663,29.2799903383794,29.4314699570031,30.1561622359855,30.5420906490958,31.0423243110412,31.9398550129145,32.4532303099631,32.9643802889401,34.0561095093304,34.7523263511939,35.0754746925785,35.9120882027712,36.4130196810912,37.9150994558329,39.2848916958236,39.3906251298196,40.8081523409254,41.2566142519397,42.5858380505268,42.7185598886458,44.0575916641021,45.3775142167705,46.2231067689268,45.7371722401903,47.2859016285858,48.3046582521942,48.9175717075408,49.6578838548041,50.4177978341588,52.3952530993245,53.0096016006331,54.0007518473418,54.3428854499696,55.0468769626247,56.4278191317399,57.6902443062975,57.7529549735859
"79533",100.378725132212,101.247395382782,102.061478628362,102.226837105488,101.345008691233,101.623157471943,99.6533962006127,98.6072378697503,98.4650553146441,98.0111670563886,97.6375813485535,97.7782419623584,97.5960199024745,97.0682383727432,97.0747039212037,96.7233716549306,97.1557704666205,97.5393303133855,96.7343777199658,97.0832873968641,96.8983124716379,99.6197414173272,99.4974092956281,100.463745847847,100.388980574058,99.2495583185245,96.5975380034041,95.6670950574216,94.4085117416491,93.2105465655193,92.2403101227814,91.342148688228,91.0543972868745,90.3237013063699,89.7941812129921,88.9804967031208,88.2904257615712,87.8994696820842,87.6479633302862,86.7056069937729
"79551",27.5380198352392,27.7623269515248,28.0610560693969,28.2274261471862,28.2059457387064,28.5812694304751,28.9136173323247,29.361897451155,30.1916748332502,30.7243020618276,31.2231928843871,32.0626357519626,32.6036265726544,32.8142371135804,33.5114961271732,33.9974311669655,34.9709246551239,35.8343091615007,35.790285141866,36.6726629888982,37.2464016686852,37.8770282498086,37.9373660568874,39.1593066117687,40.1483322426124,40.6800544405486,40.1520070838507,41.3353062246498,41.9763466683084,42.3699702190517,42.9077508534906,43.5021892917148,44.815101521681,45.1726215713171,45.8955304716578,46.0890404703371,46.575408492921,47.3898119114426,48.3534967569483,48.2650856187014
"79571",52.8331877936828,53.3112460650042,53.8337913944358,53.9407846834475,53.8092727376109,54.3112308269475,54.2937347283676,54.4976484829662,55.1408750046643,55.2997846802313,55.4531922303076,56.0114520964473,56.3300629223415,56.2950319377948,56.7418721923788,57.0015695289375,57.7536628145352,58.3516189309207,57.993721169015,58.5810188058941,58.6605996284618,61.4109781125754,61.4155370504162,61.7798425382802,61.5652569996892,61.30111181144,60.3130251393223,60.9555052848214,61.8418896403693,63.229153592091,64.7331245730686,65.5460746497586,66.6542987388965,65.6874692852509,64.7203782514619,63.11534875417,61.8951596618593,61.2530419046606,60.8825641873024,60.1151891988528
"79591",13.5982815641586,13.6860367576932,13.8856599467391,14.041507034891,14.1853309221395,14.5355157545458,14.7694695485103,15.0961901056574,15.5685675702494,15.8391071372461,16.1616995554375,16.7202474245191,17.3264786639224,17.8031400522019,18.5671748249025,19.3056847946309,20.4747657606887,21.4996377785868,21.8197663278348,23.0708220040927,23.863105753033,25.2943030036159,25.7625908438039,27.0380063046816,28.3551779878232,28.8830358582807,28.5706259612772,30.0583700897233,31.0996192416523,31.8838817313176,32.8591630990793,33.6779291141282,35.4773890011515,36.1386242002487,37.4822530333267,38.0632058618232,38.8634632049509,40.0640037176266,41.3222372400589,41.4613883156955
"79631",59.114945633402,59.5616616751604,60.2760253420501,60.5328499377403,60.6260356893502,61.3710702145145,61.6308560012447,62.2115945391172,63.0327488554786,63.1248665794323,63.4798398536171,65.1108564813327,66.1867695406123,66.3217390140923,66.7270029292858,66.8733313700038,67.9055347668539,68.173013065509,67.4102570156105,67.8602807649814,66.5167163819488,66.0347856067955,65.3833919114845,65.4188740782357,65.7818822239069,65.8274425584141,64.9892746026176,65.1384801754625,64.7117614395768,63.913732195228,63.4819838212801,62.9503474435212,63.1743550700889,62.9804876446198,63.1149093601444,62.8094227140057,62.3850548276074,62.1714616300074,61.9659764572474,61.2920898009292
"79651",8.33945002650666,8.35209776301254,8.54081958450429,8.80496377194613,9.13682449497669,9.73262823035667,10.1764549601363,10.8018451594035,11.5626074713785,12.0981641463338,12.8245776656226,13.7973605685022,14.5226037427877,14.7256839603752,15.1045897112152,15.3323800238032,15.9981518104473,16.2172397436198,16.0920493414042,16.3714768209172,16.0191065588861,16.122471243365,16.2160793692931,16.6456315377424,17.1672871164187,17.3151048634111,17.141173692646,17.5500992406745,17.7816991786783,17.9278591204434,18.1725613206874,18.3392889114997,18.9207272434828,19.1055222675721,19.4890744929671,19.7374100291026,20.0184104400263,20.4795487530929,20.8522540541191,20.8417298444373
"79671",32.3545051916992,32.6053381547212,33.0559711525779,33.3213921930759,33.5164151978227,34.2445097079059,34.5072681397456,35.0101246465686,35.5337080209789,35.6412088726509,35.8750805417393,35.9443295284307,36.2285156516965,36.1624308203512,36.442828494139,36.614991450448,37.2961662134757,37.5784848866783,37.5540236937876,37.9924344384535,38.1362747572155,38.6598166866586,38.6448122530931,38.9730590833597,39.4594811479716,39.4249396921052,38.9659800729178,39.3725876208542,39.6707924842169,39.8486720426163,40.0324016356997,39.908637037598,40.3949320814721,40.431179227998,40.7629648723604,40.8532556344393,40.9785890866164,41.4247510318317,41.8515304590064,41.6783442513618
"80691",85.2907308008864,85.8528507345709,86.7831168470838,87.2182731662903,87.2900631023064,88.6773375798404,89.0990180041887,89.9244491282468,91.0443601019945,91.1910237492039,91.6925675756008,91.9204833333996,92.2896194783399,92.0064173113971,92.3918531009324,92.4481979473558,93.5185846457174,93.7902698133334,93.2086029194305,93.9440475566924,93.8284775078557,93.9809281991282,93.6766387595596,94.4642679954485,95.4119612011924,95.1192057245063,94.1972394521419,94.615261975127,94.700806138756,94.7592166580202,94.7882060801268,94.4931177795863,95.3083918516252,95.1785546230918,95.5326412442225,95.4031453040748,95.3968465674956,95.8560114458215,96.161532371915,95.395504453715
"81531",104.426650960606,105.254721136344,106.237530064446,106.573774266191,106.206997405474,107.01674854469,106.855667321025,106.92643240902,108.045170375593,108.308753153252,108.495589548122,110.174050477032,110.709793721501,110.126093316324,110.415644146945,110.005588580599,110.904987224121,111.517323639147,110.147105568964,110.392935817679,110.557918831482,109.717997741603,108.245654483345,108.483141722844,108.904723423615,109.154339171529,107.953980784453,109.043472778369,109.705327391139,109.926596705735,110.357189957877,110.719812176473,112.710015385228,113.017158288106,113.87152482282,113.978668356104,114.626301000638,116.074712568153,117.704400976945,117.196183734738
"81573",60.5643510401033,61.0247124865526,61.7421225801869,62.0104266783638,62.0719665780081,62.9025393887159,63.3029273107037,63.7184317655405,64.7044124706007,64.966298878605,65.1986563813286,65.8937280414168,66.2604511154945,66.0463523054721,66.408480277074,66.441047467927,67.2283196999663,67.790374409632,67.1441628137957,67.6530946092303,68.2745253864246,68.5192308385419,68.1031541698349,68.9303948106398,70.1214366681556,70.5193517796358,69.0423832492729,69.5890087983283,69.8751536368485,70.0095832789226,70.2562455149698,70.680617419435,73.7168880657838,75.8175137047123,78.508586737282,79.4536630548432,80.0529424859238,80.5895967068747,80.8044487022663,80.0144258507335
"81591",3.67197188154907,3.68627052252659,3.75855313792727,3.82600474331934,3.90346795813751,4.05167370634862,4.20620082947392,4.39811312986481,4.6787940363902,4.87976501698871,5.1226605167581,5.5023099788606,5.91393312869868,6.24847538773464,6.74363533943801,7.20307601798267,7.98857212223159,8.65275808428251,8.916567437246,9.78012979010014,10.3283592719271,11.4036994675883,11.7191030598679,12.3796307403197,13.2316561867942,13.7280367030054,13.675710152755,14.8512810525326,15.7776059925107,16.5446850209338,17.3715189558344,18.0946838552764,19.6142695305718,20.1794539591957,21.2767956849878,21.9093728497805,22.7858529797905,24.0774882120158,25.4689077905061,25.8504876831873
"81671",49.4207329623538,49.7437597786917,50.3575577711092,50.635531076598,50.8298911707511,51.7781126230798,53.7746526935176,55.201849984215,56.3876623194187,56.4584369626318,56.7243309269187,54.9982339286145,54.2588537107706,53.6620407373304,53.6379798159757,53.6174265763969,54.2368481606972,54.5710880975849,54.5198736018192,55.2201362935321,55.3759625498022,56.7782291018547,56.8388509232917,57.0902565674419,56.9667428106906,56.593924716975,55.9465945184286,56.4572228205642,56.8694656244593,57.1347752168888,57.5260285651047,58.4554487534,60.6948505436519,61.4705920779362,62.2232401225166,61.7612704512852,61.0051331552773,60.4364438122798,59.8209827429292,58.9509555629387
"83491",64.9066469168661,65.3358497670334,65.9081949609138,66.1365157125679,66.0255379356103,66.3068024222267,65.6693413275219,65.4662332499329,65.88751658572,65.9731417033876,66.100517298056,66.7414253086211,66.8868143045574,66.6448859337207,66.8454393584643,66.7576863904456,67.7031705798563,68.6077327610514,68.0088382898018,68.7473586125658,68.8629170953325,70.2889168081835,70.2517518135069,71.6819366002425,73.0060629767853,73.5852749675924,72.1550442122427,72.3959007633894,72.1698159378938,71.7930474280257,71.710521350075,71.5933077262211,72.5879441178721,72.6530092850021,72.9048299547895,72.5362789376313,72.5274570908489,73.1047290758695,73.6887783556041,73.1685059296004
"83571",45.7121541840667,46.0326030198412,46.6050786405631,46.824953227947,46.9518572547124,47.6467906437684,48.0950501606334,48.5648256936048,49.5804043397374,50.0149240303843,50.4791939342598,51.436740913395,52.0333525143534,51.9243026747072,52.3538329551586,52.4552401322525,53.3163625729505,53.8722675374779,53.3328739015184,53.8413243612778,53.8145617032695,54.447652388812,54.1777662937965,54.7238827337626,55.224397024724,55.3454712445632,54.4404816858367,54.9946970943316,55.2125394680519,55.2109758555623,55.2586856667387,55.2528790130163,56.1597288051561,56.1321137993862,56.4891956869825,56.6576347939623,57.2124864137895,58.1298115219207,58.9980206963603,58.7832396922228
"83591",60.8686336000375,61.2806795505844,62.1139339211856,62.3153903140471,62.5928597351493,63.5643743414634,64.1789991357122,64.7475944977209,65.8692107488228,66.2023275181459,66.693726941223,67.4198817323689,68.0107794646445,67.9997743431339,68.4399159317004,68.6512698839225,69.7453879501488,70.3729169152798,69.8572047510236,70.61865784935,70.6832294853336,71.4943610994015,71.4932136131704,72.5546158295139,74.353336859255,75.6387994692144,75.0109710357272,77.052998864146,77.8521612190496,77.5365662241848,76.7071670279512,75.3126293837323,74.9081123478333,74.1098589713078,73.9677155668055,73.5313117202325,73.1772695807677,73.4285994055068,73.7572800658168,73.2357690511387
"83672",82.772060916302,83.3020286963362,84.1997811797634,84.4280063910657,84.6185047038186,85.8982690833864,86.294941056166,86.7214980982656,87.7270275370586,87.987061749835,88.5408342868807,89.8439196685567,90.6747920856023,90.6332701051572,91.2529618333628,91.2845471291922,92.5099145782345,92.8703672157002,92.1875441432812,92.9284269137812,91.7752887485719,91.6875436582141,91.2707751667747,91.8347634052713,92.5273029815978,92.4760075726287,91.6043643785444,92.3492075576778,92.7359110963905,92.7725624827581,92.8485448691034,92.4147894097529,93.3484233379698,93.0021395058917,93.030029778458,92.3721861185851,91.8719782707508,91.9538261731737,92.0514159395988,91.2242663188699
"86531",24.0587705609602,24.2286447833478,24.5456926301216,24.7622452762518,24.9719565083139,25.4228309264894,25.8085988070647,26.2086771059227,26.9967924388427,27.5261257694827,28.0191648534798,28.7950636898288,29.337934359167,29.273653124487,29.7625151136903,29.9664427510256,30.6973045876716,31.4614133457084,31.2451765256672,31.8867084073574,32.0796534510682,32.8626684796584,32.8888392396813,33.6938096699125,34.5236247900669,35.1000123213354,34.7741608247052,35.5392140006493,36.1761144206888,36.3715832795961,36.7552197277742,37.0234365651168,38.2325032036253,38.5781070392388,39.0581223060271,39.2543166229082,39.6618209823495,40.4491381766336,41.1904450758634,40.9879625446415
"89391",29.336917767,29.4312901228189,29.6291146687841,29.8258186351114,29.9308534704383,30.1305497469602,30.3062946469485,30.5413585311875,30.9862608435208,31.459995543561,31.7147525219467,32.1668629592946,32.599702579342,32.3850149500875,32.6186808348659,32.6288621603482,33.0115560629811,33.4973553444358,33.3528498691044,33.5562361395365,34.2230684364082,34.3021261761575,34.0663538126461,34.5840727758008,34.9842987213568,35.3842125699326,34.7876258749239,35.3421019413945,35.8807390066744,35.684666835199,35.6330879847803,35.4051547372374,36.1009392550765,36.2957077312514,36.4698110961469,36.3503585873395,36.5415908359458,37.0737097937091,37.4412084082811,37.1287758772794
"89433",54.596129367144,54.8960388700341,55.3210985588108,55.7327566105641,55.85647647332,56.269083627651,56.4833166418753,56.8097193314889,57.6212580099781,58.111218139967,58.3197151094057,60.9312833555257,62.8116350504888,62.6127593446339,63.5072033809629,63.4535811679557,64.462899608919,65.8763292191481,65.2630273306344,65.7865824192011,65.8813234141593,64.4861820421549,63.1115518807553,62.8909286421768,62.7291695790605,62.6358258747932,61.584904257915,61.4917472085684,61.5486687257435,61.1172857049225,60.8073332778163,60.2886452716854,60.8045696094074,60.7240637128949,60.7682702561753,60.5214044773705,60.5548654147814,61.0450786231668,61.3411045563869,60.6399042381663
"89471",17.83856869838,17.9675197947353,18.1473895132384,18.2871218345379,18.3395050082947,18.5244422500468,18.6598957444544,18.8461301877909,19.2523258830196,19.4954172862082,19.7428967873007,20.0769634674524,20.4645552571151,20.4034439790906,20.6790463153522,20.7909701282337,21.2287162183357,21.8006680441069,21.7131491199038,22.095425639265,22.2348760232422,23.2126557038635,23.2891284023292,23.7337161948864,23.990755590029,24.2534084579612,23.8689661257993,24.2760719255003,24.733108185478,24.8133893106561,25.030487902445,25.1456081018143,26.0805285925414,26.4030341379272,26.9215709195462,27.1730134136908,27.5919143094492,28.498534566755,29.329487652545,29.2428480734944
"89551",22.5908138342112,22.8175608951266,23.0709797797549,23.0843629426754,23.1282334212239,23.3962930589347,23.527571314575,23.6435555440612,24.096982863148,24.2868681813015,24.4565094843419,24.8285069341153,25.133222866537,25.1312645016261,25.3968166012033,25.4372447246038,25.9466898065537,26.3104238759869,26.0297915386974,26.4446401831253,26.4909146649533,26.9253613330399,26.8759277282866,27.3787020198562,27.8152230923668,28.0811565293746,27.7307827228722,28.1373690345697,28.4693752048959,28.5340268629723,28.6749327131969,28.7706254867495,29.5105855203515,29.6297023942763,29.9588034653644,30.0737939975418,30.3139764459946,30.7919497957226,31.2383273701871,31.0760551331749
"92531",38.0131371640397,38.390353594025,38.8192693452068,38.9657664977518,39.0085089975648,39.4424250956821,39.5898801847597,39.7268055145083,40.3830815429911,40.668148684845,40.835771773135,41.2719404901212,41.7705629829063,41.6919836026275,42.0240179134508,41.9611086065745,42.550575654782,43.0695616109501,42.6522647816086,43.1036285473654,43.1700840655169,44.4724639524813,44.6191251395717,45.5443987291745,46.3117270301586,46.6491430967472,45.8431285687845,46.1261420175311,46.3147843214069,46.0066095535856,45.864144290831,45.7794742495584,46.6404811320269,46.6670313241386,46.969661694208,46.8561737531654,46.7697572997374,47.0003629437186,47.2509155147691,46.8243716863906
"92571",47.9131333152858,48.3367300374657,48.8936581431187,48.9804766023836,49.0790354255103,49.7027889889307,50.0910960990402,50.2946395412857,51.2206003751406,51.5477377898805,51.6865819691921,51.957692071177,52.3393261495109,52.0416131361116,52.1960129859078,52.1760271234,52.7193458930777,52.8926036680777,52.1591932325432,52.5757211603632,52.3375290175531,52.4836223443528,52.0768080368672,52.5334040599991,52.8957850723332,53.011272648025,52.3380863922658,52.6623171600773,52.9157102414405,52.7669541899652,52.6807515730988,52.5586532164759,53.2958782905871,53.191829746008,53.4399373551812,53.4247798047813,53.5392406718087,53.8774307487563,54.2234569430822,53.7994417200862
"92651",9.41333531125228,9.46445553027508,9.60852595753158,9.68641534393527,9.83701131593642,10.1270983205469,10.4437510853096,10.8672636773029,11.5793171668611,12.1477795205116,12.7365695197336,13.4027691474615,14.1103407012816,14.5389873510333,15.2472237226374,15.8889960172283,17.0448325559388,17.9467665876278,18.3512200339008,19.4555733307973,19.8322746371554,22.5186058871945,23.3511094684356,24.9056157192648,25.874825670275,26.146771565113,25.1794316450212,25.4389291917854,25.7638050333575,25.9945383722339,26.3695390147503,26.5648483673045,27.6481451497047,28.0736836764444,28.7074840939095,29.0595111678079,29.3362125640806,29.953608842401,30.6208353442719,30.5634942949747
"95432",13.3773473414472,13.4167545999152,13.5460639802454,13.6708083450821,13.751738932534,13.873176743383,14.0312977967351,14.2411606916611,14.5947644979429,14.9247563072661,15.1867930815721,15.4526079275816,15.8828148809497,15.9643627546026,16.3145998543384,16.5025407834861,16.9011998526051,17.4127088276524,17.5394956059943,18.0327932727998,18.2104866843267,18.8043965793172,18.8616988688365,19.5004094075116,20.0203998323775,20.4810460053226,20.2148166277601,20.7459130149207,21.4136109315842,21.6404760518616,21.8760683077798,21.9542374996175,22.9848740318505,23.6730534037264,24.3381438391439,24.5684088126509,24.7549479151914,25.2393864995446,25.5599929078482,25.4654729145269
"95551",32.8293471731453,33.0791076560276,33.5102266563654,33.7140768275565,33.978719188129,34.5901421479776,34.9715509125227,35.1970490091866,35.9199110907071,36.2959710990656,36.4351342590295,36.6731589523973,37.2095951789691,37.0297962077354,37.3222328429902,37.2956128427648,37.7611862835869,38.0840673388966,37.85221238093,38.169709991349,38.1664602459056,38.7712663728834,38.7879680100743,39.4205619297656,40.0891262935824,40.3616711714201,39.7091736499074,39.9936451642709,40.3087540081335,40.2524816115909,40.2294434072381,40.2926464946303,41.0450935833544,41.0475147062836,41.4626496151081,41.5288695852194,41.7707649736138,42.1103465855452,42.5153169162435,42.27170255693
"95591",39.3294641592821,39.6662320919833,40.0721281135634,40.108044211439,40.1673147109717,40.5738278834221,40.7673365811658,40.8408714187646,41.4270422364022,41.6155396326617,41.6935032247954,41.9714886004344,42.2967046755838,42.0351436311425,42.2835524921799,42.3003797874858,42.804646201765,43.0672415660544,42.8678197560275,43.1867780055871,43.0900664868378,44.1439586774176,44.0650478872607,44.4410114912563,44.5904013484927,44.6492026465707,44.1084831514662,44.5147769110208,44.8346411222766,44.736010489123,44.72515712266,44.6828873282805,45.3798713148532,45.3053855442827,45.5908795551955,45.7254307164028,46.003105743956,46.4753531316403,46.9975379788579,46.7291292064243
"98451",35.3975529831227,35.5568139412989,35.9147395335274,36.1338056153204,36.2077972522792,36.3759638281503,37.4532686758952,38.1965788701333,39.109576577431,39.6064708390571,39.7445068677838,38.9935125388657,38.9242523630798,38.5186983420457,38.6542083451164,38.5197636717126,38.7124363282612,39.1134406104405,39.0555242084752,39.4184350661724,39.5333410190872,40.9925564583732,40.9321202529294,41.1633468151205,41.3353714841475,41.5220520163608,41.0391403856835,41.5719012031413,42.2616376715729,42.366935754562,42.4793480003875,42.3151588379887,43.3925729598574,43.5932721783662,44.0773846221938,44.235917346863,44.5316648094228,45.180933908815,45.5913837419761,45.3826207149711
"98491",20.8713905532183,20.9850961685322,21.213485533836,21.3230459484507,21.4113762196099,21.5704156109175,21.7025199412894,21.8480991181278,22.2423204375074,22.5321560415608,22.6897308780119,22.9763082585272,23.4934509812093,23.6305662075841,24.0812687252167,24.307422084739,24.8545482706512,25.511856922117,25.6985523398402,26.3021605309146,26.5997708612583,27.4331007437691,27.6143257955013,28.4489929163317,29.3925389139028,30.0069665477682,29.633172016691,30.8896255952156,32.537194705171,33.3145465639279,33.8069488217847,33.6643049522622,34.5765007693109,34.1447958893781,34.3744002633813,34.4005893082309,34.8958093533994,35.8358676022729,36.6056883014132,36.6583527946479
"98611",26.0995058484164,26.3143535202138,26.5677882551948,26.5787195218246,26.6488309454549,26.9602019493986,27.1882731705501,27.550112203797,28.228789728862,28.6946437153661,29.0951464390332,29.8493054206832,30.3140872559405,30.7067656903364,31.5492273328177,31.994566582089,33.3412071456781,33.9821271622715,34.020856555785,34.9857815594819,35.2976781159757,36.0491095751838,36.0385588462342,37.2192866489587,38.288899054389,38.9551995279574,38.650899967438,39.8952225109029,40.9918035793758,41.133447104293,41.3752436331668,41.5614846826828,42.996295487845,43.2799975429019,44.1842203743607,44.9173795491134,45.5581491221889,46.7578324581347,48.1882772410198,48.2850554729508
"101391",23.3802085598563,23.5083543121128,23.7837635133559,23.9694824908567,24.1523417800889,24.3636482912489,24.6103935318814,24.8836482720322,25.3168798188492,25.7499127004349,26.1369230104156,26.3889586723967,26.7227411143552,26.7479829958,27.1076864301845,27.2320840810529,27.4684301644809,27.8551834347659,27.8190727868672,28.0993320393272,28.0839406212888,28.8072960366373,28.8119172070734,29.360299543098,29.769640059897,30.0112277640523,29.6333050613943,30.1535091633597,30.7738576658829,30.8965849636597,31.1794220182039,31.1818240519899,32.1947646757218,32.6381352658964,33.0456383950388,33.2544223388054,33.6587931030218,34.2378411107998,34.664860520198,34.6569701123918
"101431",37.1429712830432,37.3310382472033,37.7875442260022,38.0271901754067,38.1661537275745,38.3868476424664,38.6188309406341,38.8968954338772,39.3661722986122,39.7023417230118,39.908527011397,40.3013559620674,40.7176993896064,40.6380241505432,41.0402867956672,40.9165811015289,41.0987910668899,41.4114893951827,41.2672112563798,41.4286444891995,41.3922339050841,41.5523316060876,41.24613370752,41.6185025871784,42.0458497893409,42.1671285566283,41.619711995111,41.9573715134405,42.3520717411,42.3080534178663,42.3541544201661,42.0765518334252,42.8942410847072,43.1358338412128,43.4372390657095,43.4996735830691,43.8369020302667,44.4629188173356,44.8743192081518,44.7854600519951
"101471",25.9419374102672,26.0555804015724,26.3516654134848,26.5220300716518,26.6273719945781,26.7904024111073,26.9968348248237,27.1959268700248,27.6351609242904,27.9328783521823,28.1071276433005,28.3772494238709,28.7604757403394,28.6993922620709,28.9700607808612,28.9268141232506,29.1871637612218,29.5039552254499,29.466161103628,29.6649836719309,29.667079194736,30.0630939920803,29.973705296097,30.3213903610014,30.7562364988051,30.8748250173443,30.4420955401873,30.7947941173637,31.1867485101881,31.2097027073714,31.3108618003137,31.1434652682535,31.8601336864818,32.0504867697011,32.4254095181647,32.4445886093175,32.5772792293768,32.9498252588879,33.223620187736,33.1309667553725
"101631",34.3730587829013,34.6933654539374,34.9411865484433,34.929635579793,34.9174315786968,35.2616110085092,35.4723703790718,35.6863450974439,36.3373612091864,36.6707477166252,37.048919692131,37.5834556414882,38.1445824466229,38.205707165637,38.6756748034027,38.835825242217,39.8080219241391,40.3472725726832,40.2827195129443,40.9261884198925,41.1454650312292,41.7467518883635,41.6498877630695,42.5826443704144,43.6412218909304,44.0750571652297,43.2943455860745,43.7811455821048,44.3597117672511,44.419573552579,44.889969326929,45.1183224647039,46.3698613886958,46.8326075557701,47.9951051343285,48.7663490543073,49.2399526003863,49.7053233894042,50.2678973436678,49.9284597899365
"104411",14.1262575994154,14.1892620856869,14.388987787671,14.54141985519,14.6697555656181,14.8283346983355,15.0460288930456,15.2971926190884,15.6656710045029,15.9979063102307,16.2985948948811,16.5978130545734,17.0163836607841,17.1611071198137,17.6040887932203,17.872927379186,18.3166522874112,18.848671884526,19.0979775778848,19.5142710553746,19.751208874082,20.9102885346053,21.2301537564568,22.1423653261575,22.8847651391372,23.0495762649915,22.4615249126421,22.7679995608843,22.9873764639758,22.9473354455159,23.0681988359226,22.9622218832746,23.6596062078593,23.9990834571819,24.4072632808834,24.6775690739584,25.1242452887946,25.8146611269632,26.4130299279626,26.5878574266735
"104452",44.067990173219,44.2378620078647,44.7386120807624,45.076501748717,45.2058340026598,45.4468039173567,46.2481963222798,46.7303905760427,47.4211641000747,47.7844035542058,47.9134033546246,48.4013500732246,48.9878263857969,48.7397914860733,49.0508699100636,48.8000756982733,49.0787039549475,49.3180395745798,49.0967653361978,49.068870214691,48.8638875435314,48.4663660255092,47.8337920153,47.6908396504226,47.7072459406058,47.4880222351539,46.8271045248968,46.7765656480682,46.7186252699512,46.3752012164891,46.1033111520308,45.5394646498234,45.7127005215768,45.5479252547886,45.4861149861108,45.2763473861047,45.125693771943,45.1230823361774,45.0315847011198,44.6804129588275
"104531",59.3719385111574,59.6807331091584,60.1558937842589,60.4369307895174,60.7528305695674,61.2400135934395,61.8032818122036,61.7843216885427,62.7605596733189,63.3146365376928,63.4985819114884,66.2803358857201,68.489553570178,68.4925593781233,69.326003294697,68.8945063959775,69.4704808486267,69.8185283373305,69.0690001081162,69.0892698568984,69.0021111427774,67.7331569751017,66.5358168586971,66.1694047538924,65.93098822495,65.5819068306395,64.6611495715681,64.5088290946063,64.4571378193806,64.0178255625791,63.7359359402301,63.1395065823459,63.9398889632144,64.068143959386,64.4277667229784,64.0321793693286,63.2428522888822,62.8220030775192,62.5696071686848,61.9428133950019
"104651",36.4636193281814,36.7648592445148,37.0512337792313,37.0124741189738,37.0675905385875,37.4293783476952,37.5463601136356,37.6090999870627,38.1037862319601,38.2209135468076,38.3481537734397,39.0800844520951,39.6395022752013,39.5840304519906,39.8081227143154,39.8371260772943,40.4787442535333,40.7200680029356,40.6419228513302,40.9093695370029,40.5083576638998,41.2013647470269,40.9813879123343,41.0722761661646,40.9959030129516,40.849808018773,40.3005556614252,40.5434666912377,40.7512636155805,40.6382406483,40.6299982299386,40.6687932461128,41.5564447733529,41.6209525985832,41.6360632661264,41.3977144422943,41.3281025264216,41.4445245303596,41.7937747291573,41.6060007686303
"107431",33.8514550667525,33.9863126767315,34.3508242537834,34.6027025343505,34.6285306423001,34.7739676644532,35.2777625771217,35.5995338877348,36.1995947266221,36.8300378990082,37.2311309366454,37.6678016598859,38.4414645619024,38.2682224257262,38.673459452626,38.7272981847017,39.2425750037879,39.7617713833536,39.761386324208,39.9513888914241,40.0083671962671,40.4758454254842,40.421617654523,40.9764426317871,41.6346629568308,41.9012496072414,41.4125396526416,42.0527100394432,42.5884984952861,42.6083864133723,42.8286444461963,42.5927892905477,43.6688047742246,44.0866754836324,44.4352661005798,44.5735298836999,44.8805370312291,45.465651073153,45.8424310553552,45.7514136410612
"107511",48.8537662266269,49.0969737784234,49.5026425576235,49.7534270522048,49.966906883956,50.2986397712667,50.6381428901838,50.6365104156764,51.3401817928909,51.6379218665055,51.6151583314587,51.8709290529506,52.3134826610083,52.1442869803606,52.5016868805379,52.3397449240668,52.6712808533119,53.032458587512,52.7884763059941,52.9992416476299,52.8688699184082,53.2652697158366,53.0493367670472,53.4366600333754,53.8239476847915,53.9545994647683,53.2231285358114,53.6346098511885,54.026335428641,53.8119074382417,53.8692715009959,53.4921305546134,54.3379072384335,54.2213755193179,54.5690795694943,54.5858712001097,54.605722337504,54.8145627830491,54.9823231425729,54.6487985348819
"107551",57.5915184907987,57.9123589052615,58.3912029410932,58.6033377834025,58.8366192719774,59.3220514768336,60.0391197934949,60.231177897429,61.1957288728172,61.6136918324768,61.6201902760083,62.7253302096095,63.7500750359779,63.5789111271715,64.0968754332462,63.771883992409,64.2932164047736,64.608974443347,64.1287722758646,64.1724550148494,64.0135758383973,63.0734496667919,62.0986630222155,61.864812801983,61.7435337073883,61.5189097928448,60.6942725184074,60.6879075772358,60.8951027132608,60.6628611258214,60.5161067888376,59.8765759627995,59.9224341983278,59.2566871759415,59.0381277665525,58.6894552473514,58.3796699040755,58.266232421091,58.2170684348275,57.7489970858604
"107632",124.511665473605,125.365396019833,126.509367424015,126.674399042321,126.807215407234,128.545949776883,135.983541040192,139.877106939763,144.342522974401,145.499912169715,146.071674684903,140.293132600269,137.036458869779,133.899419591142,132.220705243614,130.639541187169,130.015940192007,129.116140072012,127.987688264796,127.139926271498,127.448446101643,126.330501157778,125.070168717219,124.583099760653,124.393785034721,124.769516282367,123.985766019527,124.200722547515,123.752716510358,121.972626622637,120.455432593268,118.554061536985,117.833658638725,116.672183168362,115.967664992477,115.157851350435,114.279485938446,113.432990438102,112.736425986496,111.580673880705
"110371",58.4041389777719,58.7366021573319,59.2208601904386,59.5541342165157,59.7112541488797,59.9494218840994,60.2814355673407,60.6786895172265,61.3785093445172,61.9954772915065,62.3326192043035,63.5954856088896,64.9149945138294,65.0599337379711,65.4138429664862,65.7040854180969,66.3128066808499,67.051434728297,66.7646412762956,66.7631567897263,66.4296623179003,65.9582661709641,65.3595498214882,65.5020789645467,65.7813348077999,65.765875761612,64.8305870272606,65.1151034189216,65.3607719787633,64.9610960449672,64.924268808247,64.4731672959252,65.0737374599323,65.3516078801504,65.6925746514723,65.7467356440126,65.8885522080965,66.0940025320379,66.1899313992359,65.8096001101292
"110452",20.9031128389161,20.9389629736879,21.1595164136199,21.3674556163585,21.5057217233766,21.7954754615531,22.161567161985,22.4077959482398,22.9068764308635,23.2510424704893,23.4471826913494,23.8790808851836,24.619451312655,24.7795620355906,25.349376971808,25.669905803887,26.3528012213686,27.1281771879758,27.4737542854498,28.075005604981,28.384678073861,29.1778133367356,29.3760863915426,30.1713252936449,31.0964625344571,31.8397847730562,31.56633297815,32.6311509457754,33.3765228920015,33.3475889627481,33.4530077227214,32.9893714177076,33.8190038519677,34.163939965544,34.7327760588855,35.0858187007464,35.4661129223129,36.1583917669617,36.7063342431731,36.7529853233262
"110532",34.9645854049484,35.1081057084776,35.3487200621156,35.5633444957415,35.6947985516201,36.0461208391421,36.3152372550882,36.409852765425,36.959371003588,37.2703489618393,37.241671135315,37.8054333576011,38.3761813156058,38.2453919448967,38.5209968770902,38.37675632377,38.6698997038355,39.0012922809338,38.8446214445283,38.9382909422098,38.8898722415434,38.9191183995356,38.6468080673257,38.8008337656703,38.9472303399597,38.9895716098322,38.4911154915506,38.7719042067275,39.0344420084946,38.9831993592558,39.124338901211,38.9166886319762,39.5690468419995,39.608444352116,39.9841585970745,40.1233378848876,40.4400319191739,40.8430161479498,41.2560950613783,41.1019897326269
"110571",32.6644752005398,32.8640325037522,33.1052556517531,33.2325445112204,33.2998481661224,33.5874942424018,33.8343640326616,33.9326626007901,34.4206060156721,34.7117170965184,34.7500646102882,35.1441285644452,35.5700397468187,35.5109833397428,35.8528455141629,35.9260616576098,36.444393554005,36.911060390729,36.8757143883612,37.1832727946538,37.4095476747551,37.9512360394982,37.9109648653739,38.4934761408773,39.0391945702528,39.363463560753,38.8629714908708,39.5584013566256,40.1271846924469,40.2085141997647,40.5230306282798,40.3680800916454,41.3825174879519,41.577625784199,42.3270828407474,42.5976361885974,42.8957251036789,43.2093166181059,43.6110434395607,43.4812237205022
"110611",54.943506358341,55.2715606094991,55.8315263838657,55.8553490304359,55.8404357448564,56.4337233609341,56.7564619516508,56.8850709129358,57.5351934626703,57.7814694850091,57.8550162392935,59.3469084360432,60.4238397349736,60.4079252162676,60.8893664366383,60.9289833881217,61.7364870057528,61.8266802718452,61.4968372990978,61.4620018615046,61.5090207649717,60.6034034585957,59.7235417868832,59.5815106750329,59.5912651818136,59.4118675890423,58.6337138555504,58.7627484501661,58.8983367455566,58.6042546459287,58.4588363921582,57.8002080311154,57.9489840594129,57.525959945235,57.4991173855045,57.2696934306298,57.0432569957512,56.9252265428414,56.9302025627528,56.5729126763576
"110653",7.85432556796444,7.90642155407466,7.99915684878664,7.9856264541165,7.97129917248937,8.06125235529683,8.14601173630734,8.24329831429608,8.44883485794896,8.60308147523006,8.76310658631789,9.00794519751831,9.31067486222718,9.44063845588914,9.73126950954468,9.97857452991573,10.5298358741107,10.8029469661755,11.0744207525067,11.429734887931,11.7522631895842,12.3076581060227,12.4438480273823,12.8581155149489,13.3441599019876,13.6437554961329,13.5687432501042,14.1918106633132,14.7524353219579,14.9662102592926,15.384415134893,15.4103298368793,16.3316632282418,16.6326878835881,17.2833756917241,17.7231310927065,18.0029809431489,18.4480676552706,19.0652953283522,19.2579836100987
"113392",91.6050514984662,92.2136321236226,92.88319923377,93.1513446017213,92.8629929183848,92.8341315823235,91.4466822224612,90.5494288880308,90.1935163963591,89.859722699676,89.4582559627785,89.2526482258046,89.3237449459463,88.9341860106368,88.7137709794729,88.4466668224907,88.5277266583716,88.740809284401,88.3938045426263,88.1610273831201,87.7735775729353,88.1241529288712,87.8181172135614,87.9242854025823,87.9713733600699,87.7312501168549,86.4277723168064,86.5854438748577,86.7713566213937,86.1594085471863,85.922086733205,85.1453721036275,85.6833158304504,85.6779501143741,85.7359616674637,85.5696447113679,85.5379614704543,85.706015662982,85.8540867321931,85.4674249217725
"113473",94.3614940919339,94.596529698971,95.3787916895505,95.7816914973379,95.6525555387162,96.3058295684328,103.394000825495,107.423791168454,111.890769850184,113.841945968218,114.06248411535,109.018765773495,106.361324971884,103.395068712307,101.877036107238,100.5390021539,99.7298272398954,99.1439553187579,98.3709063231245,97.7388890999085,96.9498351207154,96.4327130326772,95.6975338780391,95.309641228725,94.9437653826494,94.5050050872597,93.3889687932516,92.9604191568773,92.6091536485214,91.9651606972831,91.4278091391832,90.2763171356073,89.953827976366,89.1743887114326,88.6566092332505,88.0621616405517,87.5617181777042,87.1722296165065,86.7682213479432,85.9525051258197
"116371",48.3227781976273,48.7139762782849,49.0960349636832,49.3457637696963,49.3121501439426,49.4248705508466,49.3102923252354,49.3254708417762,49.5450204884345,49.703236083691,49.6714401193795,49.8903370071379,50.1336462384676,50.0324536226969,50.035941088392,50.1377465323108,50.423885798643,50.7263597539771,50.6128875030926,50.5746207739644,50.4965045185949,50.9866531568815,51.0124204262606,51.3069392848702,51.6249888383382,51.6145619503652,50.8458534740746,51.1240933990086,51.3683364464821,51.0265855519136,51.0854518708053,50.7360557706951,51.2230083571635,51.3013288427762,51.5709597971115,51.6543777416771,51.7597217380293,51.885543536,52.0970144845301,51.8672342814902
"116491",49.4891741767591,49.7145570349662,50.1998427939568,50.5271367247907,50.5535377537582,51.1219164642822,51.9246736680292,52.3377886035574,53.2517574037981,53.6429628218888,53.6828172058496,54.6613820395911,55.4562257943005,55.2252394998782,55.5231151337587,55.5465346250347,55.9805698005836,56.4213625682287,56.3136973660176,56.3250602242997,56.3642256935494,55.6630422331662,55.0436410358863,55.0134956314501,55.0123637982104,54.9649269746646,54.4020713714043,54.6134425986147,54.7652179272355,54.5452552161905,54.5506518946427,53.941642477827,54.1578205129477,53.9954052082236,54.1378319214581,54.0336741974954,54.1149762988672,54.2902751763433,54.5425856871839,54.2372261688117
"116571",35.132513811919,35.3921756296054,35.6604735054225,35.786751174899,35.815086895865,36.163313867845,36.314721383155,36.4287337929117,36.8220636673805,36.9782039176729,37.0323621620115,37.5816855049579,37.9908939661915,37.8756895906259,38.0795210879486,38.1378477661934,38.4773267066474,38.7092097048866,38.6154710363305,38.6386441374967,38.4473125202777,39.1104369775183,38.9802707304098,39.0552682413184,39.1208837758721,39.1616313014477,38.7397940308955,39.2464539973434,39.7408293521408,39.9989511891356,40.2969942656699,40.1122939335544,40.8282995628844,41.0145661907021,41.7788994165648,42.0888872584915,42.3162727612446,42.4130152234298,42.7287230447254,42.4611373481136
"119353",54.3877335529804,54.803649670829,55.3055687726447,55.6872456592379,55.7563770312719,56.0680572051982,56.2348821689911,56.6984335912391,57.2684194602764,57.7467530107758,57.8390797449975,58.2418545841548,58.6880651807021,58.5682340806154,58.6144466702159,58.8392117103553,59.2093315627607,59.6071332413674,59.488024318291,59.381062249932,59.3905465884749,59.6278307542196,59.5128838930327,59.8705057370685,60.4919287476037,61.1390985491657,60.8321164765402,61.8409068917269,62.590342981085,62.3476160407093,62.6350946049274,62.0494125583641,62.3427633911807,61.9191618984371,61.6481216403691,61.3552653987226,61.1106669341287,60.8942147068379,60.8779012979138,60.3885241699537
"119391",60.3183698007592,60.8135015706076,61.3249462679881,61.6170237953845,61.6355533745598,61.9164760607115,62.0309678714002,62.3081481580017,62.9314307121703,63.2981248151681,63.3444192368368,64.1466826892939,64.8010686146035,64.7013976496745,64.8426529649543,65.1107977630465,65.5839692356978,65.940082353856,65.7869389184905,65.628663412298,65.3902412504235,65.2034303938228,64.833483213988,64.9732490963174,65.2343420081059,65.3281922178258,64.5334828404392,64.7932667363121,65.001267274678,64.6665023483267,64.7811225801491,64.3850429643618,65.0036287716628,65.0127490842432,65.425624860058,65.6152867637216,65.7188804182342,65.7531257798136,66.0064862967583,65.6561388092274
"119473",90.3891919025416,90.8933905274545,91.7754568354822,92.2458416745167,92.4038445875446,93.1163893926772,93.7366629125892,93.9668743906047,95.0226495181915,95.4306177538342,95.4354665892867,96.0090144275404,96.5150046736987,95.8843006499422,95.99935908961,96.143432357851,96.5474392849334,96.9116634229131,96.7355391535394,96.6436482319198,96.268941152956,96.3918577491487,96.0139194694458,96.4948548904844,96.8832744720374,97.0484297391497,96.0202652524471,96.6997617944495,97.2632565552025,97.0211233087339,96.9512421820045,95.8251817086511,96.2789462351392,95.7828095340424,96.1544755141293,96.193082429473,96.4003781336448,96.6011376793683,97.1713747067543,96.7506197589808
"119551",16.3742305730072,16.4645672373148,16.6310230647669,16.7575582682412,16.8524758501903,17.1776647243141,17.4225336054308,17.6322465627836,18.0369810136491,18.3666631742244,18.6207549170126,19.0974567536447,19.6347882146624,19.8641473660077,20.3625635916807,20.8618634081329,21.6108419739262,22.2879103435403,22.7805510684949,23.3563784131814,23.9746286286325,24.9927970479426,25.2115138451132,26.1873435654293,26.9983854691357,27.5072874919845,27.3194467777781,28.5887391031525,30.0373293896715,31.232783269586,32.5459332315002,32.899624688098,34.6054632861993,34.4762079460463,34.6315929984163,33.6907283442826,33.3313389305814,33.3228306712134,33.8550654261109,33.7805265645776
"122571",114.099446422952,115.048555251423,116.110753718449,116.177848122542,115.59246596341,116.282984937197,113.950059766137,112.060413600891,111.13490543274,110.364856137521,109.551323039547,109.036020202316,108.632999972812,107.764395017472,107.087260887032,106.48003567701,106.054417714438,105.514277071051,104.708173367619,103.976949950723,103.263890702229,102.91522126373,102.060951565276,101.84999276861,101.569573904479,101.063712085724,99.986999205104,99.6482289012742,99.3298780812892,98.7583275419641,98.1505696316786,97.0365089311686,96.805130489389,95.978083709284,95.7693915850145,95.3259427604632,94.8107784819273,94.2924759678962,94.1360758882628,93.3637444008127
"122612",14.950691292741,15.0003298782784,15.1907057301993,15.3172172645225,15.4696798308325,15.8411605286032,16.1204394948168,16.3726111217646,16.8460396260956,17.2223315402652,17.4592229403955,18.0262546215892,18.6858855292868,18.9952453186553,19.5363545536336,20.2443666184525,21.2712472354143,22.0939731828332,22.5827422359379,23.5139301439466,24.1315638492177,25.3955323835592,25.8306445019025,27.1451796763088,28.4619841363076,29.5446714090078,29.7910307648995,31.5581692502651,33.0821731066363,33.7838759448907,33.9798321391315,33.0362420680303,33.9225564321438,33.3617827311935,33.9435840292806,34.1950829346921,34.4188028098927,35.0186731550601,35.8724338055003,36.0189238891331
"125273",48.1509837250121,48.769568808755,49.3354229802901,49.6945532029404,49.7689224834513,49.8809130540224,49.9587834141702,50.4548963697648,50.703918032219,51.0514172001365,51.1173160734531,51.6562429939159,51.7907473099963,51.9596105005054,52.1961307005989,52.2910115441064,52.5503156511294,52.8974407699932,52.5995077930084,52.567463772789,52.5114500451267,52.2988744496112,51.9802759297935,52.0737439756221,52.3425632435983,52.5187470893642,51.9660229677941,52.1741202219634,52.1940506391123,52.0194655404771,52.0062136619911,51.8527392339552,52.2302796293897,52.3377302183232,52.5036128730547,52.3423072440496,52.3209700012367,52.3114786756921,52.520040823218,52.2533064366897
"125511",30.6500577595409,30.8759429860038,31.1730315225018,31.241237925886,31.2229826082366,31.5383722191756,31.7173625192164,31.7614094949223,32.054384973065,32.3068091755061,32.352012801933,32.8901108483309,33.3374314962596,33.211356237755,33.2896281670296,33.4701586220649,33.6447108820923,33.8498169119554,33.8668453976244,33.9071367439571,33.785756890403,33.79202344242,33.5339400274757,33.7524489401418,33.8795600676596,33.8469879866851,33.5230373978736,33.7783452098281,34.0329640213212,34.1015358476214,34.1586804584688,33.9023810365779,34.2338057655095,34.1628482734601,34.4925643340836,34.6859503337344,34.9520442306024,35.1079435393847,35.6195378111667,35.5076291007966
"125551",46.2849613719634,46.5385510198935,47.0156727527903,47.1779013857964,47.18049043797,47.6861487995366,49.0923429755928,49.7122102058107,50.5707433007229,51.1440797560036,51.2338795508139,50.6781343665233,50.4700772255155,49.8977104642347,49.7385458231864,49.8648486339636,50.127555296066,50.388540492751,50.4130111764794,50.5945023491708,50.5205269232127,50.8998122829031,50.8003365283304,51.3666168985887,51.7334757294203,51.7456079688818,51.2323499382555,51.7721317958627,52.3644768200937,52.5732387311675,52.7897482212232,52.2985621658689,52.9578811589209,53.0778535816011,53.8462291975611,53.9261178313219,54.0302778373093,54.0799817572308,54.6203383237244,54.4613954783151
"128531",30.8123730756377,31.0690082950598,31.3324097416066,31.364826420223,31.362420113973,31.6494152332518,31.8120495259003,31.8234152768655,32.0780433669831,32.2826381463363,32.2797003582754,32.6544140052932,32.9487087636231,32.8241768608461,32.8570138072828,33.0256423879082,33.1916186862342,33.3993263795183,33.3784073544062,33.4246182517795,33.308887163498,33.4568361461614,33.3073531786207,33.5659135317627,33.7571681570695,33.8021363930043,33.4790126340164,33.7179884215843,33.9459758800945,34.0181069675368,34.1823715140132,34.0651821090571,34.5692272287353,34.5006077291166,34.686150170809,34.5269521074575,34.5401654183667,34.4799248820155,34.7155598387604,34.5402968351658
"128611",58.0680335918507,58.3550586738906,59.0521436791981,59.2302433161552,59.2398441762861,59.8428567687777,60.4276072975589,60.4652573990264,61.1315376319724,61.4130680989742,61.612042299215,62.1842168741694,62.7849629010359,62.5444684756382,62.4157111694911,62.7916311304821,63.3224896692998,63.7332058986183,63.5474993227245,63.6538753876627,63.6980458950797,63.7527140421974,63.2210699699146,63.7053455713678,64.1511989144199,64.490681739227,64.2967059305493,65.2469218161106,66.1476007905913,66.4609234242885,66.5144582520713,65.2889006240298,65.4396537098502,64.7140484361162,64.824057119328,64.5366839933189,64.3714021859333,64.2289384123441,64.3119755712313,63.9563345003869
"131591",90.9680023417721,91.557976594024,92.5657713803543,93.0365809866472,93.3228571481964,94.4859077020304,96.4406538248391,97.1885348032962,98.8913951386099,99.7825801744859,100.165137244597,100.682417657879,101.167147436745,100.646566145182,100.009791484216,100.299450523442,100.780094687169,101.342662121123,100.95534903986,100.767173908888,100.243090577436,99.8375897159261,98.816710749424,99.0605425180567,99.0900542266486,98.7996364053531,97.9131389124808,98.0651732695005,98.1996230519422,98.1215475043539,97.9616344769054,96.9918043193604,97.2336410159416,96.8043568009822,97.22224676651,97.0096123387218,97.099051976044,97.0693256945696,97.3460449315304,96.9449897987458
"137551",124.563385522131,125.458372154248,127.006556293652,127.468008974753,127.899474079038,129.622245828618,129.930635503647,129.685935341548,130.890646734002,131.684202293264,132.147972817102,135.425412119697,137.516743656474,138.088247270303,137.628567774418,138.581601128951,139.547888692895,140.815178961532,140.757384676104,140.73160592178,140.173017921635,139.018826149085,137.0931661328,137.076396899009,137.273106309622,137.0065164842,135.456355815553,135.447145738593,135.695394892081,135.390763044915,135.382374738117,134.676878525289,135.06711791791,134.785823004625,135.698177913224,135.477536750401,136.144947881278,136.212454366151,136.755679545039,136.313103186443
