"plot_id","1985","1986","1987","1988","1989","1990","1991","1992","1993","1994","1995","1996","1997","1998","1999","2000","2001","2002","2003","2004","2005","2006","2007","2008","2009","2010","2011","2012","2013","2014","2015","2016","2017","2018","2019","2020","2021","2022","2023","2024"
"3293",70.4931337777504,70.709615091095,71.3912974777111,70.8239096737892,70.697246948557,69.9512280807307,69.1217858390743,68.3873294550484,68.4938162429771,68.4465500252407,68.7974413984815,68.8736834812109,69.1278585750746,69.466630206713,69.3874443253117,69.314705996001,69.2874986069599,70.4343738314545,71.5676031647931,71.4972313616077,71.2185576631098,71.3038794668364,70.9460534044598,70.1311132909082,70.7368710653689,70.9562057558815,70.0478734227623,69.8157850403997,70.1939187821051,70.2648386189257,70.3595085111741,70.666469348952,70.5547736126997,70.950140821162,70.4899355022236,69.5565251007694,70.1024004038356,70.8240651546638,70.8893555733426,70.7981044715067
"3314",42.8603934097553,42.7971934629802,43.3381440654717,43.3217848435448,43.7911086729321,44.1057370343788,44.8026213762783,45.4573609031662,46.6113261758664,47.4753380652351,48.5364999648035,49.730834086268,50.8553850663382,51.8620047152488,52.3103070755261,52.574020289882,52.8538718214956,54.0644586049608,55.0840667861287,54.8743566822292,54.1192908594106,53.5935195341068,52.8840898798112,52.0285471225957,52.4929675384838,52.774983140597,52.1538363926594,51.9780797566433,52.1923087398937,52.0689253928941,51.9145163822083,51.9905096825716,51.8129999557443,52.0560901998026,51.4167827518451,50.1653174207324,49.9360399103065,49.9092601809493,49.5215537337181,49.0561734929465
"5311",63.0093171418222,63.0261494801248,63.8002221992104,63.2925535337268,63.3862000022765,63.1683269739698,63.4487833966943,63.6957770018016,64.4364701209653,64.8492803662293,65.4721824145392,66.1274775690023,66.7647205487314,67.4479118947764,67.6941040563145,67.6049757324568,67.7175246763839,68.8196225113203,69.842922228671,69.466417518411,70.8325817356122,71.5796396797679,71.1396246537279,69.6106914845138,69.1790186670012,68.5915667842004,67.1585976209904,66.5226226688072,66.3948573501317,66.5400845118816,66.6922520913423,66.7839611032815,66.2595299760113,66.3236981875549,65.642340354592,64.5607877454903,64.5876568453026,65.233921325786,65.5512797625491,65.637827028867
"5333",109.147644671476,109.26502105505,110.451559487983,109.408178413668,109.157558301612,108.160357902131,106.452836741274,105.171997554596,104.830420063345,103.907460161631,103.136965291135,105.871274040057,108.002966688774,109.449749031106,109.989342130678,109.904164124156,110.015374445268,111.1367651582,111.86367299804,110.477348767436,107.04315093525,103.429255626248,100.006756193865,97.1231434756097,95.7893574996255,94.3457348078251,92.2805347502634,90.8527558537824,89.8349403091101,88.8444895987427,87.9040375158831,87.297272805423,86.3576287075323,86.2186846538848,85.4601066353427,84.0276764218062,83.3757035749057,83.062187794437,82.487080534475,81.7316112610298
"5371",42.4290974981098,42.5028096528465,43.0905011378713,43.1515184286346,43.3038108838168,43.3165847979847,43.6958979907928,44.1071169737919,45.0299493081259,45.4284924606645,45.9833180442757,46.9238531966087,47.7712844050298,48.1085126959473,48.2589572279545,48.1537297863622,48.2142579926738,49.026563535639,49.6060866432519,49.1463854906031,48.9465511827196,48.4475936057387,47.5793757888797,46.7079817210537,46.5185168094028,46.3426936588943,45.7356504124305,45.4073615695895,45.4057416577429,45.2877485210287,45.1406243117714,45.1254204926946,44.9311415287173,45.1440090610294,44.7695680415794,44.0912896028532,44.1069027146868,44.2714648560962,44.1461404466258,43.854855178583
"7271",40.5713703404346,40.3385536005186,40.9319072630225,40.9615900706976,41.5384858802985,42.1775864775576,42.998998504929,43.8202813195844,44.9908121996855,45.8968638851343,46.7601332005738,49.1463348610737,50.9607771646001,52.4720540822275,53.3072285733472,53.7764247698985,54.0997776116517,55.2077399702666,55.876745190067,55.2805410888029,54.7347923233565,52.7127932699077,50.7548707034539,48.8644145160183,48.3162375302413,47.6932216571472,46.2313603653514,45.4369797441728,44.8545811809904,44.3966102033535,43.9005753558682,43.7459217440509,43.4850082850055,43.4357166698218,42.8694506401962,42.144137320893,42.195702842832,42.6415959284947,42.7075437696558,42.6329072958452
"7351",27.2959146972577,27.2034308108249,27.6414695741469,27.7022930264546,28.0514608740162,28.3574651568443,28.8382858768439,29.3765429395041,30.3424534068644,30.9447559168035,31.5469878887108,32.4892037378706,33.3898928262747,34.1317219945449,34.858222912713,35.4100128944056,36.2459518818844,37.66291202153,39.1003731995782,39.6462489264267,40.5026349161471,42.9534717989126,43.7572581810382,43.7173786025458,44.538487236001,45.2263843923753,45.9200275719697,49.5509338002429,55.437820211216,61.8892657816287,66.6341979987577,68.7458712560572,66.7356193155996,62.763254701373,58.1342753367581,53.942991590708,51.2135704208633,49.2347609704844,47.2885690059165,45.2780678214282
"9251",51.3894979375878,50.8699235387065,51.6094287659918,51.9371391732,53.0950916024687,54.5406400376793,56.0937978002842,57.6266521468952,59.4564522796582,60.8929918095066,62.038100447757,64.4517533516421,66.2573043662294,67.9602734486337,68.978477162434,69.7052012402267,70.5327945444577,72.4013425719277,73.7746876325262,73.509487776419,74.6361852420129,73.081840330725,71.5146136919259,69.6237878579094,69.7645782660019,69.7279880093125,68.1883640575833,67.8141702347924,67.7494040185764,67.5483556636767,67.4174289186334,68.2826715773554,68.9301557176143,69.852596189673,69.5672245387455,68.8110467584177,68.9882683312762,69.5258197430605,69.3154906898224,68.7450158900018
"9271",71.075553583836,70.8927936505517,71.8609756748125,71.4019645813428,71.6237726174405,71.6965302536566,72.2377325142472,72.8793486057193,74.074732376817,74.8724675045967,75.4702941662719,77.6639981386792,79.3317500077264,80.8128196251787,81.5954892501937,82.062787221865,82.514664434941,84.0294020116549,85.074684834882,84.5475470256718,84.0152316322392,81.9101659945199,79.7612377962207,77.5267467485142,77.1795286164338,76.5588879776396,74.6976030746107,73.9994953743931,73.7236343969896,73.5148258048608,73.1547165834165,73.1248239408163,72.641915327242,72.3554323017969,71.2467390397233,70.0004992095917,69.6611227306703,69.8812058607565,69.6036606489684,69.0933663474425
"9291",91.1172634441692,91.2125092902159,92.4721955650419,91.5162049004954,91.2486325448579,90.5740167128486,89.2690920060744,88.1280235711363,87.6784420789848,86.864096244713,85.9611503925086,85.6860831516121,85.6648320192399,85.8199063275721,85.770883070969,85.7038437490124,86.0949583447114,87.5503725030119,89.110735207545,89.5048742350867,89.9449275882781,94.2082344624935,95.7091171796825,94.4008913240304,95.0573353629561,95.2998810565297,94.1169380986313,94.157299495669,97.3725183650222,104.870544011491,114.982910525091,126.888444235692,136.216579544393,142.502499580341,141.038386212125,133.257541457525,125.316073541996,119.839326660077,114.704097427586,109.718297827987
"9311",18.792034996921,18.7416314459463,19.0183213613277,18.9382692482217,19.078496260788,19.1862210074745,19.5099213342333,19.9333065279179,20.5887939625692,21.1754585641019,21.7775600220118,22.7020375106577,23.7386793408168,24.9059247806064,26.0137435801184,27.1312989911094,28.5148933346338,30.421374267952,32.553293195574,33.9553621507783,35.7435941071613,45.2431346614921,50.5235969611132,51.8881484128992,51.6924194343596,49.1117099724452,46.1166614702288,44.4980030177989,43.538334336827,42.7072061603866,42.6277078512108,43.1163042284456,42.7794499916261,41.986280082013,40.7773704881175,39.3970413326913,38.905950801678,38.9014710880334,38.7193699811357,38.333882004782
"9331",71.2991775075164,71.1435310821274,72.1807412503462,71.9253254619544,72.3731139002532,72.7059209052597,73.6112286264422,74.4052098336053,75.6954323489806,76.1646246231593,76.3307326118399,78.9281008651452,80.8139411046736,82.0939667108649,82.6307401707704,82.4942883920125,82.6565361844154,83.500460158004,84.471949968121,83.6496341071333,80.6041744357357,78.3584846142501,76.1485956055301,74.9142488062841,75.5094266611463,75.5803613831554,73.9830919841103,71.9802985143736,70.1663828901303,68.733100322854,67.4632140896386,66.824234560748,66.0559065188053,65.6810075764343,64.8527121220917,63.8452697779778,63.6781346075412,64.1501094920724,64.7338364490945,64.9554492913017
"9351",40.8723304749416,40.7424525237485,41.3908062295542,41.4037698532071,41.8255032397669,42.155291683314,42.6444664393445,43.1581488096069,44.2078422254457,44.7179244856124,45.1763821781572,46.4447753513229,47.3876968727355,47.9977391251007,48.4386450186057,48.4909888109399,48.7659369932857,49.5961486612895,50.4808625299814,50.2364915718028,49.6742642084247,49.4725059805862,48.9636071716428,48.5833788998641,48.9922213233922,49.2490112153105,49.8343125297598,52.6267346986857,56.7366712936796,60.727644377685,62.9980223085211,63.3610448031895,61.0885840701701,57.9962216094289,54.8763860440944,51.9314350910678,49.921352106042,48.4365319125478,47.410827224532,46.2350916047096
"9374",57.681382566699,57.5836074062818,58.5074204173176,58.4333214725289,58.877975675756,59.1824360248968,59.7170331023184,60.2476085080063,61.4845665026814,62.0339363174426,62.5161406945423,63.5575294239025,64.3105841670578,64.7133616193224,64.9732864581421,64.8109406423507,64.97547905681,65.8823552362973,66.8841807788602,66.5557262368109,67.088403062813,67.6035917097942,67.4011425869946,66.7587773478733,66.6846311484884,66.339850133003,65.2650192105572,64.8663700353491,64.7981014629072,64.7486326838684,64.6961840666455,64.9764187073743,65.0296548259861,65.5942232041979,65.2806773403502,64.2549741350741,63.7903815858308,63.4431676226697,62.8703474034966,62.0433811589371
"9433",40.7137280033284,40.6235999935693,41.2863589493661,41.2558076174058,41.3863292355746,41.5579553483024,41.9784171269485,42.2206564915638,42.8952578095284,43.1321848166857,43.6122060511352,43.9668208683289,44.5797096243236,44.8033514922522,44.9237508702635,45.0011263061818,45.1440798349448,45.8429384059254,46.568182351962,46.4188379676003,46.1334749935335,46.6085254028548,46.3928122181586,46.1698201340471,46.7867100368835,47.2535812061122,47.0259836497234,46.8592606106998,46.999587194237,47.0258671829846,46.9005422829929,46.7118432202575,46.5853394211945,46.7520981750353,46.2697954083873,45.2280005648189,45.0061017575457,45.1107925395899,44.8216039757752,44.3068814857521
"9451",62.0667694805829,62.1030529334815,63.0128718699498,62.7623063728761,62.6822055808105,62.7198966067511,63.1588242695041,63.576541186485,64.6432557719148,64.9958004181811,65.5452715642496,66.2266868811538,67.013610288134,67.1271414397275,67.4233721959641,67.5524210973017,67.6119895994358,68.3162931430764,68.8732199465186,68.355231698226,67.8769090402515,68.1589260352015,67.8441608295252,67.1349728664353,67.3739844818047,67.3948955767343,66.6273568504106,66.2002878918376,66.2878792158979,66.5629734541701,66.6603326636207,66.5899550167871,66.4047468974266,66.5703757790791,66.031395024336,65.0603918054234,65.076631306534,65.5268393013046,65.1284954911058,64.30790163602
"9471",67.9125106085554,67.9670138588125,68.9768900784966,68.8244868244312,68.9571244810623,69.3413013765501,70.1695905713988,71.002705667495,72.6310297405579,73.423208497516,74.4053308998283,75.5060635243167,76.67570967838,77.0684548408522,77.7947610595197,78.254454889736,78.5639023973969,79.6395370514398,80.3978157809196,80.041331415921,79.6542496998345,79.5857161819394,79.0101573082493,78.2913461623493,78.8497586576709,79.2072649777985,78.5384758768811,78.2505696043233,78.5280588902011,78.9520496805924,79.1707052121011,79.164549134706,78.9749900574923,79.2648864596104,78.8289988733586,77.8546404322799,78.0490433947335,78.7237124163417,78.3838204513955,77.509032488919
"9511",74.0579433317019,74.4036050605389,75.2012405745389,74.9006526123879,74.785018172885,75.0345546669083,76.3827503674964,77.6326973190416,79.4218494975602,80.0902043854301,80.7207519487678,80.5517014457399,80.6589021622927,80.161476808751,80.1573905397388,79.7036113049168,79.5255124112893,80.1869803440036,80.3457356757564,80.1590024949501,79.9534826270895,80.0925430290483,79.2573852979471,78.1369268475782,77.8576771308723,77.6621116703465,76.7009261032362,76.0922665572657,76.2853037810979,76.7548746041211,77.0685134887966,76.7526110937804,76.389199235169,76.4310610144526,76.2126469098398,75.8439899676282,76.1739467714538,76.9566300966943,76.8172094229789,76.4332639168721
"11252",82.5157346579162,82.4344492728919,83.0636712894331,82.1042421590574,81.4721190467938,80.5924266734577,79.1019203286076,77.8347498388504,77.0181495389584,75.8937278884841,74.4809280492062,73.0555482833294,71.5327521382461,70.3949472594875,69.1331643077659,67.8456743998302,66.9337442097656,66.6659824663563,66.5165597166575,65.8208288852554,65.6478472393827,65.4238159450267,64.8051911379268,63.3705075139078,63.0991924195799,62.8090964817693,61.922462910728,61.8120538883324,61.9264582715324,61.8742041205735,61.8854310546102,62.3455055246522,62.4986824299774,62.7104462024685,62.3632196644998,61.8199425582114,61.8379224549665,62.0884090382592,62.0645103884774,61.7346943046293
"11272",31.7427484039003,31.6447938346673,31.9796414163686,31.7256774546188,31.7247704808991,31.7026675048449,31.9113889063502,32.1943139599165,32.6770833777333,32.957674305878,33.087840204495,33.6138880751703,34.0844196766284,34.6975637595461,35.1765849765982,35.5804226304358,36.2636523575171,37.4618215059914,38.7245179179855,39.3912282621614,39.9493145975069,40.9754600896126,41.4318321501292,41.2241911077009,42.2309463695643,42.9189102075514,42.5492918701066,43.5434633876484,45.4474957700855,47.2708019691939,48.4887929934577,49.1490948144643,48.3232181802819,47.8954926164051,46.9884291160297,45.9774463372375,45.7449874281049,46.0568409056914,46.3013531018116,46.17733437487
"11331",52.1979283202549,52.1040428668507,52.7095010927432,52.4691992395409,52.8235536561335,52.9531275263416,53.5318274723178,53.8521577736753,54.7873439196896,55.2246679147868,55.173407488394,55.6553988657176,55.66262432746,55.9314124035804,55.7319708307176,55.5823581452459,55.635862808139,56.2592954041514,57.0503417985248,56.8928888025664,56.5738292286926,58.8495499005204,59.8526014815642,60.0472598156132,61.0384826315187,61.0282918422869,59.8993200344243,59.5260783977796,59.4847855224356,59.092405588655,58.3803747843858,57.8794854578252,57.2229023043919,56.7775743235881,56.1006964877773,55.1406680958734,54.7710733945664,54.6875109817763,54.4991104426545,54.1163076752698
"11351",104.077355080498,104.085231276105,105.58332711572,105.026263336679,105.501118543796,105.509611146073,105.840806947094,106.114830677484,107.629679681445,108.2246541964,108.240355013167,114.996733909113,119.82323260189,123.673521689914,126.472596793748,127.929202750731,129.216913882745,130.98274234949,133.525019614367,133.278404392056,130.274069184662,125.071407487552,119.991614230423,115.228600762004,112.903164494491,110.796036517078,107.665121657052,105.398882996067,103.300900304985,101.041088091077,98.7997481108453,97.1755918397904,95.3712799758597,94.0646027761246,92.518257155603,90.6479988213801,89.6580697241374,89.182658251408,88.755646031424,87.9810857063959
"11374",94.3051233734115,94.4438459485069,95.847129801022,95.4001319399259,95.5820040375274,95.3823169879659,94.5269984971657,93.797867688382,94.4116879428039,94.3283553271738,93.8324437791494,95.2500089330843,96.012100442833,96.5467959923368,96.8822785245084,96.5451793923426,96.3892230172562,96.7249107334979,97.8560517799917,97.5018181273385,96.858768348959,95.2318446886293,93.5581609525459,91.8364929945466,91.3778647970789,90.7860073131528,89.1790974324833,88.4587992033195,88.1723733623895,87.9524083652727,87.4516161455197,87.3373012989183,87.2881834698869,87.6465467931095,87.1025569575013,85.7334835893228,85.3225684420624,85.4078783790853,85.4715587445076,85.0760014376143
"11392",42.9167692458586,42.9404382677549,43.6939225504625,43.6849559744654,43.9217852864554,44.200855573069,44.6967932913943,44.8952788087925,45.8026483484341,46.0369130165987,46.0726411413117,46.3585452104226,46.5313849206299,46.7038160688356,47.0617038226914,47.1355283671957,47.405276371944,48.0481578127326,49.1135809482664,49.2264368802071,49.7742196800608,51.0939474407173,51.6946775468484,51.4760921086928,51.6062655822597,51.4568437572944,50.753597565435,50.504416437858,50.5982401603212,50.8124268611137,50.7972970021349,50.8764411081362,50.6551054953699,50.6254347264137,50.3839192456102,49.6834291826005,49.6790234372492,49.9247076477226,49.9179007129045,49.6139044308296
"11411",137.672057912294,138.230781838006,140.299738778667,139.589397584894,138.81985626441,137.740245315297,132.964549094647,128.200968860772,125.494559246887,121.986670457544,118.767333399148,116.148306447344,113.635716804485,111.152852647973,108.971248346323,106.610533381387,104.590161654797,103.17191304902,102.11168822209,100.142864860307,98.4109372959043,97.0132469266939,95.4827456869344,93.9112930819478,93.1494422425262,92.1441067822668,90.7663524689315,89.6128497747518,88.8519581055844,88.1274835442075,87.2732669357445,86.5541149586738,85.8112775757128,85.2167323638325,84.4414738482551,83.3768346316038,82.752555505155,82.3375970043168,81.743837396514,81.0088399017745
"11451",142.19758454636,142.175149686604,144.212286366307,143.91750596444,143.996490548233,144.097583063247,155.230563726521,163.184585300518,171.122414642419,174.545924854162,176.641112885832,168.045167570011,161.226827107793,154.384797880803,148.826451724433,143.885654247596,139.463474493015,136.264554264339,133.559289353533,129.791489560881,126.439987127269,123.896872758538,121.138635889878,118.623483330007,117.660241037674,116.77355243424,115.148481107284,113.930963010899,113.520390222001,113.783074151357,113.476541678485,112.471193260394,111.644549471131,111.42915667705,110.804700109733,110.176692135668,112.213339832143,115.861685733547,118.759914904101,120.567973415346
"11531",64.8237834387028,65.0811473255996,66.0299607833126,66.0754396526103,66.4996857500687,67.307249910905,67.8869943207199,69.188645358759,71.1409931208918,72.1070762433197,73.2445961244364,75.9687877583548,78.3538536580612,79.8637491951418,81.2957219110747,81.7822522456912,82.463267024376,84.1938290507855,84.6979179539639,84.5652646824935,83.069969602083,81.8290688668486,80.1924254685307,79.0141614605198,79.0080024416523,79.3060250341361,78.8052446328519,78.785769794172,78.781886767613,78.6006429887377,78.1694094183747,77.4624393252371,76.7037324898606,76.225215916746,75.6459244904233,74.7413228322393,74.6818162029876,74.9267651065185,74.6409818993331,74.0472835348221
"11571",77.2810326159966,77.7046580451846,78.6322509981381,78.4480927677159,78.6719007250838,79.1943569532731,79.2387432971222,80.5071223784032,82.2817187242285,82.565735150345,83.1229086968,84.4442348898674,85.3975628285266,86.239109075772,87.1874673631341,87.1368520361075,87.3804417279715,88.7700527679959,89.0081279415726,88.656324566904,89.4599991903329,88.9403533735787,88.4145187636602,89.6355730916745,93.3223843112414,97.252953716279,98.8470204544197,99.6389310978556,98.9748977540617,96.7799801016999,93.3238337004955,89.66127707093,86.5278646925889,83.9062010037058,81.5043020142835,78.9569519767317,77.2109017716792,75.9393744813474,74.3676088208245,72.8450138156316
"11591",19.4083559458224,19.4790581559249,19.7701712471977,19.7983939166335,19.9642239263775,20.2869535025775,20.5580158897914,21.0004288950253,21.52240672265,21.7104166012715,21.8644928195342,22.2414077782679,22.6599623378573,22.9641170942036,23.474160630878,23.773524958728,24.0193334637438,24.6699042353145,25.0837694402337,25.3881763689291,25.6294801199949,26.0380450690037,26.2236981665535,26.4088138773752,26.9178991222774,27.3145960390218,27.1955028818509,27.3019756287287,27.603057798015,27.981070605353,28.2489837651662,28.300109486855,28.3878892242627,28.5533470673445,28.6815718256321,28.5089720289555,28.6053352799786,28.8112068029009,28.712083609192,28.6380265803474
"13254",66.4912117353866,66.1700175502077,66.6496638766302,65.9685150783198,65.7762768960768,65.822049536986,66.0143724917192,66.4696672641796,67.2556806530249,67.5909602019706,67.6380565821114,68.526522897526,68.76665393975,69.4233516090816,69.6173409722987,69.454888662866,69.7658074269219,70.9407756240893,72.4995351229297,73.2443836184489,73.6821942141657,73.7994547299449,73.9705961071696,73.3326964637667,74.1848210582525,74.4988691947767,73.5675537406061,74.1221591723448,75.3677644719773,76.7104128231492,77.9408644896652,79.5886068978083,79.8969012812294,79.4005005751943,76.9691243908793,73.3240956838546,70.8026475107011,69.0931364048376,67.3391159559178,65.4115246848602
"13291",59.8922425806389,59.7340710351115,60.3781588728291,60.0408289613346,60.1620721616943,60.2778182122037,60.749097203455,61.1510520256681,61.9744072506031,62.3049510532401,62.3883717180608,66.1431863240891,68.9169677810798,71.2216302777445,72.5613548548217,73.1591387734351,74.1177978741172,75.5701976485853,76.7951445436741,76.264158463405,75.481524267623,71.7327850809219,68.4954526161119,65.4562106219552,63.9849057970582,62.3460019141683,59.9748005520615,58.4006022519101,57.2435070328478,56.1615865392995,55.2219004504417,54.7897870994607,54.2729755203364,53.9336172670131,53.2391783522705,52.3528253638392,52.0687840153257,52.2500537916087,52.30466341157,52.1149601012648
"13331",135.933514141911,136.028092809265,137.704854455157,136.284071157069,136.600018981936,136.357947387917,136.738180605937,136.71086942071,138.212001819882,138.770639665936,138.341073771016,139.644113119011,139.474642077751,139.823513018845,139.406740205942,138.8078623324,138.643440080673,139.6126080183,140.830533218164,139.932149914656,138.705906525042,137.992539088371,136.676114420906,135.191309266747,136.417472315306,136.615767718486,135.148934534613,135.25325789534,135.889918748468,135.53174526454,135.37857456032,136.211863382269,136.555738399012,136.952704722051,136.401553442404,135.040045351185,134.831586535269,135.209728566594,135.227189800888,134.669698694183
"13351",63.1685975591647,62.9443503278406,63.9833170464096,63.9943297463721,65.1279212018221,66.3024153911154,68.2123549760073,69.6384586594822,71.7545804515212,73.0139770115855,73.6098739958384,74.2524701339924,74.3324719249811,74.4299055256578,74.3432787587627,73.9822491858764,73.7174662645069,73.8662391715706,74.8562818007418,74.8423019167675,74.3282370087216,74.3803009523573,74.2843815660437,73.9128134167179,76.5856319968673,79.7013883392501,81.3711473138365,82.8728318737679,83.3331229752036,82.3542036824825,80.7995026985276,79.9773045029516,79.262217342708,79.1457357012899,78.3089830567235,76.1930591322503,74.0282918170216,72.2239332618869,70.579128667229,68.7890695827012
"13391",62.3713674096696,62.5116990044984,63.5863080946968,63.4235572377597,63.6012913959771,63.8833061228998,67.9064113141119,70.8326756750108,74.4253692288147,76.446849436465,77.6793472271128,75.6839579148944,73.6498090605678,71.9342049956352,70.64254535759,69.159154789326,68.0333928728609,67.397148729215,67.4209932425278,66.4803699875191,65.4830163024505,65.1757794327654,64.5531496314113,63.4644480763718,63.4519654668528,63.0432747051593,62.1693247478672,61.6283092437664,61.5412592219103,61.4792491277709,61.2198100439245,61.2364312022024,60.9605913556148,60.789947448991,60.3379752811965,59.488531685304,59.3537165824278,59.6430583438246,59.7045565672715,59.4556050144348
"13411",72.1778693091054,72.351639890593,73.5897410679281,73.5269661378314,73.7652448612621,74.2233467392057,74.9664613998283,75.2059497072958,76.6205388171428,77.0237068849666,77.2523240432972,81.0874199838544,83.8761690395839,85.986925510955,87.8464206439123,88.8639714420369,89.788604009051,91.0764302493689,92.6332243890378,91.9821784976108,92.3792417490259,88.8753818443697,85.505749936667,82.3398595563593,80.896890344588,79.0794108305212,76.9154220145154,75.1852567804105,74.2248451008965,73.3609689392454,72.4694034168967,71.8338012304476,70.8450930271142,70.161273383046,69.2388648492925,67.9248082347441,67.3081007643371,67.145240847,66.7347414736153,66.0533774282436
"13452",171.429816877049,171.67918745974,173.61495424919,173.5454944455,173.785556140641,174.856617952842,180.5844520782,184.242448852984,189.400282299469,191.127395543938,192.491187860219,190.557373004563,188.325776498034,185.733944724201,183.726585211686,181.521586639041,179.780280474621,179.151720162454,178.84644978796,176.425617635198,174.294197954038,172.588391005168,170.470443489131,168.384812392206,168.491417429991,168.11327005342,165.886278284973,164.045354228728,163.270383930656,163.198430983398,162.696940574854,162.159768031202,161.464570746707,161.493459939204,160.577057961632,158.561360018371,158.060070419325,158.363723815515,157.548736911899,155.78683793439
"13551",81.6452290319776,82.0885155946253,83.2834929850289,83.0559646373128,83.473208217291,84.0536089196874,88.6892737720205,93.2635336448502,97.7057739519798,99.4436309688812,100.650275637424,97.7609806953536,95.2136386075065,92.9099862320411,91.0072786711482,88.6153018096615,86.6670701943042,85.8188069060534,84.2994757048275,82.4588924360223,80.0523079448958,78.7211546125769,77.0564886358542,75.8104287102577,75.5852063491874,75.452101136505,74.5625088060704,74.2760911941015,74.3316913662641,74.6148763468596,74.8662459121551,74.8119405150087,74.7824571600988,74.8632086306307,74.8830882649156,74.4718477962308,74.8217173937545,75.507135835796,75.723462458858,75.6741295230175
"13571",26.4549459780036,26.4533942985042,26.8697859062452,27.0312333235447,27.5917967456128,28.3595800832686,29.0456499261079,30.2410522993803,31.7101453249448,32.6428751627953,33.7301629531368,35.0816020887309,36.3825670497852,37.6506917319667,39.0913414045867,40.0458572069862,41.2335934414597,43.1452606601427,44.4388460467778,45.3129527086421,46.0586304902988,48.2836193518111,49.17443451047,49.6446653492607,50.5684583949864,51.0411577079627,50.4577979965592,50.5139335592144,50.9270892990786,51.5105890816324,52.0023855281053,52.1529964336523,52.3884432896637,52.7704672121748,53.0809109371003,53.0673404794001,54.4714703112116,56.5139960199767,57.8547535368134,58.831956504199
"13591",140.979196794825,141.631863149362,143.645191883958,143.243466917829,143.886856372733,145.279180337129,146.119816498732,148.606410412502,151.501393508597,152.27218843905,152.980478969189,161.841888957481,169.156585102979,174.431916463889,179.951238916172,182.495780290294,184.590606108511,188.78381599528,190.109929801407,189.928288798392,195.869538240016,211.567063596124,217.669050375568,214.50572541568,207.579533884128,196.385260183828,184.215548778398,175.265190753623,168.466027965224,162.695269896872,157.350670374759,151.926173339437,147.483329076582,143.939207124756,141.064559918839,138.062091224721,136.275213933105,134.928957861296,134.043203482222,133.095870550364
"13611",53.5804969296992,53.7698247031873,54.6292823985177,54.6406082363358,55.0723437754521,55.8868200896118,56.5464435770874,57.8389496703602,59.3873048166124,60.0467070658606,60.7317219583732,61.8510452619934,63.0627343056671,63.8614242219489,65.1339424224456,65.7192392915328,66.2724540477823,67.8915167818296,68.6617805168515,69.2117861327198,69.6921619259426,70.7353971830553,71.3303305129192,71.3367932882947,72.2487809468385,72.9097201322706,72.3364768474764,72.5227882873943,73.2342613278421,73.8488461853312,74.1418052289231,73.6651828087874,73.5076116994122,73.4893884774426,73.4972144947865,72.9724506069134,73.346660386809,74.1680606634631,74.1777597639639,74.2067783040341
"15291",90.7391262950007,90.2577232761204,91.1100356465581,90.3588753175612,90.0683061974255,89.9492636585996,90.9104929598158,91.740890178367,93.0196479979393,93.3917204460392,93.1572035996913,93.1914621429218,92.679564885677,92.6019920932174,92.0366036440513,90.9949852219056,90.6343853656997,91.1577358588864,91.5837802000982,90.7971616300513,89.9585931768075,88.9836237271925,88.2167346150511,86.9848116539176,87.369615805531,87.1653437409569,85.6119041094949,85.1122632637497,85.0188389195732,84.7271444143098,84.3594554789252,84.6620048802366,84.6561080829293,84.8624653190888,84.295429164049,83.1644141529546,82.885251632353,83.2145229762924,82.7132774488836,81.8887862427158
"15313",74.6301431660022,74.2863270519935,75.0600257821513,74.6684264261721,74.9337765589626,75.4335808227669,76.4113018649813,77.513766443421,79.1850422096263,80.4888466770135,81.240972385096,82.821922264017,83.4935182787263,84.7440293429142,85.4934665221615,85.6595729687455,86.1696065716161,87.8186204007856,88.901953963302,88.7606183011211,88.4149808185774,88.0563620319746,87.7818239299015,87.0888948851004,88.1408066561464,88.4207534370585,87.1487637241205,87.0454313066669,87.4186616979183,87.4231305101915,87.3133335893225,87.9723934252712,88.2962518929291,88.8800779547425,88.4614370702554,87.3443519308094,87.248521356957,87.9691846110378,87.5206596006407,86.6671997535406
"15393",87.7424436872047,87.7677275762463,89.1469092577812,89.1649368482603,89.6650150008343,90.5295952646955,91.7242221050619,92.5649192616937,94.7854781064286,96.2937776890043,97.251601866067,102.107438527041,105.534758696498,108.275686776385,110.560588931839,111.746441513923,112.493071087294,114.225378453982,116.608690233435,116.691863750337,118.615882052959,119.301282831323,118.297778124627,114.343090371442,112.308615262376,110.085576363756,107.200692856446,105.361540874658,107.62319260422,113.387415776918,120.022726790352,126.253227461241,128.695445953502,128.558066363475,124.27872088242,117.394359172643,111.192668639466,106.44133951041,101.872871561917,97.3199706561914
"15431",223.125100013608,223.97039798619,226.897898451892,227.465394504831,227.441328910692,228.89550966737,231.574973815916,232.813069856102,236.525703690781,237.966231736303,238.854419251487,244.150999158247,247.750225314832,249.423100394591,251.2561680525,251.726186820195,251.881344037637,253.680878452089,255.060581337409,253.055376310816,251.933594452883,248.591465956997,245.081134152965,240.780669392782,239.015078390683,236.129348997561,231.147689453202,227.473075425005,225.794807792791,225.02668656154,223.481421229206,221.8168704284,219.211534344531,217.915147264702,215.315456867509,211.71440016813,209.886235332453,209.178680872398,207.597871655897,204.99043417177
"15474",119.50215568056,120.06010958058,120.989970791031,120.00032385947,119.450330922811,119.100168999883,117.017214765721,114.701046549678,113.852526030882,112.074104596892,110.58619129603,109.922545929484,108.760020374556,107.579771946458,106.591131673291,105.457108082018,104.769117643093,104.582449824776,104.480543310972,103.470156744672,102.539610489506,102.990208064886,102.777319117462,102.056346326024,102.010022236407,101.382251034729,99.7764014613479,98.4582793411953,97.6387542052306,97.4402805613802,97.0358392747145,96.4554867044491,95.8357395742649,95.556814101685,94.7790507936296,93.5294829943481,93.0328918379435,93.1460652588337,92.8314622147887,92.0020753831365
"15551",60.0384905809291,60.3048249575594,61.191077734779,61.0130708825027,61.7785393187925,62.5614880250584,63.4233957853489,64.6842362303271,66.6054895425346,67.4805649166481,68.1633605251668,71.1580006776806,73.5579598331603,75.3623865075687,76.9696709523989,77.7109922756063,78.4641068973879,79.8049913285747,80.4177742393608,80.047298237385,79.8669871709098,78.4586460043118,76.1878379041762,74.077097921385,73.092057751264,72.1706726307254,70.2694571173991,69.2695722834824,68.6555154348273,68.3603156861225,68.0747116943624,67.5598826821735,67.3757449142463,67.6005259121813,67.9084480975569,67.7368114388555,68.0742105126595,68.5005256287065,68.2486210526419,67.7561854310342
"15591",94.6866942341943,95.0403322755073,96.4090290573561,96.0463944978535,96.693142095535,97.4738816415674,97.9174600984055,99.495521589194,101.545434112688,101.96346489368,102.44871335875,104.556616964309,106.482230878486,107.567081539279,108.829246506326,108.656676696781,108.860132130989,110.128763829219,110.06799735865,109.369827223964,109.964084579032,112.365947393794,113.199610465684,112.382288437526,112.187446424758,110.886754394122,107.344756246634,104.383913381595,101.618286713192,98.6490758083031,95.978146738979,93.2871905507545,91.2550320313893,89.5824828963962,88.2184713327456,86.8117892361935,86.1670968541811,85.9941069482441,85.4112264734467,84.7564539332091
"15611",44.088767719046,44.152379033382,44.844707803152,44.9155679633525,45.5231887417447,46.3539446816443,46.8820036486079,47.9455102454026,49.2108977638167,49.6286643384644,50.0890546559925,50.833639115613,51.6604740279697,52.0809605950743,52.6989723215973,52.7244971245176,52.9320823278429,53.6578101300465,53.7913670264064,53.7020151738507,53.4580468160989,53.7485593112472,53.8276017777821,53.4955548805108,53.8516764575921,54.0349578019208,53.3677671034515,53.1923680926952,53.3422087845381,53.4497996061895,53.7341496863805,53.622294655317,53.7610550128112,53.8278069217834,53.8519081526019,53.5749710630784,53.6830662318466,53.9761127112777,53.6723795315948,53.3776829453406
"15631",7.93793985817722,7.98618741023271,8.09291275617669,8.0632514852552,8.0809601921632,8.10879736632928,8.09064250151935,8.16693116226585,8.28864618653192,8.27697496492051,8.27511505435481,8.65650190638617,9.4081321966966,10.3898267101759,11.7543507302743,13.2635038456478,15.0876171022108,17.3349977062302,19.6702016780757,22.1112826715147,24.6927296692604,27.3599467212451,29.5947749634257,31.458685160101,33.704446319585,35.6927824930617,36.7372735044542,38.0757441226597,39.7364364258329,41.1892915109039,42.9644988801201,44.0044777354053,45.4022628369566,46.5360816350535,47.6799166135968,48.3833626500306,49.4425742061779,50.7226059981718,51.0453486621034,51.3552798827736
"17171",66.8533008636235,66.4069039077683,67.0114250586686,66.8020485082517,66.9663641422333,67.5136015364522,68.3707881559089,69.2888362837302,70.7210829238264,71.471002507192,72.0027539612336,74.5415445670479,75.9665086463212,77.3856580731146,78.0367921018521,78.0851432989897,77.7925221924229,78.0852767817435,78.6201151853609,78.3685423415879,77.3645122202128,74.4540894962028,71.863422465286,69.3583424734351,67.937806516558,66.6989395250439,64.4892404396014,63.1023921028317,62.3981022390387,61.6506720032394,60.3081799401124,60.0915885159498,59.6662940723588,59.5472493121938,58.5995284438962,57.4519404780041,57.072725921217,56.8752189170872,56.5991895431674,56.0903023210635
"17252",58.8202223124652,58.6185551858224,59.2746263234278,58.7671537255742,59.1385345885896,59.6370850113901,60.3958281028498,61.3257784842789,62.9018746626376,64.149273091515,65.1203186911209,68.0658112445425,69.4727089137393,71.3861237784138,72.207405992591,72.6952262001443,73.6166588642358,74.9628288787954,75.9815447077634,76.5830394105329,77.2121181706636,75.1478301838053,73.9004188702466,73.9257085554992,77.7319910827333,81.6671705496441,82.9967229398928,83.526060229158,82.4765903873198,79.7942589447493,76.4966466330051,74.4494737219753,72.1641243866697,70.4640259685643,68.4500844828667,65.8446536822843,64.2408486054322,63.2457439982041,62.1261785817353,60.803806942465
"17292",94.7068317693606,94.1655267812612,95.0736472429083,93.7465333742528,93.3852306149237,93.3298109349432,93.3573991926562,93.4021961746438,94.1762966733232,94.2312072042176,93.6388187100482,97.1806046841512,99.0932951361462,101.2575931682,102.417695876917,102.756928667226,103.365379482519,104.64285682609,105.358184491954,104.903057306177,103.879231779319,99.777337802943,96.6175183187802,93.2437769601945,91.7408742693941,89.9168831959216,87.1897262239339,85.4838054364615,84.2131743509194,82.9661661036549,81.7359415982731,81.0810026659895,80.2089307451384,79.5571021592091,78.6105525859592,77.3843552223138,76.8649051447652,76.9032699347244,76.3521833102445,75.5702279850874
"17312",80.39767780111,80.1387713482646,81.0191842144833,80.1801606115764,80.0897877444592,80.1865655479556,80.4248244715987,80.666635648995,81.5193065967614,81.8096549404873,81.4373637413597,82.7271973133641,82.9213122700715,83.7253638243181,83.9176303827358,83.6904371624763,83.7473350987448,84.482204987277,84.7888004431791,84.4448749029211,83.4359000700205,82.9963424180576,82.7885432616956,82.2141100726506,82.9925837303837,82.9654479885173,81.5301556599366,80.4743871581156,79.2857441326416,77.9375238829912,76.6486135290401,75.9475288043771,75.0842786460306,74.6009681252042,73.6696766107638,72.2281332238746,71.4352757389759,71.2817616266703,70.6389384179844,69.7834042983412
"17351",15.0092593395691,14.9446253039005,15.1894749000719,15.2509738365997,15.4867754905235,15.8460040167435,16.4132716950304,16.9820742180032,17.9229158483417,18.8374919428883,19.7639212999846,20.9628313886313,21.9959352011723,23.2082564857365,24.401413197378,25.481021542299,26.7042685671943,28.4622557715684,29.9811887309161,31.1819372314384,32.5657088051784,33.8102482680027,34.9877648737105,35.9230203795697,37.5192155797738,38.5743509730353,39.271475108325,40.2575209491374,41.3689185506074,42.5020145040735,43.5752453220558,44.9781898933801,46.0006927151121,47.2286102447657,47.9132053378509,47.9508847486169,48.6564393616245,49.9452457232694,50.9739869327119,51.5213757168844
"17374",139.324807255731,139.447647610542,141.519312218349,140.965520130363,141.104604278076,141.767585817399,143.91865627416,144.425329903954,146.665070648456,147.533841066275,147.697478688772,149.561269563612,149.76338147233,149.878639195163,149.418711043555,147.966948227529,146.519718119185,146.673592620489,145.906275063494,143.857536877862,142.252232326142,138.84117102473,135.33958281066,131.374731906985,128.833598952352,125.949057854276,122.905225879626,120.556613795297,118.606273448807,116.937242314661,115.281140617123,114.184833435712,112.872506204201,112.237837472911,111.341666625217,110.105473485148,109.832728294986,110.134396344852,110.121771135276,109.67506071484
"17391",144.605359983923,144.471588495276,146.543333607435,146.544095150106,147.062980197066,148.073424275297,149.626530413574,149.930581778364,152.233929538044,153.549344057669,153.666323324601,162.495730027275,168.656783832527,172.991482917342,176.473947102475,177.995931327024,178.729301051353,180.763993308208,182.07464513928,180.947012839499,177.172706869537,169.867815555428,164.042050624874,159.219650923914,157.027222744282,154.429697348934,151.136740606445,148.809368626431,147.193179619065,146.190980080998,145.282153826077,145.159828330866,144.917145895943,146.478525207082,147.05349598571,146.388617078555,146.04989742153,145.556328603723,143.871092674112,141.724074738195
"17411",110.106872040643,110.146887797872,111.781503872686,111.778897539656,112.186587710938,112.813980461866,113.989718036904,114.317196291665,116.005896170852,116.998326893658,117.039368757298,119.518207935809,120.992434402791,121.740103099751,122.664780877039,122.705701522769,122.75368075608,123.877412022847,124.769623215123,124.355277348834,126.886597699746,124.327316197245,122.328182651493,120.609238028559,121.672027948093,123.478247536615,125.35739572468,128.576411044905,132.023120072495,134.780462556075,135.230754460461,133.579610734708,128.786000941219,124.497659286103,119.701329201703,115.14483617053,111.71082034716,109.830461620352,108.247335940202,106.297580454828
"17491",21.8162152247286,21.6909628221457,21.9959432008684,22.2292510063959,22.8396316928953,23.7171448944848,24.7999981781751,25.8913370130373,27.3716135155212,28.4900238187859,29.6376133712552,30.927044540793,32.1834264868451,32.963300229844,33.9090572707143,34.41615396324,35.2796420701045,36.3028856864964,37.2614962302413,37.7165715175125,38.0270304678034,38.8889986848254,39.1948340738849,39.2913950811122,39.9041336427396,40.1826359753305,39.54750306975,39.2708224026512,39.275444604498,39.6414201995667,39.7780285052782,39.8129706128987,39.9061355591306,40.162816125668,40.0389928728646,39.5839985367264,39.6529427589347,40.2518245748067,40.4502595206049,40.2800413315037
"17531",69.9064796513525,70.3582267136164,71.2051892924547,70.891629621406,71.6182849971462,72.209290549314,73.1262983260625,74.0363434238622,76.0678413359998,76.9746464543061,77.7382765367361,80.1716586435565,82.1071214375955,83.2529069562834,84.28342605749,84.6530928729326,85.2812713999181,86.3433242769057,86.9172169165427,86.5836722685372,85.4133596104114,84.399246018575,82.8784073518567,81.8044454269919,82.4803454196501,83.2528145086156,82.3440843136666,82.043436799008,81.6064240034243,81.2072264266205,80.6597715728921,80.1477671917991,79.8887680365481,79.7248330874529,78.8551124492034,77.2810968145362,76.6567580816377,76.7361002643633,76.3848181335002,75.6380259744421
"17551",86.2887931914359,86.9720425542012,87.9761100439532,87.4885550356681,88.1882355305465,88.540437445672,89.3032861056626,90.2212108679424,92.2064573726582,92.6853682311407,92.9541900948084,96.1091508506575,98.660725755625,100.426503692454,101.931184769913,101.929563899813,102.666178876965,103.838437418555,104.089270751399,103.584187997669,103.881694524294,101.636440913346,98.2536494777801,95.0077701240981,93.243493861654,91.6931007347645,89.0501317988812,87.6250693250759,86.572595483869,85.7361959648825,85.0753030478734,84.1514268120211,83.4232085444515,82.8549352577524,82.234848205452,81.3794522607492,81.2107358131122,81.4607417542145,81.100863809274,80.4829274568287
"17571",72.2835654546784,72.7197133773646,73.6408742068531,73.5166273928462,74.3878038568788,75.0298069989634,75.7863940530641,76.8506759979311,78.6279045795503,79.0165604454297,79.2572780226876,80.0993770314211,80.8966587803944,81.3548373116461,81.9252507276749,81.1453365734014,81.2570316921345,82.0024801012403,81.9652618140335,81.6832221101649,80.7186882063214,80.9194219476541,80.1863911151673,79.509796941406,79.8203063753737,79.9430741516786,78.7163310875473,78.4393420940236,78.4244384809416,78.4718266316191,78.6163601454251,78.4873770560283,78.5095659333619,78.5177699361951,78.3276120549694,77.7511026939853,77.8043406906346,78.2331049682609,77.890154709681,77.3418076438928
"17611",45.0786810343056,45.2832910776729,45.9159108290665,45.9600192072541,46.4479486190626,47.0078972017695,49.6624784856297,52.17118879774,54.4852070267061,55.202995872494,55.682701594614,53.8266244068955,52.6119902012579,51.3948509745189,50.6976244538557,49.6807048552956,49.1085620851626,48.958861319269,48.7931258788391,48.5927659630379,48.1727362590972,48.3082712760203,48.1501224580738,48.0633823038543,48.7116732776786,49.3351244754755,49.1991677140731,49.2464812159691,49.2648276290853,48.863949466715,48.6423833462676,48.2107063824927,48.1225817532733,48.0090202195094,47.9339778182044,47.7840453539609,47.9614927432156,48.3966307553672,48.3753194387905,48.2883275821064
"19191",28.1094493699245,27.9222230101088,28.2554656139905,28.3149817256546,28.6222345254877,29.1148465906906,29.691416439417,30.3588707290825,31.3137858557566,32.0800378279654,32.7833765582945,33.950943227746,34.9253283946338,36.0892289680884,37.0982349535444,38.1287730111033,39.2699327079196,40.7434483389347,42.4797259983895,43.7397925345585,44.4822758687078,44.9144672820493,45.6243979747352,46.3112799250655,48.1541268148524,49.7100428193535,49.634010387829,49.8276264193088,50.4273421979239,50.9640503178104,50.7157703187891,51.6295705127212,52.4112097621264,53.7709446470552,53.9584268914569,53.1692430921414,52.842157875686,52.9178290087046,52.5961484900297,51.9396357824889
"19271",109.628336878528,109.00949044104,109.853557679237,108.31048519644,108.316156692507,108.511659772054,108.944025381262,109.438161901762,111.057899668609,111.995662488766,112.398529725565,113.937508308629,113.848276682553,114.746347451083,114.632768195091,114.253455945749,114.7606396674,115.915032008285,116.956708669501,117.33982791476,116.884966583121,115.999083654542,115.779177831927,114.64799284822,115.875960333164,116.276869638918,114.678357909893,114.484674551115,114.643315197278,114.653822987292,114.551728915767,115.403498064363,115.44822446131,115.602745431943,115.212507729948,113.763329643816,113.438905168033,113.800131874492,113.147117529608,112.025863269389
"19293",55.0440230740683,54.7227224251841,55.23303824211,54.6420462755805,54.8921852931691,55.4452000121098,55.9381148477288,56.4293502379477,57.3990581185655,57.9129396919875,58.0047916584809,58.9260844272547,59.0575302109776,59.6192855122425,59.7407541913033,59.6761394880411,59.8898023575542,60.5207229706675,61.0312251492144,61.114970135513,62.38602026437,66.0613635240511,68.1007403296011,67.5423906801728,66.6103240794019,64.489049453627,61.9486978701741,60.4560038277475,59.37309241464,58.45989380569,57.6362045127387,56.9905008959623,56.2625473098466,55.8721503294166,55.4132040331772,54.714110362993,54.4708513825041,54.591365719565,54.5787016575524,54.3139107697235
"19331",46.256119111867,46.2578997054173,46.9071934982939,46.5281861182453,46.5631239259755,46.7093427679597,46.9521776534892,47.1072041939626,47.8013899131849,48.1849424908041,48.2484493807726,48.8548984705779,48.8560253219305,49.227931165139,49.2481915072771,49.0122122637517,49.0137207206004,49.4015389759376,49.5459536399212,49.3431418539877,49.0636950946641,48.7630436799545,48.555953496843,48.1223171336968,48.3262771993741,48.1471330759476,47.7100404666306,47.5613562820334,47.464556402861,47.3671407328332,47.1930952214378,47.2292668429868,47.1112490127332,47.1496730553326,46.9784251603068,46.4550253107768,46.2354956533374,46.3676092020475,46.249865472959,45.9533182790473
"19393",34.0485650052746,33.9761103277254,34.5448679979319,34.6502130156182,34.9689226735646,35.5492455047753,36.3073829790608,36.7935964140505,37.8544674348063,38.7155266071421,39.2520614234666,40.3360098415298,41.1511297670906,41.8067535287276,42.5842963425078,43.1261489674043,43.7153229478937,44.8203796785476,45.862259912582,46.4863545175357,47.2423910426176,48.6503897295007,49.1835883311815,49.1490513950695,50.0169120535752,50.5083379656709,51.3792770878635,54.6207562345972,59.6037582965483,65.161039969226,69.2948592760379,71.2755118547062,69.7092618970643,66.2555572135317,62.4044144492837,58.9194389900342,56.4828245429647,54.7292847983239,52.8774489870327,50.9178556883632
"19494",183.466104783664,184.282330089564,185.556484795612,184.543133191035,184.329359959425,184.613874297835,196.744721087795,205.342516093522,213.885195622437,217.688594268685,219.496657981807,209.095129721077,200.396303144423,191.916918041864,184.955623925737,177.819387184087,172.621155117797,168.528502037105,164.923973710081,160.946177722524,157.087426306909,153.950386132992,150.068656847681,146.660919439472,144.901428852141,143.387792356341,140.795345610766,139.10033699902,137.842329252208,137.166468844614,136.625085324305,135.732682765683,134.843623625882,134.300475378588,133.214864829657,131.686676603635,131.37163688468,132.32768734715,132.819548179398,132.725622797546
"19511",22.8919804023147,22.7758311420141,23.0836293389112,23.3457959237369,24.0345886145525,24.9981758086074,26.1023028630574,27.1694433429494,28.662782103154,29.7920060639173,30.8846256107343,32.1823876619538,33.3986108496583,34.3214450719522,35.3010727787815,35.9146812596982,36.8149080832659,37.8913474525486,38.927041063391,39.5148351530191,39.836305397347,40.8715693398357,41.2013751206132,41.3212627496573,41.8933500080517,42.1637611176929,41.4874077881439,41.440845226072,41.6420728268444,42.0961370220314,42.5194852005926,42.8335990174192,43.1281809528025,43.5110786304012,43.4232688245217,43.0107652809791,43.1295921863702,43.7034342567318,43.7031018567617,43.4003240126522
"19531",121.992989582513,123.220412226079,124.379201694889,123.106411383344,122.493900310347,121.404320829943,118.386646102094,115.819886016623,114.627494952461,112.32210409652,110.206507965689,108.99266287055,107.651459658818,106.032626449395,104.529815859476,102.732521857083,101.2370593111,100.250295394382,99.1236033420816,97.6426218256164,97.7798359575771,95.8545152748661,93.7574951837748,92.2958535873601,91.9018591090211,91.6336644376381,90.5021322393028,90.3287068232734,90.4618464410267,90.7900872742388,91.0901832256762,91.320001996646,91.5768553393234,91.8727327795892,91.7568451902587,91.3217175076858,91.597987204249,92.4619844149969,92.6595152096571,92.4873353576123
"19553",12.0697582230178,11.9850284185899,12.1996835606187,12.4683213085491,13.1210832489527,13.9460335238885,15.0805248894957,16.4934979770044,18.4290828572932,20.1880883306446,22.1661216380058,24.4669910107059,26.7182554631451,28.8663914838784,31.0934081932112,32.8597380092744,35.084363084481,37.7647056686616,40.0341292574257,42.043371424109,43.4843633812735,45.7601954761227,46.8469303666959,47.8215349596997,49.7679406576904,51.3880350203319,51.3202041332228,52.4721234551704,53.8814031187192,55.3409361435075,56.8356620720575,58.0682437605882,59.3254951067953,60.5703824797925,61.2975963471955,61.5056759777991,62.5388752566452,64.3456700287507,64.9628303488702,65.1474904948289
"19573",57.1180783045206,57.5712156841622,58.2272403580379,58.0069363235856,58.5672994894474,58.836437776125,59.2060163933871,59.7668207481628,60.9466635797046,61.0806733689332,61.2762172862186,62.003501717102,62.6952340207487,63.1859581340849,63.8628964439595,63.7810826105165,64.2983678370504,65.367580985336,65.917497455861,66.295036260304,66.4796259784743,70.8292395453148,72.5684307386461,72.6274116045295,72.2038851887893,70.6548634167575,67.9767086445291,66.6493331256724,66.3117301496088,66.4160868027093,66.4922758246032,65.7147023484824,64.2642910556791,62.8041175722121,61.4197883673145,59.9893427932139,59.2335504047359,59.4246740443724,59.2553407677098,58.9298457114768
"19592",110.884312779693,111.652481685198,113.034520068415,113.000702399032,114.09896341291,114.923598764427,115.494718500181,116.498534428559,118.775148710325,118.87856544668,119.338004451558,124.564064977346,129.042551901181,131.90484349833,134.568045435575,135.081028807274,136.129177605893,137.60474495565,137.917909701639,137.208288146159,133.292167886661,132.421025943879,129.896317918213,126.680155020933,124.389935397561,121.854002299268,118.508110817176,117.450384272791,117.886039999793,118.46812082846,118.955186634598,117.570077690786,115.064294736303,111.280738743698,107.353686451771,103.640053894393,100.79766422277,98.6066796868642,95.9339546208445,93.4056001212787
"19611",99.7186073382723,100.632961004235,101.769037911588,101.365613263304,101.54068298789,101.388047865185,98.793361138321,97.1103295005705,96.4097263649003,94.5045321680677,93.017408728099,92.6346636164779,92.5177838852441,91.8109638503546,91.4235850290579,90.2558834267183,89.5047114743891,89.0595899106649,88.4047857050098,87.4225432975131,85.7054823054895,84.9784392825661,83.5167899338021,81.9978142629276,81.3383336414379,80.6917934035455,79.4148840675146,78.6763064923031,78.2418482162736,77.7080934508354,77.6188455008898,77.278635371322,77.2811940625499,77.2309700738895,77.1611198547734,77.1319930371182,78.6463658985729,81.2323623616111,83.1320955543638,84.6999389752727
"19653",70.8266869853326,71.2506636151131,72.0819135576654,72.1021719381088,72.5489984398553,72.9582046581454,73.0806484584036,74.1794656916989,76.1290383608074,76.9218687029328,78.029168527987,79.4550166256493,81.2487658844988,82.0627376107515,83.2200652237181,83.5943009878465,84.3208722762732,85.0938995371831,85.6223226933145,85.7364331643137,86.0871847821874,87.9943703458994,88.6073403723482,88.8288368443567,89.1849817391031,89.0214667965537,87.6987564029997,87.0981403385042,87.2836242520107,87.6503642043897,88.7866676565662,88.642659890582,88.8090928419047,88.0896928590298,87.4527841722453,86.2834880791058,85.6687346553094,85.5978884106715,84.5160171432269,83.4542050652479
"21211",38.3659059562458,38.2301356132587,38.6648847595424,38.5699506080828,38.6157788301681,38.8173926549295,39.1528684417379,39.5893213286558,40.3754212426559,40.9853537160756,41.4687696480704,42.4021108364382,43.077284088583,43.8072304920847,44.4920319459429,45.2299417265712,46.1402459658398,47.2665444449865,48.6658164671891,49.7188504365797,50.1843718768093,51.9871907849316,53.4720822388059,53.5475340533608,53.9043223720945,54.0875602028594,53.3127879287937,53.3781908756806,53.8035239975609,54.3718626088544,54.4417381199909,55.2204032828938,55.3650051440382,55.7342333672468,55.4610849672547,54.6333087171682,54.8028967699373,55.3465425021035,55.2533250263207,54.8292722058938
"21251",83.6466486203646,83.5721472641941,84.2302395180436,83.3231422978614,83.287944124574,83.298509437987,83.4943641924151,83.5933401561345,84.3637445515112,84.8984972709527,84.822529284258,86.0694467152078,86.1325428488028,86.7511985639138,86.7189461906108,86.5843121942845,86.8368059358505,87.4462519545156,87.9620283450699,88.248952114793,87.8565850102236,86.2231846154898,85.3325560849343,83.9738819636568,84.3866345832559,84.2269553417833,83.201496111018,83.0581031043183,83.1446736003588,82.87709727536,82.1966981675849,82.1901467168385,81.8149163853405,81.372189221536,80.8034226276507,79.6030564635291,79.2242873099907,79.219087309915,78.4430698248576,77.4458178913868
"21291",100.843251032938,100.658926184302,101.427022766358,100.194331835727,100.514663339687,101.171415965638,101.859989238667,102.23846757382,103.566383957903,104.091549406966,103.980033092021,105.245021681731,105.17084547596,105.88548235014,105.79519969756,105.62184555612,105.824412683407,106.6429616462,107.270726976086,107.377844074937,106.909543856945,105.930908890184,105.536723954617,104.673594576245,105.493436781943,105.252486070279,103.979458496118,103.828286231864,103.995737276158,104.163980122336,104.050178284525,104.45298622161,104.356754216021,104.410267675746,104.070721158313,103.088689128845,102.537250913881,102.681851034614,102.028456958587,101.080658967936
"21332",48.7696604280582,48.682265617446,49.3347704244397,48.988045196953,49.4673466788553,50.018011006579,50.54054609813,50.9310776718835,51.9331528889539,52.5497243556453,52.8539485283094,53.9961469998265,54.5119267672703,55.5474696360779,56.1631319171845,56.5513712166402,57.2176595356674,58.4104174765721,59.6080927775163,60.3015927149676,60.9366310767891,62.1019634074134,63.2205366922958,63.5961889860282,64.7290679525362,64.9343476799031,64.5905382088725,64.5007828240353,64.5473282040279,64.7306162313324,64.7808873021172,65.1516603285942,65.2059988119532,65.5838131166557,65.6394019411811,65.3401217127865,65.7379773586744,66.8822160563973,67.5274410279674,67.7784797568383
"21411",68.8731014875377,68.8631422539397,70.0603838650341,69.9013627957064,70.3648016596506,71.0782700029276,71.864768999195,72.4879516886668,73.9413407372332,74.7952735395755,75.0460961954863,76.5519549312549,77.4633959979808,77.9885182526803,78.5470300827898,78.9365682725011,79.2179933024177,80.1009625100165,80.7065914534247,80.6406980036427,80.2161536974638,80.0269324078613,79.9483051607395,78.9387213129921,78.791685125667,78.3145741770063,77.382969922566,76.8247169493736,76.6279989413004,76.853249922278,76.6112442743906,76.6047051683679,76.5161559558669,76.8148751182224,76.6512837437867,76.2350101364427,76.1484564719778,76.566373514665,76.9397121431947,76.7772899945251
"21431",42.6855772171614,42.709625780171,43.3290631591363,43.1697116625614,43.5586052222151,43.9306327553786,44.6391953266938,45.0527046734597,45.9751034585388,46.4179523149572,46.6437969094658,47.5263806623909,48.0478488410347,48.3524488292848,48.5199379344534,48.5164682525599,48.707238767488,49.002539777838,49.0986523425127,48.6660812077154,49.3694637812573,48.5146977196263,47.6728854943959,46.1847135335193,45.4425723234177,44.7577694006246,43.8916496293309,43.4429601708421,43.1381253122882,43.2016913070773,43.2751810204222,43.4543402510616,43.5559358953944,43.7629861446759,43.7142325589329,43.4323966861186,43.3888985030497,43.6510617433619,43.7583164943923,43.5951327990759
"21511",53.2696909004256,53.3587594393844,53.8315717424876,53.6427500835364,53.8403356219184,54.276400496325,54.7724939430165,55.1896856830938,56.1082110650801,56.4818293124894,56.8307479238025,57.403591219961,57.8949326551832,58.2585947613075,58.5642672672381,58.47866541769,58.6184340516199,59.0523094629907,59.3672211620174,59.4040495381447,59.6296639783488,59.5321690425172,58.870246808868,58.3461191717911,58.685006252626,58.8948449299057,58.0772535706456,58.0349272111805,58.1102265967878,58.5421665969001,58.9962326465925,59.1237236700653,59.1154896584717,59.2496617158452,58.9640364670182,58.3978687456762,58.3217757723128,58.9511505881442,59.1329687923116,59.0102811261522
"21531",64.1006516038407,64.3010692801056,64.9028039987798,64.7409306363575,64.9524833934113,65.504552763713,66.1499027987712,66.8829651095719,68.202403469329,68.589821837196,69.2230005906892,70.7130969873766,71.911445091779,72.7289564616247,73.2790086747068,73.6878396342137,73.7656050374352,74.275278558214,74.5917829480446,74.5033195404678,74.1060161838688,73.368080665519,71.8218805951758,70.6778448544392,70.5942657553761,70.3117419459239,68.6134197582743,68.1764693254945,68.3231611007274,68.7511202068711,69.2904379651829,69.6911841483872,69.7172398869969,69.5126496900279,68.5968220895161,67.5524092486719,67.233502634928,67.5683109503572,67.1617636845921,66.5611203752184
"21551",7.27950014397164,7.20271098235003,7.33514790675074,7.54716430690795,7.99515315814941,8.57789564848126,9.30733573832634,10.228812605596,11.4207309975631,12.4850602634707,13.7739489456037,15.3801341813487,17.0448426389008,18.7599334255853,20.5750334043825,22.471115787959,24.5138271548623,27.0081961290268,29.352675506513,31.6030268494322,33.4222786310993,37.817233813603,40.3893966839558,42.2126678747992,44.1436451447055,44.8216077494364,43.3291163680048,42.5641504332641,41.7396529921689,41.171458405392,40.9575178536563,40.9028251233217,41.0546328041862,41.3396068347442,41.278889803385,41.0308958446982,41.2605050733305,42.0375452553191,42.0327418982562,41.881789910884
"21571",21.9689636717676,22.0996761879404,22.3597573167322,22.4233177040534,22.8327394197624,23.257523553222,23.6779746781683,24.2446177969683,25.085676212045,25.5071928352324,26.1621690691162,27.1910619413745,28.2495444501758,29.3373479004953,30.5779380818096,31.8198312208504,33.3549586142013,35.3460617440608,37.1647065033049,38.950308913487,40.2134460044979,42.034888864635,43.3137272332222,44.6354611305337,47.8459295161343,51.2922454314314,53.2667242253214,55.8417564425116,57.8545422085332,59.0823111297836,59.8901904044808,60.0418280045963,59.900073795285,59.3211425705655,57.8831575911044,55.7569867325496,53.7736944607511,52.0196905578593,49.5218931862549,47.2469098457328
"21594",77.0763012311237,77.8070743353844,78.6533884835371,78.746567526983,79.2892838247499,79.8644681096459,81.0635657049674,82.3296775591446,84.2974605694224,84.3755777446295,84.9170451940015,85.5237352130852,86.1346058121929,86.0486354116561,86.0318755663844,85.4074103360406,85.1734641137482,85.3526256700435,85.1220510863984,84.6625296564226,83.7099168801914,82.2907369694398,80.6922421044642,79.796292469954,80.0598831197365,79.8136819686247,77.9295822256387,76.642160772757,75.7238143554482,74.9648671715296,74.9089428517196,76.2059656398981,78.9454562467433,81.8541073131483,83.7368752467528,83.6619167533324,82.1782884977401,79.7807174914051,76.7834072009762,74.1392123357476
"21611",77.6306219588671,78.3783982529863,79.2415655526943,79.2745113159517,79.7092112943011,80.0958564866643,80.1458354617902,80.5415175995229,81.8056874646894,81.5481857544263,81.7782694456887,82.3364669823788,83.1171693069132,83.171567125603,83.3948799876622,82.9939357787073,83.0402695683534,83.4707658782954,83.5996602708799,83.5284648306892,82.3992305322596,82.3531307635664,81.6756095983186,81.2840292106843,81.8663761022205,82.109653986312,81.1874554972315,80.9014109087147,80.8382034860067,80.7815358780446,81.2095588109563,81.2529973139208,81.5919385176261,81.7495002524531,81.8404119775961,81.6362814973753,81.8424367805234,82.4979563343248,82.1644682228249,81.805645145704
"23191",66.1058704070517,66.019767089383,66.6209636915325,66.1260212709484,65.9900698465639,66.0080974324168,68.327258500245,70.1111593563577,72.0526584332761,73.3071519163582,73.4926994237088,72.2413488373345,70.8547561852128,69.8274724276664,68.9853932659144,68.2707735831054,67.8717969475429,67.7339475001396,68.0430019287845,68.121398426289,71.008685430574,76.8377255883053,80.0151125463942,79.7779922132708,77.3738581853173,74.8104230762506,71.5809289958153,69.7170491658759,68.4262294474812,67.822071336417,67.6206637170775,68.1734931708211,67.3883187282028,66.1098397726725,64.32770644256,62.3838466751417,61.4179357222032,60.8803897712072,59.9873450918343,58.8962013170004
"23211",6.28209122952553,6.26729860483877,6.33082283280722,6.3086464333221,6.31948587642828,6.34864420277633,6.60419580916987,7.04452059316373,7.72188532509093,8.51702686892034,9.37139393899527,10.4793077987555,11.5854328886059,12.8033256588361,14.0764975981396,15.4250375622096,16.924886304935,18.5882051637569,20.4632686365641,22.2237430579351,23.6140717832031,24.6710264435224,25.9287170942146,27.0609951076556,28.9620210950637,30.6989186455965,31.4998183511282,32.9711689962391,34.6107387364882,36.0926681816036,36.9254801198785,38.587376859678,39.7851623191533,41.0994837084395,41.5935165574475,41.4059504927709,42.3367561988134,43.703757618229,44.146755255151,44.1462254047108
"23331",79.6913833090427,79.6200274385524,80.5061005729575,79.4845077903941,79.967643836362,80.3956349001827,80.9163980278818,81.126051938598,82.1595786578769,82.5892635175573,82.5567426143399,83.5371540459158,83.5511467253246,84.0694769148086,83.9893592574301,83.6307070536221,83.2316521621705,83.7133257238411,84.1518321297061,83.858343718932,84.0110078011105,83.0839194102986,82.5208680296072,81.8281296123374,82.5074667371213,82.3457016963463,81.3914705114563,80.829810760724,80.577563773842,80.5545495989342,80.4516044954921,81.7405539053979,83.7166764348683,86.5965284371779,88.9373913086459,89.6475181105902,88.4948055959767,86.0052305766086,83.4809166165931,81.0343555731879
"23411",111.082102580963,111.262577174027,113.157455092256,112.711160235126,113.409314773708,114.265721903621,118.149033237858,120.968103164262,124.836041083089,127.063346345527,127.604853262921,126.066468001457,124.042270024046,122.206775892357,120.593074762844,119.310931251667,118.004206716066,117.799861589668,117.108473387463,115.987859626517,115.018315649311,115.236409104482,115.583893985822,114.135301639711,113.640074490727,112.799968118655,111.384891270475,110.483778540484,110.495172258965,112.35728397847,114.919244575335,117.952787998438,120.117696616466,121.274371639085,119.845840001424,116.027066117952,111.865511616506,108.931588737284,106.253517954133,103.354653805146
"23431",70.4529310488896,70.4061506628314,71.2809027381449,71.0292234458149,71.643192802107,72.2120672761919,73.175566338927,73.8579498558018,75.3790965595102,76.0160737314683,76.374892319471,77.9765801800488,78.9829879668519,79.6769970152942,80.07773578337,80.2464107306802,80.6063177811704,81.2929957003092,81.2768194550632,80.8444756957518,81.1835480288952,81.8186729558462,82.7455266877559,82.1960810828427,82.1267630155784,81.0529695734873,78.6489768567429,76.8492530733233,75.2308410487222,74.309583782133,73.4200771511659,72.8013867873113,72.1374825168528,71.6585564348947,70.8647632314398,69.7852878316485,69.1175837062846,68.9062679086903,68.5375221743615,67.7816869337365
"23511",7.82193799311709,7.7013772017082,7.8205902756857,8.01634147483236,8.41882004360937,8.99189490647348,9.66947158458677,10.4343258805881,11.3940199010133,12.314378098729,13.3099509768567,14.3296467277087,15.2917435721932,16.2090168426338,17.0662441798175,17.7428448978814,18.4531578756987,19.3126802703388,20.0683607606219,20.7437062066628,21.1855886722766,23.2314884623386,23.9627288445783,23.6991033030921,24.2061059190351,24.8844192296411,25.1637140230477,26.1513204793681,27.1883421135893,28.3137083147092,29.4173959010691,30.423719800457,31.3393372525554,32.3290956902779,33.0420570049884,33.463229002164,34.2280816022106,35.9383314419015,37.3073389486698,38.2600560410812
"23531",47.743042316126,47.8084017307918,48.2141951964782,48.0802552946779,48.3492891534658,48.9227820335928,49.5925322117607,50.4093750235985,51.7496970042282,52.4827304263373,53.6096495406867,54.8433809810778,55.9623661064934,56.8133943379765,57.5290389081226,58.1530059843427,58.5109494859312,59.2341924028632,59.851370986385,60.250920107636,60.9024587811106,61.1546300348931,60.6265914150239,60.0092181207641,60.4215198224773,60.6300303447047,59.6162000652374,59.728161333386,59.941064215468,60.3202493664977,60.8453878901632,61.1998329704596,61.3729922645617,61.5812078680482,61.3310573584309,60.8648467769787,60.9388381220132,61.782975716844,61.9309288650004,61.8585895477052
"23551",108.861559708906,109.88748849135,110.759400048418,109.944972474965,109.88044576493,109.709009203798,107.06751010888,104.987534890528,103.743573000047,101.477611184301,99.9237410956151,98.9278355985924,97.8608590311471,96.6793342694654,95.5517362105666,94.5169591621135,93.6335819844831,93.2809643179873,92.7857750883323,92.1728483496343,90.8550851474347,90.1042063764645,88.9600495143001,88.0526565696312,88.1369217722753,87.918207239573,86.5481525984372,86.1568541223544,85.9277737051273,85.777329911116,85.7539213830336,85.9359742568722,86.3387288418607,86.7688229926154,86.6667234556318,86.0805035493467,85.6330944630977,85.4213596069276,84.5348865323934,83.6603611232758
"23572",13.7126310784398,13.6089007259525,13.8187418585014,14.138403556573,14.8219305125766,15.810627274517,17.0863233331556,18.7384346039136,20.894991608725,22.853053816238,25.3463785937657,27.8706221352334,30.1254159921464,31.8574478848021,33.3154464877867,34.5727499852617,35.813453094054,37.2636773063038,38.4133202411266,39.3074862885739,40.1969277331683,40.7922404152815,41.3681242517376,42.2531364678725,44.3221924272464,45.9879420730154,46.353833410076,47.4752295416131,48.9642037704739,50.6322072291065,52.349314282924,53.655138381345,54.8299523107789,55.7628842851427,56.0634958941146,55.8695951661503,55.9161536364468,56.3927326908537,55.8529056546972,55.4396397169531
"23591",42.1567396632255,42.1032558557688,42.6954448414161,43.510801899689,45.2763378244108,47.765142752958,49.8458617474653,52.0881661875833,54.7882000032249,56.1076335833227,57.9050343162176,60.2669696695996,62.9749257867792,65.2692123577558,67.7948515940392,70.1210871176243,73.0748117916746,76.8005078355022,80.2604562494274,83.6627740328109,85.5120298037159,94.1343702583859,98.9934316745969,101.626065240092,104.046965556969,104.402963517416,102.286418598662,102.024806836231,102.554689326653,103.29311913867,103.975464628373,103.687737495289,104.045086793079,104.433453347415,104.496656524847,106.227534710419,110.794497349893,117.18468557684,120.841381117727,124.099276748345
"23614",109.935480705385,111.192429094514,112.337774785204,112.099271586593,112.113678859078,112.210853693238,111.278344667897,111.150233632913,112.095027768639,111.261288713938,111.376299840332,111.867768328065,112.776285293463,112.733589683776,112.702267110969,112.34991094832,112.536272461297,113.331939393444,113.716316345223,114.040066190683,113.061264427157,113.188938541467,112.274344799702,111.709878766165,112.537912142716,112.926874351271,111.966285431963,111.857779369531,111.789424122361,112.234280689696,113.478677317101,114.611548771451,116.036920277333,117.170352742917,117.945638621492,117.953891675209,118.073335918424,118.547926464312,117.422527387621,116.56616509698
"23673",42.5144603868281,42.490474600001,43.049383819393,43.720586573423,44.8635188399798,46.2269390212625,47.4615296830306,49.3094173668967,51.6045812068614,53.1138948460542,55.0871200360556,58.7610357968633,62.3519566827138,64.4725886332067,66.3162745739085,67.3924551305633,68.7870505415494,70.0119008816278,70.7743406233269,71.2401612788251,70.3316962568863,70.025704876835,68.5705342675932,66.8889542639864,66.0041066223976,65.2428045172337,64.122144198217,63.8398946377311,63.5383016470862,63.8979020193774,64.3522356889709,64.2568191876223,64.9442267890619,65.0888377456487,65.4603844580187,65.031373197169,65.309780114483,66.2547523547803,66.3163891540694,66.2512301245858
"25311",76.9353600594259,76.6345815516299,77.4657497529521,76.7106538127653,77.1595592842387,77.6876958752579,78.3206295578964,78.9199513859042,80.7054034910592,81.8941602832597,83.0733369315414,85.7735765789899,87.2899500006218,89.2318555096151,90.1924916783235,90.6810700307384,91.1977729436814,92.3302245747237,93.3201299549746,93.7356522690149,96.4847821122345,93.9349208687225,92.4798065863219,90.7718380930555,91.330327652208,90.5495744894154,88.9230452367538,88.3379314558761,88.3404178850964,88.5561258844256,89.2005593532568,93.7362977324869,100.719206599692,108.121118887901,112.979999148055,113.203399613706,109.333588199478,103.515251887199,98.1521257052658,93.2878590805739
"25351",48.4727120842976,48.3603091669134,48.8153191770793,48.8839940085724,49.5585645194634,50.3607447691463,51.1923104017648,51.7296292551622,53.119741865516,53.95605517985,54.8167146971085,56.1303508207973,56.8139023891347,57.8237195363501,58.5270835215756,59.1876025581107,59.6726748155466,61.0846594540962,62.3016264306951,63.195401958882,63.5650052411132,65.6379677269609,67.4247782762657,67.4933257073411,68.149859571541,68.1108773374564,67.6220187168823,67.4777801568934,67.6157482401237,67.9802790593675,68.1428509116877,68.4762418156531,68.6376837528682,69.0103574207579,69.0993882692864,68.8602719706644,69.1340845106055,70.2478925155156,70.9707255712021,71.2600577840029
"25371",79.4417895582086,79.2341512404911,80.1346779667475,80.368655644375,81.4469926175974,82.9399099160393,84.5571660745474,85.7869631792126,88.6151733908877,90.4275609556529,92.5016615890688,95.5109332396414,97.291097009892,99.1328709644465,100.525797646567,101.394073799977,102.030314682577,103.842479112198,105.279270903433,105.938695488644,105.962328491301,104.752680375133,104.354173474429,103.209658888679,104.361775191825,104.65515016252,103.908643011372,103.470806238869,103.388668004095,103.744536329583,103.992396454895,105.215379984406,106.874033043558,108.871335373236,109.962333795722,109.758683955352,109.055957543309,108.083634011688,106.23870790687,104.119463891115
"25431",84.7081285375011,84.524548161157,85.3903764289291,85.3988443951371,85.8612843650621,86.7868219709379,88.034866498977,89.599090494135,92.1773257173471,94.169904440399,96.149726372689,99.4350090165319,102.230034840803,104.625694493195,106.483081115573,107.750059263251,109.068488774198,110.787301155405,111.615333409508,112.032113316362,112.253435381636,133.406500617855,147.842249285893,153.791858009781,157.103760468159,154.930166639277,148.091062682649,140.975996641586,132.947292798471,125.932621736724,119.542214259387,114.324791827169,109.921006268525,106.270277918299,102.914033309469,99.6908474857116,97.3961560973228,95.8790068750656,94.419879654981,92.3904252155734
"25471",80.3575942652961,80.189727911962,80.9972820648915,81.4726302259902,82.5769639367409,84.3445252175988,86.032474642807,87.7848451393087,90.2523788537559,92.2537674048263,94.026711321405,96.0795173482401,97.7514736945597,99.3774769735396,100.758338884234,101.235974296161,102.050551611371,102.772978059677,103.331023177067,103.68733447338,104.921646051569,104.970906508527,104.494679944259,103.398513706259,104.083255022079,104.437343644065,103.399980744322,103.666258450896,103.488937527636,104.1915269562,104.708348744496,105.512476196174,105.949930373009,106.052856288398,105.98523085004,105.299913888794,105.460111023368,106.220010181592,106.600649881767,106.052006454226
"25491",48.2982922159955,48.1586588354547,48.5275298895935,48.4676095560107,48.9950056856092,49.8462741943375,52.2404374274365,54.3006584278499,56.3388938376144,57.7022014205159,58.7326874485669,58.1451462772168,57.7607573029963,57.6076664901845,57.3863148490048,56.8649925139352,56.6045194989522,56.773291609796,56.7263612086518,56.8244546750945,56.5346219848031,56.3397291824727,56.0482807794362,55.743133529041,56.2421098181102,56.4406192524296,55.7652697277633,55.7756389471457,55.6167730065763,55.8232938141333,56.1173014283363,56.4961470267587,56.7827731181599,56.9043377730166,56.9178137341626,56.5397442356695,56.6096611804831,57.0557001893258,57.1870804505988,57.0293582387928
"25511",71.644714242343,71.6488972204361,72.3012401614619,71.9476525602202,72.5985658442884,73.424951151896,74.0790738711291,74.9376105654053,76.3269386027211,76.8518524488852,77.8987940098664,80.4506090968607,82.8698485274001,84.8222459178452,86.1932787367994,86.5995306653337,86.9443538074803,88.0538355653969,88.0889417617641,88.3328791179768,86.9410206644174,85.483702217511,84.1278145715978,82.7821969910408,82.7298832176615,82.3854578219475,80.7608315623028,80.1256590150215,79.3846648925005,79.122935613727,79.1012275115816,79.1873045197792,79.1602436226191,78.973803708321,78.7547138665695,78.0380070457014,77.7733430271968,77.8926028237616,77.4943702581604,76.9102704627176
"25571",78.5872489543644,79.2646750070299,79.9185528135762,79.5773798835698,79.6282282978293,79.9053652991881,80.06324631438,80.3706801372447,81.1528904649977,80.6864545563791,80.8106843857714,81.1287748107295,81.555732620717,81.4487977740826,81.1622422707589,80.8604657036553,80.8486302737896,81.1875492374787,81.387696263368,81.4615130702533,80.7199485601781,83.5816265190211,85.069262336588,85.4537256949839,86.3255069101221,85.9229641902074,83.8805408567172,82.6640210139918,81.5555635947384,80.8002409074753,80.2959813352014,79.767806378964,79.5568569588563,79.5098794888877,79.2201547173072,79.6531312276986,81.3975954046133,84.1884228081865,86.0370601628921,87.7841605084817
"25611",44.6398850545364,45.0506080246675,45.5431372774954,45.568301223282,45.7817442168438,46.1471818003662,46.3763294485604,46.798477609455,47.5987004106959,47.5878226542222,47.8995332698611,49.2540672818679,50.5235963898367,51.137473651277,51.4617589584459,51.5259763080918,51.7294887956456,52.1051875729928,52.1498581274815,52.1043944108434,51.6516744672757,50.3563475762581,48.942242390327,47.8800244488998,47.4735871172062,46.9203733699936,45.9232486228136,45.328747242632,44.8593797805579,44.707587223816,44.8351165443806,44.9813530636437,45.3131418110698,45.6585534118089,45.9615668380227,46.0737246991192,46.2590981325049,46.6426876544656,46.488023259821,46.4403199503496
"25651",23.3880656139827,23.249605902839,23.582947032882,24.2006054611736,25.2888632155388,26.7679374715877,28.3289149628868,30.4968727794348,33.174169245706,35.4160761934966,38.2319302749689,40.8889151346061,43.7248549803581,45.5320425482763,47.3085247676963,48.5791965205971,50.1063064984893,51.7951183246625,53.0799077352545,54.3319999863087,57.8098840465466,62.2098903722543,63.8423144380802,63.7850113011353,62.600055382362,61.601108722649,60.2241789377059,59.6723369772309,58.9973154310755,59.0093075221789,59.4208477486527,59.2691555350811,59.5309017426484,59.5866158700981,60.0627889775707,59.8623636388447,60.2176996449027,61.353100605292,61.6813951209835,62.0097914786967
"25671",100.732583861733,101.402780106079,102.346675041998,102.636667672132,103.371935308935,103.935839515336,103.952040245311,104.68079000834,106.142101257993,106.065677077632,106.491561900351,107.212391239006,108.496847525897,108.416551340167,108.528987428737,108.055940146116,108.326826688212,108.710208511283,108.738245810857,108.770779307452,107.897710246542,107.733351504535,106.75998330254,106.246021602493,106.364030441464,106.244020883977,105.147228270704,104.71601706712,103.949137639701,104.027856272365,104.150636086583,103.665110893897,103.985896572306,103.865334552555,104.105566207788,103.334548704249,103.296920538262,103.911605725395,103.287033184708,102.792363764768
"25691",117.883943506839,118.720081028898,119.708180758753,120.053575621526,120.8207202786,121.42025020501,134.331383885258,146.064238708558,157.24786033177,163.335393257503,168.650929864969,160.490969918528,154.597575654907,147.790352530183,141.988240942091,136.377284186463,132.359560432606,128.816852458503,125.302510141146,122.17651434641,118.830043412135,116.217978282308,113.372672800466,111.92739184938,112.938185496241,115.044616261196,115.864262969525,115.835995479084,113.577990772059,110.309322634002,107.198435749366,103.807929839104,101.522374480005,99.8635858813595,98.6912586050648,96.2915881917844,94.2837842241272,93.0806111816108,91.4664172798144,90.094801745544
"27231",7.90522993565678,7.81015956061061,7.95098395134744,8.0821469676061,8.38670625059074,8.78432187827935,9.50676279574337,10.4296407048049,11.7161585241795,13.2276238313328,14.7583641338736,16.573889039487,18.2863834897166,20.0903618954462,21.8837538462123,23.4330038912693,25.4567694514893,27.5406762296183,29.8983900876288,32.0537527576725,33.6475459199073,34.8870132706406,36.3123965297833,37.4130021959114,39.5844498487621,41.5391570598897,42.1783824281396,43.5274616728522,45.0760995166781,46.7618020545798,47.9337777450977,49.3765208952922,50.5176508226479,51.6632434757047,52.0603327826331,51.3602506284465,52.1256570622871,53.5649272024409,54.2762443618737,54.4691852653052
"27251",83.0742201877405,83.5228833318576,84.5948601755423,83.681245612046,83.7016747704004,83.6884097136616,84.6466731583997,84.9841359168232,86.1405058227723,86.871373010131,87.6206834627603,88.3686742358843,88.5950410863604,89.6971307526871,89.8597242565399,88.9986434567214,89.2784081256428,89.5963485722246,90.1509494409061,90.2811974081858,88.9805582614719,87.4081531202413,86.4448301282596,84.6832239245415,84.4243146871162,83.9676664221362,82.6579503129471,81.9493165482634,81.5166836733525,81.3533398678425,80.8038786428937,80.5669987348995,80.4689895802705,80.0836166919793,79.7468952236829,78.9268851367157,79.288975238367,80.0752296680285,80.2522194244726,80.1498357325847
"27274",117.0891038033,117.364843538255,118.755984664788,117.466830191875,117.737116402699,117.879326069001,122.035472563725,124.877348135499,128.577144826589,130.675369125136,132.905899055133,130.69925192824,128.301356643663,127.023915531017,124.893254088198,122.027271977399,120.451597615234,119.540157711388,118.85383131332,117.650578683345,116.251924979511,113.533639138301,111.641787957086,109.213250249548,108.592095509054,107.498615663406,105.501440461571,104.421859157942,103.394146507103,102.488610463047,101.230727744671,100.008713587107,99.103657327869,97.9582423851794,97.0933803394603,95.7121987598053,95.3325172581012,95.3519971074729,94.9631947204215,94.3686184163366
"27291",160.78080316984,160.857599277163,162.651437465896,160.30269263696,159.802138964489,159.106545953316,154.751018225518,150.878384648327,149.315804658975,147.284889218252,145.767486070066,145.507563567211,144.617255819431,144.094713641712,142.897993926475,141.047792499523,139.600530076818,139.155182290729,138.568212128674,137.623797418535,134.869697532322,131.792259348004,129.654045959207,127.172652810586,126.542035969138,125.259971443869,123.568983017216,122.96764713977,122.605276129621,122.181041161795,121.354315832494,120.244983923222,119.337949244206,118.217362988945,117.3627151812,116.044863202162,115.419744651056,115.054292592596,114.264766338176,113.30196822447
"27311",51.7333840587234,51.4932365216634,52.1382339501914,51.6762614867884,52.0423687642582,52.5843770111907,53.9556170912984,54.9457623218263,56.493917782574,57.4525424415436,58.1792380908576,58.0901258230735,57.8039791686123,57.7848778818867,57.5770014000679,57.1552329150089,56.9344138810171,57.2782872770434,57.6018767644016,57.8190783154497,57.5339717210965,57.1297183693553,57.1409128928587,56.7031597085997,57.5289520059348,57.9611881895542,58.087150777683,58.6508652199476,59.3262006892943,59.8123206872316,59.9996495706433,59.9513605373064,59.5831969101816,58.9334958745513,58.4387851104041,57.6829293329345,57.4606550095514,57.550132409467,57.4136307575519,57.0978552633673
"27394",92.9544329930078,92.5156569575768,93.0153657396531,92.4050814756363,92.3149183664707,92.8696258802091,93.4792013523394,93.3697077601733,94.7914463823929,95.2315240033741,95.4934949130331,99.446233204224,102.47571830732,104.78289211278,106.277053079471,107.030726952707,107.365837406279,108.3275382573,108.651335713113,108.302729533585,107.249846025355,102.040240378348,97.7474430875924,93.5333071172871,91.217915238758,88.6509247694972,85.7848237177475,83.5107060304459,81.5796941600345,80.1859030891973,78.6959548719252,77.3940927233936,76.3677428387293,75.3974679560659,74.4280748380477,73.4233421725064,72.6899364164641,72.1466052922319,71.5484306792379,70.6561782449178
"27411",29.3351233464475,29.3285056287602,29.4750623808109,29.1833601210763,28.9429374884782,28.7529628493779,28.4852913768705,28.014382103199,27.8554414701973,27.4428592738493,26.9451771591213,26.6827477001234,27.0933717814445,28.1705567792973,29.8150812145362,32.0561211296637,34.9288467233442,38.7412925357547,43.0012142785673,47.6814977575742,51.9953532835604,55.6449012095524,59.2932460245673,62.3821014830512,67.3583155679091,71.7356338053467,75.1964293250141,79.2555296713221,83.0849664359027,87.859184895138,91.8394619684168,95.0460797769904,97.6296701808258,99.974011151535,101.724129776119,102.741575975692,105.115415326317,108.334622003127,110.789662024773,111.58224753113
"27531",8.36515054976522,8.40105747221556,8.44177139472428,8.41241424607802,8.4046321961787,8.42351431857513,9.36200546674178,11.407166141784,14.6510542143219,18.7725756615378,24.2380475931727,29.555515909916,34.6213278120207,39.5808110475314,44.2612875925541,48.6229564916083,52.9540861821506,57.4322634201047,61.770135892764,65.8122355768084,68.3044555346382,74.7630355635474,79.6935905886468,82.7354923971602,86.7914091606791,88.641158977799,87.8937916336325,88.490538230528,88.5490897018109,89.2830785259901,90.3926365298764,91.514028794805,92.5768632739339,93.1889425301004,93.6857616109653,93.0479332759348,93.0375843598446,93.5209858523232,92.7465455506425,92.192213097828
"27554",79.4204401560281,79.9434679474003,80.4992847337151,80.4274396086482,80.6659068010164,81.3071314181588,83.653969043834,85.7358011592542,87.9659037609669,88.6354199885452,89.6808746721976,88.9679333644732,88.6632179889155,87.8658485339006,86.9038139923753,85.9482904311736,85.4684573783496,85.219198759766,85.0146515275723,84.7145533756723,83.6925192219272,86.7359765767923,87.9753991034791,87.3287537824413,86.7260521816989,85.3449497058483,83.2503702553245,82.1418827067684,81.7636630803192,82.972402806047,84.9100235493327,86.5883031987395,87.7668281659429,87.8508113859934,86.4465657617383,83.621978742697,80.7646342457205,78.6450326104132,76.3473683909554,74.461495736026
"27611",22.1707397976133,22.1586654327949,22.3665198147128,22.5482749258992,23.108338280197,23.91274509066,24.7519980214702,25.7288573519613,27.0560294626014,27.9270446220511,29.0663311380996,30.5222805305945,32.278444783942,33.6952174327964,35.1734422300641,36.7484192383821,38.5194335801808,40.7841662213848,42.9373890751114,45.2400174095315,46.4307066482884,48.7879598183162,50.2872703820342,51.3063304007425,53.2405403266945,54.5981858500186,54.8270119538293,55.7118326524437,56.7160127319067,58.1187912210286,59.3228879064467,59.6998306757468,60.5820101294193,61.500985077176,62.3117955529195,62.7216964138304,63.8252666428778,65.8324288311263,66.6420922276345,67.8279907595935
"27633",44.8953675247394,45.0857366747165,45.5317207091873,45.6839343748032,46.321437022891,47.1717249505728,47.7989752755982,48.6006711551998,49.9730951420103,50.574648830416,51.5043859942929,52.629956457157,53.9395603928673,54.4711033679433,54.9385425360738,55.2215421683796,55.5755150079254,56.2197544432052,56.4662166105623,56.7636042638952,57.7141304333556,57.855523941561,57.4191762005884,57.2202307425428,57.5817810901327,57.5907795779655,56.8048108420936,56.3415499128837,55.7599965270713,55.5450464317049,55.4308555992312,54.989461612095,54.8521096910079,54.6580722002423,54.4743875024818,54.0328667346803,53.8047948871726,53.9290826549202,53.3867563261472,53.1641069037608
"27674",26.9175187080973,26.8410744110299,27.1331809527897,27.5723554400164,28.5328367239176,29.7966677806164,30.9390019600366,32.37058703602,34.1294642942517,35.3822899075802,36.9988843394843,38.4420776476429,40.1040127421264,40.9247499885031,41.8361716885546,42.4400968419746,43.2627219992466,44.1867983110202,44.7832541582984,45.4981558832697,45.4668852173161,45.782802397866,45.5897713346914,45.6959894911399,46.1707733651822,46.5616236232777,46.3751909518809,46.4146186247592,46.150609682283,46.4949940830064,46.7342989605366,46.7124102397241,47.2436462167465,47.4705608531881,47.7605575931026,47.4744391354289,47.6177025053538,48.0544615132671,47.6975195680494,47.6777125778224
"27693",66.056013216038,66.5816844359137,66.9314762693377,66.9744149593457,67.2492608553917,67.5770429837881,69.4668609487213,71.4595670639221,73.5926465967218,74.2042510317909,74.8839194673633,73.2485132352613,72.2635348156692,70.4970322331987,69.1044554875889,67.695658747936,66.7459857592047,66.031257829389,65.0446689360565,64.1837114813435,62.9034570289018,61.9427808890177,60.6204519462294,59.7240579674809,59.2080949281878,58.6813288822941,57.7396019896015,57.0833452842638,56.2980008575038,55.9256815431439,55.5058523060327,54.8600289680996,54.7733242236923,54.4268395308816,54.2102838537321,53.6841832113895,53.4723121271343,53.5293050290038,53.0987262962487,52.8957889291819
"29231",102.479914264915,102.576270781765,103.800357015379,102.823501440087,102.428771716645,101.79343214888,100.550820864359,99.148838688381,98.729596072869,98.4598338835668,97.2600658918143,98.081927755724,98.3664857139087,98.386100916873,98.2434700623747,97.5432371136616,97.6634457135733,97.8178923106566,98.3636215867048,98.4485728425608,97.8089648956279,95.5018470606463,93.4822314308844,91.6855425346332,91.3793837491545,91.2959318759912,90.126584660636,89.8232243128387,89.9720846959762,90.0969645893646,90.16075015106,90.7082334628134,90.803280682383,91.0167517521434,90.6754805054501,89.398651711223,89.5095964892893,89.9559163611934,89.8988471534102,89.4636373720323
"29251",71.7696081973919,71.8773805991933,72.8542996227023,72.317223120947,72.8241856297222,73.4320129084542,77.4613247691294,80.4560482695987,83.7722780073083,86.3522301545671,87.9574605602364,86.2300645522439,84.5419804787571,83.2802839695313,81.782435110869,79.9888735753746,79.1879720365505,78.7978536053023,78.5111566697074,77.9424907797307,76.7030512264815,75.5446705022913,75.0737117433675,74.328765634967,74.9250727503866,76.0712244878611,76.0891729996331,75.9008671836945,75.2744958843035,74.9718152233641,74.5297675208543,74.5185639306273,74.6871344584635,74.4931640816433,74.5179415877774,73.7996699069956,73.7720420534984,73.8807796704768,73.5027820754059,72.9537327094482
"29274",34.6883059072721,34.7459452325472,35.1755625221453,34.7987625519083,34.9241014428982,35.0376620277075,35.1932046115858,35.3349691982036,35.9254575642105,36.2896733254813,36.7427489808553,37.1687413316052,37.5381015472411,38.0486820812125,38.3342939743739,38.44588326713,38.8955815855184,39.6834790334292,40.510312972936,41.081724113446,41.2414279196673,41.8822673120477,42.3293676868741,42.0880558661722,42.8372622901093,43.3736733936228,43.3152576928604,43.8576602674643,44.3254748068505,44.8431771134759,45.2476619016159,45.7922951826932,46.5553055880953,46.9651330311109,47.5924744230253,47.5693427007741,48.2478966889688,49.6105301008105,50.600646257577,51.2832558094561
"29312",33.9096714566502,33.5964068246797,34.1094831131422,34.2091883895723,35.0919039743071,36.4414686465852,37.70057171935,38.7996904297251,40.4927321859681,41.8120428087995,43.0683062562534,44.3983900235053,45.4403064944759,46.5495397584745,47.4327325326924,47.9437899879606,48.6693897765523,49.9494985690701,51.1447488443837,52.0792081966134,52.2963819905067,52.575886354437,53.0324558981595,52.8057275711813,53.8487704358038,54.2900312637206,54.1505344362251,54.4920536543331,55.0267740307773,55.5548323879938,55.9065119804498,56.3629609570456,56.9406007189408,57.1810485936812,57.486470682705,57.1822109615706,57.4790588805914,58.0338238789959,58.1388205956679,57.9939425926285
"29351",15.898337483861,15.8805228636088,15.9963365759159,15.8780338111334,15.8937166174116,15.9139118263604,15.949782731613,15.8943037251205,16.0772509727625,16.1059560951014,16.1015091225931,16.3932093315971,16.7288766005437,17.2223344502257,17.7716069828168,18.3652778599354,19.0380348104237,19.9886890247968,20.9648238691519,21.9248079312845,22.6121855851545,23.6667592287697,24.4453148933757,24.6530529948568,25.5345191218758,26.0879969005337,26.2694843880714,26.6916350478468,27.2826712051653,27.9448720521409,28.4957340720387,29.0962718074725,29.7978857565711,30.4444174917098,30.9791180459543,31.2604677571533,32.1659081863693,33.6381823360892,34.9343118590657,35.9588840743706
"29391",80.671667473505,80.205207331436,80.3348028140058,79.5521560040368,79.3061379611503,79.5784749116684,80.100834181079,79.8912812051613,81.1489780600938,81.8094059130222,82.2505708931705,82.5789434882463,82.890471630618,83.2539425413594,83.3639929765145,83.4221390632135,83.4748614679067,84.3683603945485,85.0616407415125,85.6260560702692,85.3338296911217,85.858544732799,86.2167983950145,85.7327945330503,86.6220008358138,86.4308871943718,85.3786861581673,84.9167873229831,84.6950942976052,85.0335926236813,84.9640559884611,84.8951788005052,85.0805149793213,85.0989292469855,84.9140472219323,84.5446063588817,84.5745781397113,84.889439178873,85.0892321090965,84.655389564437
"29471",85.7851243375095,85.6920571140082,86.142676008428,85.9919121335812,86.2395064556609,86.944930807464,94.6759741790659,101.190929172364,107.518661618835,111.598359822255,115.016017358018,110.186025491247,106.688921287252,103.438244029322,100.657401812771,98.1372826095589,96.0797939988848,94.8296736618942,93.2204512286923,92.0294927861532,90.3691126391886,93.8199356769966,95.5734546189875,94.8177767954506,93.236775906889,90.3641414434389,87.1313486122159,84.988470939205,82.8974208354165,81.5033021770877,80.1669012566491,79.1103849866382,78.2740391838108,77.540572418684,76.9114593244785,76.0196590862701,75.4939036079195,75.355667419486,75.2598837543357,74.8135875651562
"29491",168.865816036572,169.354700308152,170.039536151823,168.609051075795,167.898035857355,166.943864497012,162.652093596221,159.489634786956,158.160593876048,155.810072691855,154.295478267507,153.271027659587,152.396324997837,151.174338084506,150.110235316223,148.553968612838,147.394135305831,146.703003494487,145.663734308997,144.254786177269,142.363276006021,141.359783949718,140.19912333533,137.856016255474,136.626967001382,134.959959035986,132.312891306952,130.739843501595,128.873812244138,127.700328162153,126.77747951317,126.098871866652,125.530254219972,124.693285652517,124.125893962685,122.815607728881,121.983896687275,121.655138396778,120.966609989896,120.108964822395
"29551",9.37410077315037,9.4055168155446,9.46282185100468,9.47774913406601,9.55377106790302,9.66793287866948,9.93398201184009,10.360375137267,11.0096921353276,11.5980021654638,12.3704662864862,13.448784998712,14.7402057136735,16.0752852631219,17.4713971996332,18.9503174849056,20.5787510826284,22.5038320647513,24.4665615040424,26.4086951099177,28.0004880720651,29.8225358249221,31.2151954300013,32.2730201056496,34.1229645534882,35.3980440983469,35.8441423533455,36.8340079983616,37.6334057070876,38.7064274951881,39.8343259646488,40.8130126222162,41.8309087360181,42.7507124099552,43.4143668398964,43.6153210882589,43.8649135172804,44.3737395954864,44.210872850915,44.2972527732199
"29591",31.7885797712019,31.8875340848868,32.0014114119586,31.8226213375923,32.0156384385332,32.313931667273,32.726149133461,33.2827256154487,34.2236268289369,34.696628661927,35.4504296046559,36.4635254321544,37.6100643392533,38.4329468025462,39.2038992608196,39.9631515125153,40.83886865791,42.0997618090734,43.1901779952507,44.2931815916833,44.6644866563731,45.5416200367446,46.1319168393639,46.6323837304631,47.9411749360831,48.7489304627032,48.8928034200987,49.8467679483367,50.9214598419285,52.2491365365974,53.1774584206188,53.1811293927286,53.2426636280775,53.3966688606595,53.4673410591827,53.4024727837503,54.0841529606291,55.5867816064962,56.3818269453702,57.4208046717374
"29691",78.581309006826,79.1951156666727,79.7123887184821,79.7926789198155,80.4219409712056,81.0830526299521,83.6149905013206,86.0527135961441,88.6847730904699,89.593770983465,90.5414262470585,89.1338717057991,88.6877005351788,87.3694031261451,86.7046559853268,86.1759180870261,86.3469155572191,86.9280658658659,87.1019236901664,87.48580711268,87.1564109450292,90.0751161724673,91.0061558511675,91.2770699985373,91.1977040535933,90.3200995345395,88.7640316573502,88.4706093002022,88.6089217466988,89.8618394375177,90.4010974189496,89.033045411624,87.0304006857555,84.8989607808818,83.513784570171,81.9932261445173,81.2398271830225,81.1021146098085,80.1509377672857,79.7202279942623
"29734",53.6982001186265,53.7381504058535,54.0424163601528,54.6653756938596,55.6965194332835,57.2302125092879,58.2039927295086,59.6969652504553,61.8400480096866,63.2968843220435,65.0914457841953,68.1813277962223,71.1685886226837,72.5983609996743,74.1354459348392,75.54092210772,77.2004755585425,78.849507098427,79.4349517099104,80.0441631188613,79.3965409782534,78.5114268295465,77.1606956771758,76.5623086973295,76.5479737816314,76.4842480995977,75.4974172198599,75.1031453750045,74.652876412159,74.984547602979,75.1888567020666,74.667693375019,75.2085390302532,75.3095007061579,75.7730207537485,75.4436240285662,75.3950470051966,75.9830006543663,75.5309359464474,75.6452052109198
"31211",26.2645760811423,26.1635382866972,26.6506874461049,26.8065547839092,27.2086713050377,27.9053307594069,28.8485228892503,29.5568382112447,30.4335440521883,31.1383587555299,31.4443945600908,32.0352833953089,32.6754132891807,33.5379681521694,34.3794674106817,35.4308541457735,36.9471722161667,38.7207020662184,41.0541153380637,42.9388755802469,44.3721032635009,45.6361405712839,46.8515698564655,48.2348707685651,50.4163259961058,52.6102942579229,52.7785877992455,53.7575161601841,55.3218055073339,56.4784252363815,57.4142737776897,59.1954666732098,60.8367315832768,62.9182225642695,64.0458824675713,63.4084319876945,64.678577318032,65.9005890416281,66.7585982696398,66.9057596840504
"31351",43.2304205608022,43.1169378786083,43.4460375332251,43.1812843523848,43.3515631567668,43.5935658371743,43.8826420822755,44.1284691188885,44.9936507175524,45.593223728882,46.1557206307619,48.2387302869828,49.7886867060543,51.1008012633669,52.0192316189373,52.5474119555746,52.7953489793362,53.5000405510333,53.9342897404193,54.338541640243,54.3651687609683,52.300746471715,50.6424658043251,49.0163900721377,48.5696998404711,47.9021891167685,46.9426054840377,46.4044534441893,46.1766392086992,46.1062557775647,45.8792088023341,45.7694021011818,45.8732190950318,45.9264992772533,45.9796258913984,45.9551383240196,46.2052395608963,46.5565524479477,46.7520432026871,46.8214726935225
"31371",53.1353898602832,52.9206138940431,53.3266732983499,53.1511156734605,53.4603644597524,53.83410135949,54.2681983573208,54.4626150870882,55.3776853051179,55.8184810944825,56.1490607012976,56.649796998223,56.9118912683795,57.2140215906734,57.4699802349454,57.5048042404323,57.4663746999262,58.0581143561884,58.5371872634853,59.1140645560844,58.7903979037634,58.9651338716552,58.9570343098684,58.3882114162943,59.0490726936528,59.1277359465973,58.5330772350605,58.3417716642655,58.6409128298955,59.0810605136439,59.0374415336706,59.1140741457165,59.4958741939686,59.7405767263346,59.8049947715251,60.9590317520099,63.6621544795477,67.1838255959475,70.3008629444154,72.8676213784025
"31391",65.3548381102719,65.1570964507219,65.5960958146799,65.3819811037635,65.5849411053919,65.8514190779523,71.5502375138512,75.6210607994875,79.8965908981893,82.6894798989847,84.8118107665285,81.527764461821,78.9111138966519,76.8553808694019,75.1702478596602,73.6712691548873,72.4551957158155,72.0647087111573,71.9414295494608,72.3119395848048,71.5437991777555,72.6037365066296,72.9085869462418,71.4711739793348,71.24908839797,70.5694884511023,69.4061830091585,68.7894537833408,68.4190863657557,68.845939015619,69.0127820764391,68.8160117168821,68.5782700515508,68.2541586521315,67.8505016458363,67.3761847299976,67.2072953418455,67.6610594152149,68.0705414975491,68.0500378704559
"31414",51.9777383544899,51.8780838167186,52.233601886979,52.0884393689721,52.2591266223378,52.458889094318,53.2540068726637,53.9618106456895,55.7661582547314,57.2606800045138,59.1856117582368,61.1071139704306,63.0778193805446,64.9943818929168,66.6353704932349,67.9927954466223,69.3928627965496,71.3275179824703,73.1441481814156,75.2716919926732,76.2804539019923,77.9658325913399,78.788449789785,78.3327105216259,79.9802719639965,80.974062385013,81.3339920851994,82.55926857962,84.0818555247002,86.298442543001,87.7671700362804,89.230230538876,90.8693868773836,91.8126391487137,92.3763851909313,92.7974956736718,93.6018215026967,94.821715599907,95.7087957811954,95.5837490402932
"31432",48.0031140344827,47.9093327728812,48.2882566246727,48.4350553795744,48.9146158495389,49.5104681638646,50.3488694973595,51.1023762567031,52.5975183162837,53.545613951192,54.7144095932481,56.4510152462626,58.0957972454193,59.5012345892375,60.4041587147739,61.0026441755963,61.7480843972496,62.6605769226906,63.1567070140211,63.7315353480585,63.2430178978026,62.4008378110263,61.7285462344399,60.8471946941243,61.1477468204478,60.9429002946027,60.2973659517616,60.0138486321036,59.6284769378264,59.7508299965746,59.5302324294625,59.2423723641545,59.4830392627136,59.9268628663913,60.0652083091898,59.9103211943898,59.7058494089113,59.6660986471372,59.2498770276341,58.5133219791766
"31474",126.523529355733,126.799923798241,127.194970228572,126.529261868752,126.387793192532,126.330681965141,126.076494584469,126.15700918343,127.919769860114,128.429650428968,129.532019123787,131.224317097314,132.980048451904,134.074711697584,134.737935654998,134.543630074295,135.056901581314,135.719742289784,135.254962726466,134.88207905423,132.690119458209,133.35527675028,133.19741474158,132.520420966219,133.052650848458,131.716489051771,128.35377745695,125.237891501462,121.757244169204,119.415521287176,117.259279750995,115.50530668471,114.397148096413,113.419283679921,112.357330692865,110.971490751479,110.062891655765,109.986096152046,109.721366181021,109.12098775102
"31491",12.2996463366185,12.1935640842884,12.3044528505843,12.4522164781544,12.8282147173118,13.3620304874906,13.95079431351,14.629319014229,15.5390434138477,16.3211783623687,17.2091845443915,18.3033788948194,19.6284679736082,20.9919193042166,22.4633077026483,23.9057747761214,25.7246441133808,27.7095352588826,29.6607026619965,31.4969487532662,32.9993286042155,34.4744805854566,35.700860455708,36.9838558306748,39.1133285370197,40.8084521474425,41.5884096492167,43.1144769781987,44.1838499648789,45.5260209965163,46.7615945634865,47.9895341436773,49.5096134431718,50.7792341653597,52.0715213949726,52.4320904692799,53.675970321497,55.9013620475747,57.5430441259325,58.8934463304372
"31514",44.2779764213598,44.3733587844711,44.6119072638262,44.4254717359844,44.4322485007907,44.4651534226268,44.3669240113731,44.4430852979139,45.0065237642977,45.1944953360326,45.494040014563,45.9685580352608,46.5530092994326,46.8233556043562,47.0408043817265,47.0045028580401,47.2156679738495,47.4563088454729,47.5923221674339,47.457252687778,47.030206637182,47.7507007383843,48.2368634140439,48.8797042191042,50.3751226167957,51.6784459736074,52.2489130430265,53.1708990239214,53.087040247676,52.172427717311,50.227823622681,48.7172000095023,47.7192086818357,46.9754011777124,46.6252153468626,46.0715902239342,45.7191377014259,46.1220839965331,46.8167159048284,47.3676259048974
"31531",23.9121956186246,23.9647022668811,24.1025754088696,24.0941395590079,24.1167667956893,24.1597633718778,24.3518079070964,24.7934750163316,25.5882080252961,26.2222780471903,27.0488151276718,28.3376596820527,30.0742476842765,31.8428867495036,33.8641755670456,35.95373176755,38.3675140083472,41.0359824027172,43.8145598891527,46.5585140363804,48.8940303263088,51.3139698087891,53.1797202164737,55.2008800919684,58.1333083382992,59.8234111913804,59.7956787147378,60.976106184324,61.8434432690606,63.1114141444672,64.5174529769337,66.8511728466182,69.940357959023,72.7130345984482,74.9265905439578,75.0149186641245,74.196722357839,72.9042798443407,70.7761002630881,69.1071982581335
"31591",67.384592920205,67.6080903579178,67.7855745158158,67.3572643581167,67.6251123454168,67.934782490918,68.1732902871876,68.647653521943,69.7442568652074,69.833769485492,70.3926374014732,71.5546298868142,72.7770925331882,73.3903866678638,73.706835863231,73.9194989256884,74.0467055128132,74.6086972275534,74.8079924908401,74.8525258184925,73.7854445792917,74.0335862270288,73.6506472401264,72.9163207254259,73.2375314615357,73.0442663921386,72.0999115855881,71.7753662632933,71.3561330360057,71.4980460603145,71.6684036987142,71.5647826736159,71.9182373975845,72.1340503107248,72.2978597832832,72.5428442350633,73.2399342325323,74.4944647726917,74.786621216593,75.4419946831769
"31611",40.4292360004165,40.5405858370753,40.6941160950033,40.4332325704881,40.7942295252005,41.1987822997919,41.5788566655019,42.0604899011689,42.8813034367437,43.1245484255282,43.5545613226081,44.2839666214427,45.1294503665838,45.6582510981482,46.049568420845,46.4257305430936,46.8181658767695,47.454481689774,47.9473739267745,48.3663808085376,48.2579543574653,48.7492124348681,48.9338184724949,49.0193891643648,49.8639138812456,50.2841715474154,49.8815463527944,49.7525883552874,49.5701202895555,49.7707807681087,50.0512634847508,50.163918712122,50.9636978166395,51.6826687106051,52.0738565696785,51.7400738473821,51.3588058740891,51.4035950046351,50.9266961346638,50.8203139113941
"31651",72.2561171649336,72.647310687575,73.0743957168218,72.8440520361032,73.2151823902737,73.755760460666,74.0139060216103,75.279754119808,76.2798951825061,76.3182255971726,76.6939828832309,77.2190583189429,78.1467502286289,78.0342595600189,78.0400860866075,77.8247506371101,77.8895493868052,78.0415251621466,77.9421949166258,78.0672790998077,77.1997842584531,77.1533176935243,76.5804059350134,76.234457409653,76.6127211955855,76.5568748846606,75.7540275646758,75.3030525304588,74.7096884177267,74.5310614105242,74.5236034093151,74.1023512763167,74.4008777396617,74.3404107296046,74.3611014889447,73.8710739259534,73.6599579861818,73.9499075162759,73.3170293298798,73.3244067773888
"31673",100.121076358578,100.714486425023,101.240556356454,100.822378530507,101.335351768385,102.029659026774,102.246612106707,103.495454203123,104.652500475877,104.454485219158,104.663255228188,107.134112029576,109.860861255932,110.836478476703,111.70724870553,112.119339924374,112.969317155879,113.677912914928,113.963892785602,114.490877414291,112.425749911348,109.43040577868,106.212303453051,103.690433177057,102.400194828952,100.862441899595,98.86567961162,97.5522195560959,96.1872659434397,95.5765665204222,95.164472719601,94.4206279165937,94.5700105973591,94.1852185369261,94.0620798807509,93.3752103898996,93.2065218464095,93.8135409207456,93.4930018359679,93.8878429378935
"31711",57.6698684863063,58.0993755728533,58.4640537146025,58.6251522159624,59.5433642184088,60.741491878365,61.2430096966797,62.3464734494867,63.7514142658023,64.3025609251932,64.9792288146794,66.5269599648463,68.0950429488448,68.7434584648118,69.2962080788791,69.961426398051,70.8633726632869,71.9476994843232,72.0417875195595,72.5483270910552,71.3442624229582,71.93476343845,71.7271959587963,71.7328127104831,72.2070897822191,72.0818896915944,71.1914533031383,70.671583010502,69.8363630816703,69.5169773312543,69.0538645802195,68.2176025602657,68.328840150055,67.7941992719498,67.5964889954507,66.9595380001853,66.4871042604842,66.8210490350506,66.2439032152595,66.3400281790077
"31731",14.9560354769853,14.915929073822,15.0526989735622,15.3460880715478,15.8834174112736,16.6875830154722,17.7129710293478,19.3910574737342,21.6077928146415,23.9380511918436,26.8016300967101,29.8812532143427,32.7792203005895,34.6404844476208,36.4756351137574,38.2864187202458,40.1828117626523,42.1146651329836,43.1194374348324,44.4115948090104,45.3873495054208,45.740856771591,45.4868006175309,45.5815299764367,45.9168742335971,46.0496765884167,45.5362701875444,45.5246363628406,45.3954729185281,45.8875392966081,46.1747809887822,46.2549496415137,47.5168642307328,48.2347265865572,49.0356966841118,48.928222866504,48.8081564481491,49.0770416626881,48.3559189161959,48.2764303952302
"33231",89.0797801020647,89.001789746077,90.0299161336035,89.4025655054091,89.4536941734719,90.0073284465996,90.5233108668647,90.8874476495556,92.1072328286825,93.2797027999828,93.4278176712019,98.5788498609957,102.240038934823,105.168990237618,106.894909026137,108.143892643106,109.619360592137,111.259472530462,112.748292102041,113.065403745403,112.050379634727,107.520541812702,103.936072122326,101.189220335566,100.288014709906,101.288848716012,101.635595213829,103.025051885721,104.561020323696,104.574230264835,102.754168849644,100.261129848372,97.2892460123267,94.9460829332581,92.4466571049472,88.9946999829469,87.2683394759789,85.7868782516539,84.2269050172059,82.444124119797
"33291",9.76084187359382,9.65578578742476,9.77895911939669,9.81854245618336,10.0864343859756,10.4740687831574,11.1032632117427,11.8884836977168,13.074185638071,14.3867733644798,15.7292048259705,17.3007768270764,18.9371570259481,20.6576507645048,22.3601087712026,23.9948570361114,25.7538417653583,27.9624265758211,30.2901935077309,32.6114595052992,34.1577341490211,35.7027998276403,37.3099019367042,38.6941189025452,41.2597420898859,43.2721378353572,44.0673713204472,44.773166591552,45.5523218268243,46.1501300455137,46.1625228950956,46.4788223851252,47.1192677876956,47.4975881858105,47.6907779942542,46.8152189314924,46.7073699850523,46.4993990263422,45.8917385786048,45.03070042648
"33312",60.9945600245324,60.897891767584,61.411977781461,60.7694494513265,60.7821763548907,60.8654392739852,61.0302181244912,61.0669468652954,61.8876779753489,62.477923166684,62.7391355487436,63.1934150559431,63.7105819652497,64.2078964865173,64.6606369491364,64.9440476797224,65.3325362703257,66.2258017571745,67.041746024633,67.9110986796817,67.8081376275776,68.7966317400592,69.3432157410096,69.020981454891,69.5239674743656,69.5557843145211,68.7976829224286,68.4560494178673,68.7291910101229,69.3200438264645,69.4403223359997,69.5704898041929,69.798252686938,69.9675160582984,69.8889676270835,69.0517152673005,69.0106268824755,69.2878017316736,69.3124023788583,69.0385278065432
"33331",25.7977962275017,25.559371969479,25.8875181565424,25.9817056600741,26.57444123566,27.4026800433835,28.2786191176042,29.0876749044782,30.4102653770422,31.572270870891,32.7167007599408,33.9833759911383,35.3191097384693,36.8581153578398,38.4102477357442,39.8943310265453,41.5352399852313,43.64431250638,45.7413171486195,47.852648776636,49.1525487090843,52.7087996969538,55.289233028748,56.3772288026393,57.9489456425997,58.1643688528111,57.5125883280554,57.5310676747939,58.1181526356527,58.8964262989462,59.3099212103064,60.0064668066723,61.0360713640867,61.9398434138525,62.5729166818246,62.5515733715182,63.1102777566662,63.9995405480055,64.5385698388016,64.8188257074433
"33371",150.729323785717,150.656458320707,151.72072138337,150.571923151996,150.523905036174,150.264779603327,147.43370877496,145.105603606884,144.217073019281,142.632082902961,141.14988216065,139.391169305078,137.561547216082,135.917531445187,134.336609897082,132.360246217213,130.417998782357,129.45348453851,128.540066699813,128.057346032477,127.197310291399,129.161320469272,130.069034168281,128.726073378591,127.908669113807,125.097472603915,121.652065413234,119.125746988212,117.203080811264,116.280701282348,115.359090533413,114.52666931783,113.667103890639,112.168097633081,110.482755837117,108.754216450089,107.395775126718,106.193272913182,104.799669077792,103.393293265949
"33391",92.5268806344981,92.0858977444032,92.9376533687754,93.1528458996882,94.4065182480734,95.8645903031762,97.5305036052589,98.7860750624246,101.333938296585,103.256249565574,105.525727864295,109.731238264774,113.150354082427,116.060695382611,118.353854115649,119.575547816188,120.398513781088,121.806090172139,122.962990279702,124.732546470017,122.656550841115,120.564298389007,118.861975463501,115.993260662206,115.705128163998,114.506862319306,112.224456524273,110.581390993792,109.513217445731,109.266450000366,108.515905421434,107.88805947037,107.901168512096,107.833219336362,107.471422804996,106.613907623483,105.965536870152,105.634932692432,104.992425595064,103.972829994865
"33431",6.59333981866303,6.60514963166141,6.64690450329591,6.63294485813836,6.65350929861274,6.6579027567562,7.06343470274022,7.8115580818179,9.11165899499542,10.6422499287915,12.632965995123,14.4211529008391,16.0932651110567,17.6776853855818,19.0265874532574,20.1877723722291,21.4579849117055,22.8051490128664,23.9151264160217,25.1095803371402,25.8119443583807,26.6840215469823,27.5175498445197,28.1758829150196,29.81972917018,30.9724203086954,31.7401272735667,33.0499268468824,34.5125326555345,36.4258487068622,37.9230955683862,39.2419184824691,40.9221917213883,42.5430394904858,43.5406367708988,44.2972648818162,45.0589957999318,46.1845313131053,46.759194817994,46.9373367110248
"33452",240.122097882575,240.336128280837,241.66123877616,242.0425794562,243.740975741133,244.904956645803,247.116840262993,248.747981843946,254.385868709761,256.543568836943,259.62881867131,262.978795165404,266.288589337873,268.91215347699,270.534046764675,270.56105240372,272.591662041281,274.724330849588,275.070608929967,275.894439165138,274.588046888535,289.788226407201,299.384083987075,304.240192919588,311.199889069645,309.944620208245,301.981597023366,293.896969066562,283.528020840129,275.060738336155,266.850813648949,259.553276348312,255.061154044263,251.831111853914,247.335126354072,242.852835348033,238.759186208619,236.325284124892,232.805707713744,229.310639854591
"33551",81.7243772301535,81.8191725924817,82.2903552538646,82.4659413753346,82.9559699202084,83.2796716991795,83.5076468178583,84.4144255906112,85.670614319939,85.3443891545372,85.842440494083,88.2402672902621,90.7729292453049,92.3024844459109,93.5558372212413,94.1118548171732,94.4759176497197,95.2370215506605,95.4426321600237,95.1781074182079,95.807133922497,98.7475489192637,98.8163022755429,97.091023493428,94.7357790350176,91.0922728709799,87.1587874268242,84.3417929722149,81.5006526183051,80.1455938726597,78.9456736977916,77.3060795552823,75.5536744349327,74.0807281022825,72.8658930081133,71.6870642409617,70.8350796183019,70.3047617426773,69.3954826369022,68.6834607888529
"33691",74.4163634397498,74.997733522123,75.428605055028,75.1764086483534,75.8864834425362,76.6546073605775,78.5906625888182,80.5937670098793,82.5435101605455,83.3384581593273,84.0554385766067,83.542799184914,83.628693314877,82.7506178526786,81.8895660308781,81.0745711696564,80.7653826480841,80.5664470399611,79.9688495118217,79.726451909939,78.4430119634054,78.3676088824671,77.6719123249064,76.9185734893703,76.666366491671,75.915154478632,74.7823328772808,74.1871387475141,73.4088033621049,73.0869235307187,72.7992489793516,72.2706387911357,72.7143216650769,72.5516426185204,72.5216939871195,71.7365175320038,71.2183323360442,71.4923311400105,70.9585270525117,71.1212305772298
"33751",44.0424509939594,44.2245646985296,44.624198055797,44.9047717376999,45.4165896220093,46.2290367551277,46.5382439025142,47.3104619420951,48.3325024882746,48.8760350703546,49.7713281218166,51.0806496840021,52.2153829689614,52.7036416166897,53.2889543045642,53.782032629568,54.6469200700771,55.4538735612699,55.6237105082969,56.0047518068585,55.5141343020858,55.5348776756412,55.2292073598636,55.3086690148881,55.6078403708448,55.8785465157605,55.5862118524533,55.4517175830445,55.238801137043,55.7183290494437,56.0240502877988,55.8114206177467,56.3503159323444,56.5175256264912,56.8357401226456,56.5947367040468,56.7177801274049,57.3075269642155,57.2843638212749,57.6157233752403
"33771",10.6832873218913,10.7583270146271,10.843202165616,10.8522239396041,10.8825577297733,10.9649744328669,11.2569831765461,11.9430780095973,12.9551815010497,14.0509663468149,15.4482226426191,16.8975017708205,18.2342908218572,19.2561251516141,20.3321518243238,21.3143379235146,22.5066360383122,23.6568094714803,24.4274707518681,25.2670078230157,25.98666039768,28.3372225789808,29.083779968192,29.2775727926992,30.0298197046976,31.3561480374706,32.8354819469244,35.1514814266825,37.8278911243661,41.5109741840861,45.1982868815513,48.3215346478296,52.5640763966896,56.4489503068596,60.5627970425145,63.5395721718548,66.7807735372709,70.8635423785645,73.7387461038183,76.9482033022832
"35234",4.8760168469457,4.87513556773746,4.9372518398233,4.88454050234562,4.86995948138993,4.87764800826874,4.97209843429263,5.10374763625665,5.35735787883506,5.67286650406061,5.99137219688366,6.50107402315395,7.02889424096279,7.67551015554794,8.32785706806019,9.06605209380088,9.89161306391308,10.9012229552131,11.9875760820863,12.9891375955739,13.8117085984509,14.5748070409572,15.1784586661409,15.8429825410706,16.8834202931228,17.7324301099536,17.9633804791349,18.4183451740623,19.0822716122264,19.6774972475624,20.2506653444755,21.1615009568544,22.1304488014086,23.2045159695984,24.0396203157255,24.0449622135177,24.7767754603572,25.397236793571,25.8659256514002,26.046856324111
"35331",137.476726035008,137.485047594867,138.567584550308,136.800431422145,136.194258714384,135.518020101683,131.389550433312,126.974820936911,124.990516176528,122.641408451982,120.317123590621,118.213421828216,116.680520279789,115.014782338839,113.594431924276,112.305457114751,111.062765875193,110.420051647048,109.809298867695,109.371669904391,108.035996961017,107.299940932487,106.491790634971,105.464540655174,105.69713858279,105.267258624951,104.066643027543,103.346627744345,103.151120535981,103.169206894143,102.856421946719,102.945718250096,103.226675706852,103.414767939806,103.299910044095,102.641067043768,102.394115284704,102.244367483188,101.719804365565,101.099055143547
"35351",19.5608917744138,19.4984643703338,19.6818071993067,19.5840927682033,19.6704282666123,19.8504671087637,21.3524074231876,22.5569789830386,23.8136715454165,24.6479011011659,25.2463716419409,24.4813508123441,24.0259454442509,23.8027195552203,23.799033460529,23.9283769001384,24.2162601926048,24.8850912163676,25.6564487643287,26.603263747974,27.3379750871829,28.3942484572075,29.365382443908,30.1001775577548,31.4561471304579,32.6114466031622,33.4033488299785,34.2720179545168,34.9516123398098,35.3996169661643,35.5904605217591,35.9557324924698,36.4832857529901,36.9223468098115,37.099942438956,37.0966831531288,37.3679387854019,37.7564529859238,37.9235352443966,38.0282128171265
"35372",113.349726635818,113.338250710135,114.272343838853,113.256987162485,113.290456725563,113.358446905095,111.465272009003,110.072771265227,109.843340054083,109.122282505574,108.427265044341,107.816216128199,107.102844299753,106.513954316978,105.75033863191,104.581881348494,103.432796184214,103.098243294307,102.570986467562,102.217821204055,101.628779795205,100.64242450376,99.6444377178598,98.4343197589273,98.7598849939571,98.138633237283,96.2259387498084,94.7706930251425,93.8539433910262,93.3977655353964,92.6570886644905,92.1116049189137,92.8657424132739,94.3344757555019,95.859877811243,97.1376795197894,98.4541958003435,99.4513466469619,99.5715266879395,99.6747305511643
"35393",52.9704800838024,52.8284737405912,53.2856489265607,53.0732257003529,53.4417604581101,53.8402291950912,54.0259999450861,54.267017853386,55.446766855015,56.2117533341373,57.092015975447,58.7203551943485,60.0243827815081,61.2652449375031,62.145456010129,62.415169879374,62.6244982713162,63.2147779140181,63.6099162481653,64.1182542409323,62.5656328515076,61.6349379931093,60.725773120567,59.5401888764775,59.5478482245481,59.0401482058754,57.899619859205,57.5560722719274,58.2173760827445,59.9903615439488,62.0120314462943,64.2257855347531,66.4515810382916,67.4675917698559,66.7335668357341,64.4329998138939,61.4929975593266,59.1758304997287,57.0049994838901,55.0092670767209
"35411",19.5441397492028,19.3880108910772,19.6117266663876,19.7879441599152,20.2329579413664,20.8797694270673,21.504909334898,22.2043636899044,23.437721510246,24.4725967943652,25.6290423568085,26.7581623737702,27.9257234184527,29.1359015968677,30.2833183600282,31.237411979829,32.2943861070029,33.6228715642887,34.918526172464,36.4480776352518,37.1418104646732,38.2046087783635,39.0957733490964,39.5870399219762,41.4244124153356,42.6638412233253,42.8984038499658,43.26081001683,43.3747237919774,43.8392028673149,44.0575932223442,44.3434754414896,45.0996168256822,45.6420108676348,45.8279622904758,45.9804021403929,46.2429283579439,46.6287318033295,46.5214283411299,46.3111073560706
"35491",20.3638967886109,20.4134243053241,20.544026983868,20.5281051114812,20.5366807543931,20.5417661007764,20.5322089555768,20.542450920397,20.8004242953449,20.8027841995593,20.8508264383636,21.3111753973882,22.2644984007387,23.4963164848422,25.018898211529,26.714402757767,28.9908248770656,31.6403837403382,34.3783218932946,37.3554193004815,40.1221516437431,43.2745300008199,45.3845240865092,46.9553758060787,49.5770527674267,51.6527518706529,52.7771177531511,54.8442336076599,56.493034111194,58.4770784621263,60.4014875466522,62.0618242638756,63.8732772331189,65.1881645935194,65.9357082855957,66.1110290335439,66.402269796123,67.2717327298639,67.5035891417197,67.8191849080393
"35511",77.4457709063706,77.576820198793,78.2619979863275,78.4966018977655,78.816919855233,79.3131549255971,79.5430539946417,80.090336478849,81.5020818198373,81.9047069732735,82.5913776384398,84.0309242913093,85.8159103730207,86.984934661779,87.7108071014965,87.8360713693706,88.5010350608098,89.1811011668599,89.2464902875556,89.1402176091588,88.0994932186647,87.5816038542914,86.6112433528757,88.0654582056145,93.5810039918967,99.5994995022275,103.083647405387,105.148130074097,103.344251299142,99.2586530367393,95.4087505595876,92.2215303715272,89.9154500306944,87.8204446372953,85.8910429987447,83.8340126642804,81.6750852759854,80.0982892517399,78.3534873552564,76.8155613995988
"35531",103.316180296382,103.587903390694,104.57695560387,104.796802416459,105.076383884123,105.793183975538,105.999190345636,106.871691244089,108.49752486685,108.709137874337,109.463940816082,111.280705951278,113.291052552219,114.663595217926,115.525986112025,115.499221437435,115.991359827164,116.783764817047,116.816493526176,116.619282490454,115.520498406161,115.040957978913,113.878409330149,113.427497522596,114.586117194328,114.550127917303,112.373950811396,110.816453745083,109.112064287314,108.199594028071,107.725648758619,108.635608816002,111.148017403432,113.927648926948,115.835554976975,115.456788560887,113.775203006402,111.473429939635,108.081839444342,105.284120884475
"35591",90.7210771517043,91.2826262193692,92.1779713741194,92.4226848637052,93.0220429984025,93.5228066164604,93.5553495706913,93.9789549908908,95.2487395304285,95.0783220339764,95.461854190841,96.3158183219478,97.0681297294136,97.7521468640453,98.1519629969153,98.2926779469879,98.8879962092239,99.4264883200031,99.7854750080552,100.299382897025,99.7352573832134,100.291599350552,100.724096084619,102.930833271302,107.533407052595,111.262258416709,112.720851548443,112.772721954895,110.052779365059,106.769540981471,103.224765699414,99.8793982706118,97.9011845541508,96.4000641401038,95.2617873088231,93.2053703495657,90.8009046223147,88.8055308668817,86.5307338780192,84.747176947303
"35691",99.6079833849109,100.254995730354,101.094237514508,101.16464411709,102.410145603345,103.831610976738,104.804865147143,106.393496664204,107.531408577881,107.372055019908,108.185689166619,112.332384302918,116.395196539214,118.249840337128,119.172468551753,119.496027110128,119.720239086191,119.731287203448,118.796183959923,118.43679550254,116.01651741559,112.178926413208,108.72961520409,105.885440475859,104.231230221933,102.104628403745,99.5845127808223,97.785984516817,95.8807677187345,94.6385067769511,93.6006678136827,92.4675070221549,92.2393095794202,91.4080890193988,90.9997353383363,90.0073416719546,89.4822452051432,89.7760822023103,89.3070828378904,89.6011059312939
"35732",88.5704081617683,89.3445364461106,89.7946996174726,89.3644862011927,89.6040887496138,90.0394695193947,88.1281775999316,86.9278317072912,86.0492342069981,84.6342944207642,83.8365619207918,83.6412386662789,83.7080068729296,83.3385447895297,82.9315927587423,82.72671038361,82.9724761734774,83.4759130939145,83.4265000647299,83.8681271987611,83.7897573114373,84.820183519447,85.0814527346617,85.2670986272129,85.3850805751102,85.3410127546001,84.5427823517867,84.3487705723736,84.0648265445303,84.5948716468412,84.917092328958,84.8442684806594,85.6743119394519,85.8463790631679,86.2137106226915,85.7850663481995,85.7605212928814,86.3445576256174,86.0523112345907,86.4158560096042
"35751",1.20834304797143,1.21699650740352,1.22707835653195,1.22616824438499,1.23215969793132,1.24338702776744,1.2404659765318,1.24491751467014,1.25378477367026,1.25085789135548,1.25549763826297,1.79419489774817,2.84827761988267,4.35305186301776,6.31915977947294,8.68182912843407,11.5823703038073,14.8781045304925,18.2277762273562,22.0431638797482,25.7559719635094,29.3669902051264,32.2349803921973,35.1666504215008,38.1050450521619,40.7861429612395,42.4463801609405,44.5402283989505,46.4518153435119,49.3949576220144,51.9236446416739,53.5355280246376,56.2996144086983,58.4018388419807,60.6028673299115,61.6269448492094,63.1825130857589,65.3162898763566,66.2658441759288,67.7092394392624
"35774",59.9695994198203,60.1947090745133,60.7952168001731,61.1296231793229,62.0146499962733,63.3549282236543,64.1540939263041,65.7452861095237,67.8050185654174,69.4123714754712,71.7392792009683,75.6336244260423,78.6643727661673,80.7906258360132,82.8644166884788,84.3422511866812,86.5196957413539,88.3044254855121,88.9487149621719,89.7572769694502,94.736811939895,94.8725830057013,93.8269432209744,92.9548326930975,91.5378621738735,89.7370429854733,87.3067148550978,85.8990408416285,84.741190493102,84.8794524371489,87.538959088313,92.5661003720022,100.590138204258,107.030456818464,110.528551879795,108.714527711055,104.514154990776,99.0417226562459,93.3262619981126,88.7405397296532
"35792",0.750997238235351,0.755898088332191,0.76197968259007,0.761128850054534,0.764221325041236,0.770940876021349,0.792446031688472,0.844170722883377,0.921147562756603,1.0069015562481,1.11619340089913,1.3933398788049,1.81154856807853,2.34168624540731,3.01109774995261,3.76129126998423,4.6989606541546,5.74220362752822,6.76839156800416,7.88308592617406,9.09605279700843,10.5722779098883,12.010897661952,13.5936095743012,15.1660454259347,16.6430140211648,17.8230915780362,19.2641991689525,20.9430712247543,23.4324250915175,26.1500196589077,28.5914698766118,31.7654056749399,34.5789998414831,37.3359442040507,39.1575438366752,41.260271585314,43.584837023075,45.1693727901666,46.8756121916348
"37254",14.3517564059056,14.2585385677123,14.4170076527744,14.4026343988974,14.6607077011543,15.0299992100214,15.4696068974568,15.7993137634223,16.3186752920276,17.0007381142678,17.5140443344666,18.0977023968313,18.5472518100601,18.9556503088924,19.268705564845,19.4882004079865,19.7682481689248,20.1756848706619,20.625447524787,20.908286485128,20.9675192408085,21.0581351913189,21.1494421157469,21.3998656749289,22.1523954287341,22.7031764306193,22.9387150225617,23.4105857601617,24.0608660479143,24.7059708035945,25.2872782453827,26.1189083691794,26.9882540385303,27.9332927245872,28.6393303758321,28.4490296908119,28.8112090441171,29.1038030737353,29.1775568309617,29.0978868315528
"37274",181.209361457085,181.767833438649,183.139126140689,180.773974720932,179.774326263077,178.484172251958,173.058526288403,167.158295596108,163.282776751334,160.391226459277,156.904630130467,154.774196805336,152.139414482962,149.671528496518,147.124079516432,144.297699695691,141.831975741918,140.000218280071,138.308732590711,136.437246515889,134.37311420634,131.310720971132,128.760415172334,126.724318032479,126.014420586989,124.854755622412,122.942729171908,121.445008687007,120.358010793162,119.385711614697,118.278347792766,118.815465566261,120.592587100029,123.114385916973,124.854152130867,124.119545185118,123.325312906685,121.483393166108,118.922074400769,116.460931816727
"37333",70.3330523837491,70.3391718841693,71.1501387719886,70.6514286527099,70.7435594798095,71.4778250892266,72.0787196446037,72.2426058916962,73.8073451731622,75.046138394941,75.9843009432435,77.0172848277795,78.2441036707767,78.7187453921551,79.2506742666587,79.4614577030272,79.7608946045635,80.3278115255158,81.107691281877,82.0693595025698,81.4743626642296,81.3480153817393,81.1342063673246,80.863458437718,81.7857100812243,81.6687087651314,80.6374974325006,80.1990301314753,80.2660924231058,80.4314690506337,80.0508231741236,80.3204570465598,80.658369918381,81.1004815504201,80.8155234705672,80.2068060961271,79.9729774229773,79.8915520806757,79.258422256945,78.6852206625597
"37371",71.5227126764298,71.1573149103556,71.9688230932539,71.849697277535,72.451547755427,73.8557464802077,76.0524992443184,77.7975232832189,80.2012294859436,81.7375468752189,82.7640820469043,82.4076785753581,82.045826607588,81.8438511838032,81.4924812573973,80.9682667322569,80.5612001814517,80.9553218643659,81.2974219553754,81.7912860304207,81.5342610229936,81.736291255912,81.8841931674902,81.847498288497,83.2685072313351,83.6228587748675,82.8752754768134,82.8539191355872,83.2103009492217,83.9992190488979,84.1698468416328,84.636782079451,85.8676392314243,87.2778957443157,87.8962649268166,87.7940393497942,87.844170358072,87.6715980843369,86.6859312358841,85.9873563582437
"37391",44.2905482668674,44.2192241035825,44.574592363753,44.212193556646,44.2531133467266,44.5637351491754,44.8962972657159,45.4398450960194,46.691583027721,47.7023039023688,48.7868039403371,49.8323847362923,50.7128194583431,51.6774393569418,52.4052912636381,52.8918333754936,53.491621178753,54.3123747787198,55.0662950832371,56.0022092876096,56.1654095388065,56.6906354730208,57.1827489148691,57.449626082691,58.8120381077324,59.4406592673326,59.0963176600672,59.3295459830438,59.7322391951792,60.5321188270937,60.920569974646,61.4006419252469,62.3365938894971,63.0691196373961,63.3527596533701,63.4855967518462,63.9070551689639,64.3936452775677,64.4028966655397,64.4809070494767
"37414",57.8715582309196,57.7724063927238,58.2066718223588,57.8475028222459,57.9901963606523,58.5425181628658,60.0106008181345,61.3032556262306,63.1983041930873,64.2916430214579,65.1739528694814,66.0938703980449,66.8141853932377,67.4329642321847,67.6858918885056,67.5579410279351,67.5507600448948,67.6323171725808,67.5442742658209,67.7125100362986,65.5783371327182,64.121609634443,62.9061745109639,61.628272694719,61.9535088666847,62.2421306070072,61.4287641434505,60.2122664226089,59.211492463098,58.774511185682,58.3220657408566,58.0484575804742,58.203489125712,58.1289840744826,58.3366087429575,58.387217152653,58.0416782061664,57.7104537762805,57.1348716225228,56.6278487865894
"37451",66.2707913747398,66.3272446971809,67.0331603610088,66.9660992876909,67.0599125076858,67.1893355448813,67.7363250864708,68.2996706351775,69.8532089832466,70.3800432151962,71.1265802007273,72.7140330417134,74.1995535979692,75.3284740354543,76.1298452528842,76.4733628710673,77.0177639129875,77.583643045113,77.7780678989123,77.9210302938075,78.0514468034807,77.3341286165203,76.2059587892815,74.5247830645238,74.1260905268986,73.2507841542952,71.5975634656143,70.93679516387,70.3311266333498,69.9379542519508,69.4501415285996,69.0039005992271,69.1737981951819,69.2172850600717,68.8507876495005,68.4119522346358,67.9518505816564,68.0270046468268,67.715787459743,67.567567471225
"37472",36.3602342158216,36.3056726902314,36.7216958732762,36.8511480225919,37.1813208792778,37.5951928911555,38.4586493913642,39.4417916894144,41.2267365589032,42.4385069563185,43.9454375220995,45.4952214363768,46.9849431825182,48.2540443327446,49.2693180872922,49.9521479309845,50.7825626777987,51.6987453485938,52.2534396619856,52.7015683013119,52.8188632767065,52.8661359640802,52.7580614847465,52.4427515105504,53.2517588224387,53.4989738544457,52.7610574377195,52.7011723247947,52.5517315648155,52.5789501618086,52.5586292147713,52.6523978391407,53.5493925247169,54.4660722242613,54.8074958962877,54.7690324573307,54.4137184413754,54.1242448202644,53.311424771297,52.7992612780476
"37491",52.8674299823247,52.9869482443326,53.4845278169709,53.5182395834655,53.5808439792782,53.6589834448948,55.0369482128288,56.1831273465062,57.8098701692524,58.573633327441,59.3968780775995,59.635868703738,60.1187366811742,60.374844745543,60.2838112663509,59.849523519119,59.7169955023557,59.5564271884588,59.1699335081076,58.7353029785334,58.6511652603656,59.2952318010058,59.2430362034867,58.3195137221429,57.4651446393494,55.6713224344457,53.5798151578167,52.3120665855803,51.1870993525165,50.4183683916978,49.7550234878549,49.2137080430573,48.9888216081657,48.7752976730013,48.4163695724318,47.9662932856957,47.7075909547555,47.7852518897767,47.8150434812513,47.8677365998966
"37531",81.8901749120291,81.9564547006361,82.9760240449226,83.3439615836557,83.9707064922226,85.001698482432,85.7324965045303,86.8714321777298,88.6608266128135,89.2970598079315,90.203820267117,91.3169515549905,92.7133644879147,93.7255217771623,94.3544858513095,94.5963512295167,95.1358977370282,95.7536612013739,95.9117884285503,96.3126191101807,96.3025599766202,96.6512222642861,96.4305386269714,96.1804866779821,97.501203156479,98.181548617429,97.580008116969,98.1325001333027,98.1219585471456,98.3339629780574,98.0004791985273,97.5559785398574,97.7208636428826,98.034030008723,98.0097590041688,97.383973212559,97.6766463230126,98.8692091012885,99.4506330941356,100.037612931261
"37551",8.99520823118429,9.03388703310697,9.13498346105292,9.14403721226739,9.15812104291812,9.18700242185859,9.3567612358036,9.70616835483548,10.2822883784823,10.8513043046538,11.5935450659219,12.3781147939387,13.2353149867299,14.0037123525392,14.7815376951969,15.4303328493247,16.1897912947071,17.0316726015268,17.7752553320648,18.5525858201512,19.2495943597569,20.4018483836705,21.5304179970234,22.837199919062,24.751143755092,26.3370715405085,27.3703702954811,28.9322359785446,30.3755244197415,32.2600534930602,34.0962728425668,35.694680759094,37.442642002624,39.5123680909192,41.3318443673103,42.2022004849962,42.7837668929522,43.4032957047515,43.5012071339461,43.7328255565698
"37671",61.4409983714124,61.6795945949404,62.0104317628066,61.7872171875523,61.9003292461768,62.5342968680106,62.7332772607904,63.208217673209,64.2643287674021,64.3003823985082,65.0061505836262,65.5744180640635,66.5099069244843,66.619662938202,66.702643135779,66.4908850777091,66.6211464865625,66.7660941214934,66.6115705567972,66.770619548803,66.3448291335641,66.1227510132057,65.6016486286734,65.3084021691207,65.7091227927015,65.6208858860093,65.0616313583716,64.8455251514027,64.4189452359312,64.2888944781669,64.3894730398133,64.2080446565043,64.4971936686721,64.3047192189747,64.3692081948493,63.8429067760202,63.6691740063129,64.1349294829643,63.9575939335377,64.3054795526687
"37691",86.2160824132769,86.578807603033,87.1165701752474,86.7706931338061,87.3214384566245,89.0812539195582,90.52002914734,91.4244749899497,92.6987364824583,92.6217760139115,93.7670329204585,96.2497292956831,98.8219441718842,99.9423471824073,100.731429690166,100.779053567864,101.256311183586,101.644872788195,101.103309935622,101.181653444795,100.418157302721,97.8318928547508,95.2016540146,93.0229276863622,91.644340296693,89.8697533778685,87.6095840204325,85.9483985781188,84.1873773546979,82.9708268017535,81.8641535681553,80.6746664158183,80.2414333162162,79.305211495939,78.5550074196604,77.2564581706752,76.3653770961203,76.1428958663888,75.375621605642,75.1872295265403
"37711",117.57986571054,118.292691438478,119.008460747897,118.535238495004,119.224765593345,121.364901728111,122.867454531605,124.261503459653,125.982754411883,125.787632331636,127.177390114089,133.087884501284,138.35279979185,141.080775432879,142.920584324767,143.361586054172,143.813653854179,144.012662108977,142.473674847991,141.716920466999,138.312703745129,132.466341201214,127.209704540404,123.145857438812,120.315493401154,117.459950277545,114.109012114027,111.513376464104,108.954363078741,107.348466313622,105.923467470039,104.678436568779,104.532936953805,103.711330006814,103.086472522802,101.903609001636,101.083891973488,100.762895834149,99.6978420101192,99.3542126766582
"37772",38.4327919806639,38.5620711576426,38.8255623285802,38.7656875803446,39.0104701745272,39.583896212126,39.7531050461557,40.3700420838924,41.3056459687116,41.9628364319274,42.879441307325,44.6117696374427,46.0625423508624,46.9475402137192,47.8357280417851,48.211401018577,48.9348561381364,49.8111613182968,49.9676281612522,50.0831516281936,49.6177383957152,49.2268221277751,48.5919424944927,48.1288721231675,47.8213388741025,47.50884407189,46.8409514282602,46.5083238213224,46.2509127931952,46.603287518528,46.9058961434309,46.7896796741485,47.3520417780251,47.5767603549177,47.8485806955537,47.6728303445399,47.8108094537318,48.184049520858,48.0901180193952,48.0975735002187
"39191",66.0549277549371,65.9201930507771,66.6607238195655,66.180573050651,65.635936871486,65.5768006980302,66.130795950284,66.7502239415862,66.9796763448529,67.4758718667237,67.3804840085666,69.6108753511891,70.8064329123492,71.8602534261651,72.4664630092416,72.876614336296,73.173724587941,73.8692689165012,74.9702503009183,74.8791061183062,73.9239511382056,74.0378335001268,73.5135824967228,73.068623906819,72.7535576871079,71.8757044911671,69.3996799460727,67.1863432841638,65.2002606209274,63.5432010540034,61.9223395617803,61.109271121254,60.2639093090026,59.5976748242773,59.0158534534456,57.5757058030891,57.0682867311077,56.5769554586735,56.0709728553497,55.3206628059898
"39251",225.771142528564,225.789181297435,227.570962936589,224.115043127832,223.786232275608,223.463124970922,223.495236077432,221.755372413545,222.000832640396,224.077241374998,223.783275743304,224.725692370876,224.314846328238,223.74250793718,223.330653406751,221.692334033746,220.921460114331,221.468504272426,222.65237862961,222.296652454061,220.185669348473,218.135255337092,215.81977516125,214.503961354728,215.924838725444,215.628379600582,213.027946444712,211.794632743701,211.041098670783,210.168330177814,208.933611344463,209.313296934025,210.195845523963,211.710395430833,212.25201650309,208.926427433034,208.617383561155,208.062615074024,206.530223259391,204.624890076993
"39273",25.1509415873299,25.0102623771577,25.2620496982467,25.1592477674937,25.512725222204,26.0138155939935,26.7911368279535,27.5550694058508,28.8599575332766,30.6059455016355,32.2151118436697,34.0083525238065,35.5507954303193,37.0804853180424,38.6841552777627,39.9578189854602,41.4628479432173,43.2862962057245,45.2834944736083,47.036237550237,48.0892630754365,49.7845148184548,50.916159349728,51.6238985411643,53.2686159417375,54.3111965071484,54.4215478040031,55.013839322928,55.7715131694008,56.4830829952446,56.8882568665463,58.0091983186424,59.4443737783742,61.3828906731977,62.8934205744602,62.6759647840476,63.6851278348229,65.31385809226,66.5580843256441,67.4928035900185
"39311",47.4028257619346,47.2871308563973,47.7809166421733,47.6050820689231,48.0163338830488,48.8496634408793,49.7357795187812,50.374122942929,51.897581939076,53.5823070534019,55.0110371422408,56.4799333772244,57.7830324096392,58.710091662741,59.7463190545654,60.2743207884347,60.9905191468232,61.8267738178916,62.8007210331921,63.7296051278965,64.9863702926519,66.2093664750338,66.7291409786194,66.3115045777454,66.832700409133,66.8335386333188,66.1746048892688,66.2243050486283,66.6914496140245,67.2852686573947,67.3468110540231,68.0524521893392,68.7616154114798,69.810488955403,70.1540165695152,69.6193069966742,69.781052351257,70.1365276280866,69.9850523655379,69.8606608525584
"39353",72.4816456694208,72.3609780100188,72.9599972158064,72.4791938927637,72.3842641136377,72.8021335887819,73.1337661752521,73.3033604908208,74.5305577691816,75.228116280602,75.797444019249,76.999854115008,78.0986043913812,78.7610438230324,79.299101747906,79.1642634458806,79.0146093886342,79.5116660502384,80.004856707399,80.4535462413232,81.289878997308,81.0440102339682,80.3656663654098,79.2734430988406,79.0804316725027,77.5767583938602,75.2727932969937,73.9416776157146,73.0727516888189,72.5931430014,71.6738409923158,71.907313325047,73.155031980062,75.027703149446,76.4700372344384,77.3257028795137,78.2376413657916,78.6510010977256,77.8440994628569,77.3774498470754
"39531",88.0904353654379,88.2555164375694,89.296100431181,89.543747110697,90.0264367283256,90.883910251679,91.5069405560078,92.5915523525133,94.380704839004,95.0432376713378,96.1250256147048,102.320232907988,107.611322941563,111.601936205967,114.49609076989,116.214325400422,117.654070108914,118.622695917772,118.571707823211,118.535969066475,118.294350791384,115.132510478069,111.311635540473,106.716446812544,104.110526619374,101.180300665188,97.4881145642861,95.009578622168,92.6781795209301,91.3012809422672,89.5120455463918,87.6337522779045,86.4313612018345,85.6724948294065,84.9393741946554,83.907322605978,83.1217882894976,83.7422806783414,84.642812263507,85.3841812806528
"39551",103.094389701779,103.46457820327,104.675605013483,104.936837687533,105.441697682126,106.17914894203,106.636167860709,107.310362353146,108.793306560008,109.025125586382,109.656625350151,115.447182260459,120.665371062933,124.362605704162,127.334908189439,128.752205689736,130.229093189709,131.483111393015,131.669578378812,131.69675763853,128.768337639038,123.602904382388,118.67414343829,114.372354674542,112.00765552945,109.255734605257,105.751019307999,103.454807324152,101.009238997147,99.0051235669244,96.7676333264716,94.5657822031226,93.0055932096187,91.8249624458646,90.7672580090251,89.5267612644618,88.7945759475951,88.7714331184317,88.6414405027164,88.5064381881745
"39611",16.5576207573497,16.6272194414452,16.7693497754409,16.8886999844712,17.0677311406651,17.2331200920097,17.4945777493776,17.9032430371892,18.5396755024753,19.0190913040739,19.6582811276987,20.4055325611195,21.3467401478914,22.0684952745178,22.7920485199826,23.4360458089497,24.326487317979,25.2897718357879,26.0885108712364,26.9516812253448,29.6175256079796,30.3836063913355,30.3249419251591,30.3332007032214,31.0534619109596,31.6266857696751,31.9729472662277,32.6219510052793,33.074570924391,33.7562111059753,34.3089759507482,34.690202878153,35.5859108258157,36.2663182746152,37.1023655205707,37.4590716509181,37.9546918949818,39.0834061564051,40.0246288269689,41.1114226268349
"39691",51.0228863278832,51.1460709617377,51.4976888249233,51.4534498311542,51.6426005022176,53.1249118553415,54.6576429192092,55.4651673325596,56.7595830724917,57.1911781347885,58.296727801435,58.5497921325287,58.7592208667389,58.3809072680213,58.3012096076783,57.8914807131906,57.9435916890648,58.0100959980063,57.6888627102776,57.6806235103161,57.3554767402653,57.117921871746,56.6902494340654,56.4486049233242,56.6673519502223,56.5687131115055,55.996709663731,55.6881985382051,55.1839150287692,54.9960960786507,54.8227563739179,54.5333464106133,54.7686637203869,54.5185842102461,54.3807043639886,53.7412701455041,53.3532314625612,53.4570879077498,53.0549157914301,53.1032495103046
"39711",61.6828097751901,61.816024526177,62.2210933579785,62.2334180477902,62.9434448798524,64.8624388305821,66.4660526820624,67.5063823878354,69.1126186166941,69.5454666078923,70.7721163002565,71.3602313632139,72.0577519126762,72.0245530640167,72.294979824661,72.0401541932016,72.3176847445933,72.7084558435339,72.4734754589013,72.8536297463918,72.8207383459621,74.1958402592604,74.7634973684812,74.9350302669493,75.0255626383328,74.5828445917612,73.5745670263859,72.9404930420179,72.1031573903044,71.8426400995048,71.5393593061423,71.2432870487436,71.6580462170473,71.2639629569141,70.9232623325389,69.9727089313694,69.3721415196241,69.4229177549226,68.8627341095334,68.8827410616286
"39751",86.2494072382795,86.7474045997066,87.3336537140922,86.7724184066534,87.0121191561228,87.940500461403,88.008279674862,88.4160639550938,89.4523442616657,89.5774007239526,90.2382913060775,93.2472561501884,95.653169592364,97.2236810870001,98.5856477184367,98.9250717067746,99.8819806220545,100.585517496002,100.430195370609,100.284587779689,97.8384598196683,95.940036776294,93.8796844154816,92.4172671300151,91.5068081488301,91.1976231276234,91.1634714799838,92.3781947045685,93.857779811697,95.8185170332415,96.3266366216237,94.7446287995976,92.9758550065173,89.9310971098996,87.4065602042764,84.502329125772,82.220707063149,80.9980795708263,79.7635687992587,78.8034229923561
"39791",381.372245753204,383.951211600264,385.876336171501,382.688293779356,380.809424022069,378.851129606042,361.630004666929,348.093457320845,337.470002514496,325.779542639487,315.715913075473,307.37407115814,299.5678066845,291.299299276199,284.168122100948,276.510295679845,270.666380873844,265.416480142699,259.632375393499,253.904340552355,248.266957320272,243.209369754651,238.072952372376,233.744741868525,229.889749361263,226.243089628414,222.306218859726,218.814945460908,215.506348382302,212.864795304344,210.320732504054,207.583044813495,205.521183047261,203.340526990768,201.387996989879,199.10429900426,197.151339315032,195.431846739994,193.616205767427,191.988363764076
"39814",13.59561050724,13.5204241013416,13.6649481802743,13.8426813010562,14.2931795123916,15.0029612762478,15.5710238759177,16.3218518528198,17.2942071171602,18.1293373959875,19.104956984765,20.3782556734453,21.7884134344162,23.1394133400287,24.7489072060502,26.2151193128749,28.2691642259278,30.4607080169068,32.3897143546751,34.2298087492617,36.3754187821419,39.496968038299,41.8007696160267,44.1522497013553,46.187554971409,47.5817825391381,47.6922784733482,47.2978804779926,46.6250310035032,46.7473349007246,46.8858928498188,46.6003045282093,47.3270418035674,47.9358155482658,48.5916635262316,48.0229897643494,47.3900483120996,47.0430820204495,46.4880970952816,46.2823876895815
"41192",76.9932066184293,76.8200952856261,77.7509949442204,77.1656141206275,76.6031699789134,76.3774155133042,76.3998739934128,76.2128364512543,76.7702691503165,77.4461246767161,77.5480483658529,78.1356942917626,77.9919083106138,78.0266194483871,77.957243318984,77.603431607527,77.2888567132881,77.8393211714914,79.1435283342373,78.9495849501364,78.3730245409369,78.7554152516259,78.9121089441328,79.4687584333087,80.4727845518046,80.9300406912335,79.5178456297234,78.2507748116037,77.1897463468559,76.4293189165489,75.6207805245462,75.7473476004122,75.9095154076528,76.0257865233,76.2515269932177,74.855705936731,74.6549454074237,74.4507011810752,74.1165956917491,73.3649653441447
"41333",102.436996082448,102.214213061593,103.038574248184,102.30455357465,102.478567703242,103.171381140346,104.053020826604,104.307828189086,106.084494385131,107.63453390015,108.86150145477,110.878383676392,112.837583238791,114.137562881858,115.869228613802,116.054935404481,116.417712143939,117.314831531159,118.651706945467,119.63412315167,123.676893844893,133.483889544865,138.610592280931,138.95001200363,136.616605696904,129.980782977138,122.966699040359,118.284690994924,114.407929925186,112.365448449537,110.372138802998,108.667893560508,106.102778094667,103.852078965866,101.27666408287,98.4379456734141,96.3532702743993,95.7435531897635,95.1823515809824,94.694393325276
"41374",60.4299601858983,60.3064531551307,60.7069587143212,60.2383956763965,60.1048767271003,60.2072216033264,60.6137906042705,61.2353807510056,62.9589112033714,64.2951291147085,65.8453794362974,67.4202186072672,69.0270286599688,70.4099704874891,71.9070241985849,72.9429425766728,74.0486117396203,75.7049537372552,77.6544165592735,79.4542902651079,80.1549237917083,82.4501205087126,83.4458765412829,83.6748078557323,85.5039171417349,86.0974309073195,85.4569906599056,86.09115803933,87.8483360100167,90.9902665250152,93.0810703685513,95.1083363238107,96.8344460035172,97.5516327897661,96.5101434114664,94.4737064833218,93.3912512284176,92.6338157583204,91.1870133616147,90.2036907304949
"41391",71.4513800824498,71.3218341332864,71.7920688995486,71.2805709582316,71.3989261560472,71.8638221988092,72.2145750406703,72.555352973303,73.7375773293072,74.2102172761998,74.7484619973975,76.2852734984129,77.3329167704048,78.2038048265998,78.8425297076924,78.9640508753068,79.0354642533043,79.1549380029557,79.3345337665417,79.6289526788968,77.8158471099821,78.9353909638877,79.5093188980998,79.8360353154145,80.9759002818595,80.6445436768236,78.6276806476504,76.809778334956,74.5552102234912,72.7623261661555,70.7792687914643,69.2119430291756,68.4723335053968,67.9148282346913,66.9103434201028,65.3802950348572,64.0913793751388,63.0322465085926,61.8650706444183,60.881569883632
"41411",37.5290061672316,37.4121486911308,37.6442403751986,37.4712323057978,37.603077483475,37.9892952867073,38.5794891363044,39.0744711503807,39.9140634191862,40.2469267337797,40.5698474263588,40.7994409518497,41.168323735472,41.7919222414359,42.5570509390775,43.2983109759012,44.2586187418418,45.4886180954975,46.9026996388379,48.7218321542412,49.8017906235475,54.1159353705949,56.9427303196093,58.4264417734334,59.8843505615327,59.6280080188185,58.0092061836269,57.1968901478158,56.5576976579658,56.52021259641,56.1459265021093,56.0880377616632,56.6440408051091,57.1391987299272,57.1962807544961,57.057847764629,57.3976124922107,58.1027992001747,58.3792673242642,58.739056882312
"41471",95.9093820402228,95.7073821611793,96.7217562323918,96.9533799462913,97.4861112353152,98.3930923085074,99.7651889505992,101.05368893932,103.785276974068,105.171465334912,107.160996748931,111.851832893183,115.925298323262,119.139278501228,121.776785580935,123.178712612392,124.742524508523,125.650745987139,126.373087925468,127.083989269462,125.368201092406,122.471418844148,120.252858559746,117.67330304871,117.212082119192,115.536344179693,112.80149177785,111.47988308817,110.220193168153,109.302687480563,108.250578640196,107.472970324974,107.353905351753,107.276092346487,106.69595378075,105.618423882932,104.655647875509,104.079646075282,103.009556444355,102.09445950671
"41491",81.9001510719874,81.5277069482955,82.4571667405585,82.8906269122615,83.587385741596,84.6109259290409,87.6341703694647,89.9014737434675,92.6836890174051,94.0996432583194,95.6628019060044,95.1231858785711,94.8153734373044,94.5711466558647,94.393526261434,93.7894187900674,93.7788299327207,93.8299104834037,93.7680952639649,93.7264591709492,93.2465367804752,93.1415820264707,93.0101318753269,92.492495622431,93.4872871263694,93.4433094165776,92.3609610488103,92.3925816103744,92.3806313705852,92.726875187641,92.8284471483242,93.0414463571476,93.7118704209739,94.4369280871954,94.5900140297071,93.9927921923817,93.7260531012953,93.9409373660108,93.8021967190834,93.6482835803814
"41512",142.040182452784,141.687393384843,143.268006726215,143.8495208448,144.839224216258,146.352085782431,148.527254360884,150.759796975455,154.628060348109,157.119404357514,160.757557937584,166.945092670924,172.072184635855,176.277766675728,179.904366408757,181.714906327087,184.030447633361,185.606211683465,186.05890668102,186.175516268366,189.387571585855,185.595108282169,182.184772310981,178.856634516179,181.790315077216,185.313613116609,187.77433358783,192.155986232586,194.191295137457,194.180486612813,190.19497900087,183.481020837052,176.118388110956,170.13493534794,164.31982176395,158.227030900724,153.398629797328,149.627950002277,145.910235010413,142.412428492057
"41571",79.0105689010548,79.3794454408948,80.2258399666334,80.3097378379207,80.3787686290525,80.7888642191487,81.0305746948617,81.3188470955677,82.2038980133553,82.0945885597333,82.3684374479369,84.5663086012497,86.8598137668937,88.2240407974478,89.5571732885101,90.133294795227,91.0634107787303,92.0972695034409,92.1791511710541,92.3751571906895,93.324839651126,91.4178679340494,89.2236521469166,86.5868709585545,85.686441070972,84.1926318546139,81.8795069031748,80.4477871387608,78.9793920874442,78.064660365215,77.0643837229906,76.0424217323766,75.4745429091241,75.0597466646825,74.640665808678,73.749053941828,73.0638297509435,73.0615624274223,72.9520819736898,72.8857699766085
"41611",32.790728679807,32.8294796480972,33.1820681778758,33.5113954081431,34.0011633167748,34.6897191854971,35.2623692097581,36.0664048380786,37.2026037912693,37.8741835326503,38.7938885605116,40.0306486208338,41.760462469092,43.1530086948578,44.718514708012,46.2037725934963,48.2498886207379,50.713539154236,52.5594232515138,54.4614014950108,55.7801188849498,57.6191967306041,58.8717427677905,59.8406978971075,61.9032563269264,63.1841408298334,63.5942250262127,64.4644837641686,65.0281865972625,66.0587026657303,66.7536001228721,67.5557152343907,68.9647560659346,69.6516284631444,70.3189464293058,70.1333345311352,70.290095601246,71.4772612668192,71.9906715805691,72.9307984862884
"41653",43.6218856634925,43.8853165715271,44.2244318727391,44.2041770401446,44.4329454732329,44.9191073657334,45.0052384718099,45.4912664575099,46.407356365408,46.5704062599444,47.070497636897,47.7131275261881,48.5488940016827,48.8370499883962,49.033750584311,49.1227223115331,49.444779258941,49.6104442736218,49.6762621015154,49.7908114822966,49.4635028998534,49.45188009085,49.1264970303302,48.9874631362611,49.4736771528205,49.6170474080057,49.2977760630061,49.1512940629982,48.8574108659068,48.7229347990619,48.6824299339236,48.5535263193445,48.9238420685071,48.9235524810465,49.0620426289953,48.673234521811,48.4807262593999,48.7316897204147,48.5143073818431,48.6584277911282
"41674",32.1131557034761,32.0300967652557,32.3149709961422,32.6307311289966,33.5230319716137,34.8702470192579,35.8583645182083,37.137084418167,38.9488181898928,40.233263138132,41.8907115315314,43.7749993974342,45.9569895958352,47.7236218160942,49.6728097172297,51.5124568792449,53.8836757178541,55.9134600486663,57.9886443559408,60.2698868311634,67.4794421025734,90.3985385990946,102.320336686639,105.301063655268,103.022712603398,96.350944909988,89.9116684120504,85.066279250113,80.6688369508076,77.482820915149,76.3955935148972,75.1494938598907,73.5607235853786,70.2756894713882,67.6903047002841,64.7916682437923,62.5710994820921,61.2429407287015,59.4972859898614,58.3624021387452
"41711",129.640706816561,130.67587526532,131.370727636246,130.204156910563,130.097745961912,130.648527217785,129.808170125151,128.815143393784,128.934453003582,127.033356595063,126.046848868595,122.972132236986,120.574337633209,117.84379548163,115.827425512191,113.396563531016,111.668738100017,110.134454951055,108.142309806068,106.675877348248,105.062656561696,104.23671750723,103.021527766921,101.331477975357,100.219617870559,99.3346689750328,98.216094979569,97.3161217713026,96.3367973176465,95.9095698900588,95.529182889873,95.1433272380251,95.4619104352674,95.2139841298287,94.9820459485615,94.7547362487584,95.0492492211928,95.9597773800693,96.2949768966669,97.0194343196546
"41733",68.7068297423207,69.1385862197933,69.5841089308961,69.0320592157103,69.2591734193855,69.870589725342,70.1253449032654,70.2606698099301,71.1296332330869,70.8650519488889,71.1529737207328,71.183091737695,71.3500925390769,71.1278319097758,71.1650445726446,70.6736899534924,70.5519452049175,70.5911797145324,70.04488302025,69.7737540132435,69.4625404693245,69.1482855606161,68.9623713456802,69.0160513547575,69.3877395520578,70.0708332529163,70.366141295453,70.3270343250858,69.6481796422623,69.4162701801315,69.1182675705398,68.6842983729326,69.356427322507,69.9966859630189,70.9779370893677,71.6244471828202,72.2076627835634,72.8491339475055,72.4680143455786,72.5549208556519
"41771",5.65670050483985,5.62554448802794,5.69277685342077,5.75141917143215,5.92552323846998,6.2270892347343,6.51757453754996,6.88476664764756,7.38236464904305,7.83391994959659,8.39997025895755,9.20720652656128,10.2147996856092,11.3725217511681,12.7217933762314,14.1178097235086,15.8416335957372,17.7098697524918,19.5501593800927,21.4224705314132,23.3999642636548,25.2897013204725,26.8965072243858,28.7801262632966,30.7955680083653,32.7183243608485,34.2053533280161,35.7364830337704,37.0848219917291,38.9209023648108,40.597080710065,41.6899470029821,43.2319543680521,44.1271765670315,45.2069325960411,45.8547822888323,47.2885175698734,49.2414364185312,50.6484069394232,52.3494005840535
"43191",86.5448902773967,86.3805435861522,87.3887851872111,86.6931759099574,86.2811921686333,85.9862275212204,86.25230235908,85.9715494612723,86.4868859448877,87.1223200088701,87.1500574971267,88.3030013751673,88.6203343137089,88.8637651188648,89.0491048714516,88.5981914100205,88.0693041755447,88.5552307020453,89.7739315381357,89.4731823032087,88.8464269546657,86.962590629462,85.2727625754011,83.9810248077083,83.4696128006521,82.968314107705,81.4383109228102,80.4104043154615,79.4278891107673,78.5584262468475,77.5193856214807,77.2501556200185,77.1912911427821,77.1650248889454,77.1412815875425,75.7957357345622,75.6279925876652,75.7594041884062,75.8053079846427,75.434240770454
"43253",59.5305390472407,59.4435047717865,60.0295870883196,59.3977900431868,59.2916040612268,59.4259926950371,59.6058859884251,59.4066053501388,59.7306833260994,60.3234148583857,60.6623044805954,61.3362987551596,61.6919443464954,61.8155573998843,62.3442244809917,61.9193930241495,61.5715343552836,61.8428433325897,62.3512104568143,62.2696213816505,61.6246805378142,63.9540648099503,65.0739998016443,65.425730964376,65.2308342510599,63.8784500676795,61.1981177626289,59.6627382453686,58.4640729613353,57.2767412633505,56.0680681282654,55.3422868120822,55.0475879631641,54.8502343024482,54.6576194727468,53.7349149574366,53.3245061561783,53.034730207966,52.7640321800305,52.4023090691134
"43333",77.708576262521,77.4131519167006,78.0941998439403,77.8275844720746,77.9160097011346,78.7092358756061,79.6389472663736,79.8920060855783,81.2656118487571,82.6045644727821,83.3957877271254,84.6102640757047,85.819886677783,86.4085792784773,87.4845579983521,87.6259807857846,87.7048650885371,87.8693564091227,88.322425469213,88.2602423285924,87.047917267988,85.6387284441054,84.0632064530895,82.9313124207837,82.7264661628738,81.6308156110564,79.7471956156486,78.9208588932151,78.1640439255628,77.8296572103246,76.9361055860747,76.8402452516517,77.3672442463215,77.8414370348876,77.47844063084,76.3807794172014,75.9815748829045,75.8213137635356,75.3980243294335,75.0439299142685
"43351",36.4470417260672,36.3909878506278,36.6165184638488,36.2196659803797,36.026569487758,35.9280564113623,35.6830837389882,35.386243409586,35.6501827527868,35.7364100383746,35.7570798987755,35.9420652375421,36.248555784227,36.4297176646805,36.8090513923545,36.9318186068518,37.1711267180014,37.6691020039227,38.3661363781943,38.9216956600916,38.9940864879821,39.6041076570137,39.8079461973878,40.0363107834108,40.6432829362372,40.5828992932435,40.0237727637016,40.1015800481081,40.1962796647457,40.5730107109426,40.5544277115942,40.8366925361708,41.4057331191309,41.9417768933401,42.0968542844829,41.9598026715846,42.1785400480283,42.4601737589853,42.3625891401848,42.3709984686946
"43371",103.763971067152,103.415032664933,104.080343841193,103.363403128609,103.444953284481,103.987913605192,105.852310764883,106.934562016098,109.285023291099,110.371236067549,111.016290329523,110.581858479903,110.087100340182,109.356012958265,108.915056282558,107.744326433297,106.759654865204,106.332175137365,106.264118108338,105.902422902505,104.528278965152,107.217641339156,108.677524636863,110.068268714626,112.376491032844,112.382447801256,109.987053363719,107.916032898114,104.88358428288,101.976860172742,98.5105277179992,95.8903717148932,94.0582621204522,92.3898278885902,90.3403791453572,88.1298097091777,86.646958003884,85.6004881620005,84.489490233912,83.5377569329175
"43411",135.375271844485,135.338440655569,135.96437410221,134.916878605093,134.277388364839,133.930960193204,132.031835100538,130.292547251701,130.160099526788,129.017174047898,128.296765585398,127.889121887602,127.034719068144,126.277535920223,125.562876527677,124.28137501913,122.984934362819,122.094952005123,121.329903015549,120.993190812675,119.476078981401,118.447512503029,117.137057426936,115.952711285139,116.107271200575,115.221033325757,113.320286263564,112.414871343159,111.557661990409,111.424405806807,110.727666940826,110.452009072334,110.868559590433,111.117184447656,110.726127722422,110.064679109615,109.7382512627,109.497380734973,108.69389742925,108.054261919654
"43431",144.463649496537,144.397945168002,145.566030625955,145.222385912818,145.23263654662,145.822585196956,157.74545038431,166.8549001456,176.136635469252,181.394832542068,185.547462801639,176.7003810067,168.530348021994,161.417096982858,154.919382434806,148.489064714796,142.46658099791,137.336933694178,132.595931362681,128.843506851522,124.291701007971,120.654777371602,116.79286460536,113.268434852713,111.080380155584,108.664620295337,106.029303555721,104.364081006994,103.03460081586,102.246772614445,101.315889988062,100.6337776057,100.40436950406,100.161008340674,99.6865849373829,99.1941909821084,99.0162073605286,99.2030364825242,99.2590071082457,99.2823140459071
"43451",63.7095443121015,63.6619802724323,64.2634979357607,64.170305956735,64.204721274689,64.5279340846277,64.9445169879688,65.2835717788879,66.4841084535062,66.9145857714297,67.5251750218252,68.8448128708627,69.9117084561139,70.6649819037085,71.2396206374134,71.4334125201879,71.5181927954798,71.5398947167624,71.4922355881514,71.6911489244273,71.2231965081925,70.9541031635128,70.391637356685,69.4622750507939,69.3459190189052,68.2003935395732,66.3696638076279,65.3398917476462,64.5068722723928,64.0099589649899,63.3912087628822,63.0062623242229,63.0164666981795,63.0430692719899,62.7297844911417,62.1741016130041,61.7074585075802,61.5125809138704,61.0454497736402,60.6234704782385
"43471",87.0660325189524,87.1347042020021,87.9366746023249,87.5818404353964,87.3743695053065,87.4441746400216,87.3301271837365,87.0580459240293,87.9577233745119,87.9066840119519,88.2101516213415,89.7741117081657,90.9624834181835,91.661877789227,92.2335952022131,92.1514889365176,92.0414393632653,91.7545955066864,91.2543979854283,90.9392528896849,90.4056343156853,88.3669299818241,86.2338502132094,83.9749866358373,83.0673188749045,81.57347125325,79.6870041618875,78.7185692516652,78.0397909075898,77.6788325471616,77.239244819344,76.9856192870997,77.0499540023026,77.1778864130874,76.9803850577357,76.4651694874079,76.1085548617104,76.0954353732585,75.8413931486613,75.580895473241
"43511",113.870691230156,113.655739582695,114.823735432798,115.045675945895,115.431847194142,116.430803724359,117.586416480613,118.873139311052,121.203502330021,122.095879312248,123.83603790669,126.834174419837,129.28063572798,131.175877110858,133.156273400851,133.770935634739,134.715559335408,135.454025721859,135.306388834979,135.22140306062,136.07570214218,134.041964551613,132.105256765919,129.991727543534,132.794369071609,136.17074498038,139.021189785461,142.891307272031,144.66209612992,144.724589423134,141.535637155668,136.681681123094,131.996421755152,128.194994331388,124.400460484785,120.170789386555,116.845997500947,114.110350170831,111.605142008373,109.149503449148
"43531",49.6513154014641,49.5597039034245,50.1262946194272,50.5158776573552,51.1817181838624,52.2249449206442,53.1978835637335,54.222471285371,55.7280078802364,56.5654871962895,57.6987780456957,58.8446724258842,59.9060484707583,60.7485145445972,61.9531222683846,62.5437818687035,63.4214839116034,64.2452970259429,64.5558563879094,65.0808614944932,65.2259417087146,66.6578245570221,67.1592654720877,66.9694884078855,68.1963119463981,68.5939813196481,68.0721077472126,68.3482976903914,69.0035723349205,70.146898638715,70.1693635942575,70.182825478486,70.871584064628,71.8298701275235,72.36613743537,74.231754321659,79.1813116954852,86.2629549128467,93.4667453359386,99.5479941775316
"43611",88.8081826078689,89.1254495323805,89.9605116325518,90.4658753941996,90.8864010412922,91.7710443275996,91.9289752429785,93.0978192105414,94.7430870256256,94.9811557842949,95.8430675874349,98.6506389175447,101.800827861615,103.479661567233,105.097674733596,105.855422452155,107.356364412104,109.455721704891,109.668405996949,109.694717448356,109.224425170427,106.922706597163,104.700815088861,102.867051328582,102.773065828017,101.944952270469,100.363528476142,99.3883907324165,98.1855936061505,97.5986717552243,96.6793669900414,96.1613031523417,96.4873204688189,96.3290591683089,96.144669306945,95.0367480670061,94.1974818464259,94.290210442711,93.7543958117434,93.723346412062
"43672",58.6361661770531,58.8361015650622,59.2159603694893,59.0515810977441,59.3815771419114,59.9735575027825,61.4362656559652,62.6797022010993,64.3052659151726,64.6765553688514,65.195620293341,64.1469500838254,63.4903625595155,62.5632091054671,61.9205905970324,61.2808820681902,61.0108627101969,60.7388262726275,60.4504409447837,60.2191021320662,59.800922885897,59.6947464255534,59.4776370062923,59.2243712841177,59.4796875750235,59.6743197338064,59.3526855021727,59.1136541772743,58.777510252052,58.8097135234007,58.8034468210246,58.7160725579269,59.2591631989542,59.385780577956,59.5154850333682,59.0590049213385,58.886535295242,59.2164041840497,59.1692958975396,59.4965916726823
"43691",116.406384501846,117.404713840938,118.006264222399,117.125357052597,117.061935223529,117.170412663798,114.147893297354,112.080831437167,111.361383961208,109.739249493722,109.174851077091,108.933855546465,109.247137666003,109.472996143795,109.995901321094,110.115871658424,111.25206029219,112.497345260237,113.385916180177,114.608119114648,115.596310390114,116.978739374767,118.805828187837,120.115249052798,122.093225863021,124.773309360654,125.875300471669,126.447159090464,126.463638940217,127.230789811676,127.815008658963,128.4886185046,130.785151501498,131.361242228878,131.849369870785,131.460051231123,131.885425287686,133.610935076266,134.578486095919,136.457776433287
"43732",27.9472265615843,27.8929477023288,28.1652685617411,28.2481276212187,28.8306550238698,29.7917089611578,30.636605002411,31.6261477719125,33.1395481783504,34.2178728438687,35.7069443511319,37.2527263133667,38.813570747052,40.1290898799107,41.6063141050654,42.7596581703105,44.1676400409931,45.7482980825856,46.8119738856567,47.9341038500165,49.0249679627003,50.7650998008381,52.0051135765505,52.99514164989,54.0015360213885,54.5452271849571,54.6145375643943,54.7438628068876,54.6901360384774,55.2220110985832,55.5732406855506,55.7310438890215,56.7959641098922,57.2102613414003,57.7190206860016,57.6726362794096,57.9387715605826,58.7725071520762,59.2004504686573,60.1024626540558
"43791",14.7890328020813,14.8350374778384,14.9210948354342,14.8207527483522,14.8358005123173,14.9662887642355,15.2113174721512,15.7691736411686,16.7335378376712,17.7400666079827,19.0270095012665,20.9095552312244,23.2295237772418,25.8445178031542,29.0520694264628,32.2560430009691,36.3625682948062,40.8498726695141,45.1865559925117,49.3142661699194,54.2468659375981,60.2454909925411,64.7674744518616,69.116054003672,72.8357680065702,75.7584084112822,77.3050946033945,78.5277543039152,79.5639282395956,81.2613149416333,82.8432427741752,84.3766561380776,86.8091064436242,88.4221563550933,90.310486454719,90.0764166017457,90.2565934160159,90.2006231490575,89.5224861374664,90.003268843683
"43831",8.16494561989111,8.08544694263527,8.17803253864121,8.3181099964101,8.67368632180611,9.23154493962123,9.79070382280713,10.5311960756036,11.5029939353778,12.424772827551,13.4751493171069,14.9387563440002,16.6942521386678,18.5801157274492,20.8626556215098,23.1149877258449,26.0319072346062,29.1269951473922,32.1280044717743,34.9237769055186,38.1737276689353,42.9738049568121,46.441738397655,49.4323978501928,51.5270951944468,52.6425574529004,53.1189505980361,53.7262927533062,54.4749778780556,55.9532825852217,57.3832256650567,58.6589586426723,60.5540174015164,61.8905090108004,63.5826293078875,63.9962557077229,64.9254485923238,65.7834594624394,66.2026584462318,67.3741097163545
"45192",14.3968182586822,14.3216389644872,14.5480481995329,14.6478513670118,14.969446564129,15.3929597471102,16.0400730912991,16.711357672943,17.683122284565,18.8973268121407,20.1076142903238,21.5261610363371,22.9018366479686,24.3120790866256,26.0047348780599,27.5422215000975,29.0915302328204,31.3114996327459,33.8525376175388,35.9623776224955,37.8862558393114,39.7779053663623,41.8425651898577,44.2740550852655,47.1698707530031,49.9135212912544,51.2501838403932,52.9479023726162,54.5019414474709,55.8381427342831,56.9235575868933,58.6344883206106,60.7520860532324,62.680549680721,64.2776976440027,63.8849464460284,65.3056937631629,66.7285680791965,67.8194084729103,68.1510790480201
"45211",32.199107137601,32.1204457013272,32.6332657314798,32.6870630697514,33.1906048502405,33.8225945467227,34.971154653217,36.2388738020677,38.1704575472482,40.733730415382,43.4063343517907,46.6920317206087,49.2232101947555,51.2757338035013,53.5076485778111,54.7909468913319,55.7321922208376,57.4103439315019,59.4760512042365,60.3572484941486,60.0284650158497,59.7787462404291,59.5035881315292,59.6427192867296,60.5613273323249,61.3828982366432,60.5294070138028,60.4755878482954,60.5687706138049,60.7528489903805,60.9194354730123,61.6538675217107,62.9684094248938,64.8977253707441,66.3570542276857,65.0862608472843,65.4179228072474,65.9305183998886,66.4564477033323,66.3800926313375
"45231",75.9123420572531,75.9573930151257,76.8635682318876,76.0912524282873,76.0582029152257,76.1470810210567,76.4835994004477,76.3610212818519,76.7219274983096,77.5790506737195,77.9156628368862,79.5034771421131,80.5662777246288,81.2108591705396,82.2690055128766,82.1929088317947,82.018728685283,82.4595251834086,83.5264017683245,83.4900942819453,82.443968934592,80.9952598447556,79.321092264877,78.2702285562617,77.845843652383,77.4329677193718,75.8254439569188,74.9538893311502,74.1757127102207,73.3173058794975,72.3656054477507,71.8595229307112,72.2566283512169,72.7318380584138,72.9217784998498,71.4788475722473,71.0638821972863,70.6940116939754,70.3617233579483,69.7620737916893
"45251",3.08964743133875,3.08957809565411,3.1266647073454,3.09726474454607,3.08519301564084,3.08701267596253,3.4682419694519,4.27062639838222,5.58629126826645,7.46009109835666,9.78198250343238,12.4766351481798,15.4028534240971,18.4777610744866,22.1797985403013,25.6213324026618,29.2970121413292,33.9259809619,39.1676819605678,43.8217225986746,47.9530673792334,52.8545880225453,57.4383991496549,62.5305227826436,68.3696513327782,74.0427572094147,76.3911510188925,79.2057965735292,81.7146970137757,83.6121490411167,84.8548693584899,88.5607630634408,95.5262554501227,102.918327697175,108.611792431072,108.457931480664,107.189231667059,103.384949198439,98.4121659808631,93.8616824775669
"45271",78.793203988263,78.6899213830767,79.652564213165,79.3660017487962,79.3994842569082,79.9897516011907,80.5468894251453,80.7369661884776,81.648625850644,82.8945310510666,83.9393538986259,87.1309478413195,89.6075505178682,91.1590360556183,93.222241841687,93.5575115605621,93.6227705300362,94.5214691470419,95.5155719738128,95.4242077706694,93.3220684832387,90.7632189994962,88.4474440514842,86.7909963909362,86.1281683737304,85.715424797942,84.1539096835956,83.2997712319941,82.0193745385371,80.6105206165574,79.0947964784315,78.2894389518842,78.130097813435,78.0369501860846,77.8539661597815,76.7330519347765,76.2244857792603,75.6953198532344,75.2498539893113,74.6959974774149
"45313",87.8702147430768,87.5975278143533,88.4920416577935,88.117786071409,87.62947086878,88.0864394707321,89.7274433031058,90.4121382520704,92.1269071250159,94.3207638760335,95.5279946302106,95.2317105672114,95.0257017272744,94.4765394018281,94.5487283127099,93.9972056411863,93.4272612507787,92.9318334155311,92.5848555511345,91.9292604700451,90.4264674975003,89.0015431899544,87.5874904923735,86.4838279795101,86.1053805190219,85.1094487399503,83.308896184622,82.5765800521264,81.9240014655143,81.5072803490955,80.6881510617904,80.4049282948278,80.616926818262,80.8414039141193,80.7581788937785,79.9231656687909,79.8514750091345,79.8761057477127,79.6032658606246,79.3016418999205
"45351",221.343110861269,221.477633164545,222.378422194808,220.372831520206,218.10467708437,216.135542833879,209.22771666978,202.062088423186,197.796913842799,193.386612861418,188.923338860029,184.826453205705,180.937818343473,176.794313043958,173.508498129511,169.612962078757,166.101656338988,163.187935232063,160.68489764971,157.943633603292,154.531135504513,151.963071273711,148.972845286913,146.595018486288,145.114394614161,142.880696565684,140.008359617017,138.058281131018,136.079144596125,134.685119783089,132.82079145418,131.448250756962,130.6177416605,129.774724625342,128.58855467644,127.131719961698,126.080062283794,125.154183435544,123.965153452715,122.854211006935
"45391",15.2589229445924,15.1059624408816,15.2060944447398,15.3668381252979,15.7005753000573,16.2105023634745,16.9234700195954,17.7256459851324,18.981002335338,20.2222205544375,21.6768791910643,23.1729704169619,24.4227951812019,25.8513917950418,27.3860666389707,28.7498389481521,30.0937720298487,31.5936329830636,33.235901818559,34.9211161258037,36.0803367655331,37.7453591202573,39.0500890817446,40.6665763840751,43.1099307482546,44.6423258857401,45.2672530723954,46.6033169149186,47.656981054297,49.354128698705,50.2081072452603,51.6056364164834,53.7527669978838,55.7430225156747,56.9188353129181,57.6872013800081,59.5313959770272,61.8731027640492,63.415614323123,64.8277460951618
"45411",81.8751643597566,81.5811394810985,81.9305523436708,81.8992028388387,82.2667076365774,83.0105998372785,84.5172127764053,85.3684803015977,87.1440611733767,87.9988579413554,88.864656493871,89.5426472784628,89.324284977375,89.4396640100181,89.6876742914882,89.3167625393009,88.8070484697923,88.515730455961,88.3600130652475,88.2969017064856,87.9949337596189,87.6135831676703,86.4862380148175,85.2592750544267,84.8781845434071,83.667822099299,81.7455923275542,80.7605710039149,79.7333621233231,79.4213185558077,78.5263091750997,78.1440649832848,78.4269436387184,78.6816468459064,78.4134533006057,77.8619600198199,78.0902398457312,78.819697975254,79.0976729494239,79.3176863594797
"45451",31.689186144322,31.7020406562854,32.0296407304637,32.0165255913458,32.0461503521761,32.3133618116025,32.5986556534336,32.7829039372275,33.5137508551398,33.9490028372414,34.4060350575839,35.8035324580001,36.8774040179444,37.7095970847619,38.4458103534818,38.9429837585223,39.2377782685887,39.4813239787218,39.6093748516128,39.8129547095526,39.674198309022,38.7231516905557,37.7539606130796,36.9731068206101,36.8170181451246,36.2578424467043,35.4534182682175,35.0631047746825,34.768413290559,34.7542004794756,34.6469213409253,34.7998678288633,35.284677071192,35.8830651435752,36.2327081832993,36.413031286527,36.5981224231373,36.9517178956243,37.132440664935,37.2417804785101
"45471",19.3965898444713,19.3098502662449,19.5402070161932,19.6428603986648,19.9167244959923,20.4403506365518,21.4284099491856,22.0559138262842,22.8905717021719,23.3160090141669,23.6560103284274,23.6472087430636,23.8959581461013,24.3789899174544,25.1580326366437,26.0754570885782,27.2569754605275,28.6635976980878,30.1975974469779,32.051352012264,33.806622949671,35.6520219733976,37.2202939760269,38.6473886019361,41.1882242875286,42.756961640238,43.2534456633479,43.8044544015806,44.4947225617824,45.6067633048389,46.4560181495819,47.5768815914474,48.9937923105129,51.0639738956787,52.6082217534006,53.3692478915731,53.7044885734104,54.1103455189881,53.8080121364711,53.4887811257229
"45491",69.4620436326104,69.4462515824686,70.1177175392102,70.0511459570058,70.270236583975,71.0278105944413,73.3793531297039,75.0205169618912,77.3976525146961,78.6886517029446,79.9744074961671,79.7740694056169,79.4666455028741,79.0528829009997,78.9217281519334,78.2814664704202,77.9224991964728,77.7654070747219,77.1461468682503,76.6347227530851,75.7350631126815,77.0055957328403,77.0553569522198,75.620622337993,75.3457931596984,74.3560186635425,72.9677575771556,72.392287747532,71.7775903969246,71.8429026218336,71.2328457329211,70.9864249637108,71.2860666142849,71.7963016930594,71.8542539606451,73.3894978802754,77.761713826055,84.0313957694835,89.9141027055545,94.8598059722668
"45551",79.3913644779351,79.1200551468789,79.9837606801471,80.6735154496777,82.0491352115958,84.6797390312868,91.6671966110751,96.9896780415588,102.634383561468,105.772688041556,109.019673477619,106.224405909165,104.393298344586,102.209283335785,100.928320668287,99.1891128188727,98.2535748063822,97.447932398201,96.2219622598164,95.2390847348259,94.3236315688328,93.8637183704007,93.1823533077209,92.3375913045727,93.7712892295651,94.5069205523425,94.3219454829366,95.2587734084588,96.4111975211084,98.617434683857,100.734005930317,103.098977779892,105.129268770155,105.27755020623,103.565622653409,99.0606682752223,94.0815566190153,89.9357407279031,86.1446330791587,82.5600995639007
"45571",81.1090747945693,81.2709239454855,82.021330946936,82.0010662147485,82.0276645985233,82.953234266971,83.5093243837344,83.8707214620178,84.9507278055139,84.8239513073861,85.2058111547996,85.9607720624071,87.0205288027553,87.3287441988963,87.826747195968,87.6388045787728,88.0957942289409,88.4727373750604,88.021807869586,87.5590603439196,89.6289552982374,90.6818270324601,90.189989954875,87.654747151706,86.7255890013422,85.2982714459576,83.4059597834526,82.5345589611457,81.8217929346544,81.6261122932804,81.317407963488,81.5019033940932,81.6868768144318,81.3648370792821,81.2206032596565,80.2902449293268,79.8169119253247,80.2945945563473,80.5615827526509,80.6433843316894
"45671",38.2588181584895,38.3744046612579,38.5823957835446,38.4249569953731,38.5705069868556,38.8711026511589,38.7982088811305,38.7579639643485,39.2466785051634,39.2000603438892,39.3689263489938,39.630208336226,39.945638324469,39.9766693032897,40.1050208283428,40.1835463870343,40.4112662391659,40.6479346793606,40.7577468228081,40.8526754685041,40.9730095320366,42.5517105607828,43.8308193404746,44.9326409798552,46.3104483009867,47.2362878168469,47.190840376,46.5743817103051,45.2594576195108,44.3372897939717,43.4934208477007,42.7601213056638,42.5445167816734,42.0968868396734,41.813542387007,41.2408273646342,40.8577977527591,40.7766586224377,40.4346714606387,40.3630997046623
"45713",128.816477539935,129.800240982326,130.347835689929,128.728024505583,127.953478155714,127.132372518299,124.577655822994,121.73089286026,120.003606290861,116.771967617219,114.033960059535,110.493037330025,107.682182301667,105.221473782804,103.61244388298,102.238915082112,101.700022520995,101.762633976426,101.83108471624,102.37098018745,103.409802402228,104.857083538413,106.427527905265,107.957864863273,109.917705206254,111.671405562053,112.59287381829,113.450044043562,114.168693842879,115.814894454021,117.284568030467,118.387037404456,120.88035027173,122.89521058494,124.934838738982,125.166569861964,124.840564630157,125.181295776341,124.998097279742,125.706714300002
"45734",60.521615538106,60.6626881111613,61.1186847561086,60.8049293788706,61.2792336916774,62.1508896973552,62.512150697595,62.8288719671327,63.8611758660824,64.0135373356569,64.5592252490057,66.0118466081637,67.1808256245445,67.8849665329211,68.6661030660152,68.9094636805682,69.3376238329788,69.9148281501464,69.759177736492,69.4785911801958,69.0712000617052,68.3322331582001,67.7313213525071,67.4813865969792,67.7145874894416,67.7205255105766,67.3168085923924,67.0940481908966,66.6415464840576,66.7407592488375,66.7196901184195,66.5161929316335,67.1132526246272,67.1531025464053,67.3378700208864,67.0830832642295,67.2802055114236,67.777559073927,67.9452777215387,68.5559332546365
"45772",32.6102887665813,32.5763161088811,32.8267128400685,32.7300546192819,33.048361881039,33.8105041911946,35.4642530165247,36.8484513032481,38.3418742960061,39.1214211543958,39.8953567086113,39.2876605373155,38.7688822710896,38.2342454628533,37.8697234588054,37.3829827601518,37.135054241246,37.0684960150745,36.7301857960606,36.2096003278534,36.9304214221485,37.1237663166834,36.7209276709807,36.1046433921702,35.7739753471003,35.5194175594611,35.2935078165191,35.2942695447271,35.3684291995292,35.7644755882744,36.1231562648511,36.420307318187,37.0741592229418,37.4963462063562,38.0171742435949,38.1691094957834,38.5076124840564,39.2093439752516,39.7874328599253,40.5746434115993
"45811",66.4763255088533,66.5378506278625,66.9322765546307,66.5129324177371,66.8809324574015,67.8087871755733,68.0947397796308,68.6486149949935,69.8060854092803,70.2943201794333,70.8826830655978,71.8379139828943,72.9748238372977,73.8020140228858,74.853773223019,75.4946699242357,76.8047143684101,78.143920008668,79.069945430814,79.235188533462,80.6036936348285,85.2786859946357,88.3919182982006,91.0902454983288,93.0271760855477,93.6144190216219,92.7393063465081,91.0032123716423,88.3806374666454,85.7567326068529,82.9430279898845,80.4299616030439,78.6801210219054,76.7747033716009,75.4504774741176,73.665025666354,72.5236493377979,71.5621284655256,70.5401256886977,70.0208646990901
"47251",123.35540759207,123.144579336586,124.318939616804,123.359075882972,123.298982112497,123.648423778728,123.603815470431,122.909679091453,122.943811993415,123.854353030868,123.579560353917,123.679361526171,123.659896547805,123.069700474824,123.175181951422,122.318676654745,121.756972000969,122.024055069933,122.766180673157,122.071112450695,121.005285204091,120.269247642629,119.029858328721,118.527767434862,118.622024556023,118.251375335753,116.224650529673,115.767289156903,115.412220722105,114.690500824253,113.66166814657,113.224442850891,113.815003876934,114.282104688214,114.431529907621,112.998691391656,112.70539874613,112.366209334391,111.917436995629,111.164410189462
"47312",169.331180944017,168.911474612951,169.852161486718,169.555947412077,168.644534019616,169.218654357361,169.747664297399,169.961072911667,171.993717314441,174.97036515468,176.910562934625,178.793509153149,180.541962717116,181.597289085288,184.04311167819,184.646808781608,186.871671261333,188.91276245559,190.877293882828,192.336152397732,194.652143543156,195.233473786441,195.803833613046,196.868392221406,201.588136203855,206.318242771997,208.945992285355,213.891486491517,216.420906540412,216.857854041699,212.040921670584,205.572559766317,199.196252696719,193.179282877994,187.375093909409,180.041138466318,175.13314712373,171.819000342176,168.476102376983,165.100018276604
"47332",40.5427283015425,40.4614786501331,40.6716798798772,40.5771090693142,40.3852768212717,40.5855551376779,40.7693094331023,40.7886009985578,41.3674244930943,41.9905458201114,42.5230252356162,43.0552294151752,43.5759061489186,43.9523526651909,44.6815629103722,45.0520426572652,45.6666873179785,46.363882800719,47.1945284642013,47.8207838148138,48.0084554823657,48.5075903615063,48.8125102310978,49.4045270302178,50.491180337133,50.9371501892699,50.7297976973601,51.2675654423356,51.6500161733501,52.4140022077714,52.6615189353948,53.4593356088792,54.9470328984517,56.136894917696,56.7002140744425,56.3311816874054,56.4683405659829,56.7566619952101,56.6760159679573,56.5381240430942
"47371",84.9069946623292,84.8526318349999,85.2333694070212,85.1943349029746,85.0506600242029,85.3090468815623,85.6957136640539,85.4715477733978,86.4860336705251,87.1971441834893,87.8081564043868,89.8441250142332,91.1239743948061,92.0246492559481,93.0353564629759,93.2384680777222,93.4128818611117,93.8739623600669,94.1736663047852,93.943002862183,93.7876914524984,92.8354236248843,90.8834441931786,89.1042097804603,88.101112150742,86.3826959137757,84.0703873494293,82.8068620239153,81.4257526053038,80.9246654479468,79.6624746735242,79.1802856739674,79.5227982614562,79.5782393636266,78.9173563541766,77.9046218201028,77.4237086911584,77.1653263198959,76.5705840884547,75.939623839514
"47412",107.781028831768,107.572287711308,107.917278027891,107.730840347818,107.729936185309,108.122730395499,108.428635799954,108.034671628376,109.121032578447,109.602107051998,110.064898087012,110.662450957247,110.000791438105,110.031161779631,110.251499567078,109.927818942458,109.700462805213,109.811854816668,110.246938489049,110.27267825237,108.247296916813,107.977804893181,107.093328731796,106.643971355864,107.517843900722,107.099454262053,105.497978660465,105.022732341086,104.276501774675,104.527387949532,103.723013753836,103.612961935428,104.334275088882,104.874952786934,104.643537366854,103.904496933322,103.631637242275,103.670411690476,103.097535515159,102.442971528415
"47451",0.573436744935876,0.573313892590828,0.578365120820136,0.5772502484161,0.575398589465093,0.57838284085498,0.578457794851839,0.576509118736587,0.584190559635352,0.586764068231757,0.588996318360798,0.937140166163233,1.64186183525359,2.68123501999145,4.0649006816918,5.71476126631052,7.63314008178768,9.85591745165333,12.3460563095466,15.0771058364533,17.4415065856132,19.9096398986876,22.0598579940247,24.1989223586665,27.0306908531205,29.0040296323657,30.390061036661,32.2490962858056,33.8251685619629,35.8111950617127,37.0837905300675,38.7059508251786,40.8399884004691,42.9279479170346,44.2187071429022,45.0891423534688,45.9533534892802,47.3425035435869,48.0604662134814,48.5206733632093
"47471",35.6452475236201,35.5379499272187,35.9139756893738,36.0447297922368,36.2518314888549,36.9449191721445,37.5644345323278,38.1483403773652,39.4494182175596,40.4806140123694,41.5483621962223,42.6298322037558,43.5867707501893,44.281530675436,45.0633292803251,45.4983300587137,45.8731646673381,46.4019925745699,46.7692509913654,47.1238276122723,46.912920438064,47.0272008270142,47.0213050742995,47.0078166224342,47.8332525976085,47.8271333389607,47.371408635382,47.4226036751372,47.3055387153726,47.5982690466648,47.4402536036249,47.5662267672404,48.1461087946258,48.7361425752049,48.7797538389419,48.5954668788557,48.3741411570816,48.5400657405217,48.3306677044566,48.0026488697807
"47511",77.5718722340184,77.6354109930586,78.3406357472034,78.1258118810286,78.1793321583523,78.8459494523836,79.3424458311011,79.579986726175,80.8768511961796,81.4565422283816,81.9588684014946,83.9893401253266,85.5384072509229,86.5893871726034,87.7916712796582,88.0558427778847,88.3049105298065,88.5530601930617,88.176786218375,87.4308988745896,86.9944072511615,85.073904622946,82.9798948921127,80.7836044103887,79.6897993990825,77.9106503205062,75.7376698147535,74.4781169750378,73.1750767073333,72.4695895735826,71.5515396698551,70.9613445418846,70.8273676478599,70.6670973990773,70.3185346567556,69.5304755400336,68.9766840302742,68.7232110026007,68.3139550034071,67.7180091597009
"47531",140.778524694128,141.055910787179,142.177364591554,141.626504950856,141.550098918645,142.392102670658,142.693500891363,142.611026456322,144.285661687401,144.522720748325,145.00079105014,145.24057860521,145.818162807285,145.819601269664,147.036325116669,146.86891532452,147.183832486797,147.26636810914,146.893783011291,146.140762087529,145.389843362157,144.983234839343,144.100460089678,143.356620607571,144.205281305528,143.458460917853,141.292862917599,140.56913599731,139.468678811237,139.235553748747,138.499578195885,138.422063046216,139.083441685037,139.253375158956,139.424374185908,138.111439267429,137.545903040496,137.532122054752,137.169508352819,136.135158731019
"47552",81.5617474884912,81.605878292585,82.2916791732734,82.0267124778145,82.1125741394504,83.0819992475761,83.4214399798003,83.6061217765692,84.7534506148461,85.0160314043843,85.6079346092213,89.0549825519347,92.4369106044607,94.5689549772441,96.8156279585879,97.5471932505343,98.8942116190671,99.6842449262707,99.5667334428001,99.167897668732,97.9087975791346,95.3767867230573,92.2815051882847,88.9648929729112,87.1988123759763,84.9538319607895,82.115276736953,80.0627712618982,78.5552462267425,77.7011754681269,76.27100658262,74.888948734203,74.0649199802793,73.3190164708367,73.0935656345231,72.3443396939825,72.0311698355663,71.9938509688985,72.2407672391735,72.0407197922782
"47592",96.8974041586108,96.8803815696521,97.8273775593533,97.8284950798493,98.2233047081443,99.8029321818726,100.342454734055,100.890586874029,102.61028007899,103.310599289096,104.552599325291,108.849409927508,113.316694379188,115.939840754022,118.86706636615,120.243327273461,122.238248067682,123.596152761851,124.168628606481,124.328394352466,125.125180537738,121.737579769016,118.339088159576,115.588810915355,115.157284162115,114.389073776378,113.192722808892,113.121595329746,112.884542190706,112.631393481201,110.742247804353,107.915623651894,105.064048189774,102.215729029502,100.162990007074,97.4562143075266,95.2818074263897,94.4777874891559,93.6998641761894,92.8194635968144
"47633",66.5634849167769,66.6255044812687,67.3049603129485,67.272311203846,67.7549179456912,68.465423057193,68.4671446989568,68.6323113197839,69.6118421780125,69.7411677582682,70.129383648294,70.6005947107446,71.3116075087413,71.3202666584738,71.8899717220046,72.0754240134767,72.2985481784701,72.8443669955914,72.8970635273214,72.8849101041831,72.4974120895779,72.3642018327903,73.1595085954264,76.0011123318036,81.6193830117777,86.6800597584713,89.8225613531853,90.5130982369964,88.0341895570371,84.1516098364039,80.4297895624453,77.4707845242727,75.5661416689517,73.4733638726213,71.8260621653333,69.8924422956864,68.430290537833,67.6929365645088,66.8411551587236,66.2900436721913
"47652",49.8759872726783,49.9028047819357,50.2811173797872,50.1062846402496,50.3832622120712,50.8968027208286,50.977435149476,51.1006319604862,51.9588463715701,52.2193042296413,52.662880447707,53.1732184346941,53.8112794156435,53.9987259774318,54.4552681732339,54.628739992697,55.0632266618545,55.5789878382501,55.7556187940619,55.8907648925332,55.9889498521816,56.1146600147605,56.1035898415323,56.2071274305878,56.9722351452038,57.307968119616,57.2775740745214,57.3389424952494,57.2432083297312,57.5871093138902,57.6413347769537,57.6540428751032,58.3040043958709,58.5257407004735,58.949228561649,58.8751591314369,59.0227030315257,59.5224650707662,59.4638153120638,59.8173983222527
"47713",38.505633170788,38.4782166230026,38.8170625015637,38.7806416591112,39.316296977549,40.1113636755777,41.0153928370049,42.1554374583291,44.2337709921819,45.9238617388618,48.0156409976425,50.3662979517352,52.6037805480433,54.6258762271666,56.8762191811236,58.7550314204292,60.9738233698914,63.4919455123482,65.3121810912682,67.1676835273422,69.3361083322878,71.4294137763091,72.8173645961008,74.3677019755554,76.5296736875767,78.0613820789586,78.9127119458628,79.8122270861779,80.5250919472896,82.8167027234309,84.9996754549503,86.9760434010298,90.094011241088,91.4945153083875,92.4059932704007,91.3951079123604,90.3610518731166,89.8852662585821,88.8991854202231,88.8639601639242
"47771",143.958851769041,144.17874380175,144.890305028091,143.687415707248,143.824874926345,145.289691216073,145.425433802535,145.496775462069,146.946360005334,146.843669937693,146.991772196075,147.657632047319,148.088510644389,148.313748902873,149.43360151895,149.764351652421,150.431338445063,151.058566053763,150.544757412825,149.079459097896,148.674698896433,147.739033851276,146.436962331885,145.859301391971,145.909158253229,145.410849336696,144.386098320225,143.583744968358,142.551965521799,142.610904450862,142.313622835798,141.715618378676,142.259505855745,142.016551003151,141.872171929195,140.714934344462,140.245860317225,140.135413163298,139.371085182992,139.391268090524
"47791",30.929382229715,30.6941751911658,30.9083086356299,31.1141443508622,31.9841150969799,33.4636091547906,34.6498166680522,35.959320844446,37.7086904802758,39.1344264202985,40.5975903264588,42.2176826385134,43.8723096124843,45.3007712632347,46.9602805760111,48.2589701695245,49.8784062166391,51.4233880413002,52.568602801768,52.9794632683728,54.4283423839849,54.9204972697732,55.1681411094615,55.8600006625473,57.4425184529292,59.5017664642459,62.0918871277438,64.8839206512251,66.7939628112696,67.8304291799294,66.5698789801501,63.3216746827334,61.3962850689063,59.8154889994059,59.0332399934674,58.1689763429125,57.8551357519935,58.5818200227542,59.5887082763471,60.8506141549523
"49252",11.8970726263393,11.7462679711856,11.8567641487565,11.9403751294537,12.261131728956,12.7269076454928,13.3241678298115,13.9624378322384,14.8726613079425,16.1503222217184,17.3444032266476,18.536447457512,19.6658345749081,20.6892984583809,21.8048982063029,22.6097587721677,23.5175918734931,24.7074040160201,26.006221946939,26.6963369265435,27.295794605813,28.092703725544,28.8459419789039,29.9481315212384,31.3550253776923,32.5545539396815,32.9542063092778,33.9934203224707,35.0177109870552,35.8870794664874,36.6253508698687,37.7179103775977,39.5020014410527,41.2143288196557,42.6288020995667,42.8587701158228,44.3089881423862,45.9494711658321,47.278927158086,48.2108617623807
"49311",223.19906372885,223.448672361367,224.400773181422,222.967083219041,220.11553945725,218.199397648719,210.277461034304,202.431420938625,196.711251062593,192.037008942184,186.987529206649,182.608619701171,178.31067301544,174.096756250115,170.827331844405,166.788765682515,163.870039575563,161.250651363479,158.987522668332,156.43402353335,153.651236675941,151.464653218649,149.44836255412,147.922851053253,147.109667392187,145.762178907484,143.602704488845,142.584944323296,141.622794163556,141.130724656839,140.205107831557,139.651747751816,140.285191555481,141.012839859742,141.425351557116,140.572603980107,140.374581698218,140.093683007652,139.265486409038,138.359930770376
"49331",8.33738459471043,8.19408834855898,8.2854405808849,8.49237773876124,8.81733197889099,9.36179943230164,10.1249181557235,11.0429640906771,12.3382816037602,13.8451795974796,15.4475803262095,16.9439862977656,18.2466737530672,19.3817167869954,20.6251954372232,21.4985352913174,22.4901490813724,23.4696222310491,24.469770744027,25.2272346611794,25.7347872890137,27.274069021749,28.1265084682126,28.5311675880793,29.0944708490173,29.28882801093,29.138549741731,29.7329255846012,30.3449176506919,31.3844376827676,32.0033289182878,32.9436039719388,34.5149117172223,35.8713429383077,36.8801551682642,37.2244315540682,38.115489078539,39.0832532631617,39.6073792269977,39.9949016035475
"49352",86.8577463417363,86.873517037651,87.1244550211537,86.9655257504287,86.5558647701651,86.7559129977492,86.6627936917123,86.0122202006508,86.6226313334704,87.1834249973637,87.5021535481478,90.0006651592149,91.6213212380341,92.6088121888929,93.6630917183686,93.6560708551038,93.7692406231369,93.9976897864901,93.9977259776053,93.3591895074352,92.8265546133504,89.6502733387104,86.5101070778113,84.1267947445658,82.7184483528398,80.7778609658438,78.4169785272595,77.035584709523,75.7326594899054,75.2274316921671,74.303688699103,73.9029558614126,74.1858898586834,74.2675236626899,73.9849060844078,73.299963215062,73.0926276417757,73.0571677467635,72.7448992390459,72.3449779104427
"49373",70.4340225466871,70.4133926137418,70.6690181789567,70.6926571055408,70.5731140876457,70.943532221365,71.1703664275632,70.8144962010316,71.4881811127964,71.9089712219355,72.2202789883572,72.5490400394226,72.4426009404312,72.356802741649,72.4671078473293,72.0445961861033,71.9484553110629,72.0825870355868,72.2301808380385,72.0498793310274,71.3632486412711,71.162716646204,70.5830989192918,70.3760488525163,70.9094259919,70.6093837562219,69.5625150115515,69.251986321111,68.7114163322518,68.8416279158061,68.231563940705,68.1062503585629,68.6378842015515,68.9563894721447,68.8322308847674,68.3262297915224,68.2672771602481,68.3469545679076,68.0486190716628,67.6590474304282
"49394",51.3402333500372,51.1947237945986,51.4050064256352,51.6064033801955,51.9090915201819,52.5767763378369,53.9491530622402,54.6671142673107,56.0487044014564,56.9712291043932,57.706100179957,57.4832314526694,56.8631395851906,56.6139682324898,56.5970964045378,56.3299238943269,56.2788286453231,56.5519111920975,56.935518795891,57.1338679649658,56.7075732252944,58.9591932724408,60.4338281916328,61.8461746932967,63.7120252659557,63.9987059145991,62.6007320184087,61.0550750629036,58.9033263854107,57.7027762954643,56.1290114141913,55.1523224632544,54.7080894390362,54.6154504588222,54.188648778708,53.1389077823345,52.3123680535967,51.7998182565744,51.2278840916829,50.5971287069807
"49431",19.8722995342576,19.587831917809,19.8032308620172,20.2434042158882,21.0529756931885,22.3865384502351,23.7594150335493,25.1543379428009,27.1799436056451,29.1141208621025,31.1951149304773,33.3659838213038,35.1143609646571,36.8966086982145,38.8593512103533,40.5768597678918,42.2937888162071,44.3342578230353,46.4510685767707,48.3114870011378,48.7019873319146,51.151469496122,52.6956491491318,53.9484214001218,55.9624265885305,56.5327911795547,56.1475583858596,56.6328003305848,56.8626867224605,57.7629915437593,57.5117817763225,57.609322310772,58.4671210185674,59.3340236519917,59.512594210001,59.2281428192091,59.5206106743271,60.4311829418448,60.7756342827802,60.8877183766403
"49453",13.9712435651433,13.965659789296,14.1001607375632,14.0627779682422,14.0382521255434,14.1227690585292,14.478284837095,15.0861128642159,16.2895505261291,17.6954618052527,19.3569527187541,21.5094999141685,23.9396545273971,26.6758215039299,29.8479810521738,33.1505228135043,36.8816768549452,41.2366985587567,45.8766648930946,50.6037511697745,54.0428764399357,58.5957997015087,62.8272499296243,66.8096514940163,74.930657205743,83.6460380524356,91.5311130911656,99.6581400609878,104.040607354208,106.102101471696,102.835969736483,97.80824656178,92.8983629363707,89.0597014436377,85.0942812781721,81.2785458624994,78.0999038093544,76.3077368627432,74.5769489356918,72.7128127218467
"49511",66.7360462529792,66.7616117669137,67.3598561222566,67.1745520464303,67.1939659275179,67.7831647898644,68.151458647474,68.3512722669155,69.4529563503366,69.9299524187307,70.3271964724696,71.3030898667251,72.1029850836048,72.6713749029904,73.5356572968811,73.7417891487435,74.0015405240329,74.3349008636991,74.3108007583664,73.9492067789643,74.4623506485204,73.5401186640086,72.6525657558561,71.8886264318498,72.8558595318499,73.9845260322651,75.075659647548,77.1114025218424,78.2822267283323,79.1022407591566,78.1960974101104,76.4739200373932,74.3096622633676,71.7129541911318,69.3373523370613,66.8498428741324,64.8546767693525,63.3390234778413,61.819198727554,60.2331314268372
"49551",117.108427292624,117.128606487424,118.060013588307,117.574957930709,117.714833013655,118.820008327276,119.172101413511,119.235979723137,120.660402137611,120.838917336625,121.226400163602,123.068909761251,125.332993891031,126.300304859018,127.838713675111,127.947682853712,129.053449944043,129.455701183992,129.222805230059,128.765840077304,128.36506664816,127.891505574904,126.465377038017,124.773774414361,123.906487667555,121.597526030623,118.240308494284,116.099323836679,113.991779104948,112.509319381318,111.018122794435,110.154097218852,109.795152205381,109.037787884551,108.842847567352,107.529770736042,106.873886444935,106.75500185713,106.303294834813,105.267376764844
"49672",29.9031964598611,29.7375701448469,30.0514529291187,30.178769793737,30.7786904279596,31.7426684029472,32.40236722392,33.0308934981431,34.1858248497247,34.9041867309748,35.6597878610223,36.5019537024275,37.3621512053531,37.9962158226095,38.7757605022458,39.2887623362776,40.0926227576285,40.905576562429,41.3652923564666,41.8625849482803,42.3237603084515,43.6915574628739,44.356020414366,44.6566133763235,44.9402076567217,44.9225880073329,44.6730464822455,44.6777442730679,44.6954395245636,45.2356611804846,45.4917483086726,45.7213646371767,46.5777917134864,46.9641275888096,47.5249378881688,47.5217894115144,47.801225126877,48.4130500391886,48.5658140465961,49.0630129355274
"49751",55.9079277745603,56.020233876583,56.3258359740495,55.9021995241472,56.0537660629981,56.6836654813617,56.9125445742342,57.0148393759033,57.7828356956345,57.9404342633497,58.19728957037,60.3593037492687,62.0139165788999,63.2050850426051,64.5944550290627,65.3074171817021,65.9458163042569,66.5062321236152,66.2954833663452,65.4333890993972,65.2202368868195,62.8313829004959,60.5912369529921,58.858857659469,57.8113928080276,56.519867313749,55.0425019201174,53.8580597062741,52.948052451519,52.8423791953415,52.9599460498955,53.2258404817786,54.0038967404906,54.5074923539478,55.0803582264587,55.5508938870888,56.0159783470257,56.2862692926055,56.0485897399885,56.1462539312427
"49771",6.96800965925141,6.90890846029524,6.96623637035798,7.02848499112134,7.23148434611197,7.58078577598644,7.93149133913535,8.32744378540177,8.89064120940408,9.39650906202433,9.95946168258667,10.8274101106775,11.8924008024145,13.1676206365889,14.8438529471335,16.5639696226553,18.4919803761799,20.5391483501537,22.4761688509062,24.2564991948381,26.4860138199737,28.370135115792,29.9730702957047,31.7212012525491,33.6407280175862,35.2245561719841,36.5149418065768,37.7879488516235,38.8528361051073,40.4356399547791,41.6833395676355,42.8262318540758,44.65134400008,45.8975769546042,46.7538365178872,46.8979051809895,47.4411674788209,48.3226825383333,48.8481333843837,49.7599903804641
"49791",89.990048652706,90.0827137334453,90.4027548114426,89.6514654019551,89.7917185387952,90.815526870491,91.120412008795,91.5874320708082,93.0328305781837,93.6690728526224,94.3821345088746,95.4250370850651,96.5463188211723,97.4947391946988,99.1072173648634,100.220932299199,101.714851205242,102.906405447465,103.432395234321,102.958073307589,104.426419897609,110.557415297122,114.562511129187,117.658667549667,119.814914823217,119.764912049607,117.719343179986,113.978075025233,108.937151086279,105.521803602883,102.465035780245,99.8498992906289,98.2470474567398,96.4671185134679,94.7823531271601,92.7181787725682,91.2619597893592,90.1946293762733,88.9650946707213,88.1808346109786
"49811",291.356315612894,292.456606356826,293.369746427251,290.22382289893,288.980336869789,289.580725691073,281.022493828874,273.571455010747,268.780616551135,262.810163423376,257.126360865698,254.982442318824,252.936527285223,250.353404038979,248.174211403062,245.245500900197,243.166891834721,240.537531349235,237.26276029494,232.473137820479,228.589818081545,222.306673530431,216.3142921955,211.414455696619,207.528068902333,203.664987263372,199.972707750675,196.60912778793,193.391778227311,191.149634197045,188.906341310482,186.784764467081,185.46333918557,183.930845223366,182.363274960031,180.373304955411,178.897943782897,177.715396390522,176.233058691823,175.164068684702
"51291",83.8701869697903,83.5762155087313,84.1021465551223,83.9825842146939,83.879035663509,84.2754827815401,84.6427364657748,84.4524294966736,84.9958763675949,86.0262801843059,86.2825955540136,87.877149999244,88.94343249339,89.7218286218622,90.7583271188228,90.4407311498806,90.6714232797473,91.3036647689603,92.0199303223512,91.4950640581809,91.8631280499536,90.1773071722386,88.5384266770576,87.4901338550781,87.5148643255142,87.1657074090752,85.4182048974456,84.3362269287162,83.319757817302,82.7221333057215,81.8369331846917,81.379546381895,83.4979090356192,86.8454991322574,90.8857658211154,93.8708758400305,97.674696313504,100.848088331348,102.206459204191,103.258414550311
"51331",72.5820894805128,72.5564007545527,72.774337657026,72.9057655099218,72.997656705425,73.8250131281814,74.2043604020515,74.2932960942136,75.2455033023741,76.2918182183415,77.0374149073254,81.1460555782116,83.98304751966,86.1035630034892,88.197403553103,88.6990433813962,89.4159036012838,90.0951108402953,90.7048541743896,90.3745466469296,89.792905837109,85.6111201542621,81.9044750817067,79.0254687394008,77.1013975550107,74.9088912154784,72.3834839498716,70.8536095786766,69.380632195563,68.4521458138705,67.2624882972737,66.5144662729449,66.7562978751023,66.9193874670379,67.0825825896461,66.782673126613,67.0574302381235,67.5101501495123,68.0414996059536,68.368138047528
"51432",12.4298033976854,12.2649520353746,12.4103095485885,12.73149708772,13.2405154890944,14.0776617862768,15.0812449774527,16.2198919438698,17.9142736834703,19.7039488853272,21.6802421587701,23.613924488001,25.159028275201,26.6576747349553,28.2360833401634,29.4642524630707,30.7101924433815,32.1853513399084,33.5669313608955,34.6622868742072,35.1329821598376,36.2086331000913,36.8687379483674,37.3272851685797,38.5759217985553,39.0919547449461,38.9590777991146,39.4797740187498,39.7989492432014,40.7147940396806,40.9126848242355,41.5671537040547,42.6197190002244,43.6104219973544,44.085908579168,44.0477471996828,44.3614159368268,45.0285905334108,45.2230026838264,45.2277574884146
"51471",67.2440354774848,67.3006429854633,67.9608126589451,68.1679510159628,68.1489054095803,68.6741403730341,68.83164918343,68.836251289093,69.8797185250495,70.5247130935749,70.8942719377755,71.8677068886751,72.3762731255852,72.7243489620201,73.2372081289235,73.1307301170317,73.1352512608372,73.4119029490779,73.6078178286128,73.3906949157748,72.7602784856851,71.96253093139,71.0216205908284,70.0797069683765,70.0713252030251,69.3707657660913,68.1460876424666,67.5849610778893,66.8145846769787,66.6951515828365,66.0612164016833,65.8456924702622,66.0399327766969,66.206503354116,65.9739355912708,65.3218045699084,64.8959874805604,64.7540312736572,64.2631942576076,63.6493566591614
"51493",39.8549346204357,39.8094325832585,40.1851622259592,40.2592109190294,40.3389860910123,40.8481939009112,41.1746643615921,41.3545046672429,42.1144820790955,42.5483814116755,42.7877596500193,43.3213566319179,43.8267381639403,44.4734745204025,45.3816931428724,46.0524689407227,46.9449408058944,48.1036388512043,49.2417987129946,50.1894267278313,51.0502314637371,52.1340705105067,52.859793904009,53.5118352474913,54.9604241090284,55.5660838965999,55.4218919201514,56.1807780095281,56.6454253921251,57.5814302552039,57.5833951257739,58.0032228256285,58.9191759186354,59.6911717425013,60.2631486990864,61.0852228119312,62.9769546474863,65.5664986557786,67.4322714245323,68.8149133688426
"51592",65.5143044367737,65.1977080692224,65.9583915873601,66.0300859488539,66.3373789733168,67.2664583503792,67.7680520095729,68.1540389597044,69.5258200580155,70.085587194946,70.9840127753565,71.8111428962965,72.9161265968069,73.6503282959475,74.5512123674112,75.1036445974236,76.3615126230256,77.1436227269359,77.6681606562093,78.1723210801908,78.2912714269525,78.9389292715634,79.1635861558866,81.7085914292613,87.6038972850345,93.2704292137025,96.3213573542503,97.539471567225,95.5367412344822,91.9188716073547,87.3938972183676,84.0073136229604,81.520239150998,78.9445947658352,76.9539933498492,74.2296931749065,72.2404769493239,71.0920200750777,69.9360099638322,68.6671162052531
"51631",39.9464214208981,39.8112997199321,40.1228156567343,40.1358854971451,40.3285399742931,41.0305181573441,41.244046594676,41.5109228976412,42.31033114544,42.7011541173765,43.2333809060803,43.8419997317966,44.6149120278933,45.1736216848224,45.934942666804,46.3905019729772,47.2847560206256,48.4408169878833,49.2000847660148,50.0207696897937,50.6257357556548,51.1631664451282,51.3265728285749,51.9797571776194,53.4150067534799,54.1874693339175,54.5110376813158,54.9160310932377,55.1924782862844,56.1028632868639,56.7013061733961,57.2509688664587,58.1771226493816,58.4129729457648,58.7328760009059,58.2337906932947,58.1241841418405,58.3614221442774,58.0769391041167,58.0551012525725
"51651",56.3525205641199,56.1592395696657,56.5855258929269,56.5524464318452,56.7491763079779,57.6052275986105,57.8406652445393,58.1720068748036,59.170229204529,59.6476790440328,60.1026591136491,63.3396711285057,66.0826888795114,68.0919226972261,69.7892955808942,70.7950255678465,71.9949219746743,73.0784539642862,73.1692712741113,73.2333856400402,71.9561839740915,68.9213369968283,66.0710256508866,63.9024344012773,62.5414992049298,60.9584669346425,59.1753639091796,57.5843203851526,56.0775495780733,54.8945834900534,53.6094453723141,52.4463696966503,51.8743754562787,51.214463294226,50.8701772128227,50.3287899314288,50.1537284646598,50.2792569674065,50.305769187948,50.4960958965112
"51712",92.7524646603928,92.8600080695419,93.6971416413141,93.2299477460538,93.5342548660651,94.4967033345422,95.0438060324277,95.5227304467099,97.1652740127178,97.6196155975276,98.1861822041571,100.00349887324,101.425764962135,102.250762963411,103.281260136188,103.296954258001,103.765058476865,104.586741523523,104.369199524224,103.746872008877,101.676536466095,99.7405493487413,97.761240295905,96.6280158996491,96.3413952583286,95.5817812828674,94.6074770055263,93.960477237872,93.4759873764442,93.6034679602513,92.54000943794,91.664372243718,91.8331765823246,91.556948661331,92.6856694112387,95.4617297061052,100.681969649704,107.182706330815,112.730220732952,118.406555673353
"51771",109.383218293661,109.497970058366,110.035331660904,109.693105762374,110.432010293317,112.521612941652,116.422257638104,119.361627260696,123.203329903741,125.193644382978,126.770358683714,127.171903716472,126.817425971597,126.325376341915,126.790304802153,126.727223719058,126.539003514035,126.093612130634,124.975949340802,122.927835771485,121.980002430938,121.353983630479,119.913899279941,118.492293734562,116.96570603636,114.593220914125,111.725415055446,108.63100320831,105.4598888918,103.361110587417,101.155382717803,99.1032649104987,97.7902300673116,96.3307541370956,95.0006721731981,93.3344754123019,92.1175998715715,91.2795860424932,90.1939347538673,89.4713485124976
"51791",37.5573088047482,37.5600689068203,37.7310260553599,37.5588421780272,37.7655570483856,38.4294696205262,38.8608844097073,39.3422113887878,40.3572689916794,41.0395227137087,41.7532813684539,42.5893910548214,43.3197680344699,44.0199254456696,45.0781073646339,45.9306484702858,46.8950062769172,47.6938868581052,48.215256166117,48.257817357514,49.6628906937737,50.5447969921909,50.7462391721712,50.6207885685233,50.6597465232054,50.6654951522718,50.6920643554768,50.7218781337058,50.6636633762703,51.1007557215384,51.290673960464,51.4456069391913,52.085284182746,52.5322827280857,52.9778835312827,52.9999935814904,53.2298266414285,53.9506351621512,54.3691143229839,55.0498209466146
"53311",33.4263076626547,33.4196451109482,33.5810718510327,33.5007593007485,33.4031186087214,33.5386920989479,33.8773143645105,34.2388225020986,35.2112313609864,36.5217606567653,37.75284159,39.1473420433924,40.3643888873097,41.5268737579531,42.953691907412,43.7532645214597,44.9424610283277,46.4488707428982,48.1376993921309,49.1892599045457,50.0336931327559,51.5096799809049,52.3469074704461,52.9868041595492,54.1727843094162,54.956677266204,54.9117931097006,55.7210628483743,56.3131017728765,57.2022976617632,57.636442722761,58.1245004219483,59.6383140429311,60.6487826092977,61.3152748807086,61.3567964854203,62.9447128098002,65.0725965306166,66.499443288683,67.6234425868476
"53431",3.06365992575226,3.06621615220825,3.08643943468471,3.09141671320412,3.08700051724787,3.11194212886512,3.11929861274701,3.11100840916045,3.14708367371257,3.16708443916077,3.17881069492181,3.43366318374945,3.8961015714338,4.58252338570191,5.51598851665348,6.59076366221966,7.89284729030476,9.44321276370591,11.1368746127942,12.923264435378,14.7474601829803,16.7364782290127,18.6046568668164,20.4378911123831,22.6595845199082,24.2693366176514,25.3346488079447,26.6975319232592,27.6110623268351,28.8600987119836,29.4934180289225,30.4895390499706,31.8344770566948,33.0936217190559,33.8137799739173,33.9148074889059,34.3837155789873,35.1598321984553,35.5896663051966,35.833618153432
"53471",106.792853064337,107.181854373582,107.948227137012,108.011818503054,107.198690440927,107.291436089555,105.209893590507,103.249844741065,102.954966178815,102.31289845059,101.475898971549,101.101276414283,100.270155908606,99.5501651661515,99.0693602544303,97.9683354878677,97.0237990829688,96.4423514517675,95.911939658662,95.0222564903895,94.5078189780324,93.2675561103907,91.976455339237,90.8221120871971,90.6541838498959,89.7503430579283,88.2584070580918,87.4860187550802,86.5566672103458,86.3889129371189,85.7134613924469,85.5103954961197,86.2470724017082,87.5603592909017,88.8269567267975,89.6083555382137,90.5878468414349,91.5326557754316,91.5592745096449,91.4351289152426
"53512",131.228907326558,131.55888211997,132.567054473379,132.325518622286,131.364198612234,131.271447946851,132.67468213905,133.176825158228,134.721390963862,134.776134592048,134.12579660365,129.372039918862,124.914880129432,121.300620265543,118.459161074836,115.475898807634,113.167234279529,111.503886721691,110.049046355601,108.525092186264,107.288415691962,106.989508315788,106.061141747274,104.713664850624,104.359449814849,103.603908605458,102.486868960521,102.332903056729,102.033640072578,102.719848409657,102.745278265201,103.314793838189,104.299444660003,105.021072248629,105.757777356802,105.892844758727,106.569767601008,107.506053672941,108.026722157007,108.175225251466
"53531",90.6633496675418,90.6936562394002,91.4211479073921,91.2488063470885,91.2277617997395,91.6554592555298,93.0034569098368,93.9992574787991,96.0499907020377,96.9775370361467,97.6232790943795,96.8904133677202,96.1405877769647,95.2737057343674,95.0099621862008,94.1050045350246,93.5663181052717,93.3645538462564,92.6668493381166,91.421059358203,90.4482155253641,89.0936809235155,87.6619602015415,86.8297419136147,86.9907111970652,86.6552494700744,85.6638955893062,85.3980391673696,85.0202984986141,85.4246583183113,84.8527017053102,84.761063596258,85.2199317950634,85.4588869740756,85.8835288918308,86.4616074219135,89.0665374118642,92.791149932627,95.8952690134802,98.134150031811
"53571",21.9674076531117,21.9746956816476,22.172408847853,22.1097121987653,22.1031973918744,22.1776303028215,22.1836941474472,22.2465882265565,22.6827400848993,22.9199511655489,23.251534738009,23.7872131742054,24.5727102162565,25.3500725747442,26.4374523899882,27.3470821819698,28.5312208179019,29.9244346940722,31.0607227751566,31.880038101466,32.6957519797226,33.9157319979672,34.5279127981071,35.1089434611793,36.1915378078976,36.9368778200637,37.1389517990618,37.7392000986336,38.1597627917891,38.9018073837415,39.3599219892788,40.1294105585371,41.0643162362459,41.6116958863864,42.4550861733495,42.4232434385429,42.8424502214918,43.6653625246473,44.1226232573812,44.2011268374347
"53631",10.0095730856986,9.85293560752747,9.98167273633432,10.1975315817884,10.5701072236003,11.2099627345651,11.9775623653912,12.9913909408626,14.4072358546016,15.848859887138,17.505032870518,19.2424144267929,21.1273110060837,22.905691002888,24.8260526656007,26.5453269525061,28.6571844021787,30.9966759556329,32.9456622993095,35.0456753047105,37.221852588603,39.2585142647713,40.7159097736888,42.8356807093707,46.601526052642,49.8015217058752,51.9760315727678,53.3038178817348,53.1932895014108,53.106595105162,52.8706762167523,53.0836929071768,54.2236701713213,55.0556307606606,56.2774866811433,56.40798075068,57.0542238813556,58.0649920767315,58.4297259130297,58.9737417342297
"53671",85.783520144877,85.6656507139576,86.3380473727841,86.2563292990764,86.4629859925964,87.5650520857403,87.6977995038199,87.7959791187083,88.9039654693711,89.3324752501147,89.7525675876002,93.9910357390789,97.6438023761783,100.261391066093,102.521090171977,103.730894901217,105.400840582936,107.042583056697,107.19338458464,107.301894211302,108.18332513597,103.555584621186,99.2137919642215,96.003948844752,94.1868355428497,91.8160317165884,89.3008828782893,87.0333976341897,84.8637253275774,83.3933692562931,81.6656522940162,80.1324107584528,79.4167625234211,78.6013777272372,78.2423819574018,77.3494008285492,76.9044251069574,76.6901927722944,76.2501064368764,76.078587366205
"53711",29.411323214462,29.3167954515844,29.5998656053452,29.6120026902299,29.9772598172393,30.7047829747433,31.2824617994665,31.8938354245048,33.1266461006173,34.1366264639129,35.2628941851157,36.4924331821113,37.7027690536203,38.798683760576,40.0922986687892,41.0476910785154,42.4208425621619,44.0468309600407,45.1966371513132,46.1825849922232,47.4275674239305,48.3637015393552,49.012119033402,49.9869315899159,51.5442791934614,52.4926440815641,52.9193822093954,53.1800695441934,53.2088018309279,53.9635158238523,54.2487004534767,54.5338103656896,55.4676170754426,55.9708352791358,56.7248888186628,56.7095118295583,57.0005710789988,57.515407409052,57.7206138997206,58.3283549678848
"53751",50.9751686451217,50.9706874923883,51.3292687107841,51.3236961264065,51.9447420750785,53.2307982153104,54.3617073912661,55.4256351245934,57.3960458074241,58.8726199023053,60.5177088464096,63.245752001548,65.2266274717523,66.7262227639834,68.1559016477283,69.2261180012734,70.2232260483897,71.2426560438783,71.7687923835123,71.4982372508116,71.6698700585914,70.4750677961931,69.2322176393667,68.6362349560505,68.6472321288815,68.5339399734474,68.3688047482076,68.2970697601005,68.1850497413588,68.9520496565252,69.333095588861,69.8301516723768,71.6480547149817,73.4331991052228,75.15457943616,75.6946723221368,75.859139045359,75.856972904213,75.104339758142,74.9020250574138
"55311",86.9735587996431,87.1136704771638,87.726108936364,87.5875893851338,87.4798734039945,88.2836274336386,88.6901834723636,88.3679595268226,89.3225651846454,90.7134505420002,90.994823491083,94.187342147061,96.7019444054669,98.269705273036,99.8465038241014,99.7107727545122,99.9082797083696,100.60611775516,101.198538502664,100.520277246248,98.7938107253647,95.389408010944,92.4410048063617,90.2197990604115,88.6896448475521,87.075114907885,84.771354834323,83.3523076857945,81.9116895473389,80.9428363931897,79.7665776879789,78.9455115804641,79.0788537234284,78.7600464073844,78.334843567758,77.1278146586216,76.7827337042227,76.7100910740952,76.265702417884,75.7595020998088
"55353",43.1163400057717,43.1073048940089,43.1687048193888,43.469378879945,43.4180945837479,44.0320797125386,44.422563143729,44.4706792880416,45.0666246077875,45.6506159397027,45.7428586550122,45.9522611995827,45.8624253961877,45.8478864614384,45.9280398519976,45.4830627592475,45.526871568116,45.8001534364951,45.9165135470879,45.7631193603777,45.7098935709694,45.663243083272,45.7409284819913,46.0608154397672,46.7856414986093,46.9940719981186,46.7645307342604,47.1996386162628,47.4435020681472,47.7983434902706,47.6374640732914,47.5945764592093,48.3272841144736,48.6372491250065,48.858154313581,49.1971156019826,50.3172364688678,51.8993980923522,53.0284556442675,53.9750917747102
"55392",25.9110100337178,25.6949247563574,25.8303940968549,26.196566896137,26.5583746947491,27.4887163601739,28.2574228512954,28.8969747539193,30.0135653551739,31.000829094811,31.8692659628649,32.9793099068401,33.8265534621511,34.6510697024652,35.7966015440238,36.5341384605519,37.6824803078192,39.0991018394313,40.2253983743438,41.1976313481738,42.1815515076361,43.2483229366501,44.0610312257399,44.9328376696212,46.3687129573552,46.7913920698731,46.4481638591937,46.7302459535766,46.9221546385795,47.5924879613775,47.7155138211249,48.2113696789405,49.5254145837818,50.4800678163848,50.8253114247545,50.643153849289,50.8630652168911,51.4788194711164,51.8553893372521,52.0624469166701
"55411",191.433604429283,191.488096434179,192.249595911573,192.501114497018,191.405984713743,192.815861639446,194.407791532011,194.887362697922,197.604546647544,199.172942896613,199.722961573238,202.994648154024,204.511953390908,205.022617053656,206.557566940232,206.13314005914,206.542704723998,207.726990705251,207.338640784788,206.222509077578,206.038867110327,201.12526072609,195.332809015766,189.392169041755,186.183527868056,181.758527871653,176.68521070386,173.6376066829,170.779748855892,169.31931130797,166.933679709127,165.479688270635,165.31643296343,164.783444662581,163.762216166816,162.026450689284,161.124167682407,160.853972761175,160.039997718427,159.037720335217
"55592",91.8551210556373,91.7022632652866,92.7732543829057,92.2913575682561,92.0671951667912,92.7683291521475,92.6448034977433,92.5613642254541,93.5655854316175,93.6444391782591,94.0185276644899,94.8643288372701,95.5604426871695,96.0154965098307,96.5883418263176,96.3654791584225,97.0655027608686,97.8734583068228,97.8641802080563,97.5506260988194,97.1499134103337,96.1504979229558,94.6559202110577,94.2554689632866,94.8922888036,94.7599321683594,93.6807333939485,93.2620030885007,92.575763154355,92.5657898635229,92.0577503277128,92.1067716099858,92.8767299349247,93.2247421124833,93.8369473341754,92.7926657379604,92.3882451514076,92.5368596858416,92.124651427047,91.6018966025843
"55711",249.038573174601,249.510637755477,250.841737081571,248.167363640109,246.298929765473,245.776272103903,237.646276454153,230.004246702834,225.495114414318,220.257060483392,215.417071071636,212.593102111691,209.593471728207,206.224564991386,203.395943905001,199.596034708547,196.834783193722,194.316520987147,191.082319520206,187.465506117479,183.702565365477,178.754139171815,174.202532364492,170.687949214101,168.310738649831,165.635600333599,162.690585501397,160.09682828933,157.734374805578,156.289858600903,154.111240143706,152.022458019742,150.814846988739,149.656268494022,149.010524165625,147.949462692453,147.24011402233,146.674718418382,146.061281795225,145.738025542868
"57353",48.8685511538847,48.8940888890747,49.0584777665482,49.172999597004,48.8592762342312,49.4587386793431,49.5456421728824,49.3099678999474,49.9528543984845,50.5293599559351,50.5768924996718,51.0161556912069,51.197994128642,51.3107969975369,51.6262576467304,51.4016528167087,51.7838915711691,52.4575331765889,53.0546995124039,53.1772424647969,53.2059668564403,53.26885288302,53.2312708540542,53.4219628972964,54.1427183857022,54.3073333399735,53.7031526073103,53.7128949947156,53.6682086362958,53.9805119684014,53.9849716132398,54.3724329365114,56.2815234594925,58.3030867600841,60.4069509993813,61.860242217871,63.4456671211643,64.9089844332552,65.4799041435129,66.0386425409265
"57371",97.2228632821711,97.1854268274566,97.5038636135222,97.8973693582728,97.2153763401006,98.407678157232,98.457988551563,98.0639494594862,99.2996974666966,100.27777962607,100.350112115987,103.190208227202,104.726776683895,105.606634114208,106.691586387954,106.107297935772,106.498568524979,107.247628999852,107.345166907079,106.258746291373,104.472287011241,101.278261393436,98.3024051828267,95.9910414174794,94.6886397893813,92.7962600515254,90.4216521288211,88.9492726711379,87.4157792911704,86.2489783531548,84.6916159292188,83.3993017176713,83.0248057358534,82.3418406987034,81.6248997026098,80.7444693620069,80.3284675603626,80.3367471144914,80.1003643340948,79.849799493026
"57412",102.789201771771,102.754570384744,103.060464194286,103.222835449121,102.483262940528,103.12672406948,102.970332120342,102.657375855127,103.716944155987,104.460867575354,104.479219875074,106.304914381975,107.196988892678,107.579579444362,108.478098214008,108.180060848303,108.44363389912,109.267191927589,109.257740695597,108.573893779266,106.812015485128,105.572709832814,103.766577593295,101.917638738517,101.198221961136,99.6731109882333,97.5072191408103,96.4112234752666,96.1074359759917,97.3099892479997,98.6328133561078,100.46689629468,102.681169964908,103.239930009441,101.972288650485,98.5134985626532,95.1769314685144,92.6686223293623,90.2441602462463,88.0241527865911
"57452",335.624293365065,337.098313284201,338.797148454511,338.092514934272,334.827322018509,334.548349037385,330.026026022513,324.099508097553,321.338575183368,317.736996296113,312.177299624147,303.057736132772,295.037251001121,287.300477698117,281.099374284741,274.759393948681,269.651623219038,266.078691511089,263.147477526446,260.024512231484,256.792551375365,253.87538363407,250.78840336663,248.122139774336,247.350889893019,245.133187935662,242.095013833653,240.297553806184,237.689329306643,236.471048789096,234.023155273221,232.563796152139,232.534127391228,232.316662850091,231.643223768671,229.712574025928,228.975324830963,228.676588264707,227.696512665153,226.70338007138
"57471",15.1984493813283,15.1633172000412,15.3206938067988,15.4855701965786,15.6875686051969,16.2163785546377,16.6356472905645,17.0214997101555,17.6620660737263,18.3307198573966,18.8997268805003,19.7368485181815,20.6712622574889,21.6608603124863,22.8112069022945,23.8950518100276,25.1174510574498,26.5581399472662,28.1684902437103,29.5167981491689,30.7750194053515,32.0348869151784,33.1516313355141,34.3670325663518,36.1227276727078,37.2132518336673,37.8913075247356,38.9442590143838,39.4917364538577,40.5591248835166,40.866976094335,41.5799783327854,42.8467042067079,43.936983317141,44.7025270933455,44.7253346365973,45.271533591013,45.9666520615952,46.3084178412271,46.5984418565848
"57491",21.5303165909263,21.5048169142887,21.7042124919424,21.7792749810137,21.834036526138,22.2420839399477,22.4413617107502,22.6401031605999,23.0552873756321,23.4176846422847,23.6770435268157,24.2600311273819,24.943662905051,25.7760397803604,26.7718484931178,27.6591717788047,28.7847168440578,30.0618122990711,31.559884244464,32.8793544397476,33.9345263240114,36.2960163616052,37.9106509826686,39.0394801040181,40.1629736025607,40.1327121112488,39.6293733194922,39.6549636016913,39.4116929376437,39.9152633905239,40.3987920719078,41.7977878649312,43.7830998611017,45.2358532982875,45.6930014019308,44.4424657322436,42.7382309658623,40.8902386813244,39.2349443869616,37.6883525633571
"57551",36.3710447060878,36.2434740767948,36.7296245687013,36.8146964497666,37.1774970174658,38.043581849965,38.5308057299012,39.0187562517644,39.8472072640154,40.5468831946732,41.1714616279515,41.7972053784397,42.3001552323989,42.7573978471709,43.3669304630559,43.3743682528571,43.7866135277186,44.3320701800606,44.5105788550751,44.3649367020782,45.9297877664143,45.4479024473049,44.7308474056298,44.5768800549408,45.0526963112235,45.2871912485195,45.0655195246631,45.335476731966,45.2830021300868,45.935263289889,46.1662959561122,46.5250483511912,47.1726645301459,47.5753272525463,48.2431066151763,48.0283838141345,48.4136490053309,49.0060186192826,49.443205889104,49.6677618029204
"57571",88.8798182448108,88.8678000276524,89.9508585105878,89.4416512689479,89.3547737528652,90.0400186579803,90.0948820415773,90.2783230807313,91.3446550413718,92.1582109131389,92.9784360683814,95.9673955415965,98.3032027046727,100.114549467594,101.812578230624,101.997964861896,102.940556189059,103.921544068027,103.897792221363,103.081312640521,102.156198414981,99.4520097951793,96.5011087751802,94.8497330057973,94.4487160317016,93.6536908142055,91.99786353702,91.0194214751851,89.2762222814626,87.8529726123846,85.5531504196519,84.1735376226669,83.5509462460511,82.7522474390285,82.4125540607721,81.0824610830848,80.5071121930154,80.4885582587085,80.3055981034287,79.9688059075494
"57611",3.93581530371868,3.93486070180402,3.98380950360484,3.96899933025581,3.95532240653917,3.98028555234164,3.97080155572892,3.96691379514721,4.00184630433479,4.00312761372062,4.01312929938535,4.2643169396299,4.74790546193487,5.45632567522702,6.3996533805131,7.49578613215556,8.9472179737801,10.6444766547571,12.4362676587909,14.3262330969493,16.1599076089568,18.4830518867849,19.7743196123128,21.2146153281192,23.1612944891507,24.946717384753,26.5186452121771,28.5929823956052,30.5431163720895,32.7270322923141,34.3673169987318,36.3481880901801,38.7845537897904,40.9242265993664,43.2307658239213,44.1195790175834,45.6130357704326,47.5035552163567,48.7343345564787,49.838238262764
"57631",9.86870534619493,9.81745254817808,9.9329085597782,9.95380607863754,10.049219987948,10.2887069420306,10.7285378039894,11.4429846759384,12.6087925671228,13.9516821084367,15.6084752025519,17.3761499800367,19.2163863317549,21.0883927306839,23.0057663565651,24.8041544708711,27.1207238825744,29.4378472183835,31.6391800658056,33.7269823839379,35.8181273123452,37.8136526556404,39.757487541599,42.6258052006921,46.3248874630625,49.311457968399,51.33763897712,54.0637638330756,56.5609122617156,59.3726492350813,61.8893191953358,64.7221488633722,67.8366962434536,69.7872923022348,71.49286490777,71.1983563380269,71.8872191758017,73.2762945344479,73.8786675210171,74.4814529736374
"57651",74.4324199493906,74.3680991992519,75.0619854911432,74.800864803001,74.633939623194,75.3446397043077,75.4018028614106,75.3514449129119,76.3291997252045,76.8030827798523,77.4101135065886,78.8252429482901,80.1715532072136,80.9059277949323,81.552365488476,81.5418839296743,82.1827015083041,82.7817853867925,82.6802759801274,82.268773259359,81.4015119986702,79.9076300708488,78.3250868381492,77.5335018430729,77.6183747416629,76.9815771837893,75.8792002252133,75.224708751759,74.6099388773699,74.3792490426724,74.045030947355,74.0203842310731,74.3047284395751,74.2645431848222,74.2913762808924,73.3250491387024,72.9238291005767,72.797379341244,72.4231526408489,72.1806173708871
"57673",3.36601277504694,3.34934908428944,3.38348773756299,3.39567309389762,3.43044631881415,3.5187273659108,3.62334541549533,3.76394577529762,4.0001376779782,4.24581436902257,4.52588679309828,4.85766604915046,5.25187797816224,5.65699374519902,6.11258974843188,6.55368375289948,7.1056367169377,7.70966040436461,8.24922773755554,8.78000408680708,9.39622738082811,9.98597082866598,10.5500585145955,11.3002455631574,12.3403254274351,13.195685143776,13.8946581525065,14.681866869505,15.3750970102747,16.2704452711385,16.8879922435564,17.437799409678,18.2466032243368,19.0565450176904,20.0341146323001,20.5725503748187,21.3793238783839,22.2337043340344,22.8748564418141,23.5692149863241
"57694",23.7953301717094,23.6042819887448,23.8257891262639,23.9555600882445,24.3529847172175,25.1253560002544,25.8459863303903,26.6969286443513,28.1638234510539,29.5639604509601,31.1182979640395,32.6502422323185,34.1137917629834,35.4069662803149,36.833594540108,37.885620654569,39.2947753381403,40.7127697086315,41.816887742658,42.6709690058244,43.4383995512215,44.1462561057685,44.7129553780163,45.4972556698428,46.8124643783904,47.4811275786142,47.6045315327772,48.0524500206576,48.4416842029726,49.334646791123,49.6634283119656,50.7511391722614,52.9627173764883,54.9152695414781,56.6807223048693,56.7449352362639,56.4240322178204,55.8610501169156,55.196810846319,55.0368972890414
"59551",27.719197573253,27.6706749117088,28.0320930865923,28.0256426241278,28.2069972779382,28.7717622681062,29.1000884977297,29.492480167449,30.1319912309736,30.7268703422219,31.2751536104211,32.7205331513243,33.8478347822272,34.7159305715038,35.4803972106316,35.6589016710611,36.1572666990802,36.5249795281987,36.591290943275,36.3729793051595,35.9893168478408,35.2955731065632,34.2197590997537,33.2502798420291,32.7134307337788,32.0415895551909,31.1903216460498,30.6847474935283,30.1474627785846,29.9091201175728,29.4959707099751,29.3323118531046,29.4501779428606,29.5257143244923,29.7175949714924,29.4929555772574,29.567176578915,29.7528059709025,29.7683264430947,29.7032971608296
"59591",93.0880343237073,92.9317912685974,94.092966250899,93.8962443513091,94.1356323705702,95.2290735338717,99.3252516879876,102.653076922437,106.224666438325,108.463947408826,110.21339488946,108.362183435699,106.632889839991,104.86958162446,103.206478501781,100.920623071004,99.7612843666881,98.8455873746176,97.4774214611096,95.7320684614239,93.4131866286727,91.9229126869066,90.226060430455,89.5058230517998,89.4506289101179,88.7825367093427,87.648529279476,86.993167915718,85.9847488575743,85.5621487018978,84.7851798930734,84.6263129882044,85.1044924895361,85.3941588936288,85.8906958855135,85.2182126747499,85.2861918605914,85.8364329168878,85.8664288420134,85.7991806666698
"59631",16.0521340389922,15.8638748792149,16.0701963367693,16.2667750897796,16.665308510932,17.3850702088859,17.9948233277955,18.6415051084675,19.564682858015,20.3463502988778,21.1936877557675,22.1470237402809,23.172579986423,24.1805126964889,25.230307113875,26.1066636360325,27.3818293631761,28.6356203525033,29.7357727826606,30.6597759737284,31.4950134428728,32.5136161930793,33.2624917660687,34.4920668250933,36.0129757527536,37.0338115317785,37.4548228178699,38.1939786708284,38.8527818110142,39.8282971071735,40.7118820134754,42.05141902156,43.6650925589043,44.7858037388546,45.430511888929,44.4161069985115,44.1461483537539,44.3708046304152,44.3651283964518,44.3413964183991
"59671",64.5404498303425,64.7559125871824,65.196120867132,64.5985205951851,63.8364319243306,63.366980437324,61.3888782406374,59.6513253007547,58.8888568559627,58.1015893958938,57.5415790426249,57.5897076135565,58.2681123728287,59.2728893311602,60.7661037934342,62.3971075943082,64.7448871374332,67.4951103442178,70.177783557294,72.8417807658453,75.9111528454436,79.2810734565937,82.6047493431512,86.7090642811671,91.7756109115711,95.504345714022,97.9265862798933,100.822810830337,103.784494102884,106.969452443842,108.717329927248,110.415185793892,112.907239608372,115.163431851849,117.648939743048,118.091063919649,119.706137960196,121.60689839288,122.671283238781,124.146209069258
"61351",47.3026680666481,47.4452811315195,47.6639917666194,47.5158847738907,47.0935351425126,47.5381001104211,47.8121133377318,47.6513626075903,48.3245042591575,48.8895646239117,48.858393592351,48.6039921070834,48.3595653189995,47.8923494461501,47.7572003695318,47.2300911647372,47.317266283202,47.6100233638593,48.1597195230593,48.2737725109777,48.0610063054486,48.9214459670936,48.9566204200003,48.5669249934417,48.7314184474425,49.0928749817923,48.9286270265323,49.315558390487,49.6123459149945,50.1087164743627,51.1285578715611,52.7512904958684,54.7095378647214,55.7170709965621,56.0051999345288,54.8891097889881,53.9460691383825,53.4201152163309,52.7178509906813,52.0572053558111
"61391",96.390413520721,96.489690202656,96.7017214744568,96.3937732485864,95.6363788821419,96.5392157890935,96.5840367172921,96.3700430044265,97.7152858109785,99.0767840760652,99.5671636754271,101.246403866887,102.135825288375,102.413625972446,103.155415031587,102.782202232262,103.259617068974,104.075968801189,104.749425712885,104.193288987956,103.529540928867,102.176407110505,100.481010115319,99.3177880400503,99.3061705826527,99.1433181722946,97.5550629603068,96.6232041628657,95.3962263960202,94.6536262964706,93.6654093719071,93.1839921391692,93.4613542645515,93.3940298620024,93.41928509073,92.5675606291222,92.3814393202507,92.4870772966722,92.2013695109512,91.8977071954853
"61511",2.50190900329775,2.50176028803615,2.52213587320171,2.51994782562303,2.50572304075621,2.52883651712505,2.55977062325961,2.63060235724088,2.74764116549628,2.89722802537977,3.05323181393494,4.03964183977676,5.85338816943171,8.53364686251046,12.0863773868211,16.2623898599636,21.5960493125122,27.5655661080378,34.4760947822367,41.9457506296556,49.4192311186724,57.3663256842191,63.2007914427659,69.0662662711931,75.7214137027877,79.9191539229091,82.3242555477387,84.9605628814304,86.2855073841243,88.4349972583737,88.7417184782419,90.0827758383183,92.9325132585147,95.2389413563165,97.7137752184876,97.897343528918,99.4729983567661,101.401046825897,102.412525553678,102.743480693737
"61531",71.5064330277721,71.4401602770972,72.0903907300873,72.139890862833,72.0922803916121,73.2509334057548,73.5424411327078,74.2944929073943,75.4520716537169,76.7302964411202,77.5808567937498,80.4322192595778,82.2799517933722,83.7822915127702,84.8835607097474,85.1475717235295,86.4102975708667,87.0126956325666,87.3073210814837,87.3601831443933,85.5387532344961,88.0401004158123,88.8534301499411,89.719031539386,90.74703739337,89.8847248342136,87.1718497747477,84.0175421433297,80.006091956477,77.0334254455489,73.9892435349002,71.6420795531098,70.0318319975753,68.9839460620357,68.1841419755896,66.3958784521553,64.6102637704155,63.1912208952598,61.8051066272553,60.371367446162
"61612",107.111537610525,107.000951560408,108.035655393506,107.751397442027,107.639682256651,108.326904241236,108.356933738498,108.442769309987,109.574995131579,110.19084829253,111.000313791225,115.821563929082,119.717370985063,122.899968221487,125.468422228792,126.803250183489,128.842996502307,130.68840540001,131.447369359572,131.006593907826,129.146334883108,125.216285175621,121.073532175239,118.436251597814,116.762849886518,114.431399307456,111.512779800636,109.516581767631,107.953278957418,107.022386822298,104.955438075797,103.650647090127,103.168532503855,102.612039680099,102.145679729196,102.242691895881,105.270385519793,110.001121181184,113.975170165571,117.232755177351
"61692",51.7716834135129,51.6430855759952,52.1005980384994,52.0929605797627,52.4056463899873,53.1535127357763,53.5400040462601,53.9239295560839,55.0932874546357,55.8675891691942,56.6226594408664,57.5360959807127,58.5442186843526,59.2819308080826,60.2237110629378,61.319285574864,62.2257012785646,63.3937037922618,64.2792042875861,64.7545228010774,65.2431270420037,66.6156362136034,67.3484402435523,67.5769568461537,68.3186982358171,68.5414393668782,68.3256212322348,68.2966068195695,68.2463290624854,68.6828519259007,68.5487826752964,68.5725771061547,69.0333836397449,69.5043337822479,70.2140032610323,70.0266456166195,70.686285630119,71.9723154743119,72.7016711935877,73.8180551763727
"61751",26.5746660678125,26.4472373285917,26.6994363833107,26.8339411150722,27.2139214165609,28.0324562158586,28.668259156722,29.3321322959781,30.4487330956364,31.3057195906988,32.2091501598227,33.1528108053108,33.8871564500376,34.6055935129473,35.3446863604774,35.8494122787846,36.5702800780028,37.3657981449331,37.8881697869785,38.1382126736818,38.9451285072603,38.9908289959759,39.1441735456753,39.5775418043737,40.3829754792444,40.9177617411026,41.0667887440941,41.309499459068,41.574046334817,42.1668017178851,42.400770058195,43.1402928256947,44.411561647383,45.3323512334085,45.9579981187925,45.3308970026996,45.1176180818377,45.3597055403749,45.472895075437,45.762131390395
"63491",51.2977101206989,51.2526094565165,51.722847097019,51.7666439699749,51.6732896988493,52.4053120164154,52.8047701850205,53.2665445467778,54.2022593968265,55.3101715087837,56.1600135678025,57.4624591841371,58.3459816079769,59.2435420319147,60.3812522376189,60.7474869479893,61.8100648210362,62.8134639404326,63.9643009853341,64.8029884460013,65.1792646592012,65.8961827577375,65.9661756439522,66.3447872827881,67.462962145035,67.6122898955479,67.474526345503,67.9857098302306,68.2320092062797,68.9655886158814,68.6423798910998,68.5108199679519,69.2182165822659,69.7277943671023,70.3746874893054,70.0325629262418,70.367720234067,70.9347462833922,71.214648904683,71.1717017035303
"63511",13.3168628839949,13.3276599576174,13.4397137071599,13.4240900300329,13.3277174019968,13.4394566048768,13.5293833717628,13.5930295919133,13.7028501076594,13.8088494672021,13.7755323763081,13.8317748121967,13.9361112345857,14.1497259302059,14.4886924084382,14.7824715239783,15.304817399526,15.8421804902664,16.4342144944749,16.9942826869738,17.4027493110708,18.2218440293693,18.5992930985102,18.8428382424495,19.1800882229041,19.269286166945,19.2427886237073,19.393325043697,19.4844787620161,19.813634091351,19.8846080991172,19.9950445809085,20.341609848995,20.6172533815801,20.9526641725288,20.946609510659,21.1646477242772,21.4558246262502,21.6718971218927,21.747136163711
"63633",20.1816429946557,20.0757928063184,20.2733807566716,20.3805662087466,20.5583213572771,21.1296671698851,21.563048159409,22.0922492256672,22.8850252444681,23.5965425488656,24.3815758365137,25.197295200428,26.0122037832118,26.9389430820255,27.956724563156,28.8697047424625,30.0878780495653,31.5693837203496,32.7754616145142,33.7671693989357,34.7746783546593,35.8125802959632,36.6232117201804,37.7966231462006,39.5145007320731,40.8244737615307,41.632924308369,42.6701437201791,43.254596172971,43.7892001907714,43.6460035193828,43.7407752428504,44.2082033722562,44.4739270814207,44.5294326009274,43.6727519394875,43.5168429117622,43.6349800362456,43.3852055087841,43.0064863896835
"63651",95.9400227196733,95.8266134223769,96.6375521230073,96.4180981273603,96.130568968596,97.1423819723956,97.7140100635825,98.2400584797964,99.5691790312516,100.038343587935,100.547435605013,102.936112653508,104.603641750495,106.029122107444,107.011160978452,107.294670757165,107.964131236597,108.72964955824,108.462376766518,107.282243386182,105.354925536573,101.648934234493,98.3016346955782,95.8716754683812,94.2450189634086,92.1061515427095,89.6643593290775,87.7879301473871,86.072116840388,84.8082515190521,83.3745744939146,82.5170969277901,82.1778179320215,81.888618687032,81.6150363280146,80.6890047525202,80.3809377054914,80.2665428198819,79.7935562156305,79.3236656042071
"63734",73.6117214010806,73.6251861262143,74.3513198441186,74.2718715516949,74.1413040109386,74.878236908034,75.004052823096,75.1319057650322,76.1497041618868,76.5428011263669,77.0195110273649,77.5533830248348,77.7658306302588,78.2436443259002,79.057583593824,79.0405035220977,79.4863310817453,80.1934514003316,80.5801442720755,80.3217677148755,79.9561059917115,79.7549615712531,79.7800750921332,80.2716825209519,81.698774365863,82.6583630204097,83.0862522337891,83.6400636374077,84.212522475894,85.1254521275474,85.4242458922766,86.1604642614087,87.2515118813073,88.0107549364515,89.0126918176755,88.9477834811847,89.4214750425031,90.2759503104725,90.359130763256,90.6840733493692
"65431",115.862058502482,116.102631223246,117.0062208466,116.805452724058,115.595714634894,115.980931820245,114.525924034078,112.818307295164,112.308738625479,111.910471060527,110.904267160336,110.303908789671,109.107985798775,107.912194193564,106.945254967446,105.021960502613,103.855014855608,103.031965708194,102.305752791172,101.046954823575,99.3440477718223,97.4947362571681,95.3510549247253,93.7944770094408,92.8630288188458,91.6902182317979,89.8005630134351,88.6942240199253,87.3987814757203,86.6953656992099,85.7592970494089,85.2356344832741,85.3050004221395,85.3014993023618,85.2989008674445,84.461083816876,84.2010712372588,84.13933058372,83.8708561352393,83.5671106369203
"65491",75.4698593256773,75.5766231100611,76.3415764856333,76.3939824246643,76.1917812832231,77.2379642711563,77.6520393424134,77.9845147031165,78.8972785959749,79.9828378839941,80.6448091394595,82.3389449209385,83.147131427821,83.8628991715347,84.9119594101787,84.6771155143357,85.3002155355809,85.8514045906212,86.2711678086346,86.0546140040319,85.8950329810407,84.8544723369445,83.3772063751975,82.4538438633872,82.4630051145673,81.813930846176,80.6659828129391,80.3755955603857,79.9224372615077,80.1395638908595,79.5819437750416,79.3591109941226,79.9497684000375,80.3608874367989,80.9163450945371,80.4163698036724,80.5652173066973,81.4665316847807,82.2860426750618,82.6475920250706
"65611",16.0884194494102,15.9570369928823,16.1237439183541,16.2993616603785,16.6084526866355,17.3125562012895,17.9811904189286,18.8344429189001,19.95683438894,21.1233440566659,22.4690203997856,23.6037771725301,24.5624873289106,25.34888372798,26.1654570678445,26.7765804402754,27.4963496003296,28.2319635867601,28.708272367218,28.9517022541479,29.0011362777456,29.2364463470792,29.2783182469259,29.6276745861614,30.1193324912377,30.2004437618292,30.0197496989195,30.1363091823476,30.0950515723494,30.2439227693272,30.0592440994376,30.1438532012849,30.5312065532809,30.7466300579668,31.023724675749,30.6772123498666,30.8137191341737,31.0805610309758,31.0137539987638,30.8268131759461
"65631",36.5633058047517,36.5122662379673,36.7996712119122,36.8081405852798,36.7863085312469,37.3647402299685,37.638083116477,38.0186257115799,38.8078743598286,39.401054992741,40.1192417274625,40.8340551518455,41.5206759682616,42.3202943909825,43.2651232784734,44.0568917106839,45.232819616913,46.650086816869,47.7265709683552,48.6384571828587,49.5635784714036,53.3821285509051,55.5053701173088,56.3055443565179,56.8580157632786,56.9389046556524,56.6548115663208,56.9238711919616,58.9305807326012,63.4151521256305,68.5101157722457,73.9729534589385,78.8160422532597,80.8600792384581,80.0648764799524,75.514419015688,71.1074731161801,67.8192400882783,64.6096778769687,61.5832394243955
"65691",62.607678349295,62.5383038157444,63.0720675467871,62.8576455646882,62.5940566840107,63.1474812060694,62.9879017012946,62.9099153968355,63.4380329023921,63.5796394686786,63.7116235963576,63.8679613558476,63.7953502202041,63.9695476442092,64.105476746445,64.279798110913,64.6090653963329,65.178675008391,65.4624197800461,65.3213880682807,65.2972922261584,65.9174179850685,66.2508556804482,66.668234246908,67.3864005587869,67.0763320732051,66.2652834422656,65.7473551693069,65.2663636206519,65.0838561000845,64.5756877913962,64.423518496792,64.847854115894,65.0859185769502,65.1060690954805,64.5172229595317,64.4814364703984,64.8258285378065,64.8037641784373,64.8500077745756
"65711",13.0021063548478,12.8968322007754,13.0477896191337,13.1862428545038,13.4150287772118,13.9266257804192,14.2785248706682,14.6759187518097,15.2391728922217,15.6730350093144,16.138963439111,16.6862820087735,17.2606805861149,17.9720375906871,18.7714987930502,19.5710315632173,20.4966729301675,21.5904150640936,22.6079612542152,23.4259639728712,24.2043760351675,24.9453870741299,25.5212430139292,26.2602516434243,27.381397669519,28.1432516931263,28.704583233496,29.40963672992,30.1280321157519,31.0191010099857,31.58118538684,32.3534594640172,33.4488989374079,34.3357894419507,35.1353100757153,35.2519413735511,35.7617028593935,36.5250976462054,36.8937331186425,37.3262803543351
"65731",15.99663019099,15.9068025512717,16.0926269875285,16.2191521213406,16.4346579360645,16.9620588853328,17.458054568688,17.8764025135751,18.4314912492745,18.7495498569666,19.0367770674705,19.4619169578435,20.1630120315957,21.2648861060002,22.7903488220817,24.2823039261723,26.2788036987077,28.6871620514029,31.2061052153871,33.5628944139887,35.7598403985754,39.4632361745633,42.146556088434,43.9594870149591,45.5725328350892,46.6671267291885,47.3348190884437,48.2023139563629,49.1712330711885,50.5179784812196,51.4005518086932,52.7206944235228,54.4302800409461,55.8891246924249,57.5600246518052,58.2230068916728,59.3572825300881,60.8199344006585,61.5620013668452,62.4158932328518
"67391",109.044217110878,108.928899432553,110.177880678628,110.412107781178,109.776002388879,111.156927007736,111.781074762385,111.812247389557,113.433406550115,115.336457110694,115.938612747401,120.501649761356,124.61054773639,126.852431362015,128.77258344245,128.809486197456,128.906498384108,129.439384632632,129.662803900315,128.734455825085,128.129389223944,125.687425604532,121.860995594146,118.181729086329,114.45027305444,111.488120101002,107.609267301987,104.951283230916,102.323191899623,100.304322401424,97.8612172543219,96.2353448305154,95.2110747504007,93.9598571741493,92.9208269893072,90.9634651568748,89.8041287394043,89.1496586924828,88.2487233865408,87.4434335662073
"67493",65.5546806915217,65.8014771678521,66.3289900601082,66.4162480259612,66.155021865254,67.0391479807227,68.305818436337,69.2174724839001,70.4011389395034,71.3563386120719,71.9439810955078,71.6275815707646,70.7374421568815,69.9699790044101,69.5904549145956,68.4293553313868,68.0948040954153,67.8487640431638,67.5538387187915,66.8035530108883,65.866244028348,66.0082613322973,65.3825785858033,64.4213174120871,63.7746361246652,62.9308492614893,61.695865546858,61.3521437497566,60.872165516396,60.7636005844978,60.2676819408777,60.0922662953355,60.4344748216156,60.726771740026,61.0191338188713,60.5048110073308,60.8423931721397,61.644799175111,62.3478771074667,62.758462019766
"67574",40.0018862051315,39.952627244453,40.2271530243229,40.4234746266795,40.6200397348397,41.7196181181979,42.4772415659745,43.3715261370862,44.6177829060981,45.7766803922405,46.9661652404683,48.2017720991365,49.0075713088394,49.7164527163952,50.5578238854976,51.1101034328241,52.3163846909752,53.3521327006654,54.3370066755953,54.9691702523645,55.2156201265607,55.7622487015377,56.0832653789312,56.9360184292161,58.1700991389632,58.7641197822318,58.4487694983423,58.566510610359,58.3522596019757,58.5167151124891,58.1744473536046,58.2801133755915,59.0714141257122,59.7902820531077,60.5329124636403,59.8945513939101,59.7043528469125,59.9154743281498,59.7541688556096,59.3587455434619
"67611",61.3270462971637,61.383705807889,61.8584772974383,61.8040791151032,61.5513893276989,62.1968487210072,62.3688537189166,62.605251475475,63.393607316534,63.9337671876367,64.5825681982064,65.636836048283,66.2803328142623,66.6018182306407,67.0664820079974,67.1566100836681,67.4905171904076,67.7123323804333,67.6159988065038,67.3362367567081,67.734047835653,66.896086066555,66.2779239679678,66.2634948571172,67.4570830647024,70.4048502086311,73.6656132214706,77.3326733131563,79.1956600544593,79.484532200907,77.3749733399012,74.6243277323602,71.7434239812502,69.0096741740306,66.8450391831899,64.1472764305324,62.2440034254591,61.0048615772909,59.69861935567,58.3826923159018
"67631",134.453048014165,134.765244433466,135.8326495226,135.66675269274,134.841050944637,135.93905229203,135.64049961132,135.470155975611,136.546603993564,136.752611879756,137.277987943569,137.364373979505,136.960453404276,136.388785437967,136.298375700562,135.593356013541,135.600478977482,135.890441148539,135.320087460875,134.432155286881,132.888839489153,132.083576127071,130.912544764008,130.514868866455,130.835039316787,130.163209925972,128.48762748724,127.745428860119,126.552025823458,125.837031956142,124.462038523233,123.82097426985,124.05928538177,123.784857984958,123.833179631191,122.500764925707,122.302587502395,122.589785933808,121.988554767516,121.224628282667
"69553",29.4113090667672,29.3716422023091,29.5812345606468,29.7629799583508,29.9144256214255,30.8182466433846,31.4636176437577,32.2828804774086,33.3557334072915,34.3437049950994,35.4326974798591,36.8430088879829,38.1205370412364,39.5324347486667,41.3543196970323,42.9799509422771,45.468225432068,48.017202139845,50.8154311867297,53.4397853107357,55.2601538284616,60.6006353702628,63.3439700972681,64.0588469790565,65.4679105373196,66.6586491390252,67.2034109239807,68.9969392653616,70.3654561458681,73.2175252390421,74.5142652947852,75.2086948065571,77.3102334278483,79.3240582933139,81.2303573561127,84.0734357246302,91.5666472525682,101.171740844498,108.257912282583,114.06909126279
"69651",89.9773298472207,90.1146671437642,91.0556166136107,91.4509637766184,91.0678133019245,92.2725750571184,92.4660435056168,92.8290064974801,94.137416117382,94.8572143462813,95.6422177886792,98.3735971793149,100.33567863201,101.655594527194,102.847267549254,103.344840863246,104.09207985648,104.818688327508,104.605908059514,103.743450108973,101.967913452275,98.9767359653065,95.9509915753932,93.716532678806,92.4639164731381,90.65608032852,88.270382777049,86.3326968857566,84.2124973231419,82.5876329429058,80.7062925311783,79.2774555524202,78.5935080197399,77.8304242323545,77.0692095033706,75.5055034827614,74.5970302343906,74.1356832395441,73.4168439489617,72.6427414245543
"69711",21.5652057493862,21.5296143501176,21.7997741878715,21.88128076004,21.9598892499082,22.4443965393846,22.6451213511736,22.9344566688784,23.4029789689955,23.6364799039478,23.9635072169699,24.3598538848529,24.8171630103175,25.3232810039126,25.8993923270029,26.4659558815177,27.278627563499,28.1873796439897,29.0539665671096,29.6966588078324,30.2289677123417,30.928009778553,31.2851880496742,31.8850026164531,32.8984890494477,33.5082868933259,33.849507231961,34.3206725326922,34.6688793421405,35.5344006802623,36.0526340888544,36.4677076700943,36.9469229823587,37.3028826769141,37.7426689895196,37.6667423646807,38.0090927551535,38.933179792319,39.5520516658899,40.0726114293662
"71433",84.5396011968002,84.7142696774723,85.7828193059319,86.2474415110061,85.9078651146871,86.7744236027223,87.9709956515831,88.2307166420437,89.7859385157185,91.2445872477167,91.9849924839775,93.9041873353403,95.0988327316318,95.441327193495,96.2246253208502,95.4879144235865,95.5437155390061,96.0964492255828,96.6240973512377,96.1544078393297,96.9972056802789,94.2681300534903,91.2008536145706,89.2132755009156,87.751545828694,86.5850206214489,84.7515455092574,83.9570063126346,82.8658471096272,82.2157656167635,80.9711383212167,80.4939156929423,80.513325185204,80.3882915061207,80.280392893257,78.9697607336762,78.6359515973095,78.5445205302543,78.2707867861561,78.144799768488
"71492",8.4130362209873,8.43728193938129,8.50127010067335,8.52726514750424,8.51745771413738,8.68117561520041,8.81703045270676,8.89885487688456,9.0518620574961,9.14940790077064,9.25296899309141,9.57928236981201,10.0758512287473,10.7099691634587,11.6524830436816,12.5541081925498,13.8599152189621,15.2394767453975,16.8428985528877,18.1819381965108,19.3674791535472,21.2940628375124,22.4613417673354,23.0748468033566,23.9506308952346,24.7247543633345,25.1629979752348,26.1262292340218,26.7981893910452,27.9575318346185,28.6266234759983,29.2915747062299,30.1085516807979,30.8726599998412,31.6611947479462,31.6919361185073,32.1726409954157,32.8123750892454,33.485961361212,33.972043054552
"71531",93.0592875580826,93.4112066037721,93.9752301138892,93.9789507226022,93.3354664314949,94.4332387898143,94.7718753547134,94.9897395453476,95.9892730455236,96.5399040142356,97.1951944706851,99.9817611458898,101.565039838207,102.355902429785,103.597387731764,103.242606959312,104.026106053158,104.511966842236,104.92464238565,104.375114418995,103.184667554535,102.025339637892,99.5150425903388,96.463300164415,94.3454351580788,92.4311830909378,90.2298708449608,89.3991010339355,88.5908386612882,88.2289260018882,87.3023087769595,86.8531544760642,87.2723668157935,87.6439814036489,87.9951672898581,87.1663087379093,86.9558895908573,87.6167322563176,88.2873211570853,88.5821348330392
"71553",39.3798688723507,39.4863636227982,39.7344960712206,39.769558166642,39.5650550627195,40.17362357088,40.4516481573153,40.8224984491999,41.5211713770741,42.0419537956655,42.6726018126002,43.54946420462,43.9689528664441,44.1016432083666,44.4119779054514,44.3390438798384,44.7371412629147,44.9550594362793,45.2296151708597,45.2135205415216,45.4499064115405,45.2299611860219,44.3105505487195,43.8841981686216,43.8738115039165,43.9771038482788,43.8783114264601,44.4193171306416,44.8854294171978,45.5259395083027,45.9474685119201,46.227670180956,47.0439604086437,47.8602808515642,48.7052884717083,48.6883552524356,49.1171191863887,50.2643770641127,51.3365760332559,52.0798350198882
"71591",75.7867354191287,75.9549504669957,76.5952710950499,77.0584168687344,77.1494476537359,78.4552147182978,82.7671843141313,86.2680218533806,89.7300182318777,91.9696772464146,93.6225366744136,90.8132308828115,87.8249578471131,84.9554369762239,82.7528101927185,80.4665127537878,78.9081731554979,77.2085516019206,75.5863656339021,73.8772934697936,72.0082539688034,70.7205970668227,69.3917786139548,68.589710898543,68.1736894520227,67.4948448189125,66.2992668783212,65.811107450963,65.1952132291109,64.5936784308823,63.6219600348805,63.0921962896437,63.122769417365,63.2195882200981,63.5727971432865,63.361964080544,63.7169176232333,64.4114862223764,64.8665521875411,65.1048978686927
"71613",79.8743814369484,80.1351932152133,80.8657218812747,81.1592805639185,81.0334837960136,81.8856602061304,83.0493504626621,84.082975599777,85.6948548083835,86.731033178271,87.7276040232421,87.4886423350967,86.8573416681048,86.1518060961276,85.8093781896314,85.184160406327,85.2300011425295,84.9832699816381,84.4622015691372,83.8382804286065,83.3120945153457,82.9809237521535,82.097100016943,81.45129664859,81.4127132491515,80.9517493279707,79.6777185373824,79.2879193678363,78.6243644576915,78.4097937919445,77.7378363997399,77.2819918197214,77.4333160039846,77.3904948617276,77.4710646522641,76.5743149916181,76.6164094688162,77.4426364703731,77.9808086200673,78.2701665391081
"71632",3.64358529355134,3.61590194072717,3.66855397823313,3.75273981092108,3.85050471989281,4.04646084650867,4.24410171153532,4.48150920742748,4.80609183905222,5.1245847648145,5.48747357661798,5.86773456173596,6.2306978691711,6.60478329788493,7.04852630621445,7.45217304693526,7.9867962239584,8.52484178946503,8.9868525390234,9.44601782255563,9.98517249834511,10.8663945502251,11.8502188846692,13.0491102584185,14.4327837768717,15.5762583011207,16.3173312895418,17.2701185678656,18.0760889799603,19.0593268657525,19.8788573564565,20.9815535661213,22.3957105697354,23.6341700238292,24.9074109693143,25.5399854793033,26.5750528675303,27.8426378572896,28.7664439066426,29.4712012606159
"71651",26.7942181614497,26.843283857502,27.1848322334328,27.370955807104,27.3196701762269,27.8058978130244,28.1077232500929,28.5488424520783,29.3792802793988,30.0174715716584,30.7783976203596,31.5695940418181,32.1848986267914,32.7766234749941,33.4837649662475,34.0509073418735,35.013635684209,35.9148077821881,36.707289546208,37.3141264037447,37.6807182557621,38.2738663308144,38.6393994245559,39.1567466618223,40.0678538580246,40.5498448145985,40.4979218707484,40.791643106957,40.8821919743614,41.2239309413575,41.1707289109208,41.3546579833565,41.8208756839467,42.0071981117103,42.1200735705659,41.5438699573185,41.3974292615846,41.5659301591707,41.4207623244858,41.153565474194
"71671",81.2642734812497,81.5199177649645,82.5486714743534,82.8234336685033,82.064406775647,82.9796585323404,82.9497448398169,83.2269693556596,84.3143256726823,84.5365840268589,84.8474598533532,85.7849115504882,86.280165718427,86.4418458545918,86.6988392499021,86.5929648284216,87.1889748505245,87.5003754174492,87.6677140675542,87.2979711052902,86.0001506675775,85.6848665458016,85.0086344044355,84.6688647226501,84.9963348735769,84.5612152135357,83.3880707689991,82.6770372304874,81.6497008662426,80.9016251029114,79.5004706995762,78.5743918811657,78.2750750843677,77.8451585548476,77.5319998720083,76.5348864197928,76.1317389063026,76.2418456986384,75.985988844502,75.5712388219352
"71694",252.8814168492,253.436115193432,256.526347130588,256.595430138331,254.933312954019,257.960581050097,257.880092036309,258.669588555653,261.666660654995,262.090692805865,262.969828287991,264.90251058774,265.868378060568,266.01763942077,266.434770008738,265.724691114261,267.302476165657,268.248122056032,268.753982303319,267.467260113973,264.912504064111,263.364151700682,261.035539155227,259.952077967937,260.801567114205,258.8884280554,254.678405759438,251.925812124834,248.992741040416,247.596615681525,245.003175731516,243.55225293108,244.0725093644,244.377697485852,244.917593513924,242.850279804105,241.982885434473,241.878214106559,240.030783108837,237.973728956863
"73453",91.488235972376,91.9735743476941,92.8054207540803,93.037121959534,92.4110553062641,93.1993831862377,93.7979316227426,93.7239333218407,95.6562507149223,97.6773278494527,98.8975586251326,101.775347174425,103.850051844645,105.336203982083,106.933210330031,107.234337678498,109.173873255573,111.472795252493,114.121180919165,114.902438376842,115.089985512288,116.040598669766,115.943593264174,116.853287446634,118.013154592231,119.018978926756,118.323215401715,119.548226952947,120.023728416376,121.183275982201,121.107493373944,122.721734263884,125.623854863695,127.555772938706,129.418167738877,128.866639962914,129.75276585334,131.238423592067,132.343692360314,133.906414792329
"73471",25.0664398851459,25.108519058181,25.3483021950283,25.5507648592967,25.5793169898223,26.1214028000156,26.5760742713605,26.8541422335932,27.6624268504171,28.3910908356271,29.0026560901323,29.985000137747,30.7343552586251,31.3317878823743,32.0802572312754,32.3801014565605,33.2774200624402,34.2340852468396,35.3628039561195,35.8089569481779,36.1907156097754,37.1323154396339,37.4855048445662,37.8086083704255,38.0781041643305,38.2563257841112,37.8752648594323,38.185729498392,38.1967770052061,38.4530908221539,38.309716408239,38.6919976995001,39.4493993257753,40.0297354236241,40.5442173791214,40.1848883150431,40.4349692173898,40.8712963690971,41.2401369493521,41.5851209242343
"73511",107.459885458756,107.82322236639,108.627665565938,108.806636823767,108.31952828177,109.808743638275,110.586876616142,110.723085219794,112.130193634067,113.015449241866,113.833331866476,116.251381078769,117.632814064117,118.186889786003,119.538186104637,118.869727112067,119.810087417194,120.524789026415,121.336198603828,120.842544791557,118.141235793915,116.408752321922,114.388519229365,113.34490127392,113.183666960633,112.604961768739,110.611714213755,109.481794849687,107.623641753305,106.457473510909,104.749737388162,103.924549409911,104.099897324871,104.128398390853,104.035666234935,102.522814243955,101.862736986628,101.645101910037,101.339839570572,100.798288740169
"73532",46.3821278013164,46.4052978645279,46.7971525845835,47.0889195166196,47.2146508466133,48.2995083694877,49.314270513824,50.2811105845135,52.1181613039284,53.8205040902227,55.7284210979747,59.4667056381797,62.1355567019803,64.0899571194691,66.2371138210998,66.8653557116786,68.1986170453204,69.2439398423626,70.0289014230615,70.1747636742998,69.5015951311412,67.744458232337,65.6624944401906,64.196721066576,63.1735499932504,62.0773119829655,60.3840081737363,59.5834079597551,58.6520903200436,58.0902096824355,57.1367607671604,56.6479071801726,56.8138354223423,56.9298033369436,56.9762743963942,56.1111362415911,55.7610078332036,55.8664028998022,55.9103834283142,55.7321001352853
"73612",76.3237832766537,76.6828871318345,77.4159229439168,77.6995632083616,77.6274627341279,78.4524922469936,78.5198990813571,78.6904524556945,79.5515035773706,79.991244877736,80.4580484103546,81.389362610717,81.7656250984772,81.9786019430628,82.4225025629981,82.5424140354696,83.1062673904989,83.2488091518866,83.149331419736,82.6892229269373,82.5011737226262,82.1483530710398,81.3048998202024,80.8539674298382,80.829345051936,80.4618072535062,79.5423212267582,79.9159108286545,80.082644358816,80.223569352749,79.1520657982842,77.5394647782359,75.613329963739,73.613497471961,71.9663187854566,69.7490779790549,68.1556223532815,67.5134593408284,66.9881099322367,66.3289241976273
"73631",6.76297898450811,6.79411499381436,6.86757632916244,6.88721932730744,6.86112903692245,6.92544862519935,7.08065520710925,7.386443263176,7.9162255881825,8.52411453970122,9.27304122630012,10.0635158854955,10.8180620915733,11.6036144975477,12.4921353957132,13.3370326265409,14.4578996773974,15.548267604038,16.5371941792439,17.5083178712815,18.356562545714,19.4923533004882,20.5539378063436,21.8319321782173,23.3404911547594,24.5059055748589,25.2684503819258,26.3295261098082,26.8972954592951,27.4639080665962,27.7425326523499,28.3333765485071,29.3374232956185,30.1940990963038,31.0841602688876,31.2877578419518,31.9389581244537,32.8675232652029,33.4541088459289,33.8255226309761
"73651",86.4036866499297,86.7452128061283,87.8278215578993,88.3002891092026,88.0110420818411,89.275550575178,90.7992472889862,92.3272113599844,94.4782360599339,95.6044544374386,96.6365755185916,96.8903114424795,96.42887915031,95.9553041247564,95.649971147955,95.0440480875063,95.4964271095329,95.6924371740128,95.4624652576501,94.8765574407745,93.4011026728278,92.5575644478001,91.5647112752458,91.0645282885322,91.8985318892481,92.3990926165335,91.7745724243102,91.3474904829814,90.0036883201539,89.1928283389445,87.8926407846323,87.1689501602301,87.1091400533096,86.8465997147806,86.590837936966,85.4959847661286,85.1094178784786,85.2251032364268,84.9592644513668,84.4608539538844
"75453",64.3477619477767,64.6799628097567,65.2799906977055,65.5031431021662,65.0960896141943,65.7224931849097,65.9810211657923,65.5870924629925,66.3572953123852,67.1338066656069,67.316453002042,70.3149965313011,72.4061787750586,73.570435199251,74.5831846384392,74.4483051648547,75.1144789454222,75.8332251441202,76.3540668705953,75.8256565371113,74.452374866469,72.4492657081977,69.9085434312249,67.9520103534126,66.3114039328651,64.8164088238651,62.824247063985,61.6175409684755,60.2502549074334,59.3512630801531,58.133028865641,57.274946659453,56.811196461234,56.2108793031207,55.6983772836046,54.6079571378603,54.0633274198786,53.7110034627423,53.2896493614639,52.9453215322033
"75491",71.7246265578462,71.9659965363677,72.5247267422595,72.6793298488185,72.1908495221281,72.915098970137,73.1905036957073,72.8274370111219,73.6257137203103,74.0902808882879,74.2462050411014,75.1406357690716,75.4388909873717,75.3326020990655,75.671906888334,74.9110223593623,75.2400794318834,75.6610577376763,75.9269500048589,75.699075856446,75.1337285823896,74.7756738650295,74.0049640333089,75.0429230933904,78.2883453532991,82.2269721102489,84.5121384518689,86.113870887245,84.7294049320249,81.6314986978353,78.1741084634845,75.8434703452148,74.4807381387903,73.1384422670199,72.3489328897575,70.552028821802,68.8084422638431,67.4494077434731,66.2373998962733,65.0012548060895
"75571",98.3605441674794,98.6957010247719,99.4214803228128,99.8396756148536,99.8777886854959,101.271651658174,102.693557147444,103.790872128268,105.707245784132,106.946192027234,107.689766877107,108.068668332537,107.779887868527,107.234043732002,107.343952403597,106.969971102519,106.990821853774,106.683990169365,106.242067487138,105.177446213515,102.998229971545,101.878513057504,100.155006329451,98.9861411134304,98.0836701049306,96.8553335744828,94.7550853557191,93.8630757522497,92.9408978072916,92.4478447746464,91.1361421998208,90.0916343867414,89.8179347135839,89.5410997864903,89.3153428232958,87.9397208634446,88.0363629893123,88.9627980626535,89.834784748701,90.2766767542606
"75591",58.5810017393096,58.6823241194544,59.2633529165725,59.7816656982195,60.2653568687463,61.5233801328882,62.089919923774,62.7694276659105,64.0231248404247,64.9806537503539,65.8770026304887,66.8904606821188,67.5381302519565,68.1165080416149,69.0303882923442,69.7899873697435,70.6820590693333,71.3105396195782,71.8047050511555,71.8966836628034,71.2717261093742,71.4012509172959,71.1218134816541,71.3553692949872,71.9813399230868,72.0761979021617,71.3280898581005,71.6144926336407,71.5855060602327,71.9059253038227,71.6853773194225,71.9145984391318,72.7398574211077,73.3975052746157,74.1458024448752,73.5433957777557,73.7610770389133,74.2958118351353,74.6735241470063,74.7045749074432
"75691",42.8511379761462,43.0014843459534,43.4606480470135,43.5970584550433,43.5156886819904,44.226643400577,44.4469646157716,44.9402611254161,45.8511326770685,46.4045321143909,47.0602286229458,47.9438168389515,48.5971126175534,48.9840238532949,49.4036227261788,49.4542220167474,50.1304388530727,50.5704067751073,50.9387979080105,50.9216434199119,50.4854612426101,50.2567742972424,49.8298764733054,49.5134196380868,49.6028031406412,49.3703278164352,48.7675797373859,48.6309648111666,48.6165162806679,48.9916165261422,48.9289250499349,48.7848060058458,48.5395421279512,47.989514717203,47.6437963701209,46.9959544878832,46.8757482634846,47.1810992978481,47.3888193356039,47.3872641511202
"75711",81.1904955934719,81.4988466325708,82.2710874678367,82.258656775624,81.8169504649659,82.7100647577698,82.6322576939296,82.8161967693196,83.6837785755342,83.7529885716903,83.9066974345719,84.9225037266551,85.6089919957704,85.8816993638843,86.2456017486445,86.0588166443844,86.7977688390559,87.1268264420682,87.4184921998502,87.0597128183096,85.3328329788846,84.0989662185155,82.9528015382916,82.2274401030879,82.3982619059556,82.3583435489604,81.6533782132739,80.9350386749143,79.6684216150436,78.9434455917985,77.8765289784752,77.1640811635836,77.133596068085,77.1421871211931,77.1562703613413,76.0602001144957,75.299082119798,75.007707596478,74.4976554643682,73.8261901785219
"77473",48.6236614486361,48.858272867423,49.2817554261395,49.4574683667529,49.0056510567589,49.349879545353,49.0996279754518,48.5481319171206,48.805349131942,49.0913432753266,49.1345345251468,49.9035904930707,50.322688434321,50.4343887274781,50.8277357645848,50.7624924025441,51.5549403216879,52.530913860686,53.4288110555716,54.153233044778,54.1103287011157,54.7634292372266,54.742235412418,55.1568961647124,55.6897846210644,56.1367430585005,55.7837223346614,56.1872351218314,56.3404538311781,56.655742906472,56.314920732551,56.4238757718586,57.1845810225908,57.6271320872536,58.0237292469063,57.7586086858271,58.5363461175674,59.6796815373832,60.5540534482512,61.1860563326503
"77591",20.7312775690243,20.8548200646765,21.0372299120937,21.0292902947428,20.9055301916661,21.0190806342854,20.9142540144529,20.9052342094271,21.2291736171717,21.583889877378,21.9831762842817,22.553982766374,23.0959109734093,23.6517011302025,24.4026848997915,25.113181717359,26.1023156127715,27.0933711689678,28.0670429380637,28.9928196567029,29.6971258408699,31.1152284491518,31.7512651279863,32.6409682709831,33.8754040245498,35.0119576342018,35.7126833897764,37.1216722622663,38.1219383012057,39.7488466057829,40.7819574899928,41.4875373232137,42.5951584971427,43.6291766481868,44.8978372765573,45.2463906988285,46.1163578388446,47.8573053062444,49.7017893733215,51.0202041802685
"77611",90.9853522149198,91.5037096772294,92.4371280464211,92.6486940737197,92.4795488647116,93.5079931423301,93.6725035961807,93.8016146851493,94.9171794721318,95.5981434203676,96.1609474710186,99.1274327646659,101.257651874564,102.556213123829,103.910351890308,104.379989721392,105.597327726292,106.15109160538,106.154754289326,105.660994359406,104.005707765341,101.030143333199,97.9347628387344,95.9281546199816,95.2047768209256,94.4666598962546,92.9519860692673,92.1857872123785,90.4405237992227,88.4858883875198,85.741071928826,83.5179219385525,82.0769833526025,80.5626802203478,79.3165856960096,77.4571525733312,76.2393258269996,75.3835372151722,74.6466513525106,73.7017808689661
"77631",92.9081984742927,93.3993173494752,94.5169055502309,95.0226232719982,95.3171629423745,96.934151273502,98.2349673606088,99.3071345396834,101.21781151804,102.440346286793,103.440505942811,105.681115675585,107.165937968335,108.122825119741,108.946549281878,109.002952362278,110.398381652969,110.979707506601,111.075960747745,110.968171680486,107.958060082067,106.070298656154,104.071962709993,102.830529587644,102.174353611704,101.498512218642,100.161804329348,99.5508441211926,97.8085855518097,96.4874503318214,95.0667242404286,94.2896047487537,94.4105379555202,94.2194684674954,94.2173516708572,93.3262812678579,92.9817625495069,93.0678303089353,92.9471458635435,92.4727703315286
"77654",105.524435986563,106.450622374552,107.863175303287,108.247719228667,108.295398882001,109.797811686736,110.110012466263,110.527773849173,111.805627966056,112.525327422501,113.097393482868,116.787518061154,119.507510700181,121.354623656314,122.722558847666,122.941961114448,124.935483981967,125.81641103202,126.234651655279,125.991300003799,124.645438433437,120.570307220457,116.680896038817,113.71073732516,111.704277237695,109.279363297412,105.925431248775,103.650484397725,101.28311192747,99.422762574745,97.4097527002757,95.8931209965424,95.0477206847796,93.9185420109468,92.9445797641858,91.3943461401234,90.4215524971494,89.9840921669495,89.5210739072683,88.7931006906982
"77693",14.3049199805694,14.3385122126991,14.502673315563,14.6259061903673,14.7318493317058,15.1436991605354,15.4204009623948,15.8540666856275,16.4923373095251,17.0953849258231,17.7847225321862,18.5422057065147,19.4308405923992,20.293869675994,21.3598772513628,22.3397800586326,23.8225403199184,25.1947966180969,26.71797885265,28.0767201066647,29.3501793534689,31.4274905708495,33.0664894966014,34.4890042922246,36.0867986234873,37.6279289713167,39.4644069256523,42.319806391065,45.2290881052499,48.123260116892,49.3144494589476,49.1723618033689,47.7334579648486,44.8146528721667,42.4307895342382,39.8772994862618,37.9725498106044,36.593004767729,35.4464300076779,34.2040631559167
"79491",28.4627863692932,28.4220729174061,28.7058593709172,29.0698689617504,29.1803611490755,29.9830026250942,30.5453313970058,30.9644186334616,31.9548444164396,32.9341423583157,33.7414562355977,35.0937484406387,36.1160846904127,36.8784260005731,37.9997976492159,38.6983251007681,40.3114283467249,42.046310134955,43.4790344630708,44.9640740812503,45.6005518268142,47.0963614948889,47.7356353500647,48.6547783594957,49.7397470197278,50.7703166471618,50.917563801559,51.9120951410717,52.529925171419,53.3857032195042,53.6358770978204,54.3896242415384,55.8997377079672,57.0469978586,57.9352560511536,57.5770204280875,58.0252224179324,58.7962667506479,59.430559201084,59.6420949734548
"79533",112.67918023594,113.457351679081,114.311502986161,114.177127416499,112.559697271191,112.386879878515,109.425690412246,106.216984113586,104.678691941358,103.192715668603,101.492444793968,100.683476002346,99.3665090435098,97.7908010949575,96.9296246253314,95.5675965283854,95.2770471300229,95.2150741037107,94.8958693783639,94.5809569506666,93.8103391620466,96.6391969473159,97.798768720874,98.7257927978066,98.5531720661142,97.4581506274405,94.725981756758,92.5341573836918,89.7581992734702,87.5168158200228,85.1628825803828,83.4624524517526,82.3303250262124,81.2062206161709,80.1321446398197,78.5756767435129,77.5587639614127,76.7372950983061,76.0392557904103,75.1412022308685
"79551",28.7830680419479,28.8970844969176,29.1436923788794,29.2111543156752,29.0371284041232,29.378109653663,29.6798865444131,29.9318635130194,30.7879388435158,31.7043202760034,32.4882698698358,33.5864285016612,34.3822083451751,34.9449749437701,35.8390926909494,36.4443603484934,37.5065582514047,38.6094354082779,39.5136596371703,40.2916166640806,40.8521385226424,41.4719133390726,41.7616022801661,42.6257757494922,43.4082175901904,44.1531439837349,44.1655483120251,44.9346347130413,45.2528364393798,45.8348274922362,45.9631395608431,46.6037122207811,47.569148726931,48.244015520014,48.8213273636142,48.5205603562644,48.8297224720016,49.1961685585885,49.6182959392596,49.6266950054012
"79571",55.6239092354008,55.9446582575324,56.4072715959679,56.3138943474424,55.8299970249029,56.1942133995622,55.9274652548179,55.4624943798476,55.8136697359084,56.0599050520594,56.0533632278013,56.4877155339568,56.5922365104766,56.473215359442,56.7707463234744,56.757040478213,57.3077061875869,57.8831259315015,58.2692788103449,58.4616896835825,58.1719841219188,61.0706092890467,62.1897027909569,62.3672497462827,61.73517128881,61.2015369800466,60.1350228376016,60.0106293264211,60.3618629469753,62.3067670090652,64.209674655164,66.1168736629639,67.3908320113853,67.0400778322321,65.5990466048377,62.542797653975,59.9559818030686,57.831200735065,56.0602732727249,54.1972651523186
"79591",14.03672254221,14.038487859022,14.1944619286555,14.310989205103,14.4379065018775,14.8434215123054,15.1626372287366,15.4778085499146,16.040057871229,16.5839020022999,17.1017213936968,17.863061677732,18.6802366792538,19.5574357224636,20.6662278197733,21.7404596369404,23.2314985150388,24.778234034954,26.2869914026778,27.7877363475268,28.9850132298833,30.7890411840588,32.0597865770795,33.3301231340118,34.6628438581377,35.6610503595272,35.9984899672447,37.146431690659,37.9953452345793,39.1478126115861,39.8545947457734,40.8917130857139,42.3944511438448,43.4908466628141,44.7644157004916,44.9853782838622,45.7003536018253,46.5064234907114,47.2105858531929,47.4699656287786
"79631",58.754031644439,59.096999473193,59.795101329301,59.9700421562789,59.9285482775733,60.7212473867557,60.9527572171015,61.1347222276512,61.912046230825,62.3423682747442,62.7255899656007,64.5872448032711,65.9601314960277,66.8288746853694,67.5557120773665,67.62894254877,68.5691630049372,68.963338837155,68.9861296818886,68.8755300562578,66.6547324413854,65.1217971981362,63.5971875927846,62.4933012542449,61.9372412752318,61.5136289864517,60.6329634837323,60.1719915575213,59.0847034589162,57.9244146525022,56.6387132592261,55.6901330974986,55.3301801426474,54.9795304263626,54.8417277407658,54.1464974650663,53.560568364255,53.0132400291639,52.3302796489078,51.5125436805277
"79651",7.89359112484577,7.80929815843915,7.94550526303476,8.20640512217505,8.61791089223513,9.35729988415546,10.0667218297719,10.8850609229484,11.933334574769,13.0000839876007,14.1662746316653,15.7049995733331,16.9397168619126,17.8467470246639,18.6021703088502,18.9937609341674,19.7170502299141,20.1002379883351,20.344574143226,20.4071720414661,19.692584410396,19.3588011056829,19.1510783962958,19.1660745820821,19.3745944950896,19.4274550742516,19.2154355737441,19.2860601235132,19.2052979607079,19.2585736268275,19.1860005286349,19.2748192126516,19.6052224128011,19.7742214224029,20.002342779393,19.9995774122394,20.203571413171,20.5216501146747,20.677261201381,20.6802856771465
"79671",30.5945572144498,30.7604129565209,31.1919496481248,31.4503133174806,31.6574967848777,32.4835504129901,32.8982356083129,33.3353464607908,33.966789737358,34.3959585468773,34.7591335643499,34.9287852207636,35.1228991808411,35.1656166308193,35.3715457735283,35.3467316683625,35.8990353041107,36.2303548154231,36.6453874426271,36.8787625353783,36.8435555763435,37.2467643365526,37.4113087654205,37.4442684214024,37.6228557373938,37.5871366273937,37.2415004716464,37.2536468901218,37.2213191872961,37.4590229611779,37.3716786648142,37.2878332901688,37.4228831306041,37.405942856108,37.5085490651984,37.2240730117968,37.221902985131,37.4535134344393,37.5851209337256,37.4983447848549
"80691",83.7569884519864,84.1115517154179,84.9406996475721,85.2093122656312,85.0623743558116,86.4919535492392,86.8951666339491,87.2467226720827,88.3285657998634,88.8864436711448,89.4552489245429,89.7314185730151,89.7526873035732,89.5679711656797,89.6084469828699,89.0115803975245,89.577754593708,89.6744097643604,89.7209495098267,89.740442471386,88.9025788219629,88.3675537130748,87.9159943521144,87.8593280312652,88.0771606521698,87.6950986758942,86.9746624365241,86.6063532175554,85.9109826022647,85.9067967729681,85.2945037565099,85.053492329013,85.1995169552975,84.9910281858432,84.9106252167657,84.0231241816475,83.7650544422612,83.8077499523195,83.4691149678774,82.6968356382375
"81531",110.736257390943,111.297389787615,112.185504165176,112.133194338637,111.070196021909,111.569225419694,110.902109491665,109.533443949461,109.958818200459,110.204525357242,109.955238472548,111.375760681245,111.640005139407,110.903964280605,110.715066804165,109.447593760709,109.595720610563,109.747464722782,109.098970448464,108.241482383421,107.377133064702,105.685205707359,103.330285997676,102.083826719889,101.288027714705,100.93579124368,99.941574396197,100.311635965623,100.488581672481,101.24970673199,101.462504489795,102.338980900654,104.098269300654,105.463801767239,106.626350777748,106.526227483021,107.493462560488,108.798212928864,110.145526167963,110.633636069923
"81573",63.241680297526,63.4703070331907,64.0726969763191,64.1259679546755,63.8690832910531,64.6499703762145,64.9793000659102,64.8512284354884,65.6905074106336,66.2636265302372,66.5009648680944,67.1619839119343,67.3573997135744,67.1111640618745,67.232964927368,66.8026465186249,67.2025461506453,67.5757894462882,67.585424435647,67.4722476922307,67.6217539778269,67.5577540597206,67.0996779087184,67.2322746681849,67.9553278372506,68.4773480503457,67.4855854223374,67.3387122200163,66.962698755798,67.1396486392256,66.8520477011254,67.3749762832172,70.3577668191077,74.1555938437939,78.256988643788,80.5206109659815,82.4198012798348,83.2750486708798,83.1471244260663,82.5756447015015
"81591",3.7794752892654,3.75662932954169,3.80833525896257,3.86528045787311,3.95024224967925,4.13331646544917,4.34546643990102,4.58136706244297,4.94095837712684,5.31525533072439,5.71166294864969,6.25674129135129,6.85600027555661,7.49927076366569,8.25627835318117,8.98671475039699,9.99538362962826,11.0151385651293,12.0159010681827,13.074343654438,13.9338757048155,15.3013604637333,16.1866246303143,16.8903131100155,17.7457610959856,18.5161553491584,18.931442351581,19.9698362440157,20.901500279282,22.0868212899007,22.919684125541,23.9498858432296,25.3871815626334,26.4260840768774,27.555883591629,28.0535812349668,28.9872879261125,30.1697633040984,31.3677576159909,32.1269443412002
"81671",47.3220305078321,47.5233911286273,48.0759731988915,48.2752662555165,48.3846251249402,49.4087960300387,51.7346545040255,53.4787904334512,55.2814694878243,56.3697392365424,57.1825088727325,55.6509136030599,54.3262926454692,53.1253773648082,52.3791058604913,51.5002324048614,51.5875930278765,51.6045263978344,51.8179113577602,52.1477849428671,52.030959313508,53.4099652951816,54.0610058978396,54.1301403924578,53.6141901608446,53.0137487361753,52.2867300732107,52.2304798679147,52.1939937740922,52.5886931448994,52.7445934674447,54.1938014372286,56.635712261998,58.5645978069367,59.8791916324634,59.4824141157432,58.6396074413844,57.4504582069013,55.8059404555968,54.0612034497405
"83491",72.3790485571889,72.6766653614483,73.2171301751514,73.1840473849747,72.6600352085109,72.7415355374056,71.6804537766683,70.3414149834254,70.1178519944234,69.9329577028459,69.5782965033773,69.9147920162768,69.6479801783898,69.0668248114199,68.8490458209925,68.1777911980456,68.7088296649192,69.4719176780505,69.7196183414432,70.0486799164773,69.8398824875489,71.2471112423752,71.8367306608546,73.0233752877198,74.3592619934949,75.3491332067049,74.8253731588898,74.4144839501483,73.3449810452427,72.6343853750907,71.6485632948925,71.1208277217956,71.4699704285186,71.6732052976939,71.6803147950861,70.598882610405,70.2265564838296,70.2661613000944,70.3102356710598,69.8831137822364
"83571",47.2859172117437,47.4129211363669,47.8798537246303,47.9279151881397,47.8246810179797,48.5096779549379,48.9573429454589,49.089272110995,50.0770989556245,50.8982501091756,51.545510588362,52.6695989484742,53.3718332512195,53.5498517602058,53.9652619734697,53.8361049052241,54.4602834502896,54.9428054295848,55.0665165739001,55.0525969214804,54.4752818225336,54.7013112186079,54.3779021805819,54.2778445182856,54.2230075113347,54.1156231642015,53.2818437051908,53.1937227871741,52.8094485502197,52.7581116314304,52.2479223887504,52.0993532481631,52.5707941449055,52.6974874626117,52.8323441902084,52.5645570386284,53.1144142011822,53.9524318802937,54.6840936310789,54.9959816720952
"83591",63.3080290252349,63.4394220593163,64.1046165047254,64.0498245909008,64.0304594244768,65.0064552130576,65.6226329807939,65.7861027152694,66.8717839232108,67.6068348536817,68.1842683446656,69.0151429710963,69.4968679520212,69.6528872411181,69.9342208142032,69.7274844185484,70.4825077858554,70.9892018449774,71.2335147910147,71.4016942313822,70.8910325266544,71.2267515519717,71.2757916147761,71.7264106383391,73.1160133194688,74.8935221330006,75.81164532079,77.8245510296651,78.7436147477459,79.1253610388881,77.5680313717241,75.4387178486397,73.7281443812122,71.7923451613489,70.3501511593117,68.3674639611368,66.99566786407,66.3446147741192,65.8268357839954,65.0119402252212
"83672",82.52113533609,82.8437025615991,83.5836416058076,83.5672360307277,83.4637312772069,84.7318473829462,85.071117362581,84.9561181263433,85.8313442419854,86.3199225037764,86.8768004851237,88.3218018158109,89.1591152395533,89.6679373284422,90.2865158346575,90.0023547635132,90.9083827875557,91.2555946710549,91.3805111769227,91.5045640759587,89.44732246635,88.3149382126827,87.286960355509,86.7481880224198,86.4481593618218,85.9991415491871,85.1682391782165,85.185813390897,84.9476809057655,85.1473469728035,84.7165344223672,84.4043361211468,84.7299173781878,84.3730968167861,83.8571160615809,82.2384488007641,81.0985838399015,80.4397551709522,79.6341120603395,78.4329336466902
"86531",25.1804815093299,25.2189175883277,25.46215749964,25.5859697363133,25.7098785777206,26.2153344676125,26.6962664648058,27.0238680082236,27.8886059661366,28.7511099150892,29.5421615282641,30.5545125585121,31.331414385052,31.6818639635916,32.2922877384524,32.5531173581354,33.2242259125028,34.0224608655737,34.4986898178036,34.9569896219947,34.957600872994,35.6306333950609,35.8614402181599,36.3484855173272,36.9762198464905,37.5871864804627,37.6867693535427,38.1374316799559,38.4613044358882,38.8451925741594,38.9210281538463,39.1781167184474,40.0627287986556,40.6902294198696,41.1002375108198,40.8769918691058,41.0722568990673,41.5370300641725,41.8962384409608,41.7625003451482
"89391",30.003995513179,30.0301425515236,30.1967032535895,30.2548268290683,30.2273865762099,30.3946415389234,30.6015811870591,30.571655862348,30.9476209621762,31.5289727560426,31.8820659476175,32.389711940797,32.8359738166321,32.7352924310398,32.9051035936613,32.7402089077946,32.9268016615667,33.3148598354048,33.5513098658782,33.510698392941,34.0187155534268,34.0613178854306,33.849832797788,34.0217667918853,34.2153996006581,34.5527508985857,34.2170881447496,34.4686106204245,34.7092564801559,34.6897236655303,34.3404600377818,33.93898026641,34.2420179246329,34.4935781115439,34.5850815785832,34.1123180767097,34.0832665410062,34.3840814436313,34.517454734726,34.3062877299079
"89433",57.7730927328594,57.9238238246285,58.3016781067648,58.5004518841152,58.3934073043552,58.756783748059,58.9882298869746,58.7331528372046,59.3444673283992,60.0026953481531,60.2452195884074,63.0361090188376,65.4408015597278,66.3608944547059,67.732720606742,67.9237783055545,68.8280664285494,70.315517705574,71.0050084684476,71.1494464706373,70.7272485166322,68.7125498909749,66.2100163536517,64.4763132275121,62.9727413936436,61.8473112837233,59.8623993092397,58.636790930022,57.6544852916391,56.75147571822,55.6300306339917,54.6066478599086,54.5289577763366,54.4058356173678,54.2755563088415,53.5713344203145,53.3927636029856,53.6513449410967,53.6903062130355,53.2495192318639
"89471",18.6932606049649,18.7628097229851,18.9227154445432,19.0053163542119,18.9893542426361,19.173359049798,19.329837815484,19.3677201322458,19.7520509676454,20.129261436798,20.4694476479833,20.8850465980959,21.3151777712949,21.4213023730848,21.7192350488896,21.8156706918967,22.1914502929314,22.7789058489344,23.1761742901844,23.4788321300945,23.5310510310466,24.5554941475925,25.0216824286974,25.3782794252274,25.5521505652904,25.7901870590627,25.5746090091516,25.6847834490803,25.8526176749141,26.0367010911574,26.0412619646762,26.1253503931063,26.8408769661442,27.4366084682042,28.0314889936905,28.1630438941447,28.5779643053589,29.4288012981843,30.2234880421639,30.5723948203318
"89551",23.4290313601236,23.581418031126,23.7947285391164,23.71589827109,23.6148308897348,23.850008688348,23.9533368674098,23.8519038676841,24.236560330872,24.5101694063656,24.7147307502499,25.1112568823932,25.4022530726749,25.5127717215014,25.7646658478639,25.7353034601,26.1474593175586,26.4982937424167,26.6236647116742,26.8515258206744,26.7081056454909,27.015488116125,27.0609878721805,27.3354510225745,27.6112543794838,27.8593903035612,27.7416638069507,27.9020017698669,28.0022133108203,28.1695067132531,28.1097917958053,28.2105902157571,28.7407782122882,29.0430133324016,29.315064515168,29.1957968694829,29.3419437949327,29.6684865561325,29.9109198089401,29.8563792630058
"92531",39.0563505151024,39.3262897587749,39.7101939687878,39.7519700477653,39.6078240873013,40.0139162042893,40.1639524355624,39.9218905117663,40.4428212272577,40.8212110059565,41.0114123124474,41.435222114426,41.8492489639471,41.8814971039612,42.1379589506463,41.900103851868,42.2560953780982,42.6564805246235,42.7779099930689,42.8969141464483,42.6107701681344,43.8053471935391,44.4122644349605,45.2151676355325,45.9487932206988,46.4478362313201,46.1232096007579,45.9899831871626,45.66566053646,45.2611010520623,44.5158849784658,44.1139663215539,44.5130999270494,44.6093972936157,44.7083233127909,44.1316303943013,43.7096928571806,43.5312250366278,43.2901028568809,42.708138071202
"92571",48.6743443421121,48.9677734456193,49.4427936213283,49.3700049689891,49.2083709901735,49.8060470397131,50.2142041357481,50.0493490655208,50.8712973818018,51.3594096876851,51.5650463023006,51.8437446377837,52.0445967691387,51.7683837075616,51.6843893708235,51.2790364020886,51.4937541868815,51.3993266248807,50.9855601174,50.8741723332204,50.0190549404202,49.6866104280273,49.0528501099276,48.9387132339101,48.8363001966625,48.7041003376716,48.1118772807673,47.9695794198067,47.7867931978402,47.6770663207159,47.2477294931117,47.0764813876565,47.4798768340135,47.5422761975079,47.6553603855699,47.298630871081,47.2763788908123,47.4087978723413,47.4590951173502,47.149694861172
"92651",9.2850244597236,9.27762908225607,9.37998108689846,9.42293305432485,9.55336841892064,9.88871645674009,10.2919392524629,10.7791489298772,11.6189708497718,12.5126889963227,13.4863065031521,14.5628849299728,15.619846556446,16.6469598904718,17.7616000670107,18.7933488108212,20.2235273113191,21.5673138853993,22.9558503180672,24.3371807865276,25.128301508344,28.2208712455118,30.496964283598,32.4789056562489,33.8050152827797,34.5585227454106,34.18172894316,33.8185225493202,33.4206342769556,33.3437481150833,33.0445450951787,32.8680238580539,33.3574696480341,33.6592797897505,33.9082020624389,33.6539488544335,33.5492853977125,33.6893767130181,33.7743099359039,33.4673096443187
"95432",13.2474361235293,13.2646088199225,13.3832188654037,13.4714657750685,13.5335718734818,13.684986296682,13.9019191374541,14.0519929442941,14.4308702714423,14.8798057518216,15.2977663732715,15.7107652219374,16.2232943265128,16.5430435491773,17.0147374861912,17.3270271825167,17.7766200452048,18.3667876608661,18.9781015332282,19.5090242102693,19.7271649823212,20.3669973612796,20.6890181729132,21.2359587679028,21.7462061680913,22.3253168115058,22.4158506245636,22.8080763604028,23.2889277381394,23.7814917583748,23.9658323256524,24.0942804259401,24.8879736625824,25.8328240752183,26.7045291543527,26.9315445572378,27.0816735419367,27.3872469999591,27.3953233100713,27.2717581645405
"95551",32.1659135151443,32.30759695429,32.6765708997685,32.8065434253979,32.9799848580948,33.6802689533664,34.2245655508767,34.337943213247,35.070991490043,35.6407553350152,35.9414316376425,36.2788236409563,36.7545840238083,36.7606209736732,36.9867333182843,36.7907042325342,37.0477652699999,37.2347233103349,37.3965587246443,37.4250706555643,37.0673702799186,37.4378713173955,37.5730390634203,37.9427926904049,38.43082842066,38.7481685548328,38.3871584353904,38.3244281350708,38.2512456398077,38.2071032891992,37.8454247427817,37.8107216508477,38.2355576358042,38.3356534208825,38.5972638985393,38.342142881624,38.3991372334037,38.5146285882515,38.6075946692752,38.4034951648867
"95591",39.1408956021299,39.4231874884252,39.7987291842064,39.7448178987938,39.6225147168068,40.0336789243686,40.2229395873033,39.9885303196863,40.4601017443711,40.7040022904726,40.7678257825213,41.0152611983585,41.1824124282994,40.9763707000561,41.0753549094868,40.8475189392277,41.1535316251694,41.3027118909896,41.5082515557832,41.5944993937543,41.1890306504968,42.079976888617,42.3754786528867,42.5314002683168,42.4192077748263,42.357262997714,41.9394169129681,41.9604599964662,41.9208839900603,41.8877813343109,41.5912893612193,41.5082777904459,41.8839710823592,41.9266673925149,42.0591466494625,41.8696555246328,42.0344572906628,42.3696147209284,42.6825099455202,42.6291019666368
"98451",33.9314500870219,34.073012590823,34.4447472788957,34.6020374146824,34.6260576283819,34.8418515363502,36.1235272330369,36.9164787818617,38.0396534742304,38.9668889850232,39.5247374489497,38.9281990992391,38.6631711008686,38.0713134285939,37.9013865512526,37.3575671714313,37.1300103324267,37.236769310382,37.4364773355152,37.5340421670265,37.3591421911572,38.7918736173762,39.2703230351123,39.3644340882714,39.3474700440386,39.4575274182947,39.1406500695554,39.3575787011765,39.6906341338296,40.0788886405678,40.0857930344383,39.9942640674291,40.7412505189958,41.1695837188661,41.6494621801872,41.6122566259242,41.806597930842,42.2941149087393,42.4369150801588,42.3840760496073
"98491",19.9279625217713,20.0221858456309,20.2468913299243,20.3268521145013,20.3769683007594,20.572949534291,20.7586105359325,20.7757227899289,21.1427897782075,21.5143430283297,21.7727947049103,22.1465693600573,22.6921066814581,23.0764690621127,23.6390722448677,24.0046105720546,24.6095587527479,25.3753575341327,26.2041130563996,26.9030236727046,27.2780567443282,28.1971991654372,28.800458852995,29.5912597693255,30.556599775039,31.4453248746271,31.6849301635197,32.8733708514847,34.5445753257372,36.2661241168451,37.2088381423073,37.5375739410252,38.1440849821085,37.7615199082607,37.5750815577407,36.9158556975421,36.9171376399574,37.4866334290252,37.8842791321632,38.0182756369754
"98611",26.4822656212955,26.6108445928542,26.8097197983446,26.7207810324032,26.633580531108,26.9215211503318,27.1263389254875,27.3099918939377,27.9801910020366,28.6303421405145,29.2482410533131,30.1787238401523,30.81678929152,31.6022670570555,32.6633411462573,33.382508338764,34.8329227470534,35.8835944907241,36.9730717265318,38.0585881423829,38.537465941208,39.3187293810978,39.7968873957884,40.7435092234287,41.6579782199659,42.5208818365966,42.8439457811115,43.8321202743516,44.7700835516852,45.4192830581571,45.4885595820756,45.710551027102,46.7020462118771,47.2086925110391,47.9287506640777,48.2705728212897,48.7864360907713,49.7903909878403,50.9278481930614,51.4482868876378
"101391",23.08405929446,23.1708356199814,23.4285580340839,23.5545206619201,23.6987311046079,23.968027696903,24.3134798705436,24.4815407769155,24.934566507964,25.52219924674,26.0694042178884,26.4637376498405,26.8264578717014,27.0069648444499,27.3831684460196,27.5087302846353,27.6381478358778,27.9153209818418,28.2304732663351,28.3427392248673,28.0832297438527,28.6494218855586,28.8248441060582,29.1739852643623,29.4615847030409,29.7150608860844,29.5291544539621,29.8147726292614,30.1498492017374,30.5334414078459,30.7483836186411,30.8730087141658,31.6441327088604,32.2690538013767,32.7266311922265,32.8345779181441,33.1854457463859,33.6365247176872,33.8230008088968,33.9537997376817
"101431",35.6918316160763,35.8559719381697,36.3025863332098,36.485507295427,36.578201825588,36.8761043777926,37.2017372975763,37.2535188414429,37.6677113409446,38.1154590622463,38.4065546097997,38.8220906877111,39.1758550093573,39.2289685954647,39.5898295380173,39.3797017978455,39.3225242863259,39.4105401938077,39.5965795280798,39.4759174485029,39.0646795405779,38.9237464060375,38.4944318573485,38.4446026587286,38.5702454552408,38.5784088895661,38.1177335844582,38.1279719324187,38.1177283380312,38.2132291360028,38.0908730697149,37.8324317704762,38.3370696327506,38.6961978304011,38.9715455265085,38.8729127482571,39.1519132829203,39.6915842687746,39.9461150302055,40.125647120079
"101471",24.3359020105654,24.4369824744511,24.7234465805592,24.8569876977369,24.9349676592548,25.1604837830847,25.4331602022089,25.4991319522782,25.9159133580182,26.3252887192598,26.6118108774867,26.9427189837195,27.3108281524447,27.4144135209307,27.6867150476267,27.6034903680728,27.733791123028,27.9471836029855,28.223538279454,28.2814442340799,28.0626172295034,28.3093888974317,28.2836605966671,28.3995834725581,28.6599109077533,28.7642558650366,28.4704959013059,28.5775493162062,28.6806570772699,28.8426549562046,28.8248603593765,28.6823609049183,29.1385060115383,29.4417811341156,29.7768527319825,29.6474062946444,29.6720476395905,29.8759101193317,29.8940750824732,29.8428362314153
"101631",35.2941026614919,35.5116605354128,35.6973557333365,35.5377843870796,35.2780239978117,35.5473768852215,35.658667430166,35.5443257383613,36.0848644918561,36.4934162879696,36.9552557984078,37.5495546784791,38.1065002293712,38.473353186305,39.0061564039127,39.1564420477403,40.0363976443027,40.6582622065358,41.2895537644243,41.8797766575125,42.0227319387164,42.5091495368029,42.756778909779,43.4265555576622,44.3122296986627,44.9264572290336,44.6508313968777,44.7449798145725,44.9292373407556,45.0997374435438,45.3105241415333,45.6242646584894,46.5504619175331,47.3089012440316,48.5289399406679,49.2802722203586,49.8991922393392,50.3281218277502,50.5184882027076,50.2467263446486
"104411",13.9462144965044,13.9819767306398,14.1608398373744,14.2888952744206,14.4129585646,14.6357335796289,14.930141507696,15.1576135257881,15.5821699536972,16.0737630872829,16.5469730586495,17.0083560890707,17.5212083855092,17.9326350160087,18.5073476848081,18.936365696588,19.4656632495438,20.0828139272472,20.8391567511326,21.3583275361521,21.662619469314,22.921013174702,23.7793482820018,24.7525132374879,25.6116686539401,26.0673252230836,25.8292981157576,25.8747649331616,25.6802785850991,25.5910200611886,25.3852370642074,25.0486472685778,25.359442887637,25.6252201270955,25.8788355574258,25.9249585827598,26.2472374931996,26.7934312074731,27.2006423762851,27.5595729012767
"104452",41.482889341027,41.6420048226861,42.1167595398951,42.4016215269727,42.4882216368922,42.8423720498842,43.7776487383348,44.1735679931163,44.9544425655916,45.6233005525732,45.9917803889544,46.5797555906895,47.1506149403539,47.1826618236266,47.4735650041037,47.0871425333684,47.0929104574988,47.0713734879373,47.1731550925967,46.8042203598195,46.0813675103398,45.23796011567,44.1507164045838,43.2803673876562,42.6821213891148,41.9375173708083,40.8420883795511,40.2239786585606,39.5394416009039,38.9499904485925,38.2507255084787,37.3922157334625,37.1659594478484,36.8434442466122,36.5461872987956,36.0218847393573,35.6626898775922,35.4337606410457,35.042340472977,34.6501606962427
"104531",55.2426129033696,55.5205120191215,55.9589551563032,56.1233005413735,56.3151729374256,56.9175947361463,57.5918821814936,57.2863113303396,58.1339823807052,58.869808990599,59.2419528971297,62.2461717485928,64.9156979129833,66.367919779613,67.9126658496698,68.0499926651289,68.6453084580085,69.0150213811561,69.1548333935425,68.7239447273692,67.8762096272448,65.902098978967,63.8026005572992,62.1367030151727,60.6497949267209,59.264279868546,57.3893127950991,56.2258580841538,55.216731694223,54.2724249522441,53.2940731773545,52.2576213962186,52.5556552856347,52.7487563970442,53.0483712102626,52.4579620599339,51.3914551052517,50.4934153145266,49.5860632736931,48.6248771821653
"104651",38.2558278258203,38.4650817375,38.6660653132387,38.4260330359356,38.1898703883861,38.4689615078914,38.439318426816,38.0989797577837,38.4222096302084,38.4860830058011,38.546564067573,39.2233901997273,39.7575042759808,39.9879066090255,40.2041256651002,40.1121488948961,40.588675065078,40.7643944913881,41.0652820334178,41.2073412171356,40.5237054218905,40.9304331551208,40.8638171913726,40.599195761427,40.1076867025539,39.6184661734374,38.8528496080424,38.5990153729457,38.3713679668773,38.1261181031187,37.7866504792739,37.7508071010634,38.422354847095,38.6457966732868,38.5900092981975,38.0649967520501,37.7281380198677,37.5677510805175,37.5355286494468,37.2724195032472
"107431",31.5350365783524,31.6684955556628,32.0165238628463,32.2387673009236,32.2193933917568,32.4424448640379,32.9849650032739,33.1710818460197,33.8046488507383,34.6480168692863,35.3233207010653,35.9409981267375,36.7552570476321,36.9785085210346,37.4646381279954,37.5407547745228,37.9567638315001,38.399011471262,38.9313363659609,39.0155037619752,38.8373035632793,39.0698893981842,39.0942854341835,39.3345068167168,39.7648036440862,40.0446942460002,39.7803996783836,40.1237647632962,40.2467621807141,40.4726515487488,40.5367650676208,40.3236855968119,41.0151634514774,41.5387916918172,41.8100249058126,41.7034566440947,41.8560271108983,42.1927336899682,42.1733943124805,42.154623596679
"107511",45.5213520052047,45.7701359150779,46.1747034744868,46.3439975180724,46.4872155651045,46.9292631524184,47.3460660570244,47.1056829530817,47.6994962182846,48.1239574992019,48.1860717320024,48.3995486783754,48.6801678034296,48.6563433911958,48.935885910839,48.600104450252,48.656329363166,48.805040874595,48.9675742932041,48.8981301435285,48.3212435677094,48.4095524526017,48.2059641884336,48.1943759326546,48.2130810664925,48.1935823461732,47.6017790758209,47.6007316915597,47.5604323408013,47.4701224816307,47.3054483317968,46.9320974006553,47.3906564514984,47.3573625575369,47.5360394275575,47.2676825841889,47.0942600195195,47.0292663029893,46.752918921382,46.4051899724825
"107551",53.7405974128751,54.0353770143612,54.4904559367782,54.572552135292,54.6515468915808,55.2231114448492,56.0227573189439,55.9949266787796,56.9024646497348,57.5667076834114,57.759991241607,58.9575700334675,60.0463730529253,60.5096872118836,61.1965841143357,60.8878416632613,61.1682707974165,61.3369281597515,61.4429821213399,61.1125191475569,60.3568180095082,58.8255901555937,57.1921557086592,55.9765847517184,54.8999863236127,53.9035381281837,52.4665348636296,51.7054999165755,51.2408275199591,50.8090959173652,50.2931338348904,49.4782431656269,49.074644761097,48.1273191473062,47.4752967708468,46.5597876111337,45.8078874146515,45.2966016108284,44.7879176464196,44.1959715080676
"107632",127.383382753369,127.928021104596,128.803291526299,128.461430560733,127.800597402155,129.397459515237,137.405140523285,142.646665175004,148.848738793709,152.96974383586,155.953196270129,150.867078059545,146.227889974373,141.090816492601,136.74914098849,131.703178275444,128.652472471007,125.079182047305,122.277251019644,119.090954515463,116.981741119454,114.093317401005,111.356620409116,109.142840688406,107.451110959652,106.689312097367,105.589767093232,105.061020209781,103.921563314372,101.782721326668,99.2743214598401,96.4051990961994,94.6499019470217,92.5482279417013,90.9702808364075,89.1919557501983,87.5841087886954,86.0880221791319,84.6472815032511,83.0659220017705
"110371",53.273524774781,53.6203459196506,54.1620802985393,54.3631157996623,54.4524821318509,54.772514259861,55.1751619266659,55.255713699878,55.9134187347357,56.7661039672942,57.277440742485,58.6755741397562,60.1125506539852,60.9159036112825,61.5655277970341,61.9972435607521,62.5677051834385,63.2499744191034,63.7788078286193,63.6295071385438,62.8990375202794,61.7943168014192,60.721901549065,60.0247753305421,59.6419517723125,59.1490385518204,57.8034770295642,57.3912935917645,56.8298365535592,56.3149963277184,55.7939020051735,55.1028481983827,55.17794988115,55.345808116109,55.4958735698368,55.2905653728008,55.2681417267205,55.2335782279189,54.8912191259114,54.5082570392515
"110452",18.3360524398064,18.3571252574585,18.5579557452877,18.7431372089544,18.8816463345281,19.2588047671082,19.7178639486493,19.9721954629733,20.5413311139072,21.1067187627539,21.5279024506267,22.1114723458602,22.9152095496757,23.4756604439451,24.2268173646982,24.7810468142236,25.6055169694139,26.5280359241616,27.5684110622332,28.4193490625176,28.9311977811865,29.8194738974956,30.4847428573022,31.267785617612,32.2160838112807,33.2487792733382,33.6643116670843,34.683961974237,35.2661158037125,35.6484874238936,35.6515341564144,35.048560892733,35.3259723935441,35.4781818169037,35.7197258805675,35.6870268633244,35.823902718464,36.2038124006261,36.2919987949355,36.3533917759609
"110532",30.8573529961355,31.0114075212468,31.2509628102134,31.4113787206948,31.4951483273305,31.9160531004975,32.2573492382212,32.2333721861343,32.7462321097835,33.191620859817,33.3134953037197,33.9056976888326,34.494975987766,34.7011081917135,35.056288468105,34.9147439254178,35.0734343743653,35.3275180141143,35.5565212547661,35.5197130838643,35.1962173722904,34.9916567493153,34.6459677742402,34.4481207850626,34.2273008468356,34.0379117740493,33.4751259968879,33.4062508137536,33.3212441738991,33.2811590428478,33.2657319139583,33.081654400122,33.4751895941491,33.5942614927132,33.8915101511242,33.8878678110236,34.1631504889839,34.5205894845398,34.7631995229608,34.8612585167449
"110571",30.7609636326495,30.953196882874,31.1750277119982,31.2229100797482,31.1898931721469,31.4964494461276,31.7425697098124,31.6770414793447,32.0991452332994,32.4765330848323,32.6109328197577,33.0095848946803,33.4117398822167,33.5979046852564,33.9600702309303,34.0153151787148,34.4112886748639,34.8668351843009,35.3354401032148,35.5911700720656,35.6802793734234,36.1248961980732,36.3241212587171,36.7504445539454,37.1290331559675,37.4810362921665,37.3394012057349,37.7934947005314,38.1699964139791,38.4751035446382,38.7318788623382,38.7238893878875,39.4652523391173,39.8361635410767,40.5263868486082,40.6893987068438,40.9163859548093,41.0978656431394,41.1432666019503,41.0586713599231
"110611",54.3157499345318,54.5488885823689,54.9907771741878,54.8033378194876,54.4697507711696,54.9938262788257,55.1735902284873,54.898626837459,55.3557967878337,55.5982701639029,55.607469802634,57.0586138909096,58.2012414948651,58.8434365826688,59.482061213478,59.54716463163,60.1793287542729,60.2296694706621,60.4533550366206,60.100253313495,59.5971791438937,58.114162609939,56.6432142991897,55.6081566848131,54.771566688378,53.8720104958304,52.4818462001625,51.8796217940063,51.3738751800961,50.7381064333335,50.1184443715506,49.1199586049216,48.7814443932233,48.0064780357767,47.5577446466348,46.8180083735667,46.1680784790807,45.661383326109,45.2033525097443,44.6670169536994
"110653",7.82284238107744,7.85265739384772,7.92415458827893,7.87842137986301,7.81154463070403,7.88716621147436,7.94241290244443,7.99427075516994,8.19542916536908,8.39327791730623,8.60971912966419,8.91798896086686,9.27175282289257,9.61065359999025,10.0115572180454,10.3800001427485,10.9929204379668,11.4585377934318,12.0857719894577,12.6157789524843,13.0660136103868,13.7554470179328,14.2463610808567,14.714580354214,15.2395119932459,15.6950036159674,15.9150674719362,16.4738768323708,17.013581067817,17.4733673264275,17.9614933417453,18.2115607055027,19.0135231669809,19.4870006142405,20.1397421022624,20.5809265305229,20.8963293106437,21.3076477927196,21.7536103445278,22.05778569425
"113392",92.3832997667344,93.1211547635303,93.947509866876,94.0537794345679,93.5904951969108,93.519815025052,91.8346840703928,89.7756791830572,88.5848065734737,87.6193003565066,86.3319137440644,85.276656393371,84.5049926477438,83.4526162453985,82.4240636585053,81.2588952287508,80.5942981488884,80.1637786677162,79.7785872971408,78.987653300001,77.9011149961574,77.6801694287197,77.2853482217497,76.9563848081887,76.6578687470079,76.2255649280764,74.8769276252939,74.5233012782307,74.0912723214907,73.6407920619072,73.1784401244096,72.4708978546949,72.6163083662601,72.6373841134164,72.5443196208617,72.1564957738509,72.0096797005356,71.9830685678235,71.7949385355039,71.5665122642315
"113473",82.7953879104832,83.1843687875095,84.0324541267708,84.3939658923217,84.1728546799807,84.9350421283027,92.6705758375115,98.2734490157352,104.439939810454,109.388194590352,112.523740268859,108.643230966072,105.554713200772,101.635847455661,98.5252938227243,94.943832998952,92.1587224924698,89.7853365613464,87.7499987430845,85.3759473838391,82.5289969995289,80.4465287579952,78.4128398510922,76.7487939433024,75.1851047657018,73.7659951144922,71.7006390066237,70.3750411251682,69.0369266797723,67.9132164453335,66.8258178520089,65.3355280360341,64.4683369935133,63.3437197847533,62.3943778579951,61.2789833435101,60.4347099731463,59.7010234266622,58.8846252833508,58.0428611153115
"116371",44.8797515413511,45.2770817376094,45.6991371026882,45.8511266954638,45.7669349834052,45.8940953068234,45.7361480291125,45.4082897840368,45.4548905555092,45.6038536072419,45.450909018017,45.4801531425612,45.4916417694438,45.3465741309844,45.14160139219,44.98253079507,44.9825771050225,45.0334612888886,45.1873006004611,44.9538715635829,44.5464888322578,44.7122384426618,44.7850162741689,44.8620030822984,45.0129353916414,44.961923668907,44.227467580209,44.1589074404279,43.9546345014942,43.6806168319145,43.5000702683871,43.0876932768942,43.2397153506106,43.2504846664285,43.3539682368469,43.22297719956,43.1899066489518,43.1104657624179,42.9953377614689,42.7752611515178
"116491",45.1274339463182,45.3541492243312,45.8188306271303,46.0937069128163,46.0770062404292,46.7036264646762,47.6400546974913,48.0397560852599,49.0502303151127,49.8635316374862,50.2546099195138,51.3278238455723,52.2392839861838,52.642695819998,53.1116157579061,53.1086553805696,53.3669444059368,53.6818317884868,54.1496361075062,54.0478748096793,53.7345268098114,52.5779548132321,51.532793035154,50.8556455876244,50.1746882337376,49.6007508761303,48.5806103121792,48.2288713228177,47.7718604171069,47.3184959240742,46.9628072211549,46.0863224673277,45.8140975840675,45.3525833935382,45.1476710266762,44.6191629164887,44.3967677981,44.2661494723483,44.1592948519991,43.8746236871446
"116571",32.1932960105424,32.4592119263433,32.7052100951079,32.7819355122471,32.7273788031721,33.084086073114,33.23241500006,33.1948888810051,33.5280816810168,33.7466223576083,33.8146117452309,34.3466881939825,34.7488218811116,34.9199327849316,35.1133027301978,35.0893403379182,35.2841216277182,35.4395179050741,35.6350502683087,35.5562027358468,35.0591913775922,35.5087094268021,35.4825442447786,35.360230619473,35.1671065534984,35.0231571568883,34.570191064069,34.7933639009277,35.049764529147,35.4384107003682,35.7731880120245,35.8039584929542,36.3322128992686,36.6610821611229,37.3988801457743,37.7490057801797,38.010064624393,38.0648412080791,38.1004281681844,37.8751607410479
"119353",46.3007693177589,46.70028116978,47.2207445690676,47.5250588123915,47.6141389275343,48.0201038455656,48.2950239794495,48.5845511300794,49.1719901833307,49.8777086531363,50.1423619863777,50.563232984074,50.9479547133747,51.0476358374084,51.0719105805113,51.1754181514128,51.3345284847617,51.56195127903,51.8844084183919,51.6440472083596,51.3680658237144,51.227519835413,51.0665996100048,51.0431070328229,51.4155283241865,52.0178670888157,52.0542914605316,52.9248437319146,53.4975070238105,53.8593809468028,54.1776974579215,53.7549588799107,53.658321044343,53.052503131528,52.332522210898,51.4082659828136,50.563167598557,49.6498804155539,48.8748907589111,47.9274645226515
"119391",52.770896908145,53.2530501435959,53.7823870487914,53.9859834248923,53.96507215885,54.2979402148626,54.448480415196,54.4463000030973,54.9986180625235,55.5421010079688,55.6548225877485,56.4016266657785,56.9981784202962,57.2262662712467,57.3974996038202,57.563463073892,57.8426328534041,58.0272195638587,58.3790175910709,58.0905843382216,57.4598670472118,56.7547711254236,56.1185762812612,55.7108726952412,55.519108802773,55.3163253659599,54.3034189877184,54.0470018521412,53.6205491234214,53.1918157631351,52.9608537486312,52.4115799483314,52.6077155024703,52.51553575329,52.6943207933254,52.6221266563685,52.5777019556692,52.3620537452452,52.2113757160315,51.878118248923
"119473",82.5624464606313,83.0659295032073,83.9064082720974,84.2850492463023,84.386833447349,85.2188575527248,85.9560344771111,85.9305784611604,86.9330229085674,87.6933333472606,87.8543727550256,88.3043124836378,88.5638455249107,88.2463547319682,88.1142172701793,87.7893360877619,87.6247326093294,87.4722156884143,87.7520318798703,87.2779293457392,86.130122729693,85.4613349704099,84.7283197146325,84.540582240895,84.3117738478055,84.1340685620467,83.0125225163667,83.0767926676535,82.9579604953519,82.8112506199079,82.4981716968619,81.2536950153918,81.0046980738887,80.1000673994777,79.8757029230187,79.2621183845265,79.020704597734,78.7464239969079,78.7057648080832,78.3233322587822
"119551",14.8832496356347,14.9433646856763,15.07083712814,15.1681966341477,15.2398923133989,15.5931564544538,15.8915665398558,16.1212861981231,16.5870855596079,17.0754579456426,17.5028455302247,18.1142739419009,18.78425346862,19.4252660799315,20.1390566266791,20.8434160842772,21.7451574468082,22.6803359031254,23.8309145527742,24.7643258335676,25.6048893016361,26.8264390778788,27.6348789020552,28.703948342735,29.6461134905605,30.4410699948476,30.7969228382058,32.0137264156122,33.4933729682544,35.3829098107487,37.3760486427622,38.8127596193064,40.6793369614551,41.1474574547009,41.2251144157216,39.8702775199034,38.7314708597295,37.7843221902877,37.3765017226574,36.6490356955202
"122571",122.417066623565,123.360593651453,124.293163273626,124.223359188259,123.251735464098,123.829383129547,120.921828513932,117.44176438642,115.166848166681,113.164390256626,110.742238374423,108.797045327623,107.006766989529,104.890951293499,102.752015175671,100.616809779617,98.8770985110569,97.086566655023,95.6179031463066,93.7706865884848,91.8219701144954,90.5688042105017,88.9948247777416,88.0754928351172,87.1437711108663,86.0916005861187,84.6490614283699,83.7575431338404,82.8800049464811,82.0679118769752,81.1508215372255,79.8268003900662,79.1840985229079,78.100200806023,77.5705442206107,76.8682034596289,76.102524433919,75.3681522851551,74.9572386575506,74.2840599224371
"122612",13.2137152677036,13.2282463941166,13.3665142561037,13.4694458028619,13.6095888709974,14.0321669783487,14.3707276265226,14.6882627560263,15.2417747336689,15.8145393075839,16.2697793530876,16.9946508013835,17.8229228586703,18.6532842358203,19.5243935804703,20.5011276201127,21.7676925447995,22.9962842966096,24.3906238840349,25.7638142877227,26.7710829584633,28.2855066987481,29.4655317846641,30.9672963094961,32.6147087716778,34.3134222747704,35.601991516496,37.5547899587724,39.313632080491,40.8426197654347,41.6426595130175,41.1649804915387,41.6057715437268,40.6819287400051,40.6323904202623,40.2346419199145,39.6787279936704,39.5648236547696,39.7538290036009,39.5579562001776
"125273",46.3026499463849,46.7839596632952,47.2482599664051,47.4598815455898,47.4826494290067,47.5918076497751,47.6619744258258,47.947853578225,48.154040546456,48.5757964606227,48.5867749714112,49.0782891573955,49.0601711956085,49.2699275341183,49.3783636385925,49.3058565643269,49.3141827918045,49.4103797663164,49.3151281941882,49.0631490065505,48.6357337696128,47.9929368256625,47.3318875549036,46.9167563795118,46.7814303585375,46.6444445249447,45.8091511576622,45.5718242456645,45.0214623300686,44.7126422285445,44.3671711777396,43.9290897643694,43.9207355343273,43.9019475395909,43.7952623035055,43.2864460955317,42.952172843523,42.6276503664472,42.4566263680809,41.9833311496474
"125511",27.6571367882214,27.8499541041696,28.0961711505465,28.106201112887,28.0198253779409,28.3448530769828,28.4870858453013,28.4147483177093,28.6669989562008,28.9944596199542,29.057000506722,29.5603551793811,30.0089312888184,30.1829561089731,30.3280996690734,30.4348025199348,30.510294480037,30.6292880848535,30.8986844610676,30.9051739141555,30.5643694862092,30.3217386228317,29.9319898677694,29.8680069128106,29.7670401703361,29.5491382304556,29.0882247661632,29.0557942793802,29.0391675105678,29.0930582739828,29.0866728757392,28.7879634198746,28.8953243312125,28.7468764212216,28.8908869654866,28.9714461843328,29.1303079983965,29.2178286474785,29.6009558895905,29.6504617627656
"125551",41.9853254375717,42.2121349144569,42.5896052717222,42.664662786403,42.5733626164655,43.1101844318293,44.5133943320023,45.3365354817165,46.4698164891099,47.5471894450636,48.0437734066745,47.6305589914351,47.3018997916927,46.8125826658272,46.3549074646297,46.018330280095,45.8719836487509,45.7800608289534,45.9284643494819,45.8863610245482,45.3665157347918,45.3442926701047,45.140684980069,45.3890721744552,45.5738590187697,45.479459485887,44.9896758270428,45.1549481844939,45.4424886838397,45.785577555444,46.052708917627,45.695505236668,46.0376549541971,46.111024868963,46.6350956783884,46.627152827586,46.5156270388477,46.3322632860748,46.5274085884203,46.3475991666815
"128531",27.9954947679638,28.212794491556,28.4115111374844,28.3666581838565,28.2810637554269,28.5727492311307,28.6617618986964,28.5412193093178,28.7432199909707,29.0053735355401,28.9840778563603,29.2887356352452,29.5278714532873,29.5832708113305,29.6123628588529,29.6516732011838,29.6838031424919,29.7808035238758,29.9658201098826,29.9596073807205,29.6211081923583,29.5281317893386,29.3091362441651,29.3396596711923,29.3772649276183,29.3111361539431,28.950835819299,28.9414191485804,28.9337322336759,29.0215379619421,29.161415805441,29.1089502353496,29.4813494313451,29.4663660980853,29.5038754376103,29.2193091529273,29.0170209880741,28.7366374796054,28.708951978283,28.4433812421676
"128611",51.0022983848918,51.2676177368836,51.8293930742874,51.987803892997,51.9191832700783,52.6233673813386,53.1093288815861,53.0367234697272,53.6735685582574,54.217960111454,54.4598587648107,55.0244151910261,55.5695130339766,55.7954984467884,55.6949410036101,55.8157290117118,56.1592966882939,56.433469186482,56.7246458601509,56.7584198962781,56.3943352680182,56.0644919439097,55.3871090479905,55.3910772148691,55.5123751501648,55.6324635813819,55.6238625989343,56.2588056552207,57.0076637969771,57.6856887933062,57.969859317276,57.0106519099432,56.6650900713709,55.4763159709269,54.9796754131322,54.0926339322252,53.2532868922408,52.4591006610654,51.8638465918777,51.0738302134993
"131591",79.868210397524,80.3288076337481,81.1080452874036,81.4764026947545,81.7088343238214,83.0544275206173,85.0060276593612,86.0094498994256,88.0755548745096,89.9091357592083,90.9482253594401,91.812486626896,92.468893375693,92.7907397141512,92.3945159667142,92.2509779448813,92.3484360456249,92.5570792355254,92.7616063527501,92.3602161428347,90.9109255203439,89.5840632323768,87.8707117654721,87.1143730456251,86.3184364904731,85.1139012232344,83.5384974694251,82.6525591390867,81.8204846334242,81.3120351028845,80.6412911390657,79.1977415220532,78.6199897907333,77.5369244784883,77.2714259168292,76.4892156055259,75.9904868559145,75.4107317047476,75.0796227726013,74.4574215740521
"137551",120.756873082688,121.271305811675,122.336313624249,122.358403536799,122.513191742143,124.268880069397,124.315334587475,123.530676819707,124.539755196091,125.628070714892,125.7857011361,128.876484190978,131.086619509945,132.985046000824,133.341668672511,134.123533367631,134.837610319532,135.890843361715,137.09373205679,137.256481613392,135.911605942848,133.557022727775,130.633659327875,128.895722977732,127.738591471366,125.894785221301,122.922285020328,121.139965169844,119.738461372825,118.619419595297,117.623311205088,116.130208235426,115.308585051631,114.071898435037,113.96916475116,112.914738464037,112.756379699268,112.149592310069,111.823096381036,111.086561313343
