"plot_id","1985","1986","1987","1988","1989","1990","1991","1992","1993","1994","1995","1996","1997","1998","1999","2000","2001","2002","2003","2004","2005","2006","2007","2008","2009","2010","2011","2012","2013","2014","2015","2016","2017","2018","2019","2020","2021","2022","2023","2024"
"3293",65.407676469001,65.7587322336032,66.2741467548089,66.1381603216344,66.2795594291099,65.9500898166743,65.4294666451562,65.2647924295058,65.7247270342462,65.6383750752757,66.3009484244687,66.4425131538048,67.0172862460068,67.581745208322,67.6802675474835,67.8194430488619,67.9020948784258,69.114167196485,70.0739044916173,70.0642444085221,69.8944435757574,70.1695827204288,69.8400659628637,69.3863572271842,70.2790711277767,70.5464553728106,69.5651940744971,69.5443979244922,70.1620527745995,70.2323293978201,70.5337852633276,70.9102740330167,71.0273545008812,71.5025880151236,71.1466185290434,70.5470443176541,71.0887610903343,71.8766998055227,72.0398753163724,71.9444893714566
"3314",39.7753411923166,39.8503470128998,40.3162116056022,40.5425018670957,41.1104727207903,41.5598382490525,42.2462714210605,43.0358958645077,44.1968861166694,44.7200286651595,45.8088838338145,46.7590532193201,47.8989406639507,48.8643908961933,49.2547940651451,49.5489017298219,49.8213827227077,51.0234207288237,51.8320655108045,51.6812691805512,51.144081381409,50.9724620801546,50.5237036201416,50.1867687490332,51.0071871914395,51.3940020059882,50.7667547272911,50.812182494329,51.2668446262739,51.2058305560403,51.291935075618,51.4904354107775,51.5478124531614,51.8876583155306,51.3959501353054,50.5472454281814,50.4606502934099,50.6405716849992,50.4866394127192,50.1632043515933
"5311",58.2251843939818,58.4077289477531,59.0420399120304,58.9231310782295,59.2354408793868,59.355680780604,59.7702693986948,60.3660609990383,61.2691794340019,61.4000647248548,62.1927554407642,62.7816380268138,63.6450368639626,64.4667263625637,64.7997214181817,64.873309784743,65.0803409061371,66.2600230707081,67.0927558787778,66.833952018844,68.1761506537222,68.9242377257922,68.3788183240206,67.2834527987067,67.3028369212086,66.9542392185385,65.6941501026198,65.4497723980357,65.6972855217906,65.8984113280345,66.2551197230469,66.4015925069059,66.1365904152161,66.3313042982798,65.8004603644032,65.080326922575,65.1678421394532,65.9050720073373,66.2710283514756,66.2624755314731
"5333",101.078656421144,101.466719184334,102.443940207746,102.088338636047,102.269708525462,101.913785489071,100.721517452728,100.326538169693,100.602102358817,99.7876316107758,99.6441521560446,102.373136199444,104.656936419265,106.087833354191,106.545523311914,106.522428700914,106.629008718885,107.764752634053,108.179428502451,106.973788476909,104.07553414902,101.346407463213,98.7421997440121,96.8825943141542,96.2944411926563,95.2491216452455,93.3773425351021,92.2717113916868,91.5851396623442,90.6370217586927,89.8862628769001,89.3016424211925,88.4872526346353,88.2975148093834,87.3880701077224,85.9606381189433,85.1355240337332,84.7647483493737,84.1219627244748,83.1377010234333
"5371",40.8003728241172,40.9548685099215,41.4350478835959,41.6912431358438,41.9437662825171,42.1036306988029,42.5300154251061,43.1176639301912,44.0990554271773,44.2640557743931,44.9021478380321,45.7133551419643,46.630811296288,47.0029224668198,47.1835713961085,47.1836821323128,47.2932944953854,48.1302518902539,48.5881940552017,48.236223350405,48.1850376281459,47.9078482322713,47.2211682036017,46.7720089864661,46.9402271956021,46.911372083356,46.3561450326837,46.2268047749684,46.445743732294,46.3713946330949,46.3800440088965,46.426521871593,46.3816303664333,46.6407432409468,46.321475650882,45.8610955799496,45.8762119828471,46.1098890330761,46.0654997090345,45.7530776116756
"7271",36.5740903047125,36.5140847916894,37.0515146928342,37.3352958236518,38.0009763381507,38.756403299855,39.525635120551,40.4691257031805,41.6159016632565,42.1186115242577,42.9879705950507,45.0674296694812,46.7446344820065,48.0667113121698,48.6944012923871,49.1050102199748,49.3801323824582,50.5216644158655,50.981243471534,50.5464922245082,50.241607070923,48.7761602620131,47.3894031718093,46.3145659216517,46.3227551140999,46.0563214406572,44.9009586715982,44.5060998598193,44.2916600368495,43.974141232012,43.7524168194189,43.7132036081284,43.6453835529525,43.6847426912032,43.1993042920452,42.6690888693378,42.7246082284134,43.1758104991202,43.2290821039856,43.0428897666143
"7351",25.8561950856188,25.8481302929523,26.2220478262193,26.4282813059334,26.8232857121843,27.2066342114664,27.6729010868097,28.3109670272245,29.2764730040451,29.5844397624126,30.1709825156976,31.0279632814541,31.9878449624782,32.7559907909182,33.4526027080566,34.0277675292925,34.8503739761175,36.2583753869987,37.4734405039203,38.0164746320173,38.9013473033392,41.275621830272,41.8372087732716,42.0229520221757,43.1232975402021,43.8305461923178,44.4506220760645,47.9453000110155,53.3780585508029,58.5442104187102,62.3695819466335,63.6835627684408,61.8637076434967,58.5753209889525,55.2356851332773,52.7746715163028,51.2903191323254,50.3875744414869,49.462620396063,48.2816100117062
"9251",48.4293359707769,48.2413406077626,48.9903609707471,49.6775589945972,50.954235793235,52.5151790322774,53.9595102532118,55.6173536095757,57.3950825080374,58.2910260165685,59.4603128509067,61.6520296025327,63.5271064434284,65.2377091232768,66.2290227527552,67.0771527595035,67.9780845641451,69.9700785154983,71.1250992937499,71.110903694269,72.4427841698885,71.4325384828584,70.3653880787058,69.445317896851,70.2833221658207,70.6419955788273,69.3968344358515,69.5613572519163,70.0209630870907,69.9845110356356,70.3030927264356,71.3047172082877,72.2209418564511,73.2080275755708,73.0116002205443,72.6395368726942,72.9388501628077,73.6742998515302,73.7376229923602,73.2686716011568
"9271",66.1726804476997,66.213488577579,67.0499139554845,67.0640678332476,67.5399686287582,67.9805513160444,68.6409932482773,69.6609606582223,70.9895403065078,71.3577435366184,72.1008126584948,74.1082624864084,75.8372581437884,77.299432767638,77.9929574171838,78.5031331183269,78.9557551159187,80.5363490299688,81.2763775772867,80.9115773991063,80.6269777943939,79.1102149950637,77.5005119101753,76.1924269326964,76.494914865783,76.22713881806,74.583253949852,74.3105716409345,74.4140877642189,74.2060296502487,74.1109488657437,74.1332823880137,73.9017600510274,73.7649090743514,72.8391598063743,71.963304136801,71.72195685829,72.0715670465531,71.9203900678218,71.3755214311451
"9291",84.6261690026242,84.9285930508199,85.9864986658636,85.6145830652895,85.7121164648117,85.5903645044582,84.6906392002254,84.3325729605957,84.3992565778483,83.5870215487779,83.1848017370313,83.1870694952117,83.6642812771895,84.1880263740116,84.3802612867125,84.5583370034289,85.0542953089338,86.5943859711555,87.8428206723412,88.2256615604467,88.6643114919129,92.6526212368604,93.4749936051089,92.3380471153984,93.3350242022684,93.5752695911293,92.2648665379762,92.6597195925436,96.0154002925036,102.463084103099,111.277011748349,121.071295461298,128.561020307692,133.228740419342,130.950126160383,124.458717270404,118.273629846297,114.813624380952,111.903706702078,108.872307727209
"9311",17.5604185071331,17.5859199120615,17.8362868317236,17.8834272290631,18.0836829647629,18.2753998678732,18.6106348714308,19.112051419906,19.7670605326389,20.1515073845519,20.7238682328398,21.5489956139426,22.5838018212501,23.6908207776597,24.6708516641571,25.6788339625257,26.9144631415877,28.701348472201,30.48827000281,31.708071488384,33.300448628874,41.8786769377656,45.5980803214607,46.3943540019519,46.2890315934133,43.9818234347908,41.720062422426,41.0975751588374,41.0656943848396,40.8628955345856,41.4918175870255,42.3579809218005,42.5334696298463,42.1818982990487,41.533181055382,40.8947056443162,40.8529594999868,41.2457534708389,41.4563299262601,41.3271801265668
"9331",65.2966278558286,65.4911046843719,66.4543373724495,66.7119449393949,67.4167091552921,68.0904077926237,69.0767708427121,70.2359476511344,71.6574978453132,71.6393254363334,71.9881797870432,74.4456576736787,76.4424041108123,77.7269493408782,78.1976733795413,78.1914363815292,78.4634782987848,79.4711395116491,80.2246595152533,79.6640852921863,77.2138224886696,75.7556440482236,74.2217835216542,73.7814777468267,74.8298146046957,74.9360370313876,73.3329594636286,71.7673652119113,70.5290658515464,69.3944786168329,68.5884770088199,68.1935894696934,67.7446054949645,67.5253539244318,66.78526100649,65.966179234317,65.7614372702398,66.2066743012943,66.7012639857049,66.6376140701649
"9351",39.1159511423118,39.1227733015626,39.6875555525881,39.9332190890631,40.4497997065523,40.9187944463892,41.4223012229369,42.1290721096624,43.2309138372582,43.3951157990236,43.890936044401,45.0923260462174,46.1390760842208,46.8154620552939,47.2685437691915,47.4301402865589,47.789659014926,48.7082127234658,49.4610074366526,49.3638620839522,49.0358030399404,49.1246714183774,48.7971064848875,48.8281956859366,49.5599150264705,49.8669635082727,50.3347093164105,52.9512314467426,56.6880114664658,59.6810093526187,61.3483666141517,61.2845191854346,59.3041365794758,56.7797034309332,54.5072040222685,52.6728200537114,51.4275431444489,50.6116602758344,50.1564116178688,49.3466583807905
"9374",55.3202679898802,55.3087378854078,56.0482140738442,56.2487343458251,56.7943253225739,57.2730756803233,57.8210497049517,58.6148567408331,59.9222542363366,60.0199002979619,60.538390908575,61.537929315367,62.4921951478368,63.0497398037069,63.3923124948491,63.4132676876501,63.7182533417127,64.7443776628064,65.5894036524556,65.435686844048,66.0854556462421,66.727528280733,66.4726706858098,66.2122190369784,66.525058098025,66.2788147102067,65.3078297806951,65.2471785752758,65.5852828119523,65.5644328230621,65.7579335530006,66.0989942423594,66.3641408897649,66.9742214842386,66.6598562389897,65.9494851429417,65.6012481768682,65.4902717959892,65.1973666434573,64.4832243006044
"9433",39.2333417802101,39.236059493136,39.795254914704,39.9855751173777,40.2242290966382,40.5336202841883,41.0002845933375,41.4566906712936,42.2173592841654,42.2207323236699,42.7705625054767,43.1124420816181,43.8895411351532,44.2450191969283,44.4423631342664,44.6402566094348,44.8681662717899,45.6439320441009,46.2263107332924,46.1975333362234,46.0797373763395,46.6950336112821,46.5030993493987,46.5620059698027,47.3940932322403,47.8083833278782,47.4465614023375,47.4092802334201,47.7786544190763,47.7878892525461,47.8656103427225,47.7743065701967,47.8794177580666,48.1542458843654,47.7899652266108,47.088731677666,47.0090884295476,47.2845342028912,47.194106728016,46.7346409840101
"9451",57.7300326658362,57.9401767074192,58.7364585571338,58.8853500779774,59.0422101652355,59.3497967565228,59.9372957253554,60.7085800556489,61.9197310157287,61.9424072598269,62.6052674108065,63.2583532384278,64.2877190597272,64.5959649666416,65.0114620312641,65.3027273316766,65.5011590826551,66.3453895185701,66.7156866449583,66.4450599710944,66.2456493612835,66.7658807648396,66.4654536095208,66.1867940883064,66.7983748167299,66.8678149047888,66.0442091833576,65.8662295844041,66.2952530577697,66.5226826365874,66.8255953529388,66.7819026457361,66.8328135595414,67.1153322751403,66.7100322817302,66.1275598704082,66.2211450626798,66.804142596231,66.6067843409829,65.821427396456
"9471",66.1542273996737,66.3932672610092,67.2906979075115,67.5659327550075,67.93529571538,68.5651728834324,69.5097212946898,70.6793830658236,72.4152493370261,72.7700428979225,73.8285969471609,74.8468018598617,76.2685653808575,76.8661768222102,77.712280393776,78.351269541719,78.8312095356321,80.080794600471,80.6433346653767,80.6090537633756,80.5963915308176,80.9187159493101,80.5094828472892,80.4189506485192,81.4894773578528,81.9420508867228,81.2161608919523,81.2338317709246,81.9474910375211,82.3607176609325,82.8744655945514,82.9771862006212,83.1545031202224,83.6399946897574,83.4118505649646,82.9395118540891,83.2444750353233,84.1123060389745,84.0734564553204,83.2906402837248
"9511",72.9133464344514,73.3545315018466,73.9787889129261,74.1036096184161,74.2390138936162,74.7084938640049,76.0973775668231,77.576912618207,79.3583817243086,79.4591601994616,80.1157282752376,79.9220381621086,80.4011070410168,80.2663777958038,80.4968505064987,80.3574734775574,80.464168328759,81.3336341740226,81.3735802888777,81.4612176254301,81.5277464125923,81.8933036054705,81.0517678643865,80.435441784068,80.6231630908012,80.5633206837662,79.5490280466922,79.1624602803139,79.6697967953023,80.0457592886081,80.4558068209036,80.1313878270968,79.984915866069,80.1481151538833,80.0557497975497,80.0179098218963,80.2877358870972,81.1238724073481,81.120230036223,80.7463669720951
"11252",69.8995086219514,70.1160907837047,70.6355392856054,70.3169335038414,70.1407554331214,69.8567728381548,68.8427491475575,68.352503543747,68.0890059529071,67.1389605562889,66.3331809331405,65.364843074662,64.5558695358394,64.0096330163169,63.2726609946505,62.4958000217745,61.9430704210834,61.9554469323634,61.8567397064104,61.3674684391566,61.3149109916308,61.1603168980554,60.462561623548,59.241261396574,59.1794008039638,58.9321735016748,57.9203148650694,57.8522758849833,58.0159923562573,57.7560186026566,57.7626486451749,58.0904109723612,58.2159612804682,58.3398875779114,57.9041809591518,57.4056762236344,57.3675524105275,57.6201231493132,57.6098666313505,57.1617696181786
"11272",28.5402965124409,28.5823068060416,28.8835235140421,28.8792651285348,29.0262642895914,29.1920187763888,29.4746585953996,29.9418025826338,30.497556980803,30.5945846488184,30.8016036208268,31.3116277442114,31.9005593377499,32.575747647767,33.0558612527479,33.4805888597272,34.1301418489271,35.3089067309192,36.3389658603501,36.9254090697075,37.4377510738173,38.4241322233587,38.7180113779146,38.695914406666,39.8759447628499,40.5366326033515,40.0621610283282,41.1666428410027,43.0654961972522,44.4451992096381,45.5465091829891,46.0462771111131,45.4566228259373,45.2985920639909,44.7894578019072,44.3634568800335,44.4860752762285,45.1119556386795,45.6437196065466,45.6375041106871
"11331",48.2195946752601,48.4452534114581,49.0594599972781,49.2725770992236,49.8724428945225,50.3126791993206,51.0117083328,51.682781205527,52.7655749548441,52.9206536736484,53.029860248751,53.5925586295633,53.9640809406698,54.5036201258729,54.5262280537222,54.6450955534647,54.9034234124434,55.7011503901013,56.3959340316804,56.418660104927,56.3351623793247,58.6328873884039,59.3249541344184,59.6219234876207,60.757202135637,60.6815995634132,59.5432248312735,59.471196234718,59.8091390521172,59.4910500629068,59.1401343170022,58.8934775731605,58.6522660955749,58.5157760068848,58.1110169768494,57.5630001645718,57.4026202191352,57.5439515188538,57.5771003293045,57.2721747191142
"11351",100.343492955244,100.724879562795,102.044836699821,102.185756708508,103.025788893382,103.541453887936,104.106364063575,105.069319353113,106.887541833345,106.966856364385,107.231988561925,113.612483152299,118.164859020108,121.553173005835,123.748015322719,124.864558080391,125.930169596671,127.639808653659,129.599092027016,129.509963061076,127.143049842069,123.147344165774,119.339041583973,116.425482565772,115.474042380931,114.240976468314,111.862561972696,110.430074433915,109.200009555722,107.344388254738,105.764710783143,104.544789926231,103.26701724893,102.2684023805,100.880042348758,99.2989891576513,98.3117225610908,97.8580417071958,97.4110529951015,96.3563418048572
"11374",89.6113139330708,89.9239397400793,91.0649711057119,91.1229627469608,91.5700704554565,91.7671395721309,91.1949309864124,91.1999852911013,92.1938174321198,91.8924660115801,91.7447453837015,93.2981108384847,94.4403405850072,95.2322327580642,95.696779682101,95.585360682584,95.6159668556077,96.1505374409995,97.0846451249096,96.9290912102727,96.5540179854931,95.3686708439055,93.9939561493669,93.0009982881515,93.1240934125551,92.728250339099,91.2523276086636,90.8790395465522,91.0142804127175,90.7550701537517,90.4922701581474,90.437750002809,90.581688213859,90.9527250520689,90.3525989408059,89.2429694544946,88.8909625810144,89.0994136719331,89.2893245677572,88.7907310307166
"11392",40.6300241551769,40.7036598342146,41.2983620896862,41.4782682825723,41.7833117192447,42.1609215397688,42.6439310622057,43.036486776563,43.9792662572696,43.8844678788015,43.9504364439248,44.2554271757052,44.643577150695,44.9874195804894,45.4235623029074,45.5981920655457,45.9188810350797,46.6200427182863,47.4898877756639,47.6306205443282,48.2089752409588,49.4444471193995,49.7672423649667,49.6825988592418,50.0199903931129,49.8928993778745,49.2100530652533,49.210111718534,49.6240898926152,49.8260662709164,50.0090914710394,50.1664129516763,50.1942468672109,50.3293293405245,50.2126041387643,49.8352409803071,49.9541597723973,50.360125740516,50.5383728138719,50.2642892401833
"11411",121.047824787245,121.574725995531,123.047943290662,122.853428418941,122.39375651701,121.815505826466,117.781027686948,114.62480956252,113.004133064655,110.270194605227,108.206345649559,106.536723712669,105.130012512119,103.632467256765,102.209311282646,100.580487018607,99.1208522673271,98.1272699058031,97.1870831280126,95.5664618294434,94.1271433135796,92.9476759073277,91.4243118335612,90.0438554699357,89.4261931207432,88.31785193179,86.6829452248164,85.4225693900242,84.6580145665957,83.6735891213129,82.7079143255625,81.774320157927,80.9131168764175,80.1552193983838,79.1257325574195,77.8864374148668,77.0092827028293,76.4219182550463,75.6419431215403,74.5683285366546
"11451",138.556714351273,138.801525554688,140.45084627405,140.967641875029,141.459814320557,142.080552157017,152.323891300554,159.383138815007,165.938554271596,166.258001787768,167.306358450921,159.005636388792,153.988308411968,149.296392173219,145.648379817137,142.61484293601,139.919080488935,138.080003434588,136.180031900193,133.698283042685,131.411763649248,129.679449521307,127.326779849438,125.474834269258,124.93308285076,123.985421558673,121.961171857903,120.596231993782,120.16336556339,119.838459361731,119.255435788512,117.784103079389,116.810078871121,116.361000782441,115.352061100186,114.489937287808,115.80239609421,118.597558744888,120.326233664364,120.520102846256
"11531",62.8264372409064,63.1327348525035,63.8347774314401,64.1464630145456,64.6503575138957,65.5204030552634,66.097582825646,67.6280284371956,69.5668296341948,69.9053477692656,70.9457889435039,73.3403724702799,75.6293878155629,76.9441833207273,78.0897752597903,78.4393637115235,79.0836983766744,80.7622027380969,80.790877765535,80.8593059374461,79.8278675572411,79.1559447263989,77.9352340006309,77.6304988066428,78.2956844931903,78.7574528017737,78.1857203561688,78.3976864672263,78.8162380408402,78.6362106703276,78.576734643083,78.0614014871184,77.7846717431016,77.6326420153652,77.2833403221287,76.8716875052377,76.9541550643103,77.4060681432248,77.3853431940565,76.8023216623428
"11571",74.6828274916725,75.2639451147244,75.9883992763978,76.2547083061891,76.6889988715487,77.3960280634376,77.6128807911079,79.2542155184586,81.1423586054585,80.9298095123526,81.6243620478301,82.8816142132553,84.0951196344476,85.1059521073026,86.097780745548,86.1884441017859,86.627029127817,88.1200636043917,88.0435420277521,88.0062962450982,89.0759123384981,88.8241515842772,88.3058076125661,89.9181330615945,93.6379256214635,96.7383424364512,97.1275095674004,97.5907304068274,97.2558522083477,95.1946240230769,92.6112522968287,89.845464752411,87.8948591574762,86.2681991338934,84.7019610730212,83.1416522038,81.9158691829444,81.1118680114057,80.0083489231218,78.6942998193152
"11591",18.9518823098233,19.0535050017486,19.2875358038876,19.416151890863,19.6073151270357,19.9376578188917,20.2043903886058,20.7103427172948,21.2276934611927,21.2499677433651,21.4057622491936,21.7623300683004,22.2360752763799,22.5766761168268,23.0705793478077,23.3620618631731,23.6296653599396,24.2684983694151,24.5368278734159,24.874567606209,25.17598044377,25.6328301627914,25.7546618071594,26.0963469445046,26.7326451428901,27.0915117554151,26.8973036677185,27.1006044772345,27.5851521842607,27.9586394780163,28.3563116478824,28.4174517775985,28.6757964318466,28.9681981010573,29.1788573258092,29.2603843410926,29.461476475183,29.8069568383363,29.893691491165,29.9014778385566
"13254",58.7712916273758,58.8830343084812,59.3722569978837,59.3367010313006,59.5559003048586,60.048019055739,60.4631734337001,61.3719207665273,62.3786473727216,62.419166855737,62.7207462211497,63.6515337729337,64.2522680203444,65.1547668722006,65.50618466904,65.5722674667864,66.0178196819292,67.3359154950333,68.6787803041324,69.4629469425645,69.9635047983488,70.2259828479231,70.3140403274894,70.0478403713142,71.2262256337306,71.6163066680073,70.6253305293252,71.4129195550835,72.8363761345464,73.7697969062806,74.9405907334702,76.2833079984216,76.5733329690238,76.1112649447184,74.0440473502574,71.300135909928,69.5419013191599,68.5718489852123,67.5831365894047,66.232742983486
"13291",56.7504068274192,56.8787578835028,57.4766893935917,57.6069362133028,57.9994477578574,58.4492976452652,59.0546263929526,59.8254888045841,60.8206546155753,60.8619691290007,61.1332731524718,64.610515726878,67.1962777361731,69.200366693242,70.1575109256717,70.5464066107073,71.3394087309439,72.7164892926622,73.5413642522754,73.0407597879835,72.4965494488415,69.4559939751598,67.0342849881637,65.1436419255682,64.4749712693548,63.4694151249568,61.6783260564137,60.6811678020132,60.0381654104975,59.1900228026057,58.5902619133693,58.3090983837924,57.9953010897795,57.7544342683163,57.1129324141548,56.3424968781183,56.0322270810328,56.1955862528138,56.1994441182964,55.8088800096606
"13331",123.322361033233,124.06947237747,125.61123015648,125.334271826096,126.273184836047,126.822559589478,127.588813829506,128.556050974609,130.544462966545,130.551374207739,130.603461040587,132.072142859068,132.745055288863,133.693978151505,133.727996217056,133.701927632026,133.95902517441,135.332294929516,136.329512879729,135.841620918842,135.177230985318,135.075595865769,133.969193627765,133.334108326166,135.169856618535,135.404647085167,133.769637205922,134.226023231705,135.391012302164,134.800157142138,134.985065599304,135.892425570043,136.584873388096,137.14059408704,136.70077497724,135.841855010994,135.82529549939,136.526046220317,136.901491636172,136.390672755702
"13351",60.6695913297415,60.7585811952294,61.7331307585985,62.1840514225403,63.4712665567272,64.8079254850797,66.6027168091423,68.2072289763825,70.2667586175326,70.8434610857406,71.3947205780781,72.0220321086933,72.5124784768812,72.9681264653749,73.1709037995926,73.1999971783109,73.2842832727964,73.7841998172552,74.7360870195492,75.0216464062319,74.891032265708,75.3318097288414,75.3710048066145,75.5084232718662,78.4009631012823,81.0653567400795,81.9752712253258,83.263283426524,83.8590271969212,82.7164427791882,81.6500341437469,81.2144664308389,81.0924621818821,81.3552162054492,80.8350847610666,79.379504072311,77.7550738820954,76.5885626745265,75.6122696760276,74.3181452155083
"13391",62.2290505995817,62.4665957089516,63.3284491585904,63.4726405223774,63.7953452075015,64.2637060284952,68.0091271648305,70.7626026227718,73.9743105013496,74.8181930037824,75.6313784504535,73.6255692061644,72.2343100802984,71.2117730080576,70.5084452066218,69.6933899383836,69.1409072090984,68.9876288950513,69.1425712752543,68.6300779618646,68.0723109281643,68.1019218452798,67.5868000428521,66.9176920518607,67.2150419360395,66.8689101375099,65.9633457277346,65.5929939690701,65.7362106031398,65.5779010353258,65.4373423716958,65.4285765109248,65.2749606097287,65.1484914672351,64.6836642856077,64.006833017609,63.8532555993061,64.1554640187704,64.2290012171498,63.8046719676524
"13411",72.5334527921581,72.8136081926044,73.7998818443458,74.0797507577119,74.4697579655592,75.1183719360753,75.9008539191835,76.5306135947209,78.0557732474044,78.0095177243507,78.3245731256732,81.8723414096857,84.4971127926124,86.3251944042841,87.7835681477122,88.5216197068067,89.2353494909774,90.390461093911,91.4345767877194,90.8261111377292,91.3598200932625,88.3903898307549,85.6860394475681,83.7103169979412,83.1318044703976,81.9597558183179,80.3368511018853,79.2629939676685,78.8890797509384,78.2227558066343,77.7249233660502,77.2483385450515,76.5690613857912,76.0768490753206,75.2558674967912,74.2166232410098,73.6410625456758,73.5455848372857,73.1914990904743,72.3496034799836
"13452",173.614422777395,174.256112431614,175.726809444634,176.657848168631,177.413109887478,179.01988131807,184.546891162991,188.519351421782,193.341031502834,193.189810391993,194.261441954271,192.474541598734,191.510788675069,190.195399760506,189.19365986152,188.182351226593,187.46825324208,187.664911590507,187.431046735271,185.971948006212,184.845316406766,184.044896285424,182.207933762068,181.21852085786,182.099154620759,181.802789951124,179.392777239448,177.962429596903,177.820069158897,177.51077965165,177.360994630002,176.699438118285,176.377607497569,176.544315758791,175.577799222463,174.007235055744,173.486382972199,173.945631838607,173.345864767371,171.333042274236
"13551",80.9103660710341,81.4280166369739,82.3144262148338,82.4683543998117,83.0216694440007,83.7405387419268,87.9709832140572,92.2565990564077,96.0810289102161,96.1867108039075,96.8961387569704,94.0159480706454,92.2535474167929,90.7813953538854,89.6079701260116,88.0932459223999,86.9445113051571,86.6467992323624,85.4103682789098,84.2229150065356,82.5371949345502,81.755861607116,80.3854522744874,79.6637752194596,79.7816799885535,79.5929987321918,78.4308860011731,78.101544138799,78.2551941166215,78.2375745279845,78.4280867425748,78.0816966091853,78.0252113605356,78.0004625209906,77.808792186546,77.4542619965356,77.6183664861773,78.1896960721041,78.3258895918297,77.9812959906376
"13571",25.3940829118238,25.4704353665403,25.8196409360825,26.1134905240189,26.6834685298994,27.4239329622024,28.0388068192623,29.2697635247138,30.6491908684862,31.1411891620525,32.091158978224,33.2629703953827,34.5510360147287,35.7556687576588,37.0584314958512,37.9069163433871,39.0311315052777,40.8477115635801,41.7392670709409,42.6402066380115,43.5078337679481,45.7195891160881,46.3202723376093,47.098232173202,48.3353290454348,48.8358335989564,48.3249790161163,48.7888587190958,49.7454860194825,50.4530751559226,51.3319423666524,51.6659723946454,52.3686494525697,53.0996073793796,53.6495741614042,54.1831004642637,55.6980582378917,57.8042515344121,59.2257203341701,60.0367373663323
"13591",139.442162741454,140.24529702544,141.756710959531,142.09509786251,142.983799027596,144.570609930326,145.566774714857,148.657155721739,151.669138556417,151.498345110357,152.336574164593,160.460005293056,167.142399280601,171.511929501815,175.947715533565,177.571697133447,179.181342934436,182.919309601485,182.877935733132,182.99177301496,188.828296361986,202.834248189034,205.767617106355,202.743755831517,197.253134032807,187.788860084302,178.378725393317,172.535218810303,168.676884734146,164.872168265345,161.682698617947,157.859222517506,155.067847418049,152.742862881342,150.624710561135,148.591027495138,147.101999488176,146.006168994517,145.202313199735,143.803218096364
"13611",50.9144994981151,51.1334981323116,51.7708524779957,52.0169100341161,52.4815733712997,53.2885233720848,53.9109773252717,55.3587887743342,56.8422988515308,56.959912476363,57.5652236236418,58.565954494309,59.8822603770577,60.7277607874493,61.9204636436846,62.4562422407158,63.0201248977782,64.5828925768698,64.9229972434806,65.5819676076084,66.2441181256607,67.4074154590701,67.7961571372127,68.203539066205,69.4480309218304,70.0092952619457,69.2621214666717,69.6919699416794,70.8297075256077,71.3719132622916,71.9856694490401,71.5669258537963,71.8883194361884,72.2503495437584,72.4721256794332,72.5674500700019,73.1560111087044,74.213245287921,74.514203490576,74.5552068787054
"15291",85.6502762131774,85.8579805249453,86.8097430433187,86.948212642777,87.2705676855062,87.8221538217442,89.1001023201256,90.5313769129094,92.1065747989336,92.1336370899727,92.2726127817182,92.5126148460519,92.6859947549409,93.1565258336279,93.0724653993898,92.6084656480201,92.6902642511714,93.5885927468378,94.0139841225426,93.628226642359,93.268081124763,92.8270318187845,92.3006869960726,91.6863638638042,92.5351533511466,92.4992173089681,90.9567787636131,90.7903454801026,91.077034796197,90.7038001481803,90.6101695198363,90.963648485382,91.1742420351368,91.472641547551,90.980348434209,90.1396781396802,89.9588610493314,90.4362309567932,90.1237680666036,89.2877697046617
"15313",71.7612608149122,71.926567771529,72.7341098943628,73.0205079812888,73.6935078658727,74.6301392622507,75.7778311166697,77.3251090639825,79.1803702297688,80.0397613345095,80.9451706511248,82.4860549700188,83.5636960547643,85.079952801703,85.9965678163201,86.4313593163267,87.1610261132821,89.0083311801524,89.8930127597038,90.0489596547713,90.1498511306391,90.3165154682711,90.2760986814486,90.2877560626368,91.8749375412809,92.36307112658,91.1870660574465,91.5662768026244,92.4767783743775,92.4950260226938,92.8391109592908,93.6849007394572,94.4007966723089,95.2204481319536,95.0441750985735,94.4770998904083,94.6787896983,95.7254908571246,95.696437551192,95.0436997476557
"15393",89.2910893246584,89.5233886228408,90.6218471369705,91.0788911804147,91.7720512436731,92.8571329778568,94.0635365041246,95.3406539450132,97.6455292861492,98.5024471155965,99.4298035242724,103.924374212591,107.247162539675,109.760590931522,111.659796702665,112.663550635938,113.331450812831,115.074858093807,116.940093630698,117.166188748311,119.272786248328,120.145515449141,119.127080867271,116.298153394403,115.37095651518,113.972245130443,111.885478524016,111.053443577433,113.979615410864,119.1170949529,125.034971818051,129.977056123449,131.676653294366,131.131222389208,126.973925787481,121.513554669965,116.732207619504,113.504053767899,110.530477870796,107.291401437336
"15431",233.04920962886,233.926749508572,235.81883955883,237.244139653382,237.553444822817,239.436731717352,242.166627480187,244.45852591861,248.42218620451,248.512206258342,249.521768356535,254.534123297992,258.615517817277,260.537614165309,262.260733442697,262.958668681305,263.358061650067,265.403756315335,265.975377507674,264.59740770802,264.351872260138,262.087464318084,259.010198818655,256.555372625927,256.289646783088,254.142657718731,249.730086891977,247.283781047511,246.888774815458,246.111538351973,245.324150714958,243.823787164632,242.061524113685,241.309332618726,239.027145436499,236.316119133243,234.739960897443,234.429366360683,233.233768572773,230.35985600741
"15474",96.8722276930587,97.5319474420926,98.023658227402,97.686752820309,97.5172684385089,97.5718540965922,96.0552973312926,94.9787922237825,94.9111770023999,93.4977289527536,92.8116348769002,92.7483772343718,92.5100477154617,92.1307217752267,91.745747107667,91.2781114158158,91.1071084080317,91.3228643343756,91.2514296504597,90.6790019965301,90.2324551691714,90.9286139356673,90.4898399172687,90.1258175256591,90.4072360038848,89.8621605760435,88.3401341705968,87.4460213425596,87.1582866271008,87.022683155202,86.9504896944596,86.474789416634,86.2201763180704,86.1852637743419,85.5766566681084,84.7426836171146,84.4185161329475,84.728450333384,84.6156106319962,83.7706632733857
"15551",58.2520773840476,58.5766374715109,59.2096644726088,59.3030629593256,60.1166374829394,60.9174919290963,61.7454514743675,63.2091263205368,65.0848845206997,65.323454586368,65.8923741429723,68.5783348947673,70.8611666685013,72.4328425445973,73.7273602743103,74.276120497177,74.9066291069806,76.1716698016223,76.3011183324798,76.118347536021,76.2514315400009,75.2748212417805,73.4250962805198,72.3050471198973,72.1209445124737,71.6002862923256,70.0794105541232,69.6223885332825,69.6036685910964,69.4125353900054,69.4580897415814,69.0454041368846,69.1725213970787,69.531196864049,69.7531788474887,69.7525322722846,69.993264872485,70.418911517943,70.2587840150922,69.6770888564694
"15591",89.466169208128,89.8884904547177,90.8357949617,90.9254469140258,91.685114673087,92.5522794117463,93.0623559447236,95.0355910003098,97.1056971349372,96.7838477849077,97.2891167511728,99.2329675815075,101.306447876792,102.417367528201,103.556458464019,103.408290234331,103.684490737957,105.0030583199,104.479116446404,104.145854780904,105.08088857855,107.455752455099,107.715929253251,107.265450545963,107.480101330291,106.179077703217,102.851506484286,100.700647143658,98.9878077568757,96.6671922071401,94.9475510467063,92.9725627858804,91.7751207439465,90.7536862729981,89.7822437998838,88.9319064860872,88.4592080798247,88.4274915037861,87.9632229655727,87.1584461957189
"15611",42.2785950393192,42.4119286665404,42.9369526848446,43.2143656077547,43.8461483855279,44.657297134228,45.1450293029416,46.3486209274363,47.5661335124989,47.5491752691632,47.9784334954207,48.6594798299977,49.6159880885246,50.1209252059042,50.7395098930125,50.8408075607966,51.1254173985005,51.9028399662396,51.8326635070134,51.9390261860554,51.9721649978017,52.4652269812194,52.5275571220038,52.5714620674523,53.224836954374,53.4074786074887,52.6952691980099,52.7424076577246,53.2253736604812,53.3148979466357,53.805403565529,53.6932266536751,54.0760463195674,54.328134068298,54.4165857040688,54.4744555096986,54.6879894705651,55.1433556256107,55.0742520459082,54.8471873774688
"15631",7.90956896221454,7.9636915395492,8.03801349622227,8.04826001276448,8.08171808128977,8.1233133091433,8.12336736412763,8.24073595073354,8.37135859111843,8.32076685340468,8.33423479191966,8.7009775899528,9.43180461185341,10.3260065847165,11.5274543356686,12.8124750232538,14.357144784319,16.2826318341476,18.0673070606288,20.1473002380102,22.3697990577106,24.6953114275542,26.3848765129856,28.1621394970886,30.3576644582363,32.0260906835152,32.758558880346,34.2182291441638,36.172890146749,37.5692794685923,39.5785547153599,40.6318677450225,42.4010792991596,43.8832292755676,45.2171288212199,46.5314815062501,47.9200749499787,49.6109370335383,50.5114696049565,51.1929040338603
"17171",62.6268282025919,62.567412108548,63.1744524679172,63.4403610028138,63.9525644860842,64.7941639450859,65.7146558887477,66.9293212956013,68.4030041173492,68.7728557070707,69.5037208016231,71.752731099277,73.139725550882,74.4668827363751,74.9968196709562,75.0876055667783,74.8034146591716,75.2573972864513,75.6833700421029,75.6302537202317,74.9471840713524,72.6706721043655,70.6913572489922,69.1062562249667,68.4119238112645,67.7449022479934,66.1014460895201,65.2547332953086,64.9747564998517,64.4391166136822,63.4530951103843,63.3773894396467,63.1267697924072,63.1121253497393,62.2617503291121,61.320404818571,60.9724106901542,60.8225288495907,60.5528103657726,59.9265512290836
"17252",54.8005499518128,54.960988350289,55.6026312765666,55.6211826908594,56.2698628196159,57.0694529216655,57.9209415754345,59.1706235300661,60.8360576499181,61.6445855511542,62.6777487944944,65.3846499803448,66.8406348391802,68.7062846560028,69.4146171631933,69.9473483673606,70.8825476141427,72.3251862079341,73.0678210647991,73.8153540680561,74.6393691796507,73.1184257406371,72.2798124341461,72.9727647218718,76.953630782449,80.4308429168385,80.9117962966736,81.3674451968862,80.6708049247362,78.2302701118275,75.8957756197107,74.6051885253026,73.3067007151124,72.4154509512286,71.2057346736073,69.5349797244877,68.5405718775891,68.0616605930876,67.431216504604,66.3823186859661
"17292",88.4074152446179,88.6929774045146,89.7591047339193,89.5158575274824,89.8717968576448,90.5508227268604,91.0519286771853,91.9156045672709,93.1561406380521,93.0758350252449,93.0225027718838,96.55818111239,98.7382967314374,100.966405396442,102.057816789037,102.474048568496,103.145736648725,104.551736272542,104.94462527185,104.737002090921,104.159141763433,100.941494937936,98.5638742678765,96.4720372701431,95.9280882649261,94.8350245774748,92.7168003886143,91.6966928678067,91.0668489118565,90.0171850872523,89.2247034672861,88.7643154602248,88.1943115432985,87.7105628835362,86.869673190794,85.8314125265938,85.2942983729845,85.3369805953027,84.768616261477,83.7700014058252
"17312",77.4752463046951,77.7604594949503,78.6565256479316,78.585449031008,78.9776668594746,79.5970176248335,80.1287670852027,80.9797535315432,82.1489209398844,82.2152672012125,82.2074618618055,83.5866500950669,84.2521627196906,85.3495240716426,85.7424221014688,85.8088871018504,86.1002211393823,87.0658104869842,87.2388073311784,87.1761268103254,86.5890818338238,86.5970326444102,86.4999105756973,86.3851193527122,87.5078494159927,87.5237836916476,86.0363363988573,85.3392872083871,84.6517435745335,83.4584040372309,82.6675701622752,82.2429957487305,81.7863815717835,81.5626835081735,80.8446926827747,79.7576612421796,79.1287070900377,79.1458901573294,78.6769178569968,77.8024050892418
"17351",14.8368980822499,14.855738920716,15.081820696088,15.2445026682397,15.519815967979,15.9127060499781,16.4507008007724,17.0578058036586,17.9549263996746,18.6286316080458,19.4580171536429,20.5066219214287,21.5005467274035,22.6349882298943,23.6874897269207,24.6688050526369,25.7787553374495,27.4473704945392,28.6488759858893,29.7708335818725,31.1304029334422,32.3946924838233,33.4414164892137,34.5745210233681,36.3503966353651,37.3849824610008,38.0368989817639,39.2505145688214,40.6812847163223,41.7710840609597,43.1319550525361,44.6380826972697,45.9750253752147,47.4154253674423,48.3311600208771,48.897035727344,49.9425801341506,51.6168152067165,53.0728963456766,53.8856244127347
"17374",135.406303236957,136.074813228611,137.790781862141,138.125295836336,138.759215216995,139.991283591336,142.254043096955,143.574025143814,146.053396466133,146.101249809766,146.523836038443,148.39095719648,149.278526763843,149.933498075061,149.822632923583,148.989566197602,148.123068896886,148.790239207019,147.938353708866,146.574600631863,145.739102757751,143.248660827199,140.362651453473,137.675989783777,136.198847304459,134.039663417892,131.514969541252,129.853925350669,128.594303017811,127.011614542945,125.739334985446,124.747121150909,123.690642469214,123.131100290915,122.139451455218,120.929151018284,120.42050339927,120.566360303059,120.358502106968,119.414490128486
"17391",147.462711646819,147.932073746573,149.685976272127,150.559510061993,151.569437136161,153.104695317788,154.851872340883,156.114751729358,158.779075114461,159.434523514591,159.870399149532,168.222194213373,174.169794290092,178.040137669743,180.859060867357,182.09400847636,182.726947768435,184.825223329541,185.411908935235,184.727301034118,181.971000911319,176.376702789859,172.042976081148,169.41780280264,168.860652700315,167.363543479922,164.903226491552,163.620760160812,163.046101410267,162.220769689568,161.918995702321,161.972590687085,162.156112129475,163.764509753496,164.028126231966,163.448285469381,162.928786455661,162.565514023604,161.1859376464,159.038831954848
"17411",112.053014935213,112.417127999803,113.715899173232,114.298046509557,114.995308378705,115.946157477168,117.221637892177,118.215172009275,120.13616325619,120.581333256353,120.809587979412,123.217341498192,125.051483493037,126.025275416196,126.988883033087,127.249185039649,127.523106954167,128.840738633698,129.361025461691,129.23988610424,131.902437890078,129.760294036271,128.042256377219,127.302885213224,129.001524704761,130.686833308968,131.870838364951,134.635910529602,137.681183918109,139.175085270316,139.308093328872,137.447237676303,133.460041413121,130.186634258604,126.618246696691,123.608281621006,121.25704313421,120.261522873327,119.405768780502,117.771666656185
"17491",20.7948063835927,20.7785035802025,21.0484163050978,21.401780705971,22.0185441830128,22.8477459586499,23.8155470975658,24.8921730796336,26.2400076504261,26.8973822020444,27.8267620995935,28.8984949245922,30.1052152966514,30.7887208460601,31.597527547076,32.0534137653458,32.8707911836209,33.8559517718746,34.5472715579109,35.0393278506589,35.4840234151582,36.4369431152548,36.6283672880595,37.0184514852405,37.880266362545,38.1992496708101,37.6328431903195,37.7078226368907,38.1376741386399,38.574778041693,38.9873536471166,39.1600026178411,39.5789967986734,40.0712550719943,40.1231359464357,40.0666783884602,40.3347592136656,41.1343569460843,41.5618956467774,41.4757691931129
"17531",68.5169243241272,69.1355790678614,69.7415550297133,69.8131654002638,70.6788231354712,71.3800101645902,72.3242810446143,73.5590459995841,75.5609906631407,75.8206123817225,76.4473831284657,78.705954131408,80.7167441399574,81.8386190690154,82.7507457359365,83.137636314341,83.7767864648446,84.8738703695973,85.0193103797416,84.9433771852774,84.2659083502771,83.7890044114995,82.5686474957596,82.309217149332,83.5364781402238,84.3096330962901,83.2663502715812,83.261311170876,83.3114913466669,82.9164910693838,82.7510808425313,82.3982178683998,82.5639936285002,82.6726985965044,81.9407775177513,80.9120617326146,80.5376946787785,80.8951232269183,80.8673434244674,80.190820710334
"17551",85.3220967194754,86.0905454521356,86.7096357096914,86.6469972696847,87.4897451634888,87.9697021145787,88.8074484243382,90.1264362715685,92.1568402020007,92.0147908681782,92.287387942686,95.1894004177017,97.7035016477789,99.2607287260622,100.462317183426,100.309101900636,100.938021382452,102.043569795874,101.68607165686,101.375846294013,101.910001763536,100.090744011446,97.162395186901,95.0951622644473,94.3168259414138,93.3075678552153,91.1561468629624,90.3474315986531,89.943689556387,89.2218004476936,88.8914826265922,88.0687117029992,87.6707581626499,87.3159668968001,86.7114698786629,86.1280591396926,85.9356814307074,86.2181529890654,85.9321648711109,85.1594722530573
"17571",73.4462183622341,73.9586557763979,74.5653292946816,74.766130394919,75.7170827010759,76.4043411477675,77.178680534287,78.5370277988508,80.3322581314296,80.1815466618769,80.4318897702728,81.2392673607367,82.2976120802079,82.9356289621568,83.5902545307539,83.0334007239759,83.3218974966632,84.2162247665387,83.9192824134572,83.9271464807822,83.4094163856901,83.9226596832165,83.2183558672528,83.089808154731,83.8312140852575,83.9515722454642,82.6395148579775,82.6324553922492,83.0251461038434,82.964024234861,83.3122578180095,83.1579605412124,83.4567539635606,83.6560333673844,83.4873419349128,83.2829910699375,83.4028825233814,83.979178543342,83.8753368747895,83.3407386061622
"17611",43.3410264228908,43.636085139075,44.1100437369587,44.3775820934825,44.9335320992129,45.5140182649072,47.9123066480622,50.258623083815,52.203562417355,52.0105463928338,52.2424449948343,50.4085895854141,49.6180677214322,48.8667035023883,48.5489334358074,48.0058189819233,47.7979186517446,47.9361992289109,47.8136195229034,47.8652942380832,47.7388123691763,48.0426289604442,47.8500954585059,47.9956743609782,48.7880490311001,49.2521497646207,48.8431973398781,48.8962107460103,49.0756254836739,48.5935023887514,48.5250200633487,48.1406175442215,48.2605508177225,48.3133311418431,48.2912708613013,48.3709466300123,48.5779849630236,49.08469887153,49.1735307760807,49.0539828342841
"19191",28.7412321590806,28.7097233270454,29.0191059545526,29.2585293237512,29.663088791976,30.2502214439366,30.8303447419644,31.6055985886633,32.5602285406828,33.0893086048309,33.8250001982729,34.9044143482693,35.9467625849766,37.1228331173014,38.1022556809551,39.149388851332,40.2389516577662,41.7212834459388,43.2560348448868,44.511678016226,45.3275782589935,45.9632323405676,46.7091647711466,47.7090733178761,49.772254704783,51.3303762215587,51.222666140784,51.7207368402793,52.695285446884,53.3575263903448,53.5925683907529,54.7429221899955,55.8896477808848,57.4500143906392,57.8881631275621,57.6232871302208,57.6881581677413,58.2180144126372,58.4230089234125,58.17956391653
"19271",102.2092091982,102.557244360037,103.611386537423,103.36314589348,104.157995296299,105.177550796527,106.099485452465,107.489256262688,109.573754910935,110.206525440827,111.095006949673,112.791457534195,113.487532924676,114.92299511978,115.287253749568,115.498836480198,116.422303773385,117.994543746844,118.91256633831,119.699009279,119.787799997071,119.598603253777,119.629451064537,119.333961168133,121.197410067471,121.876320386084,120.3586614223,120.700857980397,121.480967599684,121.450681091487,121.856867934979,122.871823076934,123.363834063354,123.802990387104,123.714882648867,122.872487109426,122.863075794937,123.616909075172,123.43751061634,122.510126150419
"19293",49.5192207070977,49.6470847547014,50.219645478486,50.2170329754668,50.7966644092144,51.6619858733652,52.2913430399258,53.1495494962195,54.2725877819357,54.4976484418735,54.763917204175,55.7033728215749,56.1721431554988,56.9539887837263,57.2328620072367,57.3956677717168,57.7818587594334,58.5958142255647,58.9901416247158,59.2637971909849,60.6245436228907,63.9847920659865,65.2993698211859,64.6735198570507,64.0285990011192,62.2562416651391,60.2110056958196,59.4074898921122,59.0063764000692,58.4267829982442,58.1208448977451,57.7964362372254,57.4994132187705,57.409123564829,57.1985976829807,56.8223956160891,56.7221439870345,56.9933338754051,57.1001105935409,56.7750704098683
"19331",45.6664678724416,45.8472271713046,46.3888410439247,46.328244008124,46.538891345595,46.8934505487198,47.2221647336543,47.6789125647799,48.4863938839327,48.6432427333317,48.8121748943777,49.4215471827852,49.6785460381707,50.2187212953549,50.3466466984116,50.2935306933393,50.4415535104688,50.973978953791,51.0279559436428,50.9906088950233,50.9238075474377,50.8583808043132,50.7058047605906,50.5665722477546,51.0226629955229,50.9150704415249,50.4614982283333,50.4768199683417,50.5969555332305,50.4290212558389,50.4193867080378,50.4883720680248,50.5229349146747,50.6391000871855,50.5210753806802,50.1720159902697,50.0137705123465,50.2526152006217,50.2556847287865,49.9600221308016
"19393",33.7228948188245,33.8091565937235,34.3020023572592,34.6018017224236,35.0101802441961,35.6696378811532,36.4071714139642,37.0571564441141,38.1288778433839,38.6850086257922,39.1774637115737,40.1833870942038,41.1059306501856,41.826512547665,42.5919926592361,43.178937769703,43.8065916052396,44.9420267210561,45.7497581459989,46.4331725106194,47.2998844332566,48.7498953287753,49.1072171693324,49.370862099813,50.5038497933725,51.0435039514772,51.817046503288,54.93741464626,59.5315685863396,63.8855855530833,67.2619270978888,68.4854246258782,66.9731642070069,64.0320299997468,61.1249501894799,59.008528797191,57.6600321621283,56.8953570132564,56.0470328300636,54.9125174009535
"19494",185.482374986807,186.842930566346,187.566855685328,187.721530454247,188.198091702679,189.13098870954,200.635084406536,208.848774335948,216.258896987761,217.059715030724,217.839996283232,207.805293178409,201.182968139234,195.153731934884,190.411802134865,185.806020825809,182.571601682014,180.103640041109,177.419482768399,174.782935216999,172.149075095176,169.945582772661,166.404172457993,163.735386964259,162.473822990997,160.915369211256,157.849195355515,155.989488404852,154.694330230627,153.40414324334,152.571190353887,151.072533841133,149.914375131862,149.030894965432,147.332436194952,145.446673824634,144.511395909047,144.952378682074,144.830901837552,143.740903241123
"19511",21.9145184949998,21.9160469414169,22.1838833379334,22.5699639815909,23.2628497266614,24.1699650171009,25.1495993559404,26.2071184400957,27.5636079661765,28.2275287554227,29.0942422702642,30.1806389246241,31.3566475142749,32.1881995643499,33.0277315568175,33.5795730633975,34.4164732174788,35.4450556262585,36.1796707672144,36.7933375679071,37.2451999332447,38.3558833116181,38.537446845892,38.9562110898445,39.7988563757774,40.123060385363,39.5248643976289,39.8296800894885,40.4450222871018,40.9426027756625,41.6164979279726,42.0123904296736,42.5982878201414,43.186981548167,43.2314222913396,43.218345760053,43.5271666798807,44.3086972462428,44.5783915321801,44.406848708558
"19531",117.037951576433,118.374670816827,118.998305098533,118.34707936393,118.113607600431,117.447177500787,115.035342969184,113.604691837589,113.085865624999,111.101085870163,109.718742441615,109.07860355989,108.541369515528,107.639890663245,106.701034261648,105.510653170116,104.48244159789,103.864194026033,102.73529701137,101.583646806974,101.874408278035,100.102982054576,97.9582258100653,96.8164666851038,96.6479770205786,96.2448121100503,94.7080566348624,94.4133500173089,94.5307132962386,94.416220188496,94.5121501881501,94.3537839260455,94.4871318823022,94.6065318803752,94.15098195762,93.6834412157262,93.7267489327747,94.4606258930008,94.5495771380688,94.0537311150862
"19553",11.8473235763628,11.8248899162309,12.0219752728836,12.3416813254248,12.9666158281707,13.7094284325577,14.7072898211869,16.0264253725153,17.7655809153819,18.9780132340331,20.5881881387152,22.512674641547,24.5234732291371,26.3437870157034,28.1905487201132,29.5994828538553,31.4929221445724,33.8851399973501,35.467397817749,37.2906660614731,38.7043765385738,40.9340770811187,41.714968520569,43.0561746274798,45.3180893981337,46.8434382145819,46.7288973041117,48.2903097456761,50.2347515781427,51.6634268672426,53.5045943175513,54.8361173964802,56.5772276945931,58.2075402757985,59.175374511275,60.1344142117557,61.5271150505581,63.7367662248412,64.9225157985798,65.4284955798405
"19573",55.2530815994809,55.7835187321318,56.1900841962947,56.2501430476203,56.9007052661097,57.2390402113971,57.6610795313228,58.492660561462,59.7123474427369,59.4541901216319,59.6777273173088,60.3756025138426,61.2610043055,61.8544515443819,62.5510274695468,62.5517100948408,63.1012538606268,64.1903052510104,64.3671823856342,64.8365001779231,65.1847999611117,69.1860580212694,69.9785492447778,69.9894050408281,69.7826195793932,68.3264512530854,65.974946429238,65.2682226963074,65.5331780193764,65.7008919816464,66.0140235374932,65.3303860080988,64.3389615485066,63.3699166236118,62.3917116209123,61.5722660273309,61.1337978427233,61.5444067837937,61.5493157026755,61.1769405048932
"19592",111.519075111476,112.516867852294,113.522590683546,114.060816891282,115.375977770359,116.362029707392,117.104152436529,118.713913811983,121.144430543625,120.603651995485,121.250931141865,126.112714379433,130.443817028514,132.908017157529,135.110063817169,135.365661370221,136.224359477076,137.645573477051,137.24917174416,136.921995998443,134.016712087126,133.938848966113,131.82361486668,129.910991179085,128.776790538856,126.933259022963,124.204441779254,123.845302610812,124.854635165941,125.125009119473,125.663126012971,124.097884140745,122.053008796851,118.925944068299,115.656918740702,112.961225415085,110.74580689285,109.13012188159,107.070314048069,104.848552618863
"19611",93.468801930956,94.5144181233589,95.2756716981388,95.357122282608,95.7725526929758,95.852446729234,93.7583147720948,92.9703013538679,92.8345310227134,91.1704273211559,90.3294828206718,90.3465108498026,90.7491537934151,90.4691003328372,90.3759063076217,89.572792380469,89.0706989353137,88.8545285403463,88.0719726769616,87.3616886542966,86.0584857373961,85.6000502869325,84.1765735565238,83.0905218767897,82.7956470519294,82.2035122652587,80.8379259577451,80.2085586372572,79.9776113209576,79.2835651611572,79.2415842369157,78.7532544216716,78.8010854363353,78.7433830006049,78.5212142158557,78.5406060312861,79.7481500008145,81.9538510208496,83.3440016172886,84.1757997325129
"19653",71.252310423067,71.7579982862133,72.3055046711629,72.6571233863905,73.2335272286361,73.7131046955403,73.9578426648726,75.3854784629176,77.2787778510694,77.4922966760777,78.5131084558597,79.8566246069523,81.8575360382097,82.7614273574119,83.8035014803699,84.2600594555529,85.0398132897483,85.7875903959261,85.9975652066558,86.3951653093899,87.0392572279944,88.9854832202256,89.1035873934647,89.6737498288272,90.4319377367214,90.2678176080621,88.9350801343293,88.8108093946982,89.5199049252528,89.8775547503308,91.2602483205721,90.942040978737,91.4270879532889,91.1120448840424,90.6789158453161,90.231547397014,90.0375984600074,90.4212850129213,89.894057721069,89.1280767071065
"21211",36.5359531443942,36.5985011389073,36.9899383129909,37.1564021524374,37.3682538641579,37.7540398788546,38.1579194138373,38.8015484185136,39.6584906328992,40.040412108951,40.6077274303167,41.481101068611,42.2907165183895,43.0857559538216,43.7800294089284,44.5622479084862,45.4262768048977,46.5690565871299,47.7358247982393,48.7701040461572,49.2631056970033,51.0148492660613,52.1764052012133,52.3899279608629,53.0183583446147,53.3565717627059,52.7179692595817,53.1208126508309,53.9305530420566,54.5180540602902,54.898103539674,55.7848087340319,56.2177750679453,56.8149176884389,56.8233366183838,56.4690770744671,56.906234258542,57.7263378055771,57.9550561238447,57.7079076984924
"21251",78.6931431416869,79.13104901894,79.7735502498136,79.628238318763,80.0586690870996,80.5879599341166,81.0574646275584,81.7688635638361,82.8642577732266,83.1606393930494,83.4198746038862,84.7358709952636,85.2748769431607,86.1916838003287,86.3991329300303,86.5689082191928,87.0181851562474,87.8565638291245,88.1959676830626,88.707195263832,88.6166802893688,87.4834774659742,86.8153156986391,86.1064221189398,87.0054222448202,87.082927031786,86.0749873029907,86.2102133588407,86.6313763354523,86.246771615839,85.8729140891711,85.9801937328115,85.904969060085,85.6622523239947,85.2857899995192,84.4389992485288,84.2162496968446,84.4258651438101,83.892721194917,82.9370724678072
"21291",95.390787637774,95.9511020806963,96.7991832151814,96.6367367945378,97.5601569483351,98.8216262452642,99.8260623243288,100.959907901539,102.662664478709,102.830348105407,103.140158150987,104.541335105929,105.165195806308,106.347657028787,106.638174911684,106.949886920692,107.525873262765,108.728712643302,109.222663377437,109.707762279986,109.730345158602,109.368975501557,109.178797587896,109.015946449434,110.411670770067,110.426060081954,109.208187254245,109.486365639978,110.156920280519,110.214162832635,110.493710405284,111.010805286881,111.290523830323,111.572236803975,111.456959716629,110.931117244108,110.620932871097,111.104057070973,110.843915108428,110.033762092476
"21332",49.4756353490498,49.5753885373965,50.1022528042372,50.0696837649226,50.6834183282878,51.3817201581842,51.9255175336046,52.5826288661302,53.6631599526619,53.9557699889962,54.3108895785128,55.4018095142443,56.1279898059848,57.2704961491747,57.9088464323582,58.3927075837374,59.1152562538398,60.379055964203,61.2948219324406,62.0533390716235,62.8135867545876,64.0751166476846,64.9854267137333,65.5826428898703,66.9588904937071,67.1862433458434,66.8073419851704,67.0439962970015,67.5265474015357,67.724950972628,68.1625087403661,68.7091555294866,69.1629536561267,69.7978675668845,70.0802233481325,70.202446437787,70.7920539159216,72.1558075755469,73.0104673419144,73.2517604843989
"21411",70.6831835338981,70.8182284521057,71.7365571609555,71.8746226405388,72.46103195932,73.2924819379646,74.048520783538,75.0027370310269,76.524450383891,76.9056363755348,77.1868490299678,78.5998744329065,79.7203406441791,80.383160319934,80.9776761613449,81.5036899984944,81.8934581694512,82.8846351922522,83.2129868455995,83.337547343041,83.2196769575452,83.3514106785479,83.2472315661718,82.7718151416282,83.0886858574174,82.8214954376613,81.9582868343831,81.782280241909,82.0195142225264,82.1868416169175,82.2149099619398,82.2679120496221,82.4845365126261,82.963343820474,82.874331816542,82.8041141696149,82.82516269029,83.4385731480292,84.0014731532212,83.763834418348
"21431",43.7947212605414,43.9147124507598,44.3735342512986,44.4243233165943,44.8952133153652,45.3513982942381,46.0395073101314,46.6430122089837,47.5858487322683,47.717035404467,47.952697999191,48.7617833044391,49.3969103161809,49.7728731027577,49.9625726342829,50.0582230301809,50.3362942478447,50.7137110311242,50.6852431243849,50.4021663573536,51.1933540348589,50.4964147779957,49.7126867834205,48.6546996576681,48.3009576267115,47.852864821874,47.1364998066021,46.9309289689946,46.8689057938714,46.9195959978846,47.111284088562,47.2528754604472,47.4335177848381,47.6629752287126,47.5827227114162,47.4198857879029,47.3743801820041,47.679327768051,47.8529787463385,47.6372806287754
"21511",52.9384484830216,53.2355375344639,53.5575472193725,53.7068981169799,54.0859586816303,54.6595925634688,55.2289553478336,55.9531258924487,56.966140052334,57.042703178004,57.4331812566341,58.00712084408,58.7282889956522,59.2418826326338,59.6304812648751,59.717334111771,59.9896551640418,60.547444266237,60.6731657913012,60.8811777534194,61.3205019802881,61.4216874916175,60.752069353395,60.6386181013764,61.3039272891698,61.5568573816822,60.6851626346037,60.8706119135386,61.2475260713823,61.5734556830193,62.1437459914669,62.2275127477551,62.4333847197471,62.719760320113,62.4885292300888,62.2425541428472,62.2845641545915,63.0540812092147,63.3988763099136,63.2449537181258
"21531",62.2421618354867,62.6338133296492,63.0108652321247,63.2064028926497,63.5998749065655,64.2674455285468,64.9634685210548,66.0063356090644,67.3781953315561,67.2995916850554,67.9221214286662,69.2920086793666,70.6049343590583,71.423718724478,71.9117714379716,72.3608672891091,72.4606679159441,73.0333542107528,73.0299057993144,73.1190202043869,73.0323908533651,72.6177459211225,71.2111491604357,70.7109070987539,71.1302884449319,71.030795395228,69.4436708959143,69.3844637149136,69.9186856527294,70.2241816069837,70.8330770559059,71.0857405002702,71.2509759451275,71.16368433046,70.2932443168755,69.6338614325561,69.4503250251935,69.9371864418418,69.727088285992,69.1234865672367
"21551",6.97704621799925,6.95357206969045,7.08840488614872,7.3382073487807,7.77305695267612,8.3036234250348,8.93964499113097,9.79895598118691,10.861152222157,11.5706276632116,12.6436201739456,13.9948813461523,15.4733956958031,16.916165929709,18.4055006275801,19.991511804166,21.6818690144453,23.857411611128,25.5442200170582,27.4882652887146,29.0888354520283,33.0147397662055,34.668300009226,36.337994241717,38.2435521539861,38.6736568616269,37.2025731973484,37.0462973865502,37.017225477125,36.9246591538003,37.3715576032725,37.7819317663073,38.556896274021,39.3545102993542,39.6937011144294,40.1079539182268,40.7150975990633,41.8528589796266,42.3097111446128,42.4344787111721
"21571",21.0778842835493,21.2978424073729,21.511495734978,21.7079212288512,22.1625000279401,22.5991950574017,23.0104743183547,23.6582555561041,24.4795056734219,24.6428586409633,25.2445228020301,26.166863744591,27.2161278388232,28.2113580373376,29.3069087568292,30.4082187310501,31.7510223027689,33.5499276925895,34.8409869863837,36.4386861871003,37.6029635616332,39.3133490480715,40.2189439321125,41.6797802662259,44.8837139618447,47.7497100038141,48.8563486178426,51.1720273112644,53.1600583196361,53.9404864829031,54.8373806120338,54.9831923862102,55.2897796739714,55.1961789152717,54.2628173081231,53.1251221602151,51.9326561079444,51.0034774413547,49.565347602954,48.1952497720089
"21594",74.7405054851621,75.6376953380332,76.1958392218678,76.6674872804225,77.3802185982802,78.0531427645936,79.2479998520003,80.7702658965185,82.6961016238012,82.0593580094742,82.6069177496166,83.1099264216072,83.9664637652907,84.0394902514991,84.167125463197,83.8031956567342,83.7536535200557,84.1162533311036,83.6523752560458,83.4799122458064,82.9627990511218,81.9581735342904,80.5744632698968,80.2834236115629,80.9567921713349,80.7250365320326,78.835445497644,77.9459301860676,77.541676436798,76.8706674226648,77.0378254601114,78.105049776979,80.516121545607,82.7591600573142,83.6998175057751,83.2849426115786,81.5708547335797,79.4637310996034,77.1240893948563,75.0461152838081
"21611",74.2757911111736,75.1663147898698,75.7164406249174,76.1240677266773,76.7271068586787,77.2232176515427,77.4192436251118,78.2667091086823,79.677993575429,79.000083516183,79.4003635244434,79.9681014631769,81.039828170628,81.2817006736327,81.6594009611082,81.4907633595907,81.6728269792001,82.2435424890431,82.0755028449658,82.2373804862137,81.5579159970837,81.8036681364951,81.0908647692166,81.1804543657682,82.1501667891332,82.347792231521,81.2570412826247,81.2165121444659,81.5445158285214,81.3895697310037,81.9970415142555,81.9802329492897,82.5449320982685,82.8799156382971,82.9619569463641,83.0963576162861,83.3129306296704,84.0914314236088,83.9884144879149,83.6282205916997
"23191",63.6902522338378,63.9998196514404,64.5959075970685,64.6383912952103,64.8748202709963,65.289316525903,67.6441390876575,69.5807999218071,71.4568180689719,72.175269539835,72.4531101269828,71.2850173375307,70.493463957988,70.0320065838972,69.7006586625142,69.5213369748765,69.4973025440176,69.7487875246221,70.1294509712685,70.4844507480899,73.343972406361,78.4948238800976,80.5506672371445,80.083509387503,78.0333786859682,75.9185436917491,73.3385924422723,72.2041623351405,71.6214892404276,71.3466070195508,71.5559484723735,72.1953917397706,71.6522230826821,70.6546926849862,69.2607849962561,67.8257350966401,67.1387172982182,66.847525246976,66.1832223688588,65.1553876018028
"23211",6.00586542495698,6.03172885114446,6.09540683561274,6.12353556693682,6.16691769780319,6.23100303587712,6.48938776931957,6.9374224496691,7.57448120511774,8.21882886518544,8.97487069778059,9.93151108264057,10.9344271927894,12.0111711382257,13.1069262264554,14.2906411097802,15.5824220547992,17.0836664384619,18.645072874514,20.2258582712774,21.4528435748607,22.4517366728205,23.5599998182829,24.8129585239281,26.8262777905701,28.5130110934307,29.2108315184586,30.802085152263,32.6465553454314,34.018938346144,35.1039490816889,36.8489528512222,38.3038382272939,39.8123966017631,40.6026514959726,40.9895061735371,42.2913103618708,44.036905534928,44.9635410680309,45.3538388041196
"23331",79.2307047643707,79.5176889362938,80.2349837399073,79.8202103276136,80.5985307389605,81.3486767032891,81.9994571923597,82.7141630678385,83.96515237931,84.0237980053479,84.1922601566892,85.2052237222528,85.658530776365,86.4685677160941,86.613345516134,86.5729914195901,86.4456677052256,87.2006416443943,87.4850767281332,87.4620123433581,87.9031878475935,87.3392683274835,86.8687802784806,86.6727973698122,87.7378316860205,87.6650501152907,86.6763270385748,86.4148551215101,86.545345999091,86.4379651215824,86.5947630630316,87.8076632220797,89.7201674133273,92.2002393244995,93.9495239400863,94.3740373694676,93.0571697312011,90.9615925279825,89.1051111995131,87.2019328487263
"23411",111.895553661718,112.253648954336,113.645830837084,113.656793033408,114.536401934403,115.5987848429,119.124625385206,122.005164837703,125.516212738517,126.328824597724,126.459453147377,124.849621087318,123.647578802426,122.633873013674,121.741640706034,121.222640809786,120.610822708458,120.953026966868,120.27488919769,119.734168545961,119.364232625745,119.972590948152,120.070212400574,119.101699777486,119.099128988324,118.413427222971,116.955981346534,116.416388010325,116.786210521477,118.181024068789,120.435862456106,122.580579510299,124.183113689062,124.741012334463,122.870838256646,119.531847784361,115.980181636849,113.880965074384,112.095844972115,109.827589042004
"23431",70.6386390237736,70.8017500149715,71.432233218651,71.5573209281568,72.3438609053082,73.0813473029853,74.0515738358386,75.0770993369161,76.6711618840715,76.8210214963222,77.2399630367502,78.7300823643942,79.9317273841145,80.7418687554562,81.1985018352424,81.5251937973315,82.0265628975586,82.8517981940551,82.5619474471869,82.4054909656994,83.0322240360886,83.8741681473703,84.5615338615385,84.3476316667698,84.6671380057741,83.7500977720902,81.545744859542,80.3524521883324,79.4383791056129,78.7850841458783,78.3926927024662,78.0114616951607,77.7567131685353,77.5462666422701,76.9477296209394,76.2570659275312,75.7348038751582,75.7052614321861,75.5320527780449,74.763481590905
"23511",7.69665576243369,7.6437386628252,7.76844207244921,8.01181082800894,8.41066774968691,8.94661870202604,9.54877649109227,10.2755352525982,11.1400777552354,11.8019601679706,12.6415730488544,13.4893172178277,14.3793154297334,15.1910577041047,15.9243691602836,16.5175202949392,17.1536876666014,17.9659349239625,18.5180397492982,19.2022164296259,19.7226796105359,21.7100047649063,22.1935503243086,22.1170806181944,22.8359788475573,23.5671516326073,23.8550879631834,25.0090912401626,26.2435324972044,27.2793556198356,28.4803800973935,29.4479140810506,30.5309492320995,31.6365850062651,32.4095830875723,33.1537192526407,34.0820279949082,35.9458158867827,37.4771679674509,38.4142374497721
"23531",48.4958189645199,48.7599982474488,49.0510840287253,49.2262709275889,49.6578913782552,50.3317942218501,51.04948979386,52.0959831348424,53.4691637151432,53.8263059341148,54.9019136643331,56.027163838523,57.2561249235339,58.1364703936243,58.8377766628951,59.5221818793673,59.9264802710846,60.7237045701981,61.0891491639999,61.6484261772223,62.5091771633623,62.9277364484823,62.3693047977866,62.2567541712593,63.0820460274736,63.4154338136713,62.4607993161285,62.9189917924966,63.5431809311384,63.9064522027683,64.64242539059,65.0100979306901,65.4747767788469,65.9170083115996,65.7940087573417,65.7691244864042,66.0414070578988,67.0916119705709,67.4946595488691,67.4577534870961
"23551",97.9198957663009,99.1913772923424,99.6783069462871,99.4675359346176,99.7518848057647,99.8826173670016,97.7881901450197,96.7335006432599,96.213454948734,94.3656165230249,93.5476102077539,93.1159513571458,92.8315821195958,92.3141133638161,91.7458508525236,91.2556581453815,90.7959295062165,90.7798300315385,90.2368941050414,89.9317710301443,89.0405772818798,88.6024153892912,87.4501343722258,86.92705215792,87.2962448807797,87.0362898548521,85.4588816924803,85.198356676448,85.1907160847277,84.8552653168104,84.8944824596267,84.9028074652038,85.3341760805604,85.7104707461829,85.3857300959629,84.9213065009292,84.4530477090423,84.355964292373,83.6806115020811,82.8391329662875
"23572",13.2387035135943,13.2287171294523,13.436479029543,13.8304978581861,14.5037821588448,15.416083214283,16.5458570083548,18.100532611738,20.0403680550836,21.3788425586143,23.4983569725829,25.5832428790116,27.5715094646084,28.9459170112128,30.0679424592618,31.1049259157672,32.1548981915243,33.4871668186154,34.2433452772762,35.189538482183,36.2344580991066,37.0003967862782,37.5500217164959,38.8482786340065,41.1787712251524,42.753085140916,42.9467165566638,44.3420234592639,46.1823296146363,47.6803145021246,49.5342395567605,50.7280627791918,52.1835525409777,53.3759976295219,53.834382369413,54.2747676390381,54.7338981632689,55.7044815877314,55.8506725637196,55.8842898918178
"23591",41.9623630420765,42.1252127990701,42.6693343468951,43.6952981154049,45.4512013850424,47.7619195654262,49.5775807564695,51.7922565601701,54.2807069234518,54.7845112248297,56.3706976651478,58.4156788700157,61.0782565772485,63.1666940592937,65.4516346985925,67.5936838626266,70.274783743733,73.7376358517658,76.2865908696239,79.5191622758396,81.4862148814415,89.5095478847948,92.8305020835033,95.4308253474165,98.1398130252034,98.3990996081717,96.4877437086611,97.3017578294908,99.0973713264245,100.218405430801,101.759809443863,102.065040238645,103.502647196789,104.868527610326,105.616829232584,108.390921991827,112.95297862553,119.0823719991,122.452013651393,124.943442446695
"23614",107.241915365577,108.626554223391,109.246171216079,109.492740890949,109.769909708272,110.066294131817,109.460689127494,110.06879447,111.363281070876,110.251998358729,110.699232200962,111.315826632441,112.649727266095,112.886237745583,113.11452311971,113.078192895461,113.436935151105,114.377887764623,114.306038547575,114.850496462778,114.338831578462,114.738618432087,113.665732696326,113.674514845782,114.976828358333,115.279601842013,114.005377886839,114.17006036159,114.587455512634,114.829931914615,116.202635438843,117.040877637872,118.559512047875,119.714744746884,120.2340842401,120.552213375521,120.623123850568,121.267937487315,120.534672052293,119.782068671693
"23673",43.1034817459828,43.2223278704692,43.6793156392646,44.5380862224696,45.7118984871075,46.9796660557903,48.1077120407184,50.0183463685638,52.1647122433624,53.0480913637663,54.8043631092541,58.0512598754368,61.3903272162027,63.0653612906655,64.5315075334971,65.4120329679677,66.6197046887104,67.7307744814905,68.0573357910278,68.7619824148768,68.3601000917878,68.5509574269519,67.3879044660049,66.6235181226266,66.6326487844004,66.4069536786863,65.6732251618713,65.9701614805892,66.340463032731,66.8848703435342,67.7282174616386,67.7283823860108,68.749676329736,69.2232726670556,69.6989799542302,69.7928649965091,70.2430076560589,71.4214570997833,71.8066212063636,71.851323205066
"25311",75.1212010572334,75.351793841706,76.155149134719,76.0963440069061,76.9151637111864,77.8160554360478,78.6315810191794,79.7554615773628,81.7300484067622,82.4914074301712,83.7982206143375,86.3109703360458,88.0197466688033,89.9809621243957,90.8936461128979,91.5088188791176,92.1172397984636,93.4358398088039,94.0895209064431,94.7313301868414,97.5124287749187,95.3640054781028,94.2038240015308,93.4176148052532,94.685877375784,94.3452218210774,93.0332118483528,93.0468746517608,93.6647696608023,93.9395085287045,94.9446977400299,99.0969473373006,105.190840601031,110.917966314505,113.986069622298,113.2917691632,109.227608412828,104.365984541235,100.524777398759,97.0920355411805
"25351",46.9182849997371,47.0751948297036,47.4650275176915,47.8696622169261,48.6922777618412,49.6169416625198,50.4373872512672,51.2353187375977,52.6772279117767,53.1222876621461,54.0213677541698,55.2047421702958,56.0903349519486,57.2002664760309,57.9708540922927,58.7518739851147,59.3100124698881,60.8284449264967,61.7608286187716,62.7516036231501,63.3211658483136,65.3764174030632,66.6607191693055,66.8782868583303,67.8559621333131,67.963884197753,67.5625946976262,67.8661393263893,68.520864728619,68.9563394257617,69.5207192188298,70.0571337365236,70.6630181030757,71.317700872246,71.689920388735,71.9401871675453,72.4527148526028,73.811755234853,74.7432121478393,74.9902600008872
"25371",81.7361163195369,81.8764455376193,82.5997775104269,83.2966171475154,84.568440073968,86.2040451760911,87.7537615144735,89.3502598470874,92.1953183441337,93.280218814797,95.329500395669,97.9940419822975,99.939139638619,101.821635859686,103.224765635421,104.252624626215,105.017548033018,107.039592841584,108.094804071363,109.026587466892,109.500314004748,108.977169640397,108.805544239366,108.650846358073,110.546918293082,111.169051681766,110.554717946063,110.758784545533,111.420588874689,111.863716469788,112.621220202754,113.914111345548,115.79880892674,117.638016518132,118.487849947452,118.500256484768,117.916053981075,117.469998729992,116.409037218391,114.85861734457
"25431",85.6298027652644,85.747971968751,86.3181180090094,86.7835669623792,87.4888847346037,88.6039470921834,89.8472544189597,91.7802899871483,94.3894869073796,95.6164061053856,97.5435032716453,100.406151240593,103.253077820849,105.544370406818,107.266869870116,108.557364531673,109.89342758304,111.721355672872,112.00776379112,112.744163401659,113.460665095885,133.064823127659,143.945772762834,148.012206538527,150.704151234245,147.775181574087,141.035090758945,135.822198719832,130.461226609965,125.491303229682,121.643011338088,118.482034438457,116.165719869365,114.202136968987,112.312847410067,110.590891739934,109.197226843591,108.422699023255,107.625709084416,105.910679028652
"25471",83.1664426491117,83.3375941780068,83.9120335743169,84.8010669081356,86.0751065094142,87.9129584938164,89.520691704969,91.5722240562419,94.0452127275776,95.3483371369461,97.0642676138826,98.8328670443479,100.726959206464,102.436566237839,103.897792021224,104.592217178689,105.621646780597,106.618284530911,106.841288022669,107.60632387236,109.239769309853,109.696152872598,109.210645375798,108.983812623357,110.43526695883,111.067323730919,110.123827359904,110.956483577546,111.519093869011,112.262444566605,113.253317585673,114.153953608027,115.115295877089,115.56963082877,115.821495899147,115.892636491256,116.371750304183,117.559040764705,118.466172893909,118.121248888094
"25491",47.4982256626812,47.6557521821016,47.9659981827601,48.2729559009688,48.9832627398269,49.9407644459125,52.2282351895179,54.3262204387848,56.1954064614381,56.9207001532598,57.7937058173511,57.1461943324005,57.1132924796706,57.247961993861,57.3164718607776,57.1812492673286,57.256509865315,57.7154987534341,57.6319863788458,58.0112863591939,58.0963928134584,58.2362791835047,57.9976381850234,58.1035907534349,58.9329950112592,59.2027155648364,58.4898341528623,58.7454295549088,58.9227575870386,59.10042072283,59.5762987366243,59.9494447900409,60.4426564198143,60.6990152751063,60.7843433987252,60.7241144957427,60.9164131683696,61.5348900823871,61.8923030393272,61.7771570967183
"25511",68.395105803864,68.7451624520672,69.2232808133917,69.3708867771416,70.250664978872,71.2220863313988,71.9642184683325,73.2124277135494,74.7150255994932,74.7763782940025,75.8616147826027,78.1945898790718,80.6524521296227,82.4389947005313,83.593269593174,83.9399604215655,84.2607334957289,85.4172755645027,84.9814977748849,85.4547601807019,84.611120670026,83.788132740645,82.7348762553303,82.2407410669768,82.854118632848,82.8136902205515,81.3729751933127,81.2508253555038,81.1174799737193,80.943401045223,81.2661072556921,81.4171880844791,81.7199747000466,81.7660239845587,81.6439525223192,81.3247881952415,81.2158273167477,81.5575254531846,81.4575359330501,80.9327933264072
"25571",77.7447691993355,78.665767513756,79.0549462143204,79.173805581257,79.5068888869158,79.9902244077543,80.3460448721244,81.139170974953,82.1396976315822,81.4194484638505,81.7506254797117,82.1872727677043,82.9660731414177,83.1259716731589,83.0741738618758,83.0652467453322,83.2621004189771,83.7787968348369,83.7531214298113,84.0578485811565,83.7073255445483,86.5400322717709,87.3618954913845,87.7852523423688,88.7754531274909,88.2281194075155,86.0752132990407,85.3094012781598,84.8048835416448,84.2041635701965,84.1032970204671,83.7189288535815,83.8911224497653,84.1347308923975,83.9367033559394,84.6511122460508,86.224092733399,88.7291447558527,90.1834997366321,91.2276689280666
"25611",43.9252413123795,44.4249213769971,44.7244739500174,44.9576686792309,45.2683274610903,45.6843816374914,45.9680351342031,46.6206665655773,47.4840945005089,47.2210486289896,47.5875171346878,48.8385604037467,50.1157182777882,50.6286211574892,50.8835896646669,50.950569527868,51.1428802474218,51.5335852125871,51.3326101606616,51.4099722017334,51.2045100162376,50.1970518182252,49.0157924087627,48.456041140336,48.4437747760888,48.0872841575646,47.2065996494051,46.8789065085215,46.7127079418628,46.584133170219,46.8313102371282,46.9309730793995,47.3404136944238,47.7228702916565,47.9348656417224,48.1362945318234,48.2675354554638,48.6626677579411,48.5727278728741,48.4647898827183
"25651",23.2215943186856,23.2086625556667,23.5210434179151,24.2415948866944,25.3125720041065,26.6546924823054,28.015276723204,30.0949464434542,32.5201175552993,34.0296460094606,36.4527337299792,38.6280931316943,41.2415856286166,42.6793473026636,44.1771502291694,45.2907632246899,46.6551826186544,48.2431032621005,49.0858478307432,50.477597419095,53.798984104386,57.5622532965672,58.1693155951984,58.3006913584607,57.7652565573102,57.2573971094201,56.3613847330285,56.6285497556073,56.9501340034067,57.4087307354478,58.4164363060353,58.5962516606925,59.4410448747195,60.0803437773855,60.8605166645515,61.376073631135,62.0507668855946,63.5219737286155,64.2388781131135,64.676287751755
"25671",102.938621426021,103.828849845476,104.454515911785,105.262805470471,106.275834430927,106.985201413809,107.257600365335,108.575094105902,110.250668404256,109.79405699385,110.420261188047,111.225052716142,112.869145045427,113.05788806628,113.425885338409,113.325633397413,113.808437814704,114.387422082623,114.110076675254,114.527719038912,114.221037908806,114.496328124436,113.501190074452,113.631400028059,114.364144212429,114.325267395694,113.029338811047,112.894576309752,112.664231784974,112.696469353632,113.125637494118,112.548958622124,113.17707737524,113.355505709413,113.581526581402,113.301409238987,113.336293755465,114.13792089121,113.80641752362,113.323785096537
"25691",121.767926926837,122.778458164128,123.339458929556,124.254979471286,125.323674591948,126.05144501997,138.064010090346,148.829061149558,158.314409795039,160.883407220458,164.639297922481,156.120124547959,151.30442356769,146.123921690646,142.089436673003,138.544752303527,136.144299945147,134.106213782627,131.657317596963,129.969586938693,128.066529081658,126.607303110366,124.321643113003,123.703297697786,125.191416818056,126.924054862162,126.724625254302,126.303202361639,124.169667384865,120.870605848909,118.258453609217,115.136653321839,113.363118244878,112.129600314583,111.027095901791,108.9738044515,107.08262927343,106.01503342166,104.509879468913,103.017445980717
"27231",7.60920272106946,7.58253889845434,7.7292304657196,7.91505941837604,8.22574395208852,8.61234945104401,9.26529625047444,10.1352379151409,11.2947688721591,12.5084914934261,13.8207811882215,15.358070648198,16.9067933539357,18.4891677338962,20.040596273781,21.3698900115852,23.1595771677058,25.0729975248399,27.0182465366243,29.0067896673453,30.4849772114075,31.7405403974878,33.0405220935544,34.3968306703525,36.8045704692343,38.7818519027902,39.392260469745,40.9924610088427,42.9345603524196,44.5505176075183,46.0722015522136,47.690479858173,49.236671984205,50.6901032471479,51.5158301499073,51.6173799898669,52.917380443533,54.8961959938466,56.1845384656751,56.7851159770849
"27251",83.2548019181677,84.0098360881686,84.8715014100032,84.533124478012,84.8522495547458,85.1944102160309,86.2515812076255,87.0460410156554,88.3536321238878,88.6752230234663,89.5554882338679,90.2472700844209,90.8580008963471,92.1408758957917,92.4575433400062,91.906053564934,92.3649199226732,92.9297727632557,93.2839566140903,93.6347241590225,92.7165623878243,91.6755718766765,90.9276260542752,89.8260085482781,90.121211307302,89.9640250575742,88.779969668308,88.3790845398597,88.3487881550366,88.1006713041563,87.7894274113697,87.6021967943,87.7076648821633,87.3957304395966,87.1022317785555,86.4302965472192,86.7461231987953,87.5262260619186,87.6666404441149,87.3087727854042
"27274",110.115468981817,110.912595163352,112.047292700089,111.634578416759,112.337661281899,112.970551144246,116.924133647142,119.896340859487,123.273321992438,124.02593534245,125.994423707509,123.649721976918,122.180688262335,121.651363210593,120.355304716158,118.568894478704,117.795122877252,117.642351144388,117.145563168654,116.599744251706,115.898814753058,113.98037131817,112.461130294174,110.85733480637,110.883756357013,110.136849114983,108.256289907655,107.486088339582,106.857596401078,105.810036103768,104.792447770503,103.644772776419,102.982176299816,101.932738739761,101.106625892408,99.8423418394969,99.4092771308695,99.4253605196744,98.9920059695067,98.1129247841696
"27291",145.532363632832,146.27617015325,147.706641880849,146.555008041737,146.749314317081,146.827325687136,143.328809504771,141.192913402199,140.712093908721,139.135355601326,138.602379043956,138.960929500627,139.095203238677,139.2864394189,138.70136292198,137.590799756181,136.681443705416,136.729656735549,136.039530861603,135.500130983742,133.333252927984,130.987968770834,129.103351839358,127.310053433327,127.233690299169,126.183716614189,124.416967690337,123.951786590131,123.76242792492,122.950387654393,122.148529825777,120.936903614745,120.172101365841,119.056968566273,118.170609609247,116.949696783402,116.25180764435,115.909981748411,115.136072161529,113.944813962945
"27311",50.1496225080822,50.2203060219907,50.7966851456228,50.753130004717,51.31815021019,52.0457804472734,53.3896059056621,54.5729448966594,56.097217825831,56.5884844321929,57.2891533505239,57.1634871117868,57.2321302794254,57.4943034325926,57.5521574094643,57.4813593498755,57.5337114867192,58.1374004451317,58.3902335280117,58.8239018693601,58.8196049858006,58.7393585338115,58.7758717324909,58.6879365192166,59.7981536472785,60.2731674828632,60.2600411553274,60.9063356200721,61.7164828801957,61.9756339060049,62.2756120533709,62.2532735302395,62.144155783566,61.7198043288138,61.4690180018233,61.107178745083,61.112306969197,61.4661159390315,61.6012577242447,61.3778597534424
"27394",89.0418919306467,89.2322113946456,89.6348553778599,89.8153154253588,90.2348930865807,91.2061695523927,92.02818188373,92.6306678577435,94.3222091058983,94.4378817417497,94.9718725279127,98.6706151710834,101.703787038887,103.804716349895,105.025575310393,105.691720757398,105.974133884465,107.010605133639,106.834898320828,106.724082015652,106.138913298624,101.909692144614,98.5168707193071,95.7982895484845,94.5910481406717,92.9326735765256,90.7958662763315,89.3170475626991,88.1184726134677,86.9886542870926,85.9172490766208,84.8028145508607,84.075397526811,83.2594879374635,82.3372507129447,81.4669249653757,80.6897546682791,80.1441980181047,79.5304106820193,78.3914422779551
"27411",26.9408041304869,27.0583999821372,27.1220660087189,27.0402347739562,26.9490452092221,26.9072610756339,26.7500558466625,26.5406939001749,26.5260054253948,26.1401438975282,25.8140635241757,25.6822874821913,26.2664117171643,27.3996155968273,28.9684204550602,31.0238788571785,33.5616818882144,36.9740352515362,40.3264795179718,44.3595170818239,48.0040556562357,51.0640514664942,53.8227290818535,56.7174407007061,61.5947052904642,65.3757951147544,68.0193767549289,72.0176062738725,76.0402368112262,80.2156064985626,84.2683426477514,87.2473899161696,90.3869926846884,93.178976629408,95.4728232870358,97.6376430076182,100.726680858583,104.741901879002,108.085347880228,109.415225518893
"27531",8.34827740657037,8.42177762545681,8.444384071739,8.47173165155181,8.5026335980485,8.54919661946455,9.45248027348522,11.40987595417,14.3828252292198,17.7596760227865,22.5616872704261,27.0055006806127,31.3845596649046,35.4987518967733,39.2656081097119,42.8392904220877,46.407495888043,50.2622268983503,53.45402771803,57.1575947903155,59.6696996250892,65.8221853847171,69.6177031933024,72.805482709142,77.1249832473141,78.8732803458743,78.2028908098853,79.9120329185245,81.4469808724599,82.7931622925341,84.9450704448403,86.6694343140302,88.8546851374588,90.4913544901585,91.7451867588432,92.592617200415,93.6412799174088,95.2644685788308,95.8784275688345,96.2146280727465
"27554",77.0915303676003,77.96537824176,78.3498538184391,78.7983336063342,79.3713974402957,80.2205069476701,82.5604002574954,84.864223151148,86.9898364327009,86.8948963252616,87.8686281859689,87.1877551883191,87.3281631579021,86.9531515050922,86.4245417327512,86.0102489209981,85.9699629289348,86.1208161201996,85.8988128550138,86.021083747401,85.57200669991,88.7059836180742,89.3578375857638,88.9225299939088,88.6689486170716,87.4795125143649,85.5343850757899,84.9631129730966,85.1216263592507,86.1777297091072,88.0135137845761,89.1176995761255,90.1280212532154,90.111488731528,88.6351034784346,86.3847947259582,84.1311372401709,82.69576427853,81.1637907379939,79.752755676024
"27611",20.2329976158581,20.3800098600284,20.6067905228772,20.9686864666917,21.6003141439661,22.3973527886409,23.1879345471938,24.2129518616643,25.4602025309403,25.9509274382553,26.9539657969989,28.2197220803166,29.9055151972791,31.1198721805775,32.3839322972896,33.7713180056688,35.2999217498184,37.3287492961659,38.8811689731533,40.9943029901559,42.1281808305481,44.3381898747376,45.3635068022352,46.5680598590604,48.6967009669384,49.902492511203,49.8962161672643,51.0958805786648,52.5398884987668,53.8417342536142,55.2981892472981,55.7335747581873,57.087899845007,58.4324092134195,59.4314005971258,60.4585587727039,61.8304448435548,64.0613328251859,65.1602359323921,66.2979549295657
"27633",41.8456407351893,42.2538927403941,42.6351190776429,43.0831973464153,43.856842451588,44.7473822361109,45.4036310998437,46.4266004630165,47.810526601024,48.0309139512304,48.9213088771056,49.9324270727149,51.3168807027511,51.8147584054335,52.3058689377871,52.6627902600819,53.0543001615136,53.7512022381991,53.7279390080977,54.2210835885225,55.3418765340257,55.5928776895814,55.100862723573,55.3080440463926,56.0310147950657,56.1155333317705,55.3119407707151,55.1899513910118,55.0822787799944,54.9802743439702,55.1816794906118,54.8767573078998,55.0909215841544,55.2192514615027,55.1868039486045,55.1515384055272,55.1100920097218,55.4523274354754,55.1953266906893,55.0598132785693
"27674",25.6794834927888,25.7436910746421,26.0144712864965,26.6047668928019,27.5902949439268,28.7557151812652,29.7662338209229,31.1962788882423,32.8043532290868,33.5495397104225,34.9497899695138,36.0976673967176,37.6845189866926,38.3076346775015,39.108132480313,39.6610485524567,40.4147748414621,41.2972941758609,41.5736103397921,42.4059605517854,42.6454636412937,43.1808559001087,43.0194501693583,43.5478748628846,44.4263931074777,44.9387917825314,44.7186056411518,45.0554146269135,45.2691029447085,45.7063790931591,46.2386742065704,46.3020318819067,47.1350527620397,47.6554100376213,48.040079731531,48.2026086932539,48.5245713412457,49.2070508022217,49.2021666770945,49.3276285974576
"27693",63.4005301403455,64.067679849789,64.2024955394686,64.6089352355019,65.1059677911578,65.5187374369791,67.3358316419765,69.3856759579478,71.3066434408264,71.144361613755,71.6466022900098,70.0172739134726,69.4439082240134,68.180452596848,67.2998152986468,66.4674866094043,65.9448542119987,65.6051282028313,64.7669725770576,64.3463878666045,63.5923409138403,63.045741985573,61.892444129547,61.4272580595246,61.2818849599333,60.8818732363679,59.8894869790513,59.3721636038101,58.8288534299802,58.4200767316764,58.0890227906764,57.3352310191082,57.3245859646984,57.041419153713,56.7284530427168,56.3167855336353,56.0485994726558,56.102003049511,55.6825761145168,55.3733668977088
"29231",94.4119319810277,95.0390819813338,96.1024345426769,95.8989863733282,95.9869998832789,95.9334734695108,95.1578561160892,94.7246001390482,94.8997156024609,94.7060732748082,94.1382934174607,95.1824496499566,95.9889240030583,96.3535445032702,96.5090617163109,96.1658705588005,96.4617971184513,96.8610279016086,97.1841956562151,97.4454442619122,97.0480681153805,95.1882310046339,93.4545155408537,92.3244885116568,92.556016584829,92.7263395532027,91.6090984364965,91.4706535796671,91.8838459477501,91.7781821033227,91.9070876915393,92.3156880636279,92.4873428342197,92.69056368216,92.3480109240131,91.2529517179293,91.3974927449375,91.9580751844762,92.0043390256481,91.4585645383332
"29251",69.8857147070558,70.3668695117095,71.2330190791928,71.2456568447343,72.0030012012246,72.8693579013966,76.6573804428548,79.5984467575575,82.5655527435057,84.1387383064289,85.4515135106316,83.628400576955,82.6023505611238,81.9495266733272,81.1282144070251,80.1399408426259,79.9118801296829,80.0669413753697,79.9322438817584,79.843584320159,79.18213772904,78.6050275835901,78.3404640041777,78.0871975725892,79.0638858292175,80.2410542772848,80.0043438426839,79.8640394773985,79.533737810977,79.1255528561303,78.9302981327064,78.9844098204537,79.3658222452971,79.2585648354216,79.3322151075509,78.7891687964121,78.822200232785,79.094853098389,78.9181102317104,78.3758503594701
"29274",31.4428384774141,31.6792544531979,32.0458512141476,31.9456679297598,32.2028808828829,32.4572457853011,32.6697539980281,33.0325883798081,33.6941095197747,33.8737049099352,34.3748367843824,34.7557673488533,35.2720865267356,35.8431497772861,36.1660877319475,36.3587054115768,36.8291473378451,37.6600109639386,38.2785322002899,38.8605610225274,39.0720820626726,39.7453027233366,40.0230749655838,39.9549890009539,40.897432788076,41.4588606054652,41.3180853158251,41.9569732608184,42.6115148094112,42.9735910470569,43.503783499278,44.0439956860036,44.9304268502097,45.3736638852119,46.0376626233799,46.1913027960246,46.9512104260653,48.3930443847664,49.4236424000602,49.965485088575
"29312",30.780172475152,30.724843636793,31.2210624739101,31.5781266402196,32.5192775971217,33.8508974080596,34.9469175825393,36.0944762719778,37.6738561203509,38.4804240994153,39.5878589671078,40.6727626636688,41.7686248201387,42.8448006342208,43.665507877739,44.2163698401151,44.9368714171729,46.2782493644924,47.1666974906102,48.1652919002862,48.5376355578209,49.055878537306,49.4411842500274,49.6151551573687,51.02243558633,51.6093418207228,51.4888393423939,52.1421769082238,53.0419761787406,53.5224400225487,54.1591886646348,54.7387976491882,55.6227701031706,56.0604055920673,56.5681046746077,56.6802097348289,57.2247412486838,58.1047337560892,58.5719967259093,58.584898319963
"29351",14.7328428024912,14.7991387380155,14.8793847356514,14.8861347781772,14.9685175429657,15.0560944880756,15.1265555019069,15.1932166937546,15.4244222712237,15.3993901731293,15.4459356591246,15.7392453432003,16.135241483281,16.6345107546368,17.1457901810874,17.6961761809746,18.2863786202107,19.1681506991701,19.9040787444428,20.7516075015061,21.3512698151833,22.3181250743959,22.8586897626596,23.1014399957579,24.0577974234956,24.5723180642313,24.6715121635547,25.2025742324923,25.9301837815686,26.5202782889032,27.1726102501808,27.7720897816126,28.5983635817197,29.3062444575657,29.9118384383558,30.3898139334122,31.373766488112,32.9032676215692,34.2250789755592,35.1164060868871
"29391",73.1556180659668,73.4199628894284,73.6115575934075,73.6899075003766,74.0133611914502,74.7522706863743,75.5430470315754,76.0485403409036,77.5887719032264,78.0270223212163,78.7028797586606,79.1307983845696,79.9335609633464,80.6511706019142,81.0327796975869,81.4331155385876,81.7696907217447,82.9194226693882,83.3559322013717,84.1345608408223,84.2081898071688,85.064181996424,85.2987104449216,85.2793062704168,86.5810166018495,86.525559317596,85.4930114468301,85.4796330668588,85.789389791575,86.0939927055432,86.3640948186819,86.3778775591204,86.9471241365747,87.216835796697,87.223744482295,87.2780416332727,87.5318968634457,88.1511753145044,88.6831165564853,88.2941196118425
"29471",87.1115475597305,87.3627649327345,87.5458221904315,87.9088253335798,88.4476599145724,89.3530318657228,96.473347441042,102.43571864838,107.832039119601,109.83746667103,112.377686240765,107.144830728894,104.406588873338,102.048277980961,100.277972396497,98.849300107118,97.8066097886813,97.4095675020368,96.2633714349022,95.8522167716812,95.0359064126983,98.7123314857316,99.9074534833507,99.3092912939441,98.1634581389153,95.6451975575391,92.7785941605426,91.3036304906825,89.9396207031676,88.7911855716229,87.8629150078822,86.9568713200864,86.4330680231376,85.8430456392767,85.2501519500263,84.5429226593591,83.9633194603116,83.8260597254483,83.7374037206304,83.0350093832124
"29491",155.637264981725,156.769427326638,156.988573340783,156.690951428039,156.722570803598,156.447370932566,153.107013122347,151.619026903779,151.338802076631,149.447084191934,148.885869992885,148.575825275715,148.711789457167,148.285238407518,147.877647726637,147.044889337737,146.461702821766,146.270965643612,145.148983410511,144.249490168257,143.028095409004,142.560855096248,141.375198856643,139.675866712314,139.04045068913,137.623667438859,134.973770988638,133.789083928081,132.397494720379,131.109675668558,130.334960072471,129.503765735605,129.075123341836,128.246896565559,127.522429337378,126.340764895183,125.403735461347,125.066878440421,124.421065384484,123.297669704113
"29551",9.07595957922744,9.15937467257869,9.20806134178906,9.29021498907063,9.40642980575411,9.54466057414471,9.81874782739026,10.2787504159731,10.903184006759,11.3355562893844,12.029001931581,12.9865249171408,14.1906129263195,15.3568222482737,16.5358505412781,17.8057309068224,19.1964192379663,20.8937191326205,22.4038394430146,24.1418243939345,25.5943588252539,27.2916716639199,28.3385121118294,29.5097093074565,31.4625842403102,32.6373514152945,32.9458609142846,34.1883332620573,35.3438977515185,36.4354557597904,37.8270108509123,38.861085759557,40.2118545713625,41.4300032354708,42.283453303477,43.013628418002,43.6781073189308,44.6523008650243,45.0950786812316,45.557815321822
"29591",29.6565032612418,29.9932000167091,30.1629345901031,30.3178249606054,30.7200872081184,31.167454506998,31.700314047381,32.4813841517488,33.4907713130405,33.7667137308793,34.5429039001397,35.5268323795325,36.7506211400422,37.5724696070871,38.329054975473,39.1184893122963,39.9811163366811,41.2199989024446,42.0307129482573,43.1800472037027,43.7371216478993,44.7464221765836,45.2264865191785,46.0263437551705,47.5662595878873,48.3615165273252,48.3921811740051,49.5524326666323,50.8581306861489,51.9999569542007,53.04057194341,53.0311961672719,53.4819128250713,54.0264520507944,54.3374693716335,54.811353953774,55.7755667649618,57.4721878448206,58.4592980554668,59.4031273353767
"29691",81.0168261479372,81.8340803648668,82.1536382592121,82.6826164479967,83.5754059251589,84.3432718336415,86.8065590660028,89.3247865365644,91.7364475549874,91.7739435589049,92.5223255224518,91.0976953085307,91.1052311195308,90.2893090470705,90.1118159852329,90.086543921741,90.5534407891924,91.35616253275,91.3588030529954,92.0729200042422,92.2125080491173,95.1324021127841,95.3671311261423,95.8303960676777,96.108750338513,95.3482089496669,93.7709678613482,93.8136731195747,94.3664194375742,95.3394046052106,95.8679015292932,94.2788807702846,92.7605185020974,91.3176922747953,90.3353515100271,89.5913619392075,89.2001669953716,89.4013947583995,88.8570878881408,88.5519586201037
"29734",53.6464163344612,53.9220388457845,54.1850819727914,55.1255654501762,56.3053170197613,57.8009618728684,58.7871459925514,60.4752011729446,62.5398298199698,63.4779352424308,65.1236761308945,67.908131240501,70.7750680944631,71.9476015884317,73.2910425134216,74.6086483962754,76.0820324264882,77.5579213090616,77.6233374503497,78.5035519657584,78.3729106043553,78.0359217727494,76.907920714859,77.1758040888824,77.9604695547443,78.2761617239836,77.5096622759671,77.6732083721552,77.9532054265248,78.4939822030448,79.1708847101523,78.7499994933688,79.7451230903543,80.3133892408448,80.8662847206925,81.1265209281488,81.3367629329027,82.2193505226613,82.2200974014296,82.4919397411984
"31211",25.6219879534531,25.6845128839372,26.1401392835516,26.4506368453232,26.912412484001,27.6417984787487,28.4977535251549,29.2455933493761,30.055868650639,30.5072207987742,30.8056178781213,31.3274053027145,32.0839456643838,32.9881542998011,33.8413519915107,34.9105815330018,36.331514300509,38.0574927343074,40.0413698025774,41.7843182221624,43.1339948951803,44.3787084897616,45.4045778149673,46.9718753038506,49.3447552521952,51.4995053894064,51.5668889880301,52.7510014578664,54.6745343140397,55.7800375097214,57.069209676846,58.98393373722,60.9431852175245,63.1812083627727,64.560997269281,64.5913179095608,66.2473193698697,67.9827072593718,69.3716084150009,69.8659267397139
"31351",42.6430510615457,42.7470669575965,42.9617443698664,43.0108147414609,43.338238092856,43.7182649329356,44.0526238137106,44.5726561903143,45.5055940135692,45.870697482989,46.4647290619147,48.3792842840732,49.8908427762064,51.0683282143809,51.8091881859789,52.2631420359792,52.4403992759309,53.1641802690092,53.320917812721,53.7805597858812,53.9458782405029,52.2771828326461,50.9463081977382,49.9836241364994,50.0264541804955,49.7368820829419,49.0379917839126,48.8486958511573,48.9417285926882,48.9073303815686,48.8638800745298,48.7998570640791,49.0652595238746,49.1928137064172,49.2785940071704,49.3780025421669,49.6512369857961,50.0744152624062,50.3497480511976,50.3280594352097
"31371",52.7534777441618,52.780700930684,53.0131853571706,53.1823418861435,53.6491233398611,54.1606274785579,54.618159905286,55.1309659460654,56.1263395387596,56.2923156713031,56.6830066306671,57.183777675223,57.6903516058925,58.1572023905413,58.5151869308474,58.7132426871841,58.8057306651322,59.5296410036004,59.8098284267587,60.4803627999782,60.3595438434964,60.7535512126015,60.6821811910928,60.442732950955,61.3781144617792,61.5439669971885,60.9051252972754,60.9425437150036,61.4990665206547,61.8241094410361,61.9403125148455,62.0176981773767,62.6104304490386,62.9630340084509,63.092426977944,64.3471089339118,66.7810230147338,69.8884554737615,72.4658163810144,74.1599318833904
"31391",65.3944050502874,65.4585523061805,65.645012390644,65.8273627648627,66.2346673648472,66.6815433561564,71.8667030357115,75.4372623456869,78.9270204431096,80.1047773139154,81.4367880623117,77.8766175996331,75.862588959346,74.4759458719247,73.46286557353,72.7182133507929,72.1897497210941,72.3492182200127,72.3651249777379,73.0710371568218,72.770849460567,74.0770185825246,74.2210040164757,73.1592527302167,73.329869723854,72.8627608725352,71.7783166927614,71.5021664729917,71.5085575121823,71.8405383039248,72.1043637916058,71.8279670638433,71.8184388040422,71.6497495710928,71.3417667279893,71.1330089113912,71.0849643784665,71.6571202575755,72.1326741594873,71.8953982681467
"31414",52.0819210442129,52.1859223228113,52.330686793649,52.4950351881689,52.8282570395615,53.1715869768381,53.9762024156346,54.9629434970376,56.7673381138785,57.7640699130181,59.5447579321027,61.1851151181708,63.1700247801369,64.9783961819697,66.4317013187054,67.6798842820902,68.964800834197,70.8402357407393,72.0749145910056,74.1607511470985,75.2481707806895,77.034608668057,77.5942122513244,77.647294557678,79.7560705543535,80.8685483210825,81.1394139900037,82.7666581419616,84.7740278644821,86.7527576291251,88.4552903154603,89.8469591553743,91.9126998427027,93.1485175071071,93.9758062367547,95.0551895532786,96.2948545203987,98.0899992097344,99.6465382924066,99.8146021504697
"31432",48.5082167995355,48.6051093978003,48.8010788523244,49.2013189739842,49.7888508025594,50.4464060615121,51.2436978575603,52.2130140490962,53.7071620334225,54.2271548633411,55.3465051299257,56.8525710483146,58.5242905183247,59.8369785137269,60.6499524410198,61.2328272810634,61.9851171000907,62.9475102329178,63.0896965815059,63.8027457918849,63.6393063812837,63.2049822593526,62.7321717434032,62.4675687976823,63.2493813142195,63.2856588043097,62.7182313913656,62.8025954118872,62.857305224001,63.0282746057076,63.1019248066233,62.9382761695429,63.4986955934339,64.0996333820873,64.3158165129195,64.4249612687137,64.3543324879775,64.5384053758214,64.4312431712858,63.815938439352
"31474",123.93397765575,124.711044111358,124.706837616935,124.851414707204,125.22332572465,125.577139410372,125.668095462684,126.648545828436,128.763284029824,128.85587950316,130.236514466932,131.871903834484,134.002250152136,135.218799770803,136.007099952426,136.066459776917,136.797090438434,137.690888372177,136.731144116829,136.779363868499,135.366027995459,136.529723072975,136.082234831126,135.963914718088,136.985649299135,135.74057987661,132.404757996368,130.12117168446,127.754332044185,125.905657341444,124.503444168839,123.154326571391,122.660198014965,122.070938608274,121.198879022882,120.251400142575,119.455871899015,119.526995651307,119.418598543329,118.577257783388
"31491",11.5494350610344,11.5369575756108,11.6468884432733,11.8787988613525,12.2741822167109,12.7825875188506,13.3086974690268,13.9874022579989,14.826567841951,15.3571693461135,16.1316841271698,17.058229502748,18.3059386038074,19.5001983021843,20.7647766616874,22.0032330456971,23.6049138002937,25.3649363427912,26.7966306583957,28.4153061247299,29.8112403408695,31.2279479234037,32.151625025495,33.5777215199952,35.8271371264136,37.3913179922949,37.9272241391002,39.6346941165143,41.006940537014,42.2600328106313,43.7131536681729,44.9609261435332,46.7952636632643,48.30803378407,49.7267420241177,50.6173523937591,52.1578158205676,54.6167873888591,56.5327115253216,57.8511762805029
"31514",42.7497157306406,43.0370338103673,43.1581124139934,43.2601465266486,43.4461723340766,43.6205251362487,43.6567067686144,44.0504791357769,44.7511993395573,44.7898207562393,45.1812655050702,45.6829123448766,46.4282914403047,46.7835850988185,47.0677780936248,47.1459617667924,47.4438678086726,47.7760393933632,47.754947016138,47.7754152971252,47.6073936246604,48.4791143233697,48.7744265986472,49.5166936167162,51.0373524914257,52.0667282758729,52.1548848784434,52.9885593897213,52.9554081202528,51.9650169180141,50.3894960438523,49.2385578147739,48.7439315167917,48.434678064423,48.3581307179132,48.1948384065407,48.0657923292447,48.6225296352341,49.3894573988177,49.7718910837875
"31531",24.2463137233728,24.3970994904927,24.4743331422547,24.6076848718806,24.7254565240834,24.8378999408353,25.0843615915407,25.6617140411505,26.4777086208272,26.9216689371952,27.7072712573759,28.8827956221373,30.5738827995426,32.1732003619861,33.965489198652,35.8156607812754,37.9393330032113,40.3065922575443,42.4200206832725,44.9038471330474,47.1046260761201,49.4256342286172,50.8384104926012,53.0479566808114,56.1384239709257,57.6912315324911,57.5154067723761,59.1596227712748,60.6514264903791,62.0430762075239,63.8899337690527,66.2937284865217,69.6846206149406,72.5659419307622,74.6607184170238,75.2903575236527,75.0083553639613,74.5814540228714,73.6641094570786,72.9313730242298
"31591",60.3810996226976,61.035919090637,61.2307440719577,61.4189834637504,62.0638816803531,62.6486376743603,63.1519283345383,64.1159122494366,65.4106832092963,65.2074862634512,65.9211146722217,67.1144606020512,68.5498403950529,69.2384579041699,69.6353552725265,70.0101110173654,70.2491774655728,70.9255429103164,70.8960055855802,71.2015301691692,70.6392369539391,71.2400289518596,70.8404784079722,70.6273174027902,71.4005144783781,71.3663688871506,70.454257311852,70.5375414354371,70.582641499187,70.7468077640872,71.1837408839556,71.0745210390727,71.7079932561893,72.1462821742135,72.330954035635,72.8674963691727,73.564341718354,74.803491639482,75.1078064743212,75.5276339444334
"31611",38.2112780505173,38.5787415183608,38.7432414510207,38.8563649608065,39.4233847603408,39.9672370247308,40.4747194716821,41.2219931649367,42.1407526022331,42.1655049795098,42.66353320713,43.4187359016076,44.4127964137593,45.0094673379149,45.47030239767,45.9504002396396,46.3996120974967,47.0858968782664,47.3897770035731,47.9540716382257,48.1176205792694,48.7900909319486,48.9039422122882,49.2896028187366,50.388675335426,50.8128292866462,50.3300297065328,50.4752175858971,50.6438440298723,50.8844112907855,51.4050983055591,51.5439069993766,52.5607983711438,53.4188111058813,53.7927939826246,53.7794594606225,53.613528176858,53.9359745513986,53.8258422131355,53.8741302620828
"31651",71.464410182788,72.1598179627499,72.4823003871299,72.7651592270136,73.4512266580862,74.1659788894072,74.6530445815129,76.2705655619088,77.4506802920385,77.2484389917823,77.8152499388117,78.4108045642319,79.6427185722636,79.73832106522,80.0377704512001,80.0996468141494,80.3720529924108,80.7082917100966,80.4089197411227,80.8319783358936,80.4304148738535,80.6970973950815,80.1047520314336,80.250241869087,81.103688239476,81.1396377653157,80.2041082837861,80.0349278316907,79.8700118021561,79.6863795260515,79.9033048680524,79.4451476228112,79.9942981277951,80.1478518801774,80.1846424429829,80.0843400974497,79.9172151369284,80.3786779862872,79.9947513041783,80.0005115211809
"31673",97.180053873103,98.1649640006812,98.5252671962311,98.8164587211504,99.7537849875281,100.671338372432,101.203565354739,102.990414411226,104.422307665302,103.93900436941,104.431909061229,106.829373908676,109.700883370457,110.543298626103,111.457579501879,111.861367253316,112.643167415219,113.292554025875,112.995344357634,113.740217019109,112.265903927992,109.977743513121,107.266486374481,105.922373523612,105.648454585575,104.698349616765,103.005203846527,102.289168428523,101.622063526482,101.107833280858,100.999189452305,100.17686314935,100.575012656022,100.389479562151,100.175999817689,99.8261294948597,99.5983837100927,100.264337703287,100.04482683923,100.230301565266
"31711",59.914013074264,60.4516920769198,60.6191382081359,61.0654076177809,62.1032838255787,63.254154404745,63.7750191887131,65.100919541303,66.5442534491616,66.7007978523362,67.3822886684598,68.789081395273,70.4327766388309,71.0389570941725,71.6229951423893,72.3352698056962,73.1923578070679,74.2270924602721,73.9436350053636,74.6447155954251,73.8882009873104,74.7599832928212,74.4024858366675,74.8623950410792,75.7777607905253,75.7526713982193,74.7962917073473,74.6216987926516,74.3434952002355,74.1533597769476,74.0472142316541,73.2928606265958,73.7491248580468,73.5772876079598,73.4617675639543,73.2882371560569,72.9542538761477,73.4626822422531,73.1420854553557,73.2455475095835
"31731",14.7694304452212,14.7939338017656,14.9133682473788,15.2780522133474,15.8224925993311,16.5537586204374,17.4673184415415,19.0670916212394,21.0584815446783,22.8041539644198,25.2366493453276,27.794344997785,30.3287507075346,31.642172297193,33.0492775505934,34.5256581909245,36.0635041992929,37.6654456681066,38.0425764258308,39.3212472646243,40.369685875046,40.8299859473668,40.483639075486,41.1160087050607,42.0065123712419,42.4135295079442,42.0887410005002,42.5873573744633,43.130314639065,43.8602048074996,44.5803295288056,44.7959223306009,46.4004346499619,47.432261898715,48.2496060769059,48.6407292280147,48.7776931989776,49.381438831868,49.2015022062892,49.4028112345998
"33231",84.503331508066,84.9682290503437,85.8784520665405,85.9625683120028,86.4117566689375,87.3481666173949,88.0494015940654,89.0096814899517,90.4606864114085,91.3070507476218,91.7136935134008,96.5228434437975,100.086210223989,102.672753614027,104.12436542951,105.274842791977,106.568925546905,108.296098845824,109.240655539748,109.77842430914,109.226093891331,105.704025608511,103.009637958378,101.559500589458,101.684588283213,103.221273255415,103.649030781958,105.078639202826,106.767726584149,106.348414706726,104.856955267396,102.730223403001,100.545155951218,98.9184941590035,97.2064849511332,94.7480495165494,93.5971134028872,92.6653670552918,91.5739889541947,89.9730657586314
"33291",9.13231717074274,9.11055675209474,9.23720562355679,9.36071300772477,9.65031557432997,10.0373731364634,10.6075306651545,11.3705160416512,12.4551138653581,13.4855226323966,14.6229550891486,15.9385429951583,17.4276372658474,18.9248797760666,20.362792158594,21.7589924169815,23.2372075248814,25.2500647601135,27.0826047054813,29.1886843960405,30.5452405637666,32.0314879271455,33.3115981907298,34.7822655950651,37.4344544253039,39.2839783418279,39.8139603435099,40.6859298841781,41.8175882458033,42.4351771450529,42.9175352659851,43.554187416916,44.6828947718354,45.452773042466,46.0699385017443,45.8975885013841,46.3509347400448,46.7886127233236,46.9153443385771,46.6330161740966
"33312",57.3722704312417,57.5745096974187,57.9322948380021,57.7707314859982,58.0309728493999,58.3579929694149,58.6326705500742,59.0756549887083,60.0333343956231,60.383518570532,60.7480568609392,61.2031297387559,61.9866129133112,62.6241437235117,63.1659504980505,63.5998306760479,64.0375628886164,65.0416602493262,65.5702211776796,66.5010639943004,66.5426078446847,67.6547225199765,67.9018869981766,67.7927270125292,68.5940312183466,68.7600877904535,68.0141972617848,67.9686305761204,68.5880349213254,69.0779336966046,69.4011011947703,69.5614021318177,70.0394155748736,70.3636767910694,70.4718778672553,69.994874369896,70.2165442616533,70.7808990885423,71.090769536206,70.8585397704657
"33331",25.1916796432734,25.1305861291171,25.4304875257619,25.7120457026613,26.3525476826278,27.1850358089542,27.9696057909499,28.8387998000998,30.0922714163912,30.9239952483058,31.9485226751663,33.0266994678476,34.3677762927897,35.820261377558,37.2293978398027,38.6104022699667,40.0922108568905,42.1038468241912,43.7439049357996,45.7273475064794,46.99225042213,50.3675174372972,52.265918759405,53.3147425990294,55.0707830703045,55.3909289078747,54.8905450380105,55.4545418930473,56.6215303823231,57.5466376226645,58.4761105252462,59.4559416770264,60.9566766377568,62.2030917972506,63.2112692713668,63.7986815050773,64.8313239804931,66.2332980170712,67.3303278275158,67.9056809096484
"33371",146.946476135704,147.288562683688,147.715741006996,147.407248838885,147.797617880498,147.974024406675,145.591184057915,144.50504243359,144.326332331275,142.869101204663,142.092775787272,140.924672998375,140.108495330732,139.308692912914,138.434207096239,137.252952131691,135.971606125303,135.564640403005,134.653935573466,134.534333552531,134.088435517071,136.142022580891,136.447770639923,135.149547938356,134.607742583358,131.955525532487,128.579823551391,126.511999157686,125.105896290925,124.154342374376,123.383875228182,122.416289914997,121.692079855898,120.248072203687,118.584504498353,117.048071455301,115.735047391892,114.637633545706,113.330554828598,111.720583035303
"33391",96.9417174494775,96.8344452338441,97.3108513600276,97.98566108865,99.3850496609064,100.89974700831,102.40732442778,104.051821128547,106.56470086853,107.70394763165,109.830903507924,113.536487511366,116.819076764001,119.398784183595,121.267473966166,122.260597281252,122.920360707295,124.325633058943,124.781254264624,126.599522656561,124.990328011145,123.689099382961,122.439517346518,120.902948975524,121.634571431109,121.143088409533,119.327722448135,118.575718271419,118.442502040377,118.387456202399,118.214635418418,117.839179073701,118.421193028701,118.696796181121,118.530238321974,118.168374981025,117.826551585926,117.929019010997,117.770235000504,116.832954654822
"33431",6.42926138876008,6.45800487276839,6.4658143651531,6.48459044126623,6.52107595555702,6.53921178435218,6.9231759113691,7.64624270934763,8.84501159699338,10.0517082930211,11.7783345040079,13.2039881373757,14.6440898232146,15.9456434385509,16.9963940719706,17.9033434160298,18.9639200615244,20.1514620316328,20.8579812090816,21.9734699656352,22.6827419797833,23.6039418754824,24.3127932071884,25.1742534173102,26.9707594342046,28.065836232698,28.6753869531894,30.1326361760456,31.7815119224605,33.4932274035005,35.0383460094439,36.2478326930669,38.1170319960834,39.7998403382291,40.8482729933485,41.9513698247882,42.956801561037,44.4294660647472,45.4725950113275,45.9061933573437
"33452",254.145394709361,255.157499852501,255.561592147874,257.118758918652,259.412500755212,260.970013228816,263.326423532865,266.222776202598,272.134887082878,272.994041718153,276.298998341523,279.417748706619,283.509668755829,286.420409190764,288.362565516608,288.99893647818,291.543754852195,294.226843796346,293.560124414999,295.167957358007,295.205929671802,310.162968492369,316.738084583951,320.909188011178,327.724001024543,325.280243297232,316.431556188672,310.313422115597,302.951136064096,296.32417664521,290.958893340807,285.839336973768,283.752050491798,282.265308170252,279.166576553876,276.486858531149,273.488806794647,272.080611411696,269.634889652776,266.289103829507
"33551",81.2214989563675,81.6964682663941,82.025816479618,82.696679201723,83.4979665062915,84.0327736514883,84.4656776833208,85.8555499683401,87.3043944060404,86.6291097195663,87.3357684136797,89.6549006615405,92.2547852568609,93.6334872350638,94.7360203011028,95.2547128303463,95.5917498827476,96.3826745054044,96.1748199253236,96.1524120994237,97.1017760320895,99.9872658378087,99.4077133020943,98.104537604916,96.3983099161805,93.4365865792752,90.2838129522205,88.4971204450203,86.7518418600638,85.9123533323788,85.2712150867011,83.9637390469069,82.7500713722197,81.746962321883,80.8252267497637,80.0734707653313,79.4244460497018,79.0689589439609,78.3207564369196,77.5277931644033
"33691",74.565760763482,75.3451380219016,75.5722149020513,75.776610687547,76.7195134651403,77.5614256614869,79.5231453741708,81.7138268481088,83.6031677870297,83.7785692388766,84.440792192947,83.9221592304431,84.3730705621463,83.8402072337062,83.4430067768381,83.0536884728243,83.0471108369647,83.1116949607983,82.4450674462356,82.598625868537,81.8729130774233,82.1563311930388,81.3859075293924,81.1193580438989,81.3443444533974,80.7571268740196,79.5975787271812,79.2774259539159,78.8951060234612,78.5686523945752,78.4826344910561,77.8453066135789,78.4473822201354,78.3998557798059,78.2609928947233,77.7653139466891,77.2548717847477,77.6189812829304,77.2333785208686,77.315821273893
"33751",44.6365695433577,44.9367345633946,45.2206131310363,45.7192199466834,46.3339862615273,47.1124432049571,47.478143185912,48.4412050987761,49.4728914808727,49.7058862124121,50.5696776637023,51.8004825419292,52.981047249095,53.4411938627392,54.0444730371592,54.5838560789502,55.4311974296486,56.172043514386,56.023337244098,56.5917743850029,56.4363452378386,56.7172331269544,56.3661905103934,56.856720226733,57.5597223260424,57.9184924842553,57.5457427085211,57.6518994331433,57.831636962684,58.3554081493316,58.8795754840519,58.5886347679683,59.388581806779,59.8351651532058,60.1731838516685,60.3351090930761,60.6150319557407,61.3716020684132,61.6326857906076,61.9887801191298
"33771",11.0121726511802,11.1116583361312,11.1670982868261,11.2347420026557,11.3007647617782,11.3917435894074,11.7001456657831,12.4024046964521,13.3458591487017,14.2116119704191,15.4464145152123,16.7183495686994,17.9254638416956,18.7663233679964,19.7057098788212,20.5787733715843,21.6526263161501,22.6603106712507,23.1451857517505,24.0317696639314,24.8683127347137,27.1325897778078,27.5488969533768,27.9579519618589,28.9885981210319,30.3503439996176,31.693126810056,34.0418476633394,36.7992915262738,40.1577971573672,43.6722033766228,46.1610917647062,50.3456970969484,54.1894997103566,57.8720195209203,61.1229475769361,64.3519705601084,68.5060662052097,71.7408696182607,74.8885550605287
"35234",4.31812802134237,4.35025162515469,4.40727365071992,4.39687531554802,4.40716236186209,4.43882582487371,4.5414453628202,4.69721053088105,4.94199850295383,5.19538743054615,5.47740998451219,5.91929358979462,6.40053154905497,6.96568310229523,7.51552469641224,8.14448490067755,8.82293200586037,9.72734577499391,10.5717362272641,11.4305066806766,12.1026985900568,12.7782131396794,13.2143410462031,13.8843573764798,14.953826389804,15.7434074936558,15.8733089024167,16.3729333930329,17.1576396631114,17.6883925211464,18.3667028416497,19.2786803559294,20.310712572767,21.3735782811379,22.2332377701205,22.3933539885019,23.2362021129154,24.0310046162906,24.6986777042188,24.9936231432395
"35331",126.425665996323,127.022862341887,127.730390079075,126.968634193292,126.960152889016,126.890095397588,123.479798433417,120.701942282316,119.653992843566,117.869464802776,116.510266439918,115.231851112491,114.671410503505,113.857861440732,113.127142802668,112.51512510745,111.796455333789,111.607018096264,111.003086453288,110.863626797152,109.920351115364,109.523550023175,108.63232443329,107.892840336301,108.391964954099,107.990797779917,106.559271446353,105.891246104096,105.822053583078,105.556846378797,105.241145285578,105.13241375793,105.4398035019,105.533085945788,105.292828639507,104.665150747905,104.4023228721,104.335443706271,103.923811648983,103.155105897501
"35351",20.0434348466016,20.0687968540713,20.190688366646,20.2180989335361,20.3654582112696,20.5939148940276,21.9765156645667,23.1030892874794,24.1897741165613,24.6303218348976,25.039210268266,24.2033355707328,23.8930153957806,23.8175509190926,23.9403126843744,24.2077086165609,24.5911876600149,25.3201844339124,25.9622732328684,26.8992734600189,27.632629921724,28.6818168865992,29.4460990839457,30.2030511150002,31.5996442577067,32.636816253957,33.1565771390247,34.009934475457,34.7746544328283,35.125218076545,35.4855482916868,35.9240164420863,36.6856627322758,37.2893428750171,37.6480819041776,37.9670151854584,38.4871552967973,39.1742535012705,39.684128884549,39.9589778754005
"35372",104.406215045863,104.73573621125,105.211587600771,104.844663715496,105.206042187899,105.575643788468,104.0084020541,103.527133364697,103.802464141887,103.115228847783,102.884000418236,102.639296400134,102.610525932158,102.553360204478,102.232788409708,101.599418057188,100.916284124974,100.985617052054,100.390289998227,100.354102618417,100.138795953824,99.5436569284596,98.5834489027305,97.8337320899126,98.5141568600576,97.9976007801984,96.0378406092059,94.9183024770128,94.395007323377,93.9174850084405,93.4036745449516,92.8642039549706,93.7278830878645,94.982035942755,96.0342051873467,96.898615913117,97.6805019362803,98.2900947175154,98.1190370553313,97.7101016961154
"35393",53.0604090452047,53.1389788698753,53.4110433770719,53.5132338654824,54.0265438786481,54.532823995173,54.7393976952427,55.2990972294599,56.5395951533008,56.9979121323174,57.8567043959122,59.3171081696468,60.6430913898129,61.8099772956023,62.5630005624821,62.798994631599,63.0144870579461,63.6580367316881,63.7360038184025,64.3273516684856,63.107904305286,62.6251865410136,61.934667706732,61.3378293342492,61.7942768083538,61.5750764553629,60.599762906232,60.5876773456177,61.4956943734223,62.9766222054262,64.7329378216687,66.3521387312944,68.2602806670689,68.8726806340071,67.9093757638996,65.9338938255193,63.5235320802476,61.9171327779747,60.5341746262917,59.1158673477782
"35411",18.91043422122,18.8576957034072,19.02425345674,19.2987319408844,19.7578491841377,20.3709888255136,20.8906200292915,21.6151262822845,22.7631912698756,23.4652835574486,24.4560864428145,25.366097448089,26.4569071599554,27.5310046136599,28.4993960993059,29.3003527053389,30.2122054125181,31.4244163492869,32.302522780567,33.7247732535237,34.3588037045107,35.4396069444778,36.1049375819963,36.7647750933427,38.7253944168911,39.8240406212834,39.80409578925,40.350210338015,40.8089953955117,41.2959066052834,41.8089711250925,42.2489541577847,43.3551192319406,44.1335488543512,44.526775150914,45.0750590939179,45.6139536286125,46.3548367007019,46.6868957487588,46.6942082262736
"35491",20.3397411704264,20.4809219739575,20.5617828745608,20.6660266187675,20.7560603333665,20.8225700340856,20.8677702991692,21.0193745613711,21.3362056938063,21.270603051273,21.3757797049797,21.8366825519472,22.8177047960402,23.977896036029,25.3609237957589,26.8557725513554,28.8803450567707,31.2227461230361,33.2627921288997,35.8622843723911,38.3077335462354,41.1252593169342,42.5602504469067,44.1311769360945,46.8289586848856,48.6884949051334,49.4727968609739,51.7433642868866,53.7203681996519,55.5600945678375,57.6858278164273,59.317182522052,61.5112056001022,63.1475146731893,64.171789037192,65.1155657843241,66.0278751733958,67.5863592753676,68.6601848438232,69.4475064296172
"35511",77.2157745947277,77.6950085460771,78.1939635482403,78.8448541142413,79.4315174130223,80.0915596530963,80.4591015250162,81.4877344837262,83.0684534316847,83.0700797393851,83.884744932181,85.281064753835,87.2494232197293,88.4332166925745,89.1854716589166,89.4230184447687,90.1945963093243,90.995816928908,90.6779551806965,90.8689858729858,90.3542490305324,90.361925607493,89.5158801918814,91.4152363345692,96.8663597986755,101.821077632966,103.564555132746,105.10868185352,103.400429551364,99.4964042939014,96.6429782905835,94.3527917183592,93.1538850075465,92.0261754186086,90.8716436840172,89.7884661852656,88.3541389754074,87.447256147043,86.3856112676425,85.1961440570008
"35531",99.9948540925494,100.654051512309,101.354093014026,102.112155736183,102.732380204284,103.63345703852,104.007105837398,105.489085160634,107.337035889038,107.019232561441,107.958086268427,109.715936113854,111.98650440787,113.371329140155,114.264863560053,114.396502163386,115.041554382283,116.013099970049,115.595325867173,115.771531873742,115.319093981571,115.430364728482,114.308751666893,114.573571682698,116.283142427188,116.332748533423,114.084320837113,113.171518260598,112.267051752283,111.573280123071,111.584711396558,112.469036636587,115.045139768042,117.534533608045,118.845286298234,118.459332775504,116.824066791579,114.967085870315,112.378289734125,110.146998723937
"35591",88.2288357391936,88.9878448083883,89.505879285181,90.132669952369,90.9283925062923,91.5321410451885,91.7224978677981,92.6713508427149,94.1280504596816,93.5253129782841,94.0813358025755,94.9951527900733,96.0864884671956,96.8948943503843,97.4471877725335,97.7799758018017,98.4772170083933,99.12623091498,99.0288178054182,99.7892189642013,99.6918639715046,100.540761082859,100.662566174241,103.058213768506,107.604576982956,110.408810011493,110.529930314237,110.419636732582,108.148192402343,105.183185284944,102.655782958364,100.206414016779,99.2516134461111,98.619566780016,98.0097978924637,96.7909026890931,94.9795472948512,93.6181970383504,92.0556030488948,90.6604236778002
"35691",104.421527509911,105.179489223133,105.600789074407,106.09989845442,107.507977757712,108.88198106909,109.934416298995,111.87211113933,113.158681488615,112.509070267588,113.476770988821,117.317581707073,121.282790115031,122.726161821144,123.511836876044,123.731593647976,123.885950299695,123.890733276185,122.438943469676,122.516102988196,120.836848720106,117.856104951968,114.959144499326,113.310753994824,112.711573596167,111.265340285764,109.13098131064,107.941731799379,106.718020557031,105.650418382071,104.937373835043,103.741360933573,103.719617502191,103.023475274587,102.493793790823,101.734558993252,101.045926726288,101.272073891245,100.743076227237,100.736752640591
"35732",84.5668524264141,85.423341394535,85.5020981236399,85.5016836876582,85.96943403534,86.4415488476169,84.9038249449766,84.3801717224288,84.0094875313298,82.774426600103,82.4322102651976,82.5409539884097,83.0208081206285,82.9704299224403,82.9136387999037,82.980916582886,83.3704744199471,83.9158454900406,83.5025126997835,84.11209569954,84.255196312129,85.308657140027,85.0933925858195,85.475686521427,85.9001938934886,85.8279186314455,84.7869952050552,84.7686985111908,84.8164456228215,85.2756165606843,85.7312262481579,85.418028155702,86.4344487950998,86.7861558838878,87.0628378385187,87.0357344579171,87.0695729819064,87.7886369382526,87.7612998893695,88.0838231447996
"35751",1.23308656427431,1.24366716083978,1.24928662650484,1.25453497220091,1.26373945888703,1.2751087085506,1.27546429080935,1.28682510201494,1.29854957398049,1.29166230263572,1.29857114607393,1.80753046635282,2.7813475800648,4.11088923347798,5.83226547116978,7.86654885737299,10.3747496226174,13.1665809245142,15.6696831406162,19.0156415373565,22.232697842534,25.3445944137337,27.3877288570212,30.2189055313221,33.1758897568134,35.5736957835105,36.8638902678706,39.1510510642008,41.5117783008086,44.4461742139083,47.2508620650809,48.7623471693224,51.9985495841019,54.6356586211784,57.0135976174335,58.9569423760453,61.0674974382317,63.7764066998113,65.6427162473306,67.5545227137217
"35774",60.1659396480475,60.5197883476949,60.9158072822468,61.5406022388193,62.5291710883163,63.7634831907968,64.568834205593,66.3517019524411,68.3282362874979,69.3017387359975,71.4212385870957,74.9905407415325,77.7535338847216,79.4627595000551,81.2407983499462,82.5373432735187,84.5123857148018,85.9967134138306,85.9159442397732,87.0070714448781,91.9761732865844,92.0497617224353,90.6922490166636,90.625232038957,90.1948439932027,89.0463781640402,87.1994474035848,86.7304322139678,86.6320093140464,87.1745155851289,90.1405163646707,94.204700688486,101.469651312427,106.801508583134,108.784654066735,106.954146171667,103.136854595024,98.7450964046975,94.798062989586,91.626084864272
"35792",0.742800563614402,0.749131139433259,0.752692752228367,0.75599067104436,0.761249598089593,0.767991825794707,0.790291151312621,0.842568412522401,0.913754820994089,0.98075874325879,1.07590229125502,1.32819576532652,1.70807080420964,2.16564655198352,2.74657395460941,3.38217196219238,4.19224808012416,5.06766384879169,5.80977986275475,6.77447090730919,7.83656462127684,9.12616164338062,10.206202918031,11.6704132434174,13.1498507344073,14.3846058684683,15.2484228666942,16.6215157825569,18.3167108766294,20.5694260176484,23.1310666962906,25.0609258179377,28.1383269535205,30.8690709373086,33.2680988513072,35.2411779426141,37.3105914982437,39.7019185274753,41.6158803867499,43.3660923964289
"37254",12.8593484472942,12.9030901017465,13.0857426804385,13.2211392089644,13.5444570647909,13.95506660361,14.3830029678137,14.7725982174178,15.2756979510971,15.8242384313706,16.2849092293098,16.7726713361069,17.2337599191238,17.6221905520799,17.9238192179704,18.1587536683347,18.428974864196,18.8814834994989,19.2310065712556,19.5558503407561,19.6860891997593,19.8844609742612,19.975081632503,20.3537439405166,21.2050579706077,21.7708855830512,21.938039191611,22.441850217896,23.1727993473345,23.6999074920864,24.3263193318065,25.1012023092127,25.98799844176,26.882534738203,27.5699970768076,27.4667301165427,27.9247790546254,28.3857551194103,28.6755208460292,28.7224797615761
"37274",157.192439742691,158.796905310925,159.977442657936,159.172330805357,159.144231041599,158.886595679119,154.592301284779,150.991555903817,148.757462386382,146.817558064553,144.881473623177,143.906660192432,142.78806438294,141.568357146203,140.164437379694,138.51506583712,136.937334852343,135.94632419153,134.547398807226,133.342766927715,131.949024889997,129.610132904122,127.373824761378,125.909082287116,125.648011439174,124.737751515695,122.816295450985,121.439420124426,120.557441566393,119.371091698527,118.301482139745,118.581654338505,120.069372431407,122.028712248689,123.077550408535,121.667892425205,120.523991406739,118.652198404162,116.268370934439,113.863536298109
"37333",69.6076317235053,69.9513887435656,70.574000200801,70.5544186781837,70.899711765652,71.824562556565,72.4560011399546,73.0423274682691,74.6801414185206,75.5281117409293,76.4376896481924,77.3651098702923,78.7791701233036,79.3686395759033,79.9493939326826,80.340623895961,80.7520124032097,81.4981929400177,81.9932888681637,83.0775492732716,82.7955126944635,83.0164528834181,82.7546221911842,82.9352121093348,84.2555902852078,84.3570223919275,83.3583845517092,83.3003313916217,83.7888080608886,83.941986397891,83.927012746674,84.3015394716987,84.9710215816456,85.58441180837,85.5018192753252,85.2854682152676,85.3547833947032,85.657826354505,85.4705328499725,85.0490364474784
"37371",67.4156291570958,67.5087390739665,68.1925708920191,68.5884444605622,69.437679591044,70.9695459436544,72.9708467533162,74.8586833481665,77.0905652565928,77.8632102104338,78.660510531574,78.1983079020573,78.2386483702783,78.3874367319237,78.3505429968411,78.2661998385353,78.2577584953148,78.9992404252476,79.1973825862411,79.9469438177472,80.0724916858148,80.6670497127601,80.7884315726852,81.1812454249668,82.9445272070176,83.3873516089106,82.4971366546407,82.7820107802829,83.4948708216907,84.1643731533345,84.5771608109064,85.0262842130115,86.493616761767,87.9016586320509,88.465981238971,88.5871491761036,88.7957026852646,88.9656366834544,88.4894425838158,88.0106541339156
"37391",42.9718220612675,43.1490891990861,43.4069789293743,43.3788386864434,43.6097134763285,44.0608737369534,44.4498053480973,45.2527726609202,46.5492464939558,47.2619927155385,48.282490859089,49.20954487811,50.187100737237,51.1768567873317,51.8879854492504,52.4289777093777,53.0907622122844,53.9919767569244,54.4556935180436,55.4683972064138,55.8111961503906,56.5700632633592,56.9912107841133,57.5718340457483,59.2024750497629,59.889382604472,59.4753877895141,59.9881969158612,60.7516249836685,61.5065174040218,62.1220409328714,62.6568473747327,63.8784437732693,64.7723967452077,65.2073755774272,65.7026467998558,66.3744034736683,67.2084402972069,67.6560663094855,67.901702768584
"37414",56.2403091671905,56.4535445366818,56.7504427383839,56.8010172828311,57.1691867560031,57.8655468466522,59.2636901876319,60.7334731164648,62.5409361008346,63.0717378759969,63.8110323051079,64.5665646163403,65.4119143322169,66.0880633519937,66.3765900298843,66.3935199146028,66.5499364355153,66.8212088049976,66.5353254705753,66.9040782002994,65.2464132085091,64.3861021255838,63.5071670259036,62.8646441242123,63.6231962727755,64.0743114772151,63.2466328861757,62.3383040774824,61.7617414243792,61.4212938944252,61.2108313032861,61.0225992980066,61.3901466686192,61.4215574845689,61.624626821144,61.7684473620553,61.4617595192152,61.2843367346373,60.9168612624323,60.421007646204
"37451",63.7471269357292,63.9961340234256,64.4036901061754,64.6295918131941,64.8700339328903,65.0868766411172,65.6492267151686,66.5207351101954,68.1157423417607,68.1738615040889,68.9093720305979,70.2911782826989,71.8089959218462,72.8001361005384,73.4725959444356,73.7567026702229,74.2838189404648,74.8848879816678,74.656040190871,74.9079587394091,75.2168115042458,74.8010453222578,73.7239370387454,72.6636643816908,72.8204637285516,72.2927687363154,70.8804493749422,70.6998123636515,70.5868580674119,70.2719925069096,70.0754072103407,69.7141338089696,70.1490389135087,70.3500882962567,70.0553321877719,69.8783116588935,69.5684568375831,69.8215257558983,69.7115203060989,69.4976219938698
"37472",35.1131383730598,35.1960210526588,35.4692478071807,35.7583442005424,36.1497335288933,36.5649788222667,37.3685965788243,38.4439477134772,40.1517759245317,40.8574423119992,42.179750617442,43.434708169275,44.8515800687899,45.9333554722272,46.7821415876996,47.347875042716,48.105173102347,48.9958450673926,49.1623462839972,49.6756450898028,49.9810719294975,50.2832381588259,50.1646737508077,50.2646507311985,51.4107647255445,51.7529530402862,51.0257987169329,51.324566490697,51.5944546477835,51.6876669242294,51.9658539429102,52.1616093971483,53.3085271896428,54.3213249315216,54.6524629596785,54.8592246751265,54.7057672924712,54.7372280327981,54.3759075993555,54.0819438915111
"37491",54.021394853435,54.3384727159453,54.6697667244982,54.9648594500974,55.2008716484244,55.3906016808132,56.7514338135218,58.0617103789951,59.639143442071,59.8899694973426,60.6459993957993,60.778434230837,61.4167835198458,61.7483137922763,61.7733005848224,61.5283490819294,61.5830178795501,61.6254131852126,61.1257633912498,60.9537142867613,61.1704242078393,62.0007810695843,61.804043321651,61.1816541821176,60.6837758435056,59.1817491597143,57.3870192653378,56.5824390193455,55.9285996442995,55.3372239026773,54.9254823758894,54.473157691175,54.4334204232308,54.3250950578812,53.980146420859,53.6657888017769,53.427768980966,53.5442464801272,53.608378956908,53.5060373180712
"37531",81.0699197556741,81.511936023632,82.3637196714854,83.1586606258894,84.0406247930398,85.1714792373584,85.9734676966788,87.5422156929554,89.4498770214188,89.5681040852821,90.5697185419515,91.6628463372816,93.3491261387165,94.47285791509,95.2630071152226,95.7355575010264,96.4954863932879,97.3449800512354,97.1757481947789,97.9300816391546,98.4306139882343,99.2135014349288,98.9466657046966,99.3197901639341,101.149700680751,101.89160185907,101.078746722206,101.991776141626,102.422664141578,102.561976155369,102.592228773141,102.290999943968,102.9584908755,103.629504743451,103.801295652353,103.779201027657,104.326716980276,105.734811626914,106.557305718031,106.975218864469
"37551",8.49782564791095,8.56182137968329,8.63104249817479,8.6805057651018,8.71988246452202,8.76275319192992,8.93726815637292,9.31482602451903,9.86426987106913,10.2745309672633,10.9225517989068,11.5765747114826,12.3629935715477,12.9981848438844,13.6503128332657,14.1705324491171,14.8118440279525,15.5457442450841,16.0172273713537,16.7335764233516,17.4115069519837,18.5122959003814,19.3686757976895,20.6474840573015,22.5297608810743,23.847257099587,24.4695327588948,25.9768729720346,27.4022184688008,28.9911031804509,30.7320122538358,32.0566335140407,33.8287141840145,35.8083243575128,37.3978579334717,38.4137173222055,39.0784466120364,39.9754053866713,40.5315164220798,41.0235717765736
"37671",61.7289720432475,62.1873773281697,62.3908220149683,62.5658704756646,62.9259132399755,63.6551955996866,64.0258017200864,64.8502344195682,66.0569649808306,65.8677824946571,66.6932852173546,67.2659621454153,68.3931583233161,68.5971946712104,68.8847773159195,68.8724408916244,69.1571685324895,69.4367719550383,69.0590789982413,69.4631778468477,69.3831544527834,69.4172918308698,68.8326999655421,68.9426219847571,69.7428499064581,69.7366124022714,69.054732385115,69.0578867428305,68.9624625083376,68.8151614169407,69.0766202041096,68.8200794134676,69.3116258214998,69.2902073098501,69.3709050048656,69.2033478345622,69.0651722839189,69.6501218055244,69.6571022589551,69.9575438421509
"37691",89.2604640857287,89.851501613985,90.1648104013419,90.3266819122737,91.1411133926754,92.9187000287422,94.4231191381777,95.6554045203404,97.0602213554939,96.5831790876428,97.8359236193149,100.127546209562,102.734464783577,103.651043537558,104.46024370029,104.549249659815,105.073279761967,105.50388160597,104.475573237137,104.914241265804,104.663200579156,102.668816173548,100.355676710524,99.1449841869776,98.6952702982498,97.507088305198,95.5957978469884,94.549314814799,93.4839436455572,92.5102478451452,91.7821313095655,90.6539840261499,90.5133952478546,89.8103124522028,89.0847648677725,88.1419033670349,87.2355040180112,87.0604814170797,86.365586766433,86.015190169015
"37711",120.873899791402,121.790056362707,122.097123340456,122.251259971444,123.260296373217,125.366989321666,126.942214302137,128.751642396458,130.621365714393,129.842372126509,131.38686485959,136.743598326755,141.601359514584,143.440345480857,144.788963837665,144.848219624143,145.053554624717,145.077751973568,142.701819740451,142.400192613963,139.86857008587,135.219767587451,130.943629258733,128.533227891965,127.200105171955,125.377667368616,122.703904306504,120.992766566686,119.367373099286,118.085600973406,117.04008573496,115.758049409683,115.82371080398,115.114309784912,114.339409588023,113.401102706727,112.362455699486,111.973740132307,110.898027172865,110.279738431135
"37772",37.1715417218021,37.4022329876908,37.5521934463686,37.7202171517243,38.0773415873847,38.6382543419517,38.8822000299719,39.6713112229176,40.6191575846677,40.9950266749999,41.850850346787,43.4329104406289,44.7766802318922,45.4380165184351,46.1868527411077,46.4767071326309,47.1200127816228,47.8692800222319,47.6250096343797,47.8797308149251,47.6876703098298,47.5474560073034,46.9562628691336,46.9226715346651,47.060854474463,46.9736907633813,46.4133263232497,46.3852211019082,46.495216983137,46.9172744159826,47.3867720699108,47.1841915880333,47.9203415854575,48.3267550883956,48.5847756717472,48.6922114696644,48.8978754586809,49.3603856562567,49.4700544434947,49.481489491157
"39191",60.9450649393748,61.4409667829261,62.3119963901424,62.4987690168714,62.4995928542395,62.9083609768992,63.7191379883167,64.8010264395535,65.337613799571,65.8293916313138,66.0939860018762,68.2891731564039,69.7287422327995,70.8704588356215,71.5728886544331,72.1589781437334,72.5354058423357,73.4703961749272,74.3794351992612,74.5186028688638,73.9521938680806,74.3873604319134,73.9519135934776,73.9521467551802,74.1132175026436,73.5875642605753,71.5331315499837,69.9359779996409,68.6863163840119,67.469544274344,66.4262851475271,65.9599582738271,65.506566719896,65.0976748907859,64.7528469535483,63.6419388558167,63.2554387173402,62.9173778054095,62.5060627451215,61.6538387133496
"39251",207.136641910943,209.030216703747,211.048850420029,210.187780527044,211.352801484671,212.491077872481,213.509854474775,213.93353952787,215.358766659629,217.377227367918,218.027248874457,219.42617441577,220.44839258738,221.032583183297,221.689317994935,221.334376856123,221.438493063989,223.058438189443,224.080413329441,224.650422375942,223.676680974251,222.855978005198,220.943808303938,220.926883273369,223.46236238848,223.822079511822,221.365044731979,220.837829602224,221.11166696955,220.169657687687,219.742570623118,220.333339134826,221.758459814172,223.432877963471,224.249091292973,221.599064941324,221.741981063663,221.903467746701,221.174615779759,219.475978042139
"39273",23.9934936721229,24.0761144957374,24.3590332947868,24.519576044158,24.9969897422374,25.5912979243859,26.3688339836165,27.2496617170764,28.5151934239782,29.9978925977151,31.4477227540227,32.9922374963639,34.463636959119,35.8581643274423,37.316569362352,38.4988398419849,39.8541284163154,41.6458634459334,43.2478691766814,44.9568901972875,46.0397272010471,47.7976661940828,48.6921473051262,49.6644959927612,51.6037022722489,52.7978351995061,52.9383871900532,53.8567616980485,55.0868250249986,55.8674487476537,56.7438035345158,58.0781692784495,59.8690353771675,61.9588908828239,63.6735873624407,63.9255840212304,65.2914536941042,67.3514183945424,69.0308774866291,70.0920152036824
"39311",47.3892398312697,47.5780080253257,48.0186093521412,48.2288705384568,48.822848315848,49.7834680977807,50.660665731177,51.5487904500862,53.0774819635765,54.4164354770839,55.7366156757161,57.0246083929353,58.4060969485506,59.3531468749446,60.3761465782246,61.0098744566175,61.7729819619416,62.7484066623124,63.4648540906109,64.5320537428145,65.9282631309717,67.2332860499527,67.4764368476434,67.3977417175022,68.3172131208223,68.6038928284348,68.1073901852993,68.5675205723138,69.4908725321424,70.12242290884,70.5827853654478,71.4268779955971,72.4754079338514,73.6895978266045,74.2561773199498,74.1672618750947,74.6793872715375,75.4792650068393,75.8219732206322,75.8987677479692
"39353",68.1160104622611,68.4256734883558,68.8830378002147,68.9510129946809,69.196329705174,69.8787719852476,70.331030868953,70.9880192724193,72.3622167121317,72.7584195663982,73.3972107988265,74.5203342172903,75.7943928680698,76.5323887930381,77.0791397114529,77.1030049334949,77.1028397419185,77.783683112527,77.9997352308888,78.5842693247381,79.5695487887956,79.5324300842299,78.7837513006836,78.1693001127945,78.4391236533565,77.3387184244502,75.3778202099088,74.6441785580115,74.3446358284425,74.0604116078859,73.5735378482483,73.9160818470267,75.288360582649,76.9749582331899,78.0453861287391,78.6393869179633,79.2262876456569,79.48512175789,78.6919532703786,78.0735384303741
"39531",86.4957703766223,87.0341079241029,87.859274558037,88.5560009347664,89.3212193817369,90.2952491222741,91.0108916703933,92.5667129683577,94.4904981271812,94.5923798271408,95.7526530703919,101.382672332797,106.164453694134,109.288987210986,111.419021676477,112.562478196192,113.616240006556,114.366124322362,113.469245527093,113.696763444851,113.941054877671,111.524985766513,108.309972999909,105.267815088158,103.967954255497,102.137738973832,99.4426499266438,98.0729736096093,96.8024039807203,95.890288709914,94.7038603348031,93.2116761025474,92.5384514063805,92.1391401615979,91.5812777883331,90.9117650157162,90.2418208575169,90.8891228905676,91.6691974352721,91.90486495951
"39551",104.230569411756,104.946540077191,105.860725426337,106.599266749403,107.400760894794,108.284890618814,108.905801628677,110.170635836197,111.889838215724,111.656967054083,112.47128182015,117.885265555723,122.849459815336,125.872929496359,128.293218221012,129.272245781714,130.467632856875,131.560522581833,130.859735088556,131.162874196337,129.036939732076,124.988983515454,120.996394664427,118.347205662377,117.268700661776,115.539204658014,112.874374682765,111.543845286373,110.027506430701,108.428951546362,106.792432796452,104.950135076067,103.888893651251,103.041036233928,102.115545279368,101.175674056395,100.441465782523,100.413383642214,100.250751596524,99.7837358538179
"39611",16.4672496213444,16.6032763803717,16.7092742495552,16.9103233627099,17.1340039217667,17.3168202706635,17.5985592590739,18.0763830694798,18.7114298077175,19.0422042670583,19.642659440863,20.2981269260956,21.2327695753199,21.8620566885974,22.5245843995371,23.1140961346343,23.9402335240204,24.8322599596304,25.3528840361592,26.202729124435,28.7157538630357,29.3276033933632,29.0552541605759,29.2786273259757,30.2264793853584,30.8469209017335,31.1275632523795,31.9578604141931,32.6574385665561,33.3459290732973,34.0722635070975,34.5082720853182,35.6229629712262,36.470923318589,37.3685390977021,38.0590733027292,38.6883448343782,40.0004207081096,41.1615407615913,42.2425254385887
"39691",54.4971328383765,54.7187431160159,54.9110287820702,55.114565422295,55.4348509911066,56.8959283400841,58.403803154898,59.3115260127744,60.5935796875286,60.6817459962677,61.744998858141,61.878335495747,62.2287759557864,61.9209683299178,62.042785739704,61.8446234398813,62.0664218082885,62.2727012333292,61.7616911435035,62.0146174738636,62.0124778971381,62.0184877397688,61.5357550608392,61.6532003964959,62.2414262144969,62.2357972572801,61.581407441846,61.4819636685876,61.2914605728837,61.1245894412254,61.1331856567123,60.8043545194748,61.2329865118032,61.1473789112945,61.0314805099957,60.7256356790836,60.392680848221,60.6092668387861,60.3851505362684,60.4103922196308
"39711",64.0945953652786,64.3917507079594,64.6384586090819,64.9863140274613,65.8421500451781,67.7038750683871,69.2670137887969,70.4525327747733,72.0514529678938,72.0307561500045,73.2305450953593,73.6968452367643,74.5462918701102,74.557338971693,75.0154463866798,74.9688888889643,75.417648626173,75.9287798140606,75.3782039316257,76.0461664947996,76.3671482094385,77.8545448129069,78.0279100288518,78.4988898034021,79.0349084229313,78.7346991421798,77.6922376858347,77.4529396061287,77.1693239447418,77.0572474724665,77.0836444650745,76.8159669566651,77.5405200718411,77.4358842556373,77.2064979056467,76.8112445979186,76.3754497342285,76.6534337157718,76.407405495717,76.4506827045342
"39751",83.4703961606067,84.2335788346582,84.6203583596473,84.6444217193304,85.2080206130464,86.1987672729416,86.5319004986895,87.4502798932185,88.6907835123632,88.5155085197089,89.3175117350315,92.2244404169922,94.6173357397007,95.9266544974042,97.1776837249264,97.4814810263313,98.4145647702729,99.0260062345254,98.2682257689275,98.4873761352517,96.729698962768,95.5305489328562,93.7994529158352,93.2141493447305,93.1481787566425,93.2196537441458,93.1303065100008,94.4350888211524,95.9748406837526,97.4621258732627,97.8167637210443,95.8587447832654,94.508028629304,92.1575877293493,90.188116370928,88.2888984766445,86.632691354121,85.9032001783483,85.1568340308698,84.3354449508154
"39791",342.409134623012,345.891290884634,346.889346359517,346.126889686097,345.807148037063,344.565279397245,330.480874733886,321.2509053727,314.035646670721,305.310308514822,298.570056845044,293.009225562922,288.081820718271,282.402091856772,277.483398578192,272.035525971639,267.727324486912,263.624024669847,258.301929059842,253.556909365988,248.823498287186,244.300361666585,238.921688417801,234.80004483108,231.140911160886,227.182586529782,222.38076703775,218.28202439106,214.44631914372,211.00075436208,207.774308380907,203.787020057047,201.03789565556,198.1461332375,195.241272009695,192.08812876796,189.110117746946,186.464228469146,183.697283173993,180.989616274989
"39814",12.4446200925195,12.453848112046,12.600817828303,12.8682436320441,13.3354120974307,13.9809426780977,14.4962445377291,15.2316728384374,16.1048747065923,16.6606985852079,17.4803225849363,18.5778983248151,19.8607371639158,20.9522743123859,22.3328519622372,23.5607779630141,25.3606934600308,27.1990536693028,28.4324218225745,30.0598342541318,32.0565461686434,34.8201750258354,36.2976039198081,38.4738780920266,40.4464351843432,41.4894437317269,41.2437055014374,41.1847533188878,41.1422759283523,41.5660148782184,42.1975793872064,42.1457204296435,43.3652567944212,44.4604275983747,45.2700418978701,45.3564515965316,45.1733134037404,45.3524329927462,45.5005919742051,45.6872580111418
"41192",69.37055367193,69.9034804741246,70.9725393505955,71.1465429158467,71.186537627578,71.5055332832873,71.9026272674142,72.425575443061,73.3407222974167,74.0212723302535,74.4887395620816,75.1822233647618,75.561695496664,75.9737740750705,76.2725485481338,76.3502164154902,76.3415313412796,77.2524531133277,78.4586194242319,78.5448545727176,78.3348198866199,78.9416789660185,79.0126106343001,79.8345700507419,81.0999622742785,81.6509996278352,80.2549820442063,79.3454249962586,78.8718450810596,78.3140990834438,77.9604659254351,78.3032655559407,78.7727174576542,79.0466460196345,79.4419564946515,78.4280610757475,78.3969743465926,78.488880196192,78.42460372881,77.705303356933
"41333",100.578522209652,100.955592165574,101.609662077712,101.668368683283,102.283314636989,103.333203626621,104.341380911288,105.268320007991,107.236598265932,108.365337815358,109.648512489124,111.525315584323,113.731139010731,115.139866825294,116.860338746828,117.229107790961,117.729233174416,118.884335080606,119.761800968896,120.949193305389,125.067879249956,134.184077823439,137.395956735433,137.361617140111,135.41950436349,129.50022582397,123.611842161341,120.555584487807,118.357836511324,117.311373145357,116.559343114911,115.571361776853,113.938061922114,112.460998305861,110.750608509441,108.918947643438,107.558126664159,107.569249413356,107.461711687325,106.960296737837
"41374",58.4064485458041,58.7002520516389,59.0532638220498,59.0957051366648,59.294654923903,59.6739999081891,60.2332760744507,61.2583039034266,63.0818225097594,64.1002869042842,65.6243310310907,67.0464515635258,68.7724449308355,70.1649748695373,71.6105727940587,72.6963480211057,73.8320767194224,75.5763359095474,77.0573630026117,78.8685907183621,79.753228840112,82.175785120245,82.8516629028905,83.4730383710153,85.7202337663459,86.506532223076,85.83322259244,86.955465807988,89.1589502328512,91.9640480741338,94.0261579684473,95.7079978814106,97.590120827482,98.3884150062512,97.713743854304,96.583279168738,96.27493298738,96.4165440249639,96.0115458165821,95.6470721752904
"41391",65.4289590627736,65.7605890561218,66.1462346067276,66.209644629294,66.6570047886919,67.3591988739675,67.8245995879582,68.6133096086493,69.9448948207496,70.1329317634074,70.7760590232388,72.2021101913193,73.388530556255,74.2586914350882,74.8731082420275,75.0735598113784,75.2542600711361,75.5592223086918,75.4352221959234,75.8877419378097,74.5317244947785,75.9493036330107,76.2864826902695,76.7625917078433,78.0568520826192,77.653213291629,75.5673044164323,74.2322607301741,72.6850982818946,71.3069180163462,70.0043489581866,68.9216289835887,68.6818419911684,68.4652376568644,67.7760249175883,66.6868328316698,65.7499984662029,65.0640505506866,64.27916013952,63.4695295762591
"41411",34.7509381301906,34.883979952214,35.0779525768971,35.1953532298518,35.4916704373171,35.9809454556613,36.573630631072,37.2351324752577,38.0871761319801,38.1758496759877,38.4996425620788,38.7106744739454,39.2375418625193,39.9328679663901,40.7173566563827,41.4790101487895,42.4244057067285,43.6245468579014,44.6083259711995,46.3170092091087,47.3074208973187,51.2652652776537,53.1675696986362,54.3352844216014,55.7532119188315,55.3428793021018,53.6899535854091,53.3659269367187,53.3570306496639,53.5398994379045,53.6336374529038,53.8554679265197,54.8157952118652,55.5738264228729,55.8880205507071,56.175719680437,56.790627939526,57.7977445202847,58.4013700290153,58.8089187872119
"41471",97.9898672350149,98.21137003723,98.971018375544,99.6622497518503,100.448679008189,101.461005662583,102.830825217101,104.547770751225,107.316131176772,107.989359531402,109.910207033658,114.169326101256,118.088453394618,120.872887068712,123.118827007014,124.24049046802,125.667628457619,126.592629674424,126.556669245422,127.526931133534,126.489950340821,124.550925547294,122.854387108579,121.6230009851,122.254509422523,121.334713009016,119.152113423029,118.754692628621,118.444220760725,117.810147953348,117.357643957669,116.855672474825,117.291687860077,117.56641900071,117.211631444725,116.680509376619,116.039295128681,115.887461232333,115.327814309541,114.513589935028
"41491",83.2940197695083,83.2986338195999,84.0296367719099,84.8353119011355,85.7249748488868,86.7889813463956,89.6316002625999,92.0058068906798,94.5936328623886,95.103027498595,96.4568553918122,95.8074640694301,95.8846498503391,95.9403325465021,96.102705372853,95.9207988143302,96.2974817919931,96.7347543119206,96.4899735552502,96.855892204727,96.9192852662688,97.2931548417046,97.1496381786481,97.2047610278435,98.6814800109734,98.7330512045159,97.5427604422739,97.9683258587746,98.4043621566502,98.6580636202187,98.9935617990257,99.1683679978205,100.141542889976,101.014424826312,101.201477174889,101.030927416868,100.99413579838,101.534674843362,101.809459403287,101.69103241229
"41512",147.711380127885,147.981353633632,149.219451808601,150.463755490022,151.836133118008,153.477871926169,155.690107952484,158.559812367229,162.508294447957,163.946221339865,167.455363322323,173.09182346425,178.094950628656,181.814068876802,185.028400191839,186.603148217273,188.849746170311,190.510838855136,189.939954247404,190.670027699599,194.521340720891,191.687435278342,188.764391480526,187.333320488725,191.557811900427,195.162500418735,196.637458697005,200.978979228824,203.086792497328,202.278171923061,198.887526993835,192.968098342588,187.551413146092,183.456557408393,179.478255094181,175.725444206624,172.594372575477,170.299623430622,167.980652372261,165.246485090013
"41571",80.0756884471177,80.7065858982129,81.3396831195194,81.7840663411538,82.1006754787442,82.6374822575328,83.0405919630537,83.7715989498359,84.8590881005,84.4838016613932,84.9370243340914,87.0431589631932,89.4013073158993,90.5803407436521,91.8143983264499,92.3268484433918,93.2297424911358,94.2269788463984,93.7384380508672,94.1030542151567,95.2917712452351,93.7381733892842,91.6967465210768,89.9578675668534,89.8014254641279,88.830412458055,86.905959646232,86.1346893201931,85.3217393342526,84.639613327515,84.035578361822,83.1772043608918,82.9436202672606,82.7327403720134,82.3751367354032,81.7781597017786,81.1417839602318,81.2271999311082,81.2125999839416,80.9822261904348
"41611",33.9035942705432,34.0705269254777,34.3488915980948,34.8153020307788,35.3636791386501,36.0345867877262,36.6066357999389,37.5198857826837,38.6493634028297,39.0420370703592,39.9321151224504,41.0249103551643,42.7594497816698,43.9984394522827,45.4773777009282,46.8631065624961,48.7761049886853,51.0641206903146,52.2812549339063,54.1024040232321,55.482566309638,57.3312048107898,58.2210225725245,59.5134713240318,61.9257305877951,63.1738011828829,63.4007432504919,64.6583168010124,65.7498884449574,66.8868027583014,68.0156838423755,68.9769753423575,70.850104712108,71.936539165574,72.8738819141246,73.5052554558719,74.0779816871184,75.771006143071,76.9424493584383,78.1618931159728
"41653",41.2500591015277,41.6194980528267,41.8060880673538,42.0077542444511,42.3499983315143,42.8386949173583,42.9930908163779,43.6959456939255,44.6704715319402,44.5619318783802,45.1192735437024,45.6870458985199,46.6154582605482,46.8710788897435,47.1420649040706,47.3204425330637,47.7092236879016,47.9292950191305,47.7553164399622,48.0213523933381,47.9429243600785,48.1068131222603,47.7067044228022,47.8712119384205,48.6458359403891,48.8174155711481,48.3672916895568,48.4008219655856,48.3816196637362,48.2454080695469,48.3440491154731,48.1918897684735,48.7290450797668,48.8551949184153,48.9988542122208,48.8963123221764,48.7570830545031,49.1344174897476,49.1199258752285,49.2786235941911
"41674",31.1039434008787,31.1856640010791,31.4379624378842,31.943297202374,32.8802380924304,34.1451527678696,35.0465094222125,36.3757767735306,38.1011937072651,38.9108416204557,40.4172201446595,42.0371960990766,44.1461044402078,45.6474800780984,47.4519967967511,49.1269575496854,51.3164807613512,53.1161943212158,54.4901823352355,56.7625494396742,63.5337981370012,83.9286717844434,91.4012300165006,92.9291945354809,90.7804699225632,84.6146271262182,79.3909614326927,76.5913503279564,74.490365142802,72.975226039445,73.4084270080516,73.162910676488,72.687558328058,70.6754514389621,69.1729864017138,67.7710739013665,66.5710471286977,66.0782952518389,65.2502133676144,64.6427751890701
"41711",115.096548391738,116.344873879536,116.626854685703,116.205848836127,116.517437492005,117.17138414111,116.705227767825,116.551029203053,117.11634637945,115.133554774729,114.662574651444,112.206185238232,110.790436209241,109.001275522905,107.882425025474,106.429158658048,105.480059726681,104.606654866695,102.852473102755,102.027013066958,101.088659161525,100.666015022074,99.4332366315057,98.2257881612115,97.6199176389771,96.9121330345943,95.7242900698925,94.9843044352282,94.2663740265105,93.6977213809292,93.2999530827698,92.6099948352764,92.9481867967652,92.6525572496879,92.1588329997392,91.9924774502841,91.9469974666604,92.5853345978852,92.685281399183,92.9356008255278
"41733",68.0779128013913,68.7121121803302,69.0142267724823,68.9362011475682,69.4144266982561,70.0914553111284,70.5362856380471,71.088009592776,72.1150107580945,71.6085660605535,72.0385451383946,72.1805399205276,72.6482086778982,72.60661996511,72.8751007102845,72.6600590032269,72.7631095007591,72.958099306631,72.1874598355745,72.2221459783212,72.2566427322012,72.187997169779,71.9135488340346,72.2951859887597,72.9911396577629,73.64253897632,73.6379503891392,73.6323569601813,73.2272703518253,72.975682942227,72.8765637572619,72.3807233898024,73.2352512522385,73.9426586548785,74.6350259551315,75.2911708195678,75.5020480859924,75.9085535092052,75.460819149056,75.2526954170312
"41771",5.44324870224113,5.44797091886982,5.51717361432354,5.61478870828348,5.79854667910946,6.07910916965168,6.34814055643473,6.70999800742281,7.16798607169896,7.49584334779234,7.99275864824383,8.70343270837544,9.62784831221888,10.6223792439039,11.8004818457475,13.0025604122842,14.5163853665318,16.1141580617302,17.4327140670212,19.1129223475671,20.9451125516686,22.6397243073218,23.8235978071099,25.7079646789257,27.7800518306894,29.5109730014913,30.6651092145641,32.2648766237967,33.8471009591629,35.6010913687922,37.391410137547,38.3457741125833,40.1629242605668,41.4243678787043,42.6507329900544,43.9120262102591,45.5591473682975,47.7160343912844,49.4744650537139,51.1729128631388
"43191",79.1469040609064,79.7372807281483,80.9036130067916,81.060697903457,81.2861086916623,81.5869671213981,82.2397720918383,82.7371982971072,83.6453746674852,84.2968978086054,84.7359543367751,85.9555362477486,86.7495137165223,87.3119819357669,87.8131735256487,87.7772556584433,87.5572563759656,88.4328135817001,89.5328891187526,89.5334167861714,89.3028686250294,87.8933191465006,86.5475866544594,85.9456069614373,86.058761908838,86.0110610235398,84.7823431199495,84.1606434770969,83.7086846599883,82.9727406787012,82.2930218234877,82.1800816026017,82.3576163102836,82.4284283962104,82.5137279488733,81.4277871540136,81.318237871113,81.5815118519709,81.6942418235483,81.1330122686347
"43253",57.3171046321137,57.6266530098627,58.2150164443504,58.1472320147831,58.3802665506286,58.815988443931,59.1811033799259,59.4653793915682,60.0222124564197,60.5571403820087,61.0643556211089,61.7635900414322,62.3775699876653,62.7154832741151,63.4104783437285,63.2523005841176,63.0980499379848,63.6297348751535,64.0226983963149,64.1649763616627,63.8499121319505,66.1927413965807,66.8357885702198,67.1950001441154,67.1893332822657,66.0193599076652,63.6088637467135,62.558436471049,61.9426381194529,61.0520721158094,60.3300723627888,59.8802993564733,59.8841824006843,59.8590631141728,59.8396975523798,59.1590483322477,58.8677771623253,58.7515651543449,58.6177073912014,58.2033899571872
"43333",77.4739783771359,77.6022171461077,78.1700843034337,78.4423737112259,78.8441563823984,79.8550633425819,80.8165506078565,81.5178591815513,82.9935532424843,84.0224453535182,84.8285019847623,85.8984394361756,87.2637393182299,87.9240444145295,89.004991867027,89.272493076374,89.4431491463886,89.8243685218327,89.9637825809708,90.1271938691796,89.3723304489441,88.4864019992617,87.1885745490159,86.7436587113774,87.1485072247909,86.518153690204,84.8974802252796,84.547144163632,84.3246707704262,84.0811058633142,83.5543976803732,83.545231924855,84.2820728966338,84.7907390902994,84.5075285905708,83.6810144395281,83.4519701464429,83.5694135622044,83.4286874907355,83.0665806282993
"43351",32.596772899184,32.7567293989791,32.9315838362775,32.8284724984452,32.8251476985165,32.8935595021458,32.7764763922741,32.7917575244297,33.1995142408306,33.2679478806985,33.415446939862,33.6597781677992,34.1286442742001,34.4212484746846,34.8641910665593,35.0827235676647,35.3804535444014,35.9494474990316,36.463209592848,37.0236462312704,37.1652824387311,37.8236775085724,37.8747962886543,38.2095007884005,38.9501645982374,38.9252710044234,38.3080006528506,38.5515987031273,38.8534407698591,39.1963949307176,39.3196505496388,39.6103808038564,40.3051398834435,40.8758663798818,41.0900400721286,41.122246302569,41.4417257939605,41.8838138953322,41.9879160946212,42.0384616730746
"43371",96.598342709066,97.0029886883502,97.6167657807223,97.784811370297,98.3958161688244,99.3582782701391,101.292467221466,102.879653712619,105.283273095957,105.777997913711,106.453507752549,106.057795238797,106.156025958186,105.945960665714,105.962251014647,105.42442384531,105.0271290896,105.184813786837,105.060754254129,105.154410479759,104.45613815935,107.386774925412,108.295412661959,109.653136665058,111.966165203406,111.616763714474,108.78097110106,107.14111119019,104.888456009879,102.470924630476,100.000925202857,98.107017277225,97.0591081596983,96.0148267375523,94.615499922256,93.1326354350965,92.1351347573918,91.532751751332,90.8182881364988,89.9524486698649
"43411",117.840070339384,118.603967581705,119.075091061887,119.036557690709,119.080460530727,119.301739405213,117.975169078252,117.474596218538,118.040474290221,117.116385002782,117.079518673209,117.157601276279,117.185291086274,117.099167841052,116.970138519094,116.372350003274,115.733961947537,115.46851186431,114.651503601511,114.775592646931,113.895706664905,113.458356182433,112.322648747925,111.765269414142,112.456255421081,111.823652187465,109.922661355981,109.402420702364,109.021420618651,108.822109751261,108.328415221012,108.014900667755,108.649002395531,108.940888276046,108.560078881979,108.128566193334,107.892999932841,107.871249779196,107.358359610222,106.696330611972
"43431",143.805376082594,144.421002983817,145.253547764038,145.739567153474,146.256685477194,147.191953133442,158.219233824302,166.560374782219,174.534521748989,176.864489671156,179.705362567506,170.534363402426,163.802718307426,158.338613148566,153.723087061673,149.450886875082,145.605236296126,142.430437531743,139.033238060513,136.68104296545,133.786389151098,131.431492880849,128.455606081922,125.94443044909,124.496780942444,122.571314987629,120.056301395461,118.544031808002,117.315247648685,116.199970904043,115.009823386448,113.878232451678,113.432022182502,112.847768792668,111.902962386477,111.046051700531,110.377953165933,110.164226486167,109.77622908322,109.102185553148
"43451",61.4676483852491,61.6841318167762,62.0994856846729,62.3215454172877,62.5458894253394,62.9701120844387,63.4250851339668,64.0926511109107,65.3683561507847,65.4657650626904,66.1135693989717,67.3094185849764,68.457838180362,69.1546665769233,69.6905422356472,69.8981005339654,70.0406408631948,70.1795035502175,69.8086069743798,70.1680090783677,69.9866680672202,69.9964885381647,69.4090106834628,68.92446031492,69.2323237904804,68.3441229307826,66.7215221261689,66.1730907182794,65.8495832255838,65.4818238096401,65.1467407471714,64.8717040303635,65.1318256142712,65.2883445808116,65.0469917561664,64.7283077552161,64.3763380601317,64.3602708886753,64.1060045771062,63.6724590355534
"43471",82.4405725606341,82.8178246786872,83.3334769351429,83.3920179245576,83.4547709385978,83.6968248869508,83.7391295880197,84.0286925768412,85.1528288127717,84.8640320078075,85.3516114416959,86.8614967022496,88.1909013152413,88.8527671204103,89.4047047829693,89.3629219587126,89.3453103942311,89.2184832332347,88.3703365634709,88.303277005135,88.1204880090547,86.5590494642412,84.7202143549745,83.2703642350207,83.0308720565319,82.0048865535542,80.4222106016193,79.9282559778925,79.698883561059,79.3653478116626,79.104550980137,78.8284565583083,79.0571627676348,79.2249208756582,78.9809386989354,78.6106201160445,78.2576505953447,78.3297366326552,78.1952575661782,77.796758101819
"43511",117.203446486414,117.509209117275,118.437667566123,119.234549867316,120.003899689675,121.141856464494,122.405113446027,124.284601785906,126.752854745121,126.996869715532,128.828643995221,131.625144122582,134.211374750191,135.988617358703,137.873311803716,138.530904737611,139.592212562219,140.513148801716,139.74935205741,140.101536217746,141.482841203762,140.111794358328,138.442282755395,137.504378996349,141.044069953015,144.140911380714,145.774573266969,149.245451407653,150.794087998169,150.053491824504,147.108724676983,142.764156734775,139.366710621806,136.793741182328,134.174678813584,131.531581882512,129.318238505961,127.605079276894,126.058792909564,124.094566585687
"43531",49.0426958406484,49.2122004094838,49.7011681807976,50.3450327618212,51.1447536913151,52.181029627209,53.122761849836,54.3461422509616,55.8459936074615,56.2225360986007,57.3090939050435,58.3474774187159,59.5282621991189,60.3644220119217,61.5771334447092,62.2243113734955,63.1763816128814,64.0745234510564,64.0313672908954,64.7775625384086,65.27586135715,66.9218651669167,67.2185047767849,67.454058104954,69.0634739712471,69.5379759928608,68.938533238959,69.6243868190278,70.6954990681846,71.7468499747808,71.9908595310998,72.0778431379728,73.1411526989707,74.3219793462978,74.9561787596183,77.1081193441666,81.6376263626738,87.9858230691356,94.2228962222796,98.6597262676724
"43611",91.6051991016019,92.1889173829527,92.7555010014405,93.6179244789743,94.260093870517,95.172633195541,95.4840256332895,97.0810822525609,98.8595938784457,98.6530581018753,99.7068685521009,102.220993672388,105.360257829864,106.683851112277,108.190765766955,108.91074094232,110.366808754016,112.37114266122,111.817086784721,112.023565030786,111.973950191732,110.22093707717,108.243206516927,107.448677664539,108.234605961632,107.82702368758,106.362463077996,106.014206259534,105.532447766764,105.112290025825,104.583926624117,104.144259499784,104.818605303258,104.877397191257,104.730266364812,104.148879666408,103.386536839718,103.730833087715,103.548316158039,103.51877073028
"43672",52.3940085393873,52.8750541791387,53.1749660936602,53.4257043407976,53.9743667957316,54.6253831816742,56.0733974847012,57.4471176364233,58.989276728538,58.7660866219827,59.238424767808,58.2316638844298,57.9635775213255,57.3583184810647,57.123727965125,56.8942179847584,56.9556083763925,56.9505404361618,56.5624964806161,56.6419896235585,56.5860936930032,56.7080502951974,56.4176841613515,56.4774105463805,57.0436172156184,57.2623956754066,56.7802604301204,56.7043051833225,56.6204262500369,56.5886165858469,56.6920171920086,56.4975439609591,57.1729219439615,57.3679376510695,57.423219991885,57.2341255703177,57.1023187825936,57.5336211361686,57.6783682232318,57.9664116390556
"43691",101.09275515339,102.437304826027,102.82592781782,102.703218568633,103.094670025815,103.401620359447,101.107770417826,100.229672392711,100.323564467902,99.161486738756,99.337279231229,99.6388955105194,100.621848674815,101.279142967119,102.236801096518,102.806823722691,104.225174331489,105.619667657092,105.981396188292,107.481000656706,108.859628176171,110.412001625498,111.834543359494,113.568836572479,116.05939746507,118.623922685631,119.199509027721,120.04906617755,120.767671511386,121.547753738048,122.57312364294,123.237091236765,126.034908635843,127.09939496432,127.754958595667,128.451037404992,129.321660715986,131.603091360473,133.383562245336,135.411421979352
"43732",26.8044718297722,26.9030328695548,27.168445491354,27.4518264842521,28.1038515235409,29.0102199743868,29.8228626118351,30.8843195841692,32.335516989548,33.0287813161672,34.3837824361746,35.7345110707074,37.2435447429745,38.3656299536187,39.7304657878972,40.8081320242989,42.1472822313381,43.6138386231379,44.1776821134438,45.4052224948369,46.6968465563504,48.4709241681892,49.3942166921245,50.6351329720939,51.9964919535795,52.6317715798864,52.6639970963553,53.2054594096567,53.7418919724768,54.4480561802003,55.2045911111599,55.4861553506111,56.9497472339744,57.7825839182967,58.4675980764899,59.069685663944,59.650820322107,60.824472042877,61.7468995495662,62.769940144572
"43791",14.4035607359944,14.5251110870893,14.6077486554123,14.626049433666,14.7134470118465,14.8669443458826,15.1651667073501,15.7854140163944,16.7210966493059,17.5334883116055,18.6847107582708,20.3698168009425,22.507606365727,24.7450820936756,27.5693245156116,30.3398398328943,33.9890258848976,37.8678819303931,41.0213516301367,44.6893985620188,49.2941207274675,54.7080429807044,58.02258406834,62.2043934927073,66.0388610909851,68.6733965199862,69.8305076571047,71.6220435062994,73.5552268598044,75.5978883887245,77.8951338458555,79.653256085922,82.8465295269532,85.3377172383363,87.5989590005805,88.7096430500083,89.7013658734591,90.6918378980909,91.4393287856314,92.7072599424629
"43831",7.66375080512981,7.64431287071373,7.74766708093881,7.94156760385787,8.30193793205843,8.80708140533003,9.31114774721569,10.013889170701,10.8876801153086,11.5676315084864,12.442978491991,13.7026863306303,15.2867113153959,16.8319329859661,18.7932312798073,20.6839401369502,23.226375258986,25.8148844301728,27.8763957989544,30.2687443961251,33.2397288455192,37.4629564926957,39.7877373569131,42.5165953146302,44.631289391767,45.5329586912312,45.7751018549601,46.8312954417346,48.2155390966061,49.8526355099882,51.68010293624,52.9339003328313,55.2904977306506,57.1964061782227,59.0133330866882,60.2614002374134,61.5805775862886,62.9822351922531,64.2395513584045,65.7448129103405
"45192",13.8665825241841,13.904199615749,14.1550675293983,14.366292907883,14.7409835389229,15.1862839808187,15.8025616268567,16.4968512007011,17.4023531946814,18.427766343341,19.5195105475237,20.7059957314023,21.9804104207026,23.220854435639,24.745071656681,26.1095944686494,27.4276332477976,29.5227265080087,31.644211449219,33.5546197182713,35.2998920889484,36.9723607858686,38.6823333127355,41.1364643364381,44.063028491061,46.7212845333816,47.740068171546,49.481019322676,51.365192887982,52.6486088073746,54.1325542325827,56.0515017459436,58.5318671437398,60.6728726525974,62.570004359233,62.9344483454981,64.755640071971,66.8107003331147,68.5539529581374,69.3074935784559
"45211",31.7893994017854,31.9018708393893,32.414453006942,32.6888645534497,33.2907271229843,33.9833325908527,35.0879193822496,36.4319331236826,38.24126587669,40.4172421763142,42.8239997172179,45.5858896172508,47.8612930798013,49.5726742053457,51.5368283566489,52.629102678417,53.3812975597069,55.1092368790411,56.8015294035571,57.7532278573183,57.6975700691238,57.8065236595641,57.748612134244,58.4876963622353,59.9545806912903,61.1423530808655,60.5488959896015,60.9565739253427,61.7081627148172,62.0984881715802,62.7933825599294,63.8025435847434,65.4768756738725,67.5205408639406,69.0948372108514,68.3183214634513,68.9596615100441,69.9775235241457,71.0064472719325,71.1775359333432
"45231",74.8501787728531,75.3357810407152,76.2273003160624,76.1127029229582,76.4673564466887,76.9251808992085,77.4774539980814,77.9374295843531,78.5875285794319,79.3800112025674,79.9490685733855,81.4990235531486,82.8116852276174,83.6089507822757,84.7858411405701,84.9269459425255,84.8912509366046,85.6208104387945,86.4700205801109,86.6842412212771,86.0445983560032,85.069544666826,83.6794685183359,83.2801441155222,83.466803557105,83.4736991761908,82.1030375150414,81.5854186371914,81.3199953214178,80.5424970390678,79.9530155927038,79.5966208821762,80.2022278795027,80.7065603961037,80.9474970966693,79.7171906203666,79.3958764320867,79.2528488539399,79.131664811781,78.5065475498491
"45251",2.94135850744247,2.95780820458507,2.99164832602221,2.98706172073796,2.99012732995483,3.00560717098754,3.37058963105842,4.13063915068401,5.31986003099922,6.93401319925312,8.94780072706084,11.2038400924562,13.7280997520718,16.2687150800488,19.4337011398973,22.2076298954912,25.0858336788943,29.1453877645304,33.2741225370439,37.1623454919035,40.5806982677502,44.7659603108328,48.0960199239522,52.8404624491948,58.4425020818234,63.3604864931395,64.5131439295432,67.23342794104,70.2609269174109,71.9124317938973,73.9181366948402,77.805346634099,84.9009008527481,91.6096351671694,96.6607982268284,96.5293834620772,95.6542696543331,93.3428774132179,90.390404898231,87.7188001828298
"45271",80.4744051674759,80.7884658663073,81.6738207702406,81.9618631542284,82.3397008349404,83.2111703127036,83.8996885040074,84.6159008798938,85.7266999235261,86.7757083319388,87.9185741917437,90.8734299896424,93.3073081138367,94.7229432430378,96.6385288693795,96.9438448319728,96.9406124077599,97.9936608913403,98.536409755249,98.6449694665767,97.0959949775883,95.2587419720838,93.4356352518482,92.6974023655979,92.8635571459937,92.9793496117899,91.6670657881143,91.226823753481,90.5518056231072,89.3681779934608,88.4107365956309,87.8832940804068,88.0865779140492,88.1728623646375,88.1880987653225,87.3729355559741,87.001541736371,86.7408530943774,86.5395777125787,85.9448516834277
"45313",87.8464354280651,87.9191166757919,88.6108747222678,88.7460501773567,88.5894757225312,89.300219201542,90.9104197928441,91.9514872162371,93.6443247886914,95.387972863789,96.4082483149395,95.9244476456835,96.0078722980353,95.7627335823497,96.0681583859828,95.8805825001218,95.6065693253265,95.5168888578745,95.0432162167023,94.8030727844618,93.9062001728313,93.0519571478926,91.8822414612113,91.4195745347504,91.6398435555679,91.0350893896021,89.4010885211296,89.0366308024463,88.8303369261749,88.4084779621204,87.8649094040564,87.6064396441571,88.0088913546423,88.2679148119964,88.231710437719,87.5514543446423,87.5017146539448,87.6570585533592,87.5150970113198,87.0463829911138
"45351",185.41784503246,186.64613084045,187.285965424732,186.841677041005,185.755495840703,184.886340038121,179.318830908081,174.865015214256,172.398821195393,169.411953106633,166.863575570407,164.445347748806,162.494003535313,160.193589945141,158.394656929984,156.144807123261,154.035554715699,152.355209023563,150.443581258345,148.666263450458,146.344255935527,144.610347599904,142.087266444987,140.371839398702,139.454815819089,137.585244403529,134.733658043708,132.997835717758,131.273410898226,129.764986328,127.926132969713,126.391231013889,125.59098317843,124.667674814953,123.358901380359,121.834335805022,120.642291577863,119.661388100875,118.387697394956,116.980252808379
"45391",14.4336903473539,14.4227418791468,14.5520946722032,14.8329148058482,15.2218223758913,15.7449417049077,16.4087266187832,17.2259275050328,18.4054026292924,19.3796895114345,20.6790537056763,21.9396289077166,23.0819096192194,24.3405487393149,25.6933477436669,26.8991409428986,28.092920544127,29.4960546153214,30.7191439144824,32.3164409412733,33.4730315195488,35.1417940370565,36.2074562101089,37.9336711882865,40.4895474412596,41.9198564641864,42.2940337708804,43.8295943567726,45.2268622841162,46.8448159128232,47.9614143342665,49.4182435102496,51.8295677624308,53.9070131936005,55.2433345309489,56.4354904319403,58.4779200267509,61.0169205305067,62.7945854003611,64.1007162837768
"45411",75.4071637482594,75.7405837216594,76.1345126295178,76.7527119667272,77.5185631125546,78.5377457804739,80.0801194510377,81.3272685032308,83.1638670521864,83.5816971911244,84.4993573079021,85.1178694108043,85.3053654961544,85.6651793735044,86.1367895149088,86.0986251495245,85.9563040588238,86.0652390286917,85.7383171854149,86.0303221088583,86.1809137932175,86.1870748725421,85.1653955218086,84.5404498767179,84.733046690517,83.9488117488708,82.2891262502155,81.8341591067561,81.4042988652185,81.2111406820251,80.667419309758,80.4030289157763,80.9589221554786,81.3248854290592,81.1502660995066,80.857671159743,81.1577782794111,81.9649938897792,82.3038239863366,82.2787280888739
"45451",32.1778286599277,32.3461481268276,32.6156731558945,32.7722227877807,32.9140008965657,33.2412084810097,33.5536386415041,33.9114158729797,34.6839582117429,34.9705919256598,35.443634807606,36.7288266334799,37.774844200203,38.4894279806942,39.1289138628962,39.5621460635405,39.829430660977,40.0919183730243,39.9791820224969,40.265810423699,40.3064148145532,39.6051806261481,38.8088983927247,38.4343601678037,38.6124683589534,38.2927105845891,37.6514452169455,37.5327396117934,37.5217917909026,37.557120101272,37.5794131590901,37.7513434249287,38.3323984141365,38.9364358705112,39.2491885910083,39.5024325271327,39.6794610757164,40.0984154003454,40.3779197360972,40.4343215666763
"45471",18.3990010058395,18.4350971519431,18.6442346985637,18.8533117251836,19.1727100825198,19.6880966698278,20.5754597054418,21.1668121324086,21.9056198219401,22.0632411671827,22.31685901008,22.2513163657881,22.577350740199,23.0760777529439,23.8482604543326,24.7211056334552,25.8176988460895,27.1049664440996,28.1843081363778,29.8608268173881,31.4534503075435,33.1063878333246,34.1987919232077,35.5640372411235,38.0776623378953,39.2488944325126,39.3006157443438,39.9791439638315,40.9432487071328,41.9594711980976,42.9648482686249,44.079323018406,45.7135012891307,47.7928389629615,49.2413708386618,50.1870675980961,50.639975940508,51.3774587104088,51.596236260656,51.5959901089824
"45491",69.6709720673711,70.0016694525896,70.5612591225978,70.8760839862255,71.3374539992528,72.1905720827044,74.4441546511506,76.2045293092673,78.424925959577,79.0099384217784,80.1196727085859,79.8159070460145,79.8337671511375,79.6691619299034,79.8129365512496,79.5371445102416,79.5385239682842,79.7287633970513,79.0082113200015,78.8995235881422,78.5373306665881,80.0613243845153,79.9160391445261,78.9271020882751,79.1347482114388,78.3966809150777,77.1231439138148,76.9570487036324,76.7898662231339,76.853590590561,76.4419206932546,76.2248474584918,76.7433168570955,77.3346500206685,77.3877633432159,78.9264661479322,82.6097824608673,87.856648883549,92.4733584498862,95.5975729719778
"45551",79.4270032699163,79.6281243568844,80.4571652652627,81.5813867051199,83.1594450256594,85.7172362069788,92.0991882677173,96.8662012793411,101.687775937715,102.924566072928,105.41530260913,102.299399983447,101.064102417196,99.5177298433781,98.964277191935,98.1225439876983,97.9849436116311,97.9133668077343,96.9137617994168,96.7248913313595,96.701122254588,96.9397094773368,96.4722698078879,96.3853565762571,98.340478333676,99.102623990957,98.5445704859235,99.6382868746613,100.862595759715,102.459343889563,104.16701154978,105.724997091219,107.428187466681,107.252919971792,105.424476626622,101.769169931765,97.7576819927353,94.7521004915666,92.2241133384691,89.6410432990006
"45571",80.0958304802394,80.6172059103818,81.2312861391247,81.6409467497762,81.9662202790619,82.9976924578532,83.6836243540218,84.473331184086,85.7206748236372,85.267176569813,85.823184000255,86.5959421251188,87.9083901947004,88.2755661864747,88.9098344298516,88.9256306118128,89.5697053939839,90.0878305933297,89.27485631588,89.1406889764948,91.436141240311,92.4978056326535,91.6309248727744,89.6674833533253,89.3508861033153,88.3303521879868,86.6834185078381,86.408720634039,86.2457439380671,86.134336924356,86.0891584966605,86.2361734475493,86.6262986229692,86.4324599350019,86.3091668779411,85.738247046533,85.36654866106,85.9666443330748,86.3858376281833,86.3027361947862
"45671",34.9609062810808,35.3025712417512,35.5028952893916,35.6581791530066,35.9825493129594,36.363179602073,36.4471419680847,36.7085245950377,37.3384619907195,37.192292860268,37.482553931379,37.8009964303085,38.2862688092202,38.3881706240062,38.6452718827353,38.8531181549072,39.1849276910376,39.4844481549916,39.397608257771,39.6448025166366,39.9584928271979,41.5192611609492,42.4205249437767,43.4870235572365,44.8799302102658,45.5678038462727,45.1876686385684,44.7138896354245,43.7751987977145,43.0683996311602,42.6182148749356,42.1190826350461,42.2393247810275,42.101508559364,41.9893011527972,41.7854546412886,41.5902782910186,41.6898099300394,41.5957015587648,41.5988295347272
"45713",113.146255206397,114.592606078863,114.905810960347,114.26515890241,114.104791777616,113.66323988108,111.895833304753,110.33800171171,109.438402733554,106.737321818509,104.896192575263,102.265028867449,100.559101889013,99.0497696231265,98.2616456578256,97.6310808285504,97.5976867014951,97.9207927163469,97.6343729338855,98.3011413492451,99.4131499563937,100.678203884904,101.519701484179,102.923096281173,104.867797131133,106.126742590622,106.177997697457,106.827260410092,107.555064970819,108.690879249044,110.034463687377,110.531105947043,113.059190201717,114.93453197139,116.417964806065,116.957057150189,116.678896257677,117.329366983924,117.776414590592,118.590858174482
"45734",55.185470384936,55.5973135590371,55.9801904429871,56.1103747434456,56.7899162191259,57.6694668294845,58.1570497500465,58.8332296525475,59.979755871529,59.8425459811925,60.463439454693,61.8453722669237,63.0976331950621,63.6758989523507,64.4522498550112,64.7462872633904,65.24147271957,65.8178222303065,65.2288835753522,65.2343351161128,65.2260542223719,64.8422279580381,64.311967793547,64.5533562359516,65.2699608390842,65.4292064693868,64.9479802187773,65.0153005004724,64.9504733107721,65.0657090911612,65.2709960891991,64.9847929892545,65.8001559706399,66.043051089166,66.2016585693517,66.3128697823981,66.5816538372975,67.1864793926743,67.6042381887188,68.1558223990274
"45772",30.5229495466934,30.6849569253424,30.9499565830092,31.1176986360308,31.5680919809027,32.3270120181278,33.9251336080035,35.2945832797915,36.6353345490236,36.9751898652565,37.5918929425553,36.9594688565282,36.6603318412675,36.2962432620758,36.1570547012277,35.9486605436325,35.9452306977333,36.0608260318548,35.7114496607897,35.4845168333421,36.4049259139775,36.6874975816162,36.2310417550616,35.8635106597009,35.8317512253921,35.7284685950599,35.5216536811102,35.6883779154058,35.9345085894112,36.2912669882919,36.6951996148711,36.847742793737,37.5378013414988,37.9971548712889,38.4180079554844,38.7025349578202,39.0159014066177,39.7112343764311,40.3532800898021,41.0183416471725
"45811",63.6560635742465,64.0777833661055,64.4751787211355,64.5791620734944,65.2343271645714,66.2013678765183,66.7282184283745,67.679295471629,68.9846978539884,69.2871572251529,69.9432246867864,70.9175701228612,72.2629543207213,73.0485380181039,74.1240860505128,74.8780988591919,76.2523451876943,77.5674315805568,77.9125065265908,78.3163921978992,79.9800458218425,84.314967432142,86.186249177776,88.4960799181741,90.2973439273009,90.3969307972569,88.9820858203031,87.691516369914,85.9209226211195,83.9114914306814,82.0935391520057,80.3221610373464,79.5081388058691,78.5848463024791,77.8579778506446,77.007754190809,76.3821305138086,75.9085309662053,75.4439768245642,75.1430037753712
"47251",115.667627665785,116.443506882495,117.820946682748,118.079499186106,118.805441349531,119.832507640533,120.297874074842,120.73902908208,121.427044743844,122.41932002239,122.737042990514,123.144042672635,123.911122906837,124.041670472115,124.767935527661,124.671386912737,124.658135943436,125.553069594115,126.170864131088,126.067519476294,125.729985561894,125.61268249136,124.525107579949,124.743574068339,125.556387612835,125.606131837689,123.706727905039,123.643812850068,123.929712217901,123.156696713909,122.577679413673,122.273717852238,123.1989150449,123.774069808013,124.104624981964,123.05468503676,122.899018264303,122.924697016837,122.850761985448,122.0904831843
"47312",175.806896757434,176.431023242583,177.43866786288,178.369864474777,178.430884196902,179.742869678213,180.749772983188,182.204340095338,184.763571106848,187.490395740051,189.685761452621,191.588233699981,193.96370820377,195.585661119698,198.386258085052,199.599001279891,202.161322196031,204.725943845525,205.961711182552,207.989996389559,211.052006888371,212.209598995221,212.550474054865,214.599001579106,220.25814758564,224.878835890552,226.253010505017,230.940589470014,233.73399721882,233.248446081167,229.212570708321,223.582963114296,218.969541967949,214.713678899043,210.959026558362,206.3040201251,203.286656444616,201.786610298433,200.150541789271,197.708364333989
"47332",40.4194443554797,40.5893565364617,40.8070130149598,41.0158525447927,41.0520644792029,41.4153350259573,41.6937769255562,42.0141954778872,42.7057475529839,43.2462218006832,43.8430484542593,44.35682150505,45.0211726046585,45.4945055199725,46.2707593893767,46.7442810664393,47.4011708761105,48.1876437549108,48.7726525390931,49.4685073738638,49.8212362341649,50.4517183728503,50.663246777145,51.4592465770055,52.7656300252,53.265811782092,52.936272660637,53.642571983997,54.3138022616762,54.9986595214001,55.4161794724226,56.189530488501,57.7904879442984,58.9575005956836,59.5699539698609,59.4607340514558,59.7928605925574,60.4220596371958,60.7487580130077,60.7787351066467
"47371",81.6307383002595,82.141107892171,82.5437703458285,83.1322866665031,83.4293110552068,84.0417781893533,84.621521054425,85.0449678083152,86.3315152663355,86.9129472193936,87.7516499245465,89.7334826546721,91.263354572707,92.2308398855757,93.2708407027505,93.6417133376472,93.9748296098733,94.6789891015446,94.6236766395763,94.7052722726459,94.9954438442746,94.4666623402191,92.7372884875696,91.6835088428864,91.3815392936812,90.2804588597524,88.3819052835031,87.7280799916357,87.0314626999338,86.7073872794048,85.8579300527046,85.5019851607083,86.0904842648749,86.2291904831626,85.6852855021119,84.9486028622719,84.6205276465012,84.6008374878446,84.2661803144719,83.6209024502371
"47412",104.48050868153,104.982339795807,105.345959899108,105.954761169451,106.483841697088,107.280896960497,107.844357776743,108.243979117517,109.688827543379,110.044339514957,110.83378875459,111.554791363249,111.554084100083,111.97125643507,112.542911567618,112.669877463084,112.861763382924,113.395383549587,113.583946567769,113.96854529692,112.62090928713,112.876137061996,112.083649788189,112.203404318834,113.593407277107,113.397914274393,111.710612149508,111.631612227039,111.429622727522,111.622734032486,111.094852783178,110.980027064569,111.973169986057,112.58983349344,112.453838794614,112.056696170692,111.974902453547,112.325518915435,112.15459963615,111.538811478647
"47451",0.558717656961835,0.561234154736218,0.565205192464078,0.567173290431512,0.56754663731227,0.571753859439154,0.572758932916915,0.57456639961288,0.583548951187068,0.584705555747097,0.588149990856812,0.915352023370233,1.56725875573874,2.48825566557546,3.69861776488018,5.1016322247232,6.70737060610436,8.57440225369202,10.4472413073736,12.7463044785698,14.6492545855452,16.7004236397403,18.2024873099298,20.1093506043038,22.8136962668729,24.3601932534051,25.2214219697481,27.045103217296,28.746595387035,30.4802483477174,31.7820130763684,33.341505711175,35.6550030856724,37.7618479279849,39.0880197108844,40.3234918448863,41.4321237436099,43.2167418516111,44.4691137777114,45.1802453143087
"47471",34.0951879336604,34.1694907464446,34.4869016430257,34.7965798469208,35.104441565096,35.8047619185597,36.3790299534982,37.0853249737292,38.3508814802645,39.0762781873086,40.0469951845064,40.9395628381037,41.8998880877305,42.4950678732097,43.2182919920095,43.6340517752679,44.0252939849429,44.593198234184,44.6477387602559,45.1071231343467,45.1517460103016,45.4795657289839,45.4466971717067,45.7549838855672,46.8611840912143,46.9275250778453,46.4447153375822,46.7628357084087,47.0054026496039,47.3009203727485,47.3256167356269,47.5211631731268,48.3119021633083,48.9935779225143,49.1164716242125,49.2093991297453,49.1481879233986,49.5617429153441,49.6685371243546,49.4501799103615
"47511",74.1910621120582,74.6524642008572,75.2572122128015,75.4922398100566,75.8418121326527,76.6319730253073,77.2495475799402,77.9384100390018,79.3731726573854,79.6409607385933,80.2505313151505,82.1430864537848,83.7688640657782,84.6836489103067,85.8075101325694,86.0690056519006,86.3913593203758,86.7529299291827,85.9646770351753,85.5474444240572,85.5795959684753,84.1809114684758,82.3987842476462,81.0445906506311,80.68861899753,79.4596255413217,77.6952712130763,77.0187985861602,76.3136125310835,75.770849052464,75.1466746492319,74.6422824336093,74.7278829743928,74.6693489559671,74.3384248604888,73.7527920126685,73.236582009436,73.0788354686131,72.8098642706387,72.1097867778631
"47531",133.07893157436,134.173255963257,135.246315079177,135.641754024591,136.23330429424,137.403769356632,138.105545288693,139.01559596662,141.095077373283,140.939491157785,141.784962359694,142.235313727356,143.473572231024,143.841326664555,145.380901965152,145.663278273978,146.408447618666,146.894043602928,146.026315172831,145.883320467225,145.956412131558,146.218589754129,145.301005066214,145.399973955145,147.054359322226,146.489143074849,144.151651781632,144.077900104201,143.740291388588,143.476593284876,143.115722151988,143.027214290163,144.09200926905,144.456048049875,144.627259529161,143.886509067833,143.529273184378,143.869974007231,144.017875547233,142.956249534304
"47552",78.1905972969353,78.7091998759478,79.3671290972153,79.6542510453595,80.1146992708918,81.2261355988018,81.7605284129069,82.475042423086,83.8439612656443,83.7958818396012,84.569843490412,87.7931923058292,91.0851578637086,92.7968404926226,94.7595683983592,95.3085722533391,96.580718246218,97.2924426225204,96.5014000528141,96.4082290576897,95.7507375017566,93.9140262902999,91.3212047024285,89.1715868449011,88.3975925931594,86.961205584024,84.7806802416398,83.5703729135027,82.8142721861214,82.2110429358386,81.1683990095784,79.9962565583056,79.527251288163,79.0273710788631,78.8729959866724,78.3704391088674,78.0682701182004,78.0647818534304,78.3538440757667,77.8787029701776
"47592",93.6619664071183,94.1504812691746,95.0167223494437,95.5961537969695,96.3522043676616,98.0178657337632,98.7312266838005,99.8445383607208,101.777639326903,101.965375106313,103.353459436862,107.28344323782,111.579544278578,113.57507404583,116.137050965154,117.239322597318,119.08419443074,120.261493865993,119.872048350301,120.322394724532,121.590129192565,118.874459691264,115.973891857406,114.587308727799,115.232996181005,115.072574812869,114.057456367861,114.599397049012,114.909192560154,114.567869960101,113.104508139936,110.645310411684,108.656044076914,106.694261707713,105.284564373368,103.593365849807,102.050408531823,101.735077833345,101.416561196341,100.586225426774
"47633",62.7718250672089,63.0732789798731,63.6091422836743,63.9053544765523,64.5500613418701,65.2595054837429,65.3680283129949,65.911576717784,67.0324726832562,66.8308291974415,67.3319413145761,67.7992848045836,68.7168326970881,68.7632863898973,69.448073745801,69.7764281531973,70.141653622086,70.7585883318162,70.419805938741,70.6402838700562,70.6074447016557,70.7234082337325,71.2560155471974,74.0510128058691,79.3062323058719,83.0076013169354,84.3093274183951,84.388110985159,82.0377647877268,78.4317698128538,75.7025712905482,73.6114898652811,72.6760817508216,71.5153065942409,70.5409959693558,69.5387865111578,68.6864036094596,68.4536409185295,68.1507419607143,67.8169503192685
"47652",45.5259821562533,45.8284504213219,46.1815541411475,46.367228630802,46.8327325323139,47.4014833666018,47.624071804233,48.0802221496835,49.0756903286882,49.1132996007527,49.6340860141847,50.152273139784,50.9526162803106,51.1639853391125,51.7198042424624,52.0120407207601,52.5549111758798,53.1161376789158,52.9744722852733,53.3101208027653,53.6759202204639,53.9840563323647,53.8537925269861,54.2621200945392,55.3212811608715,55.6686347334548,55.4562843126619,55.725222557238,55.9108269888629,56.1991370478141,56.424650839624,56.3752723591374,57.2402677260854,57.6132949187284,58.0183059424533,58.2635027934466,58.5103394559113,59.1408033448318,59.368260741442,59.740425119954
"47713",36.6238061357339,36.817769019286,37.1356616480141,37.3955881985044,38.0469240544176,38.8288420763133,39.7538152767312,41.049203894902,43.0813061741983,44.307128566108,46.1969144241199,48.2792828931734,50.4185169943969,52.1177784969198,54.1898415231006,55.9204147046897,58.0186884284437,60.2983567189947,61.3056247485661,63.2964583765795,65.7015390484074,67.8560573566356,68.8653595812765,70.844320164813,73.5176248830952,75.1120278825461,75.7239008661207,77.1462971361776,78.532735730951,80.8072925231631,83.300569967798,84.9641226658215,88.338109333936,89.9724182367855,90.8840096834302,90.8838692580167,90.6192874064217,91.0460593862102,91.328114256509,91.9583105360785
"47771",135.818549448239,136.763046426378,137.481967427351,137.422725725343,138.219793464946,139.850043323407,140.526217650032,141.571085781315,143.455567802926,143.10250753861,143.610089999812,144.507577583388,145.569256589034,146.014864715425,147.445359017717,148.172552634524,149.21498879263,150.069315188127,148.904319154417,148.145520592066,148.572059918059,148.284150510375,146.979063880011,147.225434883141,148.202148400041,148.00690425679,146.755839795484,146.555811793845,146.204903204442,146.248657209882,146.34708175117,145.515172947055,146.421092501027,146.577633862467,146.421467605759,145.983453314736,145.715348225199,145.866914806846,145.667380157247,145.69871709368
"47791",28.3083430035362,28.3226928942174,28.6169285468986,29.0831357148124,30.0448274774921,31.4328511881776,32.5663467847595,33.9089136941176,35.549818813857,36.5639897150713,37.7914901515111,39.1625866406984,40.7426040151891,41.8912026416287,43.3542672775813,44.5072172969886,46.0060661268497,47.3900133350304,47.8832356401764,48.4019593991208,50.0320843282663,50.643370196761,50.7408409973805,51.7980877942316,53.7643162668063,55.7063739546216,57.6332918900414,60.194730475247,61.935026878433,62.5126966478316,61.4849671528133,58.6307602400598,57.6490846079104,57.1169101948807,57.0502528198248,57.2178595424092,57.4906082866642,58.661072834035,60.0797348259738,61.2777377722778
"49252",10.3137758614449,10.3084074158526,10.4793039729758,10.696207059451,11.0819864788691,11.5780958896817,12.1545285916949,12.8198720424525,13.6635370584254,14.7640050919967,15.8118593041365,16.7673749550847,17.797520266738,18.6798066635253,19.6692140790726,20.3677231978482,21.1427647036527,22.286817866556,23.2981767448957,23.9405267673443,24.566304075946,25.3842105599189,25.990288755684,27.2038065142679,28.73197270634,29.9165693655498,30.1675684433695,31.2747365114582,32.5141925436142,33.2595457478962,34.1723228297181,35.2923388475969,37.2101762730178,38.9058605260596,40.3647127553667,40.8334727906772,42.3335326015128,44.1344661909113,45.6267879211083,46.4818873511449
"49311",194.958869858435,196.199281363278,197.006408237706,196.974866802124,195.326666324518,194.463114186982,187.954852424364,182.841709340114,179.193101441854,176.016266160769,172.988073300913,170.329728108293,168.041510204434,165.717181699609,163.96419773696,161.644462756836,159.966217264511,158.513061893639,156.780128222674,155.131819979083,153.270169785517,151.761737506298,149.932238046464,148.863163196327,148.487641485958,147.235563785112,144.759996257142,143.700811890979,142.822783844656,141.90909145475,140.79499506038,139.833855401471,140.326065659231,140.713150089166,140.753173845895,139.552939634525,139.00244369458,138.591063275638,137.703637301012,136.448421677761
"49331",8.01138680487244,7.95023474105103,8.06688076033731,8.33215835800008,8.67282950471512,9.19588967201137,9.87826694427267,10.7463930771055,11.9152898751868,13.1568279447237,14.5340995578267,15.731666644165,16.8526566911741,17.7724605735535,18.8175931725144,19.5343317617517,20.376904490196,21.2823117023922,21.9763505799617,22.7151818198131,23.2944942169552,24.8117202186119,25.4300745426072,25.9561137734026,26.7272253168758,27.0590256271165,26.967648243403,27.8065826885112,28.7405676180693,29.7715448801642,30.578293672341,31.5452338623885,33.2487306984738,34.6157980707056,35.6866281702332,36.2477286539272,37.2640900438877,38.483632098254,39.3242067841774,39.81385347883
"49352",80.5659090959595,81.102982379546,81.3548053673897,81.812779091428,81.8615110395715,82.4101522714674,82.5495881624948,82.6234592535454,83.5659625862546,84.0623739337992,84.6473491760128,87.0498076904965,88.7760324946369,89.6987510995538,90.6482393920698,90.7043398919077,90.870786976358,91.2533941187303,90.8532694586824,90.5019186612198,90.3729606781095,87.8052078800811,85.2499117729023,83.8061301183012,83.2137225409123,82.0192121360241,80.2114432198323,79.4363418607799,78.7666621827745,78.4307276010018,77.8242672171981,77.4829081464063,77.9355832311025,78.0396117283796,77.7775278834491,77.2175500359366,77.0265647942462,77.1135029368616,76.9256818413931,76.3977205852327
"49373",68.8217335837293,69.2490756721672,69.5284469096756,70.0543978247958,70.2972181294332,70.9395939440268,71.3267875987865,71.5240258627606,72.4407123122931,72.787612151421,73.3127036974912,73.7354348435563,74.0358888144018,74.2355516763163,74.5782973941402,74.5030004871521,74.6842032034383,75.1063292681794,75.0933571319522,75.2061205447717,74.9340600624821,75.0710666083456,74.5438425190327,74.7099000764973,75.5892533749032,75.470564918864,74.3730785766129,74.3171691066017,74.147502269245,74.246796248195,73.8487343964666,73.7356018472507,74.4568211149786,74.8296797993264,74.786314775068,74.5085518064777,74.5669869914099,74.8698846555439,74.8326191224763,74.4505111723436
"49394",50.0980674869769,50.3007860723759,50.5437680230913,51.0997223033541,51.6246962908013,52.4318826505832,53.7695283133718,54.6777471485999,56.0435888376759,56.6509390376194,57.3602637203469,57.1080211747671,56.8317960277003,56.833044685895,57.0477451687764,57.0906530204479,57.3067535468534,57.8246647338377,58.0856447320616,58.501751329426,58.4163573320565,60.7224853677602,61.7744602234401,63.1063828652469,64.9521640051273,65.005157929286,63.3321344512514,62.1318750488313,60.6238228400977,59.7659809994614,58.7902667859388,58.1885171024277,58.1651068610239,58.3453380722887,58.1656964920695,57.4839409713742,56.9417277640782,56.7487916236841,56.5132385014596,56.0143804213865
"49431",19.3710147720173,19.2492579570231,19.4919121236372,20.0451321874763,20.8671676521181,22.1149341906823,23.3020926696687,24.6122660353987,26.4483448378431,27.9139006368911,29.6963844493997,31.4647028165898,32.9767263281214,34.4194721896746,36.0707380816336,37.5222610721696,38.9883975884733,40.8209714700849,42.2860212719118,43.9789568128586,44.3974100345159,46.7769807120403,47.8244502352757,49.1921637816652,51.4109062405652,51.9533502770509,51.4410410797479,52.3322876793383,53.1439934753704,54.0899130784753,54.2601080384081,54.6349269908475,55.9888426073226,57.169191252636,57.7007793460195,58.0505881831205,58.7657693339995,60.1262310711605,60.9809348506492,61.2453107974583
"49453",13.8192710425994,13.8717902619599,13.9757751012994,14.0094742349267,14.0312668014795,14.141177347395,14.4927731344177,15.1284967677596,16.2690377883758,17.4331866324651,18.8895986709648,20.7348409964049,22.9087078435949,25.223134337882,27.9279459150338,30.6961639513953,33.8569479586032,37.6241692039573,41.037677355509,45.111562394606,48.0306681660433,52.106064629294,55.2689008446659,59.0713160045723,66.9455238296062,74.1235043651517,79.4714579053666,86.2824517714791,89.8873434568545,90.7592123904473,87.8861729858973,83.8461286942218,80.8049704903002,78.8207523927528,77.0086423069176,75.6797312114026,74.6015937983228,74.6205991979557,74.7076042996829,74.1489460523157
"49511",62.4542033212126,62.8293324040902,63.344867291447,63.545220035011,63.817633873178,64.5033446125556,64.9688129033184,65.547385568839,66.7589042085531,66.9655838134712,67.4505943969011,68.365866714555,69.3272047166204,69.882603440741,70.7570600505014,71.0272701186946,71.3838645261017,71.8181715967617,71.4213898585123,71.2990196058984,72.0905545459074,71.4651143849987,70.6307599513736,70.3991210927258,71.7769408778742,72.7973114800662,73.3060855519208,75.1120061017159,76.0857132797157,76.3248190561313,75.3415662399262,73.6687584493685,72.0423327201992,70.0890617054255,68.4117520804429,66.8600377862107,65.5727237309379,64.6847679101167,63.788972797938,62.5986340330998
"49551",111.54873447014,112.356124854684,113.361380656574,113.772254743773,114.522091192476,115.911885165386,116.642543504724,117.542028273668,119.348657458107,119.218790785966,119.965157737624,121.851467303484,124.431242258216,125.389955298634,127.016480763954,127.349307291016,128.683999214779,129.276535028234,128.451437016415,128.491527426786,128.792301815152,128.873658340374,127.443115462149,126.639884494839,126.692082319538,124.959242880408,121.997028325292,120.783677397393,119.625390291,118.480655395892,117.561361816608,116.912123081602,116.993170898996,116.527546265394,116.41592668653,115.548399407443,115.025634785633,115.08488665101,114.924787190832,113.780630253721
"49672",26.7241239311163,26.7608072275074,27.0850366975667,27.4306151374852,28.0965661680799,29.0038229228145,29.6285654002859,30.3538463293673,31.4815604463584,31.872851842999,32.5432182124848,33.2623219629253,34.1362636796606,34.6554111737497,35.403334421311,35.9042475224158,36.7069805244222,37.4651242514991,37.5578938379297,38.1635678907057,38.799422972559,40.1641031804268,40.4891414080389,40.9473168338941,41.4990220918574,41.5650591338135,41.2692545553968,41.5831989672426,41.9472768891817,42.5009103485728,42.9647600832643,43.1618652670532,44.2262987653836,44.7733644014841,45.3446261607213,45.684683316232,46.1260591487357,46.8908870091868,47.356823492551,47.9062860018039
"49751",54.2289681163506,54.6073848274249,54.9091975300651,54.9080311932175,55.2935398500406,55.9754613506729,56.3794228626022,56.845921704355,57.7623644885793,57.7621717070076,58.1204226768513,60.2041324028621,61.8354128360096,62.7952297885963,64.0490050691216,64.6773023852214,65.2883180200413,65.7684600525852,65.0945346382401,64.5165640551353,64.6749324474125,62.7375973769404,60.8778248181278,59.8587764916961,59.4968677579956,58.6778164194837,57.48880381365,56.7985027876282,56.3319924426333,56.3502389886923,56.6452162628891,56.7852893386034,57.5923441691538,58.0817814270913,58.4636558588788,58.9784840416248,59.2870780435997,59.4803801831179,59.3481642372051,59.3565860547217
"49771",6.69121520237839,6.68224256866399,6.75276425066072,6.86688335530472,7.08468681699551,7.41053495043813,7.74010411020062,8.13307170355005,8.65509591616725,9.02985771788465,9.51104278423322,10.2711671706303,11.2448142300121,12.3366060655088,13.8411932018849,15.3398277772137,17.0228690321704,18.7527676757103,20.0482723106095,21.567771254764,23.6335193589062,25.2770097171001,26.4206402805081,28.157487202235,30.1829753465475,31.618378919379,32.5708481350419,34.0088305066168,35.3202061724303,36.8489036532634,38.3091779949958,39.3664179435705,41.4189168221132,42.928770334912,43.8996347865429,44.6857593248436,45.6213143304341,46.9282102215678,48.1088741408546,49.3117107058262
"49791",83.23322878985,83.8385759343407,84.2279386919976,84.2237990054346,84.8062270058775,85.9266999681356,86.581470971582,87.6233893180866,89.2968396876638,89.6979467173119,90.5004685439494,91.5741095783699,92.9876992520917,93.8905141620166,95.5276841964729,96.7238158250336,98.2844468554562,99.4530142093449,99.2074638250507,99.1037033130057,101.008300400316,106.797589645594,109.366539973167,112.084568031868,114.263697246826,113.837638261777,111.344491195498,108.51883363904,104.928084554764,102.545903553271,100.844784898331,99.1295858503558,98.5674565322932,97.8138578796256,96.7989380870017,95.7915150266285,94.936864015541,94.4110576978417,93.8360046162772,93.2757472931987
"49811",256.538655019636,259.002953355474,260.053145342862,259.209098982763,259.473409667693,260.640032824755,254.066259060541,249.665959862774,247.073225552156,242.940850680189,239.576579614528,239.178020346489,239.001776947227,237.618043937206,236.637039028706,234.988175702116,233.995067678756,232.324637745279,228.978791297789,225.455309841896,222.858906155102,217.886324390199,212.668832982428,209.073373482387,206.486111152473,203.377671114104,199.834278227175,197.021190933097,194.289502507954,191.931194487714,189.752177391334,187.109317742838,185.708871511448,184.117883507598,182.099691674949,180.076937693069,178.211210735212,176.681602194645,174.983555822663,173.376421121757
"51291",81.8498688424861,82.1302721374027,82.7260306579251,83.26076428229,83.613459385614,84.3614324708546,84.94165536052,85.4217653376679,86.2747551456489,87.229100642347,87.7699957495831,89.3308814755492,90.6910860783773,91.6424612895321,92.8215901414332,92.7846245707185,93.1965009842664,94.1204604010489,94.5617009759544,94.3931138252632,95.1621144156501,93.9303142332792,92.5234672065816,92.1613145151161,92.8387383431405,92.8915380867986,91.3375531788786,90.7155813100952,90.3511003226819,89.886077266111,89.403029087209,89.0952583077827,91.3482569017748,94.4005245125316,97.901547846732,100.210132880057,103.138380509871,105.732820051085,106.65347812645,106.993121075886
"51331",68.9982738176071,69.4357477426924,69.7179738303266,70.3809883817096,70.8396796400262,71.8923299218335,72.3893118692407,73.0102467546232,74.1574290298723,75.0337005841779,75.9322158054655,79.7172590541717,82.3760125237857,84.1517534493371,85.8962928602852,86.2309535515011,86.8078970428428,87.5391639454431,87.6311219916443,87.5205212049395,87.3500525388065,83.9189852911448,80.977034355156,79.2282367942339,78.3262899534277,77.0860192224918,75.333626029012,74.5278966671461,73.8193616355004,73.1901233810689,72.4385438149537,71.8819067175163,72.3500315753193,72.586736760594,72.7993384560887,72.5944673177215,72.809970097445,73.3158505586484,73.8562355341073,73.8911549842697
"51432",12.2490958568517,12.1749437327487,12.3294088642445,12.7080351369212,13.2141250103239,13.9948117534509,14.8703057604399,15.9227135786123,17.4541669119717,18.8649009639346,20.546788866621,22.1105587049503,23.4056274228113,24.5833524327052,25.8734774538658,26.8587448654222,27.8987586908071,29.2041066959348,30.0910627679492,31.1069954778197,31.6368153209638,32.7677284651765,33.2211066570538,33.9044856676836,35.4037773291839,35.9913939836428,35.8162752672861,36.6342110648597,37.3696689716321,38.3041192972576,38.7804191046204,39.5272160987741,40.8582010502065,41.9864956750305,42.6261842024139,42.9889447481767,43.596324105463,44.6214119419693,45.2747219358327,45.461455199881
"51471",66.2919238798718,66.561474508753,67.0380147448627,67.5047686300255,67.6387101427103,68.2169120008959,68.4144181705784,68.7665580445099,69.9001209533981,70.3084718409872,70.7330426903349,71.6296207520456,72.2875725410301,72.6317436438534,73.1539304277404,73.1441400884833,73.2672419369663,73.6411662001449,73.4743012269688,73.4400931398279,73.1491964189959,72.6763667536683,71.7731458809012,71.3213235984304,71.7639005634699,71.2917113762988,70.1311330908555,69.9087393912933,69.5667451004736,69.4633443604428,69.0299965421337,68.8320532061575,69.2220382133118,69.4534745493493,69.2454823025985,68.8195908865616,68.4958073674272,68.5298274200812,68.2907069872916,67.658455699625
"51493",37.9825422150191,38.1431707131044,38.4745113358718,38.7575645147596,38.9640202312974,39.5098622761927,39.8663608525827,40.2408476275612,41.0451227826542,41.3112826708774,41.5838737461802,42.0866094310582,42.7136114894539,43.3521791863943,44.246187595368,44.9114600450203,45.7907240982248,46.9028717626811,47.5885468080274,48.4995724103617,49.4282579550895,50.5184010729726,50.9156308731114,51.7093264418895,53.353749961943,53.8515556816571,53.4700635190076,54.4074540945005,55.1474093843478,55.9400055708143,56.1066586640459,56.540681963391,57.7073582742116,58.6052408360275,59.2639950606903,60.3447872701414,62.1522003083826,64.5919576620463,66.347445286883,67.2341185462914
"51592",59.6748480395597,59.7604751594846,60.5201592776683,60.9849301754055,61.5234584997244,62.4840065725729,63.0943055056011,63.84730847329,65.319734585406,65.5069460940312,66.4520197607781,67.2126561386309,68.5050559718555,69.2008385219554,70.1556246461718,70.8123971386604,72.1699211776921,72.985635089755,72.9800126986043,73.704599343478,74.1938698780591,75.0852707532249,75.100269411402,77.8168986082047,83.5538148982336,88.0068381961577,89.164954124412,89.8974826518779,88.0409942834033,84.6549767068874,81.2535041884962,78.8966834897263,77.6004772744287,76.1778247523816,75.0818422010133,73.5997107337416,72.4810794656207,72.0263558867656,71.6112019040297,70.7636661028426
"51631",36.5021845546783,36.687737989621,37.0929404798918,37.4245558266037,37.8253089906834,38.5890310400387,38.930762722759,39.4694399112396,40.3807019646897,40.5957985894485,41.1855408875161,41.7966422533736,42.6986781840492,43.2567371622342,44.0573935616894,44.5833446964722,45.546358214516,46.6915521202321,47.0626217281021,47.9778871144379,48.7530906385267,49.3975434760079,49.3901988197659,50.3089735348741,51.9960420890701,52.7373771582326,52.8239657890441,53.4661931611558,54.0510353994251,54.8617853234779,55.5831809782567,56.0261543631577,57.1840617546726,57.6117907645335,58.0194458759502,58.0418260524069,58.2442061896525,58.8173850109836,59.0701777127186,59.2649185334573
"51651",52.4296979399655,52.5960461860845,53.0863971704896,53.4502826936763,53.8777554847355,54.7847177121272,55.1706382058274,55.841970703759,56.989340279083,57.2179841949206,57.7326362038433,60.7224322087334,63.2473642441297,64.7861155884664,66.1475282430631,66.8988602300313,67.9611214301902,68.8666857923731,68.3153659563194,68.5481212934239,67.6711669801657,65.2736025309124,63.0153224074082,61.7830127472983,61.2390942298352,60.3208228485713,59.0412994861765,58.1408188116644,57.2803598695257,56.4175070429346,55.5598419411635,54.6035416890648,54.3278565333215,53.8888867414605,53.6101668813315,53.2824935383562,53.1448891288354,53.2662903905006,53.3484013760231,53.3878942835914
"51712",90.8598353981948,91.4127961214417,92.1742908807416,92.3527002377252,92.9963982451544,94.0030975798431,94.7559307349465,95.8008018923672,97.6371621474046,97.7027288676946,98.4014761326102,100.172268832569,101.765266442128,102.45982355438,103.518096143696,103.714808693812,104.40023820314,105.250325041136,104.456646739715,104.280700550979,102.944950206724,101.697788622805,100.00680228198,99.6945240881707,100.197578027556,99.8447254064895,98.848960889677,98.6885839660687,98.6516012415126,98.6880846327462,97.865112394916,96.918501108159,97.3770221124687,97.3285080833645,98.3219853795461,101.096681191511,105.536350956756,110.963841653827,115.517228891478,119.60862821723
"51771",101.724006130648,102.332592505229,102.844781225993,103.22516121692,104.326267024599,106.33472825596,110.11829894429,113.133946994246,116.665124091446,117.43728697063,118.563861554995,118.686269673635,118.620068773971,118.172207546915,118.836337766776,119.120590702238,119.326901339089,119.151707880786,117.644005762114,116.417925895005,116.353857246471,116.298367029796,114.85907773772,114.194862403632,113.594284480856,111.823093667951,109.295642010846,107.208427892238,105.105322381101,103.566397409418,102.117035463282,100.43834461444,99.6653756721882,98.7153151542398,97.637346346316,96.5240623339036,95.528932577616,94.8617773067326,94.0306016049023,93.2292133479676
"51791",34.4863639545623,34.6890764630689,34.884092959649,34.9898248716667,35.3477438679385,36.0045691623341,36.5185083754948,37.1844830880886,38.2260498142674,38.6901948628221,39.3393847114444,40.084538328588,40.8583750820357,41.4372743098901,42.4335825366158,43.2511402251209,44.1830599844091,44.8865767932102,44.9495052629811,45.1166878941472,46.6237828508097,47.4468420958074,47.3359115476756,47.4415515037379,47.8676691881232,48.0318476879341,47.9909437526657,48.3345711192587,48.6128740361751,49.0737558020987,49.4842679471855,49.5735213050386,50.4232896291684,51.0923099267163,51.5525605751424,51.9558337882382,52.3185471826977,53.1750669330094,53.8621304738195,54.4898544981175
"53311",31.5050240921714,31.6797060683833,31.8293156135193,31.9847424026928,32.0440312657999,32.293808507073,32.6808563933733,33.258178876758,34.2569331030039,35.3769534995455,36.540686499838,37.7157360950003,38.9005853748865,39.9529837741107,41.2518776037917,41.9597353740136,43.0133855591993,44.4704551790041,45.7040072912571,46.6997915781623,47.5746149811448,48.9982469943471,49.4870299034698,50.2904122926744,51.7293090793018,52.5769299694212,52.4031489034919,53.4013016849304,54.4020026383492,55.1941954010902,55.8654553051114,56.4112051458184,58.1681657997751,59.2807842278802,60.1561739719614,60.5866810706007,62.2283063018595,64.4755950398351,65.9918785426407,66.8704746433219
"53431",3.03533925540797,3.04949185502452,3.06404129027038,3.08410783148138,3.0892040408419,3.11900516816759,3.1292794271713,3.13864837174291,3.1808029678469,3.19344405553947,3.21049091430763,3.45187582919726,3.88910514495896,4.50305044599115,5.32770090758536,6.24713907620511,7.35638975146685,8.68222793082824,9.949026066766,11.439411652788,12.9533106524158,14.6342179549778,15.9678362397032,17.556438828742,19.6444612357887,20.8992932271046,21.4615228463204,22.7380644362433,23.7284117828207,24.8002057952619,25.5115251070137,26.4750859276758,27.9792524383652,29.2834008840365,30.0907164109244,30.5258894891788,31.2710546206849,32.3938839796775,33.2826137382571,33.7421684147444
"53471",97.660421033992,98.3123919700321,98.7832446904282,99.237837454453,98.7235463604215,98.9833262968458,97.2715726669643,96.2217990369379,96.4154024103329,95.9632022045585,95.6448741902231,95.6258084709173,95.4248334630404,95.1325541088984,95.031127586141,94.4208512723957,93.9310641447508,93.7211492923953,93.0720656786256,92.5734618884591,92.5035444514951,91.6407698733831,90.4030367232402,89.7292591056565,90.0089330346795,89.2936453398392,87.7906023183266,87.3022994084213,86.7464503416778,86.5185988028947,85.9497098779679,85.6547727642191,86.455850376628,87.5732786271827,88.4253905794973,88.9076168002048,89.436922052866,90.0762935625009,89.9356703437874,89.3353156449112
"53512",125.554149840314,126.483448455872,127.403976718496,127.859739427015,127.469742262379,127.728410301801,129.396559605165,130.467195793256,132.128663439601,131.773412860289,131.320007365816,127.066325710619,123.845192555729,121.308339514678,119.502926311885,117.682338515993,116.392186974989,115.544842525705,114.35466760051,113.486477897038,112.89815358749,112.987081669611,111.915900371985,110.895240815822,110.918689641992,110.192341290496,108.796118636778,108.696962565677,108.494223660685,108.820804197261,108.644248069082,108.796728928406,109.683415166672,110.167111708192,110.595106979729,110.655381761479,111.086335559177,111.876801749146,112.404324847846,112.153929366184
"53531",85.7831682200777,86.3102535158625,87.0026664197663,87.3611289963071,87.704238987768,88.2979544608618,89.7541584584861,91.1015022635021,93.1412076029799,93.538459392597,94.1598249312984,93.4571430295033,93.2014223037879,92.6709679274427,92.7603491600318,92.3276211044511,92.2534653237715,92.424940429884,91.5767516442786,90.8623149820659,90.5145765543342,89.7170797111984,88.4686785576511,88.2413374119965,88.949389133653,88.777180689283,87.6614470843754,87.6802144790804,87.6286138252351,87.8327641151786,87.3275875997026,87.1236781845638,87.746564218423,87.9980537589992,88.333306105496,88.9877362900665,91.164676609199,94.2906631947497,96.7670176703703,97.8006115347567
"53571",22.3216806256476,22.445841660428,22.6418832861907,22.7122597832156,22.8003823214542,22.9205282356925,23.0057485211964,23.2201053925065,23.7072925330167,23.872486504905,24.2321336036674,24.7481637752949,25.5675133402834,26.283501549951,27.3084330092511,28.1495998475976,29.2682854170242,30.5587796792222,31.3125440518528,32.0747823931315,32.9231651750066,34.1222903996717,34.5048336806218,35.2299029979604,36.4986573229024,37.2309850226714,37.3065480409326,38.1209302355939,38.8291024842791,39.5743392732797,40.2249731671234,41.039569001527,42.2035051356524,42.9260117291144,43.858047852805,44.2261103579545,44.87139137264,45.9499038848949,46.7890856707319,47.0207631904344
"53631",9.59980728609587,9.54882341891177,9.71850731898389,10.008170048064,10.4067544725632,11.0129029075922,11.7244724090393,12.7034979614444,14.0122003153754,15.1404695669377,16.584341887436,18.0549759063337,19.772201326344,21.2569638032363,22.941460795952,24.448340127106,26.3929477322876,28.5130931954104,29.8628820559608,31.8828957706683,34.0511034408026,36.017242187678,37.1321372118825,39.411856539615,43.2281831063509,45.9156908476254,47.2596997692091,48.601451044591,48.8989984994907,49.0363176115048,49.4854526059876,50.1428275870859,51.9428646047625,53.3445183019038,54.9121195936538,55.8887071945286,57.0786132620903,58.6349061181465,59.8227556346411,60.7876901772344
"53671",82.5622733787812,82.9227329875972,83.6240611220501,84.1129814565558,84.6428749003902,85.8075201097164,86.1806535667385,86.8434404243571,88.2072621650003,88.3616002973902,88.9299838866616,92.9226995065831,96.3644739233634,98.3819713573708,100.237056688443,101.191124337398,102.731882763215,104.129630104847,103.356448481753,103.737547927424,104.981420594991,101.008932738304,97.3371971855044,95.3951702765322,94.6875962760834,93.2711954010224,91.4240315723801,90.133358102966,88.8769273586767,87.8058602843293,86.6587782156829,85.3553204286311,85.044545294266,84.5257389851475,84.2326782818785,83.6651999808445,83.2905404402984,83.1225243273307,82.8539904007676,82.552622568426
"53711",26.7170313791827,26.8082110317734,27.109337756812,27.3350844159068,27.789050492708,28.4906690395583,29.0743257821163,29.8050581347037,31.0177156404014,31.714182542128,32.6991323887816,33.7544228665949,34.9047998604532,35.782871350679,36.9354888908916,37.7852258222115,39.0762141013295,40.5067004516585,41.0380417356588,42.0490506983215,43.3926988674599,44.3098044993514,44.6234841077556,45.7946861570588,47.6076249919779,48.4855857791696,48.5918634472679,49.1350161183704,49.5287236963906,50.2831089272308,50.8783871791561,51.165005284795,52.4310016235942,53.2262080462696,54.0596347131398,54.5684232312398,55.1365674086105,55.9564220333974,56.6836494873095,57.4191897760909
"53751",47.2842097337262,47.5454015057135,47.9232011541664,48.2570264212736,49.0254598902672,50.2465208965518,51.3903488870483,52.6308850158983,54.5582622410222,55.5374076549691,56.9756684800015,59.3652060548435,61.1335892962665,62.1971738096441,63.3668378082587,64.321602786907,65.2818583662148,66.1716515120079,66.0970030904373,66.1212515248639,66.7194383444759,65.9462405847305,64.905137927532,64.988738963911,65.7062569786371,65.9624283646823,65.829533460482,66.2530767300189,66.6089011044276,67.4084293983266,68.0632178287807,68.4318200987586,70.3717509952223,72.1408671637692,73.5352350511958,74.2583359957277,74.3958637013335,74.5484841413211,74.3026859915311,74.2511983721076
"55311",85.9457843439913,86.441120012857,86.9368118169148,87.3265813008356,87.5408141237407,88.5288347775379,89.0078097059899,89.3022207327441,90.4522929859661,91.6719464746817,92.1757788420364,95.0660205855438,97.552831657777,98.910662858334,100.279832410949,100.129286313965,100.298203690525,101.158286562899,101.278500100163,100.894678655816,99.6982957050657,97.0475884669357,94.690845258599,93.4365380532013,92.8323043869318,91.9628752067691,90.2209174973047,89.404975370739,88.702486251343,87.9309577040939,87.1348668842738,86.438873222521,86.7988217583257,86.5594533413194,86.2575234320377,85.2868991611996,84.9526177689914,85.024043959016,84.7108310305142,84.0751714410162
"55353",41.0740805728304,41.3394744076338,41.4463954741663,42.0234300140606,42.1918153806971,42.9209189296934,43.3571750125108,43.693857989417,44.3785425332267,44.8505892905192,45.0392694114716,45.2700449802056,45.4205211082353,45.5830818040137,45.8050424454301,45.621828400852,45.8474141885632,46.2845470226161,46.2700689138263,46.3342904484698,46.5333648276776,46.7022719413819,46.7416686071177,47.2627690836634,48.1976274532664,48.4655690974038,48.1037970763333,48.6196549501324,49.0531994511012,49.2817365342511,49.2338249555079,49.1898829033631,50.0654993733467,50.419432298218,50.728054963983,51.2056360698827,52.2589244730754,53.825717358378,54.9044070890892,55.5347724606127
"55392",24.8914852473077,24.9170864260493,25.1484427352691,25.714235496377,26.2167743387769,27.1889462366565,27.9371272795178,28.6921864665994,29.793680452443,30.5915094372487,31.4147690342243,32.4153670596558,33.3064169577199,34.1050771676227,35.2047749157789,35.9765758510582,37.127619934977,38.5170255918685,39.2720573235246,40.3110576820652,41.4342578391821,42.6139344560982,43.2459002591809,44.323275045553,46.0007034349247,46.5232857560388,46.1553734052452,46.7630824557381,47.4222572376029,48.1601647585093,48.6221961813961,49.2664620692057,50.8543892374677,51.9425098353043,52.4853721067054,52.7171766148894,53.2613954193303,54.2907916243642,55.1560651039166,55.5491585653191
"55411",186.192564221322,187.450237596222,188.392569962591,189.973489225508,189.972306071403,192.02935343412,194.02573734783,195.741865806233,198.878969310406,200.048047287782,201.045215638124,204.275223595262,206.44004716377,207.246988170928,209.004527112284,209.195285499672,210.106106029732,211.667540297086,210.417278240744,210.102962716727,210.88545264063,207.19548000134,202.188598132144,198.218334710234,196.823789774938,194.009616632701,190.022870976221,188.302786334353,186.856720971816,185.742806984831,184.062352769909,182.789978832258,183.113066365451,182.761173960207,181.883835901868,180.54452158274,179.780120029515,179.816534849764,179.395909776446,178.102745862324
"55592",85.9614453172558,86.3835607550984,87.5102666971908,87.6443273273358,87.8512402829276,88.7085141798488,88.9344234134493,89.4956327040895,90.7844412789422,90.7036209605237,91.3286113674327,92.2574535795512,93.3141597221719,93.8248150270343,94.5596582712831,94.6020212150732,95.5738365074725,96.5435409512923,96.0583146483518,96.1081026644399,96.2052468322881,95.6594076601392,94.2418321170686,94.4350847494944,95.6412507668457,95.690914577904,94.5058665480596,94.5251925568773,94.3432156076037,94.3096308218802,94.06315012529,94.0862076410977,95.1055182281466,95.551492282943,96.1270654737592,95.467646957865,95.2214578331884,95.5998026592421,95.6320292788418,95.1512489248399
"55711",196.457703013148,198.336551562811,199.960853767094,199.284989997106,198.784213991421,198.942011817527,192.777882013222,188.336604249123,186.030966560373,182.527325406899,179.902501006974,178.860206752537,177.768403274957,175.831079990593,174.381147085447,172.15572229679,170.698632659921,169.159583926763,166.274490050311,163.896585628273,161.445729723277,157.737429617528,153.976413165191,151.561652496905,150.193648481358,148.196982663556,145.494631373257,143.462660125339,141.557440607121,140.068557470399,138.019966382381,135.73891291851,134.631898195163,133.498200648686,132.662304640988,131.615401529753,130.672707252229,129.883831287675,129.171219374543,128.472492113884
"57353",47.6410551188762,47.9388279540175,48.1164053760324,48.5420485331736,48.4838219343314,49.2048717548449,49.3849115163472,49.5191280424566,50.2830260130671,50.7935203677544,50.9899039031646,51.4516650793957,51.8633415167936,52.1308435900133,52.5779815999957,52.5813424005861,53.1038388414799,53.8914934229123,54.2430795981152,54.5264376060054,54.7748544452148,55.0198220356612,54.9156806418156,55.3500943869877,56.3370764741342,56.5957994681052,55.9126829517167,56.1170093873482,56.3996389741163,56.6627070240216,56.822903020294,57.1891374968343,59.1252065391715,60.86809322283,62.6220479933705,63.7783138741849,64.9342323908666,66.2165725241605,66.6647528945288,66.8410028406914
"57371",92.155007192259,92.7597804040643,93.1969933743666,94.2422683272819,94.1388099958386,95.6171222762552,95.9148075694416,96.2944154440833,97.8026571212593,98.676409563084,99.0802263262491,101.820716118979,103.538307211442,104.418281618057,105.481197249262,105.151614156447,105.728048029982,106.622508449176,106.215249774391,105.566158783962,104.460504714033,102.106528342076,99.7374538738556,98.4628704630941,98.1089049303787,97.002634563833,95.1342799462496,94.2990894636147,93.4829271221241,92.5243831452307,91.391565299783,90.318357851098,90.2561524820756,89.7489372212056,89.2164511959911,88.5922187590157,88.2568267963962,88.4403395745573,88.374524166054,87.984250643116
"57412",98.2684552926193,98.9927937964627,99.5276318366585,100.490297600368,100.449609952256,101.518554339377,101.769864774045,102.323112170615,103.761864544778,104.497644058628,104.911281303872,106.844095202681,108.160359741064,108.773891735035,109.853951061932,109.956770003155,110.556167437363,111.612294906418,111.177253568008,110.979493335907,109.953417633223,109.431196684311,107.901765631455,106.914343547372,107.011793450814,106.115334344668,104.306206841664,103.812360329262,104.131741998958,105.164871158737,106.402751369511,107.734489978377,109.766533585814,109.949554858754,108.569044345435,105.580738871095,102.827123808063,101.08742483846,99.5503159586906,97.8340660469626
"57452",312.11750273268,314.46982024241,315.606520476025,316.378415312458,314.279048466067,314.672538729689,311.209409500571,307.832282131611,306.465801379031,303.437102828449,299.510901722207,292.212405700127,286.874321535599,281.805762554077,278.001336196718,274.33869156617,271.548188796531,269.775519487829,267.535682882187,265.904779653566,264.215138852326,262.47727070205,259.550346965605,257.780776235214,257.86844118464,255.907201493475,252.501854741391,250.937317522583,248.815152150477,247.128675862938,244.622415279099,242.671126766662,242.741518388207,242.292712742147,241.271282271879,239.368769223494,238.436165442809,238.147101050585,237.38897745029,235.813081924054
"57471",15.336240253853,15.367377671816,15.5131808899535,15.7455795316741,15.9687909265473,16.4738038760092,16.849749123915,17.2564093266029,17.8512249860306,18.3736001270363,18.8599870954762,19.5887597205414,20.4675011822384,21.3226259001725,22.3164756094207,23.2602646303321,24.3379428492687,25.605322156205,26.7658734878402,27.9468274939709,29.1183042705675,30.2764583008697,31.0173843366107,32.2422273696488,34.073094893422,35.0062764380363,35.3987815531619,36.5194937525797,37.3057495504389,38.2574813131113,38.7406250193145,39.4719913351159,40.976020276732,42.1647823953926,43.0327406637419,43.451639301092,44.2740761723438,45.3189832052686,46.1615952518429,46.6024160594201
"57491",20.5335842749752,20.622042261506,20.8224961725214,21.016317844273,21.1409492823494,21.5585177980694,21.7745523801683,22.0660604526083,22.4937292263359,22.7640981725656,23.0210698694475,23.562503506879,24.2643693766142,25.0202409263345,25.9127509138674,26.6986575974791,27.7243699616158,28.8554265916377,29.8978732362767,31.0624124007785,32.038980649864,34.1563770817833,35.1306701333622,36.1201900052994,37.2817034726839,37.1370517455732,36.5191435890234,36.7992944218847,36.9582716888324,37.5088125048838,38.1805910622017,39.4521767343182,41.4071678729769,42.6405887268781,42.9327275429985,41.9568234687112,40.6555719983634,39.4214629441838,38.5454445771813,37.6080647166477
"57551",34.3957714113475,34.4897399643531,35.0040341892945,35.2988026427465,35.7699741839846,36.6080729725384,37.1205237981441,37.746977647926,38.5781514532367,39.1020356006976,39.7094594878571,40.2596627296581,40.8540084515421,41.2667839609217,41.8831582086354,41.9512709764479,42.4750070435995,43.0962405619294,43.0124502167256,43.0359933017305,44.6467574632837,44.2451670174233,43.5171766743171,43.6729726009739,44.4664932153098,44.7842931891875,44.4828129805119,44.9623108531841,45.1814203396446,45.7548666892545,46.0588919327177,46.3545653005096,47.1396299091956,47.6015067738063,48.2903054142142,48.3226057234272,48.8048937452124,49.538936607584,50.2272693774363,50.4204552951211
"57571",83.7163523460779,84.1451936455767,85.2245731202068,85.2209346824183,85.4702160605464,86.2386612883713,86.5727296647423,87.2776331371193,88.5360938065988,89.1611903780912,90.1071141214438,92.858282121272,95.1477275646997,96.5367190284298,97.9834945966931,98.0386459488044,99.0519816863847,100.055618201745,99.3381617127884,98.8379088581678,98.4411022421691,96.417760503244,93.9689266508578,93.2222358080625,93.6243520996753,93.2440721894601,91.7233447860559,91.2689636186474,90.1624395939495,88.9419022147252,87.1873519533375,86.1127324392501,85.9196475176062,85.4388987811023,85.2962942542732,84.3851184857199,83.9772383706433,84.1120238397775,84.1560698670666,83.6843531274133
"57611",3.70316414026354,3.72169405850801,3.76990389936623,3.77699354528146,3.7785024782558,3.80660345291446,3.80990436786258,3.83173789071427,3.87733527967021,3.8716301248183,3.89220225863193,4.13179941379088,4.59343897214546,5.21709869893318,6.04372827320804,6.97464854503865,8.25281177461187,9.71239091512402,11.0171474689782,12.5937855986546,14.1308663240013,16.0801121391941,16.7917842275521,18.0964908001952,20.0112250575891,21.5048876538116,22.5904098275056,24.5938390476429,26.5266438677902,28.354475558986,29.8798830267504,31.6122683941089,34.0709389652027,36.132874233758,38.2909408338276,39.4345295744802,41.0090823542225,43.0775168146005,44.764697586951,45.9442070432274
"57631",8.97912252070761,8.9984436260068,9.13379686729488,9.22721880373889,9.3596131606241,9.59538134237455,10.0276262621848,10.7364778485443,11.8216428416698,12.911052857912,14.3559690610789,15.8143883462636,17.4370890997671,18.9196144162936,20.5123484399331,21.9979962997744,24.0718408957554,26.0549362714344,27.5380295800883,29.382540123667,31.3159619182136,33.1488463083285,34.5821214996122,37.4074943102576,41.1599552427034,43.7118104855081,45.0033120061867,47.7975122830925,50.4516318970811,52.8662419311755,55.3834026536212,57.8551780269591,61.0778542697722,63.1241181651095,64.9442544016009,65.4831442909713,66.7810599696205,68.774690749968,70.4108565470106,71.5790803407108
"57651",67.4166283495686,67.8538749639872,68.6887119461945,69.0031924544441,69.2212272872399,70.0496234542003,70.3950803699558,70.8951042531679,72.1152752581784,72.4318963693747,73.1898481679916,74.5572114867174,76.0488791405505,76.6204502299475,77.2780274671395,77.4283913099864,78.2576482506515,78.9113987433176,78.3770269479366,78.3194929050129,77.965975582,76.9952436128457,75.6473219825706,75.4730026672945,76.1578579618814,75.8646936418184,74.8451523358563,74.6851122346681,74.5561270738644,74.3760630573989,74.2956451133472,74.2113866268921,74.7011391836471,74.8128521418967,74.8884411478689,74.3116175458645,74.0917490652289,74.1539674525389,74.1411439683815,73.9433045245597
"57673",3.06667838023075,3.07657073011033,3.12034929216891,3.15970438935752,3.20934896624173,3.29738081626705,3.40379216832828,3.55427592815101,3.78061419972394,3.97648932463378,4.22394192629154,4.50453457711951,4.86579247917026,5.19495850259872,5.5862362427376,5.96544956014058,6.46171257207214,6.98374373371515,7.33689806161865,7.81366706013285,8.38983133744652,8.91797985813173,9.32532133862956,10.0497205898015,11.0915515570559,11.8183905580803,12.2863540896988,13.0599501704658,13.7676437427008,14.526453345459,15.1345172605094,15.5977888576728,16.4718808530354,17.3196258988642,18.2684526552695,18.948976401792,19.7980050081813,20.7169571435094,21.5516803940814,22.2716187974912
"57694",21.0594052299848,21.0966526313899,21.4175467303988,21.7661598721588,22.276479111349,23.0431620358051,23.7789163739155,24.7218337532603,26.1463923681648,27.240245296204,28.6225185476287,29.9120554159407,31.2855747347986,32.3102863207114,33.5863626113121,34.5638281702022,35.9416890802132,37.2319275218609,37.8532306032899,38.8141188748313,39.7882275150112,40.6425740015942,41.0623241872743,42.1178272031974,43.7770096064488,44.5296552972488,44.5297839346622,45.3658106828433,46.170946998423,47.0945121356054,47.7387559499937,48.7800540841239,51.116884025866,53.0454990480631,54.6121089976704,54.9889411136856,54.918380107064,54.804944237769,54.8971279654452,55.1403182433283
"59551",27.2744950636528,27.3818144632656,27.7606270057826,27.9164951790847,28.1915572440717,28.7537771984359,29.12279177372,29.6323556511306,30.2884079045285,30.766568439525,31.3080460146116,32.6147225802467,33.6698372488246,34.3326236872891,34.9608071193956,35.0600224525078,35.5652455428228,35.9305480287224,35.7315293305982,35.6317043977034,35.4646113711265,35.0137792842974,34.104056318828,33.5179080522099,33.3620658044407,32.9742731655336,32.3287594497194,32.1197544389458,31.8854733457319,31.7381591376292,31.4941591043327,31.3831351129556,31.6089032785089,31.7347588823831,31.9476043839981,31.8335172783037,31.9363487351125,32.1680658794837,32.2924297308299,32.2018983614246
"59591",91.5144494474739,91.8549573824451,93.04972361025,93.3852663343852,93.9586916116493,95.0900405183235,99.0068712368278,102.213155948322,105.291246312663,106.417271654486,107.730513502054,105.703651158094,104.532903852881,103.171697886279,102.129524220521,100.690448185585,100.280041540702,99.9629587880879,98.7052493108338,97.7010717492896,96.2767142744098,95.5154500929198,94.1532151999097,94.0086957605851,94.5138929220302,94.0688885677403,92.8409916879429,92.4761213010283,91.8300945011308,91.3383990726315,90.677508278546,90.4099138596585,90.9908502612783,91.2606260908839,91.6539006732164,91.1250233459514,91.127267459779,91.6771204117594,91.8823481675138,91.6198194598807
"59631",14.6111217625034,14.5685224588754,14.8254822077167,15.1371451596966,15.580700907819,16.2579997717456,16.8319549146509,17.4958632536565,18.359302458315,18.9233871893623,19.6674482529471,20.4642659650915,21.4376573848127,22.2536939151573,23.168742287006,23.9402841980425,25.1463882108064,26.257585478032,26.9206228844445,27.8064869023328,28.683677272514,29.7009631799805,30.1950155367795,31.5075513558791,33.1915868702674,34.1072284408586,34.2615204795791,35.1887889865509,36.0945774987426,36.9841026778014,37.9754138768777,39.1889702291702,40.8871154930847,42.0244780956098,42.6771004190567,42.1465943720988,42.2499715977499,42.8683896748268,43.4616870993286,43.7387121494038
"59671",55.9884898761185,56.5626739124686,57.1064358709707,56.9915725362016,56.6178779683562,56.3757591309253,54.9157424305367,53.9713253837697,53.7256548593943,53.3009835579433,53.2021656223666,53.5814560049922,54.6097175371643,55.7180778219719,57.2840199251234,58.9681018463391,61.305087010288,63.8478348057578,65.7633285223839,68.2988951489035,71.2916089533368,74.4350486752768,76.9645423915465,80.963343472325,86.1296738041841,89.3797014963447,90.9180030291449,94.028620152598,97.3227114168379,100.149057092232,102.22908749942,103.914183722655,107.057802046733,109.894329990695,112.729664896313,114.395485477935,116.758415576081,119.487565416614,121.919233089217,124.022965529902
"61351",47.4974693565134,47.8271707575556,48.0406415152028,48.1744261956099,47.9996908213836,48.5492806873665,48.8945820201778,49.0306402328187,49.778006555531,50.274953818631,50.3435971492183,50.1285779543925,50.1276123637136,49.874986529535,49.9440634719584,49.7191208990293,50.0008695313086,50.4692220698821,50.8948993027532,51.1575881210371,51.1313468943685,52.0147830301887,51.8898199362083,51.692124983695,52.0819926753764,52.561228318129,52.3236835866305,52.8473601296814,53.324600583651,53.742150461677,54.69974945867,56.0402713559216,57.840289897377,58.5454734856393,58.6873442993063,57.8141032610502,57.0586199691063,56.9104327165254,56.6483303501651,56.2019349120499
"61391",92.8393111933467,93.5994423282564,94.055039589607,94.5736602266247,94.4948810960692,95.7590453318308,96.1690394364323,96.76196409241,98.4089562023595,99.723084155477,100.473887355207,102.204152666489,103.451571405794,103.951166312426,104.902876625432,104.945553295842,105.750667252915,106.83387966117,107.125679883556,107.012617419417,106.949898473845,106.171681154357,104.758973511392,104.394340837833,105.172173344369,105.451512624997,104.015367731006,103.628455767993,103.14609260059,102.596343809612,102.069020309956,101.78965909598,102.452652418401,102.544028981105,102.755368286894,102.330126691666,102.313276836763,102.748355601045,102.87798121125,102.507494348058
"61511",2.44144960505917,2.45284354346924,2.47356616619112,2.48499982585146,2.48078135609682,2.50706876082073,2.54267002686401,2.62285673031842,2.73601463438439,2.86325021335377,3.00102105742273,3.91813584933514,5.58548735252087,7.95888024463042,11.0504310663417,14.5763178312002,19.2330538920818,24.276515247553,29.5354524569723,35.8537424265909,42.0498921476657,48.6150279848874,52.0545528907886,56.9509382240387,63.1617655674021,66.1236785461607,67.0287897820957,69.7039045352523,71.6439800926674,73.6377350359791,74.729689139661,76.5111104921243,80.2715523624694,83.1124226750073,86.0789541137971,87.5177418995599,89.8862024771346,92.8025424556283,95.1941751183329,96.0972847646586
"61531",68.1260667839677,68.4381644462425,69.1404863614448,69.5943422325812,69.8207139898817,71.0201006451892,71.4570120476618,72.5461136880916,73.7915716074761,74.8240818914554,75.6831265273728,78.3030576865737,80.0569500371258,81.2225306465227,82.0680392116384,82.2567800905019,83.5619592852964,84.1605068082199,83.8318281050538,84.0967822461982,82.8362070098006,85.5463912151817,85.8133173501869,86.7834396011665,88.08500726041,87.1417534082959,84.3651525612956,82.0082055017121,79.1595394912293,76.9852279936055,75.0223572906956,73.4427275593593,72.5620231578085,72.044664825388,71.6252558526026,70.4026637425458,69.0277675273725,68.0375808124035,67.1408214783909,65.9608263675224
"61612",104.490996702169,104.961521604037,106.090477960333,106.45032041324,106.781902944795,107.587480838478,107.999143371831,108.799467802438,110.234513699413,110.656892707341,111.703510223927,116.269823469915,120.095052094465,122.664045125192,124.84631915214,125.995342944334,128.047207381158,129.744264950348,129.503796750978,129.434153881254,128.346954421899,125.375556304804,121.939594819983,120.550941186138,120.150381072295,118.760079543144,116.479354213031,115.456395791126,114.84453499272,114.21441020426,112.709178533667,111.667837657147,111.628226000097,111.374176769066,111.093708031169,111.515726288264,114.228145986517,118.384867815679,121.800082168768,123.816729953205
"61692",48.1795087317689,48.3473572934611,48.8833660737418,49.2147725052565,49.7132671364573,50.4599602711991,50.9485191392349,51.6421589455362,52.8923536033354,53.4290353182477,54.1727502529694,54.992516485728,56.0990531798342,56.6777983801588,57.5660594324613,58.6980364478364,59.6732848654894,60.7510015599765,61.0686541318237,61.7159851598951,62.4573178680403,63.8866467756637,64.2314164617704,64.6682307606784,65.8235997794927,66.1520196856816,65.7410117565791,66.1165296687433,66.5212950146909,66.9582202244731,67.0909021864173,67.1231150608845,67.930423725867,68.681339957892,69.479416284207,69.7839000217168,70.5934727421856,72.0218509638804,73.0899621724549,74.0513539956209
"61751",23.9534887770979,24.010422236296,24.331625771276,24.6529910275588,25.1256976094253,25.8988774007104,26.5413154505925,27.2993162387471,28.3828104683862,28.9910887533851,29.7727821291349,30.556127310739,31.2659058949277,31.7949882695628,32.4583392511887,32.9561102624253,33.6978204393975,34.4354260170249,34.6132863119209,34.9790070484789,35.9018498932248,36.0308065309259,36.0674791675613,36.6952201310739,37.7744791889407,38.3536448954657,38.3316914752771,38.8071785770822,39.3055174369048,39.8765583878816,40.2628407478429,40.8780791367577,42.2090453470271,43.1659335163394,43.7124326689957,43.4314007170026,43.427616240884,43.9316677097521,44.4775158937922,44.8970393493914
"63491",52.9443887095022,53.1273710479603,53.610220255546,53.9297340093326,54.0255929142319,54.798156227206,55.280112912857,55.9990048387777,56.9936639977324,57.9252144647136,58.758080479258,59.9914048986273,60.9426296869748,61.7960460088342,62.8724733833334,63.2864222672314,64.4402471299284,65.4850643372586,66.1853809372422,67.1289119050088,67.7412809689821,68.6275800648384,68.5043123148626,69.1996988784886,70.7073814760359,70.976847279568,70.6972902291776,71.4785786824261,72.123385581738,72.7616168649811,72.7100747989488,72.688189978117,73.7590316690493,74.4399600737336,75.2412467431468,75.3687114744764,75.9562341017138,76.8827862900549,77.6771907152724,77.7262923970105
"63511",12.8750332303482,12.9395232969332,13.050327996248,13.1023990885468,13.0574151698773,13.1838947218189,13.29614600228,13.4205414525021,13.5463721586364,13.617271889226,13.5980633708425,13.6669899173653,13.8205555997683,14.0471000486342,14.3795258192741,14.6706167589234,15.1846144517153,15.6822082404168,16.0781087528039,16.5887785741795,16.9687819083228,17.7115351467049,17.8518895942049,18.0838394775821,18.4877545994411,18.5534931012577,18.4350570800581,18.6605279952744,18.8705185160931,19.1610854648672,19.2953612425923,19.4100760093433,19.8505635242464,20.1560236193255,20.5161709054333,20.638948722949,20.9178922853982,21.3084646007315,21.6765921080772,21.7575776156569
"63633",18.7159590811611,18.757779485024,19.0083312371138,19.2492228945481,19.5076994273335,20.0648712427836,20.5123516452598,21.1126238474143,21.8827156551807,22.4343438419584,23.1506076285853,23.8377590940891,24.6417220590287,25.4058128084842,26.315695072934,27.155438579515,28.3291697865952,29.6825519255789,30.4269522086157,31.3756517898859,32.407482513766,33.4340296010206,33.9624910147947,35.2084986090709,37.0689656510171,38.2050306024356,38.6156999033006,39.7358242880681,40.5087766561046,40.9644700572519,41.059064621627,41.2642619027881,42.0483252886419,42.5787197536277,42.8891551776106,42.6233229830437,42.854675299664,43.3643961420239,43.693779975957,43.632691976701
"63651",87.8173471074004,88.388691119545,89.4447124071307,89.9369406300521,90.1829704873086,91.3511843744006,92.2666446119845,93.40837802512,94.9657569240751,95.2338567483283,95.9373141193164,98.2091820283033,100.049545928984,101.155545838413,102.049763814437,102.469439497275,103.375374318184,104.18264734781,103.332025882452,102.665004175206,101.486311849275,98.683051322818,96.004496153497,94.6252043225255,94.028670662055,92.6979877184308,90.7908742883813,89.7066185382729,88.747908738103,87.7998412050232,86.8063483411058,86.0774883277976,86.008933277695,85.880972981942,85.6371138423023,84.9623608905726,84.6845061401459,84.6233194806438,84.3595099381734,83.7666238688327
"63734",72.3027566134522,72.6604066427311,73.4660109000769,73.8069833095324,73.9747689138095,74.7365939401181,75.1002001936646,75.7141144301739,76.9141688361572,77.1633203638361,77.7436096952929,78.3061913866977,78.8075934159884,79.2497620094829,80.1427317055376,80.347400610085,81.0337077337148,81.8169103477116,81.8124794654158,81.8795262940293,81.9274452006664,82.0296330524397,81.9384510310983,82.7500256280357,84.5908311378889,85.5818470079607,85.5947271088178,86.3690724481547,87.1946677752826,87.9369705225131,88.3389127899749,88.8296670013336,90.0975339231646,91.0364619262609,91.9986773813431,92.4014670200182,92.9778264592295,94.069847170357,94.7223929286922,95.0992095416552
"65431",109.722526155051,110.433200766943,111.379591269814,111.853841968897,111.184524242122,111.846709569995,110.837335326075,110.112650402197,110.14910857052,109.992704296511,109.519531981424,109.337219349919,108.855972510138,108.23490672953,107.793936491121,106.608271434879,106.058585136363,105.764529904808,105.035703449876,104.304306096224,103.248639829996,101.963169653243,100.117223782387,99.1285633206325,98.7691487219875,97.9623474939158,96.1883431117333,95.369457471254,94.4710955969134,93.743134591371,92.9100300979506,92.3011664245457,92.4410062255101,92.3242151997109,92.222998677594,91.4114837386399,91.0462874376225,90.9910388695031,90.7949725914596,90.253784481803
"65491",76.2020274562954,76.5637608257901,77.3060129569358,77.7191149190318,77.7519674086444,78.8112480614681,79.3155985850481,80.0375371704818,81.0520742941252,81.9102188694128,82.5929368083631,84.209344662406,85.0904365644389,85.7536153694838,86.7258398634361,86.5868431473165,87.3829055085158,88.0495739421234,87.991366945155,88.0347641780402,88.2535039613069,87.585594096513,86.1929294604752,85.8608634297622,86.5020091803943,86.201694842735,85.0872161692112,85.191119803367,85.2174902214961,85.397820075826,85.0883531898647,84.8926110111505,85.7423621783316,86.1841935069704,86.7667227772164,86.560090895143,86.795717618685,87.86217683772,88.9268378173524,89.0215907458866
"65611",15.8189897638368,15.7898577896178,15.9890229154535,16.2513102879038,16.5971498422409,17.2520861455825,17.8768182719808,18.7321527300245,19.7632806135943,20.6900559159183,21.8779331560311,22.7879554540869,23.6403990081224,24.2060087491202,24.8820713265072,25.4187588159092,26.1124749395828,26.7855909236133,26.9402469340855,27.2767813329614,27.5091279548112,27.8942417233197,27.9043318737591,28.457796886563,29.2084405982635,29.4015561993145,29.1899562993932,29.5505246103775,29.8070010760072,30.0223836877242,30.0695991636777,30.2591563876161,30.8552520887889,31.2123467090545,31.6028943238696,31.5746083528287,31.865840530159,32.3267820767447,32.5824561687245,32.5056656232903
"65631",34.8148690470512,35.0047558146723,35.3784497861503,35.6309498518074,35.7920675129815,36.3996580338588,36.7837717618007,37.3782587235234,38.2260552691557,38.7038328207143,39.4362251043105,40.0934458956535,40.8862799354824,41.5863988640805,42.4984431909268,43.3153175903742,44.5328143385116,45.8865544924407,46.4845281894392,47.4531784333547,48.5037794924901,52.116177035007,53.4804868110047,54.2479290674765,55.0749751406534,55.2035947868056,54.790794727206,55.4442033672074,57.7294188438376,61.643870407224,66.0216749849529,70.2427064505842,74.3750231764122,75.7414848322033,74.7055329778505,71.0558416012632,67.7043616988783,65.6471410400458,64.0023067511123,62.2398852141108
"65691",59.2638117882335,59.5834359278858,60.2632428720138,60.4917055329801,60.5646696396019,61.208815727819,61.3270052679053,61.7236138666994,62.4738555105844,62.5960369062018,62.8985726648054,63.1649006473045,63.4270184999811,63.6535289716442,63.949017391835,64.3600880073252,64.9352695486475,65.6066707229562,65.5849772306104,65.7185819305933,66.011635065206,66.8053523143195,66.9086603075272,67.5020192423318,68.5246790144956,68.2985210954203,67.3673609419152,67.1978861428664,67.1121282972818,66.9968410043632,66.7532780543725,66.6128255641049,67.2530351564406,67.6525805504984,67.7357402292323,67.5119076633249,67.6141329227653,68.1334875423369,68.4676401863048,68.5276791106068
"65711",12.180466354111,12.170325172762,12.3573927934084,12.5767255030466,12.8451158900821,13.3236387472597,13.6611303782323,14.0946436220792,14.6297192744509,14.9381145811324,15.3462379381969,15.8052938423185,16.3582131944503,16.9399368622506,17.6424826832372,18.3705660368733,19.2314288671957,20.1949231515912,20.8506850821638,21.6010233114841,22.352820552686,23.0344557345822,23.378758737221,24.1571879353909,25.3928542749238,26.0922233510796,26.4119036771879,27.2088729381535,28.0581779483092,28.8494151470075,29.4710122838836,30.1431196156578,31.3421493273919,32.3051767281392,33.095546160039,33.5056539718625,34.1317253843608,35.0775855379458,35.8193486295857,36.3356452274848
"65731",15.5798460467093,15.5892744065189,15.8098534011293,16.029987641783,16.2958939454416,16.7930191696338,17.2773935235678,17.733858795363,18.2595479984201,18.4474522825693,18.6899910686713,19.0585101029654,19.765092402415,20.730940910558,22.1286665464254,23.4620281379402,25.2906786205656,27.4142523325698,29.2720813831255,31.3345956484118,33.2745586200869,36.4917065865567,38.2735686349168,39.8364146551515,41.5385385900573,42.4877901136693,42.7709886226124,43.8916132209386,45.1820818465334,46.5142133072831,47.646689872768,48.9067676839226,50.8907391056374,52.6190272077541,54.363529623133,55.5860534096418,56.9503777067755,58.755059087161,60.1788245140668,61.2346951536497
"67391",107.711150682006,108.076532242824,109.439932015627,110.268212423105,110.196404868005,111.751404300238,112.540855034902,113.249681107588,115.068247216404,116.836216381918,117.672586028595,121.838503147206,125.75462560457,127.396698814205,128.870961103245,128.815202414589,128.881537995462,129.582178246427,129.170196296669,128.626608644928,128.578487129496,126.6384226766,123.32162724675,120.861304089196,118.53994619004,116.803111742733,114.02996567803,112.508976831354,111.093934684182,109.75736461403,108.103762824612,106.958693078442,106.449355968547,105.530406144723,104.797978684022,103.432430477732,102.473174236062,102.080004663152,101.419035354366,100.560511720492
"67493",64.7212289426034,65.1587682350654,65.6640582457499,66.048111606921,65.9925249152329,66.8740713716518,68.1137731646801,69.2118545291231,70.3148902015102,70.887351761147,71.3633370099265,71.029820761241,70.396603264691,69.8693362831391,69.7155836441095,68.9631683746088,69.0054521837317,69.0652062754327,68.6623579586238,68.3039978555634,67.8454139528852,68.2795906673371,67.5957461802458,66.975701123805,66.7802538676003,66.2105797706546,65.0214353971164,64.9400761200758,64.7736704767858,64.6292457363863,64.2757687203945,64.0709813048823,64.5364118695618,64.7837285709832,65.0376956178407,64.6450154139961,64.9228158397713,65.7083891360767,66.442729892365,66.5073801538389
"67574",39.1765210211848,39.2666435167043,39.548853611771,39.9180009120008,40.2032689506659,41.2281263074192,41.9591067123234,42.9543624820856,44.1327278704295,45.0025737879,46.0520967496184,47.0930528239947,47.851315468835,48.3696696302731,49.085427891476,49.6099470220237,50.8356791559759,51.8186124928787,52.2786610439204,52.9829430305667,53.4184843676716,54.1049232436772,54.1949108419296,55.2375714229298,56.7604234323168,57.305375875666,56.6617243311269,57.0455956083226,57.2295524507531,57.4033326989283,57.3951907256033,57.6079466915471,58.689256711805,59.5030008533828,60.3171400771123,60.0807933710062,60.1059262262773,60.6549423631947,61.0315991622844,60.781079889895
"67611",60.7382918412638,61.0823333476752,61.6389879946275,61.9291750554844,61.9484257039779,62.6335545259928,63.0020062956679,63.6035810692351,64.5177208518823,64.9723484769414,65.6993698712787,66.7182325990181,67.5302780583403,67.7800197735478,68.2850073219948,68.5299308502366,69.0524259356385,69.4134985200923,69.0014190866106,69.0218008507492,69.745262756148,69.2169891421792,68.6207000733178,68.9775632814827,70.5480086202999,73.2833210726718,75.5624237561263,78.7457537028582,80.2397970423654,79.8746643700733,77.9024499639776,75.4376694893286,73.3120090946125,71.391477732634,69.989145436119,68.33322277022,67.1154651242203,66.4719709786179,65.8307249418408,64.8432249416909
"67631",130.945153189269,132.007284865422,133.361706884942,134.027541671643,133.925972717497,135.219228067518,135.513180489689,136.315173800117,137.816555151909,138.075518894589,138.96817135879,139.324992871355,139.690261598796,139.390781114944,139.74152482483,139.6990757386,140.346668443479,141.075557639957,140.11079502397,139.935557684051,139.277084135616,139.158739184877,138.004035599998,138.265713354942,139.369537496244,138.962564409025,137.085594768944,136.852689407444,136.303177804931,135.535381609893,134.51079177323,133.806328113753,134.362541912832,134.240352598218,134.33949476712,133.470820668967,133.354813564281,133.844121685054,133.765630635475,132.890946891461
"69553",29.8246744820443,29.888459933426,30.1150150138161,30.4303955268895,30.6574625339282,31.5047528581446,32.122493107542,33.0104281689642,34.0197551427476,34.7774664439148,35.7567462224984,36.9894232792013,38.1665982627573,39.3309711029217,40.9224169050691,42.3501238747536,44.6737031469319,46.9613790997593,48.9436566456858,51.3098160194179,52.9755321828135,57.8499169187081,59.503520195496,60.160637465768,61.9166783770996,63.11044350447,63.2757325406478,65.4009596746018,67.2391584278256,69.8103651287867,71.2486538353776,71.9482460812777,74.4385155236485,76.5784720228596,78.6504187220896,81.8823691573588,88.7446318452399,97.4485524520224,103.783282336699,107.783426414668
"69651",84.4648066616009,85.1257105744184,86.2804785293989,87.1738872473508,87.2466734642478,88.5139583224483,89.0312968808097,89.9942533905577,91.4918411128161,92.0954761061758,93.0038726411584,95.5772411918452,97.6116446937824,98.4735343144154,99.4950075118868,100.051050312673,100.957414483325,101.704783613747,100.843892883293,100.403390827448,99.2899450529226,97.0711139416033,94.6068333522183,93.3656124024698,93.0659935183793,92.0113375032609,90.1377476986932,88.9933158063321,87.7322430664722,86.5201917364536,85.2224510034994,84.0646405421617,83.7564160433201,83.258463980058,82.6472121850185,81.4604348043417,80.7019861485502,80.4115027817432,79.9917635838283,79.171648268146
"69711",20.9790236198132,21.0538924377331,21.3580970833407,21.5491107592019,21.7030136345219,22.1670483816854,22.4030657171506,22.7935674777415,23.2732831776369,23.4219408382385,23.7391564125776,24.100062795632,24.6002298504792,25.0106420754493,25.547809461879,26.1123559287444,26.923218886888,27.758409769371,28.3090827872434,28.9393429899181,29.4983007156027,30.1847605437992,30.3346643438764,30.9953456997598,32.1386750937917,32.7092040952995,32.8419422309329,33.4204254058984,33.9342510799448,34.711034444258,35.2773056463937,35.5920509988831,36.2124469557093,36.7161239624611,37.2345141746383,37.4866398647839,37.9739057362207,39.0475656019275,39.9447447530997,40.4531598281703
"71433",87.2329232071862,87.6129895273154,88.6769328747748,89.4923539065579,89.447333663312,90.3453047734432,91.5404431029312,92.1681336552214,93.7467654643802,94.9866651963771,95.7242112609923,97.4515088850334,98.674304716516,98.8520880105008,99.554225324525,98.9988778432955,99.2482173317363,99.9871651817262,100.018687745167,99.8116628442008,100.909936039958,98.4994467078798,95.8160479585183,94.6383296510917,94.0681269865425,93.5895810661291,92.1572679434561,91.8798809271052,91.4593581851191,90.9865343943293,90.1148250474574,89.7794911121627,90.0797270285485,90.0084474778038,89.9744249502037,89.0260217492721,88.789796859038,88.9082452743918,88.8895892231406,88.651863264177
"71492",8.25869009305818,8.31329060349727,8.38340622971253,8.44960745908951,8.47048596008973,8.63067249078934,8.76743242220502,8.88019223883245,9.0328258076205,9.08946793071395,9.18864060785774,9.49624039356927,9.96633806468663,10.5311363394315,11.3812196158202,12.1452064967113,13.3283368049101,14.5198254910722,15.7143292134772,16.8197673135001,17.7985481186964,19.4522713835254,20.1212545494865,20.6191200295644,21.5401639693222,22.235601022004,22.4171595137156,23.4140206897216,24.217388856371,25.2042496797814,25.8874565204511,26.4862567729999,27.4299499013598,28.2026698902876,29.0348614299569,29.3418782895583,29.9517344135314,30.8396314708486,31.8396776941373,32.3481217751494
"71531",91.4799949166484,92.1823334504359,92.853290255557,93.3478066861315,93.1272770625654,94.2824672121012,94.8356703354231,95.5935106560156,96.773424251746,97.1584653296451,97.9418190726527,100.61960083309,102.182345846819,102.763686439847,103.88229921209,103.597889731277,104.580299899375,105.182991971015,104.993033786663,104.774535995958,104.127729875239,103.474093108014,101.15580322439,98.9864471692786,97.9164463238486,96.7931716817726,95.032460741056,94.8252892818893,94.662370639541,94.3888230063606,93.7821009778093,93.3783418542761,94.0158882257051,94.3788297392237,94.7139895448183,94.1044340926304,93.8689732198597,94.6304125426145,95.5024553093401,95.4654952805973
"71553",38.4639275122882,38.7088795440833,38.9940614072171,39.2238088887053,39.1776086141061,39.7850735567575,40.1302868807656,40.6899184865915,41.416315907417,41.8068193051235,42.4223735632604,43.2272731179344,43.6757849332444,43.7398072726605,44.0386890050985,44.0440478317675,44.5511906911745,44.8453325766791,44.8659181000055,44.9966212054589,45.4016776922337,45.3224692268972,44.4038361978749,44.2717756857341,44.6205606224931,44.8872611953121,44.699031741556,45.3741645470456,46.0040381803689,46.4744128298123,46.8870341168022,47.0275405554451,47.9108290755243,48.6600082196181,49.4449234533886,49.5535352606289,49.9552014183906,51.1589133603144,52.3766061788896,52.8712851793334
"71591",76.7662219066034,77.1657541967652,77.8484713837842,78.6132358085999,78.9182766095706,80.1470925290287,84.1770804017978,87.4036065658826,90.2383189985615,91.4812238358118,92.5149022045361,89.4633578541534,86.9930408742124,84.6198424934703,83.0583174886246,81.5968786577976,80.7626618675487,79.8018294227938,78.5148212791794,77.5396693585515,76.4845787889559,75.8136987489023,74.7700752881491,74.3977502549925,74.4152321939231,73.9339593676466,72.6617885360116,72.3270108489051,71.8936064849309,71.1476175987974,70.2202991423296,69.5691857144156,69.6292024815731,69.6284331144176,69.8506581189327,69.5885658663158,69.7295400873334,70.2972435807718,70.7463469641165,70.6347629036067
"71613",80.1458829783757,80.691409857927,81.5019623882107,82.1618761896533,82.3130715024936,83.1552488358747,84.461089505314,85.8056733277949,87.400249339348,88.1946147981443,89.1521893527235,88.8681136490773,88.6338868186673,88.0516498932219,87.9969048339721,87.7990275386341,88.2287843529547,88.369711662046,87.694328858611,87.5136308439112,87.4976910073738,87.5663473734568,86.6757895738429,86.4462448724492,86.9183074991541,86.6641240058376,85.302919645738,85.2224195982614,84.9638213422468,84.6722053933495,84.178029349596,83.6599551765168,83.9742740734202,83.9831692458869,84.1218125285464,83.4802868174853,83.5493712226801,84.4127092730865,85.1326459244944,85.1728029896356
"71632",3.56375224821752,3.55778458166524,3.61977828442987,3.71911675512162,3.8215375511125,4.00051958301215,4.18314759666107,4.41469023383102,4.70770434224951,4.96532798779555,5.27733856007156,5.59029473090785,5.91397235560653,6.1969248604454,6.57580746629626,6.92530105496787,7.41421194320686,7.89337098717387,8.17825299187153,8.59756711026803,9.10387306849928,9.92868515451483,10.7073646579289,11.8228633256382,13.1589651350562,14.1040753893995,14.5220622102937,15.4088942415777,16.2168167334689,17.0246260963501,17.8190627292118,18.7875545013783,20.2102149409867,21.393071349182,22.5982159491261,23.3489989503964,24.3913067010934,25.7376148243806,26.9107403839104,27.6005065090805
"71651",26.3687700008214,26.5180768131579,26.8885172651488,27.1772033399648,27.2107349426829,27.6709102626063,28.0096835296504,28.5688907596717,29.3812886613822,29.8839373629015,30.57466206239,31.2616092079033,31.8910480723959,32.3141216540776,32.9509627517766,33.5186771394975,34.4942886166428,35.3340171975809,35.745986203053,36.3885680906287,36.8461039798996,37.5015332534916,37.6837484222458,38.3231613582429,39.4255654032447,39.9133316330448,39.7135264378478,40.1734583196196,40.523903540098,40.8496109185578,40.9804743910536,41.1818659253351,41.851461651131,42.2049330863878,42.447815277706,42.2608788289011,42.3377814561355,42.7680382821215,43.0482661232548,42.9389955579364
"71671",78.3938267264837,78.9523075576167,80.0746729217272,80.6812469843421,80.2543882843712,81.165776383841,81.3722395647652,82.1389902415261,83.3515768496071,83.4667624964138,83.8918768048685,84.8344424121401,85.5828363602314,85.5916886373726,85.9323985652529,86.0892577825241,86.9383131688109,87.3754431933568,87.1038149313488,87.0644337942138,86.2724887347664,86.3631740984297,85.6621215240201,85.7257976207143,86.5286170268184,86.300528678281,85.0757041749875,84.7463325394303,84.2294741969716,83.5813208561014,82.5569769262464,81.7598965566696,81.8007685673461,81.6378294022416,81.4752598385013,80.8849529280475,80.6236003166393,80.9122029356278,81.0037466830894,80.5352388381787
"71694",246.255747174679,247.887668742835,251.326494657062,252.589960642961,251.982137862408,255.024271111654,255.736935070789,258.053376529038,261.532828379932,261.700269964617,262.971729160029,265.061455255474,266.973122741146,266.84951195865,267.717771314505,267.96687803106,270.428773455607,271.859952286506,271.193671651636,271.013676268975,269.918215958391,269.578683799675,267.186140001283,267.340546192341,269.707512017942,268.546625281535,264.335005448794,262.937672444806,261.63066047483,260.5384283118,258.920547722995,257.514469888736,258.7879800867,259.59576681828,260.204221223296,259.07240461211,258.393304804004,258.739342086871,258.053139982961,256.044389173735
"73453",94.2339636420971,94.9877310712923,95.8889394778313,96.5561909441421,96.3517067167174,97.2483426588932,97.9994022789845,98.5227798614419,100.583871045316,102.442136252856,103.695758003965,106.413196469769,108.54279190509,109.86444186444,111.355922389286,111.845649692056,113.93893618656,116.302143312162,118.177708039111,119.033722735933,119.53543660004,120.64485467429,120.361646244747,121.770121155909,123.617807598629,125.055110339325,124.142890634984,125.858658216218,127.104743991736,128.182300927847,128.503660608554,130.16433324979,133.404504411613,135.251616240068,137.125783439834,137.42432764427,138.407759345164,140.478268926374,142.372693763996,143.940996493999
"73471",25.1622792258784,25.2903243631759,25.544644548592,25.8550179074111,25.9679756690006,26.4972615585182,26.9401422388188,27.3227155437286,28.1098682355513,28.7052853367212,29.2500461845173,30.1373595153441,30.8445963853465,31.3328195915445,31.9955208650348,32.2661367383075,33.1570473888835,34.0709704519415,34.8511665833369,35.2780951009602,35.7044051715462,36.6048337157885,36.715467599763,37.1380003381584,37.6294460593644,37.9252942238917,37.4743763666722,37.9686064706707,38.2883615619806,38.546369406068,38.6129408665404,39.0551281240896,39.9825348550231,40.5742156587438,41.126994748707,41.052255914533,41.4000536939852,42.055494931497,42.7071191977367,43.0235749953404
"73511",106.190401953913,107.030780741556,108.019962052511,108.798996764592,108.838414363418,110.414432347695,111.416249673637,112.21476704238,113.833276737088,114.516564197022,115.4843150506,117.873716561152,119.361936993725,119.895709780707,121.285926166916,120.864456357472,122.142109938513,123.077766758657,123.244343340896,123.195851861409,121.303888911912,120.361483385307,118.686896379064,118.485260551057,119.208066751011,119.123529293673,117.145032201042,116.578057988187,115.543088543314,114.587274702376,113.462127371061,112.878801000249,113.465629724435,113.628915233367,113.676387212044,112.646332777369,112.138742778261,112.254094282081,112.42753661592,111.829403437165
"73532",45.0248356015939,45.3035701132572,45.823538613774,46.3898604528347,46.7386820166484,47.8263852148894,48.8777512603446,50.0503381526469,51.8420210320818,53.2305771289391,54.9659210825392,58.3137266298936,60.5907625857211,61.9838357645142,63.7336932774728,64.0772110198613,65.3558188939388,66.3149992202218,66.4183710317279,66.7321533719277,66.4317063227791,65.1895869055316,63.5099541708177,62.8282191925891,62.6610026156832,62.2357452515246,61.0069724037133,60.8346281908145,60.6183568891555,60.3478465464304,59.9043336016404,59.695534253097,60.202371880252,60.4966312184207,60.7220650941702,60.2645117451977,60.1052484306328,60.473667373418,60.8716487791081,60.710891137581
"73612",74.3377016545826,74.9056280898513,75.6845401151016,76.2689304628162,76.4123768351032,77.1890726815331,77.420154647267,77.998578753128,78.9504179234736,79.3023026765257,79.8393443250381,80.7164829590179,81.3039759193053,81.401808227171,81.8937315528338,82.1840788200037,82.9391410758055,83.2545446264519,82.734907022374,82.579607493087,82.746858632307,82.6857815591207,81.769020282413,81.676407280251,82.1329861127124,81.944885835078,80.8427099254854,81.3766631030017,81.74685960158,81.5764789279952,80.5936158168727,79.0215094698595,77.5185446014982,75.9810056989625,74.82679935824,73.320801624558,72.1802668246058,71.898435195729,71.7560763062757,71.1471723150767
"73631",6.53115851270315,6.58015054163902,6.6560679372443,6.70073750664046,6.69395090772138,6.75413600757166,6.91618867295952,7.23647539800181,7.73069152911347,8.24727040401378,8.90208477483104,9.55912913782794,10.2154629269043,10.8011121789769,11.5357585192134,12.2422153296914,13.2491258161487,14.1864555452196,14.7843866140548,15.6312194029055,16.3773392774357,17.4157961689193,18.1718072642507,19.3794433573135,20.8971777817961,21.8750734075098,22.265483196512,23.2921098088833,23.9483141209482,24.395685333429,24.8041096105625,25.3952012123398,26.5501589403677,27.492286108286,28.4521400533711,28.9349587609187,29.7188643228563,30.8288012695218,31.7749832075406,32.2253011311685
"73651",86.2278585709986,86.7200869421932,87.792463602856,88.5050065434166,88.3946750189063,89.5228774688678,91.0385477645724,92.8006017264965,94.7941830175029,95.4531579428453,96.3015568223416,96.3874430832031,96.2075401298601,95.6255985199268,95.503113259066,95.2974932671881,96.0930565327566,96.5060601253594,95.87678650555,95.7115279714076,94.8289772058619,94.4985626781205,93.5849417410828,93.5647094869136,94.8889154030376,95.488453343391,94.6001746004333,94.4179713796317,93.5561347806675,92.8084352307284,91.8584628970682,91.2063153138091,91.4512544399301,91.4055136283876,91.2677825191572,90.5743133403193,90.3164872185177,90.6263364851746,90.7671978954443,90.229666202504
"75453",63.8130929357094,64.3445394780427,65.0213381985432,65.5502473029536,65.4438937582097,66.1385083587074,66.5027621414586,66.5518567733565,67.4613027418408,68.2033942085386,68.5131583433019,71.354269534524,73.3203122896182,74.1544289017668,74.9288761514613,74.7829515665678,75.4916895251379,76.2413159748106,76.2765575041956,75.8739521300022,74.8704698076459,73.2747823683555,71.1827523647609,69.9644908252074,69.1256238553352,68.3294683472038,66.8483029978246,66.2146893877426,65.4911082614932,64.8760316375843,64.027525435559,63.3755053280423,63.1712466139265,62.7069393678475,62.3165899949888,61.5317471233892,61.0551067295352,60.8532987352626,60.6076579673607,60.2020493800109
"75491",72.3674692575429,72.94072143145,73.6456905504861,74.2094729794273,74.1172192252945,74.9553294845193,75.4265566793748,75.6192347535459,76.6114400016512,77.062967893523,77.4030972723384,78.3819449518895,78.9253130576054,78.9771089940954,79.4953167334097,79.0934306681609,79.7494597018377,80.4181373344758,80.398712858264,80.4953962780969,80.3527249173024,80.3298730692025,79.6295377551635,80.9374377039064,84.250054745528,87.6316769538296,88.5100096867032,89.603330757539,88.2435279523924,85.1476074116516,82.4078878130254,80.6769565752818,79.9773992088038,79.1508193954593,78.8130821597678,77.705861195597,76.3974251455233,75.5669785809518,74.9332916375822,73.9717869894719
"75571",99.2893007278551,100.034242947892,100.961897805803,101.878571566692,102.32875059137,103.754442108077,105.323886473246,106.895536093602,108.820513664752,109.747649217345,110.468125920379,110.833437901856,110.923522874554,110.537557698805,110.906267717645,110.95787047632,111.45269457995,111.577843100359,110.819774369666,110.366861692046,109.044222657044,108.608364418863,107.144961968329,106.649071165745,106.55765955175,105.865319812018,103.901328545128,103.4990067571,103.175044431918,102.680842314688,101.674941578208,100.712683547517,100.730264241483,100.560814748536,100.440694775915,99.3999892006754,99.4844662189776,100.42671803047,101.421697305313,101.454077983698
"75591",61.3875458200379,61.7005280088756,62.3681121588775,63.1337713770601,63.7819190570276,64.9758693807341,65.605888198116,66.5673004134384,67.8306624987458,68.6269875163021,69.5030991308189,70.4467777068313,71.2567000431914,71.7638116505375,72.7109559146987,73.5997046948266,74.6654078010632,75.4390843786234,75.5041725198585,75.8901181313311,75.7233586098607,76.2140981692288,75.942642890124,76.5552534104048,77.677751666937,78.0125083036207,77.1618705215502,77.7628597938195,78.2007265785728,78.4691730573479,78.5286693687046,78.7931670311886,79.8678484459348,80.614661541025,81.4703279918501,81.2801956331664,81.6506107207074,82.4608090763985,83.3313808165714,83.4213078159408
"75691",41.0175612635744,41.326301913977,41.84948933035,42.1702897507965,42.2390156056989,42.9157509221698,43.2212186302983,43.9207377049333,44.83980464528,45.2603807803919,45.8700939980382,46.6506739311919,47.3469194998842,47.5144142040079,47.898390110397,48.0335768015725,48.7998977674224,49.2557198100605,49.2817140761066,49.4156341463327,49.2330981398993,49.2284273358258,48.7784350021935,48.7339531963682,49.1841221734033,49.147442461009,48.5629750673157,48.6839992649363,48.9565875902954,49.2666185158363,49.2883691309328,49.0728841384624,49.0078531292174,48.666069434128,48.5019340119019,48.2330779680446,48.2903688719034,48.7689831004982,49.2574614608052,49.2587332397707
"75711",79.9033502719533,80.5696935789672,81.5129665708687,81.929179985133,81.869399634627,82.7948267124393,83.0059430436346,83.7031159902925,84.7440465684993,84.8174841370408,85.1307827327007,86.1945054839371,87.1382335954127,87.2482867910311,87.7172528218531,87.8015263728162,88.7865050839688,89.2517255752589,89.1377074613416,89.100548011365,87.9127634511693,87.2129367960002,86.2253657090213,86.0020478046623,86.7479523242657,86.9777782182942,86.2038618951824,85.8336498516221,85.0704702698277,84.4564049089418,83.7361679353855,83.0937482060528,83.3295076994437,83.5190799648876,83.6030020157297,82.8635874082107,82.2600191274414,82.1794545206545,82.0622944483962,81.4477657956458
"77473",47.1915988964359,47.5656880750283,48.0352184593671,48.4143191163993,48.1805198181575,48.5774723107163,48.4448189070887,48.2844026488351,48.7031148702679,49.0327760518608,49.2285804311052,50.0347523643839,50.5993375152595,50.765643523062,51.2282302805448,51.3393139777735,52.2581586319445,53.315387180029,53.8548804631031,54.6164588274935,54.7112714366257,55.4126596184853,55.2398429833964,55.8268170184753,56.6249196653709,57.2313406251503,56.7091348506804,57.2870603218571,57.7527846429961,57.9888209772429,57.800725275595,57.9709420495034,58.9292283304015,59.3880852961626,59.8253680875972,59.8760219870638,60.6532633679565,61.8976067908758,62.932448071159,63.333411415459
"77591",20.1133967967747,20.2989343769704,20.5084414672613,20.5980305627293,20.5598236874918,20.6868087643138,20.6511834050437,20.7913860719381,21.1584950761974,21.4964989255958,21.9006587487343,22.4405941668552,23.0040685518207,23.4734072634587,24.1694849122225,24.846259541291,25.8078307013929,26.7347272328063,27.3326855559807,28.2124655082497,28.9109964710446,30.274139373575,30.6467629091468,31.5483271450582,32.9064512581462,33.9920811132526,34.3587517948394,35.7729899154775,36.902954211117,38.2479542277406,39.2494588672125,39.8418262258124,41.0748083735111,42.1327220334809,43.4634935383262,44.1175107865771,45.1095711438898,47.0184125698194,49.1446762687132,50.3252383930309
"77611",91.1069857201439,91.8517507249657,92.8688203875755,93.4631964356022,93.5945158307689,94.5813047993393,94.9142399847114,95.597436758883,96.8176375660256,97.3934466646262,98.0354561467151,100.827353509938,102.949843188033,103.783886837217,104.927882827809,105.419045787895,106.746158739099,107.365868639285,106.595533115947,106.431584004192,105.38461729274,103.117394229618,100.55006653767,99.4245444034627,99.616067100115,99.4757837616063,98.0481439669225,97.7044756294605,96.6015465439998,94.808179641714,92.6376915925213,90.810675813017,89.8687633274416,88.7416189408079,87.8417079444707,86.4961398948346,85.5108723082722,84.9038298823829,84.4990877426696,83.5527286032917
"77631",95.8161856213553,96.4746475190572,97.6205768859226,98.4326584129421,98.9121498716065,100.382466804375,101.691046151983,103.108109602404,104.938683346698,105.848129036463,106.732720000703,108.710529789002,110.23612787568,110.737480717148,111.447928292933,111.651475631809,113.227282602625,113.922451056881,113.275681129133,113.515669208008,111.251614066042,110.116851508216,108.491368156425,107.992693661622,108.214419065494,108.097205219624,106.805805461901,106.62913131812,105.571384993918,104.351896383207,103.395237470659,102.74988592841,103.178475438442,103.13751886938,103.269656028955,102.747172413922,102.491934611918,102.7478039173,103.022773670224,102.481955327192
"77654",108.501985917569,109.481175906322,110.821009673254,111.448985555159,111.630038544645,112.93754791612,113.315641713319,114.188001136475,115.491985379027,116.022365377843,116.590751000473,119.94686965761,122.531126703565,123.549465653688,124.540425530838,124.6894714457,126.721227703193,127.514133146589,126.935081371093,126.933100881105,126.076723930508,122.755981234229,119.408038271817,117.468881484375,116.608065913456,115.086329705903,112.339581356342,110.894009243546,109.469257102869,107.971227053975,106.530637079088,105.237339767216,104.735803861717,103.843725570536,103.057890226029,101.862037195452,100.982229585065,100.650154938739,100.430312187736,99.5503180780528
"77693",14.4742897994082,14.5610778134788,14.7502250101642,14.9318777269514,15.0783702768557,15.4655222721414,15.7445826206488,16.2211024284596,16.8237403807098,17.3256643979099,17.9310538180177,18.5728289586332,19.4066531979042,20.0534029220998,20.9836170422394,21.8526432876712,23.2441342375763,24.4407747379087,25.4957807333552,26.7254320264027,27.897232606105,29.7927981076773,30.943505864156,32.2232444409299,33.8710484829869,35.2127729462728,36.5032751345253,39.1113908934799,41.7803321141175,43.9656100989853,44.8363890533733,44.4208021659701,43.3364416761208,41.0748726408854,39.4963490500478,38.116269646074,37.1262720097539,36.5656999229707,36.3042699226032,35.7475121573542
"79491",27.8674731513678,27.9579132999012,28.2980882282271,28.787629708323,29.0017658478204,29.7809479550245,30.3150364356508,30.8534787106808,31.8086328245063,32.6314669532456,33.3396771509349,34.5629014633499,35.5154130344593,36.0918834328692,37.0853377724242,37.7102611788989,39.2938164898782,40.9468166705989,41.7723579783881,43.1648179417281,43.7845007207018,45.2134627812486,45.5103388315081,46.5220132160257,47.8448967903507,48.9681120422398,48.8275433856802,49.97877578423,50.948561886227,51.6730153981603,52.1065409634733,52.8983103612435,54.6179422785803,55.7557755704145,56.6863980790251,56.7709863128372,57.4084983910419,58.5490142342834,59.6910264110438,59.9963693347051
"79533",97.6868740074228,98.76079368184,99.714462229022,100.037402287842,98.9586288498996,98.9680507874072,96.5833532776746,94.6368619054052,93.8275335556495,92.9355980741311,92.0330321350235,91.798667817813,91.2968044299752,90.4162373619628,90.1577308290266,89.5055025875246,89.7563818662973,90.130849309901,89.672119667129,89.7435256882669,89.4409337456659,92.2821979627133,92.8025592322943,93.5929318171977,93.5684013117008,92.5349254068221,89.6710507290505,87.9306576260239,85.9311145525355,84.1189776527754,82.4218287242877,81.1731163455289,80.5010514837819,79.7208886826688,78.9638464175339,77.8677457810093,77.0846337877001,76.532658136234,76.1471609885481,75.3150195495459
"79551",28.0873035607488,28.3260729429964,28.6440411544138,28.8698535270089,28.8488272371103,29.2146071975697,29.5778946079208,30.0186854575439,30.8865221314222,31.6990707697535,32.4176955385479,33.4202598801758,34.2009739929522,34.635194027665,35.4622658568815,36.0552575613473,37.1337403737682,38.2226689300754,38.6884000027914,39.4937777753806,40.1428376209635,40.8377878127369,40.985873774674,41.9779257760251,43.0178481848743,43.847304040926,43.6499294612691,44.5546118838671,45.1770016191864,45.6691651189762,45.9786226520147,46.6533732237478,47.7967819676407,48.5208920510644,49.1891878892458,49.2441854757062,49.7157801648853,50.3802585023968,51.23777088036,51.3744190162705
"79571",51.4748452394538,51.9965319973143,52.5610420357644,52.7603422021649,52.5543414689931,52.9742532123911,52.8908803288318,52.8818802078339,53.3957845197159,53.6734850549428,53.8052017149439,54.3204727729988,54.6491400378477,54.6060667006748,55.018725891403,55.1980573637802,55.9261685667225,56.6297246417922,56.642761903171,56.9989770087915,56.9682105903553,59.7942272988631,60.336959002145,60.4999180780829,60.1761850406128,59.849647213347,58.7260932617055,58.8812324990936,59.5889549519133,61.2087626876898,62.8076860141317,64.1646750300964,65.2138132734872,64.6172639866442,63.2404237277538,60.8055050235858,58.809796564397,57.412201635565,56.4337921706973,55.197865551214
"79591",13.8404168869484,13.9037045121765,14.0920407706668,14.2793426620021,14.4523991222266,14.8368163736458,15.1492465449254,15.519266282641,16.0516465871433,16.5077265882722,16.9596916140469,17.6342364788394,18.4062119980343,19.1216178808142,20.1018221102309,21.0612412891963,22.4529756008047,23.8523736553759,24.8315118615061,26.1924544475384,27.2874685091414,28.9707987913724,29.8528894013098,31.0739169593637,32.5301894544764,33.4930247057824,33.5184606648603,34.7573257231903,35.8542502583964,36.8456995308335,37.7023927639343,38.7291684924132,40.4006279540603,41.5386995093834,42.894711558421,43.4801274138815,44.3659593828135,45.4764721267086,46.6800699224813,47.1024257263964
"79631",58.0752543327085,58.498818263012,59.2007474794549,59.5644800377524,59.644061921114,60.3535128098484,60.6327452595914,61.1076019062593,61.9044561871747,62.2283270978281,62.6096191831932,64.3122139447733,65.6430893085015,66.1272740426973,66.6884579531373,66.766399514788,67.7591525437236,68.1636723537508,67.650477563237,67.7169525460503,65.9615055626453,64.9378925881348,63.7232324037468,63.1373693339504,63.1587720452226,63.1139495516493,62.2792964457216,62.0806035191846,61.4005178162045,60.3359261508771,59.3898218438772,58.6145318789181,58.4967014121863,58.2826996112705,58.2416494063189,57.7525437689926,57.2335611759665,56.8169215313145,56.3895626201644,55.6204461281856
"79651",7.9260966642132,7.87520549673603,8.02633445086462,8.30698287243045,8.70105000385618,9.36882316821528,9.98427264993038,10.7409383824987,11.6558995871799,12.5079566008306,13.4705049832755,14.7188393012089,15.7269406543863,16.2456046659748,16.7646173743437,17.0083427140109,17.6657894783183,17.9650531858383,17.9304752411988,18.0339104326793,17.4951613642507,17.3694200582788,17.2716193730332,17.4892547478916,17.9338102199962,18.1412346320214,17.9793056474419,18.2160741671595,18.3609171757749,18.4593080468855,18.5462142765189,18.6967237111419,19.1462347160798,19.3996722234584,19.7103683379278,19.8816323698193,20.1555141914579,20.5574561735401,20.8808089293517,20.9135099584148
"79671",30.7741405133092,30.9736153933173,31.3968184892843,31.72296589124,31.9527015124681,32.6915548183627,33.0621108528345,33.5741543360646,34.1440478738335,34.4371590894482,34.7248667454699,34.8130432585451,35.0683574246718,34.99994549812,35.2204215967904,35.2836421897614,35.9113942744888,36.2738973793545,36.42813828414,36.7360370620638,36.8243461890198,37.2988448455022,37.3127058269294,37.426548368951,37.8194024476707,37.8655108736216,37.4279781219714,37.5766304317641,37.7556913611583,37.9168364765246,37.9144958540835,37.8020134745268,38.063727346245,38.1399967946833,38.3330576607808,38.2810824893895,38.3737315210698,38.7220762982296,39.0741241944524,38.9929766262642
"80691",84.9738409827553,85.542165938699,86.4705164882291,87.0652663186458,87.1742777010643,88.5220601002169,89.057542076004,89.8271422494409,90.9634674828151,91.4466204133287,92.0370073090672,92.3036626502792,92.6299410940318,92.3348018540595,92.5595645120374,92.3253278113736,93.2137973137961,93.5418052564467,93.1924390892783,93.5416011221834,93.194397122452,93.0857909639138,92.6012673173369,92.8762570610846,93.6324125176859,93.5181381848066,92.6896169719861,92.628395519076,92.4258456210568,92.3622824591319,91.9783190983991,91.6890669183071,92.0723071243589,92.0270244486805,92.101816540561,91.6616770793454,91.5595864850633,91.8142011666901,91.9157922091101,91.2029797168942
"81531",103.566172428746,104.535259288355,105.624132255224,106.150766580867,105.662021212104,106.321647971667,106.014150926491,105.608001912832,106.414208783863,106.820852748025,106.923850453613,108.504706159642,109.160378952118,108.587494716601,108.690756995535,107.909778733649,108.521516566225,109.077217197473,108.017339399901,107.651581195916,107.388222729792,106.225254894803,104.183547509052,103.600237804025,103.586219009711,103.756738004572,102.783368733921,103.460797147978,104.102609897614,104.605471306419,104.832670294492,105.476618249023,107.263290455899,108.360854258543,109.275835864634,109.282122380394,110.085603118432,111.463983792643,113.11724035937,113.289064575614
"81573",60.6661881171683,61.142270349189,61.879109830325,62.2777449351605,62.3194356745196,63.1295352630161,63.5811554834346,63.8934827220268,64.8300450403348,65.35604060408,65.6593505017673,66.3516333238404,66.7681111516262,66.5614412396087,66.8330331522609,66.6794161830512,67.3454692451616,67.9475973797174,67.6073290083345,67.7730718653726,68.2426483522511,68.4247450368813,67.9377073655104,68.3524149234953,69.4480970425271,70.1037615444681,68.8815429208049,68.9560611129344,69.0008638331,69.0979109371671,69.0040744392834,69.4928514933457,72.4163114167566,75.6174278250398,78.9289876890585,80.5391672964324,81.7225453282947,82.2696555583393,82.2798037534009,81.4756895751302
"81591",3.53969478372127,3.53757091378981,3.60063400286027,3.67770315123409,3.770430735779,3.93857900050024,4.13235308028678,4.36330257809464,4.68766338069129,4.99620806605486,5.32700429751488,5.79156425218509,6.32094549659011,6.82100276123174,7.45769686839081,8.06406653763668,8.97426319419781,9.86491783613304,10.5032709223834,11.4280577253079,12.1611332066678,13.3907963184693,13.9671427828972,14.5893730734818,15.4884175320864,16.2056034732334,16.3643577349617,17.401999963765,18.412834809463,19.3884992219345,20.202317090271,21.1128867727549,22.5612362275664,23.5071362807182,24.6109953027361,25.2599618560605,26.2279281787538,27.5157491260006,28.9598565074534,29.6858568643519
"81671",47.0169931968255,47.3039639921,47.8858153575602,48.2454774028043,48.4526872448412,49.3910151282717,51.5463457528927,53.2028300957262,54.6721682875441,55.2850946164509,55.7639075312476,54.0813099206506,53.0109350199781,51.9371727554253,51.4894307690277,51.0373563341111,51.4336905283071,51.7121319761168,51.7973051773642,52.3387228710505,52.4859757271856,53.9231238456918,54.2523141455897,54.3269167903977,54.0939079858634,53.6691746575352,52.9041155305035,53.0546018556717,53.3194190308666,53.6136831515224,53.8312515844651,55.0027191748185,57.21253889651,58.659236449105,59.5566869057855,59.0706234316176,58.1715334370555,57.1813283001957,56.0378287229199,54.6626511227067
"83491",64.5019599189324,65.0507864971969,65.6948352343395,66.0246470020895,65.8334526044063,66.0329294883641,65.2390395413589,64.5990014939886,64.7223039466756,64.7609271111259,64.7433752526381,65.2822446177747,65.4053746934783,65.0824038143316,65.1498147728978,64.8605221400846,65.6896799295272,66.6857283543004,66.5754609035033,67.1012063176438,67.173847151349,68.6553734721338,68.925581757324,70.1383431138128,71.5947134180131,72.5678769434378,71.6046853121096,71.3486820227898,70.7653182229554,70.1228369155074,69.4906815668706,69.1740104760976,69.8289634026609,70.1487769562289,70.278812614115,69.6301715161132,69.4836014928156,69.8438162743901,70.301892100379,69.9621114902649
"83571",44.3618822866987,44.676449852743,45.2452454385846,45.5552679614923,45.6646707899507,46.3543688299623,46.8611087408133,47.2889223131089,48.3017804492324,49.0196447240541,49.6283471435638,50.6716610525747,51.4280265985206,51.4707537144351,51.8898641491788,51.874002683607,52.6453040159775,53.2582235064051,52.9872972188099,53.1717125193653,52.923277966383,53.3898278527587,53.0445964723804,53.2167218346403,53.5639551445406,53.71554535391,52.8512553463103,53.0144261444621,53.0374741642269,52.977860963743,52.6962895540505,52.6272089564812,53.2872300103658,53.4729391840404,53.6904726327244,53.6805579192928,54.2530644028996,55.1441254482638,56.0306439735414,56.1507642149635
"83591",58.0496016555836,58.4364431315689,59.2437580699714,59.5684920713626,59.8160667413077,60.7790874478084,61.4719562849537,62.0107172949889,63.1331976038024,63.7671852999276,64.3448729030215,65.1157810550738,65.7685614499315,65.8127153545048,66.1809692165254,66.1994527352763,67.1827979728995,67.8945078011112,67.6858574667123,68.0959833745129,67.9599821330066,68.5994313040143,68.5737258720416,69.2614248202372,71.0061565406117,72.7515306386512,72.8999023373625,74.6987434582213,75.6127163021728,75.4544317592781,74.018636231801,72.104706073616,70.9406554978188,69.5918502063107,68.7840307817504,67.6948903885537,66.9401546155306,66.8301140808686,66.9023732880557,66.3718198197781
"83672",84.260938553958,84.8487154632609,85.7643061455498,86.1741934521234,86.3905186159406,87.6459175607324,88.1689575655161,88.5704811561427,89.5602680993933,90.0800245787953,90.7209005682097,92.1259201262088,93.1625109011692,93.412533107911,94.0775024386602,94.0132633655317,95.1433153760856,95.6433122821867,95.2775699844666,95.6543797807638,94.1688110284832,93.5927616836917,92.7537413111215,92.6963867741785,93.0843884827498,93.0502732187416,92.2478045252544,92.5664740551471,92.7802672935937,92.8274228115344,92.5407467507486,92.1142477841082,92.6121104818788,92.3432479336974,92.0178026308154,90.9083149570225,90.0694903328137,89.757234222118,89.4933349516164,88.5273887572706
"86531",24.5763840168044,24.7309262998728,25.0457755832542,25.3214295670008,25.5652086262919,26.0731645164972,26.5584989968277,27.0162647794382,27.8658864344227,28.6437650875729,29.3580139961479,30.2850343058605,31.0511057737969,31.2649074686613,31.8396693730697,32.1067429904891,32.8526181823317,33.7236097347626,33.8807693112943,34.4184070463097,34.5942300633634,35.3718598538062,35.5217926645441,36.1588929876759,37.0046643137615,37.7559442249196,37.7355612448413,38.3173686984332,38.9237694583142,39.230402219383,39.4435280561309,39.7390298996223,40.7790861785534,41.4288048588582,41.8953300755359,41.979424291033,42.351595264084,43.0489701694618,43.7526468550704,43.730928036263
"89391",28.4824498166727,28.6181280499621,28.8327107395156,29.0487809392553,29.1386371605131,29.3409890698434,29.5401583015307,29.6976291958217,30.1135309216161,30.6780541634502,31.0286459247858,31.5377284657967,32.0447106815413,31.9201371387874,32.125367452986,32.0539316574881,32.3592634273275,32.849165740122,32.8863440763927,32.9534134231022,33.5519708688624,33.648106674072,33.3905502699613,33.7009607185463,34.0682611471533,34.5186397490491,34.0798304808745,34.4023940384877,34.8666849169298,34.7573112785562,34.4957645791139,34.1413373840584,34.6172503196835,34.9195807038909,35.0490421173307,34.7796580454235,34.8778774019858,35.3225068086477,35.6634626607492,35.4651082961134
"89433",57.0919192924104,57.478835432786,57.9761048421435,58.476415335149,58.6222741794482,59.0658424433096,59.3412141463837,59.5130466011702,60.2529040090864,60.9370188250355,61.2653496258458,63.9939557339844,66.3310059723658,66.895491440556,68.0803760179388,68.1900923259821,69.1808321332931,70.7205558857179,70.7487343371694,71.0054303072498,70.860464666422,69.1819130680799,67.0337097431791,65.9723505872667,65.212163054775,64.7041953603889,63.2229444047693,62.5494005730467,62.2274835355089,61.5767972682207,60.8319237143497,60.0412297434883,60.2444290153899,60.2366225394146,60.1643031238836,59.6938871157995,59.606724081599,59.984186365273,60.2267808989001,59.6973118156983
"89471",18.241568066374,18.3839437205588,18.5809897190738,18.7577226768483,18.8226657037197,19.0219428463453,19.1870190108975,19.3471131603409,19.7520466733055,20.1086379319055,20.4392240638225,20.8389871502281,21.3004932987942,21.3666532748042,21.6702326204373,21.8006739503467,22.2389868518906,22.8718070422039,23.060419219174,23.4005406549875,23.5405476590885,24.5581347921898,24.8570552895059,25.242511111093,25.5273971018324,25.8514953314356,25.5822548497859,25.8000654400056,26.1850630421028,26.3345479820559,26.4306124496225,26.5479559441263,27.367484543509,27.9499594216298,28.523870997287,28.7869739509898,29.2573994792739,30.1802608800977,31.1082289350333,31.3642064566333
"89551",21.7759188047639,22.0185452570653,22.2919439122875,22.3629700358136,22.3915569259395,22.6500467414073,22.7964508088437,22.8706136828911,23.2958202995475,23.5759507045819,23.797559182273,24.1929399580528,24.5495167285363,24.6275865627505,24.9049607513073,24.9336908076531,25.415736176432,25.8344361344247,25.7418424470059,26.0350276589557,26.0215852712346,26.4121260142309,26.3906711447089,26.7525878708426,27.1737886478486,27.509997900551,27.2992520829543,27.543738438165,27.8158253210019,27.9132302791238,27.9141625982059,28.0047609576996,28.6168076002768,28.9100050851603,29.1952297485526,29.2318815515201,29.4514973405249,29.8781227811587,30.297075104763,30.2466244437172
"92531",37.4968805298213,37.8989795118579,38.3665300957463,38.614480563823,38.6677811645972,39.1032305307494,39.2959325491093,39.3492995051826,39.9462154412017,40.349629544239,40.5849396531478,41.0370270958634,41.57576777668,41.6027145399439,41.9356113614734,41.8348850248727,42.3510834849581,42.9027168933104,42.742587559878,42.998775358321,42.9451979673458,44.2118978398927,44.6012262422881,45.4262576734675,46.2727136044336,46.8043274170436,46.2598320712491,46.2437791358507,46.2370079216378,45.8256020520607,45.3060617703329,45.0329571871404,45.6393204364438,45.8091351723217,45.9968205353334,45.7158743802798,45.5064210386288,45.5705248074574,45.6721090582967,45.236380841696
"92571",46.2217863150643,46.678287305527,47.264189654914,47.4720278432947,47.5609694017116,48.1765496769517,48.6263204365035,48.7765700387705,49.6495182850146,50.1445461433169,50.3789860047348,50.6717249663013,51.0490153498045,50.7744815041211,50.8290670821879,50.6432707832819,51.0632178309398,51.2083382617002,50.572312461118,50.6856285962521,50.2050024808286,50.1585142415839,49.5975515850043,49.7440758887398,49.9825107913022,50.093815766175,49.5092538065834,49.571816723279,49.6984058530435,49.5527287664649,49.2391694237606,49.0744763481384,49.6109329340352,49.6853424572387,49.831311392059,49.6842633589982,49.7558843812678,50.0147625002149,50.2932935868761,49.9791677285214
"92651",9.03990120079269,9.07075897052334,9.20069422871513,9.29783524606326,9.46086850058294,9.77420643080489,10.1557111298999,10.6513051710341,11.4315671194027,12.2111520655719,13.0353255615356,13.927026742506,14.8623259220679,15.6126524327269,16.5372922388742,17.3838371404652,18.6802757935173,19.8629080781713,20.7726298240758,21.9774610152747,22.6138803562243,25.4597631788271,26.9869155726703,28.6428208421319,29.8681963051537,30.4556192224688,29.7147227540274,29.5394761002671,29.5222512227182,29.5122964676078,29.5101511433837,29.5334297674407,30.321905907146,30.830763048551,31.3237326589524,31.5241947718298,31.7205056033827,32.186602266162,32.7229912898319,32.681166031606
"95432",13.5216464148148,13.5759192458684,13.7105607347295,13.8537178558819,13.9511961914055,14.097231137434,14.29013161462,14.5008689276387,14.8749024363527,15.2970829332361,15.6717379990975,16.0427828639286,16.554775857009,16.7914964836025,17.2221930807243,17.4990463436442,17.9502172923917,18.5529132037699,18.939706165281,19.4447827362869,19.6841319990134,20.3241978123127,20.5212454919739,21.0958185559714,21.6806980651771,22.2775795854115,22.249765741834,22.6667970083512,23.3153405005087,23.7112677788962,23.9102288970165,24.017880444104,24.9189238599297,25.8449706818279,26.6485655472424,26.9568805543394,27.1897284488429,27.6259514524823,27.9035739372545,27.8643923673906
"95551",31.318018899332,31.5469211473321,31.9692837030445,32.2451114306897,32.5327510838424,33.188011287489,33.681950502628,33.9383780526344,34.6619378142412,35.1886920461031,35.4486930599375,35.7379016976102,36.2867516891784,36.2048616947386,36.4686218045428,36.3722998695198,36.7529737667837,37.0712911779815,36.9941551746752,37.1309619857933,36.9856258401633,37.491823119637,37.5395634102887,38.0065031901775,38.659308577644,39.04541441533,38.5689443640374,38.6272371229623,38.8071749546815,38.7309838505203,38.4830185796939,38.4775818874829,39.0456878995404,39.1916286521161,39.5133612671227,39.4812315608479,39.6795252184739,39.9530076426935,40.292903557595,40.1362837885202
"95591",40.2299997426583,40.6003035622171,41.0388630982073,41.1774795480349,41.2338314757061,41.6381775611375,41.8656159973889,41.886210728289,42.4214789801779,42.7091022826141,42.8362487533022,43.12297848588,43.4554413765967,43.2497131095343,43.4492093101496,43.3890717102378,43.8352243032869,44.131476003451,44.1395289609542,44.3372140718907,44.1510956668778,45.1522979267485,45.2697628170093,45.5108770826713,45.6225782791374,45.6990312168924,45.2303009267527,45.4021525481076,45.6186013746405,45.5361599187035,45.3306282369335,45.2512423001126,45.7642598368065,45.8460930361129,46.0316636707939,46.0613669073954,46.3289851665309,46.7790949532299,47.2956938847808,47.2226739176034
"98451",35.2449408875377,35.442664779569,35.8197090004416,36.0925184321388,36.1902829407864,36.38025351829,37.5231980690732,38.3451484288993,39.3587019716769,40.1254386078646,40.505928261768,39.8606886650324,39.7180342247971,39.1749455051055,39.1368153463999,38.8010389392595,38.810270021345,39.1285723760805,39.1994904461749,39.43438268347,39.4737744241197,40.9423846163586,41.1935200276733,41.3375445129142,41.4848895547768,41.6947312873668,41.3114580433601,41.6175467568907,42.2188305498091,42.4845717250814,42.4983829229787,42.3417343062016,43.2147754347906,43.6415632506617,44.1151910833006,44.2304494994708,44.5257717694716,45.1349914926566,45.5356721862624,45.4814540004538
"98491",20.3448398261884,20.4708204307549,20.7047898510456,20.8514254569634,20.9490160875407,21.1243603418465,21.2811005703215,21.3985149644806,21.7772497049629,22.1360416383481,22.3724749649055,22.7148953863488,23.2822671134319,23.5690705111127,24.0994950698617,24.4312035605522,25.0380244900054,25.8090599892828,26.3249827605036,26.9570946561838,27.3337457579887,28.2260676396328,28.6061778745706,29.3809651738742,30.4037231754888,31.2545087864911,31.2513450441101,32.3945839963262,34.1385700255936,35.4326405694544,36.0937640588,36.137169063289,36.8230694409216,36.4745193843592,36.4408229547619,36.1591396023425,36.4542283915167,37.2706009839908,38.0160532850468,38.2424629588696
"98611",26.3005220156445,26.5375444145761,26.8169493758401,26.8994998286907,26.9730398716731,27.2870201054828,27.5528002030988,27.9163916112117,28.6191353455952,29.2569368517113,29.8440234114438,30.7223977573318,31.4055123106125,32.0483063543675,33.0483214840525,33.7265369419369,35.1598507501799,36.1556742766963,36.7892410058421,37.8141205967855,38.3204527234966,39.1578181929719,39.3639935440393,40.3763020356973,41.5035974796065,42.4320613654887,42.5559999537646,43.6479759560858,44.8192185097657,45.2628754888124,45.3978794375424,45.6215899480452,46.8167582036868,47.4062400023201,48.2311637861908,48.9269213342498,49.6603799991946,50.8889610292419,52.3913912100316,52.9539669181518
"101391",22.5899925288804,22.7390652048297,23.0253767560877,23.2521503933871,23.4586660564855,23.7194599347739,24.0239685076237,24.2983561473128,24.7532056054818,25.2948320991715,25.7928803824842,26.1579288779927,26.5709408120725,26.6831858679501,27.0539792776872,27.195162645787,27.4089237840069,27.8011675755551,27.9157801899806,28.0869809646593,27.9647249834503,28.6197385666531,28.6772374984171,29.1002729368866,29.5111008007433,29.8307939490539,29.5905662791981,29.9429411814512,30.5072509341336,30.7796937045953,30.9997659582725,31.0549384283244,31.9200009691454,32.5508016735004,33.009693155612,33.2132758498097,33.6317069862573,34.1870904785668,34.6032572516341,34.7204610524028
"101431",35.5083340404944,35.7316552777417,36.1970285205646,36.5031466603969,36.6728268389936,36.9374164707174,37.2068262666377,37.4273010716558,37.8712324475965,38.2974524050032,38.5715213278772,38.9936557773685,39.4489462209457,39.439321234602,39.8196152557773,39.6751154424223,39.761931240172,40.0272681926475,40.0050039465931,39.9918842144721,39.7820836012124,39.8154142304294,39.4011203311104,39.5344306148898,39.8735572391163,40.0201168873211,39.5602539094886,39.6875315594031,39.9734582873829,40.0028465828215,39.9236116997635,39.6284731668067,40.2551196881163,40.6379278926167,40.9318369216991,40.9492299198962,41.2845022377856,41.8908593627321,42.3192326296138,42.4067310868812
"101471",24.6088098096495,24.7405222070588,25.0360291560499,25.2448438345481,25.3683614742685,25.5586463539791,25.7889844956417,25.9598864952252,26.3846945437898,26.7646381489978,27.0165965581927,27.3272309869738,27.7460970733179,27.7750042596179,28.0489206111897,27.9991391804577,28.206757685022,28.5166471024926,28.6110648619697,28.7155643355081,28.6255733821084,28.9566170145269,28.8741918634146,29.0799855323204,29.4732078123422,29.6458022692485,29.3054763231059,29.4890026895833,29.8021916957699,29.8932083957533,29.8986801046782,29.7219921692861,30.278616950312,30.5921256006881,30.9419226157261,30.9259311770161,31.0341039675628,31.3460889161861,31.5754330210859,31.5471109235928
"101631",34.7102994369711,35.0768105805226,35.3855720236374,35.4675105260596,35.455483217698,35.7830954650369,36.0113482214379,36.1978008591021,36.8289377481049,37.29211531,37.7892946120029,38.4086490411963,39.0845876583481,39.3785474310515,39.9460482380523,40.1950996504611,41.1662727813869,41.8683512234572,42.2002249118786,42.8335831726481,43.1218977279623,43.741972253574,43.8210303191931,44.598462728531,45.6787986638151,46.3552073472262,45.9166124208862,46.174267915681,46.6536705049756,46.7784309455732,47.10624042488,47.4233125361638,48.5054803901835,49.291764388223,50.4912382254079,51.3862397049859,52.0539696809072,52.5867748159483,53.1148321662496,52.9368344995431
"104411",14.5919255788073,14.6637541685791,14.8617473115254,15.044204930366,15.2043967641999,15.4135899864102,15.6832530345424,15.9648791692609,16.3772104585967,16.8238395595924,17.2473624415253,17.6700935022475,18.1953603890102,18.5150367809413,19.0480729058692,19.447291729609,19.9850559992829,20.6395519604096,21.176136058714,21.6653262798417,21.9975529752317,23.2428288703354,23.8643013028278,24.795921813973,25.671931275675,26.0912941387125,25.7406838609417,25.8660579919631,25.961642074572,25.8957562084018,25.8412439561654,25.631660366765,26.1386139367726,26.5404483835805,26.9357223042696,27.2008851328913,27.682182774646,28.3925982987121,29.0662273048301,29.4736553274878
"104452",43.2701997306521,43.4877222861598,43.9909169107322,44.4002840767238,44.5804715531239,44.8854318870857,45.7400813067961,46.2601345562934,47.0009164822525,47.5616911886051,47.8338470222519,48.3734896236116,49.0159560159669,48.905904926205,49.1935558025748,48.8843104070334,49.0351276480882,49.2103410678896,49.0952551733693,48.8537323259814,48.4013412699103,47.8078041854189,46.8797496713735,46.344895258168,46.1041266163552,45.6801045048618,44.8250661109822,44.4788308601502,44.2020371291073,43.7343179068177,43.2260050922693,42.4941840101412,42.4514741522156,42.2500009978733,42.0662475347371,41.7180412788877,41.4744951132278,41.3694986417316,41.176444133592,40.809610562094
"104531",56.4899037621577,56.847956236701,57.3442186020973,57.694696852471,58.0204732615287,58.554695446686,59.1773034608035,59.1472093379992,60.048697628415,60.7441250031612,61.0708994239582,63.8930059560548,66.4033458045823,67.1988401056303,68.4010671852122,68.2452845309011,68.7946470193771,69.1696221014125,68.6820180790544,68.3168915841054,67.7934770460181,66.1861225122541,64.3679302489856,63.2976389881122,62.5248786101568,61.7415245977705,60.3890382216397,59.7707910103702,59.3959476036439,58.7479155907193,58.1454781533893,57.374575904305,57.9278642684471,58.2074014372447,58.5339998712401,58.1053325456378,57.2171873126176,56.5638566779789,56.038243575159,55.2467816756942
"104651",35.623568285099,35.9804661736007,36.318894423427,36.3659547086424,36.4030819269999,36.7479965599698,36.8752015518104,36.8848223707028,37.3294815954359,37.5025319239759,37.6556828242673,38.3831757153599,39.0324797638132,39.1752587302036,39.4537840239358,39.4801625856399,40.0812571916466,40.3813790938471,40.4835778803639,40.6913934386296,40.2190667275798,40.7927769070491,40.6229163344537,40.5257290942321,40.3222204142747,40.0730702127157,39.4203982100669,39.4097741738642,39.4828294471831,39.3126912726406,39.1421802679431,39.1570808179922,39.9174693452876,40.1552312679957,40.1424394886721,39.8146271611216,39.6421324510109,39.6405237330827,39.8772329054417,39.7223308845761
"107431",33.0570897244665,33.2219584421384,33.5839553321474,33.8869507916644,33.9388388400928,34.1182224933573,34.6291271193064,34.9470291153948,35.5645854816092,36.3280424826548,36.9048447359752,37.4719854914285,38.3260328572914,38.3946053117935,38.8390089736778,38.9327120489089,39.4199818950327,39.9788179052199,40.2389982628513,40.3527318834974,40.3031266026,40.6676587239586,40.6144316339122,40.9820828245759,41.5930404774037,41.9567247591463,41.6295394112027,42.0613117884808,42.5092034577857,42.6301371502012,42.7221359851804,42.4648164950715,43.3083742556655,43.8798891827861,44.2184080170363,44.3015115598106,44.5853547176407,45.1079760317717,45.4418677026124,45.4655391516559
"107511",49.3004942153502,49.5975530236828,50.0302955855002,50.3515797487692,50.6003529370626,50.9892515031955,51.3820983347687,51.3695501432675,52.0159331919764,52.4273624223899,52.5025186798047,52.7605381997866,53.2035996077295,53.1240869207156,53.467844317361,53.2749067351394,53.515994937917,53.8521177757876,53.7975394242389,53.8586659217396,53.5736418010668,53.8468123708367,53.6126818490271,53.7773742266531,54.069541472055,54.2210130268168,53.6066695847084,53.7629393620131,54.0366510191471,53.8783733783617,53.7708806210078,53.3669305560891,53.976967152343,53.9957986149592,54.2402938016815,54.1726728816872,54.1429637270731,54.2546359803063,54.311975842306,54.0275005593407
"107551",54.4947885207139,54.8651746186743,55.3693944221426,55.6552481847622,55.8908068953419,56.4041097333336,57.1645976212104,57.3645600151609,58.2889210020674,58.8742918594534,59.0158296762422,60.1329894537616,61.2587217111557,61.3918437972417,61.9873340219551,61.6720693888493,62.0752028822449,62.35998669816,62.0628190230868,61.8313078279742,61.3716216527454,60.169848551977,58.7451823361194,57.9800282327821,57.4625270134623,56.9327711370537,55.8434044080512,55.4809106417984,55.4684004728328,55.1622018526189,54.8274391705486,54.1139362349221,53.9322110219386,53.1859988498347,52.7361960879474,52.1429199645922,51.6444234407245,51.3591243517634,51.1520520836779,50.6598658462725
"107632",125.607500770687,126.638696348981,127.921480017515,128.398628309646,128.569588699716,130.291156779226,138.098476857429,143.219767336561,148.690119384162,151.706235543355,153.654220952187,148.397010720137,144.569776170479,140.037244790443,136.850545135196,133.459437537496,131.720792750006,129.635767227622,127.548639423631,125.644067017516,124.96102765723,123.214449068627,121.238501774974,119.978890253646,119.241081087766,119.218112597709,118.393584475256,118.250556654565,117.611179555672,115.57646002479,113.410777836267,110.825336573919,109.481755681265,107.763046900627,106.495593410823,105.140653653955,103.826495290861,102.583347821937,101.498790128067,100.03336404651
"110371",55.1252929688671,55.4930724486055,55.997624404038,56.3810789814733,56.5534314215683,56.8250392781795,57.1700417209502,57.4792178484002,58.1432654551902,58.8934208955345,59.3409568113309,60.6776485283235,62.128050028474,62.6226419570145,63.1427153178073,63.5015177008206,64.1150249042162,64.9075131625182,64.9646312884273,64.8009886937595,64.2063284183804,63.4250955959589,62.4533947990432,62.1208324412588,62.1208230446006,61.9269005006988,60.8199908253577,60.7197801367661,60.715509793853,60.2532761844625,59.9427080077264,59.3570278567345,59.6849336625796,59.9970661026164,60.2772250926302,60.2613361939624,60.3742499872981,60.5084273899021,60.5038840836027,60.147402495142
"110452",19.8178369195828,19.8520368447671,20.0555316971333,20.2813532260642,20.4432692173789,20.7725387877337,21.1867686444785,21.4792897908305,22.0099968061207,22.4868453173991,22.8172684691078,23.3299872434028,24.1178958152945,24.4955747746972,25.1621392572072,25.6344144157809,26.4080801578085,27.3118608694918,28.012736773343,28.7205575654174,29.1576134229891,30.009477951967,30.4061254228804,31.1414343361228,32.1216535146227,33.0536629032115,33.1499159583719,34.08157728563,34.8324118397978,34.9596738289875,34.9134875695249,34.2915487870457,34.7941959123638,35.1194583718001,35.551589807118,35.806032071343,36.1477038993054,36.7715807262936,37.2728603939256,37.4306643695135
"110532",33.132556856798,33.2923719938602,33.5342369726597,33.772925289635,33.914384899648,34.284881137376,34.5937678199917,34.6857719741162,35.2065273039476,35.6038324104806,35.6772677795514,36.2456751993889,36.8640256259174,36.9076116738984,37.2264460102562,37.0954866404542,37.3320475118021,37.6517398495855,37.6451534538752,37.6358135722846,37.4599320799374,37.3816268782447,37.0177854286591,36.9610030139031,36.9719412110257,36.9417136267587,36.4165133648427,36.4938574623012,36.6538674429636,36.604392983212,36.6426330121215,36.440294200845,36.9457524656715,37.1008760799312,37.4320808950845,37.5536480902799,37.8842490148007,38.2992058632876,38.711070977226,38.7314270858476
"110571",32.7048686101408,32.9458716995574,33.216715742846,33.3960775861973,33.4829250720247,33.7868969200146,34.0619139453635,34.1635939268163,34.6317296781931,35.0061001185588,35.1475334570765,35.56250875524,36.0469822655681,36.146889178702,36.5343374299316,36.654049032098,37.1644899723381,37.699711191348,37.9296170789953,38.2192913388907,38.4328945571605,38.9656871270637,39.0369692118273,39.5221597292331,40.0723002183823,40.5057318150555,40.2467658128324,40.7873938230193,41.351911650924,41.5631796664398,41.8336126710699,41.7623723950873,42.6138032524505,43.0089933074164,43.7340877554768,44.0549756548707,44.4029630162456,44.7255979317781,45.0797503642327,45.0687319205527
"110611",51.5311417055505,51.9550946943145,52.5606798277409,52.7116526340237,52.7053113867287,53.281328206316,53.6201660679348,53.7125447390067,54.3071733274064,54.6367570686434,54.7578403460196,56.2187332166732,57.4489838135442,57.7938302358607,58.3935550299011,58.4907315816406,59.2529777415713,59.4120418723306,59.2731142849524,59.0225060482439,58.805781674345,57.6619473046953,56.3756936297858,55.7549156885797,55.4256215639565,54.9767534462947,53.939118150319,53.734803740676,53.6709072010145,53.2448066893824,52.8830642896268,52.088694532639,52.0034208951638,51.4866227326227,51.266266707927,50.8551928589645,50.4789105370633,50.2169742678756,50.0768260555109,49.6928680887693
"110653",7.44571281263359,7.51003539466204,7.60852328797878,7.61890256254844,7.60716623445806,7.69299057122146,7.77864094224937,7.87897951154169,8.08920662515063,8.28659170937236,8.4958505993442,8.78395465218647,9.14092420600282,9.39484328820866,9.75853461658465,10.0898402054778,10.6797923057845,11.0966996636573,11.5551917045551,12.0027257355445,12.4170270454438,13.0482386173902,13.3510147611011,13.7661484402783,14.2943977819461,14.7108033859786,14.7960142054745,15.3577976318586,15.9555961829265,16.3008183066421,16.7341350349558,16.8758992187188,17.7000399323664,18.1569695368768,18.8106636947645,19.3143957988082,19.6844009321321,20.158260604929,20.7680397291353,21.0982349888268
"113392",85.7457173488506,86.4874778870476,87.237533981534,87.611897953693,87.3272372025594,87.2470520054866,85.7245130709641,84.3568676003078,83.5673968241609,82.9029362659101,82.0783956948782,81.4940609528604,81.26404352664,80.5739619803699,80.0488063252631,79.4608441960441,79.2956801620461,79.3515030822859,79.0405199615061,78.6054950863422,77.9891339291951,78.1639037205609,77.8354553656452,77.7372469786118,77.7066361740125,77.4513785857745,76.1852047170548,76.0377356154712,76.0573235401865,75.512787199602,75.0998185445136,74.3148729910699,74.6054099469095,74.695269522366,74.7005573912364,74.4754893163238,74.437927268416,74.5657269652932,74.6793548751401,74.4341174343648
"113473",94.4106082018878,94.7742746967811,95.5760605526881,96.1053366245727,96.0228245367709,96.6774346361732,103.930685849491,109.04418862923,114.423039016387,118.158757083235,120.022662212905,115.734311903864,112.880488649801,108.982340895134,106.382225835758,103.659685919276,101.748111109462,100.2563599091,98.6242886603901,97.0742815928951,95.3178639631507,94.1120352677809,92.7060003945578,91.7223041531495,90.8820141389723,90.0338160226948,88.4905113957356,87.6128631103474,86.8846971082302,85.9507959244901,85.0565988390275,83.6220671952541,82.9505135700795,81.9657351624132,81.1434365166509,80.2191113504462,79.4649363382094,78.8362335917063,78.1967150944514,77.2691290168642
"116371",45.0390618320857,45.4704488995441,45.8898775594095,46.2013401134164,46.2129089787829,46.3431612144034,46.2202031377114,46.1291059169717,46.2609183201014,46.4176376194137,46.3408602681859,46.4905256321539,46.6937005763943,46.5782456732058,46.516449930207,46.518877487464,46.7211912207685,46.992245587462,47.0002791114204,46.8678428158599,46.6529991749313,47.0243139882408,47.0536237061362,47.2274560988384,47.5080559341073,47.5264590188472,46.8047707294306,46.8643683605604,46.9802130802562,46.6421393604752,46.5343620451811,46.1206288431259,46.4158081443428,46.5220714511912,46.7283448126894,46.7585479986706,46.8507423974034,46.9324351270153,47.0828535321988,46.9081011460011
"116491",46.8634748843856,47.1174265742551,47.6000378131207,47.992469533919,48.0704151596773,48.64862011443,49.5261813470645,50.0233849170418,50.9777617642304,51.6105201304359,51.8392530223223,52.8559998461412,53.7887615848965,53.8562647866908,54.2410338848096,54.259292156511,54.6353619326709,55.0762956847619,55.1906452329809,55.0965435679044,54.9628603210614,54.0888692535315,53.1818936646076,52.787198280147,52.4933428592729,52.2179366785004,51.433337049841,51.3535501313747,51.3170454653453,50.9909973464933,50.8000979530565,50.0426904366524,50.0050034489446,49.7552895648738,49.7316581699863,49.4788349829944,49.4526409828701,49.5296071783982,49.7017473877096,49.4661308363676
"116571",32.6529897450784,32.9382554126519,33.2254529335185,33.405067869282,33.4481538064082,33.7927518473531,33.9642259539001,34.0592163665106,34.4249220963786,34.6382725043992,34.7210478572056,35.2544568129772,35.7171025080682,35.727113423751,35.9356841560477,35.965676430952,36.2613818466329,36.4965201380457,36.5060014671731,36.4578731901917,36.1429716025848,36.6929769132995,36.5809205016034,36.5343763964503,36.5156069672735,36.5049204104806,36.0722281495224,36.4138575967561,36.8689494227169,37.208666503817,37.5228578233748,37.4547757356249,38.0505997060966,38.3715169855696,39.1029742629143,39.4843859201177,39.7737699196397,39.8841521523088,40.1349907881248,39.9336626943288
"119353",52.5901990672771,53.0173297533071,53.5326317288829,53.9788352836192,54.1349748037445,54.5111688022305,54.7521610859,55.1862058587097,55.7669466527633,56.3723817398053,56.594649595511,57.049444957821,57.555869883032,57.5775198012735,57.6602733082813,57.8456753475067,58.1743460687919,58.5833894945305,58.67177261857,58.4929465102169,58.3582620813922,58.4436920850904,58.2630385646958,58.4093815837406,58.9386024642151,59.6036139566889,59.5284056425004,60.4027812406022,61.174855153866,61.1891923661428,61.3927527716933,60.8067635059735,60.8475835049048,60.3560744287407,59.845058810369,59.2533239845456,58.7352224559189,58.218009991516,57.9254218322778,57.2522932236011
"119391",56.8565209045237,57.3860479753,57.9314560420503,58.3139687870801,58.4034073400236,58.7247037625241,58.8798829723762,59.0948962352671,59.6756214408046,60.1447727285341,60.259237714818,61.0535880877277,61.775587021136,61.8525001928906,62.0419211496352,62.275632547248,62.7078389213896,63.0832781959427,63.1380173684784,62.8821913006772,62.4444334742316,62.041450739843,61.4670722332241,61.2940562896157,61.3652530002977,61.3482931338769,60.4836894947807,60.4560098182609,60.4745236480221,60.0732998310045,59.9793332912767,59.4907597741725,59.883661631825,59.934649280569,60.2539991678106,60.386623191935,60.4916449666646,60.4819156208003,60.6488659249214,60.3687144712649
"119473",94.392803191694,95.0023664114478,95.9215680482511,96.5728178312264,96.8922890468203,97.7003741783498,98.4701144759633,98.7902650436428,99.8442212707466,100.508940515272,100.693226446227,101.284784981951,101.859821414178,101.424429784507,101.481653340347,101.46522343105,101.710593838276,102.000086126509,102.019695094536,101.75919121017,101.097261065777,100.912326962221,100.312713671063,100.416251715671,100.591065820829,100.670842213788,99.6745387817896,99.9904078695663,100.37721905096,100.181689597216,99.9254023371193,98.6582300400509,98.6642666967523,98.009901670897,98.0418222806721,97.8116514844488,97.8518206220202,97.897962210311,98.3186548515926,98.047912026807
"119551",15.2163388880574,15.3014644550769,15.4590717268685,15.606566529168,15.7204629268234,16.0563149365662,16.3458232459589,16.6030664981455,17.0410224105627,17.4698993257546,17.8337048668265,18.3841184487945,19.027295857017,19.4688835698873,20.0930505692514,20.713410142995,21.5656174100725,22.4197683399906,23.2347836587082,23.9821602883759,24.7308158076375,25.8568833958084,26.3472641876956,27.3083889446212,28.2212418862268,28.9277673461491,29.009696254092,30.1659599854347,31.6878260766546,33.2052064262629,34.7851713459222,35.6304523163404,37.2919707133021,37.5130797363373,37.5604144949577,36.4304186598939,35.6766757247602,35.2077466805243,35.3662457952043,35.0699314229157
"122571",107.316043195156,108.444309554069,109.599421377058,109.928011562353,109.417524504267,110.041355844435,107.60373827689,105.107740330635,103.54171783572,102.181412246016,100.647461203199,99.5165808696908,98.6088021239598,97.151132536748,95.9292551996685,94.7825579669594,93.9289956418344,93.0061220603679,91.9551286596706,90.8370530555784,89.7199594186306,89.0859948715403,87.9771959987743,87.487443765064,87.0157571782766,86.3737349980983,85.2150486366104,84.6483530409551,84.1924439278901,83.5421663002714,82.789879548087,81.5928817565029,81.1528484001196,80.2787612659065,79.914123895578,79.3818323438709,78.7961803350419,78.2163630590084,77.9929083245951,77.3448857806116
"122612",14.1644792103661,14.2035382583296,14.3741775683489,14.5207314151065,14.6944469970292,15.0863454227214,15.4204283354676,15.7418242354806,16.2573905032536,16.7544594031333,17.1375438869356,17.7892629393969,18.5709421701391,19.1594728928578,19.8958882446102,20.7577975909169,21.9245106515203,23.0113488125005,23.9772265156901,25.1256528260244,25.9856514345639,27.3766347920563,28.1829920053226,29.5336188017601,31.0563764808454,32.5233316049617,33.3282457611242,35.0883360116668,36.8037687171223,37.9084215088514,38.3412350399592,37.5342117795508,38.074331824285,37.3646547926929,37.5845860808129,37.5614800432896,37.5037840809374,37.8564986533328,38.5328112341779,38.7186083690562
"125273",48.0828532320724,48.6994562194415,49.2950041425251,49.7651151828317,50.0050881010206,50.2690005355164,50.4698471487128,50.9740223090188,51.3073927220419,51.7648736500132,51.9374920365216,52.5503290984464,52.8146434085024,53.0837103087901,53.3661286627698,53.4879904107399,53.7448324923722,54.1035438997679,53.947062141185,53.8457571686876,53.6705954567016,53.3103425248493,52.8187281577075,52.6678554801445,52.7807491936934,52.8621779458885,52.2792892389005,52.2909519267091,52.1713464880723,51.9484399249871,51.7820470546091,51.5169759225642,51.7233790730918,51.8266566999009,51.9176562874342,51.6633542778318,51.5496249070762,51.4390195184216,51.5482405421016,51.2672457909658
"125511",28.7841171060552,29.0328533630928,29.3395831385273,29.4693644721916,29.4836361385047,29.8042759317843,29.9985961988888,30.0461197627551,30.3244181562513,30.6281492766839,30.7148367197652,31.2444514189602,31.7420881817173,31.775388688053,31.9046003021554,32.0664603002291,32.2265145211624,32.4290615484498,32.5485023418518,32.562263830314,32.3497523416439,32.2532769188452,31.900929244957,31.9577415198838,31.9952708783796,31.9054578639963,31.5260421497043,31.6334973911526,31.8213831634076,31.8979781113838,31.9231839147566,31.6554490418019,31.8623114119842,31.808816355417,32.0489353468576,32.2198054598824,32.4832001411927,32.6659157659873,33.1733554290119,33.2283056112774
"125551",43.1399708495604,43.4416627661269,43.9190884641377,44.1638871298423,44.2182580315606,44.7344769017932,46.150808020781,46.9573613949158,47.9518102830529,48.7938584257481,49.1162561244679,48.6608290779747,48.4455909677459,47.8235927081716,47.4837316655713,47.3806715030126,47.4714677609002,47.6187494202273,47.679540539806,47.7638251034172,47.5370861871097,47.7740174499683,47.6238598026369,48.0240489598245,48.3602782363992,48.4034144301705,47.9339948884381,48.2718942484649,48.8150369931224,49.115175219251,49.346476835129,48.9198443345579,49.3656612179268,49.533408261309,50.1737338626539,50.2645795658951,50.3410774697038,50.3267418739877,50.7639923621444,50.6845489432013
"128531",28.8155267378756,29.093471194039,29.3719948652189,29.4661379582486,29.4905846517669,29.78410836814,29.9518201490885,29.961699706036,30.1971358172398,30.4462106895795,30.4674978599118,30.8186192491111,31.1358034875061,31.1053752775423,31.1554717895422,31.2841383869554,31.4239099112372,31.6213669235629,31.6947123540926,31.7191316144125,31.5196894803212,31.5723338906591,31.3699881671593,31.5036557240431,31.6440657764936,31.6732490073733,31.350759693484,31.4626408039579,31.6394810111904,31.7265979747734,31.8691457608531,31.7866010618961,32.200653472169,32.2150591946114,32.3319419197285,32.1384264834721,32.0822984224722,31.9479977733113,32.0973836168477,31.9337141770168
"128611",54.4741689760379,54.7999224769305,55.470919454877,55.7709012874741,55.8475876049419,56.4781099196106,57.0659500972374,57.1476114366055,57.7840499649045,58.2056220149573,58.4495970798391,59.0174790725671,59.6591624431794,59.610332901665,59.5074630003615,59.7553243476554,60.2120730913377,60.6004343762922,60.6124004169905,60.6610569906432,60.5233849475422,60.4174438034522,59.754141499154,59.9556778537409,60.264495617908,60.5556446334548,60.4612125653849,61.2120380292615,62.1248385396852,62.5930344451422,62.7104772696595,61.5592767028223,61.3877693162314,60.472883661767,60.2677261286549,59.7015376479975,59.2553547999363,58.8500104845074,58.6956924366881,58.2288586154532
"131591",89.5275314614129,90.1565793757708,91.1494367803328,91.8027914928897,92.2749442003695,93.5502459783818,95.5849189350797,96.6095849849459,98.4265296543389,99.7617121137614,100.466025990327,101.144043246781,101.797091675035,101.601064143308,101.05829982237,101.100033010823,101.380642597249,101.785423569363,101.568836811553,101.199029725035,100.216467284811,99.4066163915014,97.9571916587121,97.6795552450741,97.3383002215019,96.7021483347005,95.4981295308424,95.1618379239362,94.9952274295362,94.7100517863061,94.2979003427664,93.1110146827595,92.9353562722695,92.3044106783615,92.4125729791979,92.0063936499366,91.9055875653688,91.7220836039114,91.8439801416783,91.4873241787668
"137551",125.473114496555,126.493049164538,128.054706546105,128.861428131794,129.609946007273,131.470877337055,132.12370808007,132.209043952634,133.494953504481,134.639403024027,135.31255076901,138.625292237136,141.140926733594,142.559907898357,142.831495165399,143.877182759013,144.940213612154,146.29769919006,146.869576508945,146.984446852288,146.163963885817,144.607019967999,142.103680074271,141.23551682586,140.79219616985,139.920802850023,137.781996347896,136.987854986292,136.727273730517,136.076523792914,135.643913075447,134.678112276572,134.521011464463,134.003711262387,134.525127842491,134.101193892069,134.563842048906,134.551462419294,134.949861748619,134.645860499753
