"plot_id","1985","1986","1987","1988","1989","1990","1991","1992","1993","1994","1995","1996","1997","1998","1999","2000","2001","2002","2003","2004","2005","2006","2007","2008","2009","2010","2011","2012","2013","2014","2015","2016","2017","2018","2019","2020","2021","2022","2023","2024"
"3293",4.86109804215584,4.83800173813428,4.8238239244473,4.79899210789456,4.78189532334893,4.75854892694097,4.72755362386608,4.7069154203282,4.70224284128458,4.67975662766083,4.6838772976821,4.67865599671926,4.68509133423021,4.69673320260037,4.69374002553882,4.69530869792997,4.69223186713037,4.72028861640825,4.74744739325013,4.75759876144508,4.75845142971699,4.76847464302543,4.76404428968823,4.75641476526661,4.77903693375879,4.78369991958873,4.75367738606808,4.75565104618273,4.7693452804741,4.76956014408418,4.78267083100034,4.79401359673503,4.8050952961958,4.81453174001867,4.81181837391655,4.8008362081165,4.81205602490728,4.83937596294517,4.85214837943744,4.85032586412358
"3314",3.01214052839816,2.99316568288143,2.9849260248156,2.97563004290915,2.97637540324281,2.98081555875791,2.99192375889504,3.01111246084436,3.04326470546189,3.05989966879045,3.09794868516805,3.13970298965049,3.18866612602336,3.23761518873237,3.26688751882314,3.29395193023334,3.31551852745403,3.36638558620399,3.40841436455264,3.42421060247007,3.41613665677511,3.41496628025576,3.40576536361876,3.4003195604146,3.42934707944737,3.44549716081582,3.42856901356299,3.43717334873776,3.45322362550286,3.4523428207252,3.46025448555362,3.46854503957637,3.47778538387921,3.4871154829586,3.47639251623597,3.44956305432033,3.43801275882787,3.44101142902673,3.43552093588314,3.41939916509613
"5311",4.36360758639687,4.33894957824206,4.32820463039727,4.30645944611058,4.29518767813676,4.28574382146202,4.28176054588285,4.28645955821255,4.30183952213417,4.29447100707587,4.31106443134808,4.32756238977321,4.35235071241257,4.38144451503058,4.39381614145728,4.40274598409236,4.40982242610043,4.44570771126636,4.4759094363828,4.48263903105071,4.54108427764734,4.58009006126961,4.57817983702136,4.55054653926987,4.54545987358137,4.52517753839529,4.47609019347718,4.46519914499958,4.46412297685689,4.46487021150845,4.47948647397206,4.48208130292142,4.47713155916121,4.47453407442012,4.46073086715491,4.43993385255859,4.43394093345975,4.45695223950941,4.47506924846875,4.4767585112137
"5333",7.48365864680762,7.44543097714417,7.42895309251351,7.38842619948029,7.36264913780392,7.33155497249463,7.27441655604241,7.23812901129967,7.21989076602371,7.16459329717439,7.13595759484152,7.18417972881316,7.23982538807293,7.28781054671028,7.30544546445228,7.31488972875754,7.31872856143184,7.35282851625433,7.37032495998796,7.34939464916646,7.25582802595977,7.15348925442608,7.0519817170045,6.97176768233762,6.92413128088606,6.8578583214291,6.76693733486882,6.71009613408274,6.66031818707928,6.60336123014014,6.55941681210342,6.51482475288752,6.47296700627666,6.43381416477529,6.38945570019972,6.33298410305311,6.28111857601371,6.2473606421599,6.20879574545705,6.15592463463449
"5371",2.97993757528324,2.9635545936447,2.95750069436832,2.95039406438758,2.94588131540263,2.94286255973368,2.94576292171356,2.95661750906123,2.98012120070553,2.98275243176781,3.00243694729719,3.02968031913401,3.06303716856929,3.08611873720106,3.09908366279045,3.1084478776324,3.11607491980196,3.14572373237267,3.16738759625143,3.16854476078146,3.17338463324612,3.16481793024114,3.14476892637758,3.13104916959024,3.13260972919627,3.1253102944056,3.10123685963435,3.09630655363887,3.09874237900103,3.09308651750102,3.09407937883538,3.09349684900755,3.09503664558006,3.09675350241749,3.08912906881497,3.0761328126778,3.07055245741213,3.07676716729327,3.07679549958999,3.06355054002087
"7271",2.8230578941862,2.80205077517439,2.79535797235836,2.78803695409329,2.79178956722788,2.80483438546956,2.82137605708148,2.84718522699468,2.88286263744036,2.90150469610841,2.93627407839454,3.02040573795637,3.10059794206385,3.17578644297286,3.22392006516405,3.26454440074299,3.2930383015123,3.34991783619519,3.38353553079405,3.38799437374293,3.38913761421103,3.33026675592813,3.27118896213553,3.22351438996187,3.21033502723341,3.18633143522124,3.13201826059178,3.10907487787348,3.08903650383819,3.06608510155983,3.05246044868556,3.04096500616947,3.03471609647733,3.02548452412052,3.00766495742347,2.98677367523807,2.97902531357761,2.98950068001937,2.99172405068083,2.98256983100352
"7351",1.91841428378081,1.90483744173881,1.90115785825206,1.89671913526204,1.89853736790319,1.90446197101639,1.91339051652585,1.93009209095758,1.95881016320862,1.97068000884403,1.99480170091309,2.02952839820357,2.07138386108036,2.11307962533899,2.15055528417652,2.18865155552074,2.2330094080253,2.30132466792821,2.36827011143825,2.41852693434522,2.47887627416447,2.61358516541588,2.67461225991393,2.70630983855881,2.77091706584496,2.81667196316895,2.86637475426395,3.08329460845776,3.44029898431209,3.8330577435738,4.17206701726517,4.3352339185547,4.28502163693436,4.08545437869862,3.87887707472234,3.71448156809793,3.59921611200211,3.52431206553416,3.45374183992678,3.36941271807709
"9251",3.54741038262047,3.5170381402556,3.50911792069684,3.50558469573933,3.5220640736678,3.55828100383638,3.59877307600415,3.65352706250655,3.71934666455933,3.75803357895028,3.8138208540679,3.91365157890298,4.00914922460331,4.10577425117653,4.17220725359626,4.23558628052739,4.2934446404141,4.39404401909232,4.46591015773336,4.49950233184911,4.59151467243565,4.56261358753779,4.52529816679446,4.4934659343626,4.52267435778335,4.53223697355396,4.48136686178607,4.49184148262692,4.50873662601223,4.50772932798712,4.52938400675809,4.57300605558387,4.62794391933138,4.67487863580573,4.69131152753466,4.69448383524786,4.70985727401368,4.74798777610625,4.76265102389591,4.74666977110059
"9271",4.91720902514753,4.88588179970036,4.87642403702823,4.85575402807384,4.84679151621086,4.8442189595364,4.8471024875549,4.8641441884538,4.89418318343354,4.89652011026651,4.9181963065481,4.98301840873625,5.04750084961019,5.11284314769771,5.15084100312741,5.18667951474387,5.21342344942069,5.27654559393069,5.31610652136447,5.32715081459904,5.33162068877263,5.27768756581512,5.21815711825695,5.16923789256994,5.16450045439295,5.13883211706344,5.07013102680418,5.05275625869526,5.04264055386187,5.02424160425822,5.01880964959512,5.00916432355037,4.99949834361145,4.98121392651586,4.94946099164724,4.9162893752195,4.89413396329229,4.89661230470229,4.88824340611041,4.86155675115927
"9291",6.27968817081411,6.24788016915482,6.24124566259292,6.20868843907055,6.18734846155785,6.16724408133211,6.12344981083014,6.09303158768681,6.07380806999264,6.02162882188298,5.98888987296784,5.96741292201268,5.96050298216571,5.96138514522661,5.94993406558426,5.94493811313252,5.94412794095152,5.97604051170238,6.00685012857778,6.02787336061943,6.04723900927843,6.18930906624515,6.25780240034289,6.25124564432468,6.28792845952478,6.29550958821971,6.25471390778683,6.27525878092336,6.40265790912142,6.69976053692177,7.20103719294346,7.82420315889954,8.42167074586933,8.83765764750478,8.90032880825076,8.66164338639594,8.34628245431873,8.14580636690589,7.96986481001919,7.78103590296971
"9311",1.29271385767963,1.28444828134004,1.28238683307648,1.27783833038758,1.27727038348555,1.27890021557609,1.28462792870889,1.29721781513369,1.31709355902472,1.33075063000432,1.35420796893822,1.38946424454978,1.43690590416387,1.49459904895371,1.55178446128369,1.61656859575578,1.69205696194238,1.79569337822762,1.90760184654385,2.00549112383083,2.12587557439441,2.71061179729593,3.06760686977935,3.20879448296379,3.22501233735192,3.08634290692404,2.93972363199664,2.88611908773,2.86480626613019,2.83823981390121,2.87001540846579,2.91775561837124,2.9358379207926,2.91218466972092,2.8790900474385,2.84585344348914,2.83601456765189,2.85262078231976,2.86446236111565,2.85688535180996
"9331",4.83706372075088,4.80899555827089,4.8025979524921,4.78816596129371,4.7862472270609,4.79211318310266,4.80668124077535,4.83157344336132,4.86807849342072,4.86291846496151,4.87368470368732,4.95160666618834,5.02662928336356,5.08885796799302,5.11819093641419,5.1351868170749,5.14971415372964,5.1881736483519,5.21993832322852,5.21629976985976,5.12583936202076,5.05830906350785,4.99285254002809,4.96697403353818,4.98868352191637,4.98013624117556,4.91513761669564,4.85338035407587,4.79341115203686,4.73498203752129,4.69407984495758,4.66104344945414,4.63497662357237,4.60668064523363,4.57344803168959,4.53855043596314,4.51495835042691,4.51710756439601,4.5266210507176,4.51881444000577
"9351",2.83317856241677,2.81371760494,2.80920242202222,2.80172770168382,2.80303906958952,2.80886071454905,2.81623563790944,2.83243236663537,2.86240133250946,2.8663452712563,2.88425199884071,2.92629902651017,2.96837209593109,3.00369983432398,3.02730085468514,3.04474646692807,3.06297493232434,3.10028992647216,3.13441087115054,3.14636620346651,3.1406057639178,3.14444221483776,3.13765812437023,3.14512354452209,3.17392871100668,3.18565216287195,3.21163519501138,3.34198124397474,3.54358317645985,3.74164869501104,3.88937767176879,3.92757600501946,3.85675090509801,3.72406526140392,3.60664062837529,3.50777713480628,3.43024212301065,3.37724587705824,3.3423232808106,3.29217828349533
"9374",4.04037222410334,4.0124638246385,4.00447699314254,3.99047615726129,3.98702356499083,3.98872045478603,3.99246916812345,4.00669829948505,4.03769036140465,4.03601262526968,4.05111909315482,4.08203502261461,4.11542827094368,4.14249776988792,4.15768860414936,4.16737446494239,4.17903231718699,4.21314239191006,4.2451177882318,4.25535733569097,4.28854327316884,4.31683170311491,4.31969016865986,4.32145801458252,4.3324891674457,4.31818689648562,4.28071036798312,4.28014000500225,4.28825497096949,4.28565646632123,4.29772951475785,4.31045012611794,4.32982760497128,4.34622260233728,4.34380396991077,4.32594323952792,4.30769808856687,4.30084501166672,4.28866715028254,4.25568640133083
"9433",2.86600909937487,2.84716531994997,2.84320707286344,2.8352571826817,2.83040136539794,2.83069756916593,2.83487700435144,2.84286191265462,2.8603181098234,2.85617874026314,2.86951863020163,2.88081333877911,2.90439775705995,2.92109180587238,2.92943430436281,2.94032640497801,2.94959724799839,2.97567687636882,2.99865539365108,3.00968477342524,3.0129522642848,3.03381559588174,3.03427304783953,3.04516798228749,3.07678099914172,3.09285965924158,3.08485582463467,3.09231104672236,3.10603134405387,3.10775746968634,3.11591794438809,3.1151594911456,3.12516550958361,3.13067170667217,3.12200011887778,3.100022097049,3.09008714549742,3.0970999539477,3.0953557340218,3.0754475895171
"9451",4.2455548571107,4.22216141509083,4.21666394740321,4.20290188094818,4.19151714635774,4.18743742183605,4.19003846548,4.20233194128843,4.22912480839417,4.22335806360558,4.23946574453155,4.2594026345372,4.29129170901607,4.31009686701184,4.32447028955741,4.33942501250154,4.34863549955999,4.37690266837061,4.39353120654387,4.39842604519135,4.39766103614775,4.4151922080773,4.41108031905559,4.41047852062336,4.4291656504915,4.42582188138618,4.3966957015027,4.39579685423672,4.40708938947584,4.41315325529322,4.42947390177907,4.43041590067916,4.44069911507427,4.44399350268317,4.43626836455083,4.4216548787461,4.41751033180212,4.4362252990824,4.43509241984634,4.40636919533126
"9471",4.70228867431945,4.67520420540813,4.66901834839889,4.65482529794196,4.64585337622198,4.64862671539241,4.66087923767924,4.68628786551171,4.73218308148143,4.73906464417668,4.77307587320003,4.81062274963122,4.86267085131076,4.89796364997442,4.93191892487387,4.96505681589649,4.99014139288314,5.04046603674688,5.07133704471618,5.0904213852352,5.10088067377027,5.11704788608136,5.11147512502538,5.11989910625572,5.16006552931759,5.17416825915117,5.15103016585448,5.16398076449327,5.19196124983944,5.21008792042766,5.24086755590485,5.25179952505441,5.27396107009563,5.28797081414692,5.29138356007435,5.28522897392239,5.29255856989755,5.32934369127239,5.33968722559063,5.31226308004995
"9511",5.27880270707373,5.2527845646031,5.23778309592501,5.2168212793598,5.19866802525452,5.19273540514469,5.21086249437587,5.24102244248542,5.2853186068869,5.28244245340895,5.29971713432926,5.29224435090678,5.30306222979241,5.30188424583925,5.30231859449869,5.29760945308867,5.29573873751848,5.31730446045467,5.31809431608983,5.32505039332393,5.32905220571281,5.33918113382928,5.31451066053116,5.29435643197165,5.2922539891365,5.27814809708851,5.2377843804895,5.22523352685201,5.23328216698144,5.23983535775198,5.25514361399189,5.24302339280061,5.24189991081501,5.23781106452004,5.23790591178881,5.24007487856412,5.24509997714641,5.27493001813283,5.28469266881915,5.27415112626774
"11252",5.50839402433407,5.48259808417172,5.46922713033628,5.44175058919595,5.41829319343302,5.39590919418908,5.35344629362972,5.32263288376831,5.29721746163733,5.24690872414683,5.2052928411836,5.16060338469074,5.11818043461423,5.08309029530267,5.03817245443845,4.99471053200998,4.95252830953182,4.92664346850285,4.89971632644072,4.86892944936673,4.84402422557392,4.81755992209216,4.7823902054471,4.73964740776777,4.71676710544895,4.68605038929109,4.63644971822315,4.61374498661329,4.5950838087235,4.56834703923104,4.55392292739071,4.54298748808694,4.53566098245972,4.52229463540216,4.5047223523617,4.48438901855521,4.4682484769966,4.46251766400347,4.45358922105218,4.43129322520737
"11272",2.13496836143925,2.12223655480531,2.11707904538737,2.10806911938518,2.10299558984089,2.1009738023718,2.10175694887082,2.10929440466533,2.12146220012699,2.12123673089541,2.12754046594919,2.14249076561059,2.162355542098,2.18867218795062,2.21000002430623,2.23380934831175,2.26289285120627,2.31125677717601,2.36042404774409,2.40285313631687,2.4432122388455,2.50416196335458,2.53920293624818,2.55978722223583,2.6168347414392,2.65662844130482,2.65601278237717,2.7200259639536,2.82426280996996,2.91991870448446,3.00774106148056,3.05284357620322,3.04268251862977,3.0375282212563,3.02470170180459,3.01326698679698,3.01796222092853,3.04859313748252,3.08284736772025,3.0921764495419
"11331",3.42545439835423,3.40740147812291,3.40209303462115,3.39207049771259,3.39330311338863,3.39694457903473,3.40742342410178,3.42177386887669,3.4494178533603,3.44938745918957,3.45364477828252,3.46934153581293,3.48233679877243,3.50208015521798,3.50404396155108,3.51085114859545,3.51826638235271,3.54320240287197,3.56811907341311,3.58010882550183,3.58422469264213,3.67501577816475,3.72372987263952,3.7566927246418,3.80597193389997,3.80660614146403,3.76768962153491,3.76886923341162,3.78027493026821,3.76796262294558,3.75806429336296,3.74306108456361,3.73376268529966,3.71870585364609,3.7028651825918,3.68238043729315,3.66931998490905,3.67098237508246,3.67034866820853,3.65419896892899
"11351",6.99336440515589,6.95416048301016,6.94506724415955,6.9173579244599,6.9098803622246,6.90454714515307,6.89960880631049,6.9106582990979,6.94875310990118,6.93463946777044,6.93636142115665,7.13974804167941,7.32786434706191,7.49888814032624,7.62472742591085,7.72114446222546,7.80129111066969,7.9013782783703,8.01027201024326,8.05590274984831,7.98181012431501,7.80496675462682,7.63336169395833,7.50018400240685,7.43360565027758,7.35041886227835,7.23125120028125,7.15997945574644,7.09040274497796,6.99757541276232,6.92342395704682,6.85266858617342,6.79036643953359,6.72149803726966,6.65354069277503,6.58178443542725,6.51942232621724,6.48145732176222,6.44632051006926,6.38822985022886
"11374",6.3935984487419,6.35775258101412,6.34925218330191,6.32313790822178,6.30975906226531,6.2974522274522,6.26372782123578,6.24538789034469,6.25367297101396,6.22194825535449,6.20228343675981,6.23122319472406,6.25820592524937,6.28187123840959,6.29128933746179,6.29093855887159,6.2872526298956,6.29826297309929,6.32193056983134,6.32526305704927,6.31832746221971,6.27346404711043,6.22188202441555,6.18435916510843,6.17227705357891,6.13762285290805,6.07335653797088,6.05073320011121,6.03886322070666,6.01558192485616,6.00181627890507,5.98674131044502,5.98872582571906,5.9836858973338,5.96267783057996,5.92679924497939,5.90044045774703,5.89722642637581,5.89648016624893,5.87049851074842
"11392",2.9893480423786,2.97042130017528,2.96597413654303,2.95701898322218,2.95298362369194,2.95445159080558,2.95933842331361,2.96580951957375,2.98690455047745,2.98092127123787,2.98188897260088,2.98957012520044,3.0011288678692,3.01422190344506,3.02661444687878,3.03645138090887,3.04797661652701,3.07177607138649,3.1028226434317,3.12160836527957,3.1518009238367,3.20669109850263,3.23602280687805,3.24995648624229,3.26659085491121,3.2638593163553,3.24336342484771,3.2494575172235,3.26526212119248,3.27487691630502,3.29042832191995,3.29941293708621,3.3087781576284,3.31190581619367,3.31374648334037,3.30797407711342,3.31003973231616,3.32688061497022,3.33835982751724,3.32958573423853
"11411",9.83175940124513,9.78973914122395,9.78186539483914,9.7468821194694,9.70863068983858,9.67255449603831,9.54892720651637,9.43675004230776,9.3591901045989,9.23209403449067,9.12728703911556,9.03499131173386,8.9512078758408,8.86591912121268,8.77532715940032,8.68304649749429,8.59093315253781,8.5148256971991,8.44089712570873,8.35489558015165,8.26847742383844,8.18608562049172,8.09624075894872,8.01628228470258,7.95451588473309,7.87334366726001,7.7779349016603,7.70295000894759,7.63786356010531,7.56627254952522,7.50237886303918,7.43430964759605,7.37465045282646,7.30937980595743,7.24422569517495,7.17556609084091,7.10969231446989,7.05659401531953,7.00096899570898,6.93441350188001
"11451",9.91699939059258,9.8554430116893,9.83699283391924,9.80591313853469,9.78020196910673,9.76779728630886,10.0281283446755,10.2789390351747,10.5458655357469,10.6075256283689,10.6873491023603,10.3800646962721,10.1749658509121,9.984166208718,9.81459458504839,9.67416141321077,9.54055696986444,9.43779452455006,9.33366191509284,9.22351661234108,9.11040338192171,9.0101786861709,8.89570541226636,8.80521913252348,8.74509038023182,8.66654985700579,8.56500459413195,8.49850651489386,8.44807805780433,8.4005600448358,8.36198923754871,8.29571354805232,8.2512460346232,8.20285101782368,8.15447322354903,8.11252912875819,8.10961207272046,8.16296883833572,8.21457200765729,8.22855866588042
"11531",4.61517117723664,4.58932026427431,4.57835231853719,4.5643146187386,4.55859112879781,4.56728824775963,4.57324888579046,4.60720550206979,4.65994658260941,4.67211287594017,4.70909415817045,4.79862913438936,4.89577045950558,4.9737848688783,5.03870901111611,5.0841928983024,5.13056063670227,5.21036799154632,5.23754861161403,5.26727397514119,5.24437077693212,5.22133075009791,5.18060267122669,5.17364298850756,5.19453122009701,5.20566503470258,5.19047529245512,5.21230467738638,5.23189845182315,5.22658622103014,5.23062685035805,5.21166995824783,5.20914202600711,5.19327033666967,5.18184514180449,5.16970900391583,5.1641057792155,5.18027417374041,5.18369792296572,5.15882735971049
"11571",5.41907351491733,5.3947080398348,5.38165428244531,5.36356744143593,5.35298833626287,5.35472015937419,5.3476246532843,5.37872307114956,5.42467167251386,5.41466457053232,5.43276571063373,5.47094493374118,5.51254341307629,5.55398674525343,5.5890429048098,5.6060357802177,5.6261963674014,5.67922205975984,5.68855766487723,5.70203488617712,5.75210245513247,5.74691193672674,5.7400229859696,5.81626186358068,5.97651723427433,6.13165786421456,6.2039712755711,6.27352078198064,6.27869958076689,6.19635888087231,6.08699762555024,5.95687505397024,5.86443026928286,5.76851011166408,5.68663922942281,5.60699941861823,5.53227329631028,5.48098066464297,5.42216000574041,5.34811123308082
"11591",1.39989301864777,1.39197848229452,1.38887269399452,1.3852773476182,1.384261518359,1.38848424702558,1.39277678352056,1.40463736309426,1.41917951828503,1.42061420590245,1.42664111502313,1.43918855784884,1.45650262112026,1.47282036760613,1.49228286480756,1.5091622580783,1.52490778109475,1.55268254592596,1.570885169509,1.59282488801358,1.61311428895674,1.63792147938812,1.65273323013065,1.67634642434704,1.70844699410195,1.72906332094293,1.7313125745826,1.74849498727453,1.77228738334792,1.79326324690211,1.81866022406162,1.82908535448225,1.84962027389814,1.86501953526543,1.88164748190674,1.89279596208755,1.90390754557048,1.92359816989614,1.93471362450728,1.93688047361324
"13254",4.36404518384904,4.33975603089148,4.32729670170479,4.30857052597011,4.29640153383354,4.29481656564737,4.29302579918519,4.30668531168978,4.32742374760951,4.32175880461725,4.32923044643564,4.35269311178606,4.37308445848322,4.40468774326322,4.41978079033875,4.43169904704591,4.44755529700644,4.48988566119879,4.53823886539966,4.58039174908156,4.61860838158577,4.64792912974266,4.66690612161149,4.67639503860268,4.71951895593239,4.73681648429512,4.71145875543647,4.74996796610947,4.81135245657555,4.86279120983775,4.93508450958271,5.00495876880234,5.04360279201609,5.03157198480171,4.96015876382033,4.84898122299573,4.76048537621983,4.70390677137612,4.64808872224538,4.57379550222822
"13291",3.99745758806775,3.97347032636454,3.96430354643926,3.94929152740665,3.94254320983436,3.94249910504551,3.94697266616226,3.96046313308706,3.98330714978814,3.97773734179487,3.98453342265045,4.09758137498267,4.20565600658103,4.30738842131912,4.37275338150074,4.4211092426742,4.47311627084598,4.54665686419758,4.60166572621183,4.61303142102739,4.6119726719831,4.48489660954265,4.37637873428522,4.29014268242247,4.24546697544662,4.18527985147227,4.09746414418959,4.04573681122619,4.00357483436058,3.95417489116873,3.9201468319761,3.89255497331026,3.87103494019604,3.84527053469166,3.81501564958297,3.78096637116785,3.7555615446182,3.74909544867941,3.74140447751071,3.71912722320595
"13331",8.93872585675512,8.89626154904164,8.88234774357877,8.8404382395747,8.82662211400516,8.81634687432731,8.80996887539132,8.81647501123432,8.85250891578636,8.83205101294184,8.82562972327176,8.85477914994152,8.87157997958585,8.89950862972621,8.89570609000436,8.89603631526146,8.89500126989611,8.92643162913738,8.95282554634075,8.95372164320999,8.93786907291214,8.92632001029589,8.89247070565224,8.87693409563353,8.91902447508216,8.91296460527716,8.85857471187716,8.87316401293332,8.90244546956531,8.88256714570636,8.89363834280205,8.91495579980308,8.94672320868685,8.95461426629217,8.95215985745957,8.93497189368807,8.92778554745683,8.95054313030693,8.96652833586125,8.94635136902341
"13351",4.29918180024338,4.27043921056687,4.26552189689836,4.25544560219058,4.26899781336038,4.29534812846171,4.34031641962286,4.38994543166648,4.45786884578614,4.48177977307809,4.51136584417296,4.53867935535735,4.56390217966328,4.59004800450073,4.60229144177916,4.61218256480039,4.61840010718673,4.63726621730678,4.67166230624401,4.6935313665115,4.69868127271891,4.71771989149443,4.72894511753239,4.74757568949759,4.86520901928156,4.9909386336476,5.06545926952267,5.15490989486979,5.1991970882143,5.16277178530756,5.12688495957353,5.10455951790593,5.10481182126504,5.10746601114857,5.09143685671714,5.03430069378812,4.95399837194852,4.89297894225103,4.83887637469243,4.76726721823226
"13391",4.33250003627064,4.30778605524082,4.30297685397771,4.28712805639946,4.27781535236705,4.27693718236543,4.37066179713436,4.46358580654574,4.58371734623202,4.6315692948942,4.68433105605941,4.61544407468746,4.56390448420684,4.52408869336589,4.48772402115702,4.45157997347605,4.42007317302038,4.4025824448912,4.39584180459406,4.3762133691884,4.35099196731751,4.34091870483947,4.31746074749379,4.29294936318049,4.2924858086746,4.26854121543188,4.22878917098284,4.21358583661522,4.20906203946226,4.19535262698227,4.18992139364592,4.18266369388338,4.17811121527097,4.16333480907081,4.14606623155634,4.1232858817793,4.10789172895597,4.11267280345527,4.11347445633301,4.09411258671666
"13411",5.04946517191394,5.02057190648445,5.01439686439094,4.99837049932768,4.98815784268195,4.99002753345854,4.9965823252127,5.00561449414304,5.040353156525,5.02999789236399,5.03515252474443,5.14922992053988,5.25531760271067,5.34745978987618,5.4210397647014,5.47764220294151,5.52589460580662,5.58912747267989,5.64856540327203,5.65865359260047,5.70622626706354,5.5833361221167,5.46522225824053,5.37755274794786,5.33616984163733,5.26801160475668,5.18535256953477,5.13441297163936,5.10227290398726,5.06060170377375,5.03359633279608,5.00155047962201,4.9708409935665,4.93412856266772,4.89543841665107,4.8512726397819,4.81266695887362,4.79585410692337,4.77380513369721,4.7307743992577
"13452",12.1177614692047,12.051487012535,12.0185424408726,11.9859059087331,11.9573266226761,11.9625477979556,12.0788641454668,12.18576361889,12.3285697306483,12.3191196147607,12.3520765736628,12.2885790566085,12.2478268500392,12.1993846908384,12.141605852244,12.0940147548788,12.0465017122505,12.0282412611324,11.9979543591346,11.9493669952853,11.8949756789467,11.8395984685959,11.7590919522681,11.7143339509996,11.7129051061283,11.6675170049579,11.567094484481,11.5159843439872,11.4851522118007,11.4474440573179,11.432603076307,11.3899448313076,11.3754201734271,11.3486455843152,11.3080941408074,11.2544180385305,11.2091437055101,11.2055141574391,11.1781970680111,11.0955878078569
"13551",5.80392024489869,5.77499161962964,5.76300945023921,5.74068388806116,5.73081936080655,5.73203194175757,5.83773348429875,5.97411387333307,6.11972112288456,6.15103781509285,6.2006151237103,6.10190520259085,6.03346954857868,5.97438482505806,5.91655184099465,5.85301735449721,5.79574196024079,5.76624818821532,5.70868645499786,5.65732915931981,5.5868322168572,5.53796440753078,5.47459340299407,5.43587348330575,5.41627647482547,5.38300965528148,5.32894326502359,5.30739725554196,5.29507354652807,5.27952078438266,5.27902697725098,5.25965957828081,5.25714072174273,5.24196926344223,5.23248533946879,5.22076821436815,5.2149064744311,5.22917400150892,5.23573394204772,5.22125167153831
"13571",1.891029764369,1.87846930136683,1.8739246213152,1.87086789666939,1.87666487508379,1.89179844490516,1.90850556810387,1.94533721564883,1.99435001618804,2.02215307404378,2.06774801043509,2.12523899372136,2.1914454483121,2.26097353267474,2.3338817129639,2.39714925148316,2.4691249703072,2.57113068420145,2.64194844498617,2.71651028380693,2.78657910225877,2.92231732369452,2.99327846854776,3.06469750933017,3.14389373721199,3.18208403140836,3.17650138733632,3.21609529556686,3.27168570998186,3.31761482562073,3.37760283370871,3.41006382458011,3.46515654759071,3.50886186152221,3.55369549834622,3.60029872571126,3.69184574883516,3.82711686479276,3.9411337467674,4.01702151529219
"13591",9.99438564624642,9.93990734591339,9.91658164936365,9.87798630436786,9.85733244350005,9.86602812093265,9.86681131902887,9.92953536513588,10.0050553363999,9.98823777518376,10.008446546247,10.2837059395201,10.5637803537751,10.8036201835804,11.0330386871054,11.1897163819968,11.3258347312439,11.5345483425963,11.6098076334566,11.6891550932103,12.0463583215823,12.8797069119228,13.2710553347648,13.3081040088644,13.09246737194,12.6191725051834,12.1291043342316,11.8119154178516,11.5751953019541,11.3469532295306,11.1666768140611,10.9513707340147,10.7997352131815,10.6446889303168,10.5171715723195,10.4004697850867,10.2920191155885,10.2138521296945,10.1509292164425,10.0594596509883
"13611",3.87515078707347,3.85189758724177,3.84261492969027,3.83058850675775,3.82578184152088,3.83389354836815,3.84212865767647,3.8737157836167,3.91388169161444,3.92125791623577,3.94393001104164,3.98037654440297,4.02870467382201,4.07137903904446,4.11979208521607,4.15786367272947,4.19375740735803,4.25990420084184,4.29467357169468,4.34156868894091,4.38642391294221,4.44534570931081,4.48139253814246,4.52361426498211,4.58602867492659,4.61989977610376,4.61351300724463,4.64960000998941,4.70241629496342,4.73620160244676,4.77688845540259,4.7727806545101,4.80048236851232,4.81570329593963,4.83583915616688,4.85238422014602,4.87913050111025,4.93304744641911,4.96520869605589,4.97439168671166
"15291",5.7691414978284,5.73633028261717,5.72713896598097,5.70529666715013,5.69086626055582,5.68798885296601,5.70530698711455,5.73532087308512,5.77508186192871,5.76683106831822,5.77023941664137,5.77290673143358,5.77600757429271,5.78991716231458,5.78302295646326,5.76885591525784,5.76331123318134,5.78430014292919,5.79394419911102,5.78792003882521,5.77653978486163,5.75771370706057,5.73664959562117,5.71891490706689,5.73730119369259,5.72590882336224,5.66897407384119,5.66028223532755,5.65985453041136,5.63825579408441,5.63509579755795,5.6373574573083,5.64632502296547,5.64551196842051,5.63331023545611,5.6087838068334,5.59408347208145,5.60522830573209,5.5959270341065,5.56088150948027
"15313",4.8743691935103,4.84523131834983,4.83569733984506,4.81985606547895,4.81665965643834,4.82732888463573,4.84641693717045,4.88445900466454,4.93862776248519,4.96354679851127,5.00158562275565,5.05956723613366,5.10974898784888,5.17643873718141,5.22177019178728,5.25655297910118,5.29462017586042,5.3718741421057,5.42056899120264,5.45231535214917,5.47484299231735,5.49277265183825,5.50422370357084,5.5227712822494,5.58895441472201,5.61390334197561,5.58010788279927,5.60675537517283,5.64601491530049,5.65237945599314,5.68007802107036,5.71662637075694,5.76019931902313,5.79347672140052,5.80466718382029,5.79895808292764,5.80921345453512,5.85662410080667,5.86931044365185,5.84692805364952
"15393",6.07869552003369,6.04148144392887,6.03132037666599,6.01376403821129,6.00656054997737,6.0173706395416,6.03476509728861,6.06330070321643,6.12537086991337,6.14510224539173,6.17875749383314,6.34225918245468,6.49191381091409,6.62688482560103,6.73374637918637,6.8168926719832,6.87758995472435,6.972855966374,7.07374860314581,7.12574295094151,7.25856003315358,7.33576088758976,7.32205862302332,7.21499428443709,7.16716448557182,7.09101990142598,6.98886734082798,6.94902777117901,7.06608816816141,7.31787004940681,7.67124112213094,8.00083507789153,8.20104006234965,8.23807681499472,8.09734678082427,7.86143204030938,7.61822857700424,7.44451631215679,7.28140615211816,7.09809228145348
"15431",16.0106837721872,15.9197125262039,15.8705466601997,15.8281434253139,15.7712628005057,15.7664314763171,15.7889206271456,15.8214946317687,15.9066334867554,15.8772169171196,15.8896954953056,16.0307798715509,16.1648831778867,16.251669267331,16.3077739790864,16.3482592818493,16.3639672937152,16.4298529067971,16.450242797485,16.430644107084,16.4257718936627,16.333879376157,16.2126717490271,16.121982007601,16.0808439540367,15.9607873893257,15.7718566091687,15.6731444268133,15.6195609373687,15.5515441756304,15.5069769696817,15.4204468741455,15.3487088506874,15.2724750042221,15.1732960105239,15.0640468753789,14.9630328647967,14.9163659925495,14.849643737145,14.7143685654916
"15474",8.26647476629002,8.23318688825166,8.20672239963043,8.16788383650979,8.13463497809002,8.11210833131379,8.05139159576857,7.99660967314072,7.96415088090686,7.8882796860737,7.83349002446166,7.79706183510041,7.75888861856888,7.71866020768777,7.67257881137327,7.62932059547929,7.58981981236131,7.5620389900937,7.52868015823687,7.49078664583344,7.45141960970125,7.43468993997172,7.40116766792631,7.37536859604525,7.35932572164294,7.31751156588476,7.25087867513073,7.20557078566818,7.16888481232092,7.13420329009937,7.10944117394089,7.06976599613273,7.04285138410894,7.01110256843753,6.97278864653262,6.93047342145532,6.89117107592491,6.87328466558821,6.84940744357152,6.80303277038838
"15551",4.27476991155854,4.25083799984708,4.23955836288623,4.22166106004378,4.22185139992797,4.22992456481093,4.24202130716007,4.27568059618325,4.32737040245067,4.33780610687078,4.36258838026793,4.45799883470977,4.55444551460052,4.63805465818178,4.70798253417795,4.75941238117022,4.80584487652811,4.87235913750171,4.90015798591393,4.91941137419892,4.94750326991152,4.9108773941482,4.84175171928334,4.79925311957064,4.78163357457933,4.74527498246248,4.67867409223654,4.65524065319102,4.64287050783657,4.62502726102313,4.62343289937312,4.60157262773055,4.60674274986171,4.60915908126429,4.61988329788226,4.62715602212983,4.63360871454282,4.65308548163445,4.65482192482059,4.63326586105643
"15591",6.7469381361981,6.70919378601854,6.69183223288876,6.66471347417657,6.65418094140728,6.6553921712744,6.65249393872083,6.68736479135634,6.73478189738932,6.72348002516929,6.73605095988212,6.7921016095588,6.85828409352255,6.90829403124846,6.95014535481437,6.96588929447769,6.98166562761469,7.02698433999427,7.02191925590292,7.02415370444652,7.06565085678452,7.15399224798802,7.18310578424955,7.19406933629095,7.20505981625498,7.148360346204,7.02211052107678,6.93475737331593,6.84996566409256,6.74226258229886,6.66039598076181,6.56097669878736,6.49589041165779,6.42363728386798,6.36314007181292,6.30965381736318,6.26126781196709,6.23546878867037,6.20233743315941,6.15276415566233
"15611",3.160344898359,3.14022026466404,3.13236896967385,3.12362223147887,3.12516031106131,3.13699419872681,3.14533930068427,3.1735949535915,3.20822920120078,3.2113340801372,3.22775953894078,3.25287869133497,3.28716384794882,3.31333699142413,3.33839016736776,3.35354826826766,3.36940823365259,3.40029004234327,3.40770647248401,3.42173796104402,3.43056388208135,3.44968396254504,3.4573559574352,3.47006846823399,3.49627925174161,3.50280377867043,3.48383735243712,3.4918726086627,3.50916218286562,3.51484199379171,3.53784053669663,3.53797018029215,3.55928982188761,3.5679096414526,3.57745344865813,3.58659566999386,3.59479342744616,3.61603795505709,3.62185341516919,3.61377019021643
"15631",0.565657672909157,0.56297760565028,0.561619661876133,0.559438470521572,0.557991424792525,0.557314669094416,0.555800431126799,0.557323604782445,0.559772343230616,0.557332633799582,0.556751407095889,0.5670046837573,0.592463916301547,0.633019152226835,0.694913212169111,0.775162858149578,0.878104688670261,1.01091907000287,1.14899142667421,1.31154290782714,1.48917441444745,1.66762167413812,1.81059338417907,1.95690775856134,2.12138282694787,2.25284036172262,2.33129706590278,2.44794057848625,2.58544847698542,2.69354972730602,2.83614400269993,2.92545364013799,3.05427309090014,3.16114728605828,3.26382260867672,3.36440787061216,3.46377837559558,3.58290572887349,3.66202924486381,3.71788468189317
"17171",4.47350093021224,4.44349668933956,4.43066447154693,4.41583293002364,4.409887553768,4.41735179486737,4.43063554401648,4.45874996408136,4.49854572048803,4.50918947536627,4.53606021772158,4.61429223332978,4.67799956593382,4.74371658419574,4.7807317871084,4.8051653115804,4.80829007238472,4.83148274590428,4.85485698703735,4.86436995333045,4.85329324429224,4.7712795321836,4.69128658662438,4.62441435791358,4.58265457060687,4.54039000756204,4.46249916424571,4.41655442092082,4.38661584972995,4.34853584641824,4.30433236867335,4.28223793273932,4.26186914410128,4.2444150796604,4.20986057107176,4.16992589881636,4.14248095709389,4.12380430162949,4.1036865967726,4.07055046047687
"17252",3.87212684894626,3.84962603660125,3.84180673170093,3.82499752503777,3.82413898551412,3.83346753839319,3.84743979797724,3.878263890797,3.92658286152025,3.95263099414252,3.9953621799825,4.09870098046934,4.17728287371551,4.27136618914231,4.32595028117166,4.37511836186226,4.42970721454293,4.50379771971754,4.55447972841069,4.60965489621306,4.6741393097585,4.62632228438127,4.59556158836175,4.6415063508101,4.82951357375546,5.02987157775447,5.12035615030813,5.19452988511237,5.18659657702034,5.07896493614784,4.97126699078012,4.89648842756741,4.82821898870162,4.76746877994648,4.70380675994512,4.62154893114948,4.55958274942719,4.52315020272487,4.4838861448243,4.42395114776467
"17292",5.90728160107208,5.87622958119638,5.87016998342546,5.83949655859971,5.82431866126842,5.82338273501153,5.81951097626691,5.83041893563554,5.8548649352436,5.83817815494801,5.83081571852173,5.93303383729397,6.01442005115753,6.10484218661159,6.15809006641487,6.19386800343709,6.22945688694435,6.29082412142718,6.31877928416823,6.33193471423921,6.32418593373407,6.19822096608179,6.09685128256941,6.01112900279202,5.9713120075511,5.90837636283313,5.81026892279782,5.75864914144834,5.7153893915708,5.65676710072452,5.61651396271548,5.57964981454117,5.54907568191848,5.50932987020723,5.4698856496622,5.42462444420431,5.38751920331406,5.37345484194535,5.34495388496751,5.29619823549542
"17312",5.1990265897186,5.17161907559679,5.16418995467791,5.1398250091654,5.12808821328188,5.1279105281699,5.12681738860022,5.13918951830954,5.16356377086334,5.15365367809536,5.14966117635214,5.18483461505282,5.20676119767674,5.2429285964051,5.25594068290179,5.26277803453166,5.27088334857007,5.30073810373566,5.30813706556763,5.31421128478079,5.29768165757047,5.29691255784069,5.29417265276557,5.29794067443659,5.33500205714892,5.33320646071103,5.2787372969971,5.25381116832804,5.22009528544309,5.16540544348247,5.13159606149453,5.10198903668045,5.08002347648226,5.05385892843322,5.02285384667105,4.9796253106945,4.94320988920041,4.93138178239343,4.90776722333219,4.86470912233242
"17351",1.02461896550623,1.0178934156874,1.01669126621357,1.01559145992952,1.01841119372927,1.02664596097006,1.04111572600322,1.06205615683439,1.09566137280912,1.12614378783272,1.16794251238728,1.22245906085508,1.28121861270092,1.35042837517675,1.41896927568276,1.4894486892746,1.56618453975771,1.67096534039149,1.75948625409097,1.84902919909203,1.95034197757035,2.04562628255443,2.13098510478444,2.22185097840437,2.34069290468774,2.42123393547785,2.47945628311308,2.57114738782415,2.67137658117811,2.75455778002022,2.8565320686716,2.96182504854212,3.06536470568382,3.16215757097035,3.23986580342189,3.29800491552659,3.37324953448973,3.48497686277489,3.59008324313091,3.65616413422295
"17374",9.51229958534354,9.46747482896255,9.45648197841635,9.42710074658332,9.40850340606918,9.41371310855855,9.44791039064784,9.47286367893536,9.5288484544329,9.51368456185,9.51923577785467,9.56781821058279,9.59599233768895,9.61885361307413,9.6067483561742,9.57805487595522,9.53498697892362,9.53401715583225,9.48962427242288,9.43863114342541,9.39308230339604,9.28813415678051,9.16963293661658,9.06281198537893,8.98241647927125,8.87197096239693,8.75006262577678,8.66911752625089,8.5935860352013,8.50550221896062,8.43822738196078,8.37019836659649,8.31328141770624,8.25277611208013,8.19600171844648,8.13520019015648,8.08401572902459,8.0593851864324,8.03100122970622,7.97870803624606
"17391",9.83955271510345,9.78475541130378,9.77106147093585,9.74850125992914,9.7365345279215,9.74983444419042,9.77263404179806,9.79566507136888,9.86018059023875,9.86038288020074,9.87011400866615,10.1501274557365,10.3995420916352,10.6023278075052,10.7541503933445,10.8606873069977,10.9268226033832,11.0388386396803,11.0929210363967,11.109444098074,11.009115766083,10.7663669215242,10.5685157274655,10.4456317167902,10.392285501303,10.2957700723089,10.1681595395239,10.1051468803699,10.0606033628482,10.0047671455847,9.98461996205611,9.96636105376923,9.97419236025452,10.0137226445122,10.0389552197639,10.0366764914405,10.0149433939655,10.003527144823,9.95471005942236,9.86149030617447
"17411",7.5978244599651,7.55510277042047,7.54227788139217,7.52200562934204,7.50972168064275,7.51240630303867,7.52561707402718,7.54140660884801,7.5848259171952,7.58214527770591,7.58492189814041,7.65483980202955,7.71882315165988,7.76485249409925,7.79865821382445,7.81963873512783,7.8321240086066,7.87687973659719,7.89861015000911,7.91066624818733,8.02291701250581,7.9495672293957,7.88451396868104,7.86061265310435,7.91550331991048,7.9758315283481,8.03723716212273,8.18746789650344,8.35384170446932,8.46072159577372,8.51370822591706,8.45037622235774,8.2919946610356,8.13063342781058,7.96837349682055,7.82531271373237,7.69826381486253,7.63008479583768,7.57189147042753,7.48051127637328
"17491",1.55613025235482,1.54403794288163,1.53850261545274,1.53698000757035,1.54430270467553,1.56267510847931,1.58998867692754,1.62767267740677,1.67977816801527,1.71673335801394,1.76680332721327,1.82507822750296,1.89107282489568,1.94357218890757,1.99723069337761,2.04085080680389,2.09456510601632,2.15600864797944,2.20730753689277,2.25378857952023,2.29557127522274,2.36062726304319,2.39499763221453,2.433806183324,2.48539188940455,2.50995034196989,2.49710060868449,2.51258104495812,2.53841785529974,2.56388775229685,2.59272355443349,2.60895941570402,2.64002093641814,2.66735966774779,2.68250714112771,2.69262381016563,2.70954062072701,2.75344575084431,2.78581104538316,2.79201734503163
"17531",4.90314770624092,4.88207484724505,4.86776019375195,4.84679088921292,4.84640646019886,4.85063956663767,4.86331410148872,4.89047741381366,4.94321710998788,4.9507583320587,4.97337826380147,5.05043475599586,5.12855758913433,5.18864541633343,5.23611688694289,5.27310233335287,5.31092146671237,5.36388832382497,5.38627494302194,5.40651156770057,5.39464149364218,5.37795339044786,5.33779435507105,5.33269380473643,5.37455523559495,5.40028319281486,5.37218008524992,5.38212618790057,5.38493257729882,5.36762253953072,5.36465198548442,5.34874377838161,5.36077764146303,5.35709567975222,5.33379674512635,5.29739266292648,5.27154496691715,5.27822874056888,5.27675949110945,5.24585302750839
"17551",6.08364220770402,6.05788154222949,6.03788651940871,6.00838831307042,6.00184697725182,5.99595699079346,5.99966275193761,6.02236752948835,6.06918646893683,6.05853017421121,6.06424330320741,6.15174927096653,6.24250240251637,6.31675862701635,6.37529129518667,6.40158800710334,6.43892249084883,6.49221618138174,6.4998060226978,6.51202574336557,6.55713448077061,6.4916949433503,6.38343342637898,6.30249297263228,6.2545183948759,6.18987226385012,6.09259190874461,6.04779376533715,6.01292579971515,5.96763183466158,5.9433279606967,5.89823013941121,5.87560931386034,5.84090690762295,5.80963664707113,5.78112352556961,5.75574870404693,5.75287183610958,5.73766220117096,5.70016935237037
"17571",5.19037336155962,5.1653441521793,5.14949237019603,5.12961554884067,5.13015002570965,5.13331873493898,5.14050147719843,5.16790476718698,5.21248170428305,5.20493912099452,5.21178008903288,5.2351423128679,5.26793238129419,5.29377866100813,5.3156122610892,5.31053564106696,5.3191594013684,5.34692268762825,5.34232466642628,5.34990405189587,5.33889469347983,5.35006636465903,5.3298536324896,5.33108570527857,5.35090565749215,5.34556866914825,5.30217561552789,5.30278210675933,5.31076784283822,5.30482596697776,5.31854268539415,5.31162027265577,5.32732588991129,5.32664065777891,5.32466638263007,5.32190786753235,5.32009958135902,5.33991167314053,5.34187102128481,5.32028528004494
"17611",3.17952752170026,3.16396335442052,3.15661195449081,3.14862594966076,3.14947261680633,3.15603906612494,3.21672758885967,3.291604118239,3.36623273589637,3.3760010092667,3.39683005887911,3.33546059634013,3.30377781248942,3.27433472233675,3.25444714157521,3.23155990143647,3.21575029647167,3.21197128769275,3.20201430497323,3.20103861422165,3.19519822941451,3.19874236422597,3.19080929860085,3.19794703692693,3.22247679512089,3.236003156793,3.228036160471,3.23637193798048,3.24323572474628,3.22754281568233,3.22508604421944,3.20995698130733,3.21447554560405,3.21148259909528,3.21149967244726,3.21613188731906,3.22112753621319,3.2406095123744,3.25053659536424,3.24813634939596
"19191",1.95640011922037,1.94230883709124,1.93730467171673,1.93320920422624,1.93519883744617,1.94563320489002,1.95859832273858,1.98116011526324,2.01274482040019,2.03274175392274,2.06433049321317,2.10959542516062,2.15943164515322,2.21937570845991,2.27380830884907,2.33532960302928,2.39853203749639,2.48063406302541,2.5698522378248,2.65404101579095,2.72146418154243,2.77667619232094,2.83330605895791,2.90732489266389,3.02711224909208,3.12732029354704,3.14789060309184,3.19216911778277,3.25116009614872,3.29496932294842,3.32717868719507,3.39330410219034,3.47175676523707,3.56611637804816,3.61780814367369,3.62726842528577,3.63585997495622,3.66816067789945,3.68793567846759,3.68033331588274
"19271",6.92713065923501,6.89120255867921,6.87872572909254,6.84317863583284,6.83337034295016,6.83841110603864,6.84420089823306,6.87031692988668,6.92098384505811,6.92885710922665,6.95683031924265,7.00856429922562,7.03970097463504,7.09401690423115,7.1121554028162,7.12928517524804,7.15976056088526,7.21489601776706,7.25321465283921,7.29763900951702,7.31726535164525,7.3214197133318,7.32989957867602,7.33782000578749,7.40445345237479,7.43061328303212,7.38258102336547,7.40553207373396,7.43604786125716,7.4361170009779,7.46472877033443,7.50328366035911,7.53966991983748,7.55423407810444,7.56692072919104,7.55186312229815,7.5511456742958,7.58345686716866,7.58769742516973,7.55134976256971
"19293",3.49563542713749,3.47553471777604,3.468311452749,3.4530131418262,3.45195619000796,3.46343307758346,3.4729256803451,3.49273092580187,3.52292116248943,3.52871151567279,3.54122748904086,3.57107434101285,3.59270847400468,3.62437996144292,3.64023987009384,3.6547727910695,3.67205166648105,3.7030482048233,3.7232520931416,3.74451463404643,3.80953157671553,3.97195456955741,4.06775157529176,4.08142229266378,4.06338401835495,3.99059886709061,3.90267532845874,3.86424230351417,3.83694278630296,3.80227302766858,3.78465658123051,3.76142636887978,3.74545407683768,3.72824855353177,3.71600502048391,3.69964163813935,3.68817799648593,3.69299371618083,3.69719315273676,3.68279972509842
"19331",3.12250178161818,3.10569705507097,3.10063943766473,3.08554945793352,3.07753307978525,3.07660724422387,3.07589211118065,3.08180525535576,3.09868767177101,3.09650849552952,3.09961766095382,3.11478649387256,3.12359997630386,3.14093602697408,3.14508023067361,3.14611922534827,3.1493991327738,3.16426836251992,3.16653474201413,3.16998837690329,3.16977548022425,3.16687394080283,3.16179084723822,3.16071953738486,3.17357102919702,3.166940207173,3.14834071145094,3.15022714037584,3.15231630478659,3.14393358714322,3.14572711104008,3.14498860215153,3.14932544888674,3.14682231754139,3.14450692099669,3.13510231099863,3.12651773520705,3.13287228949638,3.13329980262341,3.11989719544914
"19393",2.32653814414318,2.31246075409117,2.30994596279949,2.30640084095111,2.30776825593829,2.31922434219796,2.33548902637791,2.35471395753288,2.38802628845736,2.4071741624006,2.43032143408507,2.47056267976808,2.51273249631642,2.55266157240853,2.59149956657467,2.62880599406554,2.66591936019405,2.72190138441476,2.76911462002914,2.81755784981882,2.8713887800456,2.9575638824583,2.99733305712177,3.02939209006682,3.09170015845371,3.12822728938207,3.18247850732458,3.37138003586014,3.66472735821177,3.98032326302168,4.25891995127531,4.39460575708342,4.35714139985442,4.19389949311111,4.02981172298285,3.90075946447587,3.80679158557708,3.74842560042636,3.68906984098083,3.61315967134402
"19494",12.6880610944734,12.6341770244618,12.5803764749184,12.5225029040207,12.478250213831,12.4584678347923,12.7452774486228,13.0196408569499,13.3030545389407,13.3679974543475,13.4362205642211,13.0704602278625,12.8132991514398,12.5786815677171,12.3718726438369,12.1781347838514,12.0199825319518,11.8897260364038,11.7517450848753,11.6284348108847,11.499594739395,11.3760206435858,11.2216613142682,11.1018895615603,11.0116298462275,10.9017359460825,10.7565867289723,10.6629465897371,10.5780071883581,10.4914980876509,10.4306474503588,10.3472065390108,10.2873506199323,10.2158016596342,10.1393535219572,10.0610077393555,9.99057762774557,9.96053173334785,9.92593732065841,9.86348248817171
"19511",1.63361936043835,1.62128104166177,1.6150746143988,1.61363466458261,1.62227608892403,1.64262382849534,1.67074934361075,1.708303829194,1.76050633965188,1.79720978972748,1.84476498380844,1.90270359029601,1.96702161300415,2.02395319013605,2.07935403480409,2.1273579149671,2.1832985234925,2.24786491137369,2.30259276151296,2.35576088870272,2.39968368299942,2.47432750440933,2.51161703578178,2.55308060548882,2.60406725232677,2.62896775355326,2.61650984508538,2.64278848448581,2.67897191846203,2.7103545436651,2.75451142817845,2.78559302170533,2.82965559635085,2.86583689966316,2.88547950263519,2.90096504040512,2.92280450853169,2.96799367383138,2.99425107454017,2.9955196418625
"19531",8.54485640064455,8.52212828642446,8.49520433136388,8.4442387329288,8.40499911657556,8.3609678561085,8.27258008419857,8.20727925179261,8.1646530696685,8.07169340869622,7.99821923723563,7.9457434560126,7.89707954297546,7.84126043310009,7.77841849988702,7.71448011903429,7.64973863232549,7.59701289427395,7.531018226596,7.47105255065398,7.43150653569945,7.356843621428,7.26894532628221,7.20816316868657,7.16415783257832,7.10699328071256,7.02662806778952,6.98447920559688,6.95056801370351,6.91212641295951,6.88828540279381,6.85529280156964,6.83958608651881,6.81329647456735,6.78485274734355,6.75723381959321,6.73269494466366,6.73110260627672,6.72085127645415,6.69144398686338
"19553",0.88155076903011,0.873999539775675,0.870822792593627,0.871539221290186,0.882036997362384,0.901999172300063,0.936530877539887,0.99215653021687,1.07611028823615,1.15448824417943,1.25961366093163,1.38664464271626,1.52578945539429,1.66381851636056,1.80477341247605,1.92978774398168,2.07653499409395,2.25159502345889,2.39007705975511,2.54225089759051,2.67167795142354,2.83859952785752,2.93090570051726,3.04247840298339,3.19732001039731,3.31271248182453,3.34570043324726,3.46064845819089,3.59324401942165,3.70171516729218,3.83551896370967,3.94167001174206,4.07382392070204,4.18998921379128,4.28125478063897,4.36797249529297,4.46750745978806,4.61556627166925,4.7185843534354,4.77593051863487
"19573",4.01455861909618,3.99855698370684,3.98586897160964,3.9695862302633,3.96826568917898,3.96594826830276,3.9664662477615,3.98018295248184,4.00699231327409,3.99693311247751,4.00103093975368,4.0190236321004,4.04492272508712,4.06809017504255,4.09146277017247,4.1029774180162,4.12400363536387,4.16265850400446,4.17961276344935,4.20879758069514,4.23726863827464,4.40087321205432,4.47553364281341,4.51033521946199,4.51229777239954,4.45317995656978,4.36217639513564,4.32972115529328,4.3294954302787,4.33009582283981,4.34260644694378,4.31480456856036,4.27735847864461,4.22724261065598,4.18204215906985,4.14195634190701,4.10867622256295,4.11024789117559,4.10469440828691,4.08219997806464
"19592",7.75818146295969,7.7278416136701,7.70869288498092,7.68644710084576,7.68850585963226,7.6938983174665,7.69607714042084,7.72680336137132,7.78581670725847,7.76059697388494,7.77348696148293,7.92916891107298,8.09226045937359,8.21560078486015,8.32070059083204,8.37357913249778,8.42875983613485,8.50283879613014,8.51263841383651,8.52761029742046,8.4292938765366,8.41739335369792,8.3348436561619,8.26129109171088,8.19944072238747,8.09834088875534,7.97335328851332,7.94538162423422,7.96526248680603,7.96921311815489,7.99335398178767,7.93495490562404,7.86118537019234,7.72598501451989,7.59101901037094,7.47356101515182,7.3618339319711,7.27889580014769,7.18190174784987,7.07001871791696
"19611",6.94812458768395,6.92951024962328,6.9146665187106,6.88989103178119,6.87668957694896,6.86135981288543,6.78942288284477,6.74698958028296,6.72048458219655,6.64342318164761,6.59165192571694,6.56194274553331,6.54655215296321,6.51884857027379,6.49054863678495,6.4511219391129,6.41293344510247,6.3839286919741,6.34061511018977,6.30417333720125,6.25043559546558,6.2104216877516,6.14867291697624,6.10135115003019,6.06768185096368,6.01835055001057,5.95248191841627,5.91264559204523,5.87985523827349,5.83553661544348,5.81274511201898,5.7757599429937,5.7589116245709,5.73210093466944,5.70892097382098,5.69353443133835,5.70103832744925,5.74827080814261,5.79277246022593,5.82289381719202
"19653",5.00912667080835,4.984798310283,4.96871173787587,4.95360827548462,4.94740615798832,4.94527235186673,4.93964205655252,4.96617119383456,5.01242337866622,5.01661283830142,5.04595816849341,5.09066559193403,5.15785010890671,5.20220150521053,5.24499095475921,5.27790249652823,5.3152896731972,5.35251637381805,5.37238781801189,5.40325188556925,5.44589432913559,5.5329886073281,5.56119526800207,5.60535638156379,5.6456931810741,5.64106088943108,5.59541914812062,5.6003933029562,5.63068271004136,5.65350137464612,5.71886743906314,5.71979885355321,5.7521736533062,5.74226479312119,5.72960582848935,5.71646362162902,5.70393143693382,5.71805589954132,5.70200871543141,5.6661486831588
"21211",2.5610859127122,2.54555650658278,2.53965130890981,2.53194864612213,2.52715832751631,2.52936020208247,2.53338194588956,2.54711652794032,2.56948346178753,2.57906896622006,2.59962159140866,2.63034938621046,2.66402314721997,2.70206388187711,2.73599805852087,2.77702421048381,2.82047603816735,2.87679564393083,2.93788559780379,3.0009671160559,3.04787972492095,3.15678488254509,3.23875745037456,3.27866973634586,3.31746482188613,3.34310046642014,3.32767328257258,3.35716546695934,3.40064160919858,3.43680981784097,3.47485138746917,3.5237667925551,3.55978790109288,3.59452783705499,3.61380922580386,3.61625365757376,3.64206594851685,3.68752695556356,3.71420947475537,3.7137677715296
"21251",5.43326956006862,5.40769829831719,5.39280385307122,5.36559124504221,5.3532574969175,5.34941554190403,5.34540090745483,5.35303171694736,5.37330061222811,5.36820721088701,5.37141210549843,5.40473177058234,5.42369478097821,5.45517708134693,5.46303487323069,5.47233869584069,5.48451596173416,5.51080322807877,5.52346397830342,5.54814917638003,5.55413143266364,5.519219683568,5.49350192153668,5.4731223066736,5.49494744143499,5.49139456733676,5.45278646714265,5.45811793171431,5.468351698591,5.45066607224703,5.44218138766133,5.43829984584996,5.43747094036612,5.41926823628763,5.40694074824603,5.37962691634547,5.36347008187482,5.36628781255624,5.34934260836879,5.30883955602427
"21291",6.48160783516087,6.45168400981979,6.43510007975775,6.40182291133092,6.39540444812086,6.40743019214786,6.41730154055677,6.43865745461466,6.4792038199851,6.47330177719408,6.48111168224522,6.51833154395846,6.54089704450802,6.58178252340732,6.59289334737388,6.60798632122394,6.62560004266385,6.66455157977522,6.68421036050894,6.71251797471565,6.72337218431901,6.71712543053624,6.71351297315394,6.7187262523435,6.76476541924596,6.76401080371727,6.72010500001075,6.7348941570966,6.75686236939354,6.75658964097239,6.77672425080133,6.79512126713195,6.81829726478608,6.82258813151712,6.82857511179786,6.81941720145279,6.8082129287491,6.82759301542419,6.82497566560202,6.79103560704105
"21332",3.35800588710409,3.33742791127194,3.32970749494813,3.3129943083131,3.31284614171608,3.32072261563585,3.32706357127065,3.34097022131667,3.36869897088137,3.37300216049315,3.38488059797895,3.41899893586811,3.448296372016,3.49294393767585,3.52292192639525,3.55225028169044,3.58695107340266,3.64134918527303,3.68782748101331,3.73706350921089,3.78510804006443,3.85584609267622,3.91510847515286,3.96747601823751,4.04026532723428,4.06502894278859,4.06117849012906,4.08669344547237,4.11559676371667,4.13113144669907,4.16366813298183,4.19474115621829,4.23092957441794,4.2607991168712,4.28768503583862,4.3086028190063,4.34640684793955,4.42219821425595,4.48281074342263,4.51046189104386
"21411",4.81915420485198,4.78866238003281,4.78115990772805,4.76196871213821,4.75600431787252,4.76257772672418,4.76979525900813,4.78878309008475,4.82647791549843,4.83029381085321,4.83922471022412,4.88324353575081,4.92464876234522,4.95715914492555,4.98099346344427,5.00723365211133,5.0259793969101,5.06418191720882,5.0820376398122,5.09973972787316,5.10352464204591,5.11527796051353,5.11658295136742,5.11015582028773,5.11991403627039,5.1040171735109,5.06794550066795,5.06503038943265,5.07212996295589,5.0743795742319,5.07873442716174,5.07707953803797,5.09059640427054,5.10205615542107,5.10591275075184,5.10965054445695,5.11068641352612,5.1377292246434,5.16807261023596,5.16434248119653
"21431",2.96393446483825,2.94603420548033,2.93888898320553,2.92554408393015,2.92357686680691,2.92595182994463,2.93581585490833,2.94829836254038,2.97166244639793,2.97045458267059,2.97608388256498,3.00115556804371,3.02390648261099,3.0410469762093,3.04842150748954,3.05433342367045,3.06322299987792,3.07605948295489,3.07569099019182,3.07017359457675,3.10397289981055,3.07958633270343,3.04760232654601,3.00776519505725,2.98657548723812,2.95883067301239,2.9227981099288,2.91021761433757,2.90082465247619,2.89453867975573,2.89821256617408,2.89836557589728,2.90568363810788,2.90897818477124,2.9087830343414,2.90533368392145,2.90204252941262,2.91297198969502,2.92161746819575,2.91434304006058
"21511",3.66657650127584,3.64872206512362,3.63526970560079,3.62136401483201,3.61502222693688,3.61795720051551,3.62292681780064,3.63646375736016,3.66039130938852,3.65707644523972,3.66625003413982,3.68302727249506,3.7058508748036,3.72597279906741,3.73962636867816,3.74844296319601,3.75907768463515,3.77884611427586,3.7863777860026,3.80088072666092,3.82397439764206,3.8311469942677,3.81444204929615,3.81592890117548,3.8369214274097,3.84139443527478,3.81333174174538,3.82335083297804,3.83680728253013,3.84895014032024,3.87547998682019,3.88149020509476,3.89832101871636,3.90731210111261,3.90752638336858,3.90611366354597,3.90665254718895,3.93693906397202,3.9578837322164,3.9552980708813
"21531",4.43472647370658,4.41323818918135,4.39643576878815,4.38013320333221,4.37114292326377,4.37358826809015,4.37957587250766,4.39966764625485,4.43270730023608,4.42779805907137,4.44451321294607,4.48716112679404,4.53354329979674,4.57146943258181,4.5967098480827,4.62434573717919,4.63870332024828,4.66557256265678,4.6746414599372,4.69016736657769,4.70048706878254,4.68988324752888,4.64738988775039,4.63109212073117,4.63783565588315,4.62392626174541,4.56763088311614,4.56055767773825,4.57140141217493,4.57815200627407,4.60311996823443,4.61363576092533,4.62935775870978,4.62420072997314,4.60074005512626,4.57994690827272,4.56566157896811,4.57877017865098,4.57403553940937,4.54847300599226
"21551",0.524440127755493,0.519891170419935,0.518036884263034,0.519425197922494,0.52727651661737,0.542173183230338,0.565870608490283,0.603857904300758,0.658019094780173,0.707477507950802,0.77726327265611,0.867333336048197,0.971597592876327,1.08221679242749,1.19881177927941,1.32543235069307,1.46058631869725,1.62430800786675,1.76776545793779,1.92722064493158,2.0730458331265,2.37531676544994,2.55407962904786,2.71038024222412,2.85973527603244,2.91354812227141,2.84914406989214,2.83983233082025,2.82999257832471,2.8177064456045,2.83952872112245,2.86165996985467,2.90977208187126,2.95678101316445,2.98786687773296,3.02157991828201,3.06081617142502,3.13135118083134,3.17259710235657,3.19028680093179
"21571",1.51363687569615,1.50819407681515,1.50441548112533,1.50199507770224,1.507130947904,1.51528153930028,1.52510468463718,1.54370059073382,1.5704175253319,1.58113891889665,1.60601197594954,1.64492235526143,1.69388280491424,1.74847006251316,1.80960632418758,1.87872863309214,1.96043313671537,2.0664403634492,2.16059010915585,2.27385293027574,2.37432655235503,2.4945210112262,2.58404820155226,2.69619132020167,2.90046517458581,3.10778024001711,3.24527455865448,3.43375159863027,3.59489682495937,3.68543940817863,3.77231826410069,3.80987834939034,3.8518802454742,3.85854096382451,3.82042626647544,3.76102928244425,3.68686597029565,3.6257090161776,3.53729631409715,3.44493154283345
"21594",5.33450526368785,5.31901639168264,5.30354500001881,5.29161561095248,5.28962299032531,5.29327135402994,5.31427520905072,5.35154454952864,5.40556193774419,5.38985406078727,5.40746877503895,5.42546859778716,5.45486721877031,5.46637006456553,5.47183840775387,5.46779718569156,5.46556317375513,5.4759707002871,5.46199948362884,5.46014647454779,5.44947190800349,5.40885712229863,5.35605381818149,5.34214215398961,5.35351588990818,5.33231886524029,5.26266746202116,5.22575083555823,5.19799888669883,5.16100873859516,5.15527089419425,5.17963238185878,5.27023393760943,5.36748706426549,5.44227187831457,5.4638129520987,5.41446770133811,5.34014130147298,5.25087651348816,5.15670385337678
"21611",5.42039920159426,5.40463765867722,5.38986578993188,5.37716554018094,5.37252234807759,5.37150998324104,5.36537336727377,5.3770569570297,5.40570324138654,5.38152490743837,5.38561636778123,5.3965809457561,5.42273096749793,5.43393845791761,5.44239151388407,5.44248545766736,5.44528475569455,5.45967634495955,5.45575033087962,5.46461268899958,5.45011819224888,5.45103656328208,5.42858729344025,5.43231060323506,5.45576373232417,5.45303648630833,5.41875698345735,5.41823214135999,5.4233325867813,5.41486383000225,5.43299532302585,5.43087276395512,5.45324816083287,5.46045393169081,5.46887689191949,5.4800687447153,5.48670535992159,5.51669178415665,5.52482303142948,5.51424052999811
"23191",4.34004194834097,4.31947054584174,4.30978452340618,4.29174521848015,4.28014289355048,4.27706547732463,4.32806427869805,4.38251041022775,4.4424935088714,4.46664255054425,4.48558916956796,4.44444855449916,4.4148183362062,4.3968598576717,4.37750172891288,4.3665256151183,4.35756942061005,4.35923410650325,4.36725134250831,4.37983260456932,4.4948061246116,4.73760636823718,4.87910205263895,4.9010357320742,4.82021405281423,4.72514684579757,4.60824861514547,4.55187645061726,4.51409366300964,4.48755544714327,4.49288695338749,4.51062856676031,4.49284278192001,4.44612848474037,4.3913339440637,4.33184439759976,4.29120081521694,4.26771478859658,4.23422372817236,4.18355819483528
"23211",0.414451087988614,0.412374525598887,0.411557620715193,0.41042082371496,0.409930106732409,0.410425860470727,0.416668779486631,0.431388019156042,0.457147483316579,0.489270085968046,0.533348907034942,0.591950861887986,0.659686645311411,0.73712727230959,0.81873923810959,0.909049388483877,1.00710652983845,1.11937150037938,1.23808217119452,1.36156442081399,1.4687029146314,1.558108495987,1.64903352987684,1.74872700849454,1.88920508661535,2.01464914390927,2.08444343718264,2.2034900040516,2.33482520878687,2.43875023499999,2.53036007839247,2.65170492263664,2.76172657183001,2.86865294285804,2.94222435214308,2.99023643918822,3.07921374919749,3.19601891307949,3.27320736701485,3.3132665488739
"23331",5.38239364369497,5.35371488303744,5.339991690006,5.30580855315769,5.30006489651857,5.30179601695432,5.30335465285986,5.31304432655502,5.33916114103918,5.32818131707677,5.32833789564848,5.35190544880067,5.36550219920388,5.39109478266043,5.39462580918281,5.39594385356979,5.38997335529428,5.40930476623031,5.41597530899996,5.42145330872421,5.439812033284,5.42160152630564,5.40462526637987,5.40333775867198,5.43495954837415,5.42817475698577,5.38896029114022,5.38170869502592,5.38098539483718,5.37031239084289,5.37818087182443,5.41875752124713,5.50431306372762,5.6072587861784,5.71018802377517,5.76343641180435,5.72944447530724,5.65046241914132,5.57510686452611,5.48612778745905
"23411",7.78275135278355,7.73788531323166,7.72436023067614,7.68974893112134,7.67803555950257,7.6809485783129,7.75496603618062,7.83600268691569,7.9448773792144,7.97484136338608,7.99575772669494,7.94452205760388,7.90202439182499,7.86516861419036,7.8205566201012,7.79107234489511,7.75481339426855,7.74722508965062,7.71080780749046,7.68692384531616,7.66320237243149,7.67173920366089,7.66588640025408,7.63806889277465,7.62462614112275,7.58254066139928,7.51723937976039,7.49296658954507,7.49130725175276,7.52439667015219,7.60923627036525,7.6973633364284,7.7904608845633,7.82784909891556,7.78804314210191,7.67665155289218,7.53590933303927,7.44292450206057,7.35866653060287,7.24889657897025
"23431",4.82143959637788,4.79193077877082,4.77758179844831,4.75680487897755,4.75482131322587,4.75915876587878,4.77193006153243,4.79362290155235,4.8341958025443,4.83138212376227,4.84288581475714,4.89047170442396,4.93573468781815,4.97410709476344,4.99623231932923,5.01751986926676,5.0398811742446,5.0734246912686,5.07129068053813,5.07755757016359,5.10896723806516,5.15143683305705,5.1873778909853,5.20051286845256,5.21708522993435,5.1779618376541,5.08681620138318,5.03824137225099,4.99332621098614,4.95385851100209,4.93124990970213,4.90412991614943,4.89004358326632,4.86712933360369,4.84118091509716,4.81136868824393,4.78122184111942,4.77199200562149,4.76011677927532,4.72329692371839
"23511",0.553733303525581,0.548333676080031,0.546231004702975,0.547613428574508,0.554836004834088,0.569706610523984,0.591455757025209,0.623089188943138,0.665789587118542,0.706029991564079,0.758325152392813,0.814155570147081,0.873917997358469,0.93230261124035,0.986810121735108,1.03577501142362,1.08556979742088,1.1437099046784,1.18949491201348,1.24236753944108,1.2869489402732,1.42570594118328,1.48057346804987,1.48929092635683,1.53624210403806,1.58601368915187,1.6177933947564,1.69828916441408,1.7842399128518,1.8605005466755,1.94745432584838,2.02082403361504,2.10402282343488,2.18332015444775,2.25148752171364,2.31632194262918,2.3852280308333,2.51138410135324,2.62943709347181,2.71104872249453
"23531",3.29263400954812,3.27661914469075,3.26440797256546,3.25255432072133,3.24898401493253,3.25584012190556,3.26692616628466,3.29194561550636,3.33092637138115,3.34254171819745,3.37932339714318,3.42268799773819,3.47282471319611,3.51665050364925,3.55273925716902,3.59180964191713,3.62029583756775,3.66124920212996,3.68796100805469,3.72500427791664,3.78114577316875,3.81168852715209,3.80594704790894,3.81368290195679,3.84932305623963,3.86403732653041,3.83645663025145,3.86230063847106,3.89192862088971,3.91265753463367,3.95358803530294,3.97632162084151,4.00970280567102,4.03190624292848,4.04166164743701,4.05272450704598,4.06727343679349,4.11814026041581,4.15011839477226,4.15656723162675
"23551",7.53332166701747,7.51936889223275,7.49743715480379,7.46514405191383,7.4477271854577,7.43254706004434,7.36269617480128,7.31384266515965,7.27622505983644,7.19260830682839,7.1377997441837,7.09426894759945,7.05565633760361,7.01261899817165,6.96330309904467,6.92002698036809,6.8742392548005,6.84106013877604,6.79498828614146,6.76078900972775,6.71116504699928,6.6673684992643,6.6071019351096,6.5679086753223,6.54581285012276,6.50342830541301,6.4316555535456,6.39792506717429,6.36873335780795,6.33135475118839,6.30997434470313,6.28325312334966,6.27728111674495,6.26315949331385,6.24256150604737,6.21891050537775,6.18695466686181,6.16803332314809,6.13585112868598,6.09007931775822
"23572",0.97228966010331,0.964650041859053,0.961047680652504,0.962764610219307,0.974324713681423,0.998767083497813,1.03904848112604,1.1056880015747,1.20267774504748,1.29309165766651,1.42703886970305,1.56874060263787,1.70967913207717,1.82457289640079,1.92246324880835,2.01387548002965,2.10181771025248,2.20136829798428,2.27155165669816,2.34971294893731,2.44425707641257,2.50910287603339,2.56606859984052,2.66411776435245,2.81436388813799,2.92932499747059,2.97813253738756,3.08350576574258,3.21259349542108,3.32856019695868,3.46578516430245,3.5664594346089,3.68108925429547,3.77119450263094,3.82669506014253,3.87462906947332,3.91525446577309,3.98228418528544,4.00973933514386,4.02027835128139
"23591",2.99187735960632,2.9733461311706,2.96368057228156,2.9686712252615,2.99929598706324,3.06038666072898,3.12284903954804,3.20790078818124,3.31262536659408,3.35892153256514,3.44305881831373,3.55208876488528,3.69367218521475,3.82854491999338,3.97312412506136,4.124280710828,4.29990714789251,4.51832586528092,4.70854901269363,4.93947630035832,5.12032422857822,5.65248394997196,5.97035459528132,6.21598686769032,6.41972604249967,6.46966240883769,6.40123028148285,6.46919094027141,6.58434467296454,6.66981926557706,6.77636539026414,6.81083290789934,6.90911611699984,6.9923733865707,7.05791256531309,7.24630646153922,7.55304868438261,7.9823485055016,8.30434791292893,8.56238582088868
"23614",7.66294562181967,7.64383964645691,7.61885725540681,7.5918316641599,7.56935837822523,7.55338157896788,7.51649028635277,7.51100435217099,7.52624125688044,7.47582175249831,7.46842922705648,7.46999208125099,7.49365778508387,7.49730821215318,7.49388600444372,7.4903515948706,7.49122401439375,7.51051758188395,7.50582669580336,7.52465602143151,7.51746218716483,7.52278701578918,7.49068269490057,7.49327266729022,7.52426662082104,7.52134943938606,7.48138331714896,7.48935253733225,7.49874625399763,7.50293276926994,7.55016706195445,7.58081150682906,7.646507332814,7.68983356543686,7.72567553752425,7.7551250696954,7.76427500525166,7.79644410282357,7.78596416511992,7.75668685232859
"23673",3.01520879860304,2.99560476351103,2.98578437344602,2.98906185229431,3.00609701046994,3.03499614333913,3.06770640224868,3.12895001941128,3.20832839110812,3.2552685704953,3.33587326978231,3.49018561222939,3.66087617041196,3.78072389619582,3.88354586583119,3.96413881620848,4.04856756160963,4.12758612644052,4.17049458736131,4.22903802441228,4.23128913956516,4.24923515289237,4.20308005336303,4.17000213255507,4.16554179938101,4.14594037221949,4.1090881119179,4.12494547930688,4.14361622926064,4.1699369419153,4.21591985796621,4.22452982820008,4.2824721737002,4.3098129681059,4.34257697110375,4.36265347074257,4.38817861041988,4.45117795588439,4.48715984081229,4.49878874064897
"25311",5.07544320930144,5.04774346367458,5.03773893909833,5.01336201981371,5.01101878220809,5.01889812250699,5.02783194672904,5.0522911550598,5.10443713659569,5.122386341067,5.16698049840363,5.25781969569308,5.33510093502401,5.42516206201891,5.47956470731411,5.52637388094722,5.56573637723812,5.62957380674459,5.67049038148807,5.71838170362252,5.86816132612136,5.80072814666803,5.75830226998352,5.73604087216648,5.78429318887816,5.77056427001459,5.71374785014719,5.71654545213939,5.73759098087643,5.74594713207198,5.7974361224703,5.99567433463853,6.34623562249505,6.72018463070552,7.01147798954254,7.09087329143159,6.94526789379513,6.71411942045308,6.51487481332196,6.3177052649677
"25351",3.28749575806242,3.26904913503542,3.25812307762739,3.25147223836488,3.25796038741073,3.27385494915632,3.29083428056277,3.31365516206793,3.35610974087912,3.37109639206063,3.40569450965734,3.45158723074968,3.49429008909388,3.54721446679898,3.58828211667247,3.63325414769903,3.66994945760977,3.73918402830558,3.79235866081472,3.85456251840662,3.90059282862833,4.01943774471807,4.11074980541792,4.15938728781814,4.21475310230559,4.23018503521416,4.22267731097096,4.25201319764603,4.28896924240715,4.31538970352172,4.35467097218154,4.38789988732532,4.43182931247689,4.46521849243818,4.49862803889054,4.52632933731368,4.56137921196486,4.64130805576642,4.71136293721626,4.74479876615557
"25371",5.54819946855067,5.51415011681466,5.49723474307614,5.48643892926007,5.49514011382922,5.52395581797305,5.55741664694788,5.60412829198536,5.6916595663037,5.73098847532899,5.81175352501041,5.92192227439503,6.01920435327999,6.11908258183745,6.19708449513545,6.26654797612896,6.32095857239506,6.41887089390469,6.48366187321134,6.5518479083036,6.6005813330078,6.59748919464428,6.60353140484904,6.62024398698347,6.70275268773184,6.73527389056654,6.71804829653134,6.74496034272017,6.7787677746301,6.80097571340962,6.84941775095452,6.91854884653682,7.03360930161955,7.13481585819153,7.21539186599158,7.25186919182031,7.24280717285812,7.2333097374125,7.19183824042796,7.1142663462252
"25431",5.87288097085425,5.83634328994732,5.81390418827247,5.79551657870999,5.78720934859934,5.79730658735215,5.81471429716137,5.86120270280307,5.93559638237538,5.9720250985917,6.04406814324042,6.15729622456962,6.28042447522491,6.39594710817701,6.48839288223263,6.5718589978911,6.65109130080052,6.74786839975194,6.78917298784883,6.8505036584758,6.90513770641729,7.96430772357132,8.74784344269267,9.19866755262349,9.47081424528338,9.39883378725783,9.08278023455117,8.81250027418251,8.50409237681686,8.20150939491032,7.9659510605305,7.76120786863261,7.61349632459262,7.47115379912863,7.35018720194683,7.24098861059328,7.1432010618088,7.08152874320064,7.02294836032812,6.92157717825053
"25471",5.65445494513179,5.62022962289335,5.59862558912823,5.5905231268306,5.59852026840034,5.6321581378522,5.66760505297735,5.72610848816765,5.80500178567588,5.84902256974813,5.91781611954208,5.99524529767179,6.0812136570205,6.16699069079737,6.24026416633844,6.29374584748936,6.35201124298169,6.408904973381,6.43704484942427,6.48919393531968,6.57779626906289,6.61654912665855,6.6141514105248,6.6247814777881,6.68639276448613,6.71324418306406,6.68537827880075,6.73612762919777,6.7723363030366,6.80915385420021,6.86744137050928,6.91539324348236,6.97845786844299,7.00302724626728,7.03558077003499,7.05872542048345,7.08640900925872,7.14860942936565,7.20299304343163,7.19727751322557
"25491",3.23269651108432,3.21432184212539,3.20177870863942,3.19252420605305,3.19591366828673,3.21165274597081,3.27277624268811,3.3435978720299,3.41684405256589,3.45271928110402,3.49855655474579,3.48114272087888,3.482971085059,3.49154695317046,3.49527174280913,3.49536201818156,3.49978394519027,3.5176470151597,3.51797908677813,3.53795044771503,3.54756609942299,3.55601136851386,3.55255399663964,3.56534583714355,3.59807474943927,3.60784675563375,3.58482895896848,3.60141569944449,3.61270492666427,3.62138792869224,3.6466739093326,3.66506308036437,3.69614360327771,3.70879857651538,3.72288393283173,3.73115007615001,3.74193403449869,3.77260389807443,3.79620904455364,3.79525951165577
"25511",4.80620674695072,4.78184369599032,4.76493985897645,4.7457839028529,4.74628953549769,4.75642266043464,4.76547326938774,4.79326967359885,4.83330088241882,4.8341287165155,4.86720457283252,4.94801464645868,5.04316120655796,5.12792894500051,5.19176025093647,5.23493722833957,5.26985632416373,5.32885149297468,5.33513699903499,5.3717228838848,5.35633940935161,5.32737445654817,5.28934533262973,5.27537289052045,5.29139831466577,5.28065508957497,5.22433744864597,5.21886048616635,5.20966378574443,5.19632381055576,5.20738067678398,5.20861672445366,5.22626915702705,5.22296069722201,5.2244585001923,5.21968861316385,5.21245317945255,5.22474861844198,5.22470404345355,5.20050342332616
"25571",5.33830076508308,5.32415415745055,5.30439086839157,5.28275076094575,5.26928606312488,5.26463430743319,5.25862564166017,5.26788416922669,5.28591602235612,5.25355140000419,5.25185954327614,5.25606156327637,5.27188421927859,5.27502321960421,5.26777870560637,5.26497886322581,5.26443478266456,5.27453509396677,5.27013580029403,5.28115969484765,5.27376797462865,5.37046316605498,5.41932165703734,5.46034998415468,5.50295193234571,5.48417729481513,5.41101439701186,5.38434699743408,5.35930385647954,5.32874788455238,5.32041878177937,5.29790677538129,5.30268898026411,5.30059364409992,5.29361272518078,5.32166977081768,5.38354196572097,5.4973699269237,5.59453170073444,5.67028325409377
"25611",3.11741518034804,3.10740438482487,3.09717576722403,3.0884765874511,3.08378082765618,3.08514603020549,3.08496999855019,3.09643490633828,3.11612330091217,3.10514229871053,3.11236145104742,3.14925332071327,3.19233727657467,3.21903608716059,3.23440303614762,3.24574041221709,3.25652180397151,3.27338581522925,3.27145714831394,3.27974388296289,3.28154556982657,3.24360948077432,3.19802572136236,3.17448979860795,3.16482636562275,3.14058502704218,3.10208881179278,3.08497921423934,3.07077741819173,3.0575731233815,3.06037623583041,3.05771700513715,3.07117095269085,3.08000019271149,3.08973578857494,3.10086738874242,3.10645679213621,3.12345710177242,3.12744259001203,3.1240431643324
"25651",1.67345585945452,1.66040888937414,1.65413657128198,1.65919574323868,1.67830118710276,1.71465893752062,1.76342667762522,1.84617373633041,1.95844570369609,2.05306102602233,2.19396371706335,2.33382055510241,2.49677615656674,2.61594536308768,2.73122721545905,2.82985897230244,2.93404128151371,3.04788943170778,3.12649297976982,3.23014906467798,3.47879159277861,3.77102461302721,3.89381353605145,3.9485420883997,3.92828923690482,3.89710313699323,3.84755065959999,3.8642778026808,3.88245021178314,3.90679921672444,3.96790949113959,3.98655740948406,4.04009673624124,4.07787393427601,4.12992289260229,4.17279930033036,4.21614877779544,4.30661082678492,4.37166589599682,4.41362284210342
"25671",6.99771551629537,6.97096958224321,6.94705006801145,6.93384842458215,6.9320258308842,6.93132476453556,6.92174708229706,6.94233132529064,6.97800370440465,6.9507830599432,6.95757260991728,6.97380658365507,7.01723751402909,7.02787771651227,7.03461431652701,7.03412339956348,7.04270362708126,7.05718397290718,7.04691505492462,7.06349689328291,7.05795548871672,7.06224584303726,7.02871931037201,7.03572568013572,7.05423845980227,7.03870005387564,6.9878260811619,6.98281724088137,6.96961850476409,6.96101710018462,6.97405002750066,6.94912812345195,6.97169256946387,6.96887632663396,6.97752533562511,6.97423807757557,6.96789044899018,6.99462813806564,6.99012870539363,6.96635784122114
"25691",8.22650290912601,8.19278662060733,8.15934500918147,8.14167494917585,8.1351326344783,8.12999697500604,8.47654403787696,8.89586407894097,9.34263190686491,9.55890289413076,9.81905492046416,9.4666519199254,9.25331369121129,9.02930534863373,8.83852172848888,8.67265963028531,8.54397063403526,8.43235718388699,8.30660511520441,8.21733911673798,8.11943794734052,8.03363217798984,7.92086629643854,7.87221914315536,7.88609381424102,7.91006046457941,7.89325216176793,7.88365130309545,7.80922825703935,7.6863531151383,7.58615382312565,7.45654968212496,7.37819728854646,7.30239669235652,7.23958045096747,7.15563640975999,7.06677166689545,7.0073665031112,6.93566508835625,6.85649706854455
"27231",0.545021107439157,0.540260893371664,0.539159279161102,0.539962176865598,0.545273477711311,0.555583407424406,0.57791195810651,0.615904507999521,0.674489355117657,0.745656553984234,0.833338910257625,0.937913026940468,1.04988885718433,1.16915920688299,1.28864014815177,1.39991241757133,1.53400434565172,1.67788288807121,1.82564228258658,1.97966675211363,2.10823535907761,2.21686711334957,2.32301912427069,2.43330314237339,2.59798901118923,2.74193422448597,2.80981327469149,2.9320159004545,3.06727611664174,3.18568691758238,3.30701738483749,3.42427062867517,3.53797662822291,3.63766338371776,3.71235768606911,3.74506991448035,3.82981643951737,3.95935141457348,4.05953234418888,4.11513278444397
"27251",5.64380146754795,5.62321189207632,5.61161002626253,5.57853061866577,5.56062027066275,5.54912944574057,5.55673876779117,5.56652865553683,5.59189255365856,5.58633164957126,5.60523316469798,5.62247183696621,5.64048351352966,5.68093805001104,5.69268868791642,5.6819211996557,5.69177954275016,5.70778721408159,5.71723671014505,5.73434754300866,5.70796419425559,5.67021994709831,5.63811284323358,5.60200841859793,5.59917420700746,5.58001612258145,5.52829866185666,5.51021752091174,5.49808289657291,5.47635166126255,5.46435434482102,5.44868297068226,5.44949435246389,5.42543015059619,5.41380755740476,5.39172807053543,5.39225526306902,5.41533201528677,5.42418685618615,5.40951042341248
"27274",7.82167000693764,7.7874164477733,7.76895203324006,7.7266660469465,7.70856308687417,7.69830584613482,7.77590933307995,7.85632202483149,7.95829199555159,7.98657352959687,8.05929173408186,7.99050336536791,7.94069885445814,7.91737303078864,7.86539499552173,7.79992706421647,7.75232637332831,7.72500911967227,7.68779563337164,7.65851365042173,7.62380207496865,7.54740654942499,7.47726422175841,7.41280580845744,7.38411293070126,7.33116398292893,7.24460552452228,7.2003874593258,7.15567769747573,7.09571345239948,7.04852800461424,6.98967881682339,6.95120511208775,6.88883566095624,6.84437862841081,6.78921153112552,6.74848437384018,6.72688594377882,6.6984531119091,6.65234828286157
"27291",10.9491486167219,10.908167817778,10.8932642116111,10.8307259320071,10.7973421925512,10.7703616765195,10.653067232141,10.5607987210102,10.5048305700478,10.4027842186722,10.3365515163245,10.2914335345307,10.2504013108872,10.2187397232161,10.1641154838422,10.1008645378498,10.0332456255453,9.99292931717278,9.93397905789258,9.89035773232442,9.80389953416032,9.70168541017239,9.60409833382465,9.51777164485664,9.46711654516805,9.38590692297202,9.28195319158359,9.22590202768586,9.17481082968207,9.10717645885814,9.05463162599964,8.98494923294349,8.93315466057381,8.85547760469155,8.79536550388233,8.72733751878932,8.66524381952508,8.61910042797844,8.56481318970333,8.49196175030869
"27311",3.46215617722398,3.44059921723514,3.43305835152459,3.41600322449675,3.41330123517889,3.42049151099897,3.44819395074725,3.47999214701772,3.52512290748579,3.5395032268036,3.56574825210329,3.56330771193272,3.56716524679624,3.57866392042122,3.5811721997485,3.58160919646577,3.58205541074078,3.60074011036893,3.60972149816631,3.63025446737421,3.63690023191314,3.6376435686407,3.64084392135312,3.64644079059622,3.68549413347172,3.70543281433642,3.70920351330418,3.74430674186733,3.7816049434493,3.79832287006426,3.82158568182047,3.82595267083588,3.82893296914715,3.80818459204494,3.80118385120797,3.79002645426765,3.7881527277957,3.80313184835635,3.81326217334918,3.80442970011858
"27394",6.03965298272531,6.00559221833258,5.98004656239079,5.95581573434447,5.94024908906377,5.94479117333228,5.9485628994616,5.95478695094139,5.99059053122054,5.98131114549383,5.9913196762283,6.10792200720151,6.22389437518955,6.32356745014234,6.39111110807742,6.4440232856962,6.47655916664754,6.53081035161873,6.54126730357781,6.55760603948991,6.55363977207548,6.38703996608154,6.24210434047347,6.12719186510214,6.0574450884903,5.96642021091153,5.85949472941393,5.78711370278107,5.71927882655873,5.65147440336418,5.59488129992829,5.53193451491962,5.48906483979409,5.43320480112841,5.38408827265965,5.33697253416664,5.28938685826683,5.25329307110874,5.21606321178009,5.15862469102377
"27411",1.92272835243084,1.9136590445178,1.90474888461719,1.89398830677535,1.883412121368,1.87530063056173,1.86411685716975,1.85260814686258,1.84575492973963,1.82725594812027,1.81182923250914,1.80052592858596,1.80683905012854,1.832228991908,1.87859196697609,1.95723960514212,2.07273993591178,2.24590458928848,2.44855101870054,2.71069796557042,2.97442988344229,3.210735979929,3.4316210698616,3.66588672993826,3.99552469157195,4.28187915464961,4.51417504106958,4.82289010274561,5.12247709523355,5.42930431764881,5.74214956307854,5.98378662710926,6.22382142797881,6.42633406804862,6.61438886405401,6.78727575595615,7.013679162799,7.30227307589767,7.56027182967651,7.69926431332089
"27531",0.559864258587946,0.557996228291281,0.555520990935013,0.553581725033782,0.552077131240551,0.55142764823303,0.576638228774237,0.658433042706853,0.826563298719992,1.06148921003181,1.41236823438591,1.75791937942484,2.10452263582214,2.43846024448173,2.74958010494439,3.04839159954769,3.34296932397605,3.65100337128562,3.9174783526016,4.21231606465578,4.43221032938806,4.91289750621397,5.25835135385475,5.55183102112518,5.87682477853707,6.03397330152853,6.03038555234924,6.15300244061648,6.25698481025461,6.34704192850843,6.49024735341173,6.60901241026067,6.76352031994719,6.8744784383563,6.97214754469795,7.04492277534046,7.11986120231574,7.22931420754765,7.288021499134,7.31364926532133
"27554",5.3097572766787,5.29439839790647,5.27417046056901,5.25971368222931,5.2525612143675,5.25805221829799,5.30827298354975,5.37075375860508,5.43755196649138,5.43820474092679,5.47199429042061,5.44956802127349,5.45079355826325,5.4390714175596,5.41778501715565,5.40163185356772,5.39293115710762,5.3911045595057,5.3779221989164,5.38088435028637,5.36582436881471,5.47426203575827,5.5137685816494,5.51720354411194,5.50376878162756,5.44986949727417,5.37197962635122,5.3458902408876,5.3413218704577,5.37171053063367,5.44608496439849,5.49998306838835,5.56106066856509,5.56817961793602,5.52205657188033,5.43751814179167,5.34076135620711,5.27329870310186,5.20198427845091,5.12537569852493
"27611",1.47277724332086,1.46564279740481,1.46080232849293,1.46063609999052,1.46945666573972,1.48792203544119,1.51163578181312,1.54748325549211,1.5963241683145,1.62742429652258,1.67809193353843,1.74418023022161,1.83254083842589,1.91405443330873,2.00010327529919,2.09694150459041,2.20324243946568,2.33598829772644,2.45504909846034,2.60461457941196,2.71785862512394,2.87865790879851,2.98261782100566,3.08780895531258,3.23037949874453,3.32745237623698,3.36636070472373,3.46346981414765,3.57129008415466,3.6722261723568,3.77970170697173,3.82893071762713,3.92506548598877,4.01553080216336,4.09661164548613,4.1782269820408,4.28123839484998,4.43838696082831,4.5511851092968,4.65063173141962
"27633",3.01581954327092,3.00443426362214,2.99574580877723,2.99188079507727,2.99886624181311,3.01471202274034,3.0295094730539,3.05769263721121,3.10011785722316,3.11289318028045,3.14715241679366,3.18969691471213,3.24615515582619,3.2818178011012,3.31278380992945,3.34138854618466,3.3676364569734,3.40373531986739,3.41698334871792,3.44842903896344,3.5150474602924,3.53797763099619,3.53345503859832,3.55355723647049,3.58707617973918,3.59340487017425,3.56924698687986,3.57168619078941,3.56936277203415,3.56453502045128,3.57379294785955,3.56107753418107,3.57171045526048,3.57282840769875,3.57396928925436,3.57594811878438,3.57313718830195,3.587922148779,3.58402915836364,3.57522084732685
"27674",1.87716028351554,1.86493568125025,1.8575537641202,1.85921016551505,1.87441570555916,1.90272167081644,1.9353544207358,1.98631711270733,2.05156016546815,2.09661110077419,2.16747291932961,2.23511252378722,2.32026215976706,2.37656106486935,2.4343778573891,2.48429441902044,2.53822046449614,2.59735524052338,2.63308104386763,2.69017093759282,2.72436798708571,2.76547215735185,2.7788113825635,2.8191388278189,2.87101302594127,2.90488413515331,2.91005617593979,2.94050832392403,2.96254873994154,2.9902897287896,3.02616106510345,3.03992641395959,3.08856375958295,3.12013793935854,3.15096513429628,3.17345358500839,3.19526292333229,3.2355318225462,3.25043690298007,3.26044155702026
"27693",4.52815947795782,4.51306530848385,4.49275054364293,4.48159972089335,4.47610047140173,4.47358507797548,4.51019761690984,4.56324638233865,4.62211603328082,4.62240943473192,4.6423978335349,4.59138686752216,4.56749484795495,4.52483633952075,4.48632026665673,4.45126787183518,4.42114869947414,4.39710223330414,4.35854881547794,4.33463289636882,4.30024442396691,4.26821445994199,4.21889934280817,4.19206105278786,4.17044375638362,4.1375488784744,4.09061833749306,4.06205567607868,4.03097071510074,4.00155927289285,3.9788893289303,3.94155422458557,3.92819153180923,3.90417293380001,3.88363128929565,3.86259000502147,3.83976047145631,3.82898390521821,3.80946209406855,3.78703032250217
"29231",6.72269241562488,6.69405472121355,6.68264084451698,6.64945625724696,6.62430938113088,6.60078828760162,6.55686065809931,6.52435726289825,6.50598089473182,6.4704734857645,6.4352017596367,6.44027164737004,6.44737983063408,6.4497858284314,6.44167494635165,6.42426665028406,6.41796352185497,6.41816478203722,6.41704540889426,6.42278358857337,6.41211363813799,6.3490296962767,6.28294187087942,6.23718344742647,6.22308292183772,6.20594527001661,6.15436538888782,6.13899162006535,6.13511504581907,6.11606165926584,6.11657967031066,6.11892411339553,6.122796475908,6.11587869874099,6.10690756534849,6.07681177023491,6.06944024851499,6.08039878258592,6.08103370360984,6.05776481022112
"29251",4.81268133093214,4.79053873634003,4.7819100570762,4.7602259300132,4.75705641895136,4.76412461916639,4.85976164240455,4.95843140016961,5.06981833159371,5.13806764304937,5.20908096417696,5.14773124935006,5.10954925696361,5.08467043603014,5.04886239344203,5.00877322145011,4.98797329790031,4.98240295695264,4.9680669253356,4.96206987258006,4.93759028207982,4.91165680186536,4.89515028170622,4.88660095579568,4.91172906251587,4.94786776110211,4.94242821757857,4.94523742108395,4.93131493664805,4.91040981920562,4.90658173443541,4.90455876109444,4.92102250633482,4.91054338711139,4.91819732309198,4.907097328123,4.9043610243873,4.91366729193948,4.91074381524265,4.88755822109072
"29274",2.28523242759338,2.27515001477205,2.27025186528079,2.2587006131748,2.25472316369442,2.25373614680465,2.25274671417322,2.25777277358755,2.27130750529771,2.27266166575624,2.28574615646627,2.29819313917157,2.31593885053184,2.33829007882643,2.35392294007506,2.36787626440711,2.38739900657566,2.41963858946495,2.44826987400886,2.48112305071524,2.50452365220974,2.5458028986117,2.57126866363141,2.58420214974582,2.62536941042603,2.65568783972396,2.66305231777556,2.70153679919678,2.73964820121251,2.76602190930153,2.80382777335982,2.83888082233766,2.89197525080525,2.92359951730945,2.97104684879016,3.00083631533725,3.04647794018632,3.12902424838792,3.20486859580937,3.25663364642622
"29312",2.28873591890405,2.27084697029983,2.26484045840838,2.26012468930147,2.27095339724793,2.30003397125194,2.33195535948122,2.37314187674347,2.43118994953205,2.47127862674889,2.52618974621784,2.58404916367631,2.64546251991907,2.71023301108335,2.76552175168556,2.81366222616909,2.86389020177083,2.93716946198223,2.99647240301004,3.06489913657391,3.11132704405333,3.15874814466654,3.19711077875928,3.22937745684886,3.30133952389817,3.34254414983436,3.35386214635696,3.40142398072469,3.45443239240357,3.48973148517093,3.53735698963982,3.57850104922464,3.63705964526171,3.66851594110796,3.71074865052948,3.73604841069714,3.77263940012715,3.82797918329247,3.86933858290343,3.88357349013005
"29351",1.04066546442669,1.03540818020607,1.03133122504372,1.02671979400382,1.0240711724638,1.02273333846653,1.02115080476364,1.02057695789661,1.02407572049898,1.02062591593198,1.02016536915351,1.02686312470749,1.03869523010909,1.0566477969404,1.07712080711837,1.10282215336206,1.13235480632479,1.17480738073309,1.21680146400118,1.2679117858091,1.31221726308574,1.37622930812567,1.42171266204488,1.45193608715132,1.50720218991434,1.54491587507164,1.56429831397838,1.60464272017691,1.65102637028972,1.69173968966566,1.73875971577209,1.7824159861132,1.83986143020697,1.88840979778819,1.93748361881288,1.97940977765332,2.0482161534359,2.15376157432068,2.25817775190782,2.3386111410731
"29391",5.04082450492846,5.0166940850454,4.99408944779049,4.97348163433684,4.96042844790432,4.96226719292627,4.96791280479375,4.97362292241327,5.0061193831355,5.01010151947385,5.02736965851602,5.04166606240896,5.06715953221797,5.09439768736653,5.10939503393952,5.12828689933567,5.14321835849466,5.18160797321432,5.20225790964975,5.2397978385849,5.25660413390053,5.29585190117071,5.31637593466893,5.33425249031761,5.38101985686211,5.38144736636395,5.34961801221083,5.35781236475533,5.36902019895055,5.377468653839,5.39518241223515,5.39867206734101,5.42715130795628,5.43386880358781,5.44381673500602,5.45392423832225,5.46693235284036,5.49758011497523,5.52766288064085,5.51918288686503
"29471",5.81717385676368,5.78382672551967,5.75237391910122,5.7301545811314,5.71621987437386,5.71876710473432,5.9144626294691,6.14123906117787,6.38481986997266,6.52133796387684,6.68402188127432,6.49175451837697,6.38232470979582,6.28658683307907,6.20586455277254,6.13977340078583,6.08467844421525,6.05304993037032,5.99534807562316,5.96870317138589,5.92826130385801,6.05370326501462,6.11818487381142,6.12477203377392,6.08516505460839,5.98142174486618,5.86105980564202,5.79583188792685,5.72869030594931,5.6640259753526,5.61473657685266,5.56089190097775,5.52918965904872,5.48368687119901,5.44948907473598,5.41327250683886,5.37546059216645,5.35628134258105,5.3412146294042,5.30179071901146
"29491",11.3076612412309,11.2661457348916,11.2131818630952,11.1559128232834,11.1104649643065,11.0662275742091,10.9436738031895,10.8638843917027,10.8134033821652,10.706247854281,10.6416689293709,10.5857614802232,10.5463749523201,10.4974023012462,10.4437879696518,10.3858794711773,10.3302586204065,10.2862936193471,10.2173527748071,10.163008124316,10.0971423000787,10.0437688973117,9.97407597982846,9.90494030463952,9.85104046745635,9.76604903127046,9.64826898423005,9.57911342000689,9.49929177105423,9.41473566518414,9.352056640034,9.28129724079838,9.23433433686902,9.16384219368486,9.10743693891932,9.04335799725577,8.97608161454239,8.92951892156066,8.87813936527192,8.8061854412073
"29551",0.620481620243699,0.618244289646331,0.615831210855819,0.61470107523057,0.615051507181944,0.616917003840817,0.623330414815055,0.637326181163961,0.659980505342967,0.680624058407548,0.714001206243447,0.763997732947222,0.832084192375632,0.907929681724826,0.990195789357226,1.08269938469908,1.18515523287204,1.30693804410314,1.42375554533709,1.55673975380111,1.67793845191819,1.80994647279977,1.90371206552459,2.00016400926921,2.13404316311488,2.22489510733597,2.26694663178343,2.35886097739264,2.44278160499484,2.5217698938437,2.62053830897947,2.69852435472633,2.79647246263798,2.88077757469498,2.94880965128743,3.00783177963242,3.05931599901571,3.12749657472596,3.1689430382346,3.20099009326141
"29591",2.01015270081658,2.00517663779375,1.99812437942592,1.99231161310919,1.9940300472473,2.00025620675266,2.01076282546821,2.03165352275501,2.06302298136155,2.07468892979226,2.10418759109718,2.14442837217196,2.19686974162511,2.24187133421265,2.28471326841298,2.33189170133565,2.38209501467592,2.44859762815693,2.50206094314858,2.57286644882362,2.62385904161204,2.68759570924163,2.73036818923321,2.78954357985726,2.87594768698843,2.92928648968875,2.95325055257377,3.03390866254049,3.12203337041782,3.20297023690285,3.27917176359165,3.29612385627184,3.33273862714664,3.36580095643681,3.39381317332211,3.42987608302471,3.49311030276632,3.6020691949118,3.68867200452035,3.76218222450571
"29691",5.46330557464654,5.4469606320697,5.42553629170132,5.41312113643252,5.41401457647843,5.41886863977223,5.47678139082374,5.54928004408965,5.62855595427021,5.63169648661445,5.66016948152496,5.60919148424179,5.60282540866811,5.57453527646794,5.55955226140715,5.55501206548822,5.56385784040023,5.58762464255695,5.58855192076475,5.61853132300858,5.63077779180714,5.74789331821447,5.78302988456904,5.82123475853597,5.83656367134021,5.80196041576617,5.7391644042982,5.74486608964633,5.77110369789335,5.81469555049728,5.8515763789131,5.79488082764365,5.73237046833099,5.66049163708203,5.61119279363151,5.57326588596375,5.54004377650187,5.53555555499886,5.50967926465935,5.48238290377215
"29734",3.6690581638443,3.64923430212619,3.63183809733422,3.63389301986084,3.64797147497667,3.67927504044433,3.70577294710046,3.75699753645631,3.82767255079049,3.86834957066205,3.93802827506142,4.06037012150423,4.19623600489869,4.28295464901501,4.36653462987074,4.45194288838461,4.54030555076879,4.6302095259406,4.66366392671678,4.72903936114504,4.74913905725059,4.74538876652559,4.70678227129087,4.72619871277273,4.76310941007248,4.77569884806727,4.74667657881854,4.76209753790351,4.77860691579202,4.80439308964394,4.84346439339127,4.83345873593531,4.88500409753532,4.9147279149367,4.95149283635569,4.97876911362431,4.99205211005989,5.03688274117678,5.050760140284,5.06316209889483
"31211",1.80162758321005,1.79004735576702,1.78851826872411,1.78690535438817,1.79118862057573,1.80615781998934,1.82916289132798,1.85474102888078,1.88416373841211,1.90219175462404,1.91922543080292,1.94159480350694,1.97618311962247,2.02164231323124,2.06843427069087,2.12827478078163,2.20473022984446,2.30097127438664,2.41601900964436,2.5332118712881,2.64070186315577,2.73749994425385,2.82364755250594,2.93434483565791,3.08038613183252,3.22000571320941,3.26528119251536,3.36135095078799,3.48350075314284,3.56716641068489,3.66595442409547,3.78951361131877,3.92442429969774,4.06552744958129,4.178002529314,4.22512126427228,4.3332071114429,4.45104550521944,4.55434173493141,4.60483000941371
"31351",2.88249415299164,2.86553368582143,2.85292011840835,2.83964278149197,2.8339877375894,2.83329014097818,2.83270007594689,2.8406153493703,2.86132651826689,2.86668248782613,2.88309058865189,2.94701029790718,3.00784971409249,3.06376601990807,3.10440336717516,3.13684331726024,3.15650370979202,3.19316828398354,3.20875183046732,3.23725740784244,3.25998663016668,3.19442149267832,3.13750245935396,3.09752341382133,3.08939410145724,3.06850241619726,3.03402666783345,3.02357633763455,3.01989476202555,3.01181438157496,3.00924377025172,3.00326063178222,3.01322268629338,3.01321640145308,3.01915763515745,3.02615587248079,3.03778355808827,3.05856031522704,3.0763467818072,3.07871407338891
"31371",3.56330530038736,3.53955936087373,3.522300717651,3.50755739811439,3.50198076859241,3.50240236541088,3.50298419386045,3.50969937255128,3.53059367912477,3.52811565278495,3.53602260555904,3.5489974817046,3.56413712605631,3.58069458529587,3.59210142502985,3.6016703972894,3.60636460196367,3.62973848246098,3.64075914288975,3.66830744566638,3.67332458718384,3.6916920091337,3.694834158205,3.69731621282141,3.72952251003092,3.73659563677865,3.7178200253633,3.72579827917645,3.74627516818714,3.75859535901218,3.76979266525974,3.77530239755265,3.80387931851415,3.81706768217604,3.83125088575743,3.89300652796655,4.01379913158488,4.18868604857169,4.36481738524706,4.50508216193328
"31391",4.42848325817927,4.40063574073905,4.37760205418667,4.35915864803345,4.34870378043509,4.34448861758234,4.47766838302651,4.61241591027569,4.76383241530876,4.84609092589172,4.93843324138255,4.8127490739503,4.73513945372836,4.67886228642435,4.63124832765185,4.59479567807037,4.5638554107919,4.55698243374565,4.54650619775909,4.56580543870783,4.55646830340849,4.60262872073285,4.61505090523253,4.58976858343452,4.59107699363411,4.56796512689267,4.52444152959999,4.51369986951765,4.50705192774173,4.51119211585176,4.52418224217475,4.5145305473317,4.51632722469099,4.5025150788048,4.49274355420368,4.48512150190738,4.4802590608103,4.5027415695289,4.52712433388388,4.5234995568005
"31414",3.57755285969037,3.55721045076324,3.53947220950494,3.52560693637832,3.51771962849119,3.51447006119397,3.52352485010095,3.54473223437683,3.59214408403029,3.62266922956737,3.68526221070444,3.75320155429667,3.83851925749928,3.92727552103499,4.00691063713759,4.08555236605642,4.16534725736643,4.26769291000028,4.35033265245311,4.47077548816808,4.56412526926431,4.67951133228859,4.73988100218115,4.78047760035854,4.89263054978844,4.968443050213,5.01441118155459,5.12676031067684,5.24976406788096,5.37062711375141,5.49388591523874,5.60028676746086,5.73796340977911,5.82166174113711,5.90135757127792,5.98800498647061,6.07877335811772,6.19918427098062,6.31219126698121,6.35201807002593
"31432",3.3172475715077,3.29648563951113,3.27958062730577,3.27075945209344,3.2697745417047,3.27637591583608,3.288766877461,3.31219035981792,3.35381598072205,3.36914984049997,3.40805160839415,3.46795050345808,3.53806763612946,3.60249270449451,3.64900543204809,3.68990592835026,3.73322148867255,3.78398291491489,3.8050348997219,3.84880075115261,3.85847109692355,3.84660672232995,3.83269429200116,3.8308158843697,3.86053003180488,3.86164520761628,3.84243502515287,3.852588536953,3.85524562618217,3.85940615895544,3.86733903619143,3.8619357269954,3.8896702811199,3.9117652713755,3.93169740506627,3.94578694956417,3.94777594251337,3.95975841897549,3.96002415508962,3.93303635799837
"31474",8.54600506781953,8.50981349852727,8.46284985144744,8.42402112562583,8.39437205077798,8.37246912808126,8.34451743801063,8.34581856310658,8.38054197565046,8.36079445854372,8.38463980911545,8.42553347684554,8.48539469302608,8.52870563351808,8.5545385960564,8.56521124237721,8.58801954931799,8.61678622828618,8.58991438415817,8.59617385695206,8.55252023496589,8.5861114139002,8.57399454039085,8.57826947938547,8.60249372754822,8.54440991066673,8.41591693637801,8.32594658297412,8.22136886961678,8.12487018635047,8.05194574084222,7.97398602921595,7.93395031939095,7.87726849890818,7.82731291820275,7.77634333954948,7.7237651196736,7.70198205746534,7.67963177310024,7.62790210807914
"31491",0.834358473881096,0.827952244871178,0.82414686471473,0.823947845196798,0.829322462044239,0.841230055813464,0.857349079440269,0.8819635981419,0.916090009139215,0.9447055053844,0.985273773402054,1.03754712782041,1.10833489069193,1.18572620396608,1.27086971357505,1.36158822038265,1.47231297857237,1.59643961709077,1.710048469502,1.83763946354635,1.95399567389592,2.0662536545971,2.15251328890896,2.26337283839167,2.41474386137468,2.53320942336995,2.59970906309431,2.72604290775239,2.83283338051043,2.92900346115409,3.03713895780996,3.13229266044096,3.26229043911844,3.37047473416365,3.48034484489018,3.5620196273742,3.6796132626022,3.85309825596078,4.00641956944844,4.11938057250583
"31514",2.93959090424325,2.926735177781,2.91293868220468,2.90078725997733,2.89214506398664,2.88630102808855,2.8773954803205,2.87949967917458,2.89132843406425,2.88450851401378,2.89038254327068,2.90215245526093,2.92248157970332,2.93532885243622,2.94404958107011,2.94914837921215,2.95844962071028,2.96952191603403,2.96971330172989,2.97460606625052,2.97110236702103,3.00188659401969,3.01848037677308,3.05531224301299,3.11845384101958,3.16964286883778,3.19401442780601,3.247673551531,3.26276012486653,3.22773081655039,3.16261716850946,3.10718234809916,3.08058599218832,3.05566707777932,3.04531772589228,3.03509069203083,3.02395401400256,3.04178072900739,3.07456692027364,3.09276740697766
"31531",1.62702671754069,1.62029017679226,1.61336228579622,1.6088702110505,1.60516813656006,1.60285177906176,1.60445767142178,1.61702080277953,1.63938808902523,1.6535762729506,1.68200082479444,1.72917020578475,1.80229031489739,1.88526328446912,1.98391615404249,2.09690868599184,2.22954918924651,2.38258472680307,2.5327328802195,2.7099202386623,2.87722345570509,3.0465570917233,3.17239009211284,3.33782375313456,3.54331587426385,3.6667285521358,3.69378043502422,3.8102637928504,3.91594873389845,4.01425401827001,4.14051766057596,4.30389876695518,4.53913884828044,4.74594195375115,4.91581367634829,4.99427610719545,4.99803458319585,4.97927310911216,4.92768060252086,4.87132753633623
"31591",4.24289388144737,4.23015498741833,4.21220881066659,4.1970430087819,4.19499064598796,4.19718897075099,4.19995533722109,4.21792035913587,4.2486992857978,4.24099851448262,4.25935670009167,4.29555976479022,4.34318253469281,4.37591974796199,4.39800827062398,4.4211934940018,4.43764603378571,4.46633986699292,4.47414896304811,4.49509876894593,4.48703284283015,4.51024997782371,4.50233171922578,4.50220605516311,4.52705083887503,4.52311004691576,4.49255131034428,4.49948336426983,4.50175518315341,4.50616902740356,4.52537912165668,4.52305831817752,4.55218826517096,4.56789869596401,4.58377362686156,4.61525663296809,4.65173419677349,4.71474177533274,4.75286124280886,4.78199469026129
"31611",2.59890699192658,2.59031310713724,2.57954474923778,2.56942763144235,2.57189109834485,2.57820652732724,2.58590401370718,2.6033434558032,2.62888756907378,2.62921509252121,2.64500816861751,2.67074714689578,2.70665226927247,2.73457955841204,2.75754994881525,2.78319293481862,2.80703245179472,2.83944693130218,2.86017393442221,2.89296450424382,2.91243811471627,2.94547383508345,2.96010676654863,2.98816134407319,3.03896163595302,3.06369060195992,3.05515159077074,3.07222557290783,3.08582349279372,3.10058243152978,3.12962176160216,3.14270943626467,3.19651104461228,3.24076118782505,3.2717491273088,3.28356893187713,3.28255875082107,3.30235131040131,3.30780266717341,3.30949789004587
"31651",4.81999584643887,4.8051055641329,4.78692930492366,4.77148901166644,4.76908638893869,4.77308255508073,4.77415610555247,4.80938404419719,4.83954645068845,4.82848402229527,4.84177498320631,4.85835502839373,4.89564546934967,4.90557438831977,4.91545703652876,4.92154278245037,4.92984676164531,4.941117231798,4.93282667862442,4.95068727911553,4.94319027738357,4.94921029588018,4.92952836057356,4.93923132714893,4.966067315538,4.96177152339584,4.92813607800589,4.92654674765919,4.91913292803737,4.90803888853632,4.91573232049416,4.89745656409168,4.91830344393299,4.91776207498338,4.92207027710557,4.92295562960295,4.91283928390543,4.92900964986103,4.92123096318764,4.91241310857203
"31673",6.68655192147995,6.66612077466007,6.63951438563383,6.61609056777809,6.6118730286001,6.61513450737349,6.61276457750395,6.64700879921399,6.67969462900575,6.65727339964361,6.66394628502843,6.73228818702673,6.82479643809001,6.87109688059191,6.9115157561336,6.941483397892,6.97658905218635,7.0092430082642,7.0097181835286,7.04936468933674,7.01141086475552,6.92073810454209,6.81129828634052,6.7534151154931,6.72314414996723,6.66367669393044,6.58242742419133,6.54409201504613,6.50320024428033,6.46471391362861,6.44783715223041,6.40363181303138,6.40672833981831,6.38341222072641,6.369225900994,6.35390124294838,6.33237455030339,6.34630457679027,6.34127568607881,6.33388607226751
"31711",4.06206388113764,4.04653824893571,4.02646098832148,4.01595788600468,4.02385289894302,4.04209422432008,4.04965771040035,4.08178906522328,4.12292626741,4.12660907891586,4.14964768545329,4.1983938596744,4.25981193865635,4.29524000646276,4.32518819029055,4.36191536280897,4.40168564646103,4.4494086676934,4.45321082377841,4.49155319230307,4.47682681778773,4.51750475041599,4.5159504326241,4.54596582683362,4.58624679018569,4.58661812798008,4.55234292919584,4.55178088549188,4.54259044944472,4.53255057869925,4.53067166866773,4.4986096232178,4.51575713451294,4.50417064397542,4.49977461643585,4.49504075509315,4.47600869568759,4.49232146618798,4.48309905166631,4.47845877535294
"31731",1.05127051438288,1.04403966820363,1.03879457446616,1.04004388546091,1.04812082016951,1.06548592540439,1.09564461701695,1.15730916105522,1.25122745902551,1.35529006058467,1.50582708970274,1.67551236976451,1.85099923204567,1.974181893942,2.09408948228258,2.21501376671603,2.33652519858717,2.46018821065929,2.5208047900099,2.62123455233722,2.72482016580108,2.77795331334949,2.78474472173592,2.83476907100026,2.89441767860025,2.92684806624124,2.92221249111432,2.96097924588597,2.9998500269567,3.04712850211011,3.09857879902068,3.12687224563478,3.2280426069787,3.30341070009054,3.37196902043738,3.41735299279632,3.43821636810946,3.47915337377527,3.48277526971667,3.49390860879241
"33231",5.84333652945872,5.81448802284353,5.8004586911836,5.7755500120217,5.76068313855921,5.76399751275839,5.76510511990106,5.78049432739004,5.81164801212373,5.82342538994679,5.83566708593457,5.99191281370841,6.13821745751927,6.26960041458769,6.35990612852836,6.43871072742794,6.51429125711283,6.60624774039326,6.66885399539178,6.723103166709,6.73394764271149,6.58844757027744,6.46751574982526,6.39652917713645,6.38053560065275,6.42504463735144,6.44747968480688,6.52996778831097,6.61626170649101,6.61697802437375,6.57416458174828,6.48167235572157,6.38653047516876,6.2960634403688,6.21365243431902,6.10444598007423,6.03267787382176,5.97599865284887,5.91522798062655,5.83080602663884
"33291",0.649886091747486,0.644604830225339,0.64245109245046,0.641320578446295,0.644922722577043,0.653652801237605,0.671015726940721,0.700658917226421,0.748558731698761,0.803859882508047,0.873711557155847,0.958375257744838,1.05789899851795,1.16553169883128,1.27429503239684,1.38506478353444,1.50154800411696,1.64750879515102,1.78802637496239,1.94766231256827,2.07062229250317,2.19497674793162,2.30675210488763,2.43152728763142,2.61710692910241,2.76294472905596,2.83193328518014,2.91483906530802,2.99704189541391,3.04506926876683,3.08666617271246,3.13171715126347,3.20716745689639,3.25929319804294,3.3096322503766,3.31607476279423,3.34487761638815,3.3732788020275,3.3846582822572,3.36847135396133
"33312",4.00622166565372,3.98454186729554,3.96918773625354,3.94728222838899,3.93473130216644,3.92787256092422,3.92102647770702,3.92211993852645,3.93729206508482,3.93675865759186,3.94236680318662,3.9519274646994,3.97191026522583,3.99302331930199,4.01055915409645,4.02838866586803,4.04513433143298,4.07938263917933,4.10239069487327,4.14296411836412,4.16036619326277,4.21179705623897,4.2362540705339,4.24961103745768,4.28040724899074,4.29004938701266,4.26885089335418,4.2759467982686,4.29888479972822,4.31895805641753,4.34204146917997,4.35246980260623,4.37768166486084,4.38984696550381,4.40414609727187,4.39863706220955,4.40856107664133,4.43582840883408,4.45728531481464,4.45362094695244
"33331",1.73598398746916,1.7216941356906,1.71574512179017,1.71199586192685,1.71878406127922,1.73613373858813,1.75716825842174,1.78634914132247,1.83083052207985,1.86644712656845,1.91413996740112,1.96955069919519,2.03929922244243,2.12054234628951,2.2042329990952,2.29312134764906,2.38901508222041,2.51180537128912,2.62417588998133,2.75882105478816,2.86488027035804,3.0973066229972,3.26030679341101,3.37170180913059,3.49119346962283,3.52875912474665,3.51839691354797,3.56474122149694,3.63466236641356,3.69333599053127,3.76009192180901,3.82601999682009,3.92425691467218,4.00361977489476,4.0819896935204,4.13826215551526,4.20962216590325,4.30481170708503,4.3902341776139,4.44098108896209
"33371",10.3476705846406,10.2899486545019,10.2410980759544,10.1848594328147,10.1503239224409,10.1195444622076,10.0242198345025,9.9618577214171,9.92192376310691,9.83677841549027,9.77698038956462,9.70998422044423,9.65209389178715,9.59604544420432,9.53229823752341,9.46396501608326,9.38753225712436,9.33471968234496,9.26675801065318,9.22863869939797,9.17728278099639,9.18466207018712,9.16606228246557,9.12473834200879,9.0877707689512,8.98894143616565,8.86207512196423,8.77525377356148,8.69640876129997,8.62191194337582,8.56283947675144,8.49428004529382,8.4445766982664,8.36593120167602,8.2909956525215,8.21660981045636,8.14223707587523,8.07779151008191,8.00754300983004,7.92065683259049
"33391",6.44914730159419,6.40184031522648,6.3697684448101,6.3496081416112,6.35319989589602,6.37153343602374,6.39560402385878,6.43541341763346,6.50476411720047,6.53632449293252,6.60807950237132,6.74976168020727,6.89271742878927,7.02339011277906,7.12787123601497,7.20658404305928,7.26638544602876,7.34851876401266,7.3930020019059,7.49250572726197,7.46356180401541,7.41640870209722,7.36883907358766,7.32178216156127,7.34194901586221,7.31427471911729,7.23889642246889,7.21018054960918,7.1927875689108,7.17551617604778,7.1681661876758,7.14644139776885,7.16853860893863,7.16643940763333,7.16591400451922,7.15459182997693,7.13757144762122,7.14134380319565,7.13684811892266,7.09194159382846
"33431",0.458801586346095,0.456521119375316,0.454149441964905,0.45232930746059,0.451166584408646,0.450121990578364,0.458457274044463,0.482137140021787,0.533000782919132,0.601765135367052,0.709890386928797,0.813430863014051,0.920280527222586,1.02231086062585,1.11071566549666,1.19087518968742,1.27656271694764,1.36805624641715,1.43396756135479,1.51972127398799,1.58567266070202,1.65937988616016,1.72245369870092,1.79525940559565,1.91552421321529,2.00317072760401,2.06662021321528,2.17702909795359,2.2961150550477,2.41979336729196,2.54046216021283,2.64215079034796,2.77864229936881,2.90008440753231,2.99557588481713,3.08808172287329,3.17239094135483,3.27884771063807,3.3643436135647,3.40965900006252
"33452",16.9117622515294,16.8246637519009,16.7345568466936,16.6826162325336,16.6637194580096,16.6490158952695,16.6578584470708,16.7035436038678,16.841631083731,16.8388867223845,16.9258165795108,17.0240121325652,17.1589211312067,17.2745040031625,17.349313997388,17.3965487016246,17.4887512579554,17.5910166038215,17.5852927496468,17.6652427294469,17.6951700358242,18.3137947765297,18.6954437281836,19.0087303831006,19.354349130273,19.3037590364293,18.9653199929073,18.7167691419996,18.369140771843,18.031940654555,17.7675906931572,17.4996388215011,17.3687669255253,17.2311550164462,17.0730028931414,16.9281851537074,16.7621860823072,16.6606161228206,16.5283682307169,16.3374850973687
"33551",5.41730577463738,5.39204530796855,5.36848009255198,5.35747628204446,5.35511572416023,5.35272978202362,5.34911536911986,5.37471799226436,5.4076893028394,5.38119004487576,5.39400883042901,5.46311667628383,5.5505747452109,5.6110213731026,5.66038332067581,5.69507055678304,5.71918869403053,5.7565950235991,5.75873862779756,5.77089560753921,5.82558589071375,5.96159008764903,5.97237872799246,5.93923893154401,5.86460518193745,5.73002321542245,5.58621345987982,5.50201455179717,5.41565440726236,5.35865687547407,5.3171811805121,5.24970991253217,5.19392854771495,5.13487034444021,5.08431981103222,5.04071180508392,4.99654489959145,4.96683565537645,4.92699799555474,4.87775818029684
"33691",5.08685238443703,5.07060865728567,5.04780241688047,5.02789583148969,5.0289510920787,5.0348196468684,5.07630827830587,5.13478408106652,5.19372791230051,5.19919707946267,5.22288962438602,5.20426764988078,5.21487598466357,5.19869845204741,5.18043694031793,5.16445494235057,5.15643168912137,5.15191662114314,5.12417611632934,5.12597535807371,5.10038568332455,5.10204791877647,5.07102674803186,5.06052676545934,5.05827067980152,5.02531832853952,4.97430836356896,4.95763958148282,4.93625738125747,4.91457365928413,4.90624673291742,4.8753079408118,4.88992367275483,4.87933688524986,4.87192916808107,4.85474052472232,4.82757805393544,4.83237282991553,4.81946924871816,4.80956365502443
"33751",3.03179398079557,3.01703535837261,3.00498360108178,3.00154618654509,3.00431901221296,3.01591812604943,3.02094606709366,3.04384234137103,3.07314227571766,3.07938611901693,3.10702787590988,3.1506605999061,3.19719461402103,3.22572889200977,3.25499298225786,3.28486763572713,3.3233323032896,3.36013414506602,3.36669347094068,3.39931101368626,3.40568523893978,3.42317694374323,3.41820235820252,3.4461904356147,3.47935954487904,3.49602984908731,3.48853078043481,3.5017184292137,3.51356284592794,3.53626956468334,3.56527960677457,3.5600362603052,3.59981757562812,3.62237841517741,3.64560710457573,3.66440690087743,3.68017791511597,3.71837532862361,3.74183055311291,3.75916195075294
"33771",0.740939166766127,0.738420168337296,0.73578738306453,0.734124320041001,0.732890805842779,0.732977113728739,0.739922675416413,0.761085601731437,0.796845595400595,0.838092711838825,0.901509328522752,0.973548124872871,1.04802405169606,1.11061092736928,1.17588384911121,1.2395230518857,1.31228510598693,1.3830494087993,1.42822771582358,1.49274862015811,1.5573898554667,1.7149133282262,1.76705150669562,1.803532165856,1.87323622794072,1.96521320425122,2.06675685308402,2.23570086406326,2.43345213078243,2.67086996160511,2.92963087418202,3.13576381714558,3.43907828904041,3.72442860654121,4.00750853234901,4.26596276727946,4.51014537824679,4.81179380773981,5.07069761732493,5.30420320162813
"35234",0.314866371770001,0.313629832612916,0.313212664448645,0.311863795350176,0.310913378040725,0.310650490710051,0.312275112698399,0.316302219586052,0.3238823218967,0.333413283398986,0.346530371198135,0.367702485460684,0.394834559659653,0.429754771407077,0.467976539449742,0.512770839986683,0.562728486417928,0.625875448776766,0.689777493769851,0.75779947557807,0.819098292673601,0.877060334360994,0.921624078173442,0.974703300286822,1.04701033989077,1.10638531357842,1.13111957271375,1.17431669469779,1.22906006629115,1.2715480770381,1.32387836251011,1.38797110772453,1.46219326940884,1.53707063319854,1.60627199540267,1.64107615487201,1.70190617172178,1.76216028851998,1.81669661002741,1.84859471047141
"35331",9.15115182750698,9.11055167299697,9.08033030811463,9.02397834292679,8.98730050120261,8.95577793784492,8.84204554583604,8.73929256098236,8.67670568143845,8.58236362345081,8.50428693908026,8.42733092338821,8.37061618704639,8.30904293277731,8.24525858979227,8.18747379887269,8.12422235849921,8.07675467495522,8.01706144963619,7.9772567375661,7.91690462816965,7.86680920726769,7.80486023188371,7.75474346647287,7.72966334498032,7.68087143997271,7.6058290597771,7.55790701322239,7.51957958388816,7.47532735345123,7.43989692645558,7.40348814649477,7.38608513064628,7.35522917110036,7.32792134903633,7.29214812060875,7.25968133500381,7.23636859865651,7.20552608212308,7.1582130579984
"35351",1.32473301089875,1.31630045066447,1.31082731974154,1.30460847889672,1.3018368358488,1.30272603423734,1.33812117088672,1.37665960614806,1.41975594992264,1.44280377699909,1.46668086453196,1.43608567970536,1.42410826324267,1.42163993874055,1.42621200227124,1.4381584746047,1.45582468231835,1.48869160601281,1.52179034572277,1.57145089097929,1.61869839973488,1.68010203223371,1.73399527277402,1.79180501503143,1.87367868846802,1.94550436842668,1.99814564908892,2.06614465549161,2.12099166825392,2.1507639922558,2.18327586178057,2.21579154389256,2.26585663659064,2.3041924715863,2.33605753590096,2.36460860054174,2.40079239166547,2.44733223043407,2.48744644017468,2.51054482203947
"35372",7.64216264778673,7.60148310884498,7.5701980238982,7.52731557857876,7.50399945841864,7.48767092698763,7.42622223928686,7.38942959259326,7.37079242972905,7.32183626241886,7.28901207863327,7.25731971010501,7.23243745234063,7.20956888001602,7.17734997520405,7.13995960309676,7.09728894133195,7.07313921890325,7.03167592960743,7.01045475209393,6.98424587433452,6.94798580599042,6.90097198055075,6.86517133843109,6.85816036436363,6.82017452074058,6.74425000078951,6.6941808750454,6.65188148582308,6.60823007488541,6.57187724128169,6.52936302511213,6.52781641531156,6.53312917142425,6.55443109069764,6.58088649040857,6.60773354840185,6.63830902856406,6.65090769458874,6.6471706884901
"35393",3.56310759011453,3.54033060120418,3.52404784723566,3.50763220905118,3.50327513120516,3.50360434659438,3.49842832355121,3.50555354616385,3.53250926699365,3.53880791517908,3.56175269051889,3.6107898001421,3.66181577624063,3.71304633043922,3.75125808210525,3.77571786745702,3.79565695891598,3.82775189174173,3.84001497156313,3.87254622703888,3.83683316427126,3.81820042049896,3.79163087107637,3.77280613675006,3.78318089939771,3.76921174519764,3.73004968544074,3.72906594960266,3.75954536371795,3.81917622428007,3.91087019512043,4.00728921938728,4.12518380144684,4.18287057647968,4.17460975300716,4.10387454088067,3.99870129866193,3.92199784747419,3.8519566610781,3.7737659746042
"35411",1.35859510533147,1.34762479868143,1.3412730435668,1.33893801339108,1.34293813854588,1.35471726905115,1.36841110919483,1.39152550095804,1.43024139742532,1.46135188920249,1.50655422140165,1.55492011321412,1.61320629348602,1.67621067399422,1.73799945847378,1.79726327945488,1.86154678461782,1.93938196366828,2.00632089703448,2.09892789922869,2.16352691763675,2.24259752731748,2.30448233072091,2.368160924089,2.48822538599689,2.57506829695351,2.60935772131017,2.66279300954821,2.6990966824887,2.73379178420933,2.77468639286795,2.8106379542176,2.88020898032654,2.93074403518073,2.97067378771031,3.014969184073,3.05770532582145,3.11034932064465,3.1450051578391,3.15616608548637
"35491",1.38626517633905,1.38103023374227,1.37573592874611,1.37193257785702,1.36870673142932,1.36612371475265,1.36304309297098,1.3635497701476,1.36880940564949,1.36359444769814,1.36394198273133,1.37573858572558,1.40634901132867,1.4514547779689,1.51291615508321,1.5917023742605,1.70119926567657,1.8389865368362,1.97958751877639,2.15876042519707,2.33769067114893,2.54079501364546,2.67363251607028,2.80469326590152,2.98586291652641,3.12703756693961,3.21477822245859,3.37817929298221,3.52369324688404,3.6605966572302,3.81777798138856,3.94463539659098,4.09965547313146,4.21342291826008,4.30061744145496,4.37945104875496,4.45131172555328,4.55652783580856,4.63926539748162,4.69491082683467
"35511",5.20914559849591,5.18520649194664,5.16668632980945,5.15680033519333,5.15020762637882,5.15128184905272,5.14692265405119,5.16390592581574,5.19959641194044,5.19016188333403,5.20890449514808,5.25137035354376,5.31547349236096,5.36401330583169,5.39724672177571,5.41804819147541,5.45061271220562,5.48529324884078,5.4824830081905,5.50071812068209,5.48689051938249,5.48591551417806,5.45720333195384,5.53940009648462,5.77212638260998,6.03193038930706,6.19158998015175,6.32643026221597,6.28404087969971,6.10901184570873,5.97341576148078,5.85231703580832,5.7847374524416,5.71063037515692,5.64612495571863,5.58746555106171,5.51119345290534,5.45813973052151,5.40030789866295,5.32923128054584
"35531",6.94231366232714,6.91037801998625,6.88700638672797,6.87128057035412,6.85830407308888,6.85897289120279,6.85040832260544,6.87339064744865,6.91179206106251,6.89173876448867,6.90943709862255,6.95768345556006,7.0262001092897,7.07878369271479,7.11419030342222,7.13168213190968,7.15703383323592,7.19240380741773,7.18455600571114,7.20017029076353,7.18985801143819,7.18984957756843,7.15294101557736,7.16561016641561,7.21744963684354,7.21121705425945,7.12793227604005,7.09134882381703,7.04856489886743,7.00872001847937,7.00057661602005,7.01963260024048,7.11729426643754,7.21274908793527,7.2882300360582,7.30007885197061,7.24389618923278,7.17073225368509,7.06468542963467,6.95387779157079
"35591",6.22646045997869,6.20236607721693,6.18063702574106,6.16661809753812,6.16191428716911,6.15935516118146,6.14898740411641,6.15988021192635,6.18724925621737,6.16112510130755,6.16653808056164,6.18467487921737,6.21232558112798,6.23731633451852,6.2545820468841,6.27041456661598,6.29279828274865,6.31710666439681,6.31967250780274,6.35255561333475,6.36155759089725,6.39003718333089,6.40279989302637,6.50140906452035,6.68121868950828,6.81970706095086,6.86556908270477,6.89624827816413,6.8202832346422,6.69607820814334,6.58778432554615,6.47189013562613,6.41708427167679,6.36410413139998,6.32294784751674,6.26392554772621,6.17637596776191,6.10713601181487,6.03096366456177,5.94936891055588
"35691",7.03805835035778,7.0072148932639,6.97662827054247,6.95314795407415,6.95738999186995,6.97110673681192,6.98241381942314,7.02413288279255,7.05628130322555,7.02900935776013,7.04832526145465,7.16639218893064,7.30399402198896,7.37694216363417,7.42030882305978,7.44527656345908,7.45901648368888,7.46452632194931,7.41485222966195,7.41898520824487,7.35709719409779,7.23475967981641,7.10988882952602,7.03675956062478,6.99234301656249,6.91245015975774,6.8097656565196,6.75041710476906,6.6860679376607,6.62456980045379,6.58196168458865,6.51728004455199,6.49855346490936,6.45168582862586,6.418320528262,6.38165512683116,6.3367216919593,6.32665890444488,6.30138169470417,6.27791379594822
"35732",6.15290946753595,6.13320265378618,6.10252663527391,6.07448280303286,6.06119238838448,6.05390486482738,5.99800094830963,5.96530066519075,5.93550755297092,5.87410986537099,5.83869471053939,5.81668350098554,5.80670535391935,5.78588555944539,5.76276857365577,5.74604675494032,5.73635619173855,5.73349555181664,5.70683218051488,5.71246949986199,5.70777625640052,5.72730003255549,5.71638205580293,5.72810774921846,5.7355419533753,5.72216968756737,5.68210675438752,5.6767243516051,5.67056764741651,5.67451158597164,5.68672814718249,5.67122630727888,5.70152283073229,5.70818050336844,5.7191191114658,5.72410302910955,5.72008732940699,5.74190337785393,5.7457825525925,5.7472689074354
"35751",0.0834780857145011,0.0831459776444572,0.0828019597482923,0.0825239658469623,0.0823888035670487,0.0824003769473457,0.0821899562185699,0.0822784092212451,0.0824218165560327,0.0819860767682196,0.0819642053601955,0.103456918940484,0.166025300342727,0.266596478521749,0.401392701512273,0.564487766850013,0.76299178727923,0.985665350395911,1.19691454226727,1.46301866901215,1.72620786401059,1.97446485095551,2.15219469147187,2.36925598047746,2.5904447999215,2.77270287918979,2.88304739148093,3.0526884131698,3.22049202797192,3.42188664848975,3.62209231058378,3.74332505429694,3.96579888629028,4.15111342948075,4.32525643854988,4.4730347841049,4.62099229337763,4.80505279110587,4.94420310561212,5.06952019618078
"35774",4.14143432438894,4.11891794124099,4.10168218470116,4.09438790785789,4.10013946184535,4.11962612178185,4.13568066958907,4.182553326118,4.2449305714332,4.28189452179645,4.3613966980597,4.50768507786444,4.64243998786405,4.7494057719208,4.85323948991969,4.94386834957972,5.05506865756507,5.149545823255,5.18019079634953,5.25708080525172,5.55189109053905,5.59669651640159,5.56835745198772,5.58586644990694,5.57103565408244,5.508513386031,5.41652429104615,5.39195163019083,5.37928293432535,5.39261595661774,5.5386387041514,5.78226859555434,6.2298244013355,6.6240011868142,6.85454846483178,6.85459014808237,6.68526062646657,6.45383370807479,6.23177525496505,6.02959985411337
"35792",0.0517217463379155,0.0515182655321444,0.0513203823264074,0.0511606914865627,0.0510713273937631,0.0510725890092326,0.0515506660276562,0.0530765493001407,0.0557505340202734,0.0589905522174652,0.0639904074210643,0.0786391102834174,0.104303532914664,0.138862927211304,0.183473426447374,0.23445159319334,0.297609948215479,0.36695760434823,0.430432548452141,0.508110603438246,0.594243432817299,0.696259268464647,0.78829747196298,0.902224330802463,1.01687075990004,1.11518068179192,1.19054115169209,1.29803276698942,1.42524450567352,1.59031107218558,1.78263628390614,1.94310321745755,2.17094512343689,2.37839230152408,2.56765732014618,2.72924121916577,2.88845092645491,3.06475044182331,3.21526688419136,3.34373584801421
"37254",0.892810210893954,0.887654031350104,0.885735292182038,0.8841355012912,0.88787102502365,0.896276161393085,0.907638755243186,0.921340268160941,0.94018088729907,0.961860649576877,0.984978506651736,1.01025564344607,1.03605554525501,1.06096808562955,1.08245573567259,1.10167754897964,1.12113897131061,1.14732261384612,1.1700783921875,1.19353861891916,1.20994256227646,1.22761408368527,1.24156092273171,1.26720606873858,1.31192687746663,1.3480334323112,1.36862595960804,1.40629425854482,1.45283699514273,1.49211874017522,1.53894170353412,1.59070503028078,1.6503369138965,1.70860409493072,1.76225202694242,1.78094386324454,1.81591458508442,1.85222454700453,1.88063557677988,1.89390615200999
"37274",11.684160802729,11.6587340634192,11.6348697753814,11.5757560684712,11.5370545860528,11.4996220004707,11.3634357018786,11.2358478652042,11.1345147209616,11.026723121473,10.9224750587505,10.8377785061953,10.7533394536574,10.670463643619,10.5785285007678,10.4820402699127,10.3826869824019,10.302305251733,10.2091028239858,10.1307934127392,10.0395312966579,9.9316163949611,9.81639178548258,9.72520140969769,9.66309170508306,9.58073697766429,9.46773395082844,9.38000244378388,9.30099972997089,9.21103803012685,9.13436226851237,9.07339397754706,9.04707041873746,9.03125749278804,9.02172116665406,8.97339321643074,8.9214789260714,8.85914041592502,8.78025265132116,8.6848794713579
"37333",4.66572193176641,4.64187556725617,4.62794847573195,4.60517445138496,4.59225563461477,4.59784169664387,4.60032715093875,4.60809422598188,4.64436876169629,4.6616171349216,4.68848234172069,4.71944471530633,4.7669483102296,4.7974524061833,4.82433489690898,4.84794350548804,4.86969321583754,4.90195308001828,4.92561990177791,4.97350529480442,4.98146230096623,4.99903745301179,5.00033157247065,5.01904698182102,5.06989646475175,5.08104440558894,5.05272867182667,5.0596716548945,5.07832774649478,5.0848250938236,5.09383954545354,5.10816188108021,5.14007061608005,5.16159028929999,5.1703509689747,5.17179651089946,5.17765225703538,5.19456910733102,5.19511342833244,5.17722569309835
"37371",4.70690853989291,4.676554054138,4.66131675658513,4.64595034262048,4.64433532804485,4.66646917970578,4.71106927014975,4.76496897609219,4.83445802906894,4.86479748033307,4.90030401969001,4.89308117062472,4.89808018438986,4.90807964594566,4.90906423792884,4.91002676661301,4.91071758958224,4.93337470859596,4.94070997775582,4.971076051175,4.98398750243738,5.0095331330498,5.0231988467691,5.05187395091013,5.11816112632445,5.14367576501542,5.12511587119999,5.14772000480037,5.1777873225413,5.20664835826779,5.23697997962665,5.2619379161422,5.33152290258022,5.3952812484712,5.44364441229887,5.47276019375893,5.49544116167333,5.51660949855058,5.51212012375802,5.49324494065709
"37391",2.90553142221357,2.88999793044237,2.87841100505878,2.86301242385663,2.85439283845361,2.85433744440587,2.85503502507585,2.87016181004775,2.90221150474863,2.92098790171894,2.95483354126383,2.99082239162382,3.03113261328857,3.07584452406967,3.11175404023781,3.14468561774738,3.18033162893683,3.22444603203076,3.25433446731263,3.30716469654486,3.33896755383147,3.38192905859991,3.41435531798389,3.45769968679094,3.53496381022304,3.57753423479239,3.57809118491545,3.61650913109555,3.6580761582933,3.69835259810556,3.74056673362685,3.77544813688382,3.84270377013345,3.89095665298684,3.93023414274957,3.96954791527136,4.01350253930968,4.06779483952898,4.10788826294333,4.12910431249793
"37414",3.82933261587828,3.80769008399504,3.79054607031983,3.77134291130602,3.76114425836958,3.76362070825804,3.7891705950239,3.82618768404406,3.87838472452576,3.89568318068443,3.92377698117336,3.95576395362087,3.99150054298081,4.02493361793349,4.04310398701146,4.05329929335934,4.0643303017815,4.07811394119705,4.07125375517466,4.0892302066478,4.03125249931435,3.99254942780363,3.95252774949855,3.92537187933028,3.94196961163855,3.9512863325509,3.92084044975801,3.8876392019775,3.85761124686341,3.8331502265708,3.81933529556911,3.80372263443285,3.81146641379005,3.80324254591121,3.81067724186735,3.81678861701502,3.80484284715363,3.79819041886555,3.78541698292866,3.76114744693559
"37451",4.5084226958891,4.48317697942283,4.46533932733895,4.4480889536837,4.43409596428691,4.42364668452036,4.42163478806841,4.43259887583851,4.46497251735436,4.46108298990557,4.47857235008451,4.52021974112002,4.57081738437114,4.61382739980122,4.64568925955605,4.6690845818856,4.69584094128231,4.72450290084559,4.72685675619645,4.74623009806363,4.77191829557126,4.76295933099886,4.72863731606227,4.69502813458344,4.69072723079001,4.66119548304823,4.60374123512529,4.58982843969262,4.5755394428587,4.55415151868481,4.54207472369829,4.52046278899993,4.52947968246898,4.52549514074387,4.51605054660704,4.50888568540609,4.49422714028366,4.5000864858388,4.49748247529594,4.48305532667586
"37472",2.50088353463449,2.48536908673957,2.47560744769914,2.46892124760745,2.46699702107132,2.46940169034419,2.4828391109792,2.50957254132978,2.5589521267475,2.5886214510748,2.64204644084082,2.70104181986561,2.76833944675122,2.82997772776963,2.88292004473548,2.92797334239578,2.97697065726813,3.03032754480461,3.05758917598061,3.0980676089852,3.13037113479307,3.1557587848766,3.16500839626416,3.1847798699085,3.23903707160813,3.26322313967367,3.24626618673324,3.26748315765591,3.28510310561023,3.29501823254875,3.31533150395863,3.32934518058641,3.38668351110627,3.43757579599848,3.4716901220339,3.49698012400516,3.50151467045199,3.51062453606988,3.50232751491875,3.48653535012214
"37491",3.58583059100058,3.56922553879388,3.55627569860832,3.54584012301147,3.53666509162774,3.52936870751153,3.55344892595255,3.58485380545036,3.62893259912574,3.63394558115696,3.65859900523064,3.66540690879203,3.68762112743733,3.7025529740435,3.70534471687069,3.70057418478241,3.70190602868663,3.70259762448522,3.6836306873865,3.6785038691007,3.68595688462467,3.71716348629305,3.71478847851059,3.69949628614525,3.67678618392512,3.61253538890259,3.53689461404367,3.49922503441028,3.46392836666298,3.42947764029042,3.40521296498287,3.37688254778869,3.3673162866522,3.3505007960127,3.33261998921667,3.31640275566283,3.29994803599844,3.29734852941489,3.29516280022181,3.28339659564314
"37531",5.52866054728633,5.50112039596631,5.48842184789228,5.48059428324305,5.48059035277347,5.49413132836507,5.50382404052188,5.53898965329183,5.5894713863061,5.58975242758077,5.62004711521465,5.65714074562704,5.71486801396243,5.76256682248594,5.79813077856029,5.82725771227957,5.86177556278499,5.89992096952601,5.90456392080831,5.94358658212556,5.97352490042586,6.00831249439503,6.00941533549722,6.03860964347133,6.11017689894606,6.14389175350444,6.1267610656018,6.17671536003644,6.20469748401471,6.21628603649944,6.22698961315972,6.21746401973926,6.25216608221526,6.27507983502718,6.29282727890119,6.30523454125684,6.33444093915635,6.40438448807544,6.45856539446513,6.48485904384454
"37551",0.609797727995817,0.607245592063773,0.60554105998832,0.604001269164673,0.602684123209279,0.601938827788029,0.604632091412735,0.614025834953788,0.631214771261208,0.648649722696168,0.677813036328779,0.71161244735902,0.753671272724224,0.794482153812008,0.837447426416004,0.877607230881342,0.92309654993327,0.973895721882515,1.01472771990019,1.06736049327782,1.1219453192025,1.19850430633921,1.26936213151404,1.36398383399615,1.49031555064198,1.59310564076499,1.66295155215551,1.77760149533878,1.8896580406328,2.01131666613154,2.14469018452414,2.25603340279143,2.38995513660929,2.53725260294926,2.67129592772067,2.76996009823781,2.83764366081921,2.90868320464409,2.96108746037492,3.00131046799855
"37671",4.13480793560519,4.11757897917922,4.09885948977403,4.0821868012576,4.0722282643342,4.07600608391019,4.0739417635357,4.08722437757645,4.11430589839891,4.10181431892688,4.12021092488377,4.13506506547723,4.16845824374293,4.17952690840835,4.1895927916591,4.19285226050763,4.20160345938233,4.21107828280685,4.19932909253125,4.21519737955375,4.21593482252266,4.21644124711093,4.19676674897261,4.20389999456322,4.22875012279329,4.22437296677035,4.19830283760631,4.20211783630828,4.19853177174057,4.19163167031303,4.20268729887306,4.192133329256,4.21146393548764,4.20714953944197,4.21253162044345,4.21200229155551,4.20436864875033,4.22565100584453,4.23251473746462,4.23820905079377
"37691",5.9041660731665,5.87778414272245,5.85118139313494,5.82510491073011,5.81823638091879,5.84404478995082,5.87034119079594,5.89728205477462,5.9331506266704,5.91444483635307,5.94635807484238,6.02148449234833,6.11387755161102,6.16309026033618,6.20266379972213,6.2209212644529,6.24601381550757,6.26767340493982,6.23714100509551,6.2581305855706,6.25378639678433,6.174878986795,6.07936265037096,6.02760242334728,5.99510655273047,5.93042295704275,5.84104170793504,5.79121964329375,5.735952346623,5.68138789047567,5.64128213436207,5.58156613075998,5.56178626909936,5.5166992598592,5.4782778685824,5.43499916151556,5.38280311260778,5.3590584002291,5.32376778996076,5.28755336900295
"37711",8.10960166450737,8.07493485577504,8.03515395491519,7.99790890410399,7.98558029335593,8.01060631143465,8.03151310627648,8.0684028576517,8.11357455073935,8.08385543576278,8.12065381581159,8.29441279989707,8.48165438611464,8.5952484997701,8.68449443640711,8.73304496932869,8.77285653496069,8.80103329284243,8.73884167681206,8.74318507531996,8.65713012445231,8.47247113533727,8.28793401898712,8.17905662238712,8.10105009021707,7.99654795812857,7.86312731848922,7.77730260651244,7.68938680111635,7.60963895629447,7.54674951231868,7.46918459717126,7.4464605785861,7.3931084890948,7.3474125393288,7.30029283838582,7.23823526002774,7.20339532241989,7.15265145921741,7.10005005725904
"37772",2.60668881137589,2.59364695824242,2.58180712804462,2.57249782818638,2.5689439312238,2.5736963897291,2.57431897694461,2.59002193173308,2.61399761989267,2.62402002736374,2.65094871197696,2.70693635965291,2.76268276110485,2.80246754450769,2.84183670857673,2.86890175826171,2.90377969895044,2.94265624897893,2.9470199537069,2.96909974874911,2.97141274762332,2.97013685782293,2.95018322315789,2.95103818510061,2.9551695877201,2.94775725522087,2.92429928372691,2.92442351894932,2.92731564619042,2.94128401625791,2.96256624798053,2.95814959486486,2.99080597277802,3.00991139390652,3.02796768535264,3.04298995691223,3.05506406234523,3.07899244448566,3.09189015142633,3.09354997527847
"39191",4.06969352601291,4.05540564084046,4.05420053168165,4.04181087911693,4.02666568507443,4.02373698289092,4.0327861361929,4.055779515483,4.06875136884395,4.0763981372306,4.08394996007915,4.15261482366396,4.20965131599899,4.26253693836088,4.29810424904322,4.33085848853918,4.35304704598852,4.3939116811714,4.43501136519061,4.45570307390824,4.44586633594401,4.47227803904842,4.46798405455007,4.47515021492248,4.48091300742196,4.4560889071605,4.36802151846587,4.29929919020675,4.23672071255917,4.17181190090778,4.11998632842688,4.08578986594095,4.05816987789462,4.02530735926983,4.00323670681696,3.95729842577081,3.92838214658414,3.90505330858696,3.87957427835747,3.83609860109346
"39251",13.7513324504301,13.7085775492031,13.68225049315,13.6059029579571,13.5771555111235,13.5607891320231,13.545573916729,13.5290106408233,13.5366189331168,13.5504433397263,13.5484335073832,13.5682433793098,13.5850506740641,13.5984555862107,13.6045515160888,13.587829456272,13.5739146439933,13.605463761221,13.6213481569054,13.6439292330038,13.6200460861743,13.5883130262484,13.5234644335631,13.5171524008595,13.5759715144148,13.5728381678537,13.4792728942408,13.4604602212503,13.4524930991509,13.4029351019846,13.3880454343356,13.3866903095548,13.4301373349398,13.4623551900516,13.4973757506062,13.4352427437453,13.4265065633764,13.4320199782103,13.4095949758796,13.3368061261236
"39273",1.59025835315619,1.58131099117462,1.57774726425634,1.57347977858356,1.57820251797752,1.58960319740367,1.60965413585097,1.6393756474896,1.68632563566951,1.74687228897912,1.81846486247093,1.90068630315675,1.98701588608998,2.07670895203786,2.17063847966946,2.25733423374369,2.35151178414577,2.46749614525357,2.57785337006463,2.69912240420442,2.79245929411675,2.9233249392503,3.00845542043165,3.08820588846444,3.21025148330588,3.29716924553261,3.32879076896906,3.40211926173067,3.48524487176904,3.54434849138679,3.61372327473827,3.7010533894115,3.81844794783807,3.94803131131329,4.07044043511196,4.12384331308404,4.21872782817274,4.36173097834161,4.49308473225012,4.58419605275669
"39311",3.11615938633674,3.09906911393555,3.08955447913017,3.0785831416391,3.07884410783572,3.09349257333359,3.11070599178407,3.13522073737263,3.18120950343737,3.22530082776956,3.27867088511064,3.33576636726348,3.39950276983843,3.45404096677478,3.50876686645331,3.55270991227147,3.59865692060446,3.65285358752625,3.69674667962237,3.75853747674233,3.84875240598111,3.93466062218457,3.97284491408136,3.9892819421179,4.03806509060863,4.06109805856435,4.05092933461395,4.08599389707047,4.13650887043109,4.17503827994038,4.21436350021306,4.26270033661123,4.32576866605014,4.38858714890051,4.43462089873265,4.45278384670289,4.48828335806374,4.54055974820778,4.57532501712586,4.58897120120995
"39353",4.64957704204428,4.62539480696221,4.60802320975159,4.5872209931426,4.57263776329071,4.57232281089569,4.56926085431406,4.57646260709895,4.60395419909087,4.60667921803199,4.62142125319136,4.65548603840107,4.6975125136124,4.73047657047246,4.75489053827888,4.76665032047186,4.77324067440059,4.79817063362716,4.80845253753558,4.83536735884787,4.88428829736978,4.89450646100815,4.87855362665276,4.86671405178117,4.87310267553769,4.82931433623085,4.75169771176701,4.71787879218244,4.69343212885986,4.66889767157381,4.64555117615487,4.64472073218029,4.68955410509428,4.74803147118833,4.80748704666257,4.85757134736561,4.90327186539826,4.93944802002596,4.93491660420625,4.92267336343746
"39531",5.90488401860112,5.87644484375544,5.86059580814846,5.84832429319382,5.84335052886111,5.8503177226948,5.85466093165623,5.88692847328074,5.93543661390884,5.93237440264096,5.965406482102,6.16709291912684,6.37673635886518,6.55209884446966,6.69128203798389,6.79677734255921,6.88877755454355,6.96352113871547,6.96635994270278,7.00935691005719,7.05574694862931,6.95972511213849,6.81768464621381,6.68148073911321,6.60425742603003,6.49925635423157,6.36099620670281,6.28620293434467,6.21256525318199,6.15202311424073,6.09096805424119,6.01281402027533,5.97184925053246,5.93009310511328,5.89337949295128,5.85633153662486,5.81397339383182,5.82172713062323,5.84405580494189,5.84704566353146
"39551",7.01182967942429,6.98102794051841,6.9625321613678,6.94685165002867,6.93869992619549,6.93985412605454,6.9374102655957,6.95733026140724,6.99400661679552,6.97370112573341,6.98791795217316,7.15895326898518,7.34473512059744,7.48820696860831,7.60974178617938,7.68726550773718,7.76301334867657,7.83264682058665,7.83031419833338,7.8674282085932,7.79786244390264,7.62265509023757,7.44373988226783,7.32309409162939,7.25410363725945,7.1549877478681,7.02324823252809,6.9527107960859,6.87228454138431,6.78810396645089,6.71061707012253,6.61834206559558,6.56125406240886,6.49905635025353,6.44460745804235,6.3925196585401,6.34060157288758,6.31698551025519,6.29333380389666,6.25408263933375
"39611",1.12048697992269,1.11598224481382,1.11190397188595,1.11110472861843,1.11226377239195,1.11405908234168,1.1192995252141,1.13194417459251,1.15187903054002,1.16480595247241,1.18887075113166,1.21790540486965,1.25989623593783,1.29583704942933,1.33392686773063,1.37211964521141,1.41995369203629,1.47330159312873,1.51330543810529,1.56958258164114,1.73096106287976,1.78611269247588,1.78950731945872,1.81384685979489,1.87041363412485,1.91286914005502,1.94085152591253,2.00007792778649,2.05181828430605,2.10162144515926,2.15586085090914,2.19288014278189,2.2652330010136,2.32224370639841,2.38741874171245,2.44445003442455,2.49398576571477,2.58100929689182,2.66912300347488,2.74614407021076
"39691",3.53120561575897,3.51114333190919,3.49393516847268,3.4797623790399,3.4708473162073,3.49725013885667,3.53121282115481,3.55419483076702,3.59122836509034,3.59371205676846,3.62820238354383,3.63801616285028,3.65423482565172,3.65210017041684,3.65738338799703,3.6542121722876,3.66056112588896,3.66730711051257,3.65045655908455,3.66065478695373,3.66198681347797,3.66156105039827,3.64424078636378,3.65073632967166,3.66923563811565,3.66458969588194,3.6384512790634,3.63732294402809,3.62939822885392,3.62016677900856,3.62093099234834,3.60531948774959,3.62060712444942,3.61344223044164,3.61042467491237,3.60200273094593,3.58476646426467,3.5895740583596,3.58259779038381,3.57445637530244
"39711",4.25296328772105,4.22946119887966,4.20852217198481,4.19325424362489,4.19385906387317,4.22792143930942,4.26251034858504,4.29463005897889,4.34256151826115,4.34433126566696,4.38434180654647,4.40662146200529,4.44135399190624,4.45394565322456,4.47502820906953,4.48309938326805,4.50264148972831,4.5253466781633,4.51338010448487,4.54321990825561,4.56260054183461,4.62824262145325,4.65017988982276,4.6847237258521,4.71208181636083,4.70129048314132,4.66298215681798,4.66076073855028,4.6516626070425,4.64542632322297,4.65026187562359,4.6388556265637,4.66941994119854,4.66424026221333,4.66013574966354,4.65047329550664,4.62915076909938,4.63743235861836,4.63098094347391,4.62223315564588
"39751",5.74710026699859,5.72471931844473,5.70123114327425,5.67385426913509,5.66055508189087,5.66438335068837,5.65714135852252,5.66786123129719,5.69056449894522,5.67319771416159,5.68548661529144,5.76880741123019,5.85031738455452,5.90876252609938,5.96166812419725,5.99016664932518,6.0314222668876,6.06293246727225,6.04610694125683,6.0646518601446,6.00162103001647,5.94994339708049,5.87694593672124,5.84806118951794,5.83223053339047,5.81640001579714,5.80222321963182,5.85308180439174,5.91795763001997,5.984676354715,6.01825016775976,5.95222280081001,5.90162051722116,5.80150354361882,5.716365005257,5.6334418871182,5.54855817356581,5.50021061782316,5.45468583183312,5.39951427474408
"39791",26.2509788885722,26.197085955742,26.1163979901967,26.0120864559504,25.9254391948564,25.834743000946,25.4390796540142,25.1337990498301,24.865335884709,24.5038954070514,24.2056178646274,23.9452700355383,23.704139255356,23.4296389857866,23.1724003773016,22.9008390474719,22.6657412347316,22.4379129738528,22.1514440496613,21.9074485627808,21.6567849307178,21.4087843910639,21.1184961115141,20.8989138207606,20.6884149079397,20.4473512840318,20.1690020858362,19.9428957668386,19.721309318022,19.5130541501131,19.3229674039828,19.0851868147592,18.9203755715515,18.7380203543291,18.5628492995293,18.381501788319,18.1957170067908,18.0315653764325,17.8649381314844,17.6903210059939
"39814",0.919707229831375,0.912942568028768,0.909199260563164,0.909133211760443,0.915452165268275,0.930174615392549,0.947102155192618,0.973651108983909,1.00949253917045,1.04042388560562,1.08365910357762,1.14290622833389,1.21661965533272,1.29179815835253,1.38226979837927,1.47430098805427,1.59492910590798,1.7248573487339,1.83272339217577,1.96301476182782,2.11591689095234,2.32541191793385,2.47166208286865,2.64558215806856,2.80459567445621,2.90410034496065,2.92161585504983,2.93722692790999,2.93919226290945,2.96389885373055,3.00347673413634,3.00657689150736,3.08072247460458,3.15203996923897,3.21376394021169,3.23612216055909,3.23071665410172,3.24256654789288,3.25461990683884,3.26090176301101
"41192",4.69129012368103,4.6737858816338,4.67395613415335,4.65943024328053,4.64384582742157,4.63761656926505,4.63433785638195,4.6398251665076,4.65666471297628,4.66555573614542,4.67621094466458,4.69332054408176,4.70605215998289,4.72185378185769,4.7309394690888,4.73614196157921,4.7352930771423,4.76093943301598,4.79840958072956,4.81190252898662,4.81394551298935,4.84277864964199,4.85775029312485,4.8972165526273,4.94851204339399,4.97543796395567,4.93039146374919,4.90258703189634,4.88216075371942,4.85439002716668,4.84099342432178,4.84576066074811,4.86286748632657,4.86573479401621,4.88447148791329,4.85962454884901,4.85400091686044,4.85662610329739,4.8543297970875,4.82413388100606
"41333",6.66732225138741,6.63130948733278,6.60609685709928,6.5744855681029,6.55880676934355,6.56065986800165,6.56581286913287,6.57854178814552,6.6211149230218,6.64184052557914,6.67761714754143,6.7393875165976,6.81602289805835,6.87855564146275,6.9468582077459,6.98040961459633,7.0121420403442,7.06354972063804,7.10426001217855,7.16479857127169,7.36153502965961,7.8166811883823,8.06969030933642,8.15609506660567,8.09871391354257,7.85047558060669,7.58902008239863,7.44289523658352,7.3232533111864,7.24578377160778,7.19518400355851,7.13113341392934,7.05310388483808,6.96779839107147,6.88236152423422,6.79131382272373,6.71217175270443,6.68394807671814,6.65732906532016,6.61367904775555
"41374",3.85892440903408,3.84126162405644,3.82772407485635,3.81038423055408,3.79818893862161,3.79345635750632,3.79494733878354,3.81392489840509,3.85932026024158,3.88781855245476,3.93956506104733,3.99567739944643,4.06632370207907,4.13525502988699,4.20579671974773,4.27058254538498,4.33730794387571,4.42631523653791,4.50910421856906,4.61340989097661,4.68704454168858,4.82522264476725,4.89495526550439,4.95475848695129,5.07200296695005,5.13310342289954,5.13199551194003,5.20605822227153,5.3300859237155,5.49260429612674,5.6442507261971,5.7654069145907,5.89203396000562,5.94902719873588,5.94071745460811,5.90129539346412,5.88873711933012,5.90070549538864,5.88978205511967,5.86658837825334
"41391",4.53359781113233,4.51086184030439,4.49288537693063,4.47196126856257,4.4618135885614,4.46248328013498,4.46082535132294,4.4716711261184,4.49891188774349,4.49771976709283,4.51265402875471,4.55548644700617,4.5977659116143,4.63649540425747,4.66508261468874,4.68381449832525,4.69843515908041,4.71471401126068,4.71561931519114,4.73781940567586,4.69759308416355,4.74896553497481,4.7748416743114,4.81061715720003,4.8664372573558,4.86307769321782,4.7929900915645,4.74347247556136,4.67527665147403,4.60722683724766,4.54617079971456,4.4871840503036,4.46209034195763,4.43321577716082,4.39727100078653,4.34817887158245,4.30009375593745,4.26201120550099,4.22055427205678,4.17303195043898
"41411",2.41523405242549,2.40224966948529,2.39222652379656,2.38264058290591,2.37858553059227,2.38192293933151,2.39055990130594,2.40472955288567,2.4260257881246,2.42771314452211,2.43731235003772,2.44460249698249,2.46246429173088,2.48933174026782,2.52085593644143,2.55733206570249,2.60272797051639,2.66071330484149,2.71689639307323,2.80537243808296,2.87764433307816,3.09521962643983,3.24404628174839,3.35368255958803,3.45117878012413,3.45850397481687,3.39999851904723,3.39411833555618,3.39510294527586,3.40265718126508,3.4127871058576,3.42520597972987,3.47367912884593,3.51135506149599,3.53949313321714,3.56505516847089,3.60389540782799,3.6665690625204,3.71709365397652,3.75167187146449
"41471",6.53186218886292,6.49240187074236,6.46991672605163,6.45209059787597,6.44253591713501,6.44599385902276,6.46291468461787,6.49959653343473,6.57182387504241,6.58932231150721,6.65084894057586,6.80569592721595,6.96686891667484,7.1050325723099,7.22282731913877,7.30607009495279,7.39317746342831,7.45988963827019,7.48388072684347,7.54936738403725,7.52863221458611,7.44984204732615,7.37624766376824,7.33006540229483,7.34188213150414,7.29243852351037,7.19656692132813,7.17493191290945,7.14872634668478,7.10903547010034,7.08530950857961,7.05206785862922,7.06298673194172,7.05629052026214,7.0432515720132,7.02354323259304,6.99242137045568,6.98195633582618,6.95729834997507,6.91006866943206
"41491",5.58041302981367,5.5414463904516,5.52246908093298,5.51105888574099,5.50805637279748,5.51702932463956,5.57982692029955,5.64704823378364,5.72856339603193,5.74798861274075,5.79796703029623,5.77987369694136,5.78286253065777,5.78760757096652,5.79243361529859,5.78978870570753,5.80185052174315,5.81718431861094,5.80981120731496,5.82902752281228,5.83637738613157,5.85013466265089,5.84762402626499,5.86064092083866,5.91165483456661,5.91425572818238,5.87566408815253,5.89727078420151,5.91427749377312,5.92426578415115,5.94517576346083,5.95351533037697,5.99896694474149,6.03029037878423,6.05145633658888,6.06021078386941,6.06494000655418,6.09387551690395,6.11431141431627,6.10921821377609
"41512",9.74548281316437,9.68470272314387,9.65364660604011,9.63241317010712,9.62423546392648,9.6348204815125,9.66705240922814,9.73327401520898,9.84140942333188,9.88021103953252,9.99548294295862,10.2088665605243,10.4211619799246,10.6061069084618,10.7696751033093,10.8827963264928,11.0101978267386,11.1150772973805,11.1289421128905,11.19729644205,11.4104045475344,11.3031816964136,11.1826254229463,11.1347033266423,11.3051256159561,11.4799858473143,11.6035922001917,11.8688584531487,12.0299478163661,12.0402331105938,11.9209060927287,11.6448702967515,11.3858878596639,11.1552434309737,10.9466186063255,10.7500757854665,10.5694826084327,10.4332059132115,10.2976239446397,10.1332812263182
"41571",5.3288242621975,5.30725227813749,5.29176668680581,5.27679735940516,5.2629287910479,5.2588894864862,5.25374018644137,5.2611380103144,5.28082815573144,5.25781541301243,5.26091564084227,5.31809465930058,5.39326302056179,5.44355814161339,5.49363722565865,5.52634860589908,5.5680402569406,5.61419113739956,5.61045049558082,5.63839802729083,5.70585081169597,5.65370627665907,5.57562494608318,5.51000731676889,5.49016354091707,5.43696917302357,5.35044970579587,5.31230345319127,5.26887041517032,5.22864617302977,5.19729366213603,5.15143925048023,5.13406378998744,5.10749974500547,5.08587557177194,5.05952163946136,5.0248828751294,5.01743973748493,5.01032700078845,4.98976907019161
"41611",2.28778282010103,2.27577905211043,2.26820621961223,2.26734213655512,2.27171681825281,2.28342915500752,2.29599380386434,2.32140269629138,2.35735575711605,2.37348635319168,2.40795824916289,2.45384778414013,2.52745563723682,2.5941154499736,2.67196204777065,2.75403011660961,2.85968352131357,2.98823576943969,3.07978150975748,3.20265431448257,3.30856842224321,3.43278301882732,3.51307235448285,3.61141642795493,3.75509011321675,3.8438216036922,3.88310524753503,3.97659137821283,4.05666623382368,4.13659516744635,4.22112585639895,4.29305188182401,4.4148577325301,4.48787617487529,4.55951298889367,4.61751120075446,4.66516170127541,4.77052564509003,4.85804879083163,4.93436296011277
"41653",2.9601201775959,2.94807628670883,2.93582998095473,2.92615955553394,2.9216105379736,2.92380702727029,2.9210123298087,2.93306628475653,2.9551513961022,2.95024688737197,2.96436872363019,2.98066144714018,3.00930875600703,3.02378261160001,3.03642869053817,3.04789169663573,3.06352372232774,3.07521858592173,3.07366871432177,3.08775278794016,3.09027007358638,3.09723824844731,3.08737288457433,3.09780998545442,3.12369182885126,3.12916418239175,3.11552783568803,3.12240575907871,3.12411733051202,3.12047599780682,3.12666461413322,3.12119666455773,3.14276548799505,3.14708400523579,3.1562110431479,3.15905194393618,3.15445793400243,3.16892223982023,3.17357894017984,3.17622710352526
"41674",2.1928599211548,2.17847721196176,2.16918399012834,2.16767429743977,2.18012052436173,2.20844341792174,2.23582675704716,2.28081914362083,2.34512799364931,2.3873126217485,2.4574517292304,2.53955148150561,2.64732798285283,2.74377448957235,2.85349280770957,2.96535175851458,3.10143302792484,3.22820727735263,3.33766289727938,3.49271807677477,3.93972430194116,5.40537314374386,6.17695563367652,6.4513423496185,6.36523868450557,5.97699884557946,5.61628453286525,5.40161756485558,5.22444969374723,5.08823504403594,5.08374167600534,5.05442307743741,5.01942610290323,4.89066309114678,4.79040199843771,4.69747263412446,4.60963922019714,4.56367374373005,4.50643337090635,4.45179917660787
"41711",8.75154304039026,8.72470077306006,8.68774203812632,8.6399924852974,8.6116452643051,8.59899819621437,8.56374317291115,8.53825413619256,8.53142952868496,8.45452013566393,8.41678830043057,8.33238146037754,8.26878494943035,8.19261284678306,8.12838988291966,8.05604648886484,7.99276352430186,7.93177118078522,7.84268470270246,7.78461462000771,7.72054575215798,7.66381462523294,7.59141071278531,7.53261569045062,7.48210451045505,7.42086948271736,7.34735006360185,7.29368298242682,7.23684674541761,7.18112840438561,7.13574653955466,7.07803505966724,7.0539744849811,7.01192056658382,6.97211728863043,6.94052774883386,6.90544021328289,6.89317693654952,6.877154873014,6.85737623972576
"41733",4.66012900696954,4.64410228134784,4.62650828489434,4.60292393281596,4.59272275872317,4.5929981250634,4.59128597813413,4.59537440826568,4.61317795192677,4.58782363367302,4.58873260458456,4.58475876367917,4.59067519934451,4.58553770532373,4.58581735579527,4.57595415696361,4.57194985833754,4.57143685861959,4.5427507747223,4.54001571886367,4.53579633081305,4.52793816512898,4.51399847843206,4.52517289862171,4.54301248432661,4.55786823035413,4.55625961492057,4.56182240536966,4.54856060019836,4.53554266459257,4.5314884247004,4.50879634298203,4.5352764678355,4.55693567861044,4.58820147608887,4.62222063306908,4.6351632803908,4.65717751795268,4.65038224804172,4.63965252524032
"41771",0.383291403166708,0.380491546964558,0.379222657324223,0.379076965004073,0.381656145840877,0.388305068607474,0.396996433961047,0.410687757513447,0.4302911641499,0.448233158322256,0.474736777030566,0.515585612716026,0.572513531835179,0.640614035871886,0.723129494424207,0.813723361549785,0.92472414787636,1.04555213482528,1.15508518702668,1.28788668632863,1.42911210628575,1.56240688058047,1.666189544354,1.80721901498425,1.95996949437814,2.09261058096998,2.19063937341738,2.3161763980571,2.43439093809535,2.56145535077029,2.69462002336927,2.77515382944265,2.90158610243933,2.99305553646657,3.08617626038962,3.18589483404919,3.30822141248083,3.46713999962088,3.60961927823818,3.73797357083377
"43191",5.28862957874866,5.26836714802272,5.26769636941986,5.24964137701718,5.23556712149419,5.2271489777502,5.22868852726831,5.23318732926093,5.24902680975135,5.25508823442686,5.26302148893733,5.29548905397245,5.322348875426,5.34613966893922,5.36350712426617,5.36801885009642,5.36163226752355,5.38667056187364,5.42135797685508,5.4310756365116,5.43099147787583,5.38339638202839,5.33420141330287,5.3084279852752,5.30130406947068,5.28883341433974,5.23556104228579,5.20862520401819,5.1825381059669,5.14368658453174,5.11379168105253,5.09586949773932,5.09403554020329,5.08136635909906,5.0807918996848,5.04717376091999,5.03216199177585,5.03445313138517,5.03441410434564,5.00903028243482
"43253",3.76543504880537,3.7479219762977,3.74063957694805,3.72236887276846,3.71207510233266,3.71008373860384,3.70804737242202,3.70823525090003,3.71586464927995,3.72087074461005,3.7305492203905,3.74820390167556,3.76636702999513,3.78003868616237,3.80151465552462,3.80157356744413,3.79770480091534,3.81318695316261,3.82442185223275,3.83427915785675,3.82870167635448,3.91922954344599,3.96361216518376,3.99543295089279,4.00282504661963,3.9609227651973,3.86718724219319,3.82181449440115,3.78826462346131,3.74330193875789,3.70980741779906,3.68033461518702,3.67077457671236,3.65518808280838,3.64786048387465,3.6213031957819,3.6015067459058,3.59098702486593,3.57984277519143,3.55604503390167
"43333",5.09327226619456,5.06166522928525,5.04330864726109,5.02359544496691,5.01014287333177,5.01637432595818,5.02593385438589,5.03677684095002,5.06948748400445,5.09064494701149,5.11342582705226,5.14982920713564,5.19768473702878,5.23063015840847,5.27216112077514,5.29294872830266,5.30730319059277,5.32709990695486,5.33631813314661,5.35232498368803,5.33559166601084,5.30327305608905,5.25584122832195,5.23845110026935,5.24420808014335,5.21448739165453,5.14861208640533,5.12876520436096,5.10931761423279,5.08720571646514,5.06498719128593,5.05185914119885,5.07074689694956,5.07701995843989,5.06779608205322,5.03982224620859,5.02459078594494,5.02489336780975,5.01834650453132,4.99697156158934
"43351",2.28610192985322,2.27494404988228,2.26607817189055,2.25303776586128,2.242843484967,2.23568984639949,2.22454591565413,2.21767432633866,2.22058742823885,2.21484699991648,2.21341230444569,2.21539588663997,2.22447667610079,2.23217030560098,2.24332033226184,2.25157312004722,2.26181319024718,2.2804496151327,2.29916112245399,2.32397346608122,2.33857626548092,2.36784910218768,2.38105831171327,2.40264726725402,2.43372358428665,2.44076692323112,2.42671830942943,2.44049773968618,2.45469461624704,2.469869014665,2.48287241737921,2.49757047797856,2.52927563039162,2.55444392952657,2.57343950317924,2.58616755254698,2.60580741696433,2.63203872740469,2.64734401865954,2.65486337633943
"43371",6.55192514662327,6.51855429773715,6.49424368155495,6.46618400684278,6.45149336947101,6.45172824045593,6.48111167083818,6.51464657886284,6.57428246430619,6.58401226894899,6.6044928821087,6.59158674697863,6.59103954856019,6.58483206461449,6.57846403065111,6.55911452911262,6.53922658263177,6.53344098744123,6.51826394396745,6.51743557337296,6.49358004205362,6.58263085454941,6.62755443680373,6.69397635321396,6.78611838994992,6.79088683799344,6.69852877006259,6.63899575563085,6.54372357106066,6.43453372620794,6.32941209674298,6.23410693358108,6.17463829358091,6.10752433836393,6.0372316176786,5.96350245182827,5.90149478074985,5.85623522388259,5.80856345916543,5.75098821714447
"43411",8.54426874159156,8.50827148858874,8.4734092546987,8.43365169319801,8.39976037881855,8.37522209609895,8.31502632350715,8.27470730317264,8.25974134336244,8.20243881359847,8.17181759119283,8.14615162472502,8.12200411885753,8.09852155809155,8.0698637418925,8.03326756571192,7.99225927561316,7.95869089426326,7.90923582110956,7.89052997444301,7.84751147990059,7.80996839427865,7.75590980828786,7.72214098459222,7.71333057027239,7.66964883270842,7.59197348948321,7.55530466800912,7.51693800953139,7.48084562691281,7.44792500104069,7.41242008571915,7.4091679621365,7.39077224416036,7.36848520983959,7.34411570687299,7.32013568087339,7.30625230541603,7.28127218414785,7.24241492062746
"43431",9.59298413791256,9.543405267207,9.50633206758774,9.46926210406322,9.43914237196446,9.4269592340986,9.70653441755076,9.99787088860624,10.319481684393,10.4663501226548,10.6363972682347,10.2846089223069,10.0179731898635,9.79919091803766,9.60437423513968,9.42415805538692,9.25542020910527,9.10885681583123,8.95071787712138,8.83961574394024,8.70569137342294,8.58714616296356,8.45057517059762,8.33676364245734,8.25126449727545,8.14017404415819,8.00657813673858,7.91598055780384,7.82917620366196,7.74565812462173,7.67126092239882,7.59503532462903,7.54677926471299,7.48822259184685,7.43244003182393,7.37903095073359,7.32716798182072,7.29066912992963,7.25299532762268,7.20478718448326
"43451",4.25645936760296,4.23289025024633,4.2171643313322,4.2012390846057,4.18847794276304,4.18371969058657,4.18174155372854,4.18973178186033,4.21523669884659,4.21143246374297,4.22593250629789,4.26007358846092,4.29800561926363,4.32867073524667,4.35279551475324,4.36993217241749,4.38271809913271,4.39375118178448,4.38686996511022,4.40439042625949,4.40749496119682,4.4105821671731,4.3942623496154,4.38359485308998,4.38889396862285,4.35247791569361,4.28930021463049,4.26313493096283,4.23960115939046,4.21355920309986,4.19433389948776,4.17286843459107,4.17413073125969,4.16653351153294,4.15559159351305,4.14222732924613,4.1241039779885,4.11859126948826,4.10673920557815,4.08262814833662
"43471",5.81886144815287,5.78887939015275,5.76739338941478,5.74073025077252,5.71722755330797,5.70150177495785,5.68242562149509,5.67329242706653,5.68564992691839,5.66158903083633,5.66113664543775,5.69221094241655,5.72575717838635,5.74817876106394,5.76447042217582,5.76777061569952,5.76789624468593,5.76324928561229,5.73456505255879,5.73081613525819,5.72522789371391,5.66957400411473,5.60061272345649,5.54587962984638,5.51833860411083,5.46364233873872,5.39114305874547,5.35644350143031,5.32593663431648,5.29289142222015,5.26912016388681,5.2412222887075,5.23488145139599,5.22040192958206,5.20493228067247,5.18696179801191,5.16535888694378,5.15832714762313,5.14728944672913,5.12254660123979
"43511",7.75305380610565,7.70769221379092,7.68289507497827,7.66219878839771,7.64773592959493,7.64992865738206,7.66016735419391,7.697192501754,7.75722973362135,7.75395922486178,7.80382509288168,7.89642245495109,7.99149912090454,8.07013479025942,8.14815246176302,8.1933002023305,8.24598944311555,8.29358175978434,8.279424791476,8.30851852127278,8.37979577361317,8.32851379670068,8.26385058599353,8.23600243243503,8.36602195586959,8.50589100673537,8.61933822278176,8.82354089729556,8.94178448645364,8.94328754530634,8.84016997727641,8.64305202254767,8.48479583569639,8.34095759136875,8.20810572394287,8.07643515284658,7.95332651259474,7.85679596267166,7.76672506123261,7.65214420692803
"43531",3.37083413273068,3.35100909153025,3.34080713169062,3.33804511418138,3.34380482214738,3.36144650940489,3.38185824537428,3.41584756414212,3.46244406902081,3.47862326154729,3.5193625938046,3.56302560245614,3.61376865005314,3.65813190831514,3.71255193553976,3.75314735781483,3.80264068031895,3.85170766761288,3.86771577432673,3.91350212970625,3.94955047913179,4.03234152574523,4.06352423875585,4.09301021848389,4.16793697231161,4.20041137309488,4.19259933016135,4.23746378832775,4.29864223050945,4.35956072474848,4.3890824625315,4.40305407338042,4.46393728036509,4.52251883326009,4.57018223367045,4.7027486098719,4.96924411523552,5.37452361137514,5.82518601699412,6.19858606661496
"43611",6.17089862829141,6.142533226141,6.11992245599899,6.10980245926536,6.10050853901256,6.10427785758916,6.09737473459401,6.12748858973252,6.16922431780706,6.15470076633116,6.17987682368382,6.25716495380855,6.36528011993888,6.43041694538246,6.49653644757101,6.54298947870898,6.6091443785893,6.69721072919963,6.69765269267083,6.72714757709185,6.74757466722302,6.68218084098486,6.60432575452374,6.57645211738054,6.59493723415176,6.56643067063608,6.50213071727499,6.48979595057968,6.46613667333524,6.44198389841207,6.42246932333214,6.39635830997622,6.42009618738344,6.41183106927201,6.40630979545251,6.3881032545945,6.3527569218706,6.36026135007008,6.35467279929801,6.34085371041891
"43672",3.84507230531342,3.83012531847768,3.8163657588171,3.80455583865624,3.80117883098004,3.8050142505138,3.83454376007227,3.86983830243724,3.91397226742123,3.91064360260263,3.92554383304012,3.89302512387756,3.87911401764556,3.85742741588445,3.84208442486688,3.8288694303749,3.82243401952676,3.81547280996008,3.79686315653715,3.79593756496813,3.79005455761939,3.78764585659176,3.77431862562147,3.77579433702574,3.78755080471358,3.78736755394702,3.76879772843987,3.76848100701168,3.76452025518589,3.76052278406983,3.76450969599241,3.75541744955352,3.77717469072786,3.78231815218586,3.7875267324247,3.78644753770695,3.78096472088469,3.7947418603763,3.80463427914232,3.81105976788485
"43691",7.7364616126025,7.72325583532683,7.69707151812961,7.66341752728386,7.64552144946326,7.63159149136712,7.55191001793834,7.50186016860074,7.47492092574448,7.40400178417085,7.3725853118302,7.34620602935216,7.34108355451743,7.33181133104459,7.3311102912535,7.32738595631283,7.34629522910815,7.3712999940265,7.37013791089377,7.4116228748197,7.4522340365665,7.50027283309382,7.548372632468,7.62320202199026,7.71839219415298,7.81269159900287,7.85123350210887,7.91299864585293,7.96121913109511,8.00478690309621,8.06289983208726,8.10071681174763,8.2264086489168,8.28407072507356,8.33245675871188,8.38338401786316,8.42861546562629,8.53497453696567,8.63649764162384,8.72871784614168
"43732",1.86755958442798,1.85608589724568,1.84973688535328,1.84578735691311,1.85242961811239,1.87083408295667,1.89294310096246,1.92772557031816,1.98009935877937,2.01485667606382,2.07585745773702,2.14347405957136,2.22196739766086,2.29253310591396,2.3722617095909,2.44556143098414,2.52963296566545,2.62161316454102,2.6767963087788,2.76267496167102,2.85007663945963,2.96914972905485,3.04908038351964,3.14150990304829,3.23188697089904,3.28051289812672,3.29779488630332,3.34508213602776,3.38604145627052,3.43244684643763,3.48600550666885,3.51197738021423,3.59986113602985,3.65564880151193,3.71012624640908,3.76015905382724,3.80102400935401,3.87610904572018,3.94556719109915,4.00820946075737
"43791",0.967481165060993,0.964042263781357,0.960796041215482,0.956703349330706,0.954457102466863,0.954914126862089,0.960478042665759,0.97737417106206,1.00858801841335,1.04274430142898,1.09602633984053,1.18247569886538,1.30462709883352,1.45092357339203,1.63810483530072,1.84125302123764,2.10015815535486,2.38551480792246,2.64211639153688,2.9369702836154,3.28437296542917,3.70138424779606,3.99385619470307,4.31866409867396,4.61120854208675,4.81746068465838,4.92199960484104,5.06235633939263,5.19515809391188,5.33237970435447,5.49021599781906,5.61340691265629,5.83014277865077,6.00369903140327,6.16986627511826,6.2688941173396,6.34164828286151,6.41244923451759,6.46657361600812,6.53361817756077
"43831",0.549548100948411,0.544839269274623,0.542497832206909,0.542756913383233,0.548350625772444,0.561060285911698,0.578760006463437,0.607372286787526,0.64833171382518,0.688985809523609,0.742705932466943,0.821333027417101,0.925338845884584,1.03951335076578,1.18110410047655,1.32976829145984,1.51866505304588,1.71893843746331,1.89724792658277,2.09963749723687,2.33029291639078,2.66522001532032,2.88932219951057,3.1153117502535,3.29002030604836,3.37533938456577,3.41032630865425,3.49436202234824,3.59071237432256,3.70311802845798,3.83176384757959,3.92666951563088,4.08821131932219,4.22299970606247,4.35733326951653,4.46129698870648,4.55975918185629,4.66350195739073,4.76013707604533,4.85718443668382
"45192",0.931953764648283,0.926406818763648,0.92627442172961,0.92647464218136,0.932182183483305,0.942508383977898,0.960753455907093,0.986937922425569,1.02496040188039,1.07252200491487,1.1313327143613,1.20064275094779,1.2809229766983,1.36720728760323,1.46921560016913,1.57088650949201,1.67366745310003,1.81588200958884,1.96611409593982,2.11347953827255,2.25657298313417,2.39658988065602,2.54086545235165,2.72482402635591,2.93523655578278,3.13473273285793,3.24204980562961,3.38698942765928,3.53163902235335,3.63996766638522,3.76025040882849,3.89841589677517,4.06999633113082,4.2185047587404,4.36326001380461,4.42835027442721,4.55534735108002,4.69983317659758,4.83099003897913,4.90251768533735
"45211",2.12343056784276,2.11131993302646,2.11033093737104,2.10654962269067,2.11293005606015,2.12594725725273,2.15462846412367,2.2001303822766,2.26980248404837,2.36247409907642,2.48293370160712,2.63582682142915,2.77983894703222,2.90614051809107,3.03851863677652,3.13562857117889,3.21207474678816,3.32632505762713,3.43934316021371,3.52262840695855,3.54739244940818,3.57338456579145,3.5913478496334,3.64519258554104,3.73312712555115,3.81100352442523,3.79895115523935,3.83661374473357,3.88706840953171,3.92074337543332,3.97626295048774,4.04192368937316,4.1444572554466,4.26662692718741,4.3809627043963,4.37896718916914,4.42453454884113,4.49340172941749,4.56655131074337,4.59363154832722
"45231",4.89087724180338,4.87005009114347,4.86455815145806,4.84042419227744,4.82873316415088,4.82400673367231,4.82347416707587,4.8264968703327,4.83545452417162,4.84505344100926,4.85592188476429,4.90025912715036,4.9440470013233,4.97830187786032,5.02039422912286,5.03514635011664,5.03900118971727,5.06537990714102,5.09514935904366,5.1129045702952,5.09659068567774,5.06010753938224,5.00958311615515,4.99242512208107,4.99063502983474,4.98263354492919,4.92548389445343,4.90181221745391,4.88278495194716,4.84439405331904,4.8197859326815,4.79580200774051,4.80933924316543,4.81414495435246,4.82260137436283,4.78423909413553,4.76402352654279,4.75414416791969,4.74490148618638,4.71407111120568
"45251",0.2012260308228,0.200366050104446,0.200102111435182,0.199250184269359,0.198587040764947,0.198323187537614,0.208201177016207,0.240754579427155,0.310077417332092,0.420807522950556,0.571831750888338,0.748221930628764,0.94887597122286,1.15914935744779,1.41033717638025,1.64639461768271,1.89269059045043,2.20983579868501,2.53813137104703,2.86041371920951,3.15729444103892,3.50008409873012,3.79940823959632,4.16953306628275,4.59412247962948,4.99796554446051,5.17096660160102,5.39139830621279,5.61324228743972,5.75663554794816,5.92103558283406,6.20382644322198,6.70971552128491,7.22406919672569,7.66031561822381,7.77977390673953,7.78341701915271,7.6649594273412,7.47770696678639,7.28819430058909
"45271",5.17597284724122,5.14845342395695,5.13961727471527,5.12255054575464,5.11030716849135,5.11534963096248,5.11897159705139,5.13006496614349,5.15367085311022,5.17390867189812,5.20541652141008,5.30541301701511,5.40221881331333,5.47617115814854,5.56310941888074,5.60142997888717,5.62192517331395,5.6754300963772,5.70867393199854,5.73408105638276,5.68723789253601,5.61364565359086,5.53786805369005,5.50437363180664,5.50013976904337,5.49538045392737,5.43894198664559,5.41757645426226,5.38241510429538,5.32561756933373,5.28474067570742,5.25014798683029,5.24783695994164,5.23382567679616,5.22938716506925,5.19888742495493,5.17622058072507,5.16211782795183,5.14833821050213,5.11473781937931
"45313",5.81065920097859,5.77309809038185,5.75430967295152,5.72956396516084,5.70103538730347,5.69587592535763,5.71629506489645,5.73494327433649,5.77342986732331,5.81512978024936,5.84696904936498,5.83640474463764,5.8398654798932,5.83620405957892,5.84326039671343,5.83893592764342,5.82880389235146,5.82335801026946,5.8033477438311,5.79606220297971,5.76714940660802,5.73203039803575,5.68537890593701,5.66356084597632,5.65746003264771,5.62434379267027,5.55687477869468,5.53263116772736,5.51012549469913,5.47933683744955,5.4539372185507,5.42886648821355,5.43029217617725,5.42114202981432,5.41447208467558,5.39095726104091,5.37933358927487,5.37920040445056,5.37135927537782,5.34667653481428
"45351",14.4139917934572,14.3649784134006,14.3158592986286,14.2537286455432,14.1822407058893,14.1204512293259,13.9535287897819,13.8013287127029,13.6917762862848,13.5517574314086,13.4255598903302,13.2989804042686,13.1855811092975,13.0614174542849,12.9458533298123,12.8175462344296,12.6886255729269,12.5730111546086,12.4462976891528,12.333707608691,12.2003987202797,12.080722158566,11.9355218657199,11.8230695890985,11.7326397469342,11.6070991140603,11.4434506470174,11.3263355891412,11.2058206423976,11.0892070574877,10.9718656154203,10.856160037331,10.7723060953072,10.6782594798601,10.5829244768064,10.4815869196206,10.3866032589858,10.3029425175586,10.2119979286963,10.1108491149064
"45391",0.977407520517488,0.970313160578001,0.966354139466571,0.966881032067572,0.972035291406783,0.983698950787191,1.00313613550655,1.03318543447518,1.08100705680784,1.12992016682047,1.19885930727162,1.27350843965393,1.34926744282953,1.43417812638108,1.52514746121135,1.61370358528777,1.70365082267231,1.80422525914789,1.89761235378939,2.01272091940258,2.10906471045777,2.22923969760746,2.32347127543016,2.45159524645096,2.62229804319776,2.73844284619693,2.79572110943035,2.91152306376061,3.01509572336314,3.12693656172006,3.2200693697073,3.32419681195725,3.48281130247847,3.62259049847772,3.73243629940149,3.83143238239494,3.9816744430353,4.16990255033624,4.32629194041216,4.44648373845008
"45411",5.14748256242988,5.12108170346534,5.0994222830677,5.08725809734449,5.08371803925726,5.09260134041731,5.1202636569432,5.15081067193771,5.20042656335841,5.21249358377555,5.24310211244565,5.26672805189661,5.28001508867806,5.29859713866742,5.31574700824631,5.32063284528855,5.31940799291847,5.32281817546723,5.3103695072043,5.32208711364771,5.33384118067255,5.33309099991064,5.29976549531238,5.27885728687416,5.27587796231922,5.23905701706266,5.17087729943249,5.1463416247443,5.11804218477966,5.09459248196731,5.06930204222441,5.04553932222277,5.05426759080656,5.05196275992342,5.04449791939477,5.03263635530576,5.03700896495215,5.06442390119554,5.08281117546086,5.08271603198263
"45451",2.12306719905698,2.11275486878996,2.1067034176848,2.09990160203333,2.09432305703223,2.09515689273341,2.09710026698703,2.10308225240463,2.12151524550667,2.12700866967336,2.1410346495142,2.18502018268212,2.2273383315181,2.26294193843638,2.29483999526728,2.32140961370334,2.34125664506484,2.359494370719,2.36236648115749,2.38104437581061,2.3916503245549,2.36386570845402,2.33137831127133,2.31590147772055,2.31798087683405,2.30093618311601,2.27177386685455,2.26503845388241,2.2602580919619,2.25708959742461,2.25807625461611,2.26241249522263,2.28599130454947,2.3084333580718,2.32779356079531,2.34571142205806,2.35920269291504,2.38274709655183,2.40281298418284,2.41002834849672
"45471",1.30784814313993,1.2996248244453,1.29578435040372,1.29341941404077,1.29526600286661,1.30432363221216,1.32733743912044,1.34811904633405,1.3742984266915,1.38399132227191,1.39690904186602,1.39765815454067,1.41207151270699,1.43597456982051,1.47186364864681,1.51779665278575,1.5776433931786,1.65173316298191,1.72551737809645,1.83107047170185,1.94346593446287,2.05941287448201,2.15367331290662,2.26038419290341,2.4222670086758,2.52767803307291,2.57123816849932,2.63306980864368,2.70324858476271,2.77706328527577,2.85620741129952,2.93810260658377,3.0480532701952,3.18462440954482,3.30474896456395,3.39726557849963,3.45523368319616,3.51795730229296,3.55084405367627,3.56303693077149
"45491",4.6584255665346,4.63420028303226,4.61939400934375,4.60262725066474,4.59299787634679,4.59791093913327,4.64689384059578,4.69723550143027,4.76672177939744,4.78883198744364,4.83214808349544,4.82547229425184,4.82700093466491,4.82406764100153,4.82611396549079,4.81733589947072,4.81471861345341,4.81795549310037,4.79029531091039,4.78673635782697,4.77231678220351,4.82488324519872,4.82518512233908,4.79555441184712,4.79511249636749,4.7600739891842,4.70625173179724,4.69618946654427,4.68207983736489,4.67555213916284,4.66001742564816,4.64413134494962,4.66029078275487,4.67239407363574,4.67781625080976,4.74632949726832,4.91783535878701,5.20211812631881,5.50888613389342,5.76789572457649
"45551",5.34452288995876,5.31080954990979,5.29455561047062,5.29065039311442,5.30606357113493,5.35911101293747,5.55677362479285,5.75445988432522,5.97583590828652,6.08052733442463,6.23114394976597,6.12293597819836,6.07537180757465,6.01658135824212,5.9873510629584,5.95008568366037,5.93635483724541,5.92618307112617,5.88129633076199,5.87211736036132,5.86822713168286,5.87199670866433,5.85177429846868,5.85408023146085,5.9245378345484,5.95785853709195,5.95020659930513,6.01593316929229,6.08871904298883,6.18461495820647,6.30710509579007,6.42215911755062,6.55364550205262,6.58526737308327,6.537922085483,6.39542549165443,6.20891046400065,6.06008058496784,5.9278410510913,5.78404963863923
"45571",5.44344882392827,5.41943124578024,5.40317936822726,5.38687406911037,5.37251056291223,5.37995053163899,5.38396134839282,5.39517698501723,5.42054480535407,5.39869210370112,5.40582970158495,5.42301581140475,5.45788432662612,5.47196365412161,5.4893807664551,5.49251704318543,5.51069365861093,5.52638929019558,5.50096292384719,5.49954142095525,5.58389469790091,5.62956992090633,5.6064358976719,5.54277735092717,5.51984874345766,5.469138243791,5.39771916195276,5.38045849190515,5.36311314593683,5.34768286544346,5.34264797898992,5.3371256687234,5.349281956238,5.33250038691666,5.32613353188611,5.30861124697832,5.28919825809363,5.30605644944009,5.3221108247238,5.3148711306478
"45671",2.46912587038176,2.46048613666182,2.45186318763611,2.44393354733592,2.44095287734898,2.4423925050261,2.43882647653329,2.44046904460216,2.45188103331343,2.4426071621684,2.44588078752543,2.4516277942392,2.463375140652,2.46769597706152,2.47381008558012,2.4805710737711,2.49038914889776,2.50019330082656,2.49857352342695,2.50998333411584,2.52284769704112,2.5818054048392,2.62604453483194,2.68252910038967,2.748691447174,2.78734545187172,2.78244693419672,2.77306741555048,2.73530546355127,2.70221605843939,2.68120616298403,2.65454618366575,2.65521715546775,2.64385764681167,2.63700977208303,2.62830037661465,2.61635617805894,2.61679509792894,2.61301577862657,2.60697794274519
"45713",8.26499081831639,8.24706023833504,8.21465049294562,8.16434411826569,8.12490592486617,8.08403930745654,8.01161700580664,7.94392625477941,7.8912722304334,7.78319737489304,7.70092570786284,7.60713357846225,7.53101127915128,7.45395198277405,7.3886556990796,7.32711919410382,7.27754647748907,7.23787527853843,7.18288055719068,7.16139707295001,7.151927499154,7.15167728213015,7.14928885565907,7.17509321330005,7.21431753520784,7.23771984695441,7.23812848909241,7.26561859396566,7.29154133019104,7.32708385324933,7.37906786066392,7.40310118851797,7.4932392993588,7.57003658780425,7.64782538017433,7.69697273392674,7.70128839696743,7.73452372634032,7.7672523324267,7.79449053376912
"45734",3.96940021557322,3.9510309053209,3.93681051232671,3.92062946528398,3.91765105928198,3.92551764947729,3.92914709711098,3.94071526280361,3.96581116895118,3.95838518837043,3.97201248258651,4.01227238601679,4.05432222116975,4.08241234425754,4.11263444494511,4.13216705259743,4.15476176400963,4.17978197523597,4.16754696283264,4.17576928862828,4.17754029582161,4.16366121844225,4.1440324368005,4.15367237380707,4.1761727867255,4.17821419317165,4.15991363276858,4.16714626891754,4.16560184062603,4.16777087201298,4.17818278279398,4.16705390399293,4.19840038111846,4.20834900144379,4.22141235522063,4.23436727250758,4.24555710743816,4.27340451437174,4.30018980243615,4.3214622288658
"45772",2.11414719375005,2.10287317861832,2.09587669850537,2.08866488230085,2.08913032324128,2.10108375797196,2.14337243491606,2.18905882427966,2.23960810230867,2.26029562074657,2.29029939081783,2.2696736964256,2.25851302890043,2.24523361073117,2.23713113007934,2.22809696092518,2.22492395127521,2.2261162011468,2.21180797448519,2.20429961038343,2.2362263145255,2.2490014836678,2.23479627703134,2.22152212479143,2.21687981657684,2.20779258914368,2.19593438422266,2.20246726758131,2.21118794855334,2.22467209080753,2.24405854940059,2.25282080175495,2.285309645096,2.3087967449091,2.33530943208773,2.35850209945513,2.37778669103577,2.41597692790007,2.45672781421593,2.49291784770515
"45811",4.32109120692103,4.30204208531471,4.28675102630125,4.26811726810675,4.26358196922935,4.27267653814962,4.27644222259308,4.29384066500843,4.3244463253038,4.32894295370828,4.34621997314726,4.37552817768303,4.41928701402518,4.45268281299123,4.49341582906016,4.53130781026472,4.58824220316222,4.64798352357673,4.67810210344189,4.71831170110697,4.79605815424457,5.0114864470642,5.15204615069353,5.30757504568225,5.43346324814558,5.47379338731879,5.43412577936858,5.39409888420978,5.31266000654288,5.21019791914808,5.11552435074794,5.01383708570491,4.96242784742631,4.90063726952109,4.85315304119322,4.80385229962679,4.75630803222041,4.72068348671097,4.68838853060475,4.65475176271687
"47251",7.55350223368408,7.52317825145223,7.51591087848085,7.4907046457832,7.48055916520402,7.48469017767049,7.47803401910912,7.47760982226119,7.48347664142577,7.49146091428006,7.4912087798713,7.4946351324402,7.51036477813174,7.51437611394103,7.52820524707325,7.52406377771591,7.51688853996769,7.53633585744142,7.54738703383097,7.55061895823246,7.54218858158412,7.53367658722083,7.49740715627132,7.50354349661269,7.52267561489958,7.51720645370484,7.44667314060953,7.43984739226341,7.44009301092783,7.40479664838522,7.38624757112438,7.36442106463747,7.38890475501939,7.39282295692028,7.40662432896783,7.37957917444798,7.36704738355215,7.36626038909485,7.36124167556447,7.32505225097919
"47312",11.0317741476586,10.9772496666416,10.9405385728774,10.9124753024038,10.869156441317,10.8638286626748,10.8554473986654,10.8709099486942,10.9211898642766,10.9772103000109,11.0356352224516,11.0944806234763,11.1746428059785,11.2450078534714,11.3465588466768,11.4120777467424,11.5167232374707,11.6299536251086,11.7008584163545,11.8151373308133,11.9780667496704,12.0539668850459,12.1055697698632,12.2280790540677,12.4901494591819,12.7397372737523,12.8749972654175,13.1551503786298,13.3389264654206,13.355372845225,13.216131124885,12.9568708040278,12.7344172615744,12.5071086053704,12.3198857628479,12.0982963148883,11.9304742307928,11.8301072817479,11.7258495977601,11.5785021770292
"47332",2.60022911710581,2.5871667439831,2.57734732349013,2.56979291327974,2.55975614815748,2.55938783936296,2.55833196530075,2.56149307291926,2.57548949408177,2.58565702953065,2.60175638359238,2.61800255784775,2.6409552223275,2.66197237983824,2.69125984151544,2.71519824947006,2.74498670682118,2.78109156728656,2.81159898797368,2.85134330182104,2.8794958538752,2.91494890484282,2.93777265946446,2.98425048205373,3.04882598172771,3.0852693656883,3.0885272759305,3.13356635524104,3.17514368706941,3.21522673133859,3.25301691043635,3.30018434201284,3.38600668228866,3.45164794887964,3.50104981783185,3.51723694358097,3.54347072517107,3.58403187791428,3.61268348590432,3.62203841426379
"47371",5.38370345752914,5.3600661918081,5.33844200168849,5.32594041826869,5.31093963403064,5.30752203882418,5.30560650042281,5.30598166873167,5.32952755131827,5.33363136258898,5.35170784208225,5.40982881783547,5.46260475508349,5.50444151571449,5.5433456892519,5.56540175292798,5.58276897752184,5.60999181606206,5.6106336159769,5.62185800240839,5.64203183756074,5.621196617985,5.55839727419368,5.5162592950977,5.4929409311703,5.43976515893618,5.3557259866238,5.32053286724409,5.28006986045795,5.24831949085728,5.20997659714864,5.17889227483983,5.18539716425266,5.1726759180908,5.14912194008783,5.11777610598297,5.09495699610681,5.08561807606926,5.06814565630514,5.03369325286592
"47412",6.83037930699524,6.79693518343557,6.76560807481389,6.74511078798581,6.72835492439556,6.72401014767917,6.71706133447488,6.71257314927985,6.73599287866581,6.72856279464695,6.74022620526473,6.75261723257979,6.74953130753141,6.75842699158531,6.76716668062187,6.76793573349053,6.76862176492862,6.77837323251962,6.77738491037831,6.79156849345464,6.75650007296118,6.75377133692539,6.7235424345027,6.72550149698778,6.76031692187895,6.74679454154321,6.68353213736834,6.67727256207151,6.66137582962402,6.65351339193201,6.63646560749762,6.62071103869501,6.64854337511031,6.65683344428253,6.65658908897992,6.64616587209044,6.63935401855016,6.65022222475204,6.64658798656382,6.61749392854199
"47451",0.0386340555372917,0.0384546188325866,0.0383423995549879,0.0382197936417772,0.0380847153173018,0.0380557679475035,0.0379735918876329,0.0379380445540165,0.0380754713705491,0.0380210404324133,0.0380573506662399,0.052728627862205,0.0973119822727143,0.168455117369864,0.263902985748376,0.377347643168674,0.508501128582634,0.65989213906852,0.816066968091253,1.00191642753957,1.16688002572042,1.3346243734008,1.46850542355956,1.6216672169656,1.82085667115925,1.95486823008494,2.04345379096221,2.18375744225152,2.31348740557538,2.44305378732727,2.55002895565576,2.6672016965649,2.8280364547756,2.97765630579161,3.08820389353729,3.1888431620517,3.28055319451743,3.40815878192558,3.50875705942961,3.5717708969572
"47471",2.40508119055832,2.39032828507872,2.38252928161359,2.37710302268893,2.37429962392727,2.38341372225387,2.39355421003771,2.41180207874645,2.44758118934723,2.47267616942392,2.51056430607619,2.54947081770128,2.59336214773731,2.62979231780342,2.66820857350349,2.69921927910845,2.72831739859373,2.76203923567736,2.77788471720037,2.80922770361595,2.82588323033891,2.84813504775892,2.85825864282956,2.88256953947425,2.93164969963005,2.94434724570695,2.93516428620918,2.95712907314754,2.97356361070059,2.98996403052448,3.00151464281121,3.01421024109452,3.05274331273531,3.08369128344085,3.10149310772614,3.11657587637734,3.12259503805581,3.14661185128556,3.16016437724524,3.15489190568321
"47511",5.16046090240333,5.13665319823387,5.12125789200904,5.10186527351293,5.0882168603734,5.08916720501412,5.09015352610433,5.09844057316018,5.1270853307674,5.12610563545528,5.13913194878134,5.19370703203343,5.24757762983137,5.28690768204132,5.32776356215843,5.34668666102826,5.36354236533147,5.37945334857092,5.35617446613922,5.34731444119558,5.34966407416123,5.29443801543346,5.22321677838416,5.16886393400953,5.13924552038638,5.07807167390366,4.99793786473592,4.95928510804196,4.91641487720824,4.8772918120083,4.84268060741895,4.80637256068177,4.79524394466273,4.77395751721071,4.75401254374145,4.72803677310425,4.69893136937498,4.68311899322363,4.66517831257758,4.62947280777249
"47531",9.12153235578764,9.08572982500266,9.05971991778961,9.0257704216693,9.00200082427376,8.99946513736437,8.9914691575395,8.99627053461945,9.03269555767732,9.00809304032165,9.01716166880017,9.02043729557773,9.04621803184628,9.0555189753128,9.0903997576273,9.09985773058955,9.11949964186652,9.13307089352832,9.10459381294288,9.10622818963204,9.10648558706294,9.1085228690714,9.07659550417023,9.08404359129663,9.12728581673203,9.10083963078024,9.01831736408801,9.01340330912857,8.99202712189308,8.96890104913496,8.95428195809563,8.9344260747701,8.96621538626879,8.96318166887636,8.97058429094638,8.95445529335051,8.93532127852134,8.94397722274972,8.94860800367515,8.90273018459237
"47552",5.34546940228275,5.32202735974905,5.30729532759779,5.28850576743531,5.27695463866183,5.28646377469616,5.2872151660087,5.29698739612104,5.32549728381662,5.31492010257866,5.33058559964405,5.4317333559326,5.54954102113806,5.63260364307269,5.71963593185294,5.7659176628469,5.83013335176923,5.87469608540861,5.86147297171498,5.87441231069027,5.85773629945205,5.78194413495408,5.67205635062501,5.580657794838,5.53176717098852,5.45410064299391,5.3495117320949,5.28916604434863,5.23911829033139,5.19484574155593,5.14369046438979,5.0814371435547,5.04975360609006,5.00891430834272,4.98691119141093,4.95910382202845,4.93221475337753,4.91988776773968,4.91933329661766,4.89244683939671
"47592",6.45258360846836,6.4204597109378,6.40329750748932,6.38552860604524,6.37667258007667,6.39775652947869,6.40367732719468,6.42509522639491,6.471606956198,6.46956339809612,6.5072304766296,6.64092697470935,6.80416674864062,6.91455182467084,7.03668002709908,7.11790962503036,7.21836260376443,7.29543770365413,7.31025223973618,7.35974857857922,7.44551284949472,7.34056096079062,7.21918922882917,7.1596079296051,7.16886728218926,7.14754329973462,7.09980185037326,7.12868770224591,7.14628495371256,7.13632016457773,7.0860706136521,6.97483766886596,6.8856709585742,6.78196129041936,6.70624757185461,6.62367105752878,6.53823816678988,6.50156968924769,6.47050327032578,6.41515904174957
"47633",4.45963751654894,4.43623301758908,4.42273291605312,4.40843419698409,4.40525315139694,4.40885416453394,4.40242140414236,4.40837541819955,4.43030392884323,4.41777027138901,4.42632828838837,4.43614418343206,4.4597459201758,4.46546009960065,4.48370818170075,4.49705903640443,4.51061555393978,4.53123111549518,4.5243331213643,4.53794333167973,4.54224386054183,4.54826248170513,4.57282354881656,4.69239497175086,4.9248379110055,5.15069745409537,5.2999745552539,5.38559561930974,5.32960479691524,5.18430597666976,5.0645417276212,4.95554486359488,4.89889260635692,4.82717737296414,4.76851677650855,4.7118913593148,4.65648815481666,4.62785464955769,4.60127063838166,4.56804805569622
"47652",3.22205837653306,3.20687935036512,3.19647783737542,3.18522829012258,3.18188100306587,3.18509514248791,3.18349352924331,3.18937357099344,3.21005378580143,3.20656349172409,3.21815134453799,3.23212372145928,3.25558947217715,3.26729996407323,3.28528011250107,3.29940071349294,3.31974099751412,3.34156715977129,3.34269202281702,3.36160839165774,3.37968754111788,3.39550472626294,3.39734376836934,3.41946165401732,3.45895425875482,3.47501178787375,3.47253377585506,3.49289174145274,3.50648811778153,3.52161065184884,3.53952666661995,3.54137073268601,3.58012844598912,3.59889739106035,3.62383049476219,3.64521631314272,3.66174617792326,3.69391938640449,3.71566866858372,3.73270911150986
"47713",2.533307130805,2.5199279234791,2.51164399009118,2.50470450667077,2.50835197308719,2.52049457240315,2.54164195398266,2.58020009648791,2.64767763725473,2.70055745120317,2.78438960488455,2.88486819272298,2.99682197028159,3.1024288419405,3.22293647967481,3.33798143440076,3.47013004808757,3.6140562782226,3.70635754355461,3.84605119972492,4.00289353299077,4.15036625005155,4.24325396321767,4.38159484353583,4.54878801363853,4.66268664386656,4.72509201415389,4.83647695584695,4.93725925120701,5.0851272700757,5.26244049736277,5.39715522334518,5.62427978350874,5.75732221388647,5.84858722030463,5.87838734949753,5.86982704038181,5.89588793875401,5.91935528325257,5.94350329154675
"47771",9.25452181314441,9.21321330386348,9.17731793946946,9.12992179147398,9.1036533277596,9.10805317797189,9.09847542101927,9.10352609206876,9.13300033011834,9.10177199950035,9.09774735627,9.10721660138603,9.12523265633893,9.13131298122447,9.15987449382387,9.17852240053585,9.20596050596346,9.2308227202778,9.19599441260825,9.18259953104466,9.18936631460255,9.17577262133806,9.12934484563693,9.13378156614021,9.15255340957144,9.12901217505995,9.07153766325989,9.06357798750714,9.04258274770147,9.03031651489915,9.03040172837026,8.98865806474241,9.01591011520739,9.01077030030173,9.00738228589564,8.99661968020327,8.97524292029575,8.97440008950947,8.96820736289163,8.95007101026167
"47791",1.99825024432644,1.98390154153866,1.9756137296763,1.97293984692654,1.98497067545281,2.01571361363171,2.05017543324954,2.09794144586994,2.16239720180908,2.21452679109057,2.279635187773,2.35414841469188,2.44056601936317,2.5169993364423,2.60502447656072,2.68599506075764,2.78176867030276,2.87590885489977,2.93368788852175,2.99626314422815,3.10142238838315,3.16060132935523,3.19434011599683,3.26896167810975,3.38941432961104,3.5223718955109,3.67003761573206,3.86899098153313,4.02373727337482,4.10102725719702,4.07290451429954,3.91638535909547,3.85268792485872,3.80705098587909,3.79282556768087,3.7949519334825,3.79967443564653,3.86013288270992,3.94948669296762,4.02521634997679
"49252",0.703406301461672,0.698500499619244,0.697529934692566,0.698544980092309,0.7051155822465,0.717441292949692,0.736173852088405,0.763587088297838,0.802838756428713,0.857534310832217,0.920402902521872,0.984177112308971,1.05395708019395,1.12063468369204,1.19215346132529,1.25248916571506,1.3153403681579,1.39559716562961,1.47088766204767,1.5311598244586,1.58829948734665,1.65446076760939,1.71257092749355,1.80111566250517,1.90724102237008,1.99916380881697,2.04278756395887,2.12821923602772,2.21902880234605,2.28523256728057,2.36255586428944,2.44814687829997,2.57732405792691,2.69592019573105,2.80970162121658,2.87365126394405,2.9866458203645,3.12207137313502,3.24431377614465,3.32860810461249
"49311",14.6863529960875,14.6350252248578,14.58924458949,14.5379020781554,14.4550241814551,14.3948821200621,14.2070843207343,14.0426790404993,13.9060930182317,13.7671181501937,13.631622531956,13.5003390934692,13.3771384468724,13.2501834745686,13.1341346620685,12.9976830393026,12.8762704395676,12.7617396398532,12.6324966449351,12.5151851865466,12.3880634372859,12.2639105221577,12.1273319004616,12.0221879226771,11.9332485501535,11.8144048541072,11.654622439272,11.5468507216091,11.4420333418208,11.3340576299981,11.2337523880681,11.1305221571188,11.0697434676791,10.9997997154962,10.938300245212,10.8558295177619,10.7828341600636,10.7216753005373,10.6522682263791,10.5658304282115
"49331",0.549567789612383,0.54417112274588,0.541930437055986,0.543683836244608,0.549302668195285,0.562839713990274,0.586725735188057,0.625107034895968,0.683823774267655,0.75593688518406,0.844875774351014,0.930241761634759,1.01392035818966,1.08919785780758,1.16893004076502,1.23249934098713,1.30056099814812,1.37093065729441,1.42942656783455,1.49033471524413,1.5426379957459,1.65457132384519,1.71699398657374,1.76383999408794,1.81819476875661,1.85019400490431,1.8583303264108,1.91737084156493,1.98238583566965,2.05356914221432,2.11907300680977,2.19004245728883,2.3017767748938,2.39641371114383,2.48111195982856,2.53873504206128,2.61459612208679,2.70161095743173,2.76967487723071,2.81392158063046
"49352",5.46240949290738,5.43878621390139,5.41379225601661,5.39836993126737,5.37762551931256,5.37181703539569,5.35824274103781,5.34768048261554,5.35835104179616,5.35638281431358,5.36341939037716,5.42732702021634,5.48541652169988,5.52867874043157,5.56815852857977,5.58528155034431,5.60026100448183,5.61955606336366,5.61168592605835,5.60950477448235,5.61484275543803,5.52285119714498,5.42504249798895,5.36390042178225,5.32578605534507,5.26457011573998,5.17887341937426,5.13321480045069,5.08785290204576,5.05066664687252,5.01438073457947,4.98043345899388,4.97684420261426,4.95966769480923,4.94211228373973,4.91653304031804,4.89740883637717,4.89005693274978,4.87670569881612,4.84814881730627
"49373",4.49072753905926,4.47133063594219,4.45224188703211,4.44278724694012,4.43027493817563,4.4309535789274,4.42757577265253,4.42396497479919,4.43890933536578,4.43735398477847,4.44578882473016,4.45324806473364,4.45944261369775,4.46488384125136,4.47061049358624,4.46739386177258,4.46909633977869,4.4777888864471,4.47330438680253,4.47852589778604,4.47056219280776,4.47054870440834,4.45235236887514,4.4575795570597,4.48145493866806,4.47480618349486,4.4345074817228,4.43110803098929,4.42031940742936,4.41441881587244,4.40183616049039,4.38997334276205,4.4095778191473,4.41382669074835,4.41464319742026,4.40703167652372,4.40591169800094,4.41565517701685,4.41591115414944,4.39820017584878
"49394",3.28417103638132,3.26664307953814,3.25218122850028,3.24797684181642,3.24688111402998,3.25692280051123,3.28599552003911,3.31161642210387,3.35206774248238,3.37111981065042,3.39728091838575,3.39057021581155,3.38338169667118,3.38486487978754,3.39036645920723,3.39306757868706,3.40040407013678,3.41764208310657,3.42734391534599,3.44766520845832,3.45368437816282,3.54738522924761,3.60992021478517,3.68748141252046,3.78089826812974,3.80501061666201,3.74970076199788,3.70467828328486,3.63683217505312,3.58939571193409,3.54340134578408,3.50614317131451,3.49548948027157,3.48930886841779,3.47863099627987,3.44866463931668,3.4197075864051,3.4050114984217,3.38994430743218,3.36114513515581
"49431",1.34760861712553,1.33488450693986,1.32881987785659,1.33077863729052,1.34333244461405,1.37440541140373,1.41452857252545,1.4691323402447,1.55049189701414,1.6303493074962,1.73284427559163,1.84292963214724,1.94960466727209,2.0579232197024,2.17585198780101,2.28888289823761,2.40418463222544,2.53721748857037,2.65483950438744,2.78678585899051,2.86125222498054,3.03294270953097,3.14200391470852,3.25887761828011,3.40871142071897,3.47362256885692,3.47767305367273,3.55031418697849,3.61475873893531,3.68198697463748,3.71430147469126,3.74419302989289,3.82553305909298,3.89624182403142,3.94429068395767,3.98088953741903,4.03507186932845,4.12645511390664,4.19918320808798,4.23530877737583
"49453",0.945192182918478,0.940375077989787,0.937563717312198,0.933983536378908,0.930643749856606,0.929934619104374,0.936063007910152,0.953317378227148,0.990838851809197,1.0396497752071,1.11163463398542,1.21361774820278,1.34702554713097,1.50533556242476,1.69523464394701,1.90401357051132,2.14451561107723,2.42711614113122,2.70224362675299,3.02369090266627,3.28357354595831,3.60170607009928,3.87491539879496,4.17762136348601,4.74217633529722,5.33928970245988,5.86649716345486,6.46857343178651,6.84412593735939,6.99069825909376,6.86227700937926,6.59463664635421,6.36122854494592,6.18176310086682,6.01910508441538,5.88784931117392,5.77574686788531,5.73815213706257,5.71720631634885,5.66078751252953
"49511",4.39514789002888,4.37383792761773,4.36004140934983,4.34328092418856,4.33107197616245,4.3319535676072,4.33144002584773,4.3381874123012,4.3621905354467,4.3609934405492,4.37133639815634,4.39660440309959,4.426949850205,4.4504874817184,4.48008313025283,4.49698412724651,4.51451871519761,4.53365608374334,4.52666943294055,4.53162893096533,4.56665900103245,4.54868199478963,4.52133886980311,4.51596155507212,4.55802352220289,4.59886815127323,4.63495400012548,4.72893567964226,4.79806204754635,4.83327404358082,4.820239875198,4.75943842426223,4.69479985243075,4.60447348958956,4.52689571363371,4.45221977701038,4.38218584579411,4.32986543813575,4.27801751935139,4.21089112018383
"49551",7.56582138637527,7.53497937533399,7.51675333297921,7.49086864202046,7.47726155645585,7.4871108646749,7.4873971292901,7.49756126437732,7.5331362746268,7.51353885528989,7.52336729633419,7.57452675779724,7.65160004530468,7.69255874696416,7.74590538081461,7.76728485339059,7.81461329475183,7.84041157947611,7.81654304118014,7.82692898186687,7.84282770579931,7.84499396850201,7.79364571817585,7.76531467751395,7.75201018382612,7.67025981134703,7.54446364927605,7.488265150969,7.42582207801947,7.36238825356965,7.31393313444195,7.26454031777179,7.25251076107923,7.2126599824487,7.19516279172801,7.16019058985283,7.12572646207589,7.11507452713147,7.10091131533448,7.04781076497594
"49672",1.94733362566073,1.93387683289396,1.92759117112169,1.92413710834757,1.92993437376065,1.9468555095028,1.96305418018467,1.98536658682169,2.02092651847544,2.03990424817206,2.06918194121797,2.10233065355598,2.14233125674848,2.17532318309198,2.21385542177506,2.24760590898685,2.29080348911717,2.33396796344891,2.35503991796513,2.39526841586306,2.43520052632516,2.51329907867997,2.55211108168422,2.59011110366786,2.62200625586191,2.63294683534671,2.62813206318306,2.65319571215374,2.67770299359741,2.70956057576453,2.7434797447201,2.76213402492461,2.82003299888299,2.85587377437867,2.8961187724278,2.92797075883223,2.96001835864946,3.00719888891677,3.04610341502395,3.07954341568192
"49751",3.64139518558519,3.62539834559079,3.6116926902608,3.59333139220627,3.58480395822694,3.58807065313979,3.58796401422754,3.59260058041638,3.61021606193943,3.60276845689617,3.60757983717374,3.66792339096522,3.72406039598094,3.76503709721043,3.81344580410297,3.84593403830815,3.87660468035143,3.90223086944752,3.88511818652308,3.87423595103918,3.88185870568218,3.80566950867196,3.72794283314859,3.68170678399811,3.65496027163477,3.60938081858699,3.5503566954126,3.51549656345281,3.48509009655379,3.47037972940986,3.47076775533628,3.46447037095651,3.48863916073343,3.5021621113643,3.51909363795676,3.54433093759887,3.55872268485131,3.571162666484,3.57379894239443,3.57161612439792
"49771",0.4609347530995,0.457268746660008,0.45537229665022,0.454871886337022,0.457626236807786,0.465021748672983,0.475140455625454,0.489823074260354,0.511409719773238,0.531184449723827,0.557478816675438,0.599947164874587,0.658684303210898,0.730983945124582,0.829616158999057,0.936945535083453,1.06053230312323,1.19252249919571,1.30547133519126,1.43473942813575,1.59208740113967,1.72645067647175,1.83052954561979,1.96347145926924,2.11063290772236,2.22360283267485,2.3048079374781,2.41684123430069,2.51657840037203,2.62596023198593,2.73378591337617,2.81637503439447,2.95933628244312,3.06957776341431,3.14939744086943,3.21421366428039,3.2815330070452,3.37089087431887,3.45788654303624,3.53566338130551
"49791",5.75144575804972,5.72722378121213,5.70468122718054,5.67719713624938,5.66387508530697,5.66972451633048,5.67134874947444,5.68659989090167,5.72177254290315,5.72652856251227,5.74608536198606,5.77643469191355,5.81990114187747,5.85517330213133,5.90970431882488,5.9605287418443,6.02435772463869,6.08132861636833,6.09546577190733,6.12140027616095,6.20297430852858,6.46511419674303,6.63602633509475,6.81047611263767,6.94717660708282,6.96006365377662,6.86460814545773,6.75004492273451,6.58215661873731,6.45541042085438,6.36131399601987,6.25747203808922,6.21194908062132,6.15354140253357,6.0943320335976,6.0367415474258,5.97661920379805,5.93426534014206,5.89489369461719,5.84605252273498
"49811",18.6727815364286,18.620169067091,18.5558824118044,18.4567877360692,18.3883222986053,18.3577265607474,18.1444198446922,17.9714104150115,17.8374928391171,17.6395777635908,17.4628715451145,17.3482822906448,17.2536030087171,17.1343750713183,17.0247491160183,16.9092041550318,16.8106108002966,16.6976952711086,16.5329806225676,16.3803082773027,16.2437738828685,16.0544173249219,15.8392888252506,15.6750231582608,15.5272072915274,15.3479454960999,15.1492788164806,14.9927421244257,14.8309093852401,14.6773230421629,14.5385097086262,14.3712426524588,14.2601640954356,14.13498626804,14.009744504047,13.8875856107657,13.758063794308,13.6454495966214,13.5336548280099,13.413042035335
"51291",5.31818042756573,5.28915152722843,5.27252072273996,5.26025322214529,5.24742831598838,5.24875658486026,5.24878091796106,5.25224242843012,5.26607620851497,5.28044486797933,5.29152963612846,5.33617514139142,5.3811218834416,5.419389729689,5.46161758440292,5.47124280315722,5.48873959609254,5.5224316852118,5.53979869707835,5.5459635413796,5.5840965523522,5.54005579167555,5.48809290860383,5.47336764040508,5.49083716116271,5.48760880840784,5.42497460061105,5.39896490218566,5.37709232410619,5.34893758418494,5.32915704180267,5.30832828774847,5.38386388073813,5.49871433088217,5.66743366234696,5.82005988220229,5.9951028850055,6.16696393451077,6.26965866283826,6.33792222297904
"51331",4.57489223031306,4.55413797915259,4.53386115867697,4.52699091789745,4.51986753842279,4.53164690341092,4.53388498681051,4.54449881453935,4.57031997109612,4.58882782705628,4.61536831035181,4.74545143325481,4.862140940674,4.96075771476796,5.05469550120323,5.10469705200867,5.15432852569529,5.20581361583055,5.22948335257361,5.24893103154023,5.26390621220041,5.12308737827097,4.99390574210077,4.91231074746827,4.85931951879843,4.79060285157174,4.69898288994582,4.65110044102333,4.60510976589354,4.56041401682574,4.51970672949268,4.48083547848246,4.48187125720475,4.47249438080807,4.4731730420621,4.46366768530739,4.46372372926575,4.47806229071471,4.49838806862862,4.49958050217988
"51432",0.854331175302735,0.846279356043219,0.842382337760356,0.844237957236018,0.851921356698892,0.87109726463808,0.900572364465781,0.945078510141549,1.01597873787226,1.0954127418182,1.19802778636032,1.30240262100659,1.3994597326519,1.49313530489777,1.59073555989911,1.67505962983835,1.7610829807557,1.85878689994347,1.93604431109013,2.02008684590009,2.08002425578793,2.16632056332414,2.21727758160186,2.27502789088828,2.3710651873237,2.42389084196716,2.4354483961245,2.49652243215197,2.5509520684017,2.61361085931337,2.65889972253613,2.71194868087168,2.79675977196376,2.86994043724568,2.9257286946692,2.96589577090449,3.0141230458647,3.0839938439135,3.13824094863659,3.16307054741678
"51471",4.55961539334056,4.53446998327172,4.51862415628352,4.50699234117505,4.4917801960683,4.48967994214121,4.48174731621537,4.4808277031131,4.50001785650408,4.50145878217148,4.5080383519448,4.52927305662482,4.54900192581018,4.56289186540596,4.57799781584457,4.58164703296769,4.58655449266306,4.59736230341177,4.59132135484323,4.59451243948792,4.58888286139373,4.57021019066174,4.53655904303923,4.51929521241403,4.52285108888854,4.4977830689194,4.44972456317876,4.43521138514534,4.41404310940143,4.39742172536731,4.377991039676,4.35900625153243,4.36368995971905,4.35872468222472,4.3497975126759,4.33431672367382,4.31705461554132,4.31220863237635,4.30081312353444,4.27093257949017
"51493",2.64713317309219,2.63264877148177,2.62435490447364,2.61744989531391,2.61124098054064,2.61519269220193,2.61770659015302,2.62335213060114,2.64063742802716,2.64484003063404,2.65195036347482,2.66616846968764,2.68715431182464,2.71215000120989,2.74504879922913,2.77681065710457,2.81701126560581,2.86748384569746,2.90799833615573,2.96264033792407,3.02033478991126,3.08345623990683,3.1231388342922,3.17852049361145,3.26076817658468,3.30272090074182,3.3087151199235,3.36803687600973,3.41881033379536,3.46814213748607,3.49597583077251,3.52620765392211,3.59114047735074,3.64149456220472,3.69191000035931,3.76961644139102,3.88599772313557,4.04344403958249,4.18135757511178,4.2757057991544
"51592",4.28589999152416,4.25915827187403,4.25032692249014,4.23996258716116,4.23484657750727,4.24445104611345,4.2517415615223,4.26659812229108,4.30111405333905,4.30476859435485,4.33113401734828,4.35721270829663,4.39990415076854,4.43283582834057,4.47056258140376,4.50458143438824,4.55886624780123,4.600927378707,4.61716373309125,4.66011010282623,4.69369101288321,4.73968147203737,4.75988077680505,4.88625159319172,5.15243941722501,5.41712832194422,5.56266082826538,5.66898443183713,5.6194052355542,5.46698693811292,5.30375433616153,5.17175783938974,5.09353040961685,5.00303565706558,4.9335294375787,4.8518157548446,4.77926338671817,4.73673843634302,4.69947598436472,4.64141178424672
"51631",2.49428587215818,2.48171948676751,2.47657569880955,2.4721249577688,2.47156886222883,2.48315021735567,2.48855062081335,2.50098779113919,2.52508416657281,2.53112876301923,2.55008372799644,2.57250459359745,2.60568992592281,2.63336583701757,2.66764846300374,2.69793644446345,2.74226630671905,2.79558633926178,2.82510796102604,2.87745653148501,2.92495884549907,2.96865047893112,2.98972000152284,3.04471542414469,3.12765214721436,3.17656492043246,3.1994900290868,3.25002652290795,3.29362823346975,3.34690664923938,3.40321037848681,3.43975010755165,3.509205598456,3.54097110829692,3.57382799313205,3.59071199259414,3.60818417471792,3.64227282875329,3.66634993654617,3.67767668785221
"51651",3.57212278056784,3.5509032148123,3.54052248304637,3.53027853306479,3.52413724644,3.53388215907112,3.53600237015174,3.54763569701137,3.57407438347914,3.57637541547488,3.58998600662791,3.69098169733525,3.7945871901714,3.87766135605177,3.95285308682181,4.01039895352038,4.07511284710826,4.13321948147275,4.13427589849271,4.16300563053211,4.13591723566047,4.03611128586505,3.93568215718755,3.87569977193187,3.83872133784703,3.78430665914184,3.71580255645822,3.67011913615361,3.62214347517256,3.57397371783481,3.53040977312614,3.47719165643733,3.45398670398842,3.42116503518922,3.39809280777758,3.37615450642779,3.3572303450176,3.35029340115112,3.3466612688992,3.33691445161432
"51712",6.06209382705412,6.03332703556277,6.01590836266637,5.9903012351395,5.97760151988066,5.98078147070836,5.98312922102104,5.99873579384993,6.03867499554403,6.028327750926,6.04105640083682,6.09160396073254,6.14301954031378,6.17255314398117,6.20908168300552,6.22458099480637,6.25184453181927,6.28407512574569,6.2596393339037,6.26255470324498,6.21093412117024,6.15901206533629,6.08924994699764,6.07106461256573,6.07507979033858,6.04751592574642,5.99814143730909,5.99075394060934,5.98260232983345,5.9737151084891,5.94385499142893,5.89755400449678,5.90744186431779,5.89520357570377,5.92656974826989,6.03831499877526,6.23571812651144,6.51940710244671,6.81246686666162,7.08703609319543
"51771",7.1509119373402,7.11358569188404,7.08124266516769,7.05102156914154,7.04088984192889,7.06256030204204,7.14492182545492,7.23276042907529,7.34656676887215,7.38918117822828,7.44589366282932,7.46583431347644,7.4783184415633,7.47661025134025,7.499791995548,7.51618806341102,7.52889693466615,7.52834170956125,7.4789103394113,7.44493641049047,7.43760626045623,7.43450090708348,7.384428817971,7.36046484194076,7.32862023464366,7.24786341222692,7.13512309068105,7.04740111581715,6.95041836519124,6.86757354001598,6.79358961902172,6.70205695955703,6.65180026538093,6.58967242009411,6.53007373384856,6.47133704149026,6.40859259163867,6.36050191739289,6.31188184295465,6.25524980041957
"51791",2.41237857935716,2.40012884940548,2.39016142749986,2.37992719841965,2.37638046250222,2.3832171941268,2.3906623159832,2.40518764736853,2.43220700896423,2.44695866223431,2.47025317006706,2.49893552998435,2.53130451623973,2.56082578832451,2.60244744750296,2.64335892445326,2.6898952694292,2.73154286501558,2.75188156583,2.77924898396469,2.85571368209201,2.91273363618833,2.93100451696871,2.94964824049304,2.97399365453918,2.98639345761704,2.99037552845276,3.0163650263714,3.03703248809132,3.06330374280049,3.09172065568944,3.10250223784439,3.14846141739696,3.18565807475581,3.22083629810119,3.25426000315852,3.28089439729228,3.3321828070108,3.38276484278701,3.42273914717161
"53311",2.14352563942272,2.13363415667955,2.1253646290536,2.119342473267,2.11256797016849,2.11148937278225,2.11505302201373,2.1270738377148,2.15291011743796,2.18616692777914,2.22983637853359,2.27976103260474,2.33604830402167,2.39431059997971,2.46214704299585,2.51629589828689,2.58181976529265,2.66429007780996,2.74189379365323,2.81768596555106,2.88821798933412,2.98608108230652,3.04347522929127,3.10712749063151,3.19524635425719,3.26161448576987,3.28254035825493,3.35511071004853,3.42560191923581,3.48544876017488,3.54688696782937,3.595007995308,3.69689996285225,3.7693262532925,3.83917352206274,3.8955690089417,4.00490767931116,4.15274705189736,4.27510612166185,4.36164261559629
"53431",0.204823174943331,0.203813773088741,0.203020989298571,0.202515066916966,0.201833356464886,0.201841890825127,0.201538563581162,0.201359231895649,0.201984802893815,0.201887845510324,0.202068187591011,0.209184404344294,0.226754526556242,0.25874621590419,0.308883934695778,0.373482099829059,0.455541707836603,0.555751260549846,0.658802514609448,0.779177322008362,0.906032600680667,1.04199009558817,1.1596072639913,1.28954629809997,1.44499289818626,1.55494518914257,1.62249376887511,1.72503110448739,1.80481524968826,1.88464650814133,1.94608091093238,2.01723044327021,2.12005475042046,2.21226960460195,2.2796689181076,2.32259600901754,2.37913976353724,2.45639632114961,2.52399956957862,2.56340045255688
"53471",7.1858765249303,7.15353295067964,7.12580596356515,7.10409435875403,7.06440916902993,7.0451681942336,6.98179569037084,6.93148782306078,6.90992419442825,6.86831657306503,6.83313591566005,6.80503017553391,6.77604470430526,6.74588605144488,6.71763421083403,6.67992589869601,6.64307134885049,6.61241208673964,6.5690612136291,6.53632801357686,6.51029432070168,6.4666889635979,6.41026173114988,6.37200009755022,6.35231416139911,6.30602062612558,6.23691754376861,6.19985257425683,6.15786209994902,6.1214144833399,6.08400301919218,6.04715539135526,6.04329130033989,6.04417741188215,6.05475500461671,6.06426125225565,6.0742204663402,6.09274104182598,6.09496315285931,6.07686739301208
"53512",8.49694317062194,8.46202646531381,8.43722824923881,8.40758989687689,8.36111399586512,8.33459137953521,8.35025954211821,8.36158827813663,8.3931004193933,8.36681549044465,8.34159820668228,8.20066669311561,8.08524198265058,7.98581499204017,7.90076795378561,7.81507649105202,7.74170863375006,7.67956717973721,7.60393169921395,7.54601742872484,7.49213061609203,7.45250851574852,7.3884317671983,7.33608423487795,7.30423643986379,7.24891288213362,7.17352026633526,7.14225675217373,7.10673313290254,7.0835253328955,7.05989017334509,7.0370989679064,7.04427955541142,7.03576997134255,7.03810602257901,7.03582791944817,7.03804347707598,7.05567616965655,7.07007739734839,7.05703958280954
"53531",5.91090268741495,5.88398806146084,5.86709988444927,5.84788773787306,5.83226891458974,5.82678147632301,5.84721715401256,5.87345823835163,5.92165717710412,5.92738664210862,5.94361234665146,5.92004996361695,5.90720820229627,5.88735889291243,5.87911333613418,5.85952036934467,5.84790877786451,5.84292183052467,5.8073493859888,5.78185361023177,5.76136489127402,5.72491907554057,5.67362036436807,5.65516746427142,5.65907120283282,5.63713272562264,5.58827004632404,5.58021631277147,5.5676434290416,5.56072706536702,5.54198623518624,5.52167615893098,5.53478167396427,5.53125075951431,5.5402594540325,5.56744848453466,5.64610508049344,5.77918014189664,5.91286644547225,6.00024041275486
"53571",1.45306221513593,1.44657974161078,1.44334384202838,1.43816554196666,1.43421365836258,1.43216408814567,1.43006119690552,1.43232889201007,1.44278708686545,1.44467360966725,1.45405924560926,1.47071825993561,1.49986043020057,1.53099790076155,1.57473309805884,1.61818861823848,1.67483624486773,1.7425800264011,1.7931111286668,1.84927417188867,1.90746548382489,1.98422938403219,2.02479711700879,2.07657681049908,2.15069223331621,2.20136021843592,2.22238852021852,2.28037872352085,2.33082813908983,2.38148433961268,2.43137485599093,2.48340924847205,2.55742156968595,2.60632724696226,2.6689981451171,2.70682098853755,2.75247194429112,2.8207692320762,2.88052181355144,2.90495573328976
"53631",0.65001434024838,0.644057400989012,0.642769793300877,0.64505643661673,0.652169574075603,0.66845102491255,0.694377476095718,0.736971838316537,0.801549954066442,0.869615397391046,0.960369338968782,1.0601540717878,1.17731977693589,1.28964534714226,1.41302170165436,1.53099877725876,1.67309128874319,1.82751721488516,1.94156426702322,2.09349899099582,2.25788906925329,2.41088455929324,2.51534563384255,2.68249945273444,2.95212468690284,3.17616004139736,3.3205885471413,3.45310306629192,3.49238831520374,3.50294720713593,3.53241399884951,3.56824208346469,3.67813491413437,3.76449886970866,3.86754344531724,3.9408769628765,4.02031496327728,4.12093966008477,4.20571917509739,4.26657667085744
"53671",5.51879793083491,5.48894755662713,5.47264080095268,5.45608031347247,5.44384014331682,5.45330203430723,5.44906932204823,5.45529792086364,5.48172962736102,5.47399305188576,5.48243460648785,5.60658686577471,5.7349918508329,5.83341706791836,5.92448536550938,5.99091124169474,6.0733115729911,6.15065134400031,6.14552102996999,6.18359771718273,6.25830654497066,6.09965326814042,5.94221238840888,5.85163116194659,5.8029030261933,5.72313768011763,5.62593680494871,5.56252054964321,5.49458625089909,5.4320941081873,5.3745501532019,5.30237609847864,5.27392145144039,5.23250154127818,5.20513289464256,5.17385798396062,5.14305717895224,5.12365996888927,5.10504756676934,5.07695741191333
"53711",1.907935720033,1.89678148794447,1.89165225946269,1.8870119253102,1.88885300289994,1.90011913901354,1.91319056559486,1.93421073207274,1.97145055867633,1.99972307950673,2.04163732227825,2.09082282601625,2.14750159074572,2.20102187752839,2.26422830972773,2.3224468004535,2.39746906715461,2.48142930403694,2.53480239096015,2.60991620737212,2.69702712810347,2.76915901028414,2.81525647881601,2.89433711869639,3.00030817106435,3.06874053234307,3.09992258182227,3.15238546758281,3.19075720225448,3.24118286350349,3.28994441068976,3.31863508299251,3.39452113424327,3.44757305903807,3.50629806977272,3.55249036981249,3.59630242000852,3.65277259106724,3.70866997682256,3.75495153411679
"53751",3.33356798444629,3.31542977052008,3.30293017819346,3.29217808070846,3.29368613616254,3.31239230831162,3.3366895989572,3.37126873957041,3.42995159677786,3.46898371031764,3.52826142753586,3.6307012719409,3.72278580787962,3.7956154595976,3.86641401873252,3.93122346817077,3.99458751531133,4.05344260744071,4.07251785306902,4.09873959560618,4.13845212215909,4.11551048941698,4.07723972594159,4.08258859800438,4.10999474684938,4.1189104803444,4.11284970212481,4.13971096785805,4.16184781372297,4.20041641799648,4.24133856504349,4.26608831066048,4.36726737691817,4.4673280940299,4.56400676225421,4.63341551405471,4.66590881330277,4.69308782705467,4.70147734459707,4.70305027119624
"55311",5.70239261524861,5.67509748937367,5.65375670197355,5.63604759799917,5.61777501207447,5.62238518216494,5.61873773683374,5.61617275606918,5.63503644015075,5.6559551581358,5.66674416404871,5.75343490826131,5.84281283722024,5.90838512148908,5.97015046752481,5.98878467197987,6.0081242420886,6.04647012510374,6.05775082844701,6.05892787814497,6.02163055489347,5.91863356875769,5.82106106567505,5.76396840596663,5.72478100867337,5.67442867590132,5.58996799091207,5.5450736115219,5.50105517693215,5.4516342654689,5.41022937573077,5.36615278476403,5.36077346242864,5.33237982962167,5.31260235669716,5.27391732028013,5.24642202505479,5.2355409837417,5.21598552878941,5.18044453068611
"55353",2.72498176973146,2.71283196022465,2.69950053983261,2.69965832147266,2.6932874863935,2.70276355929667,2.70828309451255,2.71447644093759,2.73009363024371,2.73990661349583,2.74525405056571,2.75117953014224,2.75616417160641,2.76257661522813,2.76895776628496,2.76568462535282,2.77160934404647,2.78431850062424,2.78444405304802,2.78978474336582,2.79797371360679,2.80538164414599,2.80961156072288,2.83220448115879,2.86726869328877,2.88278860288857,2.87518562473244,2.90114221952384,2.92308668384993,2.93574136448776,2.94302135966896,2.94599058809911,2.98252616963177,2.999287585458,3.0213071232833,3.05301677574158,3.10740479388804,3.18846954658821,3.25737939707139,3.30580815914784
"55392",1.61874256667402,1.60805547769779,1.60247427058859,1.60678738317489,1.61285965040682,1.63517197593096,1.65685497797231,1.68366459679112,1.72419229171238,1.75858037169586,1.7983118457854,1.84755386797043,1.89735185077942,1.94773991931015,2.00907249324902,2.06224835282139,2.13102708943643,2.21252972298247,2.27084266170199,2.34420324142535,2.42036874193807,2.5016368407507,2.55859576387683,2.63588687958101,2.73745677680022,2.78514692768146,2.78259996795622,2.82825963858035,2.87235307113442,2.91872746926797,2.95793791829947,3.00151587295081,3.09520071875046,3.16337087716097,3.20971065555621,3.23727578954159,3.27638383125628,3.34062308415894,3.40009114332197,3.43118305771634
"55411",12.0285177770041,11.977843536404,11.9321664451653,11.9129553150203,11.8645530765328,11.8740225815408,11.8915806535212,11.9161897084819,11.9833999663636,11.9958528660219,12.0142682481222,12.1067710134519,12.181261261363,12.2235114779968,12.2812054966196,12.2987916372369,12.3323819653612,12.3864521848998,12.348459263229,12.3493588393907,12.3810429312159,12.24016898434,12.0421776666124,11.8818686314395,11.793448369854,11.6504141372858,11.4571771607601,11.3600055393107,11.2644379215631,11.1766066242304,11.0893586459258,11.0025073018834,10.9795911437655,10.9250566578773,10.8746579344048,10.8112290258169,10.7567932619622,10.732911605027,10.6997217539576,10.6280432778477
"55592",5.89568729952925,5.865698151134,5.85862940298368,5.83452180756337,5.81415057599116,5.81347817265987,5.80313288362259,5.80338374238765,5.82346421714451,5.80684731553334,5.81237342603476,5.83069074416628,5.85589426250884,5.87099454448752,5.8886459894974,5.89184842031683,5.918787571867,5.94783695458769,5.933429490812,5.94135701728292,5.94770788199817,5.92771215707662,5.8805741834306,5.88198941003831,5.91127756006374,5.90426595512669,5.85836641217297,5.85921951195398,5.84880702810482,5.8401690390003,5.83318267961868,5.82344373939381,5.85699156542729,5.86725836116896,5.89021995618443,5.87887960747199,5.8682350126492,5.87959939732407,5.88440325568161,5.86215643615641
"55711",15.5342340005046,15.4931431921823,15.4667655797394,15.3996979012216,15.3383558759027,15.3003490173835,15.1191669948369,14.9614291756364,14.8470884451407,14.6810557007077,14.5394411204861,14.425394733677,14.3187409233939,14.1947102479649,14.082026127024,13.9557603846428,13.8486585395415,13.7408754530384,13.5913533480686,13.4682011576371,13.3405780015723,13.1886797012612,13.0171021405894,12.8892204497783,12.7850553361538,12.6492127487447,12.4834148423341,12.3566063908286,12.2247807659059,12.1026412171324,11.9825213157567,11.8452573021319,11.7519788174926,11.646424589402,11.552889700553,11.4568704865522,11.3584444528065,11.2718469971081,11.1902126098199,11.1039722971893
"57353",3.11966819634446,3.10605926259798,3.09283249496087,3.08828650297143,3.07472624419205,3.08186118836001,3.07834194119368,3.07629246790399,3.09033208019838,3.09832562908262,3.10166705641472,3.11266706399246,3.12471699826076,3.13516143534376,3.14878170559129,3.15261197677093,3.16912405431792,3.1952506692765,3.21066068791666,3.22839647075274,3.2430876603426,3.25656342375885,3.25949727855578,3.281558906113,3.32017094310827,3.33594098073227,3.31565581692473,3.32902523420537,3.34279091105059,3.35465370706045,3.36916583826959,3.38855110526945,3.47229418710448,3.55833884117123,3.66329201617905,3.7517182770025,3.8356271971152,3.92501623655523,3.98079176214881,4.01801459647398
"57371",6.04959028841662,6.02329121922369,5.99940926841426,5.99608016143628,5.97070419698287,5.98733339931123,5.98016852720138,5.97981221885949,6.00917236095993,6.02255077300387,6.02998727327058,6.11129302081206,6.17559813088784,6.22130549645873,6.26526551975077,6.27014861944324,6.29449258908282,6.3289017710478,6.32159944696518,6.30858164731962,6.26992453917771,6.17705518993213,6.07891972845032,6.02018591864951,5.98701303595456,5.9271732406822,5.83603260420506,5.78909554960507,5.73931932525092,5.68262692911342,5.62843183593325,5.57018684564383,5.54847626903661,5.50762032668324,5.47548531372534,5.44050448346783,5.41098447898719,5.40081877206363,5.38616235940591,5.35742070944532
"57412",6.31648914411313,6.2923384273917,6.27009310653858,6.26436423606305,6.23866015942599,6.2439693004462,6.23277100596349,6.23390480191991,6.26017756217419,6.26722164712883,6.2717331454455,6.32475197495263,6.36711541921014,6.39356804341455,6.42737293209484,6.43582582889899,6.45587654505711,6.49031180679591,6.47647980812275,6.47573133080392,6.43707379552014,6.41221343323975,6.35187749484385,6.31142506233242,6.29908208714984,6.25204442495185,6.16919067892398,6.14011601360077,6.13450098409752,6.15479031056425,6.20045519017397,6.24944796085372,6.33372495103697,6.34528997244854,6.30386859236342,6.1933265539431,6.07845999740869,5.99885114455642,5.92507324906374,5.83662890705294
"57452",22.1897156400959,22.0967291845345,22.0025598709481,21.9182822972686,21.7735924847882,21.7011929170651,21.5390621153238,21.3809310636996,21.2741344297769,21.1162081364955,20.9421000500063,20.6980553872601,20.4958489411648,20.2865530905224,20.0948764905357,19.899710246628,19.7191947780554,19.5622635181976,19.3789084457552,19.2275793436054,19.0689269243195,18.910624381458,18.7192264184875,18.5757667005362,18.4748323605588,18.3154764273925,18.1111937634964,17.9766692710456,17.8233109379746,17.6750665005086,17.5229542276249,17.3678502595842,17.2793650239944,17.1674243015247,17.0627136823088,16.9416150009298,16.8323070169593,16.747287672026,16.6568705957638,16.5350967930364
"57471",1.03366032009497,1.02682523385056,1.02319626703512,1.02251914336192,1.023172313472,1.03246971892032,1.04169597739689,1.05432186062354,1.07411587559506,1.0940035388754,1.11612733019171,1.14887973270327,1.19177866695935,1.2394946482435,1.2959915223556,1.3561708003463,1.42590096522348,1.50759736392967,1.58871183226546,1.67706809555541,1.76698175091141,1.85562554035975,1.92452359156292,2.01563383965828,2.13526163631274,2.21420979041253,2.26255571249205,2.34776732436474,2.41428331513281,2.48477257247805,2.53607538170764,2.59168856978523,2.68763972310097,2.76665655309678,2.8356032864972,2.8816763417239,2.9420195486474,3.01392021008004,3.07768834723782,3.11518483423042
"57491",1.41323277117832,1.40551605125345,1.40161876602502,1.39893356057349,1.39611479640857,1.40128723209152,1.40421694972094,1.41030067470508,1.42087806800512,1.4279869977454,1.43660581434469,1.45460232390692,1.48112572047356,1.51404113503337,1.55474487220811,1.59816789377145,1.65363063947796,1.71782446806491,1.78335563206916,1.86094734280416,1.93351600935865,2.07048923082192,2.16033403972181,2.24277225533177,2.32126127745928,2.33394927362453,2.31725091094428,2.34239900246586,2.36015077017742,2.3944479056324,2.4475128801801,2.53096468985417,2.65656360840758,2.74834121876296,2.79303299483852,2.76249142869772,2.69584157584258,2.62496966036187,2.56946241369882,2.50627018935521
"57551",2.38984229544444,2.37485077414158,2.37113578851778,2.36525221649797,2.36571735294665,2.37866255693498,2.38899469188443,2.40467112924616,2.42778935345794,2.44333083471813,2.46456874290251,2.48668162602545,2.51135553644231,2.53261279251698,2.55841695862007,2.57019031607602,2.59410055063178,2.62156286407213,2.62627094493043,2.63710256915481,2.71166509842446,2.70531883988876,2.68578798338167,2.69544389369306,2.72598416333768,2.74151650085375,2.73571595395165,2.76232509659862,2.77818236819746,2.8059198725513,2.83142417772929,2.84740198063567,2.88587502816543,2.91002707532491,2.94840113379552,2.96652185694757,2.99512825154091,3.03574230232406,3.0793467233533,3.0993862013182
"57571",5.77030477335121,5.74001984783138,5.73151172744382,5.70415520527769,5.684298474933,5.68081334648596,5.67273037463404,5.67636496712635,5.69637880506585,5.69948465686751,5.71776480751322,5.79860651989992,5.87935500166367,5.94286726318023,6.00504679171183,6.03029135350752,6.07860782904642,6.12601462192913,6.11451210591316,6.11395787466583,6.10866200857024,6.0318975016586,5.93713330551911,5.89866442738794,5.89497132019826,5.86454502770988,5.79530905645386,5.77083190165955,5.72059939947458,5.66072575873215,5.58906198461202,5.52703241455493,5.50251156382647,5.46304250028021,5.4419680274368,5.402598641091,5.37110106551789,5.36034295933936,5.35187185415587,5.32293540122043
"57611",0.258252594970652,0.257004197876295,0.256697544462827,0.25574753244987,0.254757303553659,0.254497183965471,0.253886628976678,0.253766520738083,0.254276581324007,0.253491374118052,0.253475813602786,0.260037386813743,0.277028406880882,0.307410633286448,0.355194456338152,0.418503569162845,0.507309755874105,0.61470087237179,0.721621551303182,0.849553274477016,0.977270334715611,1.1357487813934,1.21685638233017,1.31923559635065,1.45781657528668,1.57864828150316,1.67826331612617,1.83321923707402,1.98328414322761,2.12606785411925,2.25314509541881,2.38448642619875,2.55943049007603,2.71302328864298,2.87608701195621,2.98548602901776,3.11004665022561,3.25888545968758,3.3932801101805,3.49020805925384
"57631",0.626120567000965,0.622118779531124,0.621194896403075,0.620044927531691,0.620395196432452,0.624287070280939,0.635695761423716,0.659827143931456,0.704134736709674,0.760987676795539,0.844427114683081,0.939130688536695,1.04929358253612,1.16120143675813,1.28154081118582,1.4012594552877,1.55273680480849,1.70419010778839,1.83235722912217,1.98254244042858,2.13930715414415,2.28673459833115,2.41792683405718,2.62369383897224,2.88623965629486,3.09187059221344,3.22523295272817,3.44174891762687,3.64241024567064,3.83012680952942,4.03223314405811,4.22208364541885,4.45489868429533,4.61235374112887,4.75334591384032,4.82452677433066,4.92301496816923,5.05772574623687,5.1793554792676,5.26251355694183
"57651",4.61753987556375,4.59624758312093,4.58949581172227,4.57532625795714,4.56131667081359,4.56530470332374,4.5628526923939,4.5668846713022,4.58998364094247,4.59033765516746,4.60641562967373,4.64577561446303,4.69314306165007,4.72060232454174,4.74725414124264,4.76173298282983,4.79330785576473,4.81993584739666,4.80797003534363,4.81449411124772,4.80547137185027,4.77061965709302,4.72018719304386,4.70775569675053,4.71990899457618,4.70047583558466,4.65563955792796,4.64688310965983,4.63438783577754,4.61978326603643,4.61523332372338,4.60219751155989,4.61676151018186,4.61341124945403,4.61463850154434,4.59878201272386,4.58541853298036,4.58393819451897,4.58286572541339,4.56790036820062
"57673",0.21138270645061,0.210143502856326,0.209823025451767,0.209628512611423,0.209916344352065,0.211529902237828,0.214354794043519,0.219334822127377,0.227728956474376,0.236761140214823,0.249228776252595,0.265046468040352,0.28607172595429,0.308380912872387,0.334757402372932,0.362522939110536,0.397066509129452,0.434485993759103,0.464801122879927,0.502243831060048,0.546435220466592,0.58873304901445,0.625211278777027,0.678601212740768,0.750910625591598,0.809479191889884,0.85382344876676,0.915743120602522,0.971224486909217,1.02995491532212,1.08104974816107,1.11847564614485,1.17995937894315,1.24026988693906,1.30955519176652,1.36668249450539,1.43070290041166,1.49886170470608,1.5633912538782,1.61684621237779
"57694",1.45316209788399,1.44367864329361,1.44136154648982,1.44122964883577,1.44711703430935,1.46348626663231,1.48500291275871,1.51823781734903,1.57216674014853,1.62389968787974,1.69415842723691,1.76731431786944,1.84774586503213,1.91966302830014,2.0006610471432,2.07293784289527,2.16214570193964,2.24934670989187,2.30726466657265,2.38289912165323,2.45619041586568,2.52464131177048,2.57015397664676,2.64288415269905,2.74172707366659,2.79923369515976,2.81820706642352,2.88257889722275,2.94085292078942,3.00365264649623,3.05907450945224,3.13085096246135,3.2821008547971,3.41742244106872,3.53979075007394,3.59641478126197,3.60933496321174,3.61185178612567,3.62359304836073,3.63229893458695
"59551",1.82259575875366,1.81219679380033,1.81000685722757,1.80436651448604,1.80279109991835,1.81063443156153,1.81708416991038,1.82900827083348,1.84690916227351,1.86064249570507,1.87935828456472,1.92881764406588,1.97536387840293,2.01198070056704,2.04553357915146,2.06172825381274,2.0893103239794,2.11127305737361,2.11024547968167,2.11393379454255,2.11174334679623,2.09293590696186,2.05491512748724,2.02718541489708,2.01367633884341,1.99043260205873,1.95666755782261,1.94385425258675,1.92865724820898,1.91601914535521,1.90359045553564,1.89230977539221,1.89687518781414,1.89645534796156,1.90301030317658,1.90097277071333,1.90327784074621,1.91172844598975,1.91806012715125,1.91430774823867
"59591",6.08753416035139,6.05321558288122,6.04560711659262,6.02312043528319,6.00944211834108,6.01555080464881,6.11026716039133,6.20897452607278,6.31657663535806,6.3665900232925,6.42709555535928,6.35551362247835,6.30732829090141,6.25278302215438,6.20322195089892,6.14294234204094,6.11240014558992,6.08490281577763,6.02477200777506,5.98033518476008,5.91774674268927,5.8724128140914,5.80970981744509,5.78800321354264,5.78421147016374,5.75011100976039,5.69061664163583,5.66839623901701,5.63361799301077,5.60096776121391,5.57094749913018,5.54353133135681,5.55165482178931,5.54652422174005,5.55396730461214,5.54092297206277,5.53464593017891,5.54781741572626,5.55682932101591,5.54358515633932
"59631",1.02842539475852,1.01995750905169,1.0180462822982,1.01855092631436,1.02430905700726,1.03952827728281,1.05724469336191,1.08132845373882,1.11499275318827,1.14353333290002,1.18116982135533,1.22460018316808,1.27802581911179,1.33062871390165,1.38881122600826,1.44500519239214,1.52034570871401,1.59532521083951,1.6530320606658,1.72338597681642,1.79116837050507,1.86564133417979,1.91865752220578,2.00735777374812,2.11476200238364,2.18788584640422,2.22155496665466,2.29342800828723,2.35955990694748,2.4270200027335,2.50526724545279,2.59101209132229,2.7066727258466,2.79029514388547,2.84747796050011,2.83815900195296,2.85116026728722,2.89031954399229,2.93304738743476,2.95385211030639
"59671",3.98755618977509,3.97784123473351,3.9732190907004,3.95494380068836,3.93093415268733,3.91194245792673,3.86302704112041,3.82347586086547,3.79985070485263,3.76623634677757,3.7424182915102,3.72954610990473,3.73524551720308,3.74773243437425,3.77752466458584,3.82141010627059,3.89373290205174,3.98540899819979,4.06967854460297,4.19215931338486,4.34272516904824,4.513584338817,4.67451867143907,4.90572288799701,5.19413298129704,5.41051345389214,5.54727368987751,5.76693376899458,5.9909840026262,6.19186554493783,6.35964553980659,6.4793039882344,6.67944274963721,6.85515299394284,7.04289867199538,7.17851273014611,7.33426829945331,7.51277629712562,7.68271634749955,7.81610257016651
"61351",3.03589646306709,3.02293192663573,3.01058977381388,2.99872164355626,2.98066800077413,2.98273080627499,2.98152452630719,2.97821548493826,2.99160653936392,2.99887351221117,2.99714656161894,2.98661529262182,2.98263237483075,2.97264556212831,2.96929661509067,2.959527554447,2.96236099984368,2.97205129987545,2.98176989076849,2.9917849014365,2.99304617082941,3.02359267448581,3.02503800698933,3.02246154460765,3.03492420917957,3.05153798062027,3.04535711769784,3.06913929217488,3.09149534859938,3.11157215987659,3.16087278119091,3.22806497131484,3.31902571767293,3.36614307851048,3.39199781329283,3.3716542051184,3.3428641527006,3.33706356932543,3.32767770786107,3.30564990523173
"61391",5.88771114000637,5.86675855562727,5.84428608673694,5.8281212914007,5.80048445496921,5.81056890805252,5.80380574188951,5.8072412038439,5.84092788623694,5.86738323347116,5.8854990881821,5.93776031609288,5.98187727979017,6.00828210565694,6.04283664713759,6.05316474361581,6.0833522894648,6.12337508815565,6.13689926665563,6.14584053597761,6.15267313313439,6.12488973646126,6.07450140149067,6.06101417445045,6.08116862843488,6.08420359643496,6.02474287263021,6.00849007859481,5.98345007981979,5.95229721923228,5.92929812477535,5.90812079993673,5.92604572202927,5.91747804168761,5.92486713743377,5.91315212174873,5.90769483055031,5.92162339250713,5.92759936222645,5.90696326235907
"61511",0.163815781968922,0.163014768255111,0.162608852208408,0.162134234897971,0.16140610849622,0.16143238495803,0.161875176581444,0.163716154237689,0.167009716853181,0.171431926976788,0.177324196560391,0.222827238154654,0.332334788106705,0.509472106841764,0.749880835667593,1.03497657660735,1.40260436677911,1.80905885847152,2.24116592952964,2.75067132991571,3.26745409443985,3.8071285978941,4.15883678187793,4.5684652898298,5.04365159835058,5.32855333964286,5.46206173047028,5.68054411966361,5.83365049860154,5.97419798805052,6.06481749712092,6.18272406994945,6.41852259722381,6.60556098720989,6.81257225608405,6.93982982738097,7.10979525526919,7.30949644491516,7.48262496358554,7.56521638483788
"61531",4.5845411513651,4.55946320603218,4.54824716545411,4.53548015862224,4.52113348433778,4.53320812539937,4.53397696971818,4.55377888474753,4.58233683486522,4.60644538487485,4.63357210698111,4.72066169293675,4.79459647505931,4.85642749689114,4.90580675895517,4.93617613819888,4.99760907736521,5.03719453989071,5.04123475832142,5.06794695591669,5.03086078824706,5.15054354632905,5.1995639368039,5.27232091841563,5.34822596808253,5.33315715735749,5.22717015517852,5.13178681221204,5.00153918506567,4.88997863850961,4.79081153844538,4.69887437246799,4.64258725870842,4.59230912424398,4.55512688366923,4.49467110183381,4.42616129685858,4.37202054321262,4.32090601116317,4.2547499003774
"61612",6.87104983406953,6.83414590525538,6.82097677262388,6.79430860793193,6.7705230069906,6.76406695691468,6.75353763370714,6.75661646581494,6.77865885345891,6.7715585985425,6.78806701132536,6.92362274180074,7.05999667262551,7.1719285835205,7.27193845573398,7.34405079796693,7.44321644588849,7.53045522026937,7.54359563129337,7.57058431260012,7.53989073013152,7.41431090865132,7.26732271671865,7.19656887786012,7.15806525996774,7.07963627145837,6.96430227236147,6.90957316429657,6.8650743261149,6.82006089110235,6.754962550368,6.69287556773757,6.67622569971853,6.64527496450623,6.6237337824538,6.6343738770758,6.72472535474412,6.8959410098851,7.07757143005181,7.21363043554541
"61692",3.29033367350341,3.27184130729277,3.26471816665424,3.25562603584231,3.25284665687336,3.26028168046999,3.26595142805312,3.28001611657317,3.31082979584313,3.32506319947756,3.34947851298932,3.37912306261597,3.42004998723766,3.45059871243444,3.48982312824672,3.54063104754055,3.59062699239455,3.64518093118491,3.67570900584107,3.72300431385164,3.76999439560492,3.85049318149105,3.8902301111966,3.92910893258291,3.98675361890912,4.0140433207758,4.0110597477865,4.04430580470536,4.07257230834777,4.10330847519331,4.12705651326412,4.13192287423148,4.17568249919557,4.21186939465645,4.25816556188177,4.28871302762326,4.33456026838206,4.41441762442808,4.49016699438121,4.55089691408734
"61751",1.67293692735075,1.66217331584938,1.65817092245862,1.65569899928758,1.65877463917972,1.67283107749779,1.68890984891153,1.71204711962416,1.74776712406928,1.77447350962058,1.81022415277703,1.84863057526469,1.88714505631846,1.92146370252048,1.95923644457929,1.99333874867462,2.03576112254981,2.078809535029,2.10171037861055,2.13332318420143,2.18995244578202,2.21190399113901,2.22765182743191,2.26694087241106,2.3230445327167,2.36051995561014,2.37297742972381,2.40992273074488,2.44464860995457,2.4822581946226,2.51554308771174,2.55546983533786,2.63518940038488,2.69858095921065,2.74452406683517,2.74722673751522,2.75505728723947,2.78634059937901,2.82469548869054,2.8513127312559
"63491",3.37830518203567,3.35918703490677,3.35087133421029,3.34130792028177,3.32850072617267,3.33495099644685,3.33822527826617,3.35120049498487,3.37450048707001,3.39728559191515,3.42345542373647,3.46477858847242,3.50261337154027,3.54106720642137,3.58673025759631,3.61581414041661,3.66835183470161,3.71998610947318,3.75971300887082,3.81509195683288,3.85970051399007,3.91197740978126,3.92891342043012,3.97608655376827,4.04979506775745,4.07764270545035,4.08018078740874,4.13163596253384,4.1739316383274,4.21199996122626,4.22770822187569,4.23238633069959,4.28572448054819,4.31926225054208,4.36704151601152,4.39116642029738,4.42740669663355,4.48006247181493,4.52942105582773,4.54166055818618
"63511",0.863263479867154,0.858841155727378,0.856540179318013,0.853641408161321,0.849009745288579,0.848660355865892,0.848754612189494,0.849851991328738,0.851353110301943,0.851151471648226,0.849277495247307,0.84966235847705,0.853006771231259,0.859586238047414,0.870162060880731,0.881978079766642,0.902027438187189,0.924427923413187,0.94561801961408,0.973971117861426,0.99955994762651,1.04201212259463,1.06311876357138,1.08407897220087,1.108470692948,1.12014478319941,1.12281320108779,1.14025163166983,1.155638854501,1.17423095465915,1.18884033958806,1.19905190472194,1.22349417040628,1.24187020655018,1.26521123424041,1.28011127233907,1.29945102291528,1.32397033022934,1.34878941710328,1.35987117655676
"63633",1.27406892328413,1.26585410797893,1.26331977231426,1.26168739105641,1.26207767751629,1.2719154591768,1.28268554878455,1.30023543899812,1.32568326516737,1.34773161777669,1.37825760020227,1.41209041902162,1.4532471325684,1.49719060409196,1.54827701778526,1.60132446902027,1.66987299817051,1.74959964371799,1.80808400820875,1.87967321976588,1.95454492255782,2.02897957069233,2.08149939796251,2.16495278956167,2.28128662028948,2.37095142778602,2.42271512913359,2.50910570019393,2.5716074789867,2.61310154714169,2.63646377123264,2.65390154597428,2.70271962605687,2.73509182062056,2.76022307403922,2.75574838199282,2.76869595828996,2.79716511325591,2.8202703610839,2.81942759083724
"63651",5.87563646537681,5.84876748681658,5.8404813922044,5.82369706504882,5.80473906691817,5.81303121104658,5.82254063882162,5.84268781694582,5.87730250146085,5.87664999163679,5.891576706646,5.96332351624847,6.03156077034686,6.08253393741528,6.12447192450437,6.15419442284771,6.19678591063759,6.23490668353946,6.21438909561017,6.20519723410175,6.16511384493414,6.0553747402483,5.94235489980155,5.87630317560188,5.8329915425024,5.76117288305095,5.66569901733521,5.60917613488784,5.55262468287396,5.49593224791087,5.44419863514144,5.39164783209554,5.37050333589868,5.3424999201805,5.31984119592166,5.28786598137525,5.26110510028688,5.24536053206602,5.22802297597075,5.19409589579146
"63734",4.69257394594834,4.66829184822503,4.66033212872887,4.64447254522515,4.62692658878256,4.62817926507443,4.62379485149665,4.62866587634302,4.65112971802291,4.64788604604725,4.65764282515082,4.66940447542428,4.68162636446275,4.6928890473666,4.71697865872198,4.72604390143239,4.7485856493691,4.77462800221752,4.7757513335854,4.78614905189691,4.79215978292204,4.79992992992863,4.7998554469824,4.83434459929142,4.90123397994623,4.94376552904532,4.95444438311097,5.00244000437526,5.04659969256143,5.08813705750068,5.12393357213949,5.14955391311591,5.2156185572155,5.26362074179077,5.3203985857554,5.3594330223426,5.39584447513795,5.454952652805,5.50378499102817,5.52903733655326
"65431",7.3531681769698,7.32005163631918,7.3026812199743,7.28035623120105,7.2329092136508,7.22140456478875,7.17138816502286,7.12932104593329,7.10575992423221,7.07420774158475,7.03768250721442,7.00985340561366,6.97521665436058,6.93778321335486,6.90172751594287,6.84755746714484,6.80696400600924,6.77305605220921,6.72499799038898,6.6853423279701,6.63480188121959,6.57646450808772,6.50048058912241,6.45021754896251,6.41310521210816,6.36115793137033,6.277660244999,6.22846972080464,6.17456348935909,6.12196891697888,6.07277317527581,6.02375035565446,6.00118620997779,5.96663608139324,5.94189846701616,5.90295578606392,5.86872231164491,5.84585639349727,5.82140745845311,5.78333500024972
"65491",4.97745923214698,4.95073193650516,4.93875815254007,4.92338801502957,4.90235003410161,4.90861421148045,4.90734411407504,4.91566146858195,4.93385575841245,4.94771307466121,4.96328692469962,5.00901679806286,5.04016781099783,5.06770558894862,5.10216873286856,5.10773821043355,5.13780712138579,5.16481198779086,5.16664254806105,5.17821188078309,5.1964956803006,5.17586952158999,5.12919994423319,5.11747013297206,5.13232635298213,5.11659800868881,5.06966813892201,5.07062194161522,5.06571038545734,5.06468873925254,5.05592023214296,5.04190828581022,5.06860606739356,5.07781306829398,5.10165083666036,5.10401714015411,5.11412716504096,5.15759225375381,5.20717865435125,5.21985194724679
"65611",1.06112714536755,1.052619964634,1.04949329154469,1.04856789338624,1.05141273831965,1.06479061319166,1.08239220417265,1.11118134061874,1.15128779052408,1.19399428016435,1.25249625379773,1.30572015802983,1.35885535479251,1.40255715437523,1.44898767385139,1.49039516183506,1.53780005484993,1.58422588804876,1.6073070046783,1.63867743189797,1.66348727296784,1.69298919119652,1.70580123557853,1.74129339995299,1.78526549725881,1.80513139994324,1.80325697427324,1.82904061640761,1.84788647047243,1.86393971707034,1.87535362711208,1.88723353796627,1.92060586462294,1.94111514559386,1.9668920532618,1.97551099996326,1.99317656945351,2.01989451930059,2.03972192760747,2.04025747586281
"65631",2.29187532172441,2.28034683560302,2.27574381338125,2.26988262822084,2.26356063596206,2.27046646689053,2.27520239040548,2.28763063390609,2.30928383161942,2.32226237673895,2.34573387700357,2.37079022093786,2.40290041301976,2.43575375098546,2.47634375993419,2.51876450962518,2.57727450135794,2.64455025843764,2.68782007889238,2.75046073018539,2.81793399730459,3.0214260640108,3.13407699478036,3.19906453446822,3.25373295605873,3.27764493025639,3.27145334237471,3.31755031281618,3.45396035899297,3.70485757594975,4.03081154450504,4.35923438860667,4.68611061675014,4.83777542454374,4.8287152802396,4.6388058132197,4.42949148903516,4.28697103619522,4.16898554147712,4.03922805302951
"65691",3.88812987639036,3.86910269344467,3.86346997615164,3.84953604969078,3.8336526370234,3.83496508734751,3.82685922804687,3.8270253297419,3.83768240494255,3.83047730121123,3.83099601388226,3.83235169232219,3.834905516096,3.83698182217599,3.84033707383525,3.84966326848253,3.86520646772292,3.88433521991926,3.88290849698353,3.89241875430288,3.9045594389954,3.93515070619576,3.94380880980511,3.96976772123953,4.0054225748042,3.99812606587673,3.96302060463335,3.95978170857001,3.95421399788905,3.94701576280997,3.94011305847543,3.92717284774929,3.94968157556052,3.95973804824458,3.96476364013231,3.96058630015403,3.9614062009081,3.97993351188783,3.99779339744391,3.998999018972
"65711",0.835065731237883,0.82888741480823,0.827318966056185,0.827233257806256,0.829726304861294,0.839537709591805,0.84905862495373,0.863034467519445,0.881969264074986,0.896170964178942,0.915066890275961,0.938146887815044,0.96694122503597,0.99966904046576,1.03906903228149,1.0831521667509,1.13565443615072,1.19547435331816,1.24526099182793,1.30266812494263,1.36007606376526,1.414617777625,1.45194634176285,1.50783657008345,1.58482153574878,1.63985512103764,1.67633196458659,1.73867257158133,1.80133086120155,1.86153831291329,1.91592530018717,1.96611852856522,2.0466807281051,2.11406389548078,2.17478151816144,2.21549137762698,2.26244899254384,2.32591463724641,2.38340920068968,2.42373055228847
"65731",1.02801561834732,1.02079996087995,1.01910307043841,1.01820627697326,1.01975040916762,1.02930459880883,1.04203267471156,1.05634740790943,1.07419210752161,1.08263056821274,1.09340552708773,1.10986443166893,1.14166916448661,1.18892865920886,1.26005447669797,1.34043791448401,1.45084845490888,1.5857006894247,1.71868967891122,1.87307879911468,2.0228099512345,2.26567535142556,2.42851501742535,2.56097009570858,2.68367515746359,2.76534187337936,2.80680412446978,2.8971531917367,2.99112496475917,3.08759418512355,3.17737189662542,3.26596929470642,3.40106908593364,3.52064246518715,3.64696191002671,3.74651820166907,3.84710932660634,3.97061774126241,4.07972885279299,4.1586794803202
"67391",6.89073577435143,6.85112098033458,6.84371170240485,6.83002607872602,6.80028066002667,6.81313491175758,6.8145513659921,6.82192149419921,6.86001401294708,6.89935019301843,6.92294180064745,7.06071687080398,7.21213135898624,7.30740335570516,7.39130468750178,7.42809614334328,7.4581623479244,7.50359090334126,7.50442331782702,7.50541141182675,7.5292463476643,7.46237342851674,7.33901939257629,7.23899370871677,7.13519417910206,7.04670206969432,6.91167761996515,6.83116915375182,6.75097674648522,6.67116124790258,6.5872715040715,6.51531722277291,6.47345331413215,6.40999988844338,6.36305241869564,6.29800034026601,6.2381009190441,6.1999769500635,6.15598679797611,6.09975458408966
"67493",4.32229750752299,4.30214276642388,4.28891935757448,4.27649708763687,4.25726851423619,4.26137322834997,4.28022611027799,4.3025953245597,4.32834298880592,4.33976284046839,4.35226644684008,4.33975848831259,4.31806355263851,4.29858275976364,4.28624748877316,4.2584833661136,4.25041802233742,4.24318584581658,4.22086522939017,4.20539526356979,4.18512284265727,4.18840399523796,4.16118953110392,4.1367124362518,4.11916917689666,4.08844941741298,4.03567161678037,4.02073604223333,4.00229600048845,3.98384179416044,3.96532593603826,3.94566997446344,3.95031246917237,3.94605021464265,3.94932597251781,3.93788581012259,3.94101166304692,3.96295996453487,3.98804020018438,3.99132299535063
"67574",2.67223240800884,2.6548577256627,2.64385761327755,2.63641943259798,2.62998924803188,2.64357036300789,2.65666268074081,2.68053326886941,2.71364000504473,2.74183625756621,2.78012360730917,2.82262162955174,2.86095660538974,2.89499398956161,2.93365740367033,2.9691847176136,3.02733721974935,3.08110450655515,3.1173380803432,3.16666961016089,3.20747426616444,3.25397175190313,3.27943132703263,3.34071518051791,3.42065862984873,3.4663840547129,3.4591867489552,3.49011044348461,3.50752710728377,3.52301461228941,3.53689290932296,3.55018374126043,3.60344388667137,3.64499627761604,3.69481663198643,3.70517764652597,3.71368549145937,3.74320504703357,3.7694514641583,3.76403960225209
"67611",3.92260834984798,3.90316465928149,3.89374525109121,3.88036389711981,3.86280596257769,3.86426129595608,3.86190298170547,3.86785803278834,3.88408256819838,3.88815471074135,3.90343226239104,3.93164150872592,3.95721626250612,3.96862364619547,3.98408510006145,3.99413467850663,4.01193526906564,4.02473063775967,4.0103241388778,4.01370621500745,4.04408925672058,4.02452911013826,4.00181875573295,4.01367960540665,4.06852441733085,4.18600502952943,4.3091488448615,4.49041520280782,4.60130738186247,4.61737636595173,4.5523579396124,4.43304367599597,4.32809125042072,4.22196738371548,4.1445726489364,4.058938862878,3.98662844981964,3.94060788344567,3.89878890695257,3.8395269475114
"67631",8.36337352262069,8.33085606498987,8.31707089633743,8.29171558009557,8.25216723411095,8.2532880189976,8.23589334624531,8.234875140752,8.25507954416295,8.23975897264835,8.24735500013878,8.2442806888434,8.24332804651325,8.22467889662878,8.21866003261244,8.20699466220912,8.21447137670871,8.22503341971991,8.18300619163872,8.1741819350758,8.14703525583568,8.13077620562571,8.08211363684034,8.0814156109823,8.101304103991,8.07527493486822,7.99550920628903,7.97925392897177,7.94612653193686,7.90333566858223,7.86287814455647,7.81154021889932,7.81499029975249,7.78733188125113,7.78070378625423,7.7490538662904,7.72723385986789,7.73052655386998,7.72509442677498,7.68161187104613
"69553",1.95952041597413,1.94646952897482,1.93869007283583,1.93416376973866,1.9297608339653,1.94280627183152,1.95532808704318,1.97867323913716,2.00966858365553,2.03655183986299,2.07471493201837,2.12698122763544,2.18515469730609,2.25067776540162,2.33614136650807,2.42547840495702,2.55637889725718,2.69761290880454,2.83352167154082,2.9986138156112,3.13664321127486,3.47005139540912,3.63919191985017,3.71681660482597,3.84123049759403,3.94197925378717,3.98738943604844,4.13507538573121,4.26486310650232,4.44635095250686,4.57787823871004,4.64279446470571,4.80200797775742,4.94295374456422,5.09087276693645,5.34253988950558,5.83971777529283,6.49344137801542,7.04662139127953,7.47268030891003
"69651",5.57103839773313,5.548309520785,5.54431085192375,5.53905871082007,5.51935255757756,5.53163197241425,5.53277328617048,5.54791374933736,5.57997213423577,5.59009840158093,5.61295013255005,5.6950890398368,5.77125231936847,5.81727836643769,5.86274073697595,5.89610123160582,5.93885733084577,5.97486137057959,5.95293729447013,5.94775797679952,5.91216145217983,5.8242520567013,5.72250259322411,5.66360153073739,5.63266958357077,5.57455488668345,5.48419612852638,5.42678616600258,5.36057186663179,5.29353660356271,5.22921149273631,5.15877541698506,5.12465587754495,5.07926820527982,5.03932219687756,4.98419997262038,4.93519931638042,4.90348356342364,4.87246200613676,4.82430589871238
"69711",1.37455415269084,1.36648883691034,1.36522153047048,1.36237088416979,1.35983912641341,1.36656009659575,1.37010884066167,1.37881737089387,1.39147759824855,1.3959072149095,1.40603050754313,1.41926631198878,1.43833992359046,1.45708385895575,1.48086963468775,1.5085132344698,1.54670537380165,1.58878902453487,1.62282122089071,1.66406062087553,1.70264945975358,1.74743323943597,1.76966710398638,1.81171989044428,1.87362771895417,1.91492178125542,1.93693812784153,1.98066166388984,2.01841251535799,2.07018032498488,2.11691211077557,2.14340576052501,2.18434271912869,2.21708569434331,2.25434586556408,2.28013371393237,2.31307531579081,2.37708421046239,2.43986565954404,2.48090638731468
"71433",5.54796867833617,5.51745150789093,5.51094173850572,5.50411386048471,5.48096009650169,5.48270463810055,5.49773543736169,5.50652809532878,5.54176929364018,5.57024939311521,5.59113715147633,5.64622992766106,5.69331633450238,5.71337453945888,5.74468134563053,5.74082277146613,5.75605629642815,5.78628808201371,5.79108122662395,5.79696048754493,5.85393880241142,5.7704127842736,5.67187918133658,5.62231658094695,5.58883503454392,5.55589489443225,5.4854610266039,5.4622766509035,5.43338740255622,5.40061435407947,5.36222783490241,5.33368853785378,5.33276967402317,5.31363915103865,5.30570532044738,5.27288498890887,5.25268119747297,5.24761296087043,5.2409974194998,5.22092246438061
"71492",0.554595273021751,0.552029458925931,0.550426019524458,0.549165373933837,0.547408529747657,0.549163108002248,0.551348462390232,0.553702893161002,0.557360311625477,0.558575384264377,0.561378345176749,0.571389194378788,0.58951759982341,0.616042300636623,0.65766038106336,0.704165721415429,0.773560403201283,0.851671594573472,0.935850721542809,1.02342715747085,1.10556049729672,1.23139930479427,1.30394893573618,1.35493374540922,1.42385502500557,1.48285479886867,1.51354199984939,1.58579299861469,1.64814435468654,1.72324486699825,1.7857728757412,1.83511560989788,1.89945751871556,1.95450418626638,2.01659322694867,2.05363892451519,2.10208741234276,2.16428616249783,2.2353852282777,2.2791363515383
"71531",5.97842715923715,5.95316209088817,5.93488312775468,5.91653856409436,5.88559672652898,5.88959574573855,5.88565819526439,5.89111054221921,5.90965008806518,5.9072533831115,5.92029230778255,5.99416896161893,6.04746428568171,6.07776745486753,6.11819298191488,6.12005522844913,6.15549513355032,6.17986296872799,6.17368673972078,6.17447028647601,6.15920035324797,6.13562180855927,6.05003246046117,5.96528329737557,5.90913978536174,5.84696255250675,5.75725385421819,5.72986696650735,5.70260950550654,5.67250189073351,5.64140004616138,5.60798417139933,5.61527250664624,5.61020988590391,5.6157955614771,5.59806804050845,5.58295959166579,5.60184835682923,5.63121324890191,5.6286801075938
"71553",2.54432860256938,2.53208756238887,2.52381453147813,2.51596514569483,2.50374337455838,2.50789694764674,2.50932824708558,2.51822964156305,2.53351810823701,2.54128462752862,2.55781534177187,2.58288333622142,2.60083645174219,2.60947300564988,2.62184553164449,2.62678965311008,2.645287058087,2.6582315806241,2.66090909078072,2.67033982770625,2.6923261488141,2.69432318060254,2.66504380794381,2.66004077580718,2.66959258126274,2.67792218584985,2.67127925024483,2.69953190394139,2.72701108950001,2.75061468141532,2.78017099993716,2.79233519792654,2.8330819900179,2.86836692683685,2.91333181714749,2.93897257261275,2.96881186908055,3.03138484544679,3.10339827947976,3.14585303728856
"71591",4.98487942381387,4.95826865513073,4.94407694860232,4.93544484980386,4.9205930673545,4.93218955841245,5.03276131673076,5.13644147224984,5.24153700471232,5.30086716544314,5.35507041194924,5.24445952014214,5.14990295725434,5.05769244502651,4.98787456200989,4.92266694637343,4.87769462835754,4.82846075313928,4.76535335512423,4.71786483097898,4.66519907424445,4.62235251608701,4.56746638018257,4.53649680121524,4.51549014174049,4.47981508007009,4.41774182352284,4.3896097387092,4.35699823825047,4.31579611953578,4.27484470649496,4.2328007428183,4.21727064914998,4.19607370897958,4.18910345586408,4.17410707118196,4.16540421584346,4.17228095261002,4.18216683150667,4.17413077812173
"71613",5.11779935705552,5.09361648450302,5.08278394638528,5.07191658793759,5.05261465681031,5.05399825841715,5.07371990982922,5.0999292277114,5.13715012028532,5.15320484609586,5.17834336400436,5.16517832187374,5.15340373285645,5.13132624522946,5.11988835661841,5.10645892432492,5.11145173442283,5.10902702890197,5.07929175168589,5.06963815936355,5.06600333934856,5.0618220015763,5.02653675771177,5.01232679445178,5.01597647573907,4.9972269237014,4.9385102269338,4.92764105949186,4.90835111710868,4.88756607839906,4.86828316283961,4.83558600806423,4.8381356710034,4.82468147885685,4.82470731811465,4.80375293739966,4.796751164914,4.81975983580307,4.84648265035266,4.84649576927229
"71632",0.240514233355666,0.238582868929753,0.238153954025737,0.238803417153918,0.240185121732398,0.244342028733885,0.25012895227448,0.258828322300363,0.271243440746309,0.284429125081653,0.301410227013659,0.320393227541732,0.341517085197983,0.362532388094741,0.388097047942326,0.413762387293862,0.446881020307122,0.480956114890363,0.506343444030754,0.538838627270198,0.578788437601265,0.638966750306539,0.701589189175343,0.784228432751442,0.880048195125238,0.956545553691428,1.00224646509747,1.07220019089228,1.13639559100965,1.20057455291851,1.26729444391528,1.33968485897901,1.44036077822679,1.52730694379455,1.61864959489399,1.68586462148571,1.76401655763663,1.858232619086,1.94637884539547,2.00375103094576
"71651",1.74086583851201,1.7320410832187,1.73055117952387,1.72863907778044,1.72239318381883,1.72741643488571,1.73229661961638,1.74476213591614,1.76654554673237,1.78276064507695,1.80737221907069,1.83507736758449,1.8639099922643,1.88861225063291,1.91955689579965,1.95101913532442,1.99771796065184,2.04260459731815,2.07314810668061,2.11528212817021,2.15079908155706,2.19234317212559,2.21581862076438,2.25656237868132,2.31393132528907,2.34839590903463,2.35350731847197,2.38690358153212,2.41362943152676,2.43786800757867,2.45753157817177,2.47184706989657,2.50935737070315,2.52960140411762,2.54856736621117,2.54856272785502,2.5535003325698,2.57390981840148,2.59143535231349,2.58830537179646
"71671",5.16199467027195,5.1382538029861,5.13544988839934,5.12484468647088,5.09368733260974,5.09564626357087,5.0859144035453,5.09200212961692,5.11224504130417,5.10521388488537,5.10875003107535,5.12943388553484,5.1484297787908,5.14899838410495,5.15511246389417,5.15889862628984,5.18233568680382,5.19518808124354,5.1844090852057,5.18654893811661,5.16130818521448,5.15983512693564,5.13370606666528,5.13271218686852,5.15070313850748,5.13683991589693,5.08865370426488,5.07352565620368,5.04817289283799,5.01546029541936,4.97540402843855,4.93018316788325,4.91914445060604,4.89640994968838,4.88124790052111,4.85480891551368,4.83188903425101,4.82863035378679,4.8252770221894,4.7994108374259
"71694",16.1796769397293,16.1088385388804,16.1022743410695,16.0577675773792,15.9786797546069,15.9927579475586,15.9681443659357,15.9874643295913,16.0443421670768,16.0200087274199,16.0292684783598,16.0679085978812,16.1078357576814,16.0976018702863,16.1028017070249,16.0983864408305,16.1545680100072,16.1862543769068,16.1518697432831,16.1493807612788,16.1113000184845,16.086756810655,15.9960924712594,15.9833412985039,16.0257337496354,15.962304881749,15.7944770339411,15.7284300712998,15.6509636409834,15.5751759897704,15.5009560069982,15.4013551436283,15.4096172541185,15.3913214028689,15.3924305229199,15.3458030897579,15.2896262025461,15.2683961548072,15.22885424279,15.1264912184779
"73453",5.98266206291339,5.96001497372132,5.94897459213485,5.93733894221836,5.90894613076746,5.90892181120071,5.91079115262033,5.9136561174173,5.95777734387045,6.00205678936752,6.04130156864984,6.12723949602289,6.20767313903858,6.27192897374698,6.34158571066732,6.38644710191722,6.47999427325953,6.58893385815541,6.68287675072924,6.75616431922077,6.81347367128073,6.88745007517151,6.91465468972491,7.00021089051934,7.099912270921,7.1862196880984,7.17850196471664,7.27781103383216,7.35892746090801,7.43201214981747,7.4879700253493,7.58014393615358,7.74795569717035,7.85624839332149,7.9820127228042,8.0500120995285,8.12953284106722,8.25720816083985,8.38369676875521,8.48406647419248
"73471",1.65612146663565,1.64739056563017,1.64314216577415,1.6417257824572,1.63765508253238,1.64457982581981,1.65252715251242,1.66205792735634,1.68362609693205,1.70260004819737,1.72383842365447,1.75752814536198,1.78979653229555,1.81844913745545,1.85321622700373,1.87796796120847,1.92314149287842,1.97215138630749,2.01779629845418,2.05595112597397,2.09290813266676,2.15114676547496,2.17891406828351,2.21400642589524,2.24717695839086,2.27205291656814,2.26456461894069,2.29643187483721,2.32099135581877,2.3418001128476,2.35837668022221,2.38488131453466,2.43531183286602,2.47045922203749,2.50935102797133,2.5244766885077,2.55153731023037,2.59334460738116,2.63672675916827,2.66223830434544
"73511",6.87136128288804,6.84337453201715,6.8274612905886,6.81171893367287,6.78386430487272,6.79670842737681,6.80406599034155,6.81287629651518,6.84490048583079,6.85194757310855,6.873421949822,6.94324782586598,6.99535370870812,7.02515336741761,7.07475855731271,7.07396724273793,7.1198555574629,7.15687770208052,7.16414007827849,7.17611313423687,7.11644892993147,7.07885373700482,7.01582026592388,7.00361019382747,7.01697782778406,7.00315029356459,6.91859933663818,6.88928011374725,6.83868677839707,6.78643577326012,6.73742673517977,6.69428057378934,6.69912683917951,6.68411731245163,6.6781826593705,6.642648209164,6.61256549615586,6.60537623661874,6.60318624825656,6.5690028871614
"73532",2.93569160232015,2.92161705516657,2.91608293497039,2.91402908168607,2.91026001645129,2.92753981874911,2.95072210900665,2.98418019055637,3.04090190215191,3.0935095103676,3.1663501626464,3.31584795893809,3.44304614415114,3.5434006603134,3.65173961281364,3.70713612051294,3.79197957681892,3.86234023338678,3.89115469170901,3.93011703796171,3.9410667430472,3.89023002093005,3.81525987101993,3.77934478637998,3.76273874617556,3.73464608001305,3.66931650705322,3.65443708384505,3.6364243183444,3.61574581651466,3.59414809955062,3.57546667856383,3.59075918961011,3.59509275042416,3.60460493072921,3.59081632782532,3.58151538258824,3.59439606735258,3.61173447159863,3.60397839927946
"73612",4.89910896859757,4.87649724073966,4.86584699051239,4.85450126385451,4.83696973936496,4.83747166844869,4.82986454114987,4.8321930456226,4.84557485309079,4.84418045226078,4.85088518466944,4.87003280508487,4.88502472087227,4.88851973275088,4.89920067079164,4.90705248730417,4.92838780469208,4.93850795984473,4.92113591286269,4.91887650305367,4.92877041566948,4.92537965499556,4.89387246323882,4.88732832530498,4.89379786752326,4.88056268669424,4.83457208737691,4.84844251593949,4.85860681047721,4.85113110362564,4.8209804857524,4.75422481116916,4.69257793006004,4.61946687141239,4.56373347846536,4.49614914349847,4.43444981171389,4.40074044288407,4.37562216411678,4.33393553234751
"73631",0.438665502148041,0.436707402703819,0.436000208658222,0.434938409596787,0.433038310115752,0.432855756213734,0.435693190263253,0.443995645464768,0.460051156843066,0.481353206810969,0.512575225013295,0.549086801999709,0.590107160610213,0.632247687719362,0.682267362116539,0.734198114026211,0.802314296380454,0.870539683529617,0.92427180630802,0.991366030928534,1.05565652953324,1.13524509029641,1.20298149393603,1.29318508375816,1.39921321839838,1.47921092936398,1.5285566331871,1.60925411268403,1.6649921227605,1.70514677206572,1.74462127002276,1.78790979933662,1.86439693380315,1.92923666705518,1.99959301911092,2.04665200043705,2.10413778402198,2.17798626859346,2.24662274052082,2.28591247309952
"73651",5.68487385194344,5.65375144296706,5.64434949840632,5.63088086652643,5.60266674190622,5.60711011128783,5.62919585253019,5.66582605901991,5.71539607607307,5.73179380972895,5.75706715004335,5.75972338804735,5.75494708023578,5.73683638485743,5.72653977045712,5.71580002429802,5.73419475958355,5.74264776180395,5.71707424055156,5.71143986211887,5.67997509565426,5.66090559949503,5.62246287748525,5.61464547026842,5.64580893923946,5.65809573965769,5.62441128160415,5.61738045488031,5.5832560736618,5.54769369718481,5.51137102759103,5.47160314623932,5.46908742558353,5.4516879351568,5.43997349514331,5.41278499051359,5.3910752957421,5.38949363550459,5.38865075395853,5.36096620748655
"75453",4.11229178791397,4.09587557574964,4.0886164450813,4.08160836885928,4.06298171470196,4.06471058744452,4.06231479327612,4.05608406646452,4.07074752127882,4.08205266429646,4.08702927838632,4.16974486916692,4.24202972581605,4.2876556389292,4.32904147152635,4.34322698176758,4.37951987134576,4.4175466250392,4.42829695751679,4.4285680746825,4.40322514977354,4.34405920897262,4.26406554885242,4.21224559505653,4.16983517737334,4.12687449696117,4.05489660775969,4.01861123800112,3.9774964523537,3.93809368471305,3.89590820430785,3.85609145212738,3.83568847028294,3.8019391017503,3.776672528537,3.74098577406684,3.7090460827803,3.68859054297189,3.66841466397054,3.63954572551015
"75491",4.5572309476927,4.54005889840542,4.53208138414425,4.5241904684983,4.50342649314128,4.50767920633924,4.50703616965856,4.50296334439951,4.51976785508963,4.52186389551534,4.52499307155273,4.54793701389607,4.56188685701279,4.56404741592165,4.57671509044329,4.56489803853255,4.58167159949196,4.60056428320257,4.5960316153586,4.6024639213604,4.60170716697563,4.59971475558511,4.57665093154247,4.62462324344924,4.75473171361689,4.91571692755624,4.99586561493272,5.07975127869457,5.04250952796361,4.91006700398704,4.79151898105059,4.70226230375919,4.65947441689685,4.60652592727357,4.58050783740022,4.52994555596643,4.46510383966995,4.41867219837599,4.38012097938052,4.32506626760558
"75571",6.2512018681723,6.22512580978487,6.2111963645302,6.20150083042032,6.18568638347605,6.19949836298351,6.22564823374498,6.2592611733563,6.30700892031153,6.32743449865169,6.3469703035335,6.35495920800682,6.35557588177545,6.34228750007726,6.34713734547418,6.34490078701031,6.35690982592405,6.35755415848798,6.32474867418803,6.30961055741176,6.2629027354709,6.23769493700871,6.17799683112318,6.15012594073685,6.13108246287308,6.09054919524242,6.00273112185456,5.97384614919812,5.9444375434819,5.9083915097941,5.86500902382621,5.81093001641769,5.79568573395567,5.76754647778763,5.75161909943841,5.71122654581444,5.69601709552785,5.71336690490488,5.74052335817983,5.73488492767222
"75591",3.85117179451894,3.83142517939081,3.82447805245018,3.82281341649556,3.82246581769643,3.84085998695672,3.85067339525412,3.87220939202574,3.90523838946415,3.92680812241739,3.95504349053052,3.98810409310182,4.02005430623655,4.04489369606108,4.08175439298862,4.1202885263282,4.16701858865575,4.20568874158608,4.21782342711087,4.2463925881164,4.25491460900214,4.27940210448861,4.27714560478359,4.30735666183133,4.35366727180936,4.37274155606107,4.34366893174391,4.37303086748096,4.3945205424818,4.4087973985151,4.42323270723711,4.43437281867824,4.48469756523154,4.51685299868782,4.56329366279402,4.57408418069298,4.59494597024494,4.63421592130713,4.6795853329997,4.68880215392633
"75691",2.71120103457006,2.69881171005881,2.69494619148262,2.68853459256023,2.67850479782779,2.68462749908035,2.6857176139604,2.69814873181372,2.71911576096056,2.72956826776192,2.74761064859932,2.77419974851792,2.8008087857338,2.81424041791473,2.83144390531701,2.84271155951599,2.87196424639394,2.89311947579783,2.89932316309009,2.91194588365418,2.91248286464203,2.91641403627222,2.90355367146073,2.90334110184596,2.91703269646412,2.91474329310021,2.89225499826994,2.89713506467898,2.90694695888092,2.91911413167848,2.92593610718302,2.91635525340325,2.91396080431961,2.89655301369948,2.88856934131193,2.87749101890553,2.87447988860581,2.88839567061283,2.90807894054401,2.90900158453162
"75711",5.03778736714015,5.01781724827057,5.0118977544217,4.9961922431719,4.97170363710122,4.97524156057729,4.965360023315,4.96971353140543,4.98569655919777,4.97600497808961,4.97477111045545,4.99807942996521,5.02154275957502,5.023566246737,5.0326581538497,5.03314121002484,5.060184610074,5.07315355484307,5.06543831080641,5.06652300472235,5.02504811217438,4.99514035538984,4.95326889165634,4.93799764958713,4.95091639314246,4.94866510664191,4.91207823884419,4.89476800310868,4.85974346258581,4.82684246319456,4.79545888469692,4.7568766672632,4.75500320691599,4.74772095380787,4.74506477836678,4.71666568156404,4.68505158580311,4.67081499603447,4.65959251672148,4.62736119396988
"77473",3.09881318212176,3.08584714288325,3.07964412323027,3.07412758165757,3.05595973163205,3.05391410420327,3.0408614045426,3.02834698431264,3.02964747340571,3.02853514048155,3.02684641064534,3.04270276905894,3.05554352989099,3.06033255262735,3.07257999915584,3.07795531848607,3.10605993751414,3.1421063100206,3.16420085084214,3.1996328215864,3.2173618563148,3.25112189674411,3.25918516173485,3.2907091511759,3.32809136803558,3.35979026698191,3.35063013459476,3.38246466273459,3.40986244452499,3.42789946990339,3.43435544765864,3.44569939538064,3.48876872147265,3.51119935235515,3.54028076239451,3.56099717913604,3.60446247615551,3.67139898954758,3.73565477100278,3.7725720083742
"77591",1.30706534495048,1.30211912809013,1.2998213112592,1.29545300195571,1.28871344876623,1.28665623565349,1.28138871636447,1.28093586842687,1.28699710889436,1.29326232133479,1.3036904355585,1.32021413080732,1.34042366057062,1.36110076066259,1.39028687699605,1.42283852394437,1.46832291441821,1.51704459374642,1.55641037534513,1.61096428974488,1.66300737409455,1.74505264312917,1.78386819877536,1.84360490846236,1.92470136237438,1.99930001169391,2.04281402564364,2.13567526678641,2.21534900367514,2.31043109045946,2.39404442863295,2.44317596192337,2.52436157161378,2.59573239513061,2.68747146035271,2.74981157169393,2.8214531751391,2.94648730889967,3.09095226828925,3.18731043719626
"77611",5.8713947532713,5.84639868876894,5.83668652162362,5.82106104304606,5.7986862594856,5.8005234632686,5.79190567875281,5.79498555070992,5.81360950614561,5.81599264060911,5.82464575468533,5.90231626432167,5.97221995155629,6.01066034648723,6.05387836730171,6.07997564897927,6.13139249093837,6.16109546422103,6.13837411803027,6.1406220722304,6.11084270921736,6.01999442777452,5.91426932687176,5.85932530591366,5.84547501482063,5.82134837548436,5.75034397508776,5.72412639404881,5.66988551747235,5.58831067499468,5.49934120462771,5.40992660778112,5.35745479673216,5.2918002077221,5.2410256407115,5.17686455908518,5.11857805953025,5.0745898977014,5.03977036205885,4.98509056326523
"77631",6.09933317701595,6.06902736256425,6.05912046929838,6.04523203234903,6.0283972895607,6.04189833265176,6.0598343201155,6.08670193840974,6.12886159360272,6.14726593896286,6.16948332815904,6.2327207691655,6.28842421478157,6.3161214358409,6.34445715358567,6.35846373841323,6.41570236497812,6.44615418467192,6.42573661198025,6.44116084489889,6.36039421342784,6.30810689864028,6.23705772635901,6.20764207045539,6.19909093107477,6.17964817578062,6.11643880414022,6.10024501694467,6.0502278251774,5.99086289415097,5.94644892909476,5.90074419962238,5.9017052560289,5.88224440526066,5.87935695668599,5.85767047417338,5.83772308716993,5.83600643865092,5.8398545444375,5.81182384239552
"77654",6.97108204254334,6.94091085921281,6.93083033205091,6.90855697371262,6.88047847484865,6.88531017420352,6.87386934244063,6.8776905479383,6.89542758328509,6.89329107193172,6.89640977528444,6.98877845865169,7.07417158788591,7.12226761355959,7.16468445221867,7.18388563859781,7.2585131024069,7.29685466334019,7.28394119445951,7.29611202876601,7.2776914097036,7.15046500374803,7.01383762131599,6.92674009084689,6.87066660394172,6.789234096164,6.66048051787005,6.58575733390883,6.50870537560262,6.42765563815526,6.35557485627015,6.27837608844568,6.23725259016064,6.178346497005,6.13122826161131,6.07262397572816,6.01756604272517,5.98068748248959,5.95163564631762,5.90039402909254
"77693",0.919899915895619,0.915281101076607,0.914030499817234,0.913244353698365,0.912594422231137,0.919293202864335,0.925381768561731,0.938507426779198,0.957948931786767,0.977269969833574,1.0029835739785,1.03413507353843,1.07595333437946,1.11638928089555,1.16989798621244,1.22606937558039,1.30787653726775,1.38727993938767,1.46317895037891,1.55212967894562,1.64255698943063,1.77861843399775,1.87629950052778,1.97574291193682,2.09174591824912,2.19942247276506,2.31290398885893,2.51305422940666,2.72753405629932,2.91617842081838,3.02302011282718,3.023168988867,2.9622643767163,2.81274691376439,2.70059114716703,2.59755268760545,2.51626468127547,2.46261631406607,2.4302700207196,2.38205357246103
"79491",1.83123666907459,1.82019045591598,1.81637362844021,1.8177775753275,1.81543582940501,1.82847896058545,1.83996871188453,1.85533009397028,1.88391672977205,1.91230790371294,1.94230753704471,1.99170970543541,2.03866248651663,2.07858330307831,2.13268072094618,2.17869985355871,2.26066343295624,2.35217364254292,2.41549044929546,2.50649443927334,2.57020852619401,2.66603911643931,2.71487203498578,2.7879256171726,2.8735894503868,2.95239395972202,2.97345055185798,3.05286880755101,3.12349912120562,3.1817460683333,3.23086865718606,3.28799811358732,3.39080721082719,3.46592234931948,3.53842320944968,3.5733529184162,3.62410333114532,3.69849210470325,3.77561052066444,3.81004554281859
"79533",7.18031059762691,7.15917057844024,7.14690784137625,7.125902793462,7.07544108487738,7.05108231967698,6.97493081169327,6.9042266687567,6.85752839590715,6.80358225965082,6.74898280443129,6.71130836612297,6.66619515387515,6.61029616185467,6.56735649087398,6.51521601715652,6.48609397954869,6.4619935238987,6.41492984779153,6.38836062312029,6.35273303330553,6.38516056139381,6.38580406862686,6.39941462956453,6.39393415775368,6.36011535844942,6.27219373059077,6.21399680816064,6.14413287997057,6.07135387546265,6.0015124719204,5.93607665356011,5.891720654472,5.83825807948943,5.79005972125677,5.73172953950154,5.67775644453531,5.63233816345379,5.59269573361809,5.53794366259837
"79551",1.82243712559451,1.81557873943448,1.81307918114516,1.80971918018551,1.80196253247146,1.80411949400141,1.80858015277505,1.81775666534945,1.84011332914186,1.86438506239607,1.8912868106277,1.92973994047157,1.96573960063766,1.99440952396156,2.03453580828008,2.06995196840063,2.12360770470616,2.18105814769328,2.21644003803955,2.26826839847542,2.31691016029251,2.36329536821953,2.38847827258135,2.44615786579295,2.50739399322099,2.56096135654402,2.56978070394772,2.62639039443996,2.67095926937383,2.70795804932563,2.74067654028958,2.78287481361564,2.84973366390004,2.89529126974341,2.94294685099466,2.96416928499545,2.99770607262482,3.04055887218396,3.09326904463665,3.11078985161889
"79571",3.46660717019461,3.45425564871896,3.4483304160587,3.43646244633759,3.41735712305355,3.41380814990225,3.40100875943228,3.39116053824762,3.39375277205156,3.39059866108604,3.38646317907591,3.3931519855232,3.39742396393153,3.39409645749391,3.40059625221112,3.40367823266684,3.42213934887425,3.44255522826826,3.44370358892161,3.45960414444862,3.46469050311195,3.56818753861966,3.61039423536683,3.62967221095696,3.62358026771486,3.61460315875788,3.57593335223049,3.58146918780609,3.60892523956016,3.67806932012671,3.76853514533418,3.84895514041988,3.91819807886773,3.91090134939031,3.86574119194362,3.77119576794089,3.6815772028816,3.61316101061431,3.56067345657289,3.49358129723049
"79591",0.903785003127271,0.898638307697076,0.897279048910545,0.896578361985567,0.896722201053451,0.903402445763994,0.910635056997959,0.921370528497172,0.938324415439739,0.955199197346954,0.974636779240258,1.00463511291278,1.04269766280805,1.08434187856711,1.13914272231338,1.19907319862594,1.28180164206113,1.37162467260442,1.44692404855863,1.54468101010788,1.63446947278617,1.75366338471922,1.83340720888942,1.92423261373508,2.02439543736825,2.10076035420061,2.1260053932507,2.21281420194453,2.29228049050768,2.36603917483424,2.4371048854113,2.50998011265825,2.61956497722648,2.6994371839699,2.79632295432644,2.85451005807096,2.92059403835227,2.99591195897542,3.07678679198668,3.11363214202199
"79631",3.81513500566355,3.79601808679694,3.78925103462062,3.77744616164425,3.76196795573633,3.76395201380521,3.75961725952091,3.76226626996307,3.77438250760147,3.77497626558871,3.77959220215442,3.82660252414623,3.87110731375596,3.89633913286611,3.92114875737285,3.93332890588365,3.97109174687854,3.99231949109234,3.98071058879342,3.98997690785851,3.93214222760608,3.89047745860319,3.83976915560976,3.81100993431211,3.79955477920301,3.78604619413997,3.74528730983794,3.73059168851895,3.69909486467917,3.6524831329309,3.61203714187387,3.56974449312455,3.55329756131163,3.53036646532077,3.51875898195327,3.49573322537735,3.46842808642228,3.44479797969821,3.42219909212207,3.38534586495132
"79651",0.544958270937172,0.539656699813097,0.538025788802572,0.53938912269471,0.54546872887283,0.562422619908434,0.584635343495887,0.617015546078337,0.661377152644856,0.71033678899789,0.76975424869247,0.852768176415514,0.92672169978744,0.9781823661061,1.0243773825137,1.05470326704352,1.10140198435728,1.12940748649936,1.13774903907341,1.15087667680994,1.1256093363746,1.11887672355738,1.11410601116444,1.12623405131636,1.15004173145375,1.16354405063949,1.15804700424328,1.17296693991165,1.18262336478496,1.18986521785133,1.19841931030361,1.20738315377778,1.23282460454081,1.24857451823777,1.26944078230338,1.28510966333146,1.30423155653577,1.32920327969588,1.35167671714309,1.35904685905972
"79671",2.03892724753409,2.02815637728929,2.02498672779666,2.02132818250031,2.01757675279405,2.02797224986461,2.03354433475983,2.04411677892906,2.05779620596271,2.0651697121414,2.07365124927111,2.07748362715198,2.08594033958591,2.08681225637083,2.09390611898692,2.09805933608836,2.11814396100611,2.13265340115951,2.14061311792195,2.15632030797847,2.1660587439737,2.18792729982472,2.19462466502579,2.20383774167148,2.21954567425995,2.22417539356633,2.2108098185636,2.21872154656399,2.22711216423131,2.23503688737628,2.24028494768219,2.23549310663963,2.24627085324375,2.24850995862771,2.2584252377604,2.26066980039536,2.26483116776609,2.27846891732985,2.29540185158702,2.29522070753896
"80691",5.34155656073063,5.31542851407247,5.30529779799528,5.29065413535186,5.2680780207285,5.28047339583678,5.27855422548821,5.28563227109686,5.30478774021478,5.30784591182142,5.3166004365507,5.31903863591931,5.32366548452943,5.31175462711394,5.31102269252714,5.29957203852219,5.31907569649406,5.32456245025191,5.30738141290838,5.31642233125067,5.30518048253062,5.29882282344297,5.27839122747504,5.28363653679705,5.301189764925,5.29209059829578,5.25576726712764,5.25085408186704,5.23817678815111,5.22716054178548,5.21295369633603,5.19144520849403,5.20031625031461,5.18994727156582,5.19048255083592,5.17478819579547,5.16290105817316,5.16354170263268,5.16413411164229,5.13333513934369
"81531",6.89074180469245,6.86528761210192,6.85325272195934,6.83301301209548,6.79327975500601,6.78187482460348,6.75196846720894,6.72206541183672,6.7201348231326,6.70819960575122,6.69323876492278,6.71862309736875,6.72630876102477,6.7052841245644,6.69454260891435,6.66181668235038,6.6634989882802,6.66605365796483,6.62057573549986,6.6007653114776,6.5830225643009,6.53522119506162,6.4601733214289,6.42558731284088,6.4041119183766,6.38681336896164,6.33407718823758,6.33733797521768,6.34196697126013,6.34428057911327,6.35089144615282,6.36131125259469,6.41463630902403,6.44744500830809,6.48914554458237,6.5094882468705,6.54452860552687,6.60144919355101,6.6734261019876,6.6973318282139
"81573",3.96305672845605,3.94560549879517,3.93989907505708,3.92906454866073,3.91299013639065,3.91717695112808,3.91725089710782,3.91730303840914,3.9332754058796,3.93958274553134,3.94333094688729,3.95890652207376,3.96937293714881,3.96476685398611,3.96943215956988,3.96396072260296,3.98068242292117,3.99752185934351,3.98501748049895,3.99226820002866,4.01173759759887,4.01813438130068,4.00426754140188,4.01892774301183,4.05602522043507,4.08121291645015,4.04058175462978,4.0437159670663,4.04467051051124,4.04590209014629,4.04825051140004,4.063242816948,4.17930611031324,4.32955188733962,4.51781654457828,4.65646847921316,4.76139602808449,4.82854410416129,4.86282869713748,4.85648731921572
"81591",0.242959673041499,0.24104359820188,0.240591520703104,0.240654802042222,0.241636807034361,0.245171379874585,0.250884741783569,0.259486327043163,0.272865489796529,0.288277774583622,0.306988772630298,0.33419702949496,0.36813597009733,0.405044765213731,0.450413309924149,0.49756103140015,0.561908158184248,0.628644491566445,0.68430532077026,0.75631083296218,0.820216608004802,0.914275844580749,0.970731550606833,1.02216366793002,1.08738290783169,1.14463410091173,1.17106538719817,1.24567526975419,1.32043140142436,1.39441159483855,1.46282433967408,1.53218914573209,1.63212086834761,1.70481435757422,1.78810306026502,1.84764709223479,1.92143236783812,2.01249039127838,2.11511838566835,2.1774706549317
"81671",3.06545750046563,3.04925887409195,3.04384099372315,3.03565938827048,3.02657001689492,3.037387178217,3.08651288501356,3.13491236611272,3.18390537511507,3.2101680627342,3.23272978970161,3.17663815206358,3.13751970825378,3.09779971012839,3.07476713608477,3.05252392829209,3.05600837891734,3.05794011963106,3.05398465480504,3.06921384905521,3.07542574772308,3.12722860972497,3.14733351443416,3.1572233304436,3.14937280564955,3.13328841129899,3.10307278840574,3.10726962987452,3.11542470334796,3.1252390074185,3.13933298853943,3.18746711178845,3.28910945078286,3.37245775017908,3.44003078509456,3.44791072315355,3.42203216940674,3.38266702415135,3.33403627199803,3.26993962686358
"83491",4.5298913682868,4.51221843513323,4.50361135801105,4.4912258373443,4.46965711219114,4.45818934323887,4.42499407595892,4.39473161027224,4.38114893882446,4.3639369654153,4.34741496368627,4.34621293546807,4.33666454168797,4.31722425572714,4.30467409584504,4.28465111651335,4.29260117454608,4.3089126297808,4.29691031599006,4.30804048695818,4.30910074623987,4.34912162222848,4.3644898598241,4.40999951867899,4.46499925662519,4.50843708493861,4.4883222751564,4.48765932692566,4.4692917045724,4.44410759595391,4.42221976493166,4.40276383300125,4.41788899859098,4.41993869965216,4.42399936570785,4.40495534383021,4.39414046760014,4.40041512342699,4.41278800734827,4.39721279387606
"83571",2.96465421430064,2.95057442926035,2.94624637687386,2.93836101337735,2.92850364343686,2.93361378451727,2.9385795554392,2.94524430053711,2.96728324998743,2.98449483504774,3.00293294526924,3.03623686748781,3.06514706152402,3.07685180635905,3.09528581903691,3.10222284570513,3.13078122913626,3.15633944231705,3.15296923022599,3.16634554928046,3.16475994391435,3.18362550812225,3.17704312024297,3.18598652180885,3.19812683014111,3.20353364736145,3.17261947992527,3.17813085061672,3.17794662598936,3.17325547941147,3.16620150895855,3.158961138722,3.18043132863742,3.18439993318995,3.1953843004144,3.20126874797444,3.22435017963616,3.26269788155322,3.30565089292217,3.32041214290488
"83591",3.94118180439735,3.92137569308941,3.91619979542156,3.90360658329604,3.89233339561647,3.89981213480611,3.90695606271674,3.9149021118169,3.93745795814743,3.95038140863426,3.96547661073184,3.98737636634957,4.0088702593236,4.01733066669039,4.03056915860012,4.03584240521666,4.06621123996107,4.09186321823553,4.08994238346235,4.10970096179699,4.1141383563278,4.13820468834353,4.14497587358565,4.17512018459362,4.24079052500567,4.31832080358955,4.34844739951817,4.43919915671317,4.49742895289243,4.5064308942878,4.46359850846854,4.37965863224467,4.32298138047644,4.2525848214145,4.20754226740717,4.15233083369881,4.10497575962629,4.08202515692346,4.06956142192092,4.0342014697595
"83672",5.14384180138285,5.12039389986095,5.11241507246619,5.09474790662757,5.07558251570433,5.08769722264225,5.0858001567606,5.0836017231593,5.09786530245622,5.10053485674955,5.10946991342417,5.14546842773979,5.17535629710209,5.18434366838607,5.20294094076459,5.20152497045515,5.23566943666658,5.25208873573616,5.23733474122344,5.2513790598644,5.20141155579077,5.17515979086856,5.13872886782076,5.13083301267818,5.13504809026225,5.12452693742186,5.08634867288527,5.093524445576,5.09580220235615,5.09131625733186,5.08270597653976,5.05870905733018,5.07317820068538,5.05612869822665,5.04230834732001,4.99878364836994,4.95669086317004,4.93234166229659,4.91320276011791,4.86606247534024
"86531",1.55620165331573,1.54845191611812,1.54613671350406,1.54389877596613,1.5427085620007,1.54984285911703,1.55948111497539,1.57166099748025,1.59664212131868,1.62300699321717,1.65171265952602,1.69018048973532,1.72665713412,1.74765203597408,1.77870146999371,1.80028759276266,1.83890634830038,1.8840129471137,1.90203913423814,1.9368417241242,1.9577875463322,2.00030111149682,2.01980797836684,2.05943278947543,2.10736067085584,2.15275761683568,2.16372626119271,2.20292762393064,2.2414937754002,2.26629726392871,2.28994309222155,2.31149957360609,2.36822891338012,2.40674972128412,2.4424691418589,2.46124286913272,2.48800184955255,2.52861632644199,2.57164425384385,2.58011047722056
"89391",1.87321849958134,1.86283269943639,1.85649479196239,1.85177583181899,1.84587186356801,1.84343711441636,1.8422914860295,1.842453920508,1.84920064590196,1.86084098823392,1.86977546373535,1.88448848627758,1.90082596103154,1.90226775129184,1.90990815861119,1.91055698005666,1.92103508999081,1.93757456008193,1.9402492434564,1.9466614780602,1.97480099506517,1.98137756388852,1.97710632483504,1.99089746719003,2.00624629871397,2.02509697561417,2.01574687479001,2.03311597513417,2.05366631608884,2.05323101341926,2.04869984116646,2.03702033249556,2.05424553190103,2.06467143906525,2.07299288364341,2.06870416556469,2.0735201018016,2.09094589609535,2.10743313645798,2.10307832953154
"89433",3.62130239396809,3.60461305212316,3.59521808975876,3.5889393412458,3.57703822630168,3.57415818116462,3.56963630209785,3.56610820270457,3.57721328711126,3.58779769886982,3.59210823671105,3.67584766344565,3.76170326259715,3.80289514795738,3.85736335846311,3.87897917768148,3.9273607784944,3.99711665443107,4.01056529758048,4.0372831771978,4.05089120723168,3.98013098675922,3.88917840277635,3.83895449958225,3.79776190435779,3.7658675933829,3.69428956158535,3.65805488615793,3.63287633627342,3.59457891314159,3.5581217316964,3.51588965049534,3.51080269464488,3.49633480821475,3.48604426741509,3.465330044102,3.4538176227046,3.45850319677994,3.46242716484335,3.43849486510655
"89471",1.1712701536618,1.16627162601161,1.16409092421494,1.16238188427811,1.15908229538939,1.15965530587624,1.16057778369116,1.16285939720706,1.17191560927744,1.18082448344795,1.19098381500152,1.20461569671247,1.22164395384081,1.22910691864187,1.24232504878035,1.25115751980661,1.27005551661456,1.296999228051,1.30938368774728,1.32963610882005,1.34383404111858,1.39285824029497,1.41743917837612,1.44314552771428,1.46160172446207,1.48148750178061,1.47617049691595,1.49169896023715,1.51289359555246,1.5244440638413,1.5365890144974,1.54717652565354,1.58852724512379,1.62094059097248,1.65776839592596,1.68318928368236,1.71483580322213,1.7678548293153,1.82613552091826,1.85418090866257
"89551",1.4109211179193,1.40653654060864,1.404996922429,1.39971256416908,1.39439648874517,1.39526307593591,1.3948249308608,1.39392175254904,1.40174214376647,1.40701558211448,1.41230256402367,1.42323711205515,1.4347034555957,1.44004002524981,1.45025417559078,1.45452789371576,1.47181264333475,1.48885974815637,1.49023889781838,1.50485715524043,1.51077697688958,1.52767625067699,1.5323981811306,1.54986476558135,1.56938495649536,1.58671437987364,1.58382636300616,1.59822295752664,1.61283171437991,1.62102910418325,1.62813976981302,1.63471925674331,1.66223088961359,1.67790227984347,1.69664264640231,1.70662816014403,1.72096260044237,1.74337868230379,1.76733407685293,1.77236355260986
"92531",2.3831325131387,2.37563473405844,2.37309042834058,2.36701426247207,2.35813066353909,2.35977503450513,2.35759547880434,2.35397276963624,2.363889872345,2.36999406808735,2.3736545078408,2.38433947043289,2.3991668392187,2.40190533713329,2.41204603153604,2.41117469973674,2.42753735013072,2.44657210573886,2.44346286104927,2.45598015569698,2.4597750170879,2.50661534631159,2.5305587205036,2.57083328760625,2.6123653721495,2.64372894962592,2.6326182287238,2.63965362222723,2.64254365890757,2.62800552143745,2.61165356931974,2.59854724562967,2.62048243911341,2.62617283306344,2.6368020723252,2.63034179850464,2.6218005034262,2.62238090257845,2.62570816492475,2.60740416866598
"92571",2.94890017771051,2.93837455684817,2.93516478572953,2.92499769761699,2.91414434110287,2.91782579675111,2.9205843985877,2.9190615693593,2.9359555982761,2.94506013974807,2.9493715118973,2.95578886089635,2.96553047039333,2.95873587105945,2.95841755477281,2.95173246096744,2.96175728518276,2.96501548471305,2.94300151818867,2.94476248085273,2.93011454665147,2.92401943461994,2.90237893465757,2.90228368563517,2.90458382015496,2.9035252211846,2.87878122246687,2.87717811560204,2.87666310039349,2.86742683795724,2.85660380830947,2.84472943160584,2.85797617991024,2.85577335703053,2.86049297587219,2.85709594557533,2.85772364108418,2.86460262308604,2.87416030548498,2.86347464936679
"92651",0.572474634248801,0.568906506005709,0.56788498786028,0.566284158292655,0.56688509614985,0.572416719644851,0.582129042027648,0.598490840732718,0.628020565093361,0.664261017215833,0.708891807774847,0.761383876432951,0.820562506675542,0.876473722708209,0.941748806808227,1.00608688272677,1.09444011851725,1.18081085935254,1.25496858515709,1.34609384223654,1.41166205147597,1.61766566846336,1.75843626184326,1.89682803384069,2.0036876183423,2.06577500363582,2.04005030337304,2.03594425525649,2.03669620690854,2.03683724647836,2.03873405568168,2.03938005336351,2.08371250081899,2.11432099533387,2.14858017252756,2.16598803030093,2.18082694190249,2.20845444198942,2.24149502215392,2.24374152812184
"95432",0.840267637462842,0.835353003037637,0.833330060367336,0.832248837213709,0.830806004550898,0.831188083215116,0.833667612034765,0.838073173529169,0.847856768113407,0.860601655863418,0.874131569681117,0.889393201924666,0.91085678316427,0.925819163476144,0.947384945436729,0.965256394036169,0.990243015268528,1.02216660418774,1.04668341292704,1.07860485361398,1.10081188088992,1.13837504422385,1.15919819759041,1.19543482170432,1.23242518096212,1.27058556746081,1.2801266137717,1.31028371678874,1.35044709704578,1.37951038358523,1.40196341105473,1.41744277624654,1.46979356164728,1.52749571186881,1.5843872471464,1.61727666863579,1.64077219041515,1.66975450045028,1.69181738439374,1.69586411897966
"95551",2.00360897084901,1.99402320543673,1.99107469334707,1.98601291492878,1.98317653066865,1.99137482579758,1.9991042482062,2.00389975218944,2.02119214629061,2.03529845509102,2.04419165174919,2.05428146163575,2.07266119600499,2.07495336635808,2.08541122744337,2.08618682652114,2.10033731158101,2.11341595533945,2.11296268455378,2.12170682510877,2.12170846609846,2.14079463246038,2.14700153294181,2.16833938157402,2.19614900302425,2.2161704073803,2.20366328619746,2.20929430451514,2.21798127108422,2.21742699721833,2.21350401731448,2.21293259654424,2.2352085589722,2.24180241819302,2.25818683957878,2.26258763010825,2.27310311047735,2.28670760315982,2.30408735224635,2.30220383687207
"95591",2.4368775914244,2.42797691484335,2.42429230866934,2.41425961180044,2.40369699311228,2.40372461345046,2.40119355456329,2.39494427481314,2.4025962265401,2.40435921784149,2.40307394017574,2.40691156866992,2.41331120753826,2.40560916934067,2.4076233421159,2.40315778343574,2.4137824112979,2.42121072702232,2.41835316214892,2.42499949585326,2.42063793632878,2.45480746362127,2.46301083732542,2.47476868076496,2.47951382108265,2.4824980852093,2.46482322641419,2.47157819900392,2.47922199474542,2.47638707853968,2.47186726698551,2.46673062076054,2.4850222502637,2.48684908717195,2.49615381434843,2.500352968365,2.51200154746522,2.53116817882914,2.5550111701257,2.55674668159337
"98451",2.18326687201547,2.17195117851275,2.16779500996779,2.16297777690646,2.15542880098355,2.15110583739522,2.17320487578809,2.19375963011988,2.22265933634178,2.2472164868976,2.26212463255178,2.24039928453465,2.23362808129286,2.21502916756736,2.21056993532401,2.19754953660833,2.19490085767951,2.20202443963531,2.20087360486341,2.20899725528897,2.21249285411299,2.26613527083333,2.28411358322478,2.29494711260141,2.30281582527517,2.31318178946882,2.30188421354531,2.31743540909861,2.3435222109505,2.35819111268192,2.36784511673505,2.36758462627983,2.40495356867861,2.42628014725444,2.45318353246921,2.46812202291418,2.48774095449653,2.51881303634942,2.54434514378827,2.54997380483298
"98491",1.27143747297867,1.26503726199479,1.26285361735234,1.25958983628868,1.2561522611851,1.25536791785046,1.25519640320821,1.25534281384315,1.26245170741046,1.27023209207844,1.27625670824818,1.28648325635872,1.30490653088493,1.31818398036053,1.33957790030699,1.35750012029155,1.38569462735515,1.4217918830259,1.45111786250139,1.48881137576462,1.51928268437037,1.56756735043189,1.59925504143545,1.6471088978623,1.70583434349317,1.76032791996691,1.77799443742209,1.85005835592691,1.95640884621106,2.04974092230532,2.11648136561535,2.14194072139957,2.18718767376873,2.17626600330273,2.17968871293576,2.17043469799566,2.18941498914219,2.23650297302756,2.28492053218377,2.30838990365475
"98611",1.56553950306312,1.5600473237735,1.55750349442996,1.55066429448244,1.54456773402687,1.54588514747848,1.54735782286528,1.55315190401,1.57008332286401,1.58806629513731,1.60802309111978,1.63999504801204,1.66992031345142,1.70143902441561,1.74734296789653,1.78595364682433,1.85577272618758,1.91368327393428,1.95811335973131,2.02236512754017,2.06783286208938,2.12551384570679,2.15665422772755,2.22075339229434,2.29067311187019,2.35299125482022,2.37626178152718,2.44790800346989,2.52464503708752,2.56694770072618,2.5917698028427,2.61484041623367,2.68617264352561,2.72888911960045,2.78750605791458,2.83948303590246,2.89259507926437,2.97143792699201,3.069022714362,3.12141589543002
"101391",1.42311974687071,1.41608395941338,1.41413227582882,1.4120668794351,1.41085157475165,1.41201538555512,1.41577172604284,1.42079256078849,1.43159674403422,1.4463572453152,1.46264826663604,1.47699573682962,1.49370063844426,1.50317568602579,1.51943283260412,1.52947532754641,1.54201789136828,1.55994725368751,1.56818283378659,1.58085049167024,1.58436321646515,1.61516937928231,1.62658617082209,1.64763518379948,1.66730896264833,1.68477543004308,1.68050696635862,1.7003047815123,1.7286436796183,1.7465656248651,1.765398586445,1.77616957332318,1.81916036570838,1.85395461532644,1.88521573657926,1.90749084547636,1.93689100387625,1.97180995983848,2.00231390165535,2.01777198584896
"101431",2.24101034520326,2.22945128886388,2.22678049929534,2.22236821075117,2.21651703221968,2.21408683822556,2.21362185326619,2.21414675275796,2.22103180460324,2.22842772398994,2.23377404479326,2.24467977116691,2.25785832290357,2.26003638488173,2.27184050120701,2.26989241664517,2.27371680041552,2.28211550624147,2.28059176910401,2.28254839984167,2.27892313755138,2.27884508408987,2.26508464249542,2.26792588006021,2.27673088446937,2.2805281280574,2.2633700436733,2.26704131973693,2.27573759930977,2.27578877293175,2.27541509457283,2.26567964963414,2.28660860180733,2.29997360351763,2.31428709452364,2.32089115141455,2.33741452309129,2.36473917247609,2.38944916220857,2.40058796544527
"101471",1.53974722551451,1.53117639114626,1.52849956549479,1.52510261958604,1.52091063264953,1.51919618226891,1.51979106149915,1.52058159054063,1.52839633188481,1.53629381036636,1.54252785540987,1.55127432308217,1.56406077525363,1.56752983886035,1.57721789288072,1.5784761700803,1.58673203147332,1.59821986041251,1.6026637711054,1.60980568357601,1.61094843084888,1.62358559157449,1.62409347599275,1.63402946507709,1.64965020078128,1.6587066187572,1.64915261680656,1.65816689996264,1.67154313122145,1.67740605237726,1.68256889433055,1.67942236312943,1.70184753726431,1.71656089476295,1.73545567750033,1.74144708883891,1.74999233535588,1.76569802244242,1.78007494581929,1.78319512023389
"101631",2.05653052142944,2.05139367108525,2.04727978139304,2.03847735287832,2.02830366111036,2.02805972453574,2.02672210923438,2.02574503755371,2.03731463395917,2.04628258053861,2.05840212113748,2.07621158293754,2.09802003902446,2.11081866471156,2.1320707833447,2.14553035723518,2.18294022328536,2.21448893625799,2.23329255436975,2.26561133315568,2.28719862593875,2.31985456333044,2.33381687025326,2.37557199217615,2.4303709627697,2.4707660018113,2.46169251433643,2.4794397012528,2.50569303424822,2.51946284571411,2.54392395460478,2.56566418443885,2.62141501902867,2.66835440453092,2.74068293823183,2.80146291470856,2.84991369803198,2.88770066654078,2.92365394957584,2.92636620320182
"104411",0.885250201564572,0.880663638945527,0.880248563176846,0.880192331081723,0.880415602141865,0.882643328195839,0.887749712214773,0.89484459037846,0.906845447649411,0.921562190431668,0.93792996854754,0.956239352070964,0.979652686715687,0.998870962671975,1.02573267009362,1.04961866663176,1.07995176157134,1.11611201966668,1.14850789465628,1.1824659821678,1.21227705274432,1.28637472231239,1.3350750967037,1.39460473130269,1.45004737663045,1.48255541119733,1.47303266437185,1.48401022863442,1.49094485809915,1.48886664879476,1.48870683869115,1.47994143219825,1.50592215308097,1.52748807320305,1.5517429160916,1.57086233113895,1.60052298356989,1.64263022910567,1.68622173643429,1.71524489302163
"104452",2.62541863203971,2.61071201482088,2.60657858422445,2.60236311267515,2.59442361717182,2.59081062209209,2.6036759639854,2.61249785698834,2.62888816921393,2.64195197671539,2.64895217842546,2.66518131404087,2.6860456737524,2.68610054096861,2.69623551577506,2.68822415210144,2.69308417522718,2.69856415883123,2.69265674739601,2.68568081445297,2.67083215117035,2.64636162158677,2.60941293062865,2.58572242830188,2.57023634362631,2.54838536671488,2.50931167002765,2.48978834821014,2.47208433561587,2.44674292794962,2.42208988623766,2.38783845274778,2.37721156339903,2.36018432636186,2.34642612841929,2.32792731042694,2.31157473020165,2.29983930459616,2.28672060226714,2.26629803459337
"104531",3.45979237586648,3.44203962354551,3.43188842925242,3.42084701076303,3.41195992833588,3.41071876252956,3.41478199356688,3.40591293111123,3.42066799688188,3.43240295615605,3.43727880364673,3.52225901998849,3.61433697751583,3.66456491540118,3.72510059873015,3.74399179072203,3.78099182275316,3.8104320091037,3.80507397326398,3.80468198355068,3.80053718309229,3.73932119709459,3.66650976720065,3.61976735029074,3.58143709860117,3.54146148779423,3.47631782853107,3.44169049645549,3.41484948743422,3.37663793686203,3.34275709377123,3.30014880600143,3.30423875943393,3.30029743826871,3.30498605550887,3.28805599127444,3.25418547853519,3.22521748700383,3.19983889760013,3.16195490355405
"104651",2.1594330208145,2.15219296905833,2.14737446741183,2.13658530883244,2.12671513218648,2.12597489261069,2.1214332076794,2.11501673801674,2.11987762926583,2.11859979346965,2.11763806251637,2.13427762233702,2.15183423889349,2.15733035497429,2.1663948722301,2.16914752183995,2.188908968898,2.20113239415989,2.2057992450118,2.21593519138101,2.20214138862438,2.22403933434141,2.22229827012542,2.22150507205691,2.21357523406577,2.20290023459356,2.17596121399,2.17255417166207,2.17153017113534,2.16255206533545,2.15486096751706,2.15185223451881,2.17798361390975,2.18845189381592,2.19163690734326,2.18154658918591,2.17500928752689,2.17359887279024,2.18150741682603,2.17536885104266
"107431",2.02122876749629,2.00979112148395,2.00579232029521,2.00198086080851,1.99348023461716,1.98852401572166,1.99399898357122,1.99747313527898,2.01000497749291,2.02874341972885,2.04588115890978,2.06497367912617,2.09451241995043,2.10343559879598,2.12242234289526,2.1312508736005,2.15226651460148,2.17646778067341,2.19008666927377,2.20207634278246,2.20974481537991,2.22764007536613,2.23146933344649,2.25043824156516,2.27790888322246,2.29815266438943,2.29220078198869,2.31508575131644,2.3389361097448,2.34997059338289,2.3617778736039,2.3587471279824,2.3972433085389,2.425729768935,2.4482202940056,2.46036548828841,2.4788615800461,2.50700742521915,2.53027995710597,2.53797124413332
"107511",2.88442926292612,2.86963271177054,2.86194867099052,2.85351538008166,2.84522557378651,2.84255448990574,2.84238733022786,2.83349658543589,2.84282622728201,2.84689981511454,2.84320816682669,2.84520660730143,2.85355276552791,2.84804652877866,2.85420462442518,2.84588448210586,2.85000954788018,2.85746456383489,2.85156052744807,2.85278241280683,2.84376383346482,2.84967907949586,2.84015851313322,2.84430465470988,2.85171282762389,2.85499585732501,2.83107051253224,2.83465340625702,2.84158524771181,2.8338838817483,2.8300722786406,2.8138700134495,2.83282561970807,2.83153282125194,2.84082570161069,2.84013332743128,2.83937674663803,2.84279721877,2.84564340146271,2.83356183867628
"107551",3.33498705141122,3.31845891559874,3.30934458536557,3.29744178592142,3.28665036260797,3.28494051578915,3.29221859835753,3.28956942789988,3.30617939617341,3.31625126994263,3.31676640545668,3.34715710742551,3.38223005732623,3.39236440977241,3.41441987946156,3.41105116973063,3.42720798747951,3.43998942161133,3.43166652872824,3.42803408460452,3.41677493534847,3.37275078315805,3.31822687038537,3.28500321216242,3.25801526553318,3.22959079558012,3.17874853836546,3.1553086139683,3.14193225901353,3.11899483362515,3.09811772961072,3.06335310782711,3.04848043574261,3.01393303390112,2.99039333343805,2.96181046413182,2.93501066407039,2.91385627773043,2.89620480219469,2.8678998027819
"107632",7.42882326039155,7.39976414732401,7.38625115080336,7.35622371952603,7.32231149552272,7.33448615408541,7.53156634040841,7.70715835170946,7.91764892090226,8.0670876443282,8.1869763234252,7.98468528798305,7.8296931332511,7.65036138434671,7.5152251104179,7.37305536789862,7.29024120767094,7.19417324070796,7.09245980305166,7.00394986408189,6.94650552295934,6.86603585825711,6.77156976302201,6.70495248029777,6.6528356588706,6.61461486756737,6.54742920240774,6.51509356259108,6.47209282062246,6.38943965257423,6.30613619152132,6.20331251736334,6.14448342489914,6.06669986307875,6.00665020368851,5.94247473183156,5.87946277562757,5.8194413827692,5.76708013422627,5.6986708513898
"110371",3.38425298393122,3.36684983903621,3.35700796601097,3.34716941400822,3.33461087430543,3.32593095585339,3.32158744094345,3.31920192581557,3.32702542276497,3.33888663451195,3.34647377796467,3.38250486096431,3.42786194785803,3.45183374393586,3.47636822641571,3.49664759243681,3.52495848972388,3.55954211445524,3.56993212126026,3.57640987572013,3.56747482733576,3.54173608279604,3.50636273577646,3.49132391795467,3.48549575257653,3.47349921034218,3.42839737203407,3.41807828092007,3.41080602321458,3.38665925346414,3.3699388203036,3.34194731761288,3.34573348424567,3.34859919300824,3.35543670036806,3.35486631375327,3.35763335931462,3.36165028400839,3.36264901240644,3.34896642392394
"110452",1.18732510296378,1.17890019974432,1.17552621372246,1.17341246616919,1.1706922727676,1.17316736217428,1.17985239454912,1.18557123055622,1.19906525450024,1.21307325809281,1.22518410299226,1.24436241014891,1.27488285854979,1.29587944714646,1.32774909873758,1.35565327214311,1.39617148847023,1.44462659400384,1.48772760529322,1.53496926534112,1.57355999430672,1.6276710565152,1.6638886791723,1.71402628442424,1.77708192062073,1.84231972094221,1.87223897168504,1.93902615659176,1.99675500022771,2.0221884809546,2.03435350124455,2.0138379341534,2.04278844918935,2.06339559918125,2.09169644244297,2.11186563429051,2.13571806606291,2.17426933156082,2.2104179418565,2.22839994246702
"110532",1.97911350152928,1.96745542202283,1.95986631169988,1.95361233600866,1.94633526142519,1.94625157975984,1.9465905911986,1.94310846610848,1.95143959090391,1.95787704173686,1.95707605836404,1.9708664250839,1.98824346739055,1.99123362456951,2.00175955199498,2.00033018836142,2.00897535731598,2.02046433301394,2.02123085709797,2.02384135853691,2.02121021516326,2.01893916977242,2.0069053235109,2.00453851146157,2.00360480207978,2.00111365621149,1.98100199998713,1.98140097892221,1.9844344120647,1.98082945631735,1.98160465217117,1.973633160165,1.98982070321162,1.99484608353459,2.00821108624006,2.01579634841077,2.03099565749537,2.05055803597807,2.07219618109818,2.07935465639199
"110571",1.88900880554643,1.88078961932424,1.87557880093602,1.86923114488929,1.86153628611296,1.86083565542715,1.86098299850021,1.85777005937068,1.86513915340147,1.87107770791261,1.87177291464232,1.88112142904448,1.89394430865626,1.89704673712536,1.90875144770411,1.91379377783866,1.9314898582444,1.95146940752042,1.96165575108076,1.97688179954369,1.99012057532188,2.01354061600159,2.02206521992095,2.04513396419961,2.07083932547892,2.09330967732681,2.08909839734253,2.11563462248265,2.14357352649985,2.15898975701708,2.17775128307962,2.18178026414125,2.223000556707,2.24767960770082,2.28811691850481,2.31324589683736,2.33792099802077,2.35990844353756,2.38328336019915,2.3891613453206
"110611",3.11706478058627,3.10421969173311,3.10014666831207,3.08716387739041,3.07194386726824,3.07293641592736,3.07082480515404,3.06444328714416,3.07127090545463,3.07261727705527,3.07012716086469,3.10691183722215,3.14384113084439,3.16012223871177,3.18300148847694,3.19226766213608,3.22135052329957,3.2331543014837,3.23199801432337,3.22952720072017,3.22762473667533,3.18626880266705,3.13699446960934,3.10912004041541,3.0894886916321,3.06541605829503,3.01863393658794,3.0018107965131,2.98913496622033,2.96499089751362,2.94420683149307,2.90738353332263,2.89523726606577,2.86777501111544,2.85164761195735,2.82951611179535,2.80780344938239,2.78900035044823,2.77503454821188,2.75208981877182
"110653",0.443119386675491,0.441507874795566,0.441367041634843,0.439320094557996,0.436906014970355,0.437180000727117,0.437814695684217,0.439279084650592,0.44418371598925,0.449756834814958,0.456841452934729,0.467632715227204,0.482410498818566,0.496006462964958,0.514693745546937,0.534197038638736,0.565454882667556,0.592572656102514,0.622459018936657,0.654118205011082,0.685825647500832,0.729054558413977,0.756850680942883,0.78777805052423,0.824011513385934,0.855846871866864,0.871571059771528,0.910182742116176,0.95125777056722,0.980844567972441,1.01474801115918,1.03356950848496,1.08599972787821,1.12089635052325,1.16637278577225,1.20421847806389,1.23548104082144,1.27122440681141,1.3142039455745,1.34227568208856
"113392",6.03065143909966,6.00740598478096,5.99272851262413,5.97445428613034,5.94355545170384,5.9191115644047,5.86730812531586,5.8157877093198,5.77649815447157,5.73833690622583,5.69505042040132,5.65654466352027,5.62734810732098,5.58421114123414,5.54395006757723,5.50088838393851,5.46897865237249,5.44345308587362,5.40621157664998,5.36827836679144,5.32432083637758,5.29655304735929,5.2592704537519,5.23242844962746,5.20913114167704,5.18021214744129,5.12182372838883,5.09326249814317,5.06887355587821,5.02848190864632,4.99348747012938,4.94652625365979,4.92917356832049,4.90658589175499,4.8867887923869,4.86207402164103,4.84075636957675,4.82400882939885,4.80848376618717,4.7826484832314
"113473",5.40823436961434,5.3748770503045,5.36010295431726,5.3420877406456,5.31089563258565,5.30187031719587,5.48233943655319,5.65550103310635,5.86765229505296,6.04342694221204,6.16040416231816,5.98112419146206,5.85902296126547,5.70167016603928,5.59150254393898,5.47759942807243,5.39360973418066,5.32510019681611,5.24847370580841,5.17840768042315,5.10023542633366,5.04036360788644,4.97129029627104,4.91994575809762,4.87222872606444,4.82368480751904,4.74629029546429,4.69752176932944,4.65184919281448,4.59579494279015,4.54397724545278,4.47283343591819,4.43199258225084,4.37934785201376,4.33637006549961,4.28920851552557,4.24564029784383,4.20570508284268,4.16665932981507,4.11584552238133
"116371",2.78030058543305,2.76992168505636,2.76283597217961,2.75550565490301,2.7423393790285,2.73331831940992,2.72006454680587,2.70797359160798,2.70170820773772,2.69631254293056,2.68602869006145,2.68178375593883,2.67957412702205,2.66992512323689,2.66129942510807,2.65450291377832,2.65346713913574,2.65493947601911,2.64884863618196,2.64146825516777,2.6315689732115,2.63684472776502,2.63403843011038,2.63638975739835,2.64114298570617,2.63901740376748,2.61452752722296,2.61236226155629,2.61170176478355,2.5971703705574,2.59003078162957,2.57272306963013,2.57677432375948,2.57489285566874,2.57824310299026,2.57740563072739,2.57810110302692,2.57905662504733,2.58272802981712,2.57518982150089
"116491",2.85847876902692,2.84289797914675,2.83635627659116,2.82986232700564,2.81761168569516,2.81969875895648,2.83178809148275,2.83967633288183,2.86182916013372,2.87852572223529,2.88733572543736,2.92064622235048,2.95542889778887,2.96879177283793,2.98985028977672,3.00120806561729,3.02238314485423,3.04573281769963,3.05742138870796,3.06501239823272,3.0732969575285,3.04621065004529,3.0145566570532,2.99868388468298,2.98498178239902,2.97107370384984,2.93766445167909,2.92898455415885,2.92174311447335,2.90443853820301,2.89283419593706,2.86182063843262,2.85456061000532,2.83886194295173,2.83254574681334,2.81951781514924,2.81316662707878,2.81134743286565,2.81449520941995,2.8042704718597
"116571",1.96661560465899,1.95835623581123,1.95269630369726,1.94584168577866,1.93696728794504,1.93690583110215,1.9341785287618,1.93062653615686,1.93452511579365,1.93534525708087,1.93391799090237,1.94533194394869,1.95682446398701,1.95770342055155,1.96357209642773,1.9651971342628,1.974317201075,1.98227505093631,1.98289956299552,1.98324848064121,1.97438430468986,1.99269353252236,1.99191715008208,1.99108427519708,1.98984759451716,1.98865342056234,1.97272213040946,1.98264622725042,1.99750670917442,2.01043019920723,2.02519714546517,2.02765127122502,2.05263816503408,2.07008741028421,2.10529228247315,2.1306295158337,2.15200840404609,2.16531727397365,2.18240070438915,2.18149617923813
"119353",2.9327536158803,2.92122399005776,2.9150609365243,2.90914168175504,2.89692910329431,2.89221287190652,2.88591227307824,2.88677131842289,2.89351093766005,2.90266885572295,2.90319200752009,2.91127952228852,2.92227578180859,2.92058327594424,2.92040201572216,2.92356761675098,2.93177518879765,2.94310701290484,2.94387525587631,2.93927327169443,2.93633402474808,2.93802409590143,2.93083054809449,2.93471323856431,2.95080222275526,2.97413056638863,2.97525443715907,3.01082266196048,3.04585606837323,3.05527185409493,3.07026656557106,3.05436857132666,3.05736752884866,3.03747876621223,3.01673844070339,2.99170247876394,2.96821078893298,2.94407123678833,2.92768791615637,2.89498820464927
"119391",3.25744968924176,3.24575345512477,3.23841133187239,3.22939322574498,3.21469486241217,3.20773368254205,3.19839237423418,3.19221785231849,3.19704924299416,3.20034111081473,3.19619775507393,3.21163925125777,3.22796472277914,3.22867243379785,3.23208001471203,3.23736013694355,3.24934438412078,3.26054353760697,3.26106120124429,3.25492946651751,3.242186497168,3.22691939159817,3.20455519969232,3.19484182174895,3.19172240365663,3.18614979888228,3.15255921623804,3.14597668322921,3.14053892374753,3.12110982867579,3.11226774659706,3.09009500901975,3.09650745828202,3.09171447273234,3.09826454963969,3.10017609289705,3.10139456652275,3.09979404025204,3.10407436187421,3.0921454519632
"119473",5.21167509654357,5.18919626021963,5.18147178610569,5.1697583481709,5.15150621004857,5.15030286894548,5.15130489018176,5.14279058702696,5.156685162108,5.16129075756171,5.1545768160408,5.16065682075415,5.16778128266711,5.14617406661431,5.1368768853554,5.12604743452035,5.12419846459862,5.12404497290906,5.1133174920386,5.09836508700705,5.07087230948925,5.05491347090187,5.0248599279718,5.01850140375514,5.01405849288146,5.00730415216918,4.96360625658374,4.96457263111287,4.96806966460311,4.95261419598728,4.93713430236119,4.88660220312816,4.87686945124567,4.84246023360762,4.83394655107009,4.81758778301424,4.80994763389188,4.80393406947751,4.81205348856542,4.79536063049172
"119551",0.91504656764989,0.910069470295521,0.907575190008261,0.905312504405788,0.902941176108031,0.907116557077087,0.911785094036092,0.917165007378255,0.92868789745139,0.941911059841649,0.955569733683057,0.976952137573137,1.00432524400637,1.0287498667601,1.06148361021777,1.09725866140884,1.14477340223316,1.19621226141785,1.24879324415346,1.30278243858658,1.35937176872456,1.43410196080452,1.48163873313407,1.54700903916408,1.61052191015986,1.66517110525751,1.68955448437111,1.76699977247279,1.86976556471227,1.9831970758024,2.10973664255086,2.20502260520914,2.33300452792127,2.37974637857632,2.39941998200379,2.34118365030011,2.2992520097752,2.27025852238298,2.27500785138397,2.25461644770586
"122571",7.93560209023195,7.91572561478511,7.90713925091535,7.88590839699419,7.84876143600792,7.8414537632514,7.77362181725084,7.69714638707774,7.63932248361954,7.58316887677891,7.51869515697394,7.46342999915576,7.41301109737641,7.3412004221948,7.2740214414119,7.20771743084013,7.15047070043498,7.08940927785651,7.019735716306,6.9492695802925,6.87831317722904,6.82414828469033,6.75193458030979,6.70348245467413,6.65437299456081,6.59927861748891,6.52470463780012,6.47504900509636,6.42880305182869,6.37532462115008,6.31907293169789,6.24489884250545,6.19849993163763,6.1350987425623,6.09092023918555,6.04037854717622,5.98720335016068,5.93214287369288,5.88771279948282,5.82926321454995
"122612",0.832229408777929,0.826905770465036,0.825259948973462,0.823215543723515,0.822477453124944,0.828620422005817,0.835304675795501,0.843396811993637,0.858761543842601,0.876037631033682,0.892453906112484,0.920111636353813,0.95633575011435,0.990385532810185,1.03320924266217,1.08491111667021,1.15380461806427,1.22468269994748,1.29357534406788,1.37508784468485,1.44627191866623,1.54229721309015,1.61202342036902,1.70657366170081,1.81553993452373,1.92940053778943,2.01241633597376,2.14300207687943,2.27140560625237,2.36550172861402,2.41878855304079,2.39910788726641,2.4385027847709,2.40491213872181,2.4175335051412,2.41701535442608,2.41631037448133,2.43647571090243,2.47646736897343,2.48991570967786
"125273",2.4899247905293,2.48999642337972,2.49137998736993,2.49052642753416,2.48397586532422,2.4792599240662,2.47428695836125,2.47980488231151,2.48174791760967,2.48864393189164,2.4884551155607,2.50235196256856,2.50703246392476,2.51245205288934,2.518666122822,2.52017637691921,2.52621867299166,2.53608966085486,2.52842231067351,2.52359605294744,2.51640282177143,2.50073447383034,2.47992552005451,2.47076379008848,2.4698856614135,2.46881464016891,2.44369392259044,2.43980989007413,2.43134597649052,2.41816223353154,2.40848036584828,2.39508446391899,2.39870784709276,2.39803616614949,2.39885153950031,2.38806448370683,2.38080467367178,2.37332884082664,2.37346883479742,2.35975893424021
"125511",1.66709019237351,1.66069860500235,1.65779706724649,1.65138261531457,1.64287146002546,1.64346809765945,1.64218318613995,1.63800533225335,1.64032926725736,1.64409101549316,1.64337940020826,1.65570215359491,1.66908905407243,1.67083769235425,1.67508017195759,1.6808667685751,1.68709190544819,1.69475740946104,1.69924533770455,1.70191995713871,1.69830189785197,1.69550463761427,1.68392131286885,1.68499442793468,1.68532421058363,1.6814488918612,1.66716475877182,1.66898285628541,1.67354671777671,1.67494964006299,1.67571718620669,1.66682660199264,1.67337518070344,1.6711816186628,1.67945495605975,1.68603079224212,1.69667330746093,1.70599753672022,1.72753837678437,1.73413321223535
"125551",2.53758236933711,2.52560490524716,2.52137251239717,2.51304154593775,2.50134900085179,2.503306913194,2.53030667553283,2.54938158760307,2.57746976819582,2.60483608383982,2.62074100417497,2.60734183812168,2.59997561778241,2.5801849964024,2.56723877392389,2.5613147665087,2.56147485647845,2.56372235081487,2.5623460015322,2.5640075908751,2.55768993176261,2.56397066788949,2.55850032994414,2.57084974630177,2.58175014316027,2.584078916109,2.56814948284816,2.57932262465755,2.59776782145732,2.60996427842581,2.62200011832261,2.61272735844507,2.63182914330207,2.64260909779045,2.67144177211596,2.68107349947735,2.69008862345029,2.69542319030442,2.71607863327433,2.7179854481878
"128531",1.67613217844645,1.67056186063554,1.66691699994707,1.65955638966469,1.65127856237323,1.65110497941747,1.64909200528303,1.6438284985559,1.6447788553725,1.64668433648576,1.64384077558996,1.65031521392326,1.65697158796357,1.65490607180458,1.65488159768081,1.65759071466446,1.66109934888151,1.66655971594514,1.66790203787287,1.66914252612003,1.66482288561049,1.6663354201172,1.65995394248266,1.66357783326345,1.66750911627696,1.6684710074309,1.65760537413273,1.66041342575985,1.66517335110795,1.66756731959413,1.67324677164228,1.67299506290519,1.68964192258925,1.69371348342256,1.70040879399929,1.69557479108974,1.69457974345106,1.69081042086086,1.69637442416118,1.69081422168538
"128611",3.19022127701118,3.1736864110294,3.16988153432173,3.15837152076635,3.14291181122372,3.14383601197319,3.14702920131953,3.13971939088103,3.14782582541081,3.15161266564738,3.15319752435983,3.1648739952232,3.18055815435965,3.17839261850925,3.1742291466564,3.18041578940992,3.19356270835099,3.20591564361823,3.20574542978452,3.20866764828429,3.20872469056918,3.20579436211234,3.18446433430956,3.18885924927897,3.19710073365564,3.20701938663989,3.20484586258918,3.23380558047478,3.27027454962577,3.29502562592727,3.30843439945916,3.27644163504928,3.27212517935941,3.238255269452,3.22818131082055,3.20470453055499,3.18454863193516,3.16446302742792,3.15303906923644,3.1289482606556
"131591",4.91110691332617,4.89045175134188,4.88422189419387,4.87047003299188,4.85397646340619,4.86442579911507,4.90009897110505,4.9184820445875,4.96555555167486,5.00494936328794,5.03103706207063,5.05546701289202,5.08018506949129,5.07837036573365,5.06356012718437,5.06707059169696,5.07893328719626,5.09579402596534,5.08933951631475,5.07980672961528,5.05096760845043,5.0190651787452,4.96106275129235,4.94297323425591,4.92183777301078,4.89046187345949,4.83539016559832,4.81324827445121,4.7958469972771,4.77465436335687,4.75040774563879,4.6981287115027,4.68200202547302,4.6480173626128,4.64142283274107,4.61739617111093,4.60356109190326,4.58706128326276,4.581793564075,4.55911744993147
"137551",6.61259981496354,6.59262309224419,6.59487254936481,6.57749505652071,6.56142344529832,6.58498435265206,6.57635116122936,6.55317353394912,6.56733549766447,6.5806048365418,6.58495749146787,6.67729584533409,6.75738945626512,6.80950669673183,6.82624029579062,6.86809280957748,6.91302005651712,6.97016434212926,6.99779573019438,7.01256327704406,6.99982906306962,6.93849759906564,6.83788780990267,6.79546987870373,6.76771824034463,6.72621753270987,6.63184848421789,6.58867929174423,6.56325396620966,6.52335858708464,6.49391511775438,6.44380633249642,6.42779785578418,6.39581941034757,6.40407923003086,6.38031057927272,6.3869733148728,6.37882889264043,6.38720118053776,6.3686968217675
