"plot_id","1985","1986","1987","1988","1989","1990","1991","1992","1993","1994","1995","1996","1997","1998","1999","2000","2001","2002","2003","2004","2005","2006","2007","2008","2009","2010","2011","2012","2013","2014","2015","2016","2017","2018","2019","2020","2021","2022","2023","2024"
"3293",4.32845163140632,4.27801945797764,4.22939679599905,4.21228963723455,4.1719907382942,4.12912979341231,4.09527456991127,4.06289644755061,4.02930938330611,4.01453613004604,3.99688835288468,3.98055514280193,3.98043678047505,3.95895955417556,3.95864046618047,3.94126075974181,3.94241856447025,3.94906231734329,3.95706356708616,3.95279483180944,3.95469442625607,3.96210285964098,3.94860957304877,3.92877367759052,3.92201466926315,3.93902280422555,3.9366336102634,3.91298557756448,3.90928339393887,3.90717877382025,3.89443582434954,3.89696698564146,3.8893399840135,3.90760575555892,3.90143795793336,3.88985292871412,3.89558767342652,3.8947759394888,3.89889950712713,3.90470975974226
"3314",2.72148471386974,2.68660483629362,2.65286060060361,2.6426113505464,2.61984307682518,2.60022117941697,2.59065584844325,2.58748505945424,2.58705465653306,2.60633628583815,2.62390471633594,2.64685100385493,2.68935007790418,2.70511717728917,2.73868042832412,2.74677142646948,2.77498139203512,2.81567775672147,2.8504631829433,2.8528876404028,2.85424357721778,2.86170727982944,2.84240368723716,2.81862054017366,2.81908882005235,2.84645355105755,2.84995143693649,2.83065788881724,2.83310575964554,2.83368208869498,2.81974356398106,2.82160101745932,2.81142453021215,2.83046246535452,2.82012913845434,2.79966808713781,2.7958351159579,2.78380285456343,2.77410082551449,2.7665264822114
"5311",3.94428701234122,3.89625944039183,3.85089708964947,3.83564317562467,3.79675072349992,3.7595640427868,3.73372052630252,3.71617216633325,3.69771279993018,3.69898940417269,3.69631304070083,3.69418401691212,3.71154391285588,3.70340597692766,3.71833703826124,3.70902954126768,3.72104597421208,3.74115604846782,3.75897916032405,3.75359789722259,3.77813684094598,3.81230149031121,3.80701431580551,3.77837091963463,3.763716956997,3.77183328472566,3.75513305488597,3.72134415015792,3.70980823365118,3.70065341735501,3.68374275621023,3.68227704594498,3.66671141414807,3.67681431530844,3.66240784462082,3.6427536159026,3.63965173474847,3.63205721421855,3.63266209756623,3.63781185791286
"5333",6.66092711184799,6.58225489106364,6.50628245024717,6.48239672400452,6.41746493116634,6.34711362947117,6.29568129618959,6.24610427345784,6.19280314701773,6.16455722578164,6.12504167040254,6.08624140116729,6.09861177053789,6.08138909635276,6.09856399035802,6.07991244762271,6.09029238026818,6.10827761010672,6.11443396151409,6.08582441553789,6.05131460796312,6.01570827480004,5.94769435250652,5.87903722705572,5.82852099658978,5.79842558793054,5.75141544699006,5.69250749844639,5.6489345096746,5.6057379775621,5.55760431674828,5.52067686021512,5.4815171860835,5.45465323210197,5.42048364564887,5.38847983973146,5.36187878466271,5.32986325421542,5.30369373677387,5.28034900455844
"5371",2.66129921878783,2.63037431780107,2.59987670308302,2.5949309012595,2.57475276029864,2.55286984425965,2.54060809445825,2.53207590673012,2.52475277284465,2.53610872729594,2.54025609450734,2.54932381692344,2.57658254015191,2.5773003944824,2.59543668220514,2.59102510178514,2.60460968876294,2.62587383606895,2.63997710115836,2.63354819205119,2.63627214673792,2.64109548734173,2.62098427898152,2.59650147957999,2.58574203754777,2.59328826713075,2.58667640247448,2.56463095164171,2.55733995085472,2.55108460512274,2.53472431529339,2.52933757723305,2.51627343817538,2.52422236488624,2.51532791409416,2.5027523547403,2.5020933120158,2.49507285548892,2.49036321235317,2.48859341952738
"7271",2.58472164066253,2.55032482401045,2.51633080221939,2.50522996739767,2.48195690314003,2.46557193654685,2.4601745756701,2.46446022387054,2.46935780485382,2.49203522979368,2.51331902016091,2.55655369998172,2.62775740492054,2.66341454261379,2.7169591517686,2.73256988192479,2.77004047920561,2.82157739660616,2.85773272905427,2.84862719061298,2.84887499229168,2.82958800036664,2.78190384180505,2.72994642552012,2.70391352522216,2.69767424426592,2.67353462975674,2.63580041204646,2.61299752225682,2.58788770036248,2.5553971326575,2.5357563324539,2.51095237337605,2.50441343524937,2.48386544595342,2.46010204684047,2.44834434613219,2.43505826308044,2.42655858156721,2.421032576878
"7351",1.71417106426513,1.69232719373225,1.67160021996339,1.66564455950616,1.65159189097413,1.63916347539919,1.6349893226178,1.63672939985012,1.64107327195466,1.6577108741571,1.6724386028795,1.68937277977726,1.72192321897002,1.7388188214177,1.77419412506579,1.79079546784915,1.83153041685618,1.88874092129197,1.94638501242273,1.97813181008123,2.02557324136475,2.13902791885905,2.19121269756875,2.20136150643372,2.24461274400943,2.3167228474008,2.37953064598812,2.51940011395371,2.81951789654671,3.18630788696675,3.46875955418062,3.64693163092336,3.58382138755167,3.49362097183588,3.33998574843253,3.2160930257195,3.16620244321621,3.10898428243465,3.05165656302109,2.99777361309047
"9251",3.25266745449448,3.2052953273703,3.15775884549902,3.13973303124796,3.11051327618296,3.0955627894655,3.09899176071144,3.11711395130383,3.13730895179548,3.17933631852353,3.21747552571102,3.27301861035829,3.36040306329449,3.40003207168072,3.4679934321113,3.4919184951048,3.55484513774664,3.64323630819407,3.71400988646589,3.72376435024356,3.78640396773896,3.80348556687568,3.77242318792696,3.72248763593457,3.71864955628162,3.75223683005138,3.75100292381265,3.72233752117605,3.72682996307032,3.72270159597376,3.69790203461246,3.71053601264556,3.71082740195009,3.7621848111528,3.76753360163497,3.75846927921212,3.78373459535323,3.79132114132617,3.79575183495734,3.80314423435691
"9271",4.45165256632895,4.39714640293193,4.34252166324497,4.3258745417243,4.28148353013933,4.24153028722974,4.21529855562399,4.2021853806305,4.18732338559056,4.19738686975283,4.20358944683566,4.21767646200279,4.26931765105351,4.27976550529746,4.32262115834809,4.32501650261471,4.36113383613877,4.41172456429966,4.44928264169076,4.44286623983418,4.44649649094126,4.44015615754576,4.39251838689769,4.33396569185386,4.30580094264026,4.30749459001721,4.28393807053535,4.23797584115989,4.21769002655679,4.19423752644661,4.15866956429183,4.14340969273863,4.11596030023406,4.11593344199566,4.08969571479038,4.05836301574034,4.04375369496615,4.02226671978755,4.00510182397732,3.99161806418359
"9291",5.58923352934982,5.52529063958114,5.46408171734681,5.44179812067572,5.38426625889601,5.32573588765672,5.28052878970357,5.24163794726615,5.19572413769874,5.16968234653995,5.1363329409516,5.09913541554761,5.08485655303875,5.04583384762754,5.03400678582475,5.00126017227208,4.99559262215818,5.00030304347866,5.00670582166835,5.00176511198418,5.00833805252102,5.07256194136367,5.11206167686034,5.09878669952634,5.10352320520589,5.14415683645898,5.149408864458,5.12641417259069,5.17877071645982,5.34470420037041,5.65721512978519,6.17316560498734,6.6408724186514,7.08704279093574,7.12148326707789,6.89166854895148,6.72189164771172,6.56274137339023,6.42914641107382,6.32694051219257
"9311",1.17632245415078,1.16160331359632,1.14720596574393,1.14189211100751,1.13060839070412,1.1205356627048,1.11550053752487,1.1158381162413,1.11819803132493,1.13093154413126,1.14523874120494,1.16490242261291,1.20308556344687,1.23636616363931,1.28956880317723,1.33292464859669,1.40499283575851,1.50222593627781,1.60992033416104,1.68838824859701,1.79618427835178,2.34065291222251,2.69250100546482,2.79252638711014,2.79948055253944,2.73621886887813,2.63798131494882,2.56449938084651,2.55387264926417,2.54169990641881,2.53183589132106,2.56213945690625,2.55543546614692,2.57148457034065,2.54677618872454,2.51275717566639,2.51329849327753,2.50456400777874,2.49557853487277,2.49056075808511
"9331",4.46147994001153,4.40699203759464,4.35323967848901,4.33455542114248,4.29261562069758,4.25286760387076,4.23144214271663,4.22288253033054,4.21077918933437,4.22139384051117,4.22229623710494,4.23563760835813,4.28584114873651,4.29964711612263,4.33855334640726,4.32988685849293,4.35336398274949,4.38482581848625,4.40564494110522,4.38989412704173,4.35203310418851,4.32573352477322,4.27400792252885,4.22366058894833,4.20014985730306,4.20577336506414,4.18568569023338,4.141344515482,4.10973147616496,4.07172772481008,4.02450990668825,3.9915517196308,3.95375846414175,3.93396024468741,3.90213977315671,3.86882511368218,3.84658029559518,3.82187039694448,3.80652060363211,3.80011294330183
"9351",2.55276773945651,2.52088778642055,2.49087686724712,2.48146805188437,2.4596927055895,2.43913848985749,2.42946813096092,2.4269459975009,2.42472313165759,2.4367057752526,2.44529318069449,2.45786496770826,2.48747364182787,2.49604647620683,2.52136943175552,2.52050051504766,2.54033129438907,2.56852198762312,2.59299399305395,2.59354262147833,2.59422444159794,2.60542638108826,2.59501728927209,2.57946337676392,2.58487003132841,2.61363413105052,2.63861212395893,2.69115975923829,2.83057511781676,2.99811617269879,3.10665131845527,3.1659386481637,3.10886671167797,3.06599991455947,2.98821141691091,2.91790210670623,2.88206483477011,2.83811128224705,2.79684220126273,2.75992535219073
"9374",3.61656332810375,3.57340688910818,3.53385029145015,3.52059699390871,3.48994999462823,3.46073799439912,3.44525915318804,3.43804801642174,3.43068413519045,3.44095275896496,3.44717131542921,3.45137048233673,3.47299057138037,3.47148623618997,3.48891932950229,3.4797824180167,3.49298070101493,3.51406209318142,3.53286161275143,3.53045307554732,3.54710472514721,3.57461638561907,3.57306083654522,3.55582239088904,3.55411482437255,3.57476671729038,3.56979996610261,3.54542946681162,3.54490063768835,3.53846056306833,3.52022262854878,3.5236767961018,3.51625881597458,3.5409977821162,3.53704803198412,3.52293130140649,3.52568955796976,3.51168306247357,3.49676041586782,3.48542210841803
"9433",2.54236416689578,2.51258370860896,2.48332785156277,2.47671461312855,2.45324378305293,2.43052727134991,2.41927113736465,2.41210433680812,2.40238894811682,2.40773617343853,2.41058235866833,2.40961154197053,2.42491010176902,2.42162396682867,2.43444471638382,2.42764697611853,2.43981887593696,2.45726763468909,2.4715722048891,2.47112345347593,2.47665577773121,2.4923086951263,2.49125579270092,2.48068092750956,2.48985284213539,2.52515438072871,2.53728098536085,2.52634850849952,2.53434763169727,2.53609353608066,2.52484107671356,2.52682739195504,2.51493545720998,2.53164478818436,2.52395499259623,2.50620760950679,2.50679025229774,2.49866356430228,2.49189282587368,2.48916931466451
"9451",3.88002606996802,3.83588955816791,3.79290990458386,3.7834461392556,3.74487188586462,3.70670710426487,3.68423102624719,3.66962111495239,3.65399854216394,3.66200739742021,3.66459376083263,3.66203048656807,3.68433889036574,3.67478601175713,3.69025332724685,3.68052031613383,3.69642296221034,3.71727697547604,3.729068209043,3.71864850507412,3.72025115959134,3.7303700088643,3.72095077515326,3.69707224290697,3.69426924892692,3.72280695969785,3.72208740162715,3.69587236774603,3.69412914667079,3.69093120990398,3.67474650772728,3.6769745347358,3.66005107008562,3.67901299254148,3.66801341685513,3.65036723961602,3.6572516493849,3.65056284994163,3.64590613998472,3.64560333451424
"9471",4.22509374448777,4.17463826617583,4.12700709359419,4.11293854947542,4.07072506925069,4.03184527260095,4.01222844185618,4.00231399800284,3.99525307127797,4.01395034944889,4.02817873194495,4.03790178329818,4.07560122028207,4.07433475159056,4.10405865786017,4.10538290682322,4.13581806893289,4.17544831087207,4.20159325960149,4.19660407193895,4.20629610003566,4.22467647721628,4.21519070625774,4.19120273166247,4.19880178997346,4.24637837696881,4.25690653857368,4.23555441958676,4.24618205800806,4.25477420495281,4.24283417228254,4.25383698501263,4.23907253090797,4.27362890609196,4.26726724268898,4.25197370892839,4.27521341589479,4.27781755005894,4.28050495463737,4.28976640467341
"9511",4.62744931898537,4.57272724645147,4.51899172943354,4.50521106784386,4.45714507542478,4.41261136926378,4.39199723664596,4.38214915906482,4.37369660080491,4.39086142229716,4.39802420329515,4.39174679804877,4.40403238866736,4.38277253071731,4.38641557412575,4.3654005562272,4.36953277299767,4.37957347339574,4.38037269283118,4.36597407419465,4.36354524478534,4.37333849558266,4.35913628311358,4.33067520530205,4.31959808218145,4.33540877078709,4.32450418805205,4.29065562871299,4.28219136864619,4.27698561131013,4.25969474235798,4.25634149686317,4.23607661043162,4.24827332108807,4.23413596514964,4.22438494508575,4.23592570650125,4.23658157892108,4.23914860497404,4.24668842829378
"11252",5.04179367081001,4.98702788333303,4.92526447522731,4.90894026258896,4.85496013816753,4.80082934032887,4.75921101038467,4.72194412610842,4.67754319318127,4.64823661347396,4.61298052144596,4.57665607117214,4.55190756538275,4.50403068192836,4.47222811272079,4.42543532551894,4.39272832133582,4.36341599625163,4.33280723649693,4.29769881977301,4.26148399948801,4.23309591680809,4.20198826840361,4.17363297026148,4.14530648579319,4.12735290024098,4.10506449477188,4.07219394636369,4.04929050821985,4.02914544355967,4.00580165075448,3.98994597748442,3.97497378089761,3.97212124462728,3.96197797481389,3.95040787338644,3.94180603477506,3.92760377544428,3.91813294188596,3.91149750721589
"11272",1.99374783149296,1.97022977585263,1.94460102663914,1.93740280397245,1.91662533322909,1.89731350945545,1.8842507334274,1.87742453199223,1.86941906809932,1.87240200220749,1.87298626180383,1.87228391272384,1.88707920219233,1.88651574236711,1.90477946472901,1.90845438090276,1.93258285907089,1.96846647792401,2.00614951167029,2.03048312230799,2.0631239786554,2.11770717293632,2.14099665775987,2.14127285112648,2.1709901943987,2.22827969532974,2.25551432175274,2.27417511792009,2.34685231916285,2.42716201273987,2.47450620732644,2.52558075628408,2.51231614853996,2.54522485195618,2.53405437446802,2.51798767074755,2.53688987101815,2.54422719281122,2.55761140705378,2.57596354352289
"11331",3.24195955101446,3.20263003799871,3.16235482687801,3.14655138126053,3.11514701970251,3.08400737752497,3.06573690156855,3.05604061992627,3.04351780178537,3.04711262899097,3.04536410671725,3.03872992854447,3.0480666364107,3.03578634485327,3.04140297649927,3.02622416523371,3.0320113754061,3.04541801767524,3.05494320692272,3.05015396829768,3.05171349906157,3.09168264824447,3.11769290969293,3.12470179718197,3.14590334644162,3.1821573430746,3.18066470251951,3.16017314753125,3.16241990283592,3.15748702884361,3.13408043181506,3.12607754652553,3.1059824399326,3.11169702946327,3.09368843363007,3.0728746779798,3.06798621582915,3.05354901516898,3.04140949846798,3.03356907881949
"11351",6.43010526036805,6.35449528500552,6.28394124686491,6.25650913957784,6.19771854010937,6.13690786152733,6.09734873248858,6.07120488844544,6.04108890422364,6.03957170734803,6.03118992721621,6.07512706446566,6.19327982173363,6.2771622553886,6.3948115725757,6.4400214334266,6.52429929362854,6.61747280220744,6.70197802514227,6.70861992616784,6.67131834998343,6.60230771218213,6.48755159002931,6.36994390533727,6.30587571198412,6.27998976647166,6.21859793978942,6.13872883231206,6.08352506365652,6.02053614061893,5.94164869643056,5.88112601916401,5.81091005186044,5.76385812592296,5.69967071314237,5.63319423584499,5.58195466344561,5.526727767133,5.47764021234402,5.43611888982289
"11374",5.79462534837021,5.72975480269355,5.67180860379276,5.64921827428704,5.59907440105793,5.54561721711188,5.50602906539592,5.47179710843717,5.43448174791014,5.41700037117206,5.3944455465651,5.37155462818568,5.37510748693142,5.35656988621893,5.36284731332849,5.34073112986089,5.34232186040325,5.34739273003482,5.34963128040389,5.33370115489369,5.32583792759071,5.31647017122107,5.27777436940203,5.23103623571665,5.20382448217951,5.20039835010937,5.17569158080399,5.13368232107675,5.11077720892988,5.08627426288637,5.05263451601751,5.03466648607888,5.01006915685564,5.01095178472193,4.99249174466671,4.96925529581117,4.95883892922774,4.93724441240769,4.9213762678313,4.91225361048851
"11392",2.70254944910625,2.67263404716694,2.64396771598651,2.63670436494866,2.61487884526556,2.59380631268412,2.58345666259168,2.57814185690522,2.57110072951582,2.57676184092307,2.57811575114975,2.57303691474288,2.58069009106327,2.57236955042378,2.58303249463798,2.57735794070187,2.58956047174799,2.60771638804178,2.62618453630772,2.62909699301502,2.64624498649731,2.68829191035478,2.70667741692421,2.70323315134608,2.71133133149907,2.74124656312697,2.74290065985292,2.72546005651886,2.7316987201407,2.73608693087216,2.72628308109752,2.73293375742486,2.72381398983754,2.74326937815962,2.73853282806541,2.72808445972227,2.73981129566942,2.73860710403843,2.73887116204501,2.74435452237797
"11411",8.36835588869163,8.29079187958579,8.21213410038337,8.19823709432567,8.12501537548291,8.0425157441605,7.9812796451264,7.91120620237271,7.83589335869504,7.77429400766555,7.70690879733274,7.63293858519084,7.57375592180814,7.49602545085522,7.43586427850577,7.35891733386992,7.29709733375068,7.24011409664055,7.18416836221058,7.11828346820706,7.05781764930786,7.00304725660034,6.9437432852746,6.88482900152032,6.83627125088699,6.79576586582948,6.749528936129,6.70303511792973,6.66222890477537,6.6239795414039,6.58787720290383,6.55669377773704,6.527115941436,6.50081290396033,6.47453036003946,6.45141676478953,6.42729656046233,6.402234618747,6.3814512810179,6.3621053695157
"11451",8.84064806130035,8.74303746293402,8.64068475416162,8.61928288098111,8.53400461434571,8.44583997635752,8.45776826156963,8.58247955423346,8.71425147538482,8.86740400048075,8.96847010147933,8.80469042571206,8.71135222356921,8.554410011902,8.47397680494234,8.35362869373646,8.2835720562977,8.22191900171243,8.15074217976215,8.05638200684785,7.97736301296126,7.90855788564014,7.8241812477073,7.73290050105313,7.6614875103367,7.61366132609902,7.5512501584429,7.48017254968906,7.4240267575256,7.36865608638613,7.31826060926864,7.2876562372078,7.24681734789257,7.22247518863002,7.19037550968357,7.15841160431798,7.13184722871462,7.11207231867402,7.12329536966377,7.15006664300762
"11531",4.0790239401351,4.0360867616576,3.98792730690576,3.98430087659456,3.94895302076794,3.91717454147702,3.90472042798254,3.90331113193376,3.9025933908128,3.93223330041071,3.96231675431837,4.0031895095027,4.08589619927064,4.1228590203645,4.19986194989348,4.21483296969489,4.27150112211024,4.34451495183857,4.3837504946221,4.38657049761485,4.38087422299719,4.38452534187149,4.34731540298819,4.29836675127191,4.29313944039479,4.3400203312909,4.34913202601002,4.32584081566007,4.33633613641877,4.33348710441234,4.30199878152438,4.29467104270035,4.26022694889753,4.27392049593325,4.24773730554937,4.21772603090171,4.22465861914756,4.21298010150232,4.20385888482353,4.20103576486636
"11571",4.82878796090476,4.7766631096734,4.71805282121215,4.71125150089233,4.66385458790194,4.6203925165178,4.5968956161612,4.58016045928214,4.5662490448637,4.58232003725017,4.5906125614207,4.59367015568226,4.63028404149143,4.62803029833448,4.6651543651992,4.6568061066267,4.68708555855576,4.72524307489119,4.74258141979791,4.73612923908533,4.76026472209661,4.77660274119328,4.76445427545058,4.7563691825004,4.82714773810336,4.99086623832728,5.09923626424138,5.12777876240802,5.15709771818599,5.12786126357229,5.03923317475902,4.9779326131846,4.89452606618915,4.85880570763257,4.78793187974954,4.71836636532883,4.67299093781961,4.61586153703358,4.55754053961985,4.5048709332365
"11591",1.22850855403592,1.21412854277559,1.19901859352628,1.1961715530362,1.18443625820193,1.17513357044263,1.17212714171545,1.17194331095387,1.17248218399566,1.18012680582692,1.18516091614781,1.18841538892543,1.20135162619446,1.20584671895365,1.22267898812432,1.22887895337666,1.24640867845162,1.26742017491883,1.28454592608965,1.29666427554712,1.31270075345324,1.33300506287825,1.34423622801869,1.34869744591403,1.36861455888724,1.40566460832205,1.42113212695172,1.42425020200967,1.44312069371816,1.45916390526,1.46535540260274,1.4813871465701,1.48468751140873,1.50988524212459,1.51611442517853,1.52078554303532,1.54166087266861,1.55292169665522,1.56180129485799,1.57503706525918
"13254",4.17543056902959,4.12634559782371,4.06864906445491,4.05207367360363,4.00395381941863,3.96109273844139,3.93131408394907,3.91284796093215,3.89090449574595,3.89128173590973,3.88585460387741,3.87650407391169,3.89517259911664,3.87776845338522,3.89277522845304,3.87626384997372,3.88972575872971,3.91380050943265,3.93626343923405,3.94518840896339,3.96937909829665,4.00291523872806,4.00271760642247,3.98397330414063,3.9915546554461,4.03232329479668,4.04602688257757,4.03135427231237,4.05739810918374,4.08991503096923,4.10148747871885,4.14910752300384,4.15858619936469,4.19875946195411,4.16251106722439,4.10390646717632,4.07091485072308,4.02329554942866,3.97637971206588,3.9327652816912
"13291",3.72551903307968,3.68072292223232,3.63316741997513,3.6175285074324,3.57972608536029,3.54417760959997,3.52179597739765,3.50992408065095,3.493969734156,3.49646615925404,3.49315801626429,3.5144866698661,3.58737076125351,3.63093679256584,3.69866323744502,3.71650233962454,3.76928728824324,3.83582990042804,3.88533497679606,3.87985459401588,3.88113662584495,3.83942039015311,3.76771389813113,3.69199368555055,3.65222461533351,3.63227107945471,3.58914008268382,3.53515129692702,3.49650627577654,3.45534430670134,3.40631273963663,3.37123628395874,3.33185578571009,3.30964660526445,3.27628772610735,3.24128255125056,3.21603919805061,3.18821869673947,3.1657996134754,3.14893469344485
"13331",8.49462890311494,8.39911216735209,8.30195057810174,8.26489239076416,8.17945903526466,8.09504296751814,8.03848077309791,7.99965929764449,7.95042245861683,7.93949132230305,7.92043595376549,7.89261278490028,7.90475603796582,7.86463537497754,7.86703421066078,7.82416823269836,7.82400881643996,7.83659955430598,7.83698968473576,7.80792182863337,7.79615480198514,7.79874713165855,7.75662902749739,7.70038242726899,7.67924084275535,7.70944148649311,7.69406929017339,7.64683132874145,7.63865235165697,7.62665215998086,7.59130148762923,7.58929038590531,7.57228393814799,7.6076451042997,7.59441155508785,7.57512474098959,7.58399039122791,7.56826114413673,7.55852935471184,7.55738619602949
"13351",3.97449887072943,3.92434676605601,3.87662137269045,3.85545435049422,3.82110661424899,3.79464889674132,3.79178946727178,3.80446271062545,3.81828325866436,3.85082681243868,3.87296719945953,3.88087773698892,3.9029785167846,3.8929434178855,3.90713070196895,3.89060552238076,3.90079600946774,3.91760749310097,3.93203173600206,3.92700154866572,3.92964383526358,3.94846211032405,3.94297472120997,3.92760706238071,3.96699301473361,4.07642011322932,4.16200391892413,4.20474697231491,4.24989166851166,4.2511907354203,4.21018688097631,4.20204493126852,4.1758567744909,4.2013502610868,4.18348340358705,4.14635441751791,4.1251889206525,4.08064883995378,4.03610519425136,3.99542361729082
"13391",3.8661508571155,3.82297218593955,3.78250024863518,3.7695632293366,3.73546398181015,3.70235657996357,3.70892671752037,3.75298812196248,3.81062467066256,3.88370918743799,3.93937441510836,3.90181879808476,3.87917487682396,3.82579989593644,3.80692628808656,3.76153537457935,3.74494763981441,3.73433719258292,3.7220101336495,3.69247059554824,3.67201167768567,3.6629044899009,3.63740599527636,3.60398342175355,3.58618936292907,3.58835363938119,3.57172517920025,3.54058388418642,3.52490480205062,3.50874097212697,3.48380036625546,3.47224275527732,3.45276737708726,3.4518771811653,3.43508104349247,3.41611894918827,3.41020460961654,3.3957299340936,3.3858253045631,3.38097348602683
"13411",4.48130126326277,4.43146337250179,4.3835407469836,4.36980807838252,4.33054842264442,4.2928723608327,4.27395623824734,4.2623609131311,4.24833464461541,4.25512760560966,4.2573094341331,4.2866983476343,4.36047406835718,4.40267587852297,4.47854712795876,4.50407649956164,4.56228199509201,4.62669124676248,4.68142996371726,4.67281058542692,4.70160811014959,4.66476904204179,4.58797227883976,4.50388237814784,4.46418151563508,4.45152700431571,4.40966228150739,4.34937393074244,4.31295736462229,4.27454091862868,4.22340101616973,4.18935702050851,4.14505107622645,4.1221572956029,4.08343915071896,4.04149545782646,4.01466840478097,3.98102142542082,3.95118682310547,3.92636862909545
"13452",10.6439429384656,10.5299465667818,10.3971035349687,10.3674774415937,10.2673912694115,10.1671367446543,10.1317713101475,10.146292435988,10.1508809027519,10.2143949703974,10.2587174437405,10.2173743661937,10.2174428868964,10.1350412140923,10.1238761583896,10.0378873099595,10.0189918503736,10.0067334970368,9.9765540735985,9.90543933549644,9.86088277781258,9.84137205330863,9.77177369050704,9.68465479484114,9.64040031616011,9.65791041127148,9.62629315077732,9.54766956857513,9.50477408181847,9.45762068032147,9.39084018006936,9.36083957211388,9.30157360330566,9.299455933655,9.26258879477691,9.21561358945277,9.20635050822922,9.17122498545804,9.14088354869899,9.12056441749714
"13551",5.09337889518183,5.04102031530022,4.98168111010852,4.9764100285423,4.9294530568292,4.88427680631216,4.88795530761039,4.94378793941331,5.01185506889766,5.09821632270775,5.16067294420007,5.11187911421639,5.09292486273969,5.02489356497446,5.00290378000417,4.9363884287341,4.90981979154742,4.89136235245514,4.85651814863231,4.80698381311408,4.76731893856962,4.73313245197506,4.68129264016271,4.62108460396258,4.58094632287586,4.56668418213314,4.53672204304356,4.49404698128655,4.46984024010722,4.44583821149129,4.41634799770215,4.40450495555442,4.38195765412122,4.38372401977111,4.366307184012,4.35186906577266,4.3547446675662,4.34752575036335,4.34575653537531,4.34948349428987
"13571",1.68517592457043,1.66499392354563,1.64221663616792,1.63855478138594,1.62428173660076,1.61510727712659,1.61841756067518,1.6308089840415,1.65005988296826,1.68680536172045,1.72602969600799,1.76541467085339,1.82845504281823,1.87126255262827,1.9469434232955,1.9869728513797,2.06263830610467,2.1598768125981,2.23676281456593,2.2886179308921,2.35146212191636,2.47256525969308,2.53797446063012,2.56385212279411,2.62622223854085,2.72296971709034,2.75631883785537,2.76305961498809,2.81420823466518,2.8571239858361,2.87279025042625,2.91475126491248,2.92820994312852,3.00122941131783,3.02562333280745,3.05029733451094,3.14707109347156,3.23769740662411,3.32858727636685,3.43316529439679
"13591",8.79803578980195,8.70192868793163,8.59789649334464,8.58136333624513,8.49458840395885,8.41786788797835,8.37999969539119,8.36243165070583,8.34332850517165,8.37259717031894,8.38776426706557,8.47951238194251,8.6894034967431,8.83300713630595,9.06371739885991,9.15512808318613,9.32264714670445,9.50973213337604,9.61412311674266,9.64092789445442,9.8755519886694,10.5035829475164,10.8650127505208,10.8131503693201,10.6702072246112,10.534258046225,10.2730946147449,10.0136143334156,9.86021656634731,9.70099031757581,9.51356886505568,9.35472164588905,9.17101726871985,9.03403843905557,8.86634175527147,8.69571671794565,8.57004113351218,8.4427935827048,8.31440442001946,8.20759051908707
"13611",3.41687850620303,3.37945098672249,3.33839574991269,3.33465120474279,3.30379131851951,3.27709341750259,3.26863854341742,3.26842910426889,3.26891016551415,3.29393578985298,3.31389834629855,3.32631160541257,3.36760942798758,3.38257396915214,3.43138767827434,3.44385615178518,3.48923989909721,3.54155285033561,3.5808929715466,3.60389673475495,3.63841433103314,3.68630903877565,3.71323823670703,3.71201943240868,3.74924951877166,3.8332474626325,3.86021407562162,3.85724251419109,3.8964967536742,3.9225607401504,3.92043632246442,3.93997937040487,3.92922384540367,3.97258652628332,3.97004412079031,3.96884695234774,4.01154995476077,4.03599769175865,4.05720320469627,4.08956840133618
"15291",5.65753426403803,5.59030418377837,5.51627453784789,5.49297359054566,5.42997784811278,5.36922708771755,5.32652845851868,5.30398625881511,5.27599237808126,5.27712825293192,5.26680785704416,5.24740213488325,5.25645096217608,5.21926598188153,5.21765074319135,5.17817010498512,5.17314846362004,5.1783575182748,5.1737486027052,5.14543254301029,5.13159943221034,5.12979267732209,5.09697740795678,5.05292586478615,5.0313284007106,5.04265213231358,5.02982442251864,4.98674853925559,4.9685502142908,4.94943105275784,4.91264729383575,4.89922200607638,4.87336085482947,4.88564385063323,4.86862201777649,4.84827190901514,4.84489511722675,4.82556840205142,4.81173865873866,4.80173593551001
"15313",4.65053505404162,4.59320157824317,4.53170042201056,4.50907646411642,4.45826417210405,4.4125296432784,4.38646252440973,4.37699357994432,4.36599743132003,4.3851569759949,4.39909648371792,4.41152344293246,4.4530657617968,4.45385826313356,4.49170646388952,4.48793240629312,4.52268234522807,4.57640954491706,4.61524882340773,4.61419455852481,4.62963252557937,4.66165470929152,4.65326305911653,4.62832765363012,4.6451213119226,4.70081097597544,4.71100681361269,4.68772098448529,4.70166896182655,4.71011161078226,4.68982037144413,4.7066103105268,4.70056132263092,4.75232982158947,4.75321529975627,4.74374322111495,4.76837620399004,4.77306064401851,4.77599092222145,4.78273249956692
"15393",5.43019879175383,5.36930481429123,5.30809144967701,5.29047781101568,5.24396404773402,5.20084573852778,5.18123161979077,5.17434651876141,5.16700878550809,5.19333276336972,5.21636095291475,5.27919379244641,5.39204021044322,5.45811698276317,5.56655319123411,5.60291112324221,5.67907593218716,5.77260337470619,5.85952073828633,5.8733816144541,5.95964942691782,6.05365089785019,6.04453533179624,5.94453860203243,5.90685812278496,5.92178932004282,5.88113753237015,5.81034929131073,5.82622892915188,5.92913390282654,6.09149103335965,6.33467954466204,6.45909091475349,6.57986786520013,6.50522717149493,6.36043951861701,6.27344086960012,6.16208029123086,6.05197651913239,5.95242420713029
"15431",13.8586199882954,13.7106386724293,13.5564552431201,13.5151861226984,13.3949883330778,13.2784747938556,13.2223669039381,13.1897345885994,13.1437482723381,13.1636568074445,13.1710819942915,13.182029447857,13.272919336947,13.2698518322234,13.3492082674316,13.3222903457546,13.3760504495647,13.4422761107667,13.4740955948303,13.4164868017001,13.4050456837657,13.4051718134326,13.3139369172504,13.1862874072338,13.1310371664327,13.1510879556477,13.082458198206,12.9509081356793,12.8783763000226,12.8049706058543,12.7008302553794,12.6450587189646,12.545653076691,12.5181504284381,12.439003869511,12.3453435055322,12.2993511636276,12.2247463348081,12.1541333969381,12.0963756151544
"15474",7.31000291453127,7.25062072885641,7.16782958395056,7.15948040279674,7.0956425777912,7.02377504562052,6.98011785956141,6.93342218083338,6.87140878769157,6.83803194523647,6.79777890456488,6.74208393153422,6.71348412797775,6.65335042329957,6.62219784710874,6.56145748121093,6.52770627433397,6.49813490134276,6.46213540315405,6.41455595333194,6.3774726819535,6.34566404532818,6.30012761886704,6.25170730172327,6.22094406414662,6.22186277655653,6.20115445656549,6.15515909829835,6.12125996953174,6.08319844072621,6.03864004907745,6.0124872179931,5.97346735197539,5.95818534371306,5.93035161980238,5.89919637020433,5.8810557800784,5.84791476764574,5.82133754499063,5.80319270726634
"15551",3.79329143001462,3.75441885079717,3.70801628938788,3.70295660587177,3.67036261217888,3.63929636676184,3.62970796476054,3.63207580879444,3.63449941155311,3.66605333214541,3.69191190812758,3.73092079274589,3.81463295288288,3.85866851276512,3.94260259804867,3.96399368049882,4.02561150008378,4.09636329018252,4.13536352373438,4.13247139310515,4.15507203396283,4.16008919801293,4.11196944065803,4.04180752579712,4.01771217918196,4.03541960327696,4.00991241215352,3.96064104569789,3.94153906049457,3.91694877096127,3.87659985225155,3.85859324904178,3.82303729364238,3.83079362324094,3.81232413360273,3.79709498087034,3.8131838306122,3.80933187787581,3.804691402148,3.80687807738446
"15591",5.98873685151742,5.92937865515044,5.85727741738625,5.85229557826083,5.7982540587351,5.74520393730018,5.71995064422975,5.70751848531936,5.69112323250387,5.71484308557314,5.72689278644062,5.73040391942297,5.78423500674903,5.79174665976792,5.84832862709334,5.83491688513464,5.87035610183401,5.90905825184537,5.92172423353363,5.90291780633332,5.91606698698067,5.96757543432441,5.9869563671757,5.95706074207934,5.95995389716998,6.00087710562861,5.96077184020577,5.88026530821962,5.83231142648477,5.76961097908844,5.69112544754051,5.63138679985786,5.55740495899394,5.51231866547988,5.44666098902545,5.38414583140173,5.34324674657398,5.29566986641895,5.25384940252792,5.22010781342705
"15611",2.80150255458174,2.77129027196066,2.73513510683612,2.731387409785,2.7073146255019,2.68636637062839,2.68126617242546,2.68321253559622,2.6832273864329,2.70339933377983,2.71781908008435,2.7242013476925,2.75480057308882,2.76017914695966,2.79206203884733,2.78860153282112,2.81225451071118,2.83856668902473,2.85202055964498,2.85080744972921,2.857532871412,2.87374303840979,2.87568927465534,2.86012445134897,2.86963501742811,2.91081181239739,2.9166080762563,2.90139017525105,2.91140450245063,2.91377588525813,2.90347402249823,2.91167054972826,2.90195546193581,2.9274723264157,2.92274121680271,2.91942635906102,2.94249171598632,2.94792416681121,2.9503895513563,2.95959476023963
"15631",0.496240091546991,0.49147023288279,0.485577118402649,0.485214874684037,0.48075842603138,0.475946892958071,0.47318250572534,0.471125269800116,0.468257390797668,0.468342930714888,0.46780525948597,0.46880956154518,0.483166078103009,0.510798641663727,0.568179498622796,0.640992021754903,0.748470194988117,0.887737346273728,1.03856346814934,1.1944339132553,1.36748489212705,1.54874841690617,1.69400314169685,1.80122619832635,1.95072547584787,2.12820874178435,2.22484773695583,2.30285121907087,2.43202387795506,2.5395077619859,2.63542033266818,2.73874760326748,2.82075875143617,2.96203538689249,3.04432527282134,3.12014009402039,3.25754556773143,3.36328274983636,3.44092589815719,3.53796171669208
"17171",4.21209772678256,4.15946262122895,4.10535470831208,4.08115210090117,4.04060852259388,4.00589322476455,3.98601056731731,3.97507791271641,3.96495717814636,3.97496127301069,3.98103714340288,4.00514582669855,4.05517825386925,4.06886683245412,4.10631584619753,4.10661234106419,4.12851680661272,4.15983995353729,4.16332708943105,4.15538856514102,4.1479071608015,4.12360533244612,4.06757625449379,4.00511413382929,3.96966470555276,3.94627065427766,3.90935281032092,3.85831641593969,3.81940786444732,3.78800606462513,3.7430268948346,3.71057814368492,3.67543847894126,3.6560310880287,3.62734702285492,3.59768551090699,3.57106016690322,3.54509698905139,3.52258218644812,3.50307535742521
"17252",3.67494316919744,3.63028418615159,3.58213287437726,3.56366232685143,3.52429336195852,3.49236141877872,3.47337895599479,3.46672916741168,3.46293112232207,3.4834796869656,3.5023787804841,3.54392031933077,3.61409420835035,3.64519415900219,3.70054450360198,3.71287601209068,3.76466753236856,3.83174963044172,3.87959166404639,3.89689703747438,3.93958326282968,3.94314907890435,3.91417546384314,3.89489573005005,3.97371057114174,4.1371685373949,4.25683511546115,4.28964501570497,4.30280523672628,4.26544226294232,4.17784950631892,4.1381551927921,4.07153232840715,4.05256823841905,3.99559343508979,3.93048498627082,3.8878791546073,3.834497530086,3.78046556860994,3.72912615114243
"17292",5.91939695275018,5.85006788587638,5.77298216288369,5.7455539262321,5.67529973706085,5.61037346929274,5.56271822255106,5.52861524834754,5.48665761798169,5.47338160309538,5.45058508422074,5.42879484101181,5.46557617098453,5.46220765837682,5.50215379058906,5.49677113516433,5.53033672640539,5.57830016347861,5.60491896886428,5.58903803380846,5.5874125533508,5.5716793526531,5.51323956218245,5.43794585741494,5.39729197803267,5.38299483518168,5.34161167006362,5.27781065755702,5.23424053781516,5.18892093935157,5.1291707964812,5.08820776720551,5.03748800262862,5.01403462237333,4.97090341124312,4.92711686237034,4.89547726057008,4.85529820281415,4.82268690992466,4.79466511605605
"17312",4.99258817564529,4.93403257910854,4.87147437863629,4.84853450678727,4.79294495527017,4.74131553628764,4.70589072475161,4.68189630095451,4.65222670017107,4.64613869286243,4.63164083430963,4.61658151135458,4.6288475582314,4.60816282316256,4.61760450380252,4.59734392217777,4.60504090554388,4.62383119469082,4.62958707293701,4.61055679707511,4.60221409997836,4.60615041888399,4.58486210861101,4.55391489390035,4.54986419655748,4.57555594740733,4.56982778156009,4.5330520997204,4.51446667112985,4.48917734324739,4.44518808104556,4.42136515170683,4.38424565436875,4.37687025126684,4.34659661925824,4.31456082872967,4.2951984514403,4.26418228442268,4.23801412581695,4.21564979016888
"17351",0.944887075494498,0.93350985873634,0.92140531373071,0.917214649836656,0.908935816722027,0.902884685482154,0.903746773903309,0.911144753921135,0.924029959483398,0.950696815191241,0.982546118361672,1.02331348691555,1.07599498563095,1.12425108080532,1.19029024376053,1.24222744150796,1.31747510149682,1.42029624386658,1.51272298485138,1.57971092785482,1.66957025498178,1.768902948565,1.84078257539428,1.89392380805419,1.99210129864712,2.10751751884783,2.18535288637798,2.24195925079211,2.33264364665804,2.41871262174955,2.47804820741342,2.57905469331921,2.64038264781147,2.76806683463954,2.83406612178793,2.88157007227624,2.9850475890032,3.06828606220849,3.15331895676016,3.24491796468114
"17374",8.68752349079615,8.59637903732017,8.49669525433783,8.47441142771384,8.39588628616417,8.3182556177628,8.27483610301375,8.25162951499287,8.2148126915422,8.22478157489892,8.22029984518574,8.2061540841037,8.23274696124775,8.1933587194929,8.20394556514214,8.15038345485802,8.14442721129742,8.15040812615184,8.13178532672029,8.06987724734847,8.03186625330613,8.00783719225895,7.9325080062357,7.84380241743728,7.78709540984693,7.75713220856617,7.69394515892912,7.61135138503222,7.54899395779138,7.48393310334592,7.40926165120895,7.35458992203721,7.29082857444503,7.25242217986514,7.19774181562722,7.14711250720894,7.10967063626668,7.06400498832605,7.02922422622409,7.00496023553975
"17391",8.9092118544214,8.81079517435549,8.70699503899549,8.67768214680314,8.59935473816602,8.5225838739657,8.48214838616183,8.45411343790963,8.41740808345831,8.43050786900168,8.42940382978227,8.49524168380528,8.66217591442492,8.75639180710676,8.91316704153975,8.95591088446184,9.05699652697534,9.17775750404648,9.25015086847757,9.22490854629846,9.18421560116264,9.11465329021689,8.98127467108163,8.84170316591301,8.77565407806858,8.76837243253031,8.70668742541288,8.60819951838905,8.5480814055759,8.48556206982515,8.39764870496159,8.35176709841561,8.27875758604336,8.28127014313045,8.2450733286228,8.20972565790755,8.21502723818399,8.18215051888845,8.14271116506114,8.11111920694336
"17411",6.79550447279082,6.72041339982869,6.64466026979861,6.62094743747348,6.56230283421127,6.50469952063071,6.47458465836126,6.45412172909171,6.42806255288013,6.43761253920805,6.4359851312973,6.43781930228721,6.47781732565204,6.46835834208459,6.50298996235996,6.48449406859317,6.50905596109368,6.54497083954779,6.56425268735862,6.54444676827613,6.58819715461864,6.59597618870596,6.55171054493626,6.49308013468569,6.49000517445423,6.55636063891878,6.60772026470107,6.65314250910383,6.7555698396298,6.84844936392939,6.86279293551253,6.86270726407986,6.75960256619223,6.7245423981809,6.62679918679394,6.53000122299453,6.47347038108093,6.3999395737368,6.328913979209,6.26864677732014
"17491",1.41453767269004,1.3974010224672,1.37529025774649,1.36911158719259,1.35730319689003,1.35070107512224,1.35920552508026,1.37934467636514,1.40486444489292,1.44840520111126,1.49610267254086,1.54072101749498,1.60707246797586,1.64324239069574,1.7031330679215,1.72766935834681,1.78415866418971,1.85024641951571,1.9042606820347,1.93050650783369,1.96915983890288,2.03966007529172,2.06503669382557,2.06928115355465,2.10794838298027,2.17809796887031,2.19903843358082,2.19110644682684,2.21317041019499,2.23437103491678,2.23407369619532,2.25504097931321,2.25257171004782,2.29865494097522,2.30915190015179,2.31008768380187,2.34900860886328,2.37000942470863,2.39032101814269,2.41893977779194
"17531",4.3941509799357,4.3522160459965,4.29602013526137,4.28964352783706,4.25298754027609,4.21284480946516,4.19674932497516,4.19236642418064,4.17932652408717,4.19774110808811,4.21499291610534,4.2353019189394,4.30819543880801,4.33640350075077,4.40075099307305,4.40665821563372,4.45636605512194,4.51526285739093,4.54597832027453,4.53977624485104,4.54207119511764,4.55590266069835,4.52097373271524,4.47122582002484,4.47380772552713,4.53403656177906,4.54744997357895,4.52027540746812,4.52231359179226,4.51168218859873,4.47474495360355,4.46657405370931,4.4345969752239,4.45838617630873,4.43337643729293,4.40128819656388,4.40374706594811,4.38376508103277,4.36761237487487,4.36232786564494
"17551",5.40475517164771,5.35404598942423,5.28913035688247,5.28101163203054,5.23615035373452,5.18559878806818,5.16221222001347,5.15118058355238,5.13463882624811,5.15087120958195,5.15777104637042,5.17155857470342,5.24429901945725,5.27293545880826,5.34671941222375,5.34472653144557,5.39487405392773,5.45417284447346,5.47641584771646,5.46144516000016,5.48716443259821,5.4864235270393,5.42095454171085,5.33110430634469,5.28873577234346,5.28722534773984,5.24255071104119,5.17635678933993,5.13794885015925,5.09498013953458,5.03783642434007,5.00197043493513,4.95013114275962,4.9343106969471,4.89169236240916,4.85190314249437,4.83738878678424,4.80925970925197,4.78644919871842,4.77114300322759
"17571",4.53677412316827,4.49161838437332,4.43521526466311,4.42777182832729,4.39168835916505,4.35267891995177,4.33688048130102,4.33217924966004,4.32357975139978,4.34233879709507,4.35136913272848,4.34885581853823,4.38213298037433,4.37789817264961,4.41006230473096,4.38733694094878,4.40512852398084,4.43085749725516,4.43584892000002,4.42078931221652,4.41963498281413,4.43189956143529,4.41458154975616,4.37694156972764,4.3748885934111,4.41545616380274,4.41386312883932,4.38262938379522,4.38284159643755,4.37534106216483,4.34989060468074,4.34998828688375,4.3272906579173,4.35289736248892,4.33779578892236,4.32451003016106,4.34444749344687,4.34057657067695,4.33795022939334,4.34420927749655
"17611",2.84895693175165,2.82102359089268,2.78508919210078,2.78237765834671,2.76000403899364,2.73657494640785,2.74004614740406,2.77235511927458,2.80662882258744,2.85398798388655,2.88261352797992,2.85361356409545,2.84908273884725,2.81430271178394,2.80886867455008,2.77422068743117,2.76664396198957,2.7628477532357,2.75193400205767,2.7351653212733,2.72954205003645,2.73060010609022,2.72041521369135,2.69945903788875,2.69997099228004,2.73114367682678,2.73882824415591,2.72677813911473,2.73246520670984,2.72789773420547,2.70924531420532,2.70329776007558,2.68462955930278,2.69508614336486,2.68336477285733,2.67547472764188,2.68930653600725,2.69033349616517,2.69297411652266,2.70201387312622
"19191",1.75144210608208,1.728108080847,1.70456102069763,1.69340423755878,1.67658170541873,1.66475187691739,1.66050995926584,1.66223312176808,1.66719856923752,1.68328908365706,1.6993413398078,1.72459255900226,1.76413447378226,1.79225250466497,1.83755064241982,1.8728528837696,1.93112809481191,2.00641949307188,2.07941407443866,2.13879886872873,2.19547863862524,2.25255096345802,2.29145823849834,2.32292008897716,2.40881503503631,2.51538703602426,2.57078623414219,2.59078053722577,2.63586314979426,2.68753780220496,2.69272549943249,2.74532743186416,2.78296395703041,2.8777272879467,2.91646389052304,2.92971028329326,2.96224113194189,2.98302392887169,3.00120636320014,3.01933109586315
"19271",6.8199838261635,6.73720541948372,6.64332097709336,6.60464136010595,6.52331298674297,6.45197876545011,6.39999433778269,6.36370257007805,6.32475763712213,6.32089638235742,6.31065404013632,6.30172285829577,6.32961093126161,6.29917397374401,6.31301460447895,6.28239101051265,6.2986337519626,6.33157415458712,6.34954427813021,6.3382887819088,6.34627432894669,6.36641404539631,6.3464979602996,6.3063179195147,6.30832580894008,6.35543020562299,6.36605907638581,6.33056185839064,6.33237691744446,6.33244336250657,6.29931536518553,6.30914713982965,6.29099155349412,6.33700387384335,6.32574383180826,6.30934387311703,6.32591930736164,6.31365166023764,6.30474896375347,6.3017979320684
"19293",3.49901014197956,3.45832164983642,3.4101390860222,3.39304383109376,3.35280056611903,3.31862396395427,3.29775296512468,3.28629176964176,3.27088502983783,3.27573688444382,3.2752605788095,3.27353206273097,3.29338579361014,3.28244774464905,3.29612766541875,3.28549394755375,3.29887849619989,3.32196841563004,3.33534382320538,3.32951890700729,3.35096138286067,3.43656845236268,3.4967697324393,3.49888767174338,3.49764273978158,3.50403924048683,3.47555305600764,3.42779204179039,3.40417017665725,3.3792843155703,3.33952486654805,3.31990001490936,3.28665537495975,3.28200541354245,3.25641408005877,3.2311085293197,3.22158324559092,3.20168459212365,3.18646832567315,3.17734557737437
"19331",2.86876949031757,2.83678745483397,2.80366150942748,2.79303962586009,2.76455613577781,2.73779846795741,2.7208525233073,2.70940885448249,2.69501318539365,2.69500662860429,2.69154698336727,2.68768145134946,2.6955245692665,2.68612922504034,2.69174778206755,2.68009285352362,2.68410123801924,2.69582711707706,2.69936823477081,2.68813352193997,2.68522580267662,2.68857787155144,2.67652144584955,2.65850448959689,2.65492094091318,2.66801720851035,2.66486949365265,2.64844855659007,2.64490755795631,2.63904471773617,2.62283392623933,2.62029769029164,2.60826774880247,2.61827717957257,2.6106423722559,2.60127603903417,2.60351271540564,2.59488345321501,2.58925255686827,2.58709677921456
"19393",2.12533766797796,2.10135199704421,2.07561712738708,2.06862790732899,2.05047238466962,2.03478967182792,2.03040095857622,2.03172110454488,2.03332326041283,2.05230103173741,2.0688515783967,2.08604261929616,2.1196099691236,2.1325551045211,2.16783042168993,2.18111547726384,2.21748676501253,2.26635825584992,2.30971402103023,2.33316332297734,2.37302784340923,2.44766913650695,2.47889354770263,2.48380594057934,2.52338052977526,2.59195554158506,2.65079431659331,2.75895177967592,2.98832910391365,3.2756914024645,3.49898681409466,3.65375455986566,3.60865837617261,3.55129296054939,3.43041159571879,3.33300928863791,3.29757410356777,3.25034497865446,3.20318807121702,3.16466892975264
"19494",11.2963215422634,11.1847262982646,11.0368533727499,11.0042207953376,10.8945205170771,10.7769589010405,10.762897853991,10.8693815329921,10.9813631647961,11.1357234799117,11.2389555913643,11.0755173877858,10.9957383372805,10.8272199076907,10.7385783237386,10.5893258420547,10.5108648961858,10.4411856904559,10.3510561060256,10.2356285107723,10.1387604012397,10.0528220082826,9.94251643464407,9.82324644107884,9.73160889805676,9.66717247532648,9.5788205586037,9.47997251847417,9.40052890634657,9.32597360468029,9.24918943381066,9.19472339056107,9.13421108789519,9.09723854608537,9.04908041543803,9.00474080411566,8.96719431033218,8.91601530837315,8.87967514270779,8.85553041882974
"19511",1.4859523045593,1.46807514518707,1.44452812504425,1.43783964492196,1.42569515739753,1.41931454877326,1.42867946445415,1.4490355483,1.47333605604591,1.51572804887089,1.56101179326171,1.60430000091533,1.67070185115778,1.71017774611995,1.77258119486201,1.80116330116337,1.86125105049582,1.93174046003863,1.98908176415622,2.02033930804266,2.06086090894903,2.13784150573943,2.1652258633342,2.1701238166226,2.20928721270033,2.28212359152355,2.30466169225931,2.3027580314821,2.33334247199863,2.36127174682177,2.3700473470817,2.40379067163033,2.41116435696773,2.4720313782218,2.48662552200342,2.49289576020216,2.5405133030365,2.56503336331847,2.5845119803691,2.61262794832653
"19531",7.43979761818638,7.38084814320357,7.29655113296012,7.28787812252732,7.22208438342333,7.1404836131661,7.08922472837363,7.03762981194624,6.96960688312189,6.92144906514075,6.86918876267207,6.80839065979988,6.77902036459985,6.719991670128,6.68345590867068,6.61945097427398,6.57738076248666,6.53836811986634,6.48978152724422,6.43199310767033,6.3645448043155,6.33893010555907,6.28616858640613,6.22221390516624,6.17275167426841,6.14246663676408,6.09989355573529,6.04477331213807,6.0052196511969,5.9679298659166,5.92832185019933,5.90427772890048,5.87275624248963,5.86610537501629,5.84397589825479,5.8249159649196,5.81709525111628,5.79582893923775,5.78422955153633,5.77925491561464
"19553",0.795274496512176,0.78505282738519,0.77167644488959,0.76708010799336,0.762158735633587,0.764610177029851,0.784266395132514,0.82461682645432,0.889694607710034,0.980162964159737,1.08832781388033,1.21191752425768,1.36320869207506,1.48980956857383,1.64825108909827,1.75185894675628,1.91046500077462,2.09997091206754,2.25417529097412,2.37663939068387,2.49653885406354,2.66991576105318,2.75273008282421,2.80118929397413,2.93376268946943,3.12236675745325,3.20649094865808,3.27259646368463,3.39904159744641,3.51197907274565,3.58835198601918,3.7053838121147,3.77737481557034,3.94850921589229,4.02530062719061,4.09387069507076,4.24935627228673,4.36555136669411,4.46221074364879,4.57723144635362
"19573",3.6046690834915,3.57145312494279,3.52801876654968,3.52443285520936,3.49680641362712,3.46502948190677,3.44967702742794,3.44159816981881,3.42812352665491,3.43813448917363,3.44086298898494,3.43606023924231,3.46152613617748,3.45848697171338,3.48655588488811,3.477496520619,3.50123311244205,3.5342914740427,3.55287861503758,3.55639882516066,3.57779417412954,3.67038893751862,3.73426918954078,3.73784793636852,3.74998065647058,3.78174931846779,3.75268818742188,3.70320767673998,3.69166877727665,3.6796317456173,3.65378039633482,3.64462024292124,3.60615812660522,3.60159095588543,3.56222018541831,3.52300403010457,3.50738634020929,3.47819014789165,3.45427623961028,3.43982443495203
"19592",6.9014940589113,6.83592899350932,6.7511075150325,6.74195346200475,6.69003733452314,6.63010926211963,6.60100547298329,6.58420541196191,6.55935202308073,6.57933000999802,6.5836574522941,6.6141612375856,6.7371386047937,6.79669635793932,6.92225282733839,6.93482217863566,7.01881360153275,7.1080901939839,7.14189646619192,7.12458191203536,7.08602812893923,7.088536834039,7.03157297916417,6.93269029088129,6.88791388196028,6.89742422818008,6.84108678605283,6.76045650290231,6.7308665602966,6.70173641656881,6.65387046967602,6.62860506032314,6.56295264140868,6.53933634912992,6.46331927324063,6.38397900809055,6.33159025965133,6.26194742214785,6.18600433283014,6.11529789005748
"19611",6.10581741638979,6.05553749383846,5.98659095829632,5.9830493349689,5.93631938025187,5.87666842637001,5.83476793423328,5.79277430418443,5.73873196306077,5.70945665917048,5.66953418184004,5.61754993937876,5.59848861804548,5.55113622984213,5.53400313973813,5.4833889305066,5.46033924005453,5.43836553162445,5.40472410446519,5.36152591505667,5.32862909773915,5.29683902262403,5.25578293923991,5.20549407053858,5.16955008353593,5.15409050122915,5.12057980083361,5.07536269037761,5.04380690730829,5.01077008151143,4.97152098641583,4.94619518164885,4.91281979206286,4.90143293181864,4.87539642753797,4.85318439554865,4.84211430099052,4.82997457138042,4.84117807129799,4.86710729161219
"19653",4.4434403942929,4.40133072667083,4.34653951335772,4.3423030251534,4.30780838460656,4.2664809920222,4.24537536301247,4.23214907468314,4.21086753183995,4.22230378637919,4.2400596616616,4.24807022530022,4.29331882201713,4.31140806746657,4.35702736588723,4.3634865061521,4.40326203211874,4.44158568486659,4.4699259619678,4.47888363644892,4.50206893978425,4.55023514118337,4.57876803125864,4.57674881791557,4.5996035223251,4.65673167805691,4.66396542267214,4.64632857220252,4.66217900069046,4.67213412592388,4.67447731064848,4.69822891949023,4.69140918295065,4.72451490835008,4.70577247178206,4.68578509920969,4.70224468915164,4.69781348770614,4.68565452784045,4.68070403095102
"21211",2.39296251956363,2.36341290328375,2.3338306935191,2.32269196920742,2.29925420551537,2.27944167561273,2.26623507509441,2.2583933517324,2.25232970433893,2.25958595909201,2.26561591181211,2.27579294035084,2.3021490190792,2.30764492058161,2.33409526177117,2.34730729333913,2.38380470974184,2.43232220121391,2.47559477347323,2.51079333405309,2.54902420138187,2.63460581533877,2.69167515916048,2.70344530059267,2.73205907668216,2.7796154323073,2.79831241522137,2.79710622181859,2.82196765875274,2.85725045486,2.86106422578331,2.8970737639145,2.90638770631338,2.95825751658403,2.96769797073721,2.96757158253363,2.99770933962214,3.01652706552888,3.03401616095706,3.0515745028334
"21251",5.20127196311648,5.14158529037789,5.0735893781499,5.04876966097332,4.99224686697738,4.9425524426574,4.90541887942519,4.87722778584834,4.84612243830225,4.83891345611677,4.82630656732824,4.81563185696251,4.83321627959262,4.80939413509553,4.81622793527298,4.794388394082,4.8035145655439,4.821627142168,4.82819716101695,4.81545475220981,4.81640630653939,4.8185068715058,4.7893356132844,4.74655157722161,4.73284856045429,4.74757991498873,4.74041481368723,4.70671956526891,4.69709114931135,4.68722711691219,4.65404716555839,4.64479648120184,4.62064064454294,4.63239322573937,4.61046699451316,4.58853863198268,4.58262286085304,4.56227151527728,4.54421402091966,4.52800866367599
"21291",6.27653503193075,6.20302801747874,6.11710149520027,6.0812230707045,6.01015771616914,5.94866613420743,5.90849455817135,5.88021152009566,5.84712043163544,5.84339592169241,5.82907764803978,5.81713320620185,5.83582050869047,5.80787841631265,5.81584029199067,5.79031082827485,5.80169880799931,5.82696587267378,5.83771720992361,5.8199869793174,5.82087086059194,5.83116710446923,5.80694575420579,5.76844293907242,5.76498539400405,5.79887920562557,5.79786853947639,5.76328621624279,5.75991518747531,5.75609074403101,5.72640062121272,5.7294697511865,5.70932612513141,5.74300347661279,5.73002569139503,5.71527922217359,5.7273520175406,5.71149253097349,5.69936325890599,5.69283610382919
"21332",3.02957464163087,2.99445934392152,2.95638610933628,2.94431081031581,2.91623707513194,2.89179750447346,2.87927124729175,2.87210024286331,2.86216099856705,2.87018310048492,2.87376923444242,2.8806079472298,2.90560308557495,2.91104258293921,2.93843298803481,2.94326794175455,2.97382059999064,3.02119953174177,3.0614924876363,3.07879006262653,3.11292847188591,3.17344212963708,3.20799476936003,3.2197766571457,3.26464295350056,3.33311045809107,3.35838307901291,3.35166718293759,3.37309931315748,3.39115894436593,3.38425400621925,3.40971515013959,3.40984721843744,3.46644051762168,3.47919995717911,3.48792643524203,3.5356070483038,3.56907127432957,3.60621953128575,3.65186201470759
"21411",4.27205834967097,4.22431073520242,4.17734391376648,4.16217815319258,4.12504912025049,4.09138380043873,4.07493954780589,4.06583665222038,4.05681486814363,4.07135017345407,4.07841376242837,4.08631162018228,4.11753362053852,4.11719045654869,4.14250134592775,4.14017226526725,4.16390722873274,4.19684426886506,4.21721942753563,4.21192489563349,4.21998524075841,4.24040997655191,4.23270044646494,4.20214249349904,4.19750163200532,4.2244795639764,4.2160845346652,4.18647945443726,4.17961979596836,4.17461765873294,4.15303997111554,4.151005478265,4.13266299592363,4.15441034280434,4.14620725688597,4.1413026471907,4.15816294135993,4.15877334040795,4.16579351595163,4.18152527507864
"21431",2.65101629035484,2.62030666548038,2.59131616555839,2.57752556623602,2.55496006403298,2.53398801027791,2.52466732933832,2.51884310976573,2.51474581448023,2.52193592072559,2.52431260684966,2.52917362587709,2.54485783584089,2.54373445052611,2.5529366449974,2.54684924484775,2.55609092484014,2.56885344848224,2.57296744915632,2.56088710179297,2.57097423983604,2.56645387148175,2.54664440515387,2.51467249668702,2.49776995795959,2.49328234964846,2.47659669783059,2.4544868227029,2.44024393234131,2.42813032470932,2.41432622893034,2.4095921484123,2.40101000587716,2.40606640948604,2.4008521921005,2.39603132162954,2.39992787393518,2.39664262887541,2.39630578238105,2.3984168884759
"21511",3.31910580569643,3.28562006216494,3.24127382276344,3.23211281795912,3.20112330509093,3.16915829365472,3.15343158494052,3.14445194251992,3.1300672608198,3.13597986819655,3.13982070422608,3.1363199523298,3.15677462621854,3.1520414029543,3.16957534360041,3.16008827480598,3.17444345434502,3.19496730057828,3.2021930423851,3.19454140845625,3.20453767700708,3.22368292475409,3.20898087947175,3.18223456176575,3.18319666135098,3.21671194691787,3.22010062852751,3.20167202486681,3.20554215650176,3.20803001158931,3.19856762398059,3.20794253782604,3.19630719207943,3.22513203687471,3.21913439424919,3.21122172936284,3.23011628548121,3.23242028322426,3.23929705133428,3.25567971507191
"21531",4.04715801663715,4.00899131722878,3.95576510073376,3.9487367835831,3.91300228411977,3.87425712638957,3.85643049919575,3.84852185640421,3.83272235750449,3.84387094316853,3.85174317176337,3.85561505972565,3.89812715264395,3.90726649519585,3.94547432688655,3.94586162009529,3.97454631252807,4.00853265059396,4.02080791865427,4.01177579456067,4.02259656223048,4.03848493566512,4.00640624297051,3.95778606745967,3.947093381846,3.97568951568234,3.96290890831242,3.92431488010582,3.91526982899249,3.90663489745383,3.88566640483454,3.88940185657152,3.87055353620196,3.89492119408092,3.8750593373336,3.85235487288547,3.8575666254056,3.84452074064994,3.83372706264821,3.83058242989236
"21551",0.486727955771505,0.480545369580217,0.471598973635166,0.46787975518449,0.4646949592628,0.46707752939897,0.481094439578412,0.50883830920569,0.551204551810693,0.608551753946658,0.678765241743687,0.766340889955721,0.878687374591715,0.982086127906265,1.11107508283841,1.22541590663201,1.37142116330346,1.54864090684433,1.70759101567302,1.84863338226515,1.98984657916022,2.2875922254444,2.46048957806986,2.55984564868234,2.69675152474483,2.8279205265293,2.81605911705594,2.78362354065461,2.79004539689488,2.79468846915632,2.78555179370951,2.81381370493497,2.81977789731411,2.89274264786592,2.91091150485413,2.92854167664676,2.99614122252764,3.04103049599703,3.07528366202991,3.12240025815069
"21571",1.39812999060616,1.38443466582509,1.36586835300155,1.36317456447542,1.35291583467392,1.34278837804707,1.34094996536594,1.34426743845584,1.34716292214472,1.36355556253725,1.37962510025845,1.39921894003081,1.44351457715735,1.47618870532534,1.53726656591553,1.58254642487239,1.66330781852054,1.76813023067603,1.86578096074982,1.95579549690613,2.05439577482794,2.17826995003619,2.25873738472723,2.3169529033229,2.48539262053118,2.74120282693101,2.91287856399928,3.05146164313342,3.21100724694815,3.31741291669414,3.36394884691993,3.42299918689159,3.42507234284527,3.49152189114521,3.46115730466154,3.41563315577956,3.41377945948207,3.37399315642995,3.31806268903448,3.27644509516283
"21594",4.84584682014333,4.8038142541683,4.74522426753293,4.74251341003204,4.70847792291158,4.66741127980927,4.64957202352533,4.64617401218366,4.63641330926124,4.66072969985265,4.66997623047362,4.66636472583452,4.70078092462993,4.68664625200602,4.7117151542629,4.68304094947006,4.69507734531024,4.71221738903021,4.70545712658878,4.68099717115203,4.67726267022408,4.67240853450063,4.63343243735812,4.57609630477235,4.5565199556333,4.57835660126096,4.55765939431322,4.51190274281991,4.48842059430693,4.45752010402278,4.41471189335928,4.3953457991026,4.38150709894861,4.44077289978593,4.47273929575933,4.49027174024623,4.51255638231279,4.48241010331388,4.43924390728008,4.4020479638867
"21611",4.89698011134603,4.85454674531753,4.79642011890588,4.79454551111966,4.76018419362661,4.7176845242809,4.69573189948028,4.67917926736624,4.65333324393038,4.66367790240501,4.65983314795947,4.64686432950296,4.67001566441065,4.65455421055155,4.67694689259847,4.65195119438449,4.66517070634878,4.68263960045942,4.6799285073193,4.66212490736412,4.66079278138742,4.66225377901686,4.63958194997022,4.59805192661403,4.59120809292139,4.63021303581082,4.62836863861776,4.6006381962927,4.60110471245034,4.59196360924199,4.56748101328863,4.56905736627031,4.55049802928613,4.58248982756287,4.57219256367427,4.56835169945416,4.59981548971275,4.60256240401025,4.60771856116692,4.6226141182864
"23191",4.09310846592785,4.04194447426789,3.99240320799186,3.96982756284149,3.92775618897372,3.89059517207355,3.8673721347972,3.86624922268061,3.87350603184845,3.89935149343548,3.91010610698058,3.89689191354189,3.89368362815021,3.85429626730191,3.8411643626678,3.81011725573947,3.80196320511824,3.80232535660032,3.78958544515963,3.77483380950759,3.79700113945437,3.9251331805069,4.02814590677588,4.0405166058548,4.0121902303258,3.99274542722336,3.95081810963012,3.89742039719557,3.86427623295067,3.84075534676664,3.80463751374685,3.79368612506013,3.76996247733293,3.76391005398515,3.72984323981737,3.69011878166986,3.66137646083074,3.62891427004976,3.59839138162644,3.56845184588074
"23211",0.39169599237569,0.386819192334194,0.381827888840621,0.379911194985314,0.375939614718613,0.372536418162867,0.370984444847324,0.374672108855323,0.387233600948093,0.414372715278559,0.451666314257958,0.504946978483036,0.572233985609833,0.63856278728032,0.720586509527147,0.800224238020934,0.900840144378543,1.01712181102279,1.13831385295247,1.24861458451647,1.34666609301066,1.43687271441931,1.51536085051564,1.57942466068633,1.70122997356807,1.83996642238862,1.93258450193036,2.01971369489347,2.13566198248747,2.25065027471029,2.30867110076629,2.42435640470591,2.50244481325527,2.63636411236198,2.6992303271087,2.74155980213667,2.84388862213054,2.93684359772578,3.01078688651275,3.08167057299361
"23331",4.93854362047741,4.88357933766704,4.82101373957233,4.80150929453632,4.75345653765509,4.70917846836317,4.68189002794636,4.66147704794592,4.63547606444241,4.63654738123561,4.62851764371835,4.62014618158758,4.63772113014152,4.61744335100614,4.62688697980361,4.60508524613081,4.610665835501,4.62625698299109,4.62968213664999,4.60804864443458,4.60829788783068,4.6163115697568,4.59134456346146,4.55446756807307,4.54803207390766,4.57596123958251,4.5709800072695,4.53859516540033,4.52872221622767,4.51786774005373,4.48975744419272,4.49284353872054,4.49718694470403,4.5755103529652,4.63088023575772,4.67243226781461,4.70567195673081,4.67332996654094,4.63372321604341,4.60085752468952
"23411",6.91556648763814,6.84004701535279,6.76705891641926,6.74337183850687,6.68560733814622,6.63122563674622,6.61676458272513,6.63111469322467,6.6545584103932,6.71437172306384,6.7467991080965,6.72194919177555,6.71730401777693,6.65773544593903,6.63656141311101,6.58317403867804,6.5660469465749,6.56054394024351,6.53821181823097,6.49336807923847,6.46659776163038,6.45607971946738,6.42782382028579,6.38422353939812,6.3626577495282,6.37138318343099,6.34601808069107,6.29967476564642,6.27465698512542,6.26141213467635,6.25770253832717,6.29894159677708,6.33048641212547,6.39713015346227,6.38709991964408,6.34415842965981,6.30832567781664,6.24784736782256,6.18944545060738,6.13657550626726
"23431",4.35701427775488,4.30694269677833,4.25528354093834,4.23672099191169,4.20043810520736,4.16481036398685,4.14794893400838,4.13774029239694,4.12857584270872,4.14208975931373,4.14791792485513,4.15712493645282,4.19132737083015,4.19246001613624,4.21680022240811,4.21019832054208,4.23339876902913,4.26635818937686,4.27574858968123,4.25935086568224,4.26785969722573,4.29626257255877,4.3069503992598,4.28903260464836,4.29305542777201,4.31389533304215,4.28812886175937,4.24025228321209,4.20810541788821,4.17734857736423,4.13680314388303,4.11301320039198,4.07860909719626,4.07055501794261,4.04058505806096,4.01157098170164,3.99676549841229,3.97043038252306,3.94843071308009,3.93133324804709
"23511",0.512921102114763,0.50603640085662,0.49649679676586,0.492284963160946,0.488203691509624,0.489232858875042,0.500414742185935,0.521438799689488,0.551681353428799,0.59501106000762,0.645768418714888,0.697604425076799,0.759883203792962,0.809199164533372,0.868382161900374,0.906201181021202,0.958906081037478,1.02187726439312,1.07165507305599,1.10925357622175,1.14798080953287,1.27460190576384,1.32622048437552,1.31755757480429,1.35603788074936,1.4314460808227,1.47990394833147,1.53163761539014,1.60872127371313,1.68427911061972,1.74281874678801,1.81971300414152,1.87252232275698,1.97659496135182,2.0348323214936,2.08759560742432,2.18344607497727,2.28253718371919,2.38391848314082,2.49218163741505
"23531",2.99186369410529,2.96188494492993,2.92099425273818,2.91215945282044,2.88422533358536,2.85608664735626,2.84354425080888,2.83996042657027,2.83405883588367,2.85067891413008,2.86927374451727,2.88509064855588,2.92950898914233,2.94684706032181,2.98855227100486,3.00116886527491,3.03720303545689,3.0810982922695,3.10711535554024,3.11663241878583,3.1549346741081,3.19734341337359,3.19301166486682,3.16641348295832,3.18139001607632,3.23754847768963,3.24736208003308,3.2355403068204,3.25370089361513,3.26815213998213,3.26595583897527,3.28783962700923,3.28297799120423,3.32967860713581,3.32904358447803,3.32800592040117,3.36353124320915,3.3805685151168,3.3990282001622,3.42916711372649
"23551",6.70621000668905,6.65331698008116,6.57649399514327,6.56836757377931,6.51492184635792,6.45018887829336,6.40833108653312,6.36532764859715,6.30477498811143,6.26502834977346,6.21842778340254,6.16387905424417,6.13696673259811,6.0799134005869,6.04652728951345,5.98772859951308,5.95206470252674,5.92076814209478,5.87920992185301,5.82974770678216,5.79226051614455,5.75707583560709,5.70651725114888,5.64664929790389,5.60587499328624,5.59313689680789,5.56344399183745,5.5151820793104,5.48325130312158,5.44983916348323,5.40962925556591,5.38419825418536,5.34918490337747,5.34455374377239,5.32222675872591,5.30407765902513,5.3012223586913,5.28053756798312,5.26376807295325,5.24982295704751
"23572",0.904240274103078,0.893052450242908,0.877378626671358,0.871251158662895,0.864696226347458,0.866283552757665,0.887711212080281,0.933833046723752,1.00768011127256,1.11085186109693,1.24282484661646,1.38079321104871,1.53345044725307,1.63688696330373,1.74957328180208,1.81934806483599,1.91626528967654,2.02743150467149,2.10654157289974,2.16013611226523,2.23979175089683,2.31157122898028,2.35791312880367,2.39786215600434,2.51835214429035,2.68607992974873,2.77242041316395,2.83931338321453,2.95938008486755,3.07355237359908,3.16060203650082,3.2726400006678,3.33970725629275,3.47455799825462,3.52315491185534,3.56301829024669,3.65867318863259,3.71413451524326,3.74832663621297,3.80371559630057
"23591",2.73200141264267,2.70087988168382,2.65775027476506,2.64496955604473,2.62748311805208,2.62711468991072,2.65820873433123,2.7071902719119,2.76165349997865,2.83703009363106,2.90880112103964,2.98768283494374,3.12453850129898,3.21980876684708,3.37601359951835,3.4781182837736,3.65986361313057,3.88427677729995,4.08205392359439,4.2610851942491,4.44078171866154,4.91762173356696,5.22947546714885,5.37140538083753,5.55665634685953,5.77096925308002,5.79345330682337,5.79951772929236,5.91424060580077,6.00750876575497,6.04018574576297,6.1075387921147,6.12345865246844,6.27204391320234,6.30632806494599,6.40746921838728,6.69830752398777,6.99533600030734,7.2664199065589,7.57539855252664
"23614",6.81000705888206,6.75305902068998,6.6751854440898,6.66961845347545,6.61820953329015,6.55474310324743,6.51495473049584,6.48131748780226,6.43501537822083,6.42842471648543,6.40696193631994,6.37851642875054,6.39313944855068,6.36626870913717,6.38105380400302,6.34470585867636,6.3533914278586,6.36969114290893,6.36552177328409,6.34575225053124,6.34997633583594,6.3567887961475,6.33138047406746,6.27770795709271,6.27023842857559,6.32164254998317,6.31834513176328,6.28685188083602,6.29073290437408,6.28248770371291,6.26053154278182,6.27964840605323,6.27483988778505,6.3420318335627,6.34892580322208,6.36034764612613,6.41701900006875,6.42614345343286,6.42740987601139,6.44147014057032
"23673",2.69770346280832,2.6670647355235,2.62947802392452,2.61953225248984,2.60313595518871,2.59081117134602,2.59836668508854,2.62068218482527,2.65157065889164,2.70833799452942,2.77129321745659,2.88086085894736,3.03654144387489,3.13340618372049,3.25357034640891,3.30340441408901,3.3987759067972,3.49040631355409,3.54713186847223,3.57488198974834,3.57598702932176,3.5953293754369,3.56751750640926,3.5058159463433,3.4926307286383,3.52772022260437,3.52256767864082,3.50799623857398,3.51960954015761,3.52912964557679,3.52508608991165,3.54174994219747,3.54436772324598,3.58902439943855,3.59423837245057,3.59642920879186,3.64253661592888,3.66998703608585,3.69557167748481,3.73318260164801
"25311",4.76945159725807,4.71209853146735,4.6497870664007,4.62379318095209,4.57469742720654,4.53070369541252,4.50302265395039,4.48378078216673,4.46812137997507,4.48202606463606,4.49211732235388,4.52063313731612,4.58307651799042,4.60450790073051,4.65439718527113,4.66524635229669,4.71261337057923,4.77200707755162,4.8126240083303,4.81545110328486,4.89878152074883,4.91397344094165,4.88078527565179,4.82592452014028,4.82969632398165,4.8651902340492,4.8555635681522,4.81872026376426,4.81587547302048,4.81646741941223,4.79878444720148,4.8745265257714,5.04188524404801,5.37689802428859,5.61692395188382,5.71698327576105,5.71512168282698,5.58465525312717,5.462028526657,5.3641503661662
"25351",3.03490697977977,2.99845648359296,2.95712040691822,2.9430722570228,2.91705157644866,2.89564234842464,2.88787392758269,2.88511203740716,2.88481296433393,2.90548179991838,2.92148390212628,2.94164196141476,2.98276809987397,2.99375008368623,3.030817571354,3.04533947395609,3.08514793203643,3.14334953637322,3.1901332921145,3.21537280586812,3.25547027939373,3.35242041898646,3.40788810607331,3.41705081103035,3.45593865520796,3.52127198457303,3.54502681109275,3.53880765150086,3.56457495847628,3.58995658581387,3.58809636379564,3.61523849787535,3.6174693248843,3.68082586645399,3.69638036258752,3.71007058144541,3.76053918973585,3.79438562258111,3.83532989360146,3.8857381151235
"25371",4.9461977043633,4.88555269993326,4.82029353047662,4.79702584631792,4.75520018283741,4.72206089702997,4.71290990993437,4.71360342178641,4.72460011546935,4.77037754337688,4.81518709503149,4.87442604345032,4.96430030651037,5.00120884002678,5.07634603247285,5.1017709532535,5.16496773885532,5.25588529563913,5.3191826950534,5.33963495345371,5.3852718958292,5.42804500649887,5.4135181420126,5.36973006688784,5.40264189181093,5.4852565976853,5.50781670356245,5.48825961828014,5.5077970154049,5.52754580286584,5.51549068612228,5.55325268764281,5.57516568553774,5.68947610585519,5.7351688825129,5.76265382404355,5.81334202915372,5.80535289739151,5.78358615152352,5.76931767909904
"25431",5.2516036267913,5.19039203309898,5.12255151474048,5.10106070783357,5.05352305507078,5.00820818397419,4.98880621665225,4.98230892128084,4.98323559179734,5.02581077669751,5.06884818615455,5.1271638318225,5.23012279965069,5.2845058365941,5.37768546642589,5.41525645753809,5.49849976172566,5.60260897125755,5.65648411972196,5.66852298919214,5.71151457700917,6.48133362917871,7.21549712644898,7.57412030460013,7.83471549107219,7.96171332699917,7.79666614818591,7.5308611880928,7.32225913280674,7.14567335760035,6.95101210221781,6.82239123173895,6.67501968205983,6.5953492324222,6.46662389900864,6.33540896884019,6.23671160534131,6.12672284179507,6.02062335243875,5.91868865461926
"25471",5.0171861737724,4.95842205894071,4.88972569409655,4.86749571878354,4.82637723392834,4.79154578540862,4.78531056551627,4.79150790543072,4.80146863720642,4.84963441298039,4.89656927494611,4.93945357359896,5.01821748819828,5.04724189036803,5.1180196495834,5.13128598832669,5.19074575252151,5.26342432739097,5.29532813432328,5.29902362113053,5.34707931004161,5.40185108914921,5.3957998218977,5.35425123942905,5.3796348469822,5.45942198304177,5.48039740942038,5.47306716838567,5.49579938149008,5.52047763108687,5.51678543862601,5.55237047219901,5.55527775343637,5.62799831634989,5.63249085540063,5.6367081401477,5.69216211893419,5.71529589553743,5.74544483678163,5.79034413620451
"25491",3.00906306542411,2.97518133396274,2.93248446447081,2.91825015453665,2.88982813792723,2.86448554478782,2.8646103885646,2.88746865289323,2.91347846488443,2.95945211119724,2.99810708378555,2.99454634918999,3.01124104884219,2.99907035636976,3.01078517233643,2.99258407675595,3.0001058575247,3.01896991887968,3.02120257780455,3.01330771182366,3.0177505548251,3.03226874132263,3.0202931960037,2.99739656802275,3.00348300147752,3.03852172251935,3.04351797051452,3.0304911520861,3.03377396996482,3.03579754722062,3.02623178355943,3.03625972494397,3.03088111709762,3.06115839122795,3.05923623284663,3.05682097694031,3.07959896813284,3.08600920896578,3.09591688865652,3.11420145304391
"25511",4.48316775830766,4.43698603653581,4.37888182433107,4.36229819626453,4.3223926252584,4.28465777444961,4.26576476528767,4.2561918263646,4.24379226189916,4.25756200172428,4.2692848986561,4.29118666234431,4.3592266121261,4.39610798684993,4.46534589817376,4.48022235116506,4.52342788772122,4.58226611692615,4.60262390889996,4.59991752142945,4.59687503635941,4.5998987829191,4.55949183818212,4.50521070321247,4.49606757366777,4.52758564740229,4.51626128957545,4.47980637161869,4.46496821620577,4.44698398131191,4.41537957764444,4.40916958044098,4.38462795511668,4.40312600490411,4.38467462141363,4.36687600021214,4.37679198131207,4.36439923974628,4.35472060986118,4.35370469801424
"25571",4.87328756453373,4.82941461654194,4.76953070026381,4.75923252432561,4.71708415618619,4.66961094752956,4.64108616928231,4.6216195763178,4.59341228037623,4.58961854593712,4.57714644845248,4.55765388507042,4.5673992894861,4.54796739740855,4.55180945744343,4.52607449061933,4.52802826410178,4.53676551756245,4.53139153584855,4.51653174500608,4.51406341401852,4.53729313344275,4.55799871164365,4.55272339088682,4.57284007836243,4.62227058364995,4.61277098324364,4.57581602447563,4.56175718777962,4.53947809052721,4.5038958514047,4.49108613908028,4.46125762169154,4.47197245529854,4.4514165795854,4.44068661211123,4.47447334151459,4.51057338483472,4.56468464267883,4.63749912501788
"25611",2.79964904050262,2.77432351502915,2.74068050694031,2.73646970473049,2.71518785477374,2.69085954859838,2.6785118932727,2.67189689766695,2.66083044054484,2.6677287588391,2.66789008905606,2.67195253509467,2.70373827833091,2.71278197340869,2.74001371024926,2.73557711541017,2.75379431654798,2.77505352851104,2.7797163179819,2.77302765099081,2.77654679819172,2.76970830807949,2.74118040711759,2.70211708452861,2.68648554133662,2.69194003394088,2.67340578429414,2.64613481081079,2.63103713458087,2.61258872862752,2.5904542015539,2.58217243618437,2.56758838750367,2.57738430041377,2.5714202990854,2.56950529061019,2.58481962205199,2.58673167419092,2.58890394561541,2.59615986248928
"25651",1.52565432564002,1.50712702255388,1.48206876246985,1.47335860356154,1.46481282979978,1.46687811232891,1.49286678655245,1.54388296747156,1.62000867588441,1.72896416303657,1.86186824547737,1.99420413136219,2.16348647495219,2.26676089731108,2.39998075261886,2.46761197014429,2.58445546052482,2.70937167913368,2.79883225044233,2.86675682690075,3.06834178739428,3.33604534700215,3.46837482737926,3.47003258779965,3.46179258436135,3.52631268748992,3.52241472770922,3.51077726776179,3.53888772170775,3.56392284172138,3.57435025458882,3.60723096787414,3.61166066527597,3.67905582706525,3.69862946791034,3.71650431808124,3.79078684311397,3.84398984782581,3.89402634880069,3.96389724583954
"25671",6.24473716341297,6.18461703309769,6.10781481099292,6.09309797387513,6.04827802680323,5.9918419775499,5.95894620479067,5.93516953882876,5.9031224480823,5.9068694620079,5.90016114149211,5.88769405305155,5.91387663830806,5.89719354245763,5.91661122874705,5.88618957520733,5.89990785812916,5.91754291911223,5.91538521655538,5.89694128145717,5.88826215906852,5.88760082360215,5.86582204122761,5.82088975873032,5.81320368925745,5.85021418080797,5.84145995046186,5.80999554112486,5.8018638834239,5.78331564311166,5.75205372953865,5.74788919938532,5.72113237316859,5.74219813860565,5.72277410993183,5.70843800656889,5.72875219778566,5.7230483480392,5.71904617086255,5.72475733548587
"25691",7.30158581507855,7.23189735299652,7.14222120566289,7.1242735758473,7.07263459415391,7.00535572137841,7.07810102755891,7.32850896204946,7.63906017202706,7.94868347301596,8.20783876517975,7.99135634184926,7.88586594986108,7.70106619118935,7.60160116234039,7.44772695059431,7.37751952149752,7.31818091332037,7.24088448187912,7.15569894860818,7.0784755307405,7.00958911188324,6.92565045478199,6.82687566119845,6.75074348223956,6.72589035220332,6.69761466860207,6.65833324800279,6.6284539395815,6.58311479391267,6.5197157448232,6.46373954342171,6.39706199045481,6.34444224350666,6.2796782955458,6.22343470373394,6.18103281960198,6.1302631483346,6.07674626807724,6.02840783260534
"27231",0.511589836472679,0.504122358424143,0.496209449386026,0.492189663668798,0.487802682561367,0.487518930417772,0.496875487315023,0.520446957176651,0.564286337558893,0.635974933095316,0.71939793389452,0.822817246894473,0.93695999046153,1.041669495019,1.16062274892047,1.2550188527422,1.39113220299473,1.53986729547045,1.69433476582105,1.82664946991577,1.94260398779489,2.05441462211819,2.14466564255695,2.2076387166639,2.34778672846697,2.51074673478989,2.61098462387311,2.69286118082339,2.81433186610584,2.94454671270065,3.0196869702122,3.13496703631571,3.20957209061407,3.35490488314627,3.41636347505336,3.45126535871397,3.55379754334639,3.64916241074502,3.73687200247827,3.82275161477689
"27251",5.1465026834081,5.08839017768479,5.03128255377639,5.00504677068622,4.95095707756237,4.9023529822762,4.87055528814847,4.84661691160508,4.82386718181823,4.82537559638418,4.82155983164057,4.81926347042697,4.83873836945691,4.82776056966406,4.83764918107967,4.81709685257563,4.82568515950442,4.84241900244004,4.84836050758248,4.83457184129017,4.82498236813252,4.81847687508176,4.78533655172683,4.73745766960018,4.71750229578248,4.71865065181055,4.70169000361378,4.66286191178159,4.64305571400967,4.62521891271723,4.59158618157044,4.57567389301098,4.55011049654763,4.55633010429681,4.53281945856367,4.5120554762795,4.5066136699987,4.49468202468482,4.49091058554876,4.48969511388646
"27274",7.34213014712613,7.2589886547296,7.175431624939,7.13900718376167,7.06457094807742,6.9980628638486,6.9600112366509,6.95913769239801,6.96945294970873,7.01473527498666,7.04941038834593,7.03025208948857,7.02942129812251,6.97386967954813,6.94351091762764,6.87794652568131,6.85022093399875,6.83125045623127,6.80065888041753,6.7493856983787,6.71140822990187,6.68079182553111,6.62039365748278,6.55145258246533,6.50648983393436,6.48202868299097,6.44051642516557,6.3813442267927,6.33823803786436,6.29646582993254,6.24572347757631,6.20981451178985,6.1663962535272,6.14394693582862,6.10152347744164,6.0640263122155,6.03326344286413,5.99767994698387,5.97108546291804,5.94720359644519
"27291",9.85306412839953,9.74679004155833,9.64152986355734,9.5909866931991,9.48966726431956,9.39393623932198,9.31536648808831,9.22937844108981,9.14036922282837,9.07470777237409,9.00195578191235,8.92675625546554,8.88175528798803,8.8050965220034,8.7542353799602,8.68255663093951,8.63630760190704,8.59401161050277,8.54423019630777,8.47990417520833,8.43284309036575,8.38493254207984,8.31135957968738,8.23264821566267,8.17223494242187,8.13102554768195,8.07395651140021,8.00506998536613,7.95120761041539,7.90283596513434,7.85206734330224,7.81665181384508,7.77415065160352,7.74888672443974,7.70562927734857,7.66800848598465,7.63530845116791,7.59641733893635,7.56458722918677,7.53415483583281
"27311",3.20966911406926,3.16924835155868,3.12940051046172,3.10958418771882,3.07608467363994,3.04890232903389,3.03632439223811,3.03488001147377,3.03741079312317,3.05612646075778,3.06874461425567,3.06938074640113,3.0802413255873,3.06680156149288,3.06807906797694,3.05380129830392,3.05884781711982,3.07044752513837,3.07585126742159,3.06945968410254,3.07219112820328,3.07955027200328,3.06954810247716,3.05174048256019,3.05810158196237,3.08616897547233,3.09922723184208,3.09966628807047,3.1178594790112,3.13470915302986,3.13198758411159,3.14082298465071,3.13095525618129,3.1465765107515,3.13301263491924,3.12044451064318,3.12526590040674,3.11974558450263,3.11810749973007,3.11914254952645
"27394",5.78144319332134,5.71621691130775,5.63618666948234,5.61198057060726,5.55140521311767,5.49308014056389,5.45948633453955,5.43117854207519,5.39916746574107,5.39993525713413,5.39319897989129,5.39758423454783,5.46484377781181,5.49237603628617,5.555786930979,5.56860031809384,5.613567941003,5.66970345025685,5.69088249520568,5.67345365776036,5.67481521608066,5.63988110278294,5.55822481892179,5.46183511291798,5.41308784682014,5.38769728908135,5.33054456058795,5.26084180199326,5.20421652284475,5.14940869118097,5.08477477636823,5.03119575441305,4.97239625886691,4.93357433499855,4.88121488319407,4.83227516884416,4.79367568289539,4.75071031582221,4.71209238359769,4.67855337446245
"27411",1.78397574706663,1.76563266343075,1.74328912944056,1.73682305872967,1.71870018026929,1.69932442032527,1.68622071164132,1.67299609782587,1.65869626331471,1.65062531195752,1.63983154712051,1.62618478641326,1.61671633780531,1.60550681857864,1.61875318816943,1.65122698496637,1.7348940340026,1.88153053154444,2.07672236476209,2.3101225313479,2.56512575850242,2.81142672367858,3.01814348211434,3.18305448355192,3.4809341777159,3.82302445660545,4.07892686666512,4.31227974447289,4.58382750906424,4.89121593597934,5.12180747293513,5.37034072305544,5.52949139063431,5.81439434956647,5.96371161973977,6.10699975917991,6.37790583875366,6.61170035152705,6.83747033534365,7.05983675215304
"27531",0.522008170092631,0.516990488924309,0.510139191306829,0.508423240775005,0.503673209421545,0.498373036012204,0.500798599230368,0.55071117975462,0.700385384117122,0.957072613274185,1.32693147226808,1.69374318330763,2.0567919828856,2.38998753393117,2.72023706624665,2.9974601034033,3.29789033362484,3.62019094160218,3.90690136180921,4.1507406604237,4.34768313127264,4.80289716387218,5.1245457883013,5.2913616264017,5.5783671170419,5.864331854589,5.93865527255964,5.99048160921361,6.09919339530182,6.21601451512389,6.2927701102147,6.42671498409349,6.4892029237674,6.66440986345824,6.73294692419525,6.7824048692025,6.92052563451966,7.00363872842396,7.06132234103852,7.15220377676254
"27554",4.96250614918556,4.91408071364736,4.84994028206527,4.83382946922611,4.78946159524512,4.74202307634953,4.71973552882257,4.72324222340867,4.72568989084102,4.75332907179199,4.77072652030114,4.75674130238533,4.76865716288896,4.74400684205347,4.73901823949215,4.70608131103059,4.70113513044234,4.70357280931412,4.69114297668501,4.66965287556802,4.65994238373577,4.67832001089644,4.69508643270961,4.67677744094696,4.67291686038803,4.69479171066663,4.67232272626865,4.63116978152401,4.61277053803233,4.60044888093595,4.59401151720356,4.62328980076776,4.63113724487669,4.66845023768416,4.64822683929502,4.61255561522679,4.59298627492895,4.55006185946096,4.50442799085658,4.46609253246611
"27611",1.4427301115716,1.42748852627844,1.40470794545126,1.39768745717562,1.38415722020622,1.37361206423666,1.37691396126268,1.39009158518215,1.40619160727916,1.44161658180296,1.47911469597748,1.52406529968763,1.60230293357158,1.66434621907646,1.75385202878435,1.8250575225064,1.93375760018765,2.06809989397745,2.19237357716547,2.31376132957506,2.425144023162,2.58104665610439,2.68159253511926,2.72785262531665,2.84846424979605,3.01713053139142,3.09062985827848,3.14325306363643,3.24682648635319,3.34089421465214,3.39968999176951,3.47399588813898,3.51678814796885,3.64320254003635,3.70101896901218,3.75924529885496,3.89763305437905,4.01437444934813,4.1143440327264,4.24532801425562
"27633",2.85944456523745,2.83190765551598,2.79323925770122,2.78617297807372,2.76402132986329,2.74107007442687,2.73416490145322,2.73483167337036,2.73119179372969,2.75439613445257,2.77330856420666,2.79124350995601,2.83843886989367,2.85436944606472,2.89503855502983,2.89888468243002,2.93344424189171,2.97166865303863,2.98938142417478,2.99222752140753,3.02768681618175,3.05739667186548,3.05841950495059,3.0370715100951,3.05171026301061,3.10297598006087,3.10640781337389,3.08851762249776,3.09077655946659,3.08253014907787,3.06175176079772,3.06005072576367,3.04038519961432,3.05842510451914,3.04406767802018,3.03277322004727,3.04800448774857,3.04371065156591,3.03836087593173,3.04248294237212
"27674",1.75252006531628,1.73287820649557,1.70509616948455,1.69638183844899,1.68403124880032,1.67773222092619,1.69036441345883,1.71537753433327,1.74576845217487,1.80109306645929,1.86046670864476,1.91749923016598,2.00285380471925,2.0466818700956,2.11706516779118,2.14339848589765,2.20637382081087,2.27334534442318,2.31585134828749,2.34509131943688,2.3774380241247,2.42016029081924,2.43343403702711,2.42556129434471,2.45995193195613,2.53626565294137,2.56372836112144,2.56914628127424,2.59593242114012,2.61733227696968,2.61989826512878,2.64421530347563,2.64964037880843,2.70111580837808,2.71086914964205,2.71974825459944,2.76683346370684,2.78979298875259,2.80572058351253,2.83628455667775
"27693",4.16611181365745,4.12966147760149,4.07681550275952,4.06927341853512,4.03987283193468,3.99999679764304,3.97929943599388,3.98090199234233,3.98065335025584,4.01151330390837,4.02703706973295,4.01168599482462,4.01418752705939,3.98058704443864,3.97047665402896,3.92877146536111,3.91155537080547,3.89666281898945,3.87178435537178,3.83868797997233,3.81451030573872,3.7913274769403,3.7574182738086,3.71249588732823,3.68486954221322,3.67523849640172,3.65014149250572,3.61615804829747,3.59152384516022,3.56373319475025,3.53244653713102,3.51155996838347,3.4822228260699,3.47058415931045,3.44707622304738,3.42853699265002,3.41844160388043,3.40128805554482,3.38829467290232,3.37693790575836
"29231",6.27827780677217,6.20428558849022,6.13462140719615,6.1044104255596,6.03827923797946,5.97517510809,5.92763665890858,5.8775944935073,5.82524676320533,5.79863869245332,5.7608353399242,5.72328732366773,5.7143457125549,5.67397962082384,5.65784723427475,5.62372809615069,5.61058770352092,5.60628028711583,5.591716327345,5.5673491986435,5.5531736524168,5.54076040882347,5.49890912509857,5.44828004148399,5.41660328052139,5.40252971486396,5.38089587185493,5.34131294988665,5.31784843721,5.29963932510412,5.27037478555125,5.25798156935378,5.23988916229024,5.24865914179358,5.23342759040649,5.21879334077336,5.2102569892537,5.19506086888588,5.18739758539503,5.1812128206626
"29251",4.47297972260237,4.41878434912579,4.36687387820443,4.34139320023372,4.29565079710871,4.25798548367794,4.25522023040303,4.28623935560744,4.3309416307629,4.4043487440846,4.4565641249115,4.43450495017835,4.43172177397398,4.38507751659821,4.36248413895852,4.31763071580536,4.30545955276889,4.30318908183808,4.29163253883127,4.26396533397742,4.2447080840127,4.23252719522742,4.20173393376891,4.16548953020763,4.15345965627281,4.16952953713238,4.17711965487768,4.15846846756242,4.15049747815111,4.14050074373993,4.11336204217825,4.10561443810312,4.08961328307013,4.10628797874097,4.09296831808317,4.08121989579533,4.08340822952255,4.07258980905778,4.06523354847065,4.05847124256619
"29274",2.1871604615228,2.16220128228655,2.13770316485757,2.1264481563117,2.10423229011952,2.08494366773455,2.07157780204643,2.06131536043402,2.05227823487385,2.05435245645484,2.05466360731099,2.05666933991309,2.06973126917677,2.06854324253489,2.0788075877106,2.07956280751981,2.09406617809341,2.11630073266857,2.13713805421206,2.14885016826698,2.1668253641911,2.19914942778028,2.21101682643979,2.2066377717555,2.22614930143904,2.26336481955163,2.28539637054164,2.29411324267686,2.31992289917241,2.34577540549588,2.35493117044437,2.38372792858494,2.40479354601311,2.46128159828326,2.48621690665522,2.50839907924058,2.55539879932184,2.60115885538335,2.65517813035513,2.7107327993806
"29312",2.18618144171624,2.1567610549982,2.12635396240381,2.11119279648487,2.09025974110815,2.08163014252996,2.08869650401058,2.10479674576233,2.12745857202897,2.16782216672364,2.20709391594184,2.24986152905816,2.30764884106419,2.34046883175232,2.38921271126878,2.41430467620688,2.46506550607318,2.53183934086403,2.59009594289224,2.62688965025584,2.66921731919115,2.72266149904065,2.74505438824832,2.74077172321774,2.78406858508065,2.85109724537545,2.88520774329153,2.89661359303019,2.93530212648612,2.97377397957422,2.98500485003536,3.02115957250301,3.04078275736379,3.10739314678103,3.12883087553833,3.14651310636358,3.19440021898937,3.22349330426619,3.25275713474705,3.28429000522656
"29351",0.991126985207924,0.979741391659588,0.96777818496054,0.962097822769873,0.952277976937571,0.943240785174241,0.9370728328033,0.931607137690116,0.926391314001821,0.924826438299451,0.921976548643993,0.920301841532773,0.925173289728593,0.928640595396961,0.940855527088297,0.953475372381371,0.976404809400017,1.00898564450589,1.0450984389791,1.08103417328068,1.11905179744711,1.17609445459943,1.21286809069282,1.22581201396689,1.26720885009177,1.31617921319887,1.34426463923131,1.36492212295082,1.40161224934096,1.44024498164999,1.46680140135527,1.5075727089681,1.54165027096564,1.60328896934684,1.63938959684454,1.67194052356041,1.74096312616643,1.81818865344454,1.9027094564758,1.98768652265467
"29391",5.07942504133434,5.02277855939356,4.94929419921587,4.92577684687994,4.86960387817261,4.81432426451828,4.7801740134586,4.75183340590099,4.71871320682526,4.71625791326443,4.71022563926189,4.69639403885058,4.7102259613304,4.68836101252461,4.69598108531839,4.6759497032214,4.68541274286368,4.70507449982917,4.71146965225508,4.7019064222304,4.71008345297588,4.73468851748163,4.72772217313163,4.7027228838599,4.71158569989908,4.7556860985311,4.75811514650326,4.73314664736055,4.73072675575476,4.72821697612704,4.70760344052499,4.70956099260166,4.69196141629293,4.72425682182141,4.71439919320239,4.70925393338533,4.72966256897116,4.72915096152695,4.73573913933824,4.75116799567073
"29471",5.32912846435952,5.27147144455579,5.19825904328005,5.17527987154829,5.12551378862793,5.07258659170873,5.08887362899808,5.19530253322543,5.3380998363237,5.50570530870284,5.65183921354321,5.55579724273016,5.51774685321046,5.42867441954705,5.38773005529104,5.31583082651139,5.28318722857953,5.26958088041589,5.23175029194571,5.18214739897692,5.14629204451456,5.15243922422708,5.16024785569848,5.13351481695457,5.11948904220591,5.12341390221239,5.07485634985968,5.00960884261041,4.95788094679188,4.90839598097385,4.84797215379074,4.80233079161104,4.74875800512217,4.72010057802093,4.67362524683695,4.6309959114898,4.60325163060854,4.56731966612401,4.53733279140632,4.5161637564852
"29491",10.3169388379519,10.2153069395847,10.0854501319959,10.0396344541714,9.94105381902098,9.82363261710833,9.74345130984328,9.66282817130403,9.57555842949136,9.51513905561546,9.45130447619983,9.3753398924955,9.33336986081873,9.25882654362486,9.21456806207618,9.14168453187114,9.09445776144019,9.05568384726884,9.00330856501138,8.93551429687605,8.88104602682836,8.83035908009058,8.76365227732352,8.68771261133981,8.6362098223631,8.61157101206704,8.55626239555179,8.48370292490191,8.42358616364858,8.361511549975,8.29483456089477,8.24363003715567,8.18781094354274,8.15610045677129,8.10658444327816,8.06601640045161,8.03383741735367,7.98961279773126,7.95363097888489,7.92228867425568
"29551",0.588100356542878,0.581987442828091,0.573930936681488,0.571432279823779,0.566143918565909,0.560673483283805,0.558666900353106,0.561156677084279,0.568656305040454,0.586092356781486,0.610371658207025,0.64809835823524,0.709077331073229,0.775175080884126,0.857677868172402,0.94022730658272,1.043692958557,1.16915606698264,1.29370937828828,1.41285895078345,1.52387412935155,1.64898578560727,1.73796596341061,1.7949612335006,1.91280893806982,2.03952363179381,2.10321107120723,2.16353895598602,2.24151361940012,2.32021529699964,2.38376476478948,2.46982487249263,2.52930423391367,2.63593918409209,2.69159781385386,2.7377359596768,2.82133762776577,2.8777051379264,2.9186986166832,2.98000843395267
"29591",2.01267540828896,1.99332192620415,1.96359260328615,1.95497953934994,1.93328028531691,1.90997584452373,1.89796161316751,1.89257194558278,1.88545560581037,1.89586748240686,1.90579291606787,1.91740245185478,1.95066122986818,1.97078107557354,2.00764184144254,2.02838463303852,2.07135774621111,2.12614542672311,2.17290135910494,2.21296331981952,2.25575692510727,2.30808242513387,2.34175992326456,2.35573214913272,2.41263234197136,2.50206560856933,2.54635698586186,2.58437055376416,2.65644775301022,2.72312709817756,2.76148147601446,2.802605962929,2.81030396390554,2.87059486859323,2.88576150212758,2.90469400826394,2.97901117172315,3.04653654435539,3.1135377677424,3.20173905595137
"29691",4.88753425184699,4.84229482003947,4.77882931926533,4.76516501303308,4.73019900446469,4.68510719582555,4.66880897004073,4.6787790606202,4.6874902167298,4.73144440546096,4.75614379105553,4.74256489775949,4.75812734655494,4.72716095709788,4.73322216831978,4.69878231782533,4.70431099918214,4.71893874136432,4.72179561489108,4.71187138068309,4.71761421660765,4.7609518805945,4.78856847408444,4.77473827147925,4.78689417786512,4.8300411613263,4.82159690373602,4.79450840593691,4.8021953294115,4.81382991715609,4.80461397266391,4.80361622020144,4.75666952743856,4.74893846675808,4.7015476109189,4.65943728374386,4.65056901868197,4.62561784071994,4.59965738976673,4.58585848844619
"29734",3.39874148583565,3.36301853986315,3.31282611271316,3.29764298642516,3.27295370919312,3.24749228939272,3.24544778070708,3.25260405777794,3.26120682382067,3.30512509997352,3.34946948551756,3.4185446806362,3.52877036294426,3.59416544653166,3.68939149971543,3.73780969890197,3.82485732323922,3.91757084422159,3.97265470032215,4.00582546347885,4.02095695698043,4.02616165339052,4.00232629104507,3.96760398012523,3.98037863909151,4.036824597136,4.04658285864547,4.03601050960036,4.04676732001146,4.0566206307942,4.04813748019452,4.06208140519995,4.05850804482901,4.1001451477525,4.10366405638928,4.1060481455357,4.14861553488926,4.16803124284572,4.18058795984036,4.21281203876044
"31211",1.65987180826089,1.63706856133552,1.61787113793139,1.60791233840963,1.59366895382616,1.58586575207954,1.58842100189599,1.59477731363434,1.60363893712605,1.62160689739975,1.63212219431508,1.64567664474431,1.67059530109417,1.68928332873917,1.72336861191947,1.75782371118882,1.82012626524676,1.90532208465852,2.00188139492382,2.09238576665503,2.18374294714165,2.27981401646167,2.34827441846947,2.41296211259117,2.52878521876527,2.67091958035386,2.74678498989861,2.8052725789361,2.90164422258526,2.99837298680451,3.0563443006779,3.16315636118845,3.25039351673083,3.40405418589702,3.48922247584524,3.53508699081614,3.64420494385128,3.73761703527363,3.83103817849738,3.91622875554818
"31351",2.68439808008079,2.6524854406889,2.61826091233814,2.60229562898707,2.57493937229029,2.55044488562073,2.53476915740038,2.52300462590902,2.51305496721799,2.51671816316032,2.52021482057837,2.53990699618958,2.58108544691584,2.60800003567716,2.64410209103103,2.66076995973664,2.68544215245598,2.71663167636199,2.73536879968841,2.7425627566267,2.75965506294332,2.74085409524036,2.70265979594655,2.65646772521427,2.64093486166917,2.63981699141174,2.6218040540158,2.59665733039819,2.58339302925873,2.57255436318391,2.55405409112754,2.54479737545763,2.53098082697148,2.53650206563415,2.52801229976669,2.52295679732545,2.52992731388014,2.53110795326365,2.53607403496512,2.5430166032467
"31371",3.30151351943187,3.26165841676995,3.21922626031537,3.20051214026171,3.16866886801419,3.13988010067412,3.12303632208377,3.10973626678848,3.09742261098815,3.09920976647935,3.09861138434939,3.09622156122149,3.10743742893996,3.10157891313424,3.10877391404483,3.10261162441039,3.10926196609683,3.1219089689699,3.12895231125552,3.12999833186848,3.13572656073967,3.14985321834824,3.1450076549994,3.12645130652215,3.13355003380374,3.15879457640644,3.15874199363458,3.14539890051638,3.14863600740358,3.15465162794191,3.14733230812933,3.15277098312471,3.15118332722592,3.17745001409651,3.17822906765113,3.19976568128637,3.27412549843139,3.37795050740955,3.50672555167461,3.64204333754951
"31391",4.06646934114937,4.02053856474749,3.96754729744,3.94963540628238,3.91099050533138,3.87222688708046,3.8773212760996,3.94092700201291,4.02444008873212,4.1280923002468,4.21365445233393,4.15414464708701,4.1266597483751,4.07091727374447,4.04254639896008,3.99619139302484,3.97552379622458,3.9691015201786,3.95553399856172,3.93896069168073,3.92986655403081,3.94454053979822,3.94066467274659,3.90781141904901,3.90008552593209,3.91308127335393,3.89419172935479,3.86204371268337,3.84615153473723,3.83561225232134,3.81615119789664,3.81008677142154,3.79084494686245,3.80087211782065,3.78291668428651,3.7683857594871,3.76924484718688,3.76153213401091,3.76222177144757,3.76889980702265
"31414",3.2327233586435,3.1966385360456,3.15427352849484,3.14081471750659,3.11028310105221,3.07866106981209,3.06226815677978,3.05366545807701,3.0508558899748,3.07614208085296,3.10960680008607,3.14924362838114,3.21871536219319,3.26877564525563,3.34368476611711,3.39067080213077,3.46676624713489,3.56537145866986,3.64696826391882,3.72004914026878,3.79833211008084,3.91120703778754,3.95787912466718,3.94633381537325,4.02317209619467,4.14737844381894,4.20896292070395,4.25698407694399,4.35103546095545,4.4603990388003,4.52657345301934,4.63150210614081,4.7038884149134,4.85059926297056,4.90760736642134,4.97416572558622,5.09554417130068,5.17945642910469,5.27054357158237,5.36596880380514
"31432",2.98782163802549,2.95256973563624,2.91198108697479,2.89816179035438,2.87211949163702,2.84674284384484,2.8372249451641,2.83404340399524,2.83602546994401,2.8571262504583,2.87819344652113,2.9095221253512,2.96543108004648,2.99882856574098,3.04855883557718,3.06655963554153,3.1087844277591,3.16223322878227,3.19081461390728,3.20407648871181,3.21340605538484,3.22601500863465,3.20746548693496,3.17442907381801,3.18451235185231,3.22275164638604,3.21963283517747,3.20311967919894,3.20104587653029,3.20219556973699,3.18607368827823,3.18472682361443,3.17469055007799,3.2050527011254,3.20592774102042,3.20783641199168,3.22708387141882,3.22489406360498,3.2229789332776,3.2250967066226
"31474",7.80115554295254,7.72080146959174,7.61566945167867,7.58349244889778,7.50993765353154,7.42669910531129,7.37547099658202,7.33037262004807,7.2853297935547,7.28002001336469,7.27058006517659,7.25846337097047,7.29136245902925,7.28161797177128,7.31181225087236,7.29128681945073,7.30967521731012,7.34226386631054,7.34107401478289,7.30946987201733,7.29408927864072,7.30606062908026,7.2777360189151,7.22462689501169,7.2212108381187,7.26142537273098,7.22097556880377,7.14787099521477,7.09227514229419,7.03480869105904,6.96047736387788,6.90558484237342,6.83885165635682,6.80934025138526,6.75335351800185,6.70251458618533,6.66947281173169,6.62208946975375,6.58549218678205,6.5595224868704
"31491",0.792340357583411,0.782029076436015,0.76970899037842,0.763704664674864,0.756997662828384,0.753775402858174,0.758656246401272,0.769922183525552,0.788097200225464,0.815972653899115,0.849172105817888,0.891658579845972,0.955913694861985,1.02000101853689,1.10404038439459,1.18102973747132,1.28942418389039,1.4167255979095,1.53924808799395,1.6471232599546,1.7519403091348,1.86313036787366,1.94103873443736,2.00844846721503,2.13969918156238,2.29410271491845,2.38245379084042,2.46973511614198,2.56329520093793,2.66195184310566,2.73572954941673,2.83547931526427,2.91958581687697,3.05600153819379,3.14481566926309,3.21090004195376,3.34851316902043,3.4825688017964,3.61326087202461,3.75494100640449
"31514",2.73078062849732,2.70148944394102,2.6667697451345,2.65378485588058,2.62850109589505,2.60061974961643,2.58239370522379,2.56704254554775,2.55208383243995,2.54918585498685,2.54530577226531,2.54022445424578,2.5490098689205,2.54533166327344,2.55280259821828,2.54584001155479,2.55135431378954,2.56099643069083,2.56318873237272,2.55503370231391,2.55140318929437,2.56059710083651,2.5634337707885,2.56444172006353,2.59189587641477,2.64859832153119,2.68296623866188,2.70424653153463,2.71957327101109,2.70937474818095,2.66891599270797,2.64429016494624,2.61492920754911,2.60793477998733,2.58821672098333,2.57124302469163,2.56661678426696,2.55749169202244,2.55957481841255,2.57158398946798
"31531",1.4780802329623,1.46235534321172,1.44353766410127,1.43720387884478,1.42416133794257,1.40970158625307,1.40080823410745,1.39608696767941,1.39473504904027,1.40484603478884,1.41884077121399,1.4428210166213,1.49453905055381,1.55254045377854,1.6401440254018,1.73002715070863,1.85495151523192,2.00610482996813,2.16170936237943,2.3107517200559,2.46424044231523,2.62820527074778,2.74418451973853,2.84503974686148,3.02254031173463,3.20354560408099,3.26345308593237,3.32742212454079,3.41853364642171,3.51524037244308,3.59124951183543,3.74432307671105,3.90020484896499,4.1337157814199,4.27763448091131,4.3499429750695,4.43059555396229,4.43289314429016,4.41423916691182,4.42736382181914
"31591",4.2782594487815,4.23807921310912,4.17920115813626,4.16282021082824,4.1204242679576,4.0747250673039,4.04776419722342,4.02862997810692,4.00325502051737,4.00492003742323,4.00003340833595,3.99463951303732,4.01769551673772,4.01940013220964,4.0408095165187,4.03491536144375,4.05222162887751,4.07395376332566,4.08134575323098,4.07274508191695,4.07099386469113,4.0763188261716,4.06480779142228,4.03341065255144,4.03229537816585,4.06538599959482,4.06464107953493,4.04212147821841,4.03908868383446,4.02876583107863,4.008196563719,4.01175201126507,3.99557131086361,4.02173086410265,4.0151584193221,4.01569945187381,4.05183066927647,4.06858226149776,4.0894916160413,4.12335920117843
"31611",2.5403784721815,2.51532138134795,2.47891115786215,2.46738606827093,2.44137448033901,2.41500050341802,2.40166713279751,2.39391575421993,2.38218096765395,2.38733550543245,2.38942543806118,2.39133615899009,2.41148898001789,2.41817333950177,2.43867694994723,2.44201555241118,2.46328595244405,2.48945668051979,2.50643850286052,2.51339041552132,2.5258007539937,2.54626813282963,2.5540872220273,2.5472350889423,2.5701668159388,2.62130126278912,2.63727993754945,2.63378402930163,2.64629261931121,2.65275603583979,2.64927143098822,2.66692410129652,2.67471782425177,2.7232840374144,2.73736449754112,2.74439805930568,2.77389999662468,2.78145267478028,2.78725984780439,2.80538645232947
"31651",4.49583953934221,4.45395684263652,4.39418993543116,4.38037973225437,4.34154113787104,4.29813419702545,4.27378916382244,4.2608882184364,4.2409428748149,4.2473353484185,4.24726666369798,4.24301014063746,4.26766975072812,4.25954334439942,4.27885236845072,4.25950820555564,4.27385815889943,4.29228805554008,4.28848537419601,4.27139710256673,4.27117241391897,4.27480910121285,4.25919524927422,4.22185980901699,4.22045201831203,4.2572133935748,4.25551794162853,4.23070218305408,4.22786620290189,4.21636534927478,4.1878209290352,4.18182998478003,4.15649651635849,4.17546645246257,4.15661426716854,4.14530571600343,4.16259426658115,4.15525507578829,4.15181330211939,4.15871447356487
"31673",6.26612549394579,6.20904942092976,6.12617131404074,6.1086699688894,6.05540380136706,5.99401628792532,5.95995404675076,5.9376386234355,5.90473404692464,5.91061776514663,5.90399388328617,5.90067856246436,5.95363258970989,5.96601714008948,6.0199561701064,6.00827023863306,6.04624130866962,6.08973903542106,6.10408248760078,6.09239866527782,6.09071381252453,6.06932397476196,6.00985707638836,5.92521068830017,5.88790022353564,5.89094761920708,5.8519186685826,5.79223285122794,5.75547938548443,5.71123013348976,5.65326409013464,5.62095525233594,5.57102480988219,5.56661448761652,5.52598843183651,5.49517572180496,5.49365519587944,5.47107965583274,5.45870145755049,5.45740573778773
"31711",3.61039268751314,3.57563956485567,3.52720962655469,3.51450768330736,3.48848363457706,3.46125217621443,3.45222934617207,3.44983812439311,3.44492444747964,3.46692264949787,3.479926799055,3.49858893951322,3.54700940035822,3.56538495428427,3.60946594573668,3.61644482677807,3.65390305480372,3.69935954576262,3.72269510959564,3.73054823822364,3.73693532880589,3.76292418191459,3.76489426540224,3.74298812009042,3.76197683410775,3.81556752233747,3.82167740122789,3.80260252899567,3.80306106426797,3.79650116473073,3.76902849893159,3.76265536306373,3.73751810024808,3.75103491489705,3.72821719390227,3.70984861348697,3.7243362706445,3.71608595344333,3.70833544235403,3.71492395684895
"31731",0.97460226031825,0.963795775502105,0.948369689414066,0.942570661531769,0.935786291493404,0.932500574985897,0.945629334162811,0.981238645666439,1.04756292723736,1.15855245097821,1.30626786901307,1.47597624128394,1.66330420355403,1.78564532591568,1.92484377264822,2.02874970340034,2.15957064892859,2.29601837286852,2.37825741665285,2.45288829842711,2.5404671952107,2.59650539026764,2.60660951020792,2.59980455201795,2.64373948372378,2.72785213947948,2.75623917714071,2.7693625592677,2.80857184935993,2.85224592815594,2.86891623687595,2.91431384195468,2.95468319524802,3.04073739481845,3.08124948737303,3.10840157744576,3.1737383619031,3.20748727156009,3.22534950796197,3.26745322974476
"33231",5.522317055445,5.45280818828393,5.39008728403686,5.35511436611285,5.29590487446176,5.24830552353864,5.21583362269165,5.18864143812747,5.16550397431233,5.16937298913569,5.16269441124788,5.20625233578782,5.29928714064911,5.35700128189508,5.42809927661973,5.46669327004094,5.53356424006338,5.61366844471298,5.66886695937489,5.68077174870439,5.68713901517803,5.63098197605728,5.54549967212475,5.46449255358285,5.43140664283162,5.44263666540472,5.45483289855092,5.45983481224214,5.49013517864409,5.50619379504127,5.46494846984269,5.42546411235874,5.36201144966104,5.33233427310109,5.2715683739462,5.20210444584676,5.14997245057648,5.09089922264351,5.03532799686387,4.97901944404076
"33291",0.628426052832213,0.619743796797854,0.610710925138758,0.605280208505952,0.598779938326624,0.595972016949463,0.600526790650454,0.615241431138968,0.645468579190209,0.697017100944906,0.760038034954954,0.839626488829566,0.937465059207914,1.03310108540055,1.14012593867381,1.23799267835239,1.35534339958695,1.50273333678398,1.65294162830813,1.79384113778053,1.90578006300321,2.02797218203217,2.12718135316256,2.20382725086977,2.36302532282877,2.52713063417567,2.61925028730803,2.66939227615772,2.74322110065131,2.80637428576355,2.82000758538849,2.86912964496382,2.90985921508064,2.99633217713162,3.03243100679904,3.04209211853084,3.09167637696436,3.11107239730381,3.12542410335195,3.13904053663726
"33312",3.82473906106141,3.78090940211841,3.73659786916117,3.71316074895104,3.67343811722659,3.63806676939248,3.61238610289007,3.59136878757548,3.57171049193234,3.56840482108379,3.56213409344382,3.55655610691981,3.56530022619289,3.55807900325986,3.56402506771898,3.56193212266053,3.57319003328239,3.59205305283112,3.60715687464321,3.61563895169852,3.62903118463793,3.65894171835213,3.66831515886361,3.65867753139531,3.66949986345326,3.69510772412449,3.69829328760958,3.68375037225169,3.68752921063536,3.69797755949613,3.69347525828246,3.70251432767959,3.70043459060538,3.72764392403561,3.72759669005316,3.7229153473681,3.73500237967765,3.73479872861853,3.7399543149463,3.74513886170572
"33331",1.63923916799561,1.6168635060508,1.59489668071246,1.58186086871532,1.56648014350102,1.55847105958142,1.56051953659135,1.56922707333734,1.58638836188133,1.61656104423734,1.64975660306765,1.69011657745298,1.74708728062977,1.80112808159133,1.87197256253,1.93754172250494,2.0249729025888,2.1369861206079,2.24832059789513,2.35368687261855,2.44392677137043,2.64855872182024,2.7962151757748,2.86250101706143,2.96160577756814,3.03332698546363,3.05349368705529,3.06601251550182,3.12012898362064,3.18144330515816,3.21026712103206,3.27188356288671,3.32360615762482,3.42465433136356,3.47848261417426,3.52038964848103,3.60294357642006,3.66613400248591,3.73180628608525,3.79916519217152
"33371",9.19773858333035,9.09607640006429,8.98651288292167,8.93998637304109,8.85227143185684,8.7651867706882,8.69834604410852,8.63166085018516,8.56082826909965,8.51387774065308,8.46087855214336,8.40398208486803,8.36848337007493,8.30302002477228,8.2563369345134,8.19002450439735,8.14096733967867,8.09579695145948,8.04266570360134,7.98305247380002,7.92673838082411,7.87128455738581,7.82177703945029,7.77065277112016,7.73992385368498,7.73153985967364,7.68639915436719,7.62439021468047,7.57274910881693,7.51777881995675,7.45743708904357,7.4114441266635,7.36514341159755,7.34082667548394,7.30080050511862,7.26153394401076,7.22709004657364,7.18631423164729,7.14906244405423,7.11230299120501
"33391",5.78159750260581,5.71148346108335,5.63458797744305,5.60496997843772,5.55476126670122,5.51103974274531,5.49488731959647,5.48906048048245,5.48856692515837,5.52333138040014,5.56221311647314,5.633820387955,5.7505658907768,5.82737555939181,5.93120324518692,5.97929470992679,6.05214557241961,6.14129700083918,6.19762140845548,6.24046949748355,6.24009428303957,6.24423022614706,6.19973722754282,6.10661561803412,6.09924608531297,6.13394622712599,6.10122587312577,6.04239682915607,6.01666658310344,5.99818467779465,5.95323535671038,5.93352171648726,5.89861506843898,5.92104318220682,5.8959570347012,5.87401817383425,5.8768780663916,5.85575175449627,5.83911686720185,5.82738943281411
"33431",0.413830720763637,0.409478202552468,0.40435651329461,0.402794541035779,0.399247160891082,0.395408897429412,0.39496685202041,0.405768818839575,0.441888848447943,0.513441856729779,0.623455543653092,0.732963330148245,0.847158783811132,0.945385828450894,1.04074978486422,1.11043815874878,1.19875250574827,1.29769519457226,1.37292939772361,1.44049421376571,1.49572077080776,1.57186976129184,1.62332095523155,1.65723047280578,1.76060885540453,1.88142977518096,1.95601119161412,2.03168681395105,2.13736689413351,2.26040663914863,2.35042866530961,2.45733324472572,2.55457710582886,2.70913539624191,2.79318548613605,2.87597141253133,2.99226454476492,3.08075913461009,3.16186931343278,3.24847477443479
"33452",14.823881871733,14.6569712392817,14.4564376639334,14.389729904018,14.264711341851,14.1289860266865,14.0584540205582,14.0041151626524,13.9696524780887,14.0039974658566,14.0249664843146,14.0430791801005,14.1431082285387,14.1475770232678,14.2266815582084,14.2039159107342,14.27309616763,14.3760349350455,14.409790999841,14.3892004074972,14.418547239065,14.7595854446704,15.0469754363114,15.1956939535791,15.4666244644534,15.7459095242187,15.665444394263,15.4488693257221,15.272387903402,15.105791467444,14.8806623418388,14.7214528842117,14.5364155157339,14.469826371556,14.3114415079379,14.1599033101032,14.0555042452526,13.9137961657215,13.7816822452675,13.6625360806223
"33551",5.0906456308079,5.03684240954813,4.96960992470217,4.94877615550735,4.90597966742309,4.85683868722657,4.82706063239822,4.80779804108519,4.78774710649691,4.7878210736726,4.77984827829162,4.78036838543772,4.82253504739409,4.84290008562748,4.8864990958396,4.89554924285478,4.92653875256097,4.96446370288305,4.97999625552758,4.96786736070044,4.99324210724838,5.06772268023901,5.08786190084226,5.04112727310278,5.0116902297986,5.00339303808423,4.94628327979059,4.87663269708315,4.8250216963378,4.77229167548483,4.71195887529963,4.67228975613177,4.62068459080573,4.58946057668472,4.53790774725889,4.48708729097943,4.45000350854817,4.40505525644995,4.36273761377187,4.32641658332323
"33691",4.62238427620357,4.57864139547356,4.51901807999794,4.50265930905367,4.46565583641034,4.42413397238947,4.40878110775869,4.41120627576457,4.41169508726376,4.44164705504445,4.45821330101635,4.45233213700345,4.47192244160119,4.45232704755775,4.45761006439666,4.42371833875644,4.42044255005703,4.4219430516967,4.41036757277895,4.38561558570309,4.37061106785212,4.35904399760264,4.33508042119693,4.29529673994939,4.28096741503809,4.29199048459552,4.27551022513518,4.24346555580988,4.2258459820444,4.20266574474008,4.16870819161311,4.15351131587257,4.12619404688281,4.13118867117881,4.10891434782442,4.09156344881971,4.09541037693977,4.07907196987036,4.0685591473572,4.06602555577084
"33751",2.7510208222029,2.72310105606185,2.68904423391386,2.67839749605467,2.65790222629051,2.63564352239637,2.62640404475451,2.62199664906119,2.61702642235133,2.63014628625909,2.64234423589453,2.65908218962302,2.69427590758012,2.71148543816209,2.74401888239063,2.75240308906068,2.78443840350155,2.8198702649745,2.84069075049074,2.85174678629738,2.85882234008965,2.87045625900663,2.86929977750926,2.85854524865808,2.87378686147451,2.91486268215026,2.92767364871746,2.92501931713098,2.93322382025443,2.94285763008309,2.94199038213528,2.95641581383006,2.9591246095355,2.98906960109357,2.99346206459433,2.99753849087685,3.02940915937507,3.04814209241135,3.06923147400512,3.10408789172861
"33771",0.660613939256166,0.654176644661977,0.646636325797917,0.643981278333032,0.638606913419908,0.632489126734957,0.630120643397487,0.634910599514228,0.651493090925608,0.68702120100857,0.740659882387767,0.805013401546304,0.87781997378228,0.935472919277623,1.00278964845634,1.05502368033787,1.12741986867255,1.20076749215175,1.25377843914148,1.30245449947427,1.35375194773476,1.49077895616327,1.54652494475089,1.55813194922264,1.61309267908066,1.720377308461,1.82637688443861,1.96317998735782,2.13944735209561,2.36219228801102,2.58230829032526,2.80930032226035,3.06487753198635,3.3564710177007,3.6135736139454,3.82617289445669,4.10450723863451,4.38392057855385,4.62985926019961,4.92025958681311
"35234",0.308413396131569,0.304771385301122,0.30159291446729,0.299765070967359,0.296559897879964,0.293833129676347,0.291953793338036,0.291372485955381,0.292740803631616,0.298630566201722,0.30722226572901,0.32270608477275,0.346346048153817,0.374048769232533,0.409062892361403,0.448540281942463,0.498219476074547,0.56141646683935,0.62871213443593,0.689398625233151,0.745980012508127,0.803320168550728,0.84164128040762,0.878150711379058,0.941673939857273,1.00695825599461,1.04353827210156,1.07328282767065,1.12094642713244,1.16858360301522,1.20335685075243,1.26290623653199,1.31726567252858,1.40138350170173,1.45908743517786,1.49067090577577,1.55650817647437,1.60546027810257,1.65523304484524,1.69961016111831
"35331",8.38990660295511,8.29889006377372,8.20436217847377,8.1572418897024,8.06966024630075,7.98555025697926,7.92097535566639,7.84434963916479,7.77068594549552,7.71537108230536,7.65263059788236,7.58658251854612,7.53885386729219,7.46992802533545,7.41330933381765,7.34921005788051,7.29665690653754,7.24810697111464,7.19561803527489,7.1375841014247,7.08750945460046,7.04003942037905,6.98357264447406,6.92418580743704,6.87743274116305,6.8481643365097,6.8097635349552,6.76064831798197,6.71865031595546,6.68020022293462,6.63969724236166,6.60858955691879,6.57459620013332,6.56022088842375,6.53403875442809,6.51276093700497,6.49566205203446,6.4697101600938,6.44873809324296,6.42780082651481
"35351",1.21586548032747,1.20111015601051,1.1859588281891,1.17879377227607,1.16636657681873,1.15578701701026,1.15725624098292,1.17409612171019,1.19772071475941,1.22626737170802,1.24935592228487,1.23594666969524,1.23377854623497,1.22536107939532,1.22671701449076,1.22696494847768,1.23815272015545,1.26003590367803,1.28535284299303,1.31397289552507,1.3504747018551,1.40119096174132,1.44462362101669,1.47731391277388,1.53971889129231,1.61869570035151,1.6772705991205,1.72141089867966,1.76839541065316,1.80443995526321,1.81824791956547,1.85041093282984,1.87597797275,1.92914704836777,1.95054255538684,1.97136118624084,2.01340036730934,2.04382117093926,2.07478459247743,2.10888902201114
"35372",6.99758076876581,6.92218993356566,6.84352095993725,6.80938037658933,6.74443878708053,6.68317404581266,6.63514777525143,6.58765021363969,6.53815876260986,6.50793794522983,6.47288743319681,6.43275757252878,6.41289535994001,6.36912789026178,6.3409397392941,6.29775207932034,6.26877758125841,6.2433887071856,6.21067314295864,6.16921234656275,6.13522152454335,6.1118504447229,6.07089508393547,6.02128078751625,5.98762554779146,5.9750946105513,5.94602210996071,5.90275021436472,5.86583382995737,5.82994392088585,5.78972844687731,5.75968675306465,5.71994208513855,5.70277887826405,5.68290362144418,5.67634614717425,5.68561951037677,5.68512595110248,5.68699425070128,5.68731309670414
"35393",3.29451275766312,3.25576151688538,3.21452326212419,3.19775603546497,3.16761725288788,3.13958900346651,3.12059526565349,3.10524371654159,3.09450099802978,3.1002599485275,3.10716526973472,3.12262425210476,3.15931973891177,3.17924399962948,3.21184331203378,3.22142778788478,3.24336124930437,3.27296354831482,3.28868926812603,3.29350362296013,3.2803598729385,3.27666459046619,3.25260762273558,3.21582178458154,3.20886570742995,3.21884174884733,3.20272841856708,3.1787490099297,3.17592904881993,3.1930295439512,3.22103592554651,3.28109936429419,3.34018881176165,3.41382108844915,3.41539955917781,3.38176263234229,3.34633188939838,3.29875611659722,3.25494065451748,3.21553593831716
"35411",1.25641839481136,1.24019559371875,1.22231555906388,1.21475620832703,1.20393287217425,1.1975398194936,1.19972284149132,1.20749679349173,1.22348352781261,1.2534571535353,1.28960253584967,1.32920324559837,1.38484906060064,1.43250332331091,1.49308346559713,1.53928577827683,1.60216744664214,1.68082209547836,1.75212719811154,1.82277582546139,1.88227132665047,1.96191195633446,2.01374890987189,2.03839873977408,2.13375379686033,2.2478058699206,2.2978483800929,2.32254281370421,2.35638307754645,2.39711767406797,2.41348506780492,2.45167080156015,2.48593224040082,2.56186057370027,2.59046961238584,2.62478691637132,2.68290581282443,2.71924886068758,2.75073877785832,2.78616905754052
"35491",1.26526699543204,1.25187185044683,1.23584122265903,1.23079785504726,1.21950152398671,1.20680076617682,1.19866767519594,1.19144660668288,1.18454691557008,1.18308836808245,1.18016365964374,1.17857417676007,1.19066829247561,1.20930970968452,1.25312616577344,1.30788170637752,1.40148095009837,1.53205530951281,1.67808130646273,1.83489194549122,2.0049531328071,2.20540301828126,2.33432110901331,2.41540972296611,2.57565184459096,2.75822910019794,2.86182857450981,2.97288428295638,3.09993136017977,3.23450313399842,3.34272417721468,3.474217735897,3.57492098051922,3.73086698733074,3.80167486062168,3.86300244327102,3.9726051793285,4.05136154644262,4.12393283683849,4.21857080563538
"35511",4.80138680848552,4.74850376349104,4.68801973570888,4.66923664582733,4.62823661302112,4.58362808041374,4.55677625366468,4.53564473197793,4.51765917982989,4.52231035819227,4.52261532625674,4.52606996057389,4.56166662998891,4.57226786947456,4.60440736462952,4.60220114339284,4.62791454178081,4.66294292266763,4.67557202404362,4.66302548444935,4.65796609753871,4.66178770532657,4.63775819135989,4.62610035905003,4.72394961267907,4.94534093485763,5.11904522728021,5.20614640830876,5.21000567254212,5.13157593063716,5.02903997059805,4.96872896151958,4.89907852629954,4.87955447103571,4.82375865971856,4.77056569674918,4.73734894979503,4.68573313641476,4.63488108951121,4.59054427475032
"35531",6.45033086055083,6.3798200432998,6.30493298578263,6.27647596938901,6.22126807165258,6.16572626181342,6.13007085420769,6.10341043470581,6.0819244840128,6.08357840280463,6.07766605629211,6.07754449930027,6.1122703771165,6.1193834007889,6.14970677866566,6.14132649001806,6.16219564299374,6.19299381496984,6.20026581390661,6.18069553593315,6.17253777747497,6.17240097509554,6.14252157030924,6.10177642172523,6.10767860727872,6.147519162929,6.1320195354356,6.08657285939583,6.05751619882176,6.02445991283836,5.9805934148705,5.97076556021372,5.96557173668133,6.02812124538113,6.05997834010121,6.0730397322249,6.08859525876094,6.04818401206654,5.99655717370908,5.95196296069049
"35591",5.68748141165273,5.6314720427453,5.56679935682044,5.54886486557379,5.50533457391051,5.46129540134814,5.43526073427701,5.41342936714347,5.38976153915885,5.38891403225507,5.37768708163916,5.36842476234991,5.38474808113025,5.37671831062291,5.39216061863728,5.37795107077952,5.39557637036856,5.41855504573222,5.42665221959086,5.41714079431286,5.42504963313413,5.43963459621338,5.43828930569216,5.43775164161415,5.52159050580276,5.68416265888195,5.77741409347816,5.78873821214561,5.77326730903067,5.71367525992567,5.62310372152094,5.56861231192335,5.49978186932154,5.4796702723149,5.42552620512064,5.37446548843306,5.34562029483584,5.29244936238992,5.23614317342665,5.18813065654309
"35691",6.18769686798227,6.1264952192513,6.05106267107153,6.02845141451729,5.98469292452463,5.93977897321102,5.92169008495455,5.9136743179252,5.89519003428059,5.90333734039583,5.90298413529976,5.936368287579,6.02989952642801,6.08175424023685,6.15624319336831,6.16145664956646,6.20163078923086,6.23819942157151,6.23419990801168,6.20753985687072,6.18047837448792,6.1330210480424,6.06093339940579,5.971855522141,5.92816558310304,5.91493132797145,5.86749476295917,5.80342833292816,5.75462212858712,5.70123275281221,5.63481167737713,5.58776284434583,5.53165203853184,5.50519793588632,5.45579525700712,5.41366650113626,5.39239307685515,5.3563890733668,5.32971015051242,5.31199114240946
"35732",5.42740762336663,5.38007494036866,5.31691216851288,5.29844873374297,5.25526448816703,5.20558955998202,5.17188693968352,5.13537683311108,5.08838532170861,5.06002102773982,5.02544186940053,4.99033563953834,4.97385532359992,4.9436302158868,4.9297703777875,4.89435968600569,4.87911110889927,4.86946312941466,4.85531621784433,4.83179989287841,4.82162827638065,4.81485115459711,4.80402845229643,4.77762023451405,4.77466230449472,4.7963063014639,4.79204858120698,4.76974909224398,4.76283472941571,4.75308162764542,4.7337464706411,4.7375602811549,4.724916388832,4.7491730561134,4.74065449030765,4.73892615219982,4.76310414305366,4.76401821764892,4.77152235350819,4.79060469223316
"35751",0.0748162510755854,0.0740675809369857,0.0732349954733797,0.0728935514843343,0.0722875772836569,0.0716493266502429,0.0712268804025993,0.0708669578262634,0.0704720478611543,0.0703402978740525,0.0701423526599954,0.0848953682142335,0.149223543864783,0.256343762791842,0.400027850273249,0.569103972142507,0.77948164348611,1.01715118136648,1.25109729461939,1.51015696796762,1.76019561404247,2.00157622069904,2.17914582602844,2.34557706571524,2.53718909182336,2.74599656052238,2.86971103961864,2.9971349801978,3.14199864874661,3.33180842612107,3.48177463761386,3.63001247484563,3.79418469292875,3.99282876463225,4.1377934511094,4.24756575689852,4.43853824833156,4.60633382438765,4.75334212434534,4.94641064834599
"35774",3.7605760485479,3.71932139018802,3.67583563216615,3.65654082926328,3.6291318064422,3.60527156356327,3.59770258859592,3.60162023531833,3.61523190479549,3.65285198068052,3.70147562508198,3.78981487999369,3.9024132036836,3.98760817370183,4.09159910430212,4.1470334469946,4.24747770752795,4.34392184586201,4.40196962428165,4.43969319089804,4.65121225849337,4.71044942879227,4.70873492045134,4.67259846904303,4.6594975410881,4.67507134490698,4.63758509080259,4.59758638410489,4.58140842468944,4.57659734795494,4.61227785686258,4.77715384729042,5.04994920318677,5.39531391374387,5.59182737987148,5.59876908879531,5.55496325445282,5.42131870593458,5.29907707478957,5.21855465845768
"35792",0.0468353635274712,0.0463650405693366,0.0458544851179601,0.045634569573879,0.0452583949813454,0.0448528558492144,0.0447146938026575,0.0451184879683398,0.0465057772386568,0.049380391550043,0.0537806053506503,0.0676668224287461,0.0941898805969098,0.130344419115376,0.177934159375202,0.229741548489451,0.296549925270881,0.370965176070838,0.442313208629812,0.516689818772264,0.598820239911783,0.698713573558298,0.792766068208822,0.89043770157921,0.995796171136608,1.10794431149109,1.18999923650989,1.27910404659296,1.3940449963871,1.55386466681794,1.72212785394504,1.8971128216871,2.09430466295183,2.30616129918737,2.47974214553501,2.60940947161905,2.79175048919633,2.95913292085558,3.10291042013637,3.2767749546962
"37254",0.930927782251875,0.919369702847386,0.90713521646426,0.899636074286697,0.889494851227568,0.882472837401515,0.880472011448082,0.881721850787695,0.884540087720771,0.89673810563694,0.910392263702811,0.92597666615399,0.9475914831996,0.959563288804216,0.975534267924484,0.986332670314028,1.00320459567451,1.0251225318273,1.04470426509153,1.05644660858326,1.06888700163486,1.08490833913136,1.09183793058028,1.09925076318372,1.12602673536657,1.16148027464335,1.18934728300606,1.21076070365263,1.24586346893684,1.2835608497542,1.31074679271229,1.35498485154368,1.3936389022078,1.45760797084103,1.50033836580757,1.51973981895787,1.5612609440503,1.58611108684312,1.61034528937441,1.63241844354518
"37274",11.1793232933671,11.0604300502659,10.9443704478659,10.877044196369,10.7614267622846,10.6499006886985,10.5675243867246,10.4684230872629,10.3654855519893,10.2946526889048,10.207716225321,10.1145006507388,10.0426654168956,9.94231302785145,9.85885734398305,9.76520439461392,9.68629531905112,9.61458057736475,9.53801319243622,9.45420158943795,9.36641054191457,9.29987666759156,9.2143708610648,9.12600237791301,9.05485095285654,8.99385807367745,8.92618846631645,8.85359306614784,8.78765359692509,8.72473100609842,8.66187157720447,8.59002008327217,8.51109219359406,8.45073847035711,8.40373408233765,8.38343221687144,8.36308826930041,8.34027399824461,8.31964204047148,8.29084358833266
"37333",4.44620090575378,4.39659692730818,4.34456272151012,4.32161244305132,4.27416259156352,4.23468801077122,4.20985909409488,4.18952001356607,4.16961922408357,4.17618410687914,4.18256314127636,4.18930434242079,4.22008954872858,4.22403793681149,4.24234041333617,4.2463851912501,4.26648087606114,4.29392314309497,4.31308025458279,4.32208316949559,4.33184952019072,4.34800845223567,4.33889967229411,4.31892528739132,4.33336515576598,4.36774548430571,4.3712542699736,4.3511521203649,4.35167104222372,4.35573615806971,4.33713259128466,4.34235922407662,4.33546819987759,4.36846357531207,4.36602326921405,4.36332250075222,4.37813074057552,4.37289069473739,4.36877952423862,4.36704195381227
"37371",4.54184150325347,4.48524303315568,4.42897931959784,4.39978754485192,4.35289337449333,4.31863730740759,4.30706873730802,4.31083828478204,4.32327653487985,4.35450180141266,4.37798727421997,4.37698495004692,4.39074840619781,4.37643721799679,4.37560835202487,4.35855200337639,4.35832869052901,4.36893415804548,4.37181900637518,4.36570129753332,4.36935206567771,4.38267528924352,4.37958840268208,4.36828288840176,4.38955668132204,4.43114407821939,4.44066950555313,4.4321066564391,4.44189314847787,4.45813188658914,4.45655810061085,4.47470485591419,4.49062509379835,4.55029274218582,4.57747274888025,4.5984952016533,4.63407762851497,4.63849991165925,4.63638948342531,4.63745966449165
"37391",2.74776996788773,2.71457720027817,2.68104004222569,2.66330762353027,2.63383306004789,2.60898807684101,2.59201603870873,2.58061542970794,2.57627494874903,2.58682112512141,2.60075148896983,2.6163841303278,2.64585244188773,2.66200031805535,2.68826885329612,2.70135456805707,2.72829337410936,2.76378192477963,2.79044480443053,2.81104121166751,2.83306207188179,2.86619122153991,2.88378364306348,2.89098447800047,2.93403449689609,2.99038384613095,3.00962964638782,3.01882009280256,3.0444910094614,3.0770405250627,3.09093656604276,3.1215825125824,3.14951637288439,3.20843581370211,3.23269159110603,3.25899972817332,3.30660107780438,3.33615810943736,3.36447910954607,3.39726471682446
"37414",3.60283449821552,3.55950234918429,3.51372977166416,3.49174500813202,3.45341706768234,3.42102036705429,3.40403134606234,3.39995718250539,3.40552841132509,3.42591856679079,3.4419430024385,3.45579897110856,3.48567316997133,3.4924605597123,3.50878192494526,3.5043276527503,3.5145166878558,3.52986374053714,3.5306596151322,3.52278373788841,3.49722976090777,3.47953691134842,3.44757303643678,3.40911111855837,3.39653270130933,3.40418044270574,3.39156220017466,3.3641653298864,3.34250019376768,3.32260637024087,3.29654264699889,3.28021083705636,3.26274559001334,3.26163050065004,3.24926459718806,3.241533152052,3.23954413809151,3.22728656315177,3.21557167490496,3.20373667408808
"37451",4.17152845650629,4.12630468118028,4.07856203946484,4.06143585164223,4.02478871228392,3.98751910253335,3.96579689603233,3.95023184998294,3.94142054209041,3.94999801058716,3.95455939764505,3.96518770417478,4.00092919165078,4.01282886947376,4.0423908156814,4.04791709970068,4.07140627769374,4.10237362175753,4.11405832112523,4.10709215180138,4.11824994885594,4.12294626424087,4.09667414803206,4.05144294827819,4.03818334114855,4.04367128400434,4.01880407309751,3.9850877399988,3.96557675083552,3.94608772368262,3.91739235332857,3.90172565765234,3.88026468582927,3.88530552716398,3.86946272896725,3.85529141317912,3.85434221538472,3.83798876296509,3.8270427899884,3.81971079234952
"37472",2.3089121305201,2.2824929142622,2.25385347105638,2.24365980899512,2.22375748091054,2.20515762229457,2.19924927077805,2.20160594082953,2.21487693969662,2.24715178371105,2.28475552197328,2.32701251638976,2.38882985548814,2.42789068050867,2.48140126930316,2.50968395789376,2.55658986449224,2.61333244941413,2.64923186004831,2.66373674333076,2.68856582479975,2.7163469224266,2.7180197071008,2.70235162586551,2.73276488891664,2.78582687042981,2.79440030586371,2.78933770994117,2.8010640015843,2.81078852973265,2.80518036497257,2.81945813367945,2.83172356925579,2.88840895884813,2.90813651588598,2.92406557194895,2.95372884293139,2.95294732162324,2.9482181528666,2.95171788442433
"37491",3.27141683797302,3.23631131056421,3.19664155655751,3.18428171318544,3.15473274962624,3.12241563980912,3.10676033912494,3.10276668438434,3.10546215591597,3.12334455373064,3.13795683398143,3.14242344372792,3.16385637830273,3.16184549809184,3.17192010829892,3.15850489944793,3.16254317042076,3.1716813099782,3.16652096232063,3.14654675602428,3.14504385479991,3.15923599718159,3.15525119246223,3.12884910123586,3.11856515301278,3.11753725194984,3.08771840031254,3.05071533999828,3.02367064983855,2.99616338393119,2.96294026924185,2.93904524347043,2.91114972333874,2.90012653941671,2.87760185792429,2.8568831834869,2.8445158084664,2.82544116762,2.81137062802508,2.80245795090112
"37531",5.11798830311576,5.0597532300616,5.00007915124121,4.97696146162213,4.93327899734372,4.89217745176152,4.87024756707193,4.85764501445245,4.85161173975616,4.86546005193417,4.87278726817446,4.8800040155487,4.9152603016186,4.92402383611357,4.95249761528086,4.95194522362586,4.97821306167274,5.01309948197921,5.02736132915172,5.02265167269274,5.0365988304918,5.06019570009496,5.05719471527295,5.03562313142983,5.06277574610978,5.12699228801198,5.14508462791866,5.14358969479656,5.16281856191347,5.17244053539716,5.15404971698809,5.16065554584045,5.1469805480247,5.18805539046438,5.18522251960668,5.1826479566765,5.221438674886,5.238706301592,5.26451010809592,5.30645625807328
"37551",0.56694760424275,0.561188787286361,0.555076596013534,0.553181995214679,0.548615207119788,0.543764316716463,0.54120824532514,0.541766240226447,0.547289564534119,0.562214830885067,0.584102111312973,0.611788640868806,0.650628215826748,0.685582999043545,0.728782038576454,0.76263782484448,0.808568299358628,0.861759472393615,0.908167618704021,0.948507222533546,0.996034722561993,1.06691621990403,1.13340571844782,1.20161978681592,1.31579050463957,1.4442854903473,1.53438240577122,1.6249509236578,1.7336629516921,1.85359161210315,1.95760153772664,2.0797906381155,2.18074141830421,2.35442648424483,2.47399352875944,2.56095806891958,2.67164788431882,2.73372010645584,2.78370914032909,2.85764766725724
"37671",3.80252929060709,3.76436587489761,3.71378604867684,3.69854553414992,3.66239777351381,3.62685593850273,3.60664171952018,3.590593375248,3.57448874365308,3.57652126887445,3.57568663485603,3.57515193077789,3.59542658303954,3.59320282951575,3.60836380581957,3.59617562026544,3.60691608510889,3.62098473881168,3.62004868384193,3.60740833869409,3.60867461206979,3.61031458386319,3.59554526865989,3.56567275645507,3.56583465571562,3.5949757455417,3.59638992019812,3.57834756496957,3.57814830662004,3.5714362373831,3.549535871959,3.54871518470074,3.53264315186069,3.55102205593345,3.5383415436005,3.53181235570511,3.54896450391351,3.54564207861842,3.54702155416818,3.56158836231042
"37691",5.36767272265259,5.3149640432495,5.24427188522242,5.22478656273278,5.17876115822004,5.13810759492948,5.12411510894032,5.11605281607441,5.10044333945514,5.10991438706159,5.11462822549237,5.1326478152942,5.19527209022714,5.21966780343207,5.27335771114863,5.27104587925219,5.30758679502176,5.34718118400603,5.35181287525962,5.33449264158695,5.3371780904982,5.31794178759762,5.26659619643872,5.19169932031497,5.16145874811672,5.16489645068568,5.13233626236429,5.07667932306669,5.03967597754887,4.99663673153571,4.93627746239909,4.89589079924196,4.8427393096449,4.82082094403558,4.77291115592424,4.73080523565547,4.7074070985508,4.66724030236313,4.63319884562805,4.60843978904482
"37711",7.35685897776875,7.2881616065028,7.19454763459597,7.1714631644911,7.11089178845178,7.05409454203169,7.03265904866331,7.02015295820343,6.99875253193262,7.01128794461045,7.01565801586737,7.06250823808443,7.19124633276475,7.27251546746043,7.3891973348756,7.4135178860434,7.48046215592967,7.54209623422545,7.5381203304906,7.49946962433952,7.47701293940216,7.41809234703859,7.31667039031139,7.18684875616808,7.12332559837845,7.10075897139592,7.03280268457352,6.94072814914675,6.87054246560022,6.79704150747469,6.70334609922251,6.63191025229239,6.54945435540317,6.50723772690701,6.43782725782527,6.37716420248346,6.34248140606297,6.290813970384,6.24560400108402,6.2112739077671
"37772",2.41095904473956,2.38551668416012,2.35725135617996,2.34478075179104,2.32439613720962,2.30488514109138,2.29402738945209,2.2872075330295,2.28383058058633,2.2937480688606,2.3053536246353,2.32962533836845,2.37064111490594,2.39886341939751,2.43790000956082,2.45114018834879,2.48242227805527,2.51791062936867,2.53741552261248,2.54277589101407,2.545061893889,2.54476322931898,2.53194112772243,2.50996334447025,2.50755354634697,2.52244067430714,2.51701526321105,2.50391363495784,2.50114870565785,2.50133030399982,2.49661699506102,2.50469498695276,2.50553000211859,2.52657862229206,2.52906088594961,2.53231970099996,2.55466680135719,2.56537039566459,2.57595391630053,2.59531110335574
"39191",4.1280848084507,4.07480354832769,4.02793909284667,4.00303115225697,3.95555133178107,3.91220245042473,3.88213629327065,3.85966717215438,3.83284797327559,3.82570458007748,3.81342842271222,3.81321179047465,3.83921096617837,3.83901657655683,3.85580961349626,3.85844578973782,3.87622502540063,3.90774801814362,3.92590627139503,3.92360561657241,3.91995769737641,3.93561169289812,3.9216335852564,3.89948863890878,3.89601324576719,3.89751077734012,3.87752238435672,3.83415191871346,3.79868913076988,3.76707264786128,3.72167850055176,3.68857819106603,3.65053291977316,3.62797161762929,3.59346672671704,3.55921388153418,3.5289140059184,3.49720600686381,3.4692628500455,3.4430179437607
"39251",14.3378825650634,14.1751987191374,14.008416443431,13.9165707841281,13.7560848897212,13.6074287306533,13.493106929894,13.3875085173116,13.2673793074432,13.2152683439049,13.1597912064803,13.1027960234334,13.100722140028,13.0205567650792,12.9827727284921,12.9205052537985,12.8929470747662,12.8839378121234,12.8571418292574,12.8013781054526,12.7696087806412,12.7461520125874,12.6684099188122,12.5757347456376,12.5360027470035,12.5452574713523,12.5254766033054,12.4497567304899,12.4088827943948,12.3684831581843,12.2907496355617,12.2537162376702,12.1991068981326,12.2219614440227,12.1980621274015,12.1759722975107,12.171574867592,12.1301796193728,12.1011327332376,12.0696438166079
"39273",1.59968556081174,1.57946211618089,1.55838205129918,1.54574488158935,1.52764895171417,1.51383959992617,1.50841762490691,1.51063053799477,1.52078292503233,1.55589516768291,1.60262320277366,1.66146154295584,1.73578314202034,1.79618755651955,1.87398088236178,1.93830824863052,2.02377246773224,2.13005007521139,2.23748446480575,2.32691509203527,2.40541793093275,2.52146758305734,2.59024307231097,2.62851769361403,2.72304793536397,2.82355260921116,2.88113935315964,2.92088861344575,2.98847600349719,3.05449572345419,3.08403488597403,3.15964964743716,3.22738596778631,3.36312649130157,3.45533983408258,3.50278417507942,3.60673150840698,3.70483245024697,3.81034553821909,3.91399456029423
"39311",2.99217309003676,2.95637479012569,2.9183514742814,2.898792603826,2.86619114378961,2.84131081315233,2.82883682902851,2.82281770355085,2.8210118325005,2.8440383341104,2.87145218106971,2.90239693867286,2.95255462707872,2.97662481454981,3.01646964206437,3.03963756800815,3.07934063934149,3.12770237476688,3.16820374319855,3.19530325816447,3.25158756896002,3.32029972639515,3.34889960365199,3.34095837173149,3.36992426229306,3.41416621556443,3.42986040640586,3.43137448687006,3.4596591698348,3.4924970633077,3.49595326573787,3.53104365878855,3.55204084867662,3.62102619955268,3.64849804655442,3.66401751643315,3.70712415595974,3.73015838453806,3.75332638839493,3.78044633971722
"39353",4.56224521998125,4.50963206028085,4.45523429496052,4.42992286462262,4.38143326222597,4.33995684023986,4.31152564671519,4.28784613238974,4.26719499563556,4.26581541870288,4.26279810328965,4.26115155406378,4.2831723039605,4.28196063644742,4.29495203590065,4.2900602842056,4.29751322670766,4.31228691336477,4.31837374944454,4.31245872559669,4.32903436224569,4.34268438907284,4.32794653554617,4.29588973990249,4.28842915794968,4.29031875804151,4.26232520419147,4.22138672545632,4.19456321017145,4.17129172817735,4.13666958564855,4.11625418067223,4.09770683528705,4.11641724674299,4.13121279397904,4.15215244413919,4.18625498197059,4.19699826423966,4.1960187418652,4.19495344890952
"39531",5.48881129635922,5.42835340726648,5.36444853854381,5.34270491906212,5.29528848261708,5.24877543899033,5.22235394602329,5.20561386734139,5.1944852785281,5.20699144671776,5.2142795523152,5.29076543025562,5.43776023017863,5.55403491630786,5.68586608252458,5.75541651361325,5.84722590140148,5.93513249658483,5.96904659492889,5.96143306692134,5.98695385369803,5.94865787460655,5.85923391456079,5.73376732659341,5.67960207055385,5.6552453379008,5.58509391453472,5.5060964387654,5.44561300894733,5.38507487872417,5.31361488193837,5.25720318458712,5.19042693774622,5.15202769071931,5.09486936909369,5.0397772085685,5.00266779371243,4.95424808917386,4.92048962747174,4.9049081487709
"39551",6.39084935069929,6.32229407576312,6.24990239803583,6.22551517402261,6.17242494602088,6.11822759741824,6.08509623700128,6.05970357772649,6.03614501867406,6.03721150450439,6.0294084218812,6.07486270570937,6.19283060443896,6.28237291423007,6.39863143342523,6.45164736815842,6.53640604414313,6.6233448096497,6.66153503876388,6.65469042660354,6.61825312901855,6.5402265080625,6.43225079725899,6.31566567577654,6.26236513580616,6.23723583903261,6.17199442111846,6.09493885974001,6.03431762837267,5.97179516266137,5.8991513580944,5.8387863028066,5.76906961266539,5.72192622016722,5.65856615616166,5.5962757643934,5.54892622628042,5.49441844507447,5.44840877541947,5.41340780849378
"39611",1.03289860727638,1.02214614965967,1.00885910093388,1.00520643488712,0.997193327908827,0.988736511541839,0.985499340424923,0.985967068942195,0.98864955947356,1.00049230725362,1.01437790626724,1.03286477566123,1.06432606177169,1.08994204179148,1.12600874762561,1.1523642295715,1.1970025733861,1.24950781605147,1.29467231779403,1.33306327482531,1.46558562488158,1.52863342978932,1.54214380793435,1.53940604389423,1.58137661174693,1.64918473314244,1.69269703027466,1.72645150896587,1.77734652739233,1.82421063984685,1.85090463570206,1.89627817489102,1.93499018724326,2.01375588134064,2.06210427243682,2.10835569994289,2.18723965209288,2.25253506085331,2.32503422920513,2.419840094057
"39691",3.17658097579378,3.14443933265738,3.10230642258903,3.09141558795025,3.06464283063263,3.04564354987201,3.04390306257709,3.04734562383107,3.05028540011665,3.06795716923395,3.08543608978257,3.0957403179006,3.12189142960899,3.11256070764217,3.12467653095665,3.10814637507553,3.11764705849456,3.13113435631285,3.12939493502989,3.11529496621685,3.11427035946856,3.11476351530677,3.10119974490929,3.07385992021899,3.07400758153856,3.10059766120503,3.10337341015948,3.08628190600166,3.08463651241378,3.07728265703753,3.05398225043431,3.04995506849018,3.03305069799892,3.04704338737113,3.03232387209409,3.02254391511899,3.03302570648823,3.02346864683404,3.0164746051357,3.02062333791332
"39711",3.87621282243286,3.83655496475648,3.78277199829375,3.76787799142933,3.73565878946247,3.71015433935488,3.7084892145491,3.71334273204149,3.71647146471356,3.73903480343912,3.75926210469341,3.77426467931628,3.81236777113104,3.8136484600878,3.84133952923458,3.83188524616722,3.85436630052225,3.88261906122584,3.88978465297389,3.88261364519765,3.89695829572582,3.93101476001382,3.94744342426742,3.93102286987899,3.94845462690611,3.99836038955637,4.00661783912095,3.98414501903973,3.98631644586743,3.98270420030317,3.95361981480882,3.95352906728646,3.93480137126772,3.96098327499456,3.94179204457203,3.92949665766326,3.94746627926029,3.93741950265464,3.92903613570968,3.93883010151558
"39751",5.35194422751581,5.29746838626897,5.2345128362594,5.2076920351174,5.15919716706994,5.11131753454991,5.08152604199202,5.05587825156324,5.03078741296688,5.02668914047568,5.01796858122146,5.02799518018051,5.07517384837856,5.10229267740417,5.15084156249105,5.15658367191247,5.19242017620848,5.22791590714846,5.23968683875953,5.22829501634863,5.20036853776667,5.17087487040615,5.12560404477705,5.06957938355257,5.04530485418565,5.05134556658919,5.04019264456094,5.02796454152917,5.04640547200244,5.07013355680968,5.06912472246465,5.0672962125313,5.02712672347396,5.00512420226179,4.95145833435984,4.8988253899579,4.86592523730439,4.81857083024516,4.77340565916693,4.73802787601554
"39791",23.3256901126143,23.118545059559,22.8743391156751,22.7559187745429,22.5544776441091,22.3270400072779,22.1223093142243,21.9199341121224,21.7178657529612,21.5392905064964,21.3527579084361,21.1771795432426,21.0260766618013,20.8368314125088,20.6746582710702,20.4707253513088,20.3118727937745,20.1594771709074,19.9864514206846,19.8049135873758,19.6263899195427,19.4580145741051,19.284595896965,19.1301560702799,18.9954166117345,18.8697298024081,18.7329941295287,18.6112522621273,18.4966921122209,18.4000072526062,18.3117686414409,18.2274842201034,18.1582895414815,18.0916919977603,18.0321245094489,17.9751216170935,17.9239011360478,17.8760108679441,17.8319051079099,17.7885880420956
"39814",0.885686734392773,0.87483977142076,0.862359847451315,0.85573142885492,0.849058966154261,0.846473745084717,0.852916669251281,0.865093990842621,0.884643981371616,0.914550717393179,0.949671046097113,0.997747948587091,1.06559998731336,1.13315666663869,1.22493375047812,1.30358400966357,1.42233671307909,1.55736721792116,1.68246944891767,1.79421216661233,1.93563437368852,2.13050100125977,2.27871834212943,2.40763839719936,2.54875127929429,2.69149262865748,2.74220949676641,2.73913294520865,2.74637124772912,2.77250383945157,2.78269194214305,2.81417344890655,2.84714305162594,2.92511370881217,2.96367704792691,2.97566276613877,3.0140246712498,3.03304960051824,3.04711766053078,3.08498868197291
"41192",4.87179539846312,4.8116418808645,4.75737911120435,4.73218578290308,4.67899595543765,4.62707194721112,4.58676495249415,4.54990100354563,4.51175007419082,4.49999314009498,4.48608963535641,4.47375735238484,4.47991807846384,4.45367226936735,4.44674164990111,4.4265811615475,4.42196481768567,4.43059477809031,4.42993847501582,4.4199690084568,4.41643142697358,4.42352303513999,4.40803366378773,4.39170073200111,4.40158726234511,4.42516966848047,4.43099536412577,4.40418004003522,4.38684257741022,4.37320820057997,4.34013189585176,4.32493278196624,4.30497548617082,4.31625006445563,4.301984175241,4.29012605131211,4.28363140314498,4.26977089394765,4.26125576470849,4.2527835574454
"41333",6.43332267638728,6.3579203997333,6.27877832365472,6.24126287925712,6.17169404805003,6.11291011047815,6.07455516105862,6.04267388011161,6.0124696839286,6.01581352003843,6.01866544930069,6.02683002599543,6.07423808710678,6.08372734962537,6.12304206211243,6.13471583576543,6.1667742772502,6.21242142588411,6.24428530358273,6.25313699771157,6.34645095815847,6.63231890599136,6.84466278625834,6.8928788853067,6.88291269042444,6.82177365984547,6.70196136097767,6.5792725734813,6.49966453017895,6.43464184558055,6.34783208998721,6.29631064317364,6.2339538100084,6.20432097038183,6.13982413826503,6.0705391570021,6.01454735877696,5.93919432559472,5.87083895279993,5.81463621721709
"41374",3.75925491673545,3.71408034322062,3.66868382110339,3.64403225363154,3.60272463229644,3.56651291095148,3.5401336673229,3.52044669380307,3.51052189761639,3.52064722372945,3.5362373602523,3.5572304506622,3.60225090172605,3.62715548383774,3.67292048932994,3.70413223631846,3.75378490003743,3.82225044319091,3.88769571176778,3.9402494813567,3.99556646386771,4.09744891978111,4.14756078392467,4.15901449865495,4.23139596025158,4.31772860612086,4.3503353175157,4.3733021068547,4.45176812904458,4.57361552854995,4.66042949231671,4.77005641048874,4.84305703114302,4.93948439123516,4.94489696124459,4.92913410128932,4.95391394184524,4.94684566413455,4.93686464130279,4.94086245525956
"41391",4.49619698917995,4.44403736655106,4.39037065450269,4.36185626401936,4.31580634791386,4.27668143525162,4.24914281124879,4.2273055767036,4.21090804739936,4.20953306226601,4.20495303785466,4.20684826181466,4.23028718156621,4.23032232182664,4.24524828076668,4.24336078748075,4.25314006903604,4.26762842302081,4.2679115597511,4.25720128488985,4.23971155799709,4.24961114979289,4.24818941278797,4.23993238405541,4.25628081820288,4.27818000614599,4.25924625436559,4.21904151175463,4.18268366423878,4.1473649575805,4.10055859048217,4.06485600816748,4.02798940764549,4.00532898837063,3.97222082408366,3.93990061919474,3.91231497857873,3.87736827934353,3.84287377019022,3.80932565225282
"41411",2.36845166727853,2.34074691696605,2.31079907271205,2.29653447448004,2.27224420197389,2.25176084217669,2.23890865526575,2.2314205391012,2.22710428768316,2.23158491260539,2.2329991891906,2.23263822656146,2.24459064952577,2.24608946810445,2.26273102216661,2.27613026823148,2.3060461107977,2.35047886953533,2.395040364168,2.44360045076486,2.50138830505358,2.66325238152184,2.79160597966376,2.8634439209688,2.94360978664338,2.99405227296883,2.97474763182108,2.94801983847885,2.94550167472213,2.95464504194674,2.94218179227499,2.95338077659243,2.96528176514698,3.01206052115484,3.02596135385284,3.04197900446152,3.08168930335892,3.11118147506358,3.14248267553291,3.17994249584648
"41471",5.96853888785972,5.89898403775349,5.82501431831914,5.79778179132463,5.743100471363,5.69130913884393,5.66552888664345,5.64967630970286,5.64670292122314,5.67292684952911,5.69862607477832,5.76691740839458,5.89163223435613,5.97180056621726,6.08204797545359,6.13577380294164,6.22139030738409,6.3110352730204,6.35764563940295,6.36618985369186,6.3590023621284,6.33524218031481,6.27413409534159,6.18537058602935,6.172983233928,6.19155960614812,6.15341767704201,6.09677486946879,6.0693285055825,6.03925690323787,5.98519518941694,5.95741142054057,5.9167647809889,5.92537899589415,5.89394273422939,5.86509046511086,5.85912380647166,5.82461513377613,5.79512786579551,5.77260658541189
"41491",5.11637659121502,5.05404069695538,4.9899071435741,4.9655000697039,4.91996312989343,4.87798160517877,4.86924949197955,4.8794499368835,4.90012856602309,4.93929369295052,4.97161259273094,4.96894417915656,4.9889974932164,4.97214192517004,4.97826801529916,4.95705468368008,4.96413625016175,4.98273888338902,4.98353377204852,4.96464372927815,4.96231280755452,4.97078398848094,4.95786865640632,4.92867374782547,4.94178764878044,4.98108435785351,4.97958366313391,4.96056790106174,4.96531179853833,4.96790320666122,4.95219399668218,4.96150478159837,4.95691856639206,5.0000225604568,5.00309133415436,5.00479394144685,5.03222997871532,5.0305560353599,5.03576586191303,5.05045909009325
"41512",8.8214162005103,8.71515427613222,8.60705709426138,8.56523455099735,8.48507564900833,8.40969305953309,8.37463075288125,8.35637835945451,8.35604805659431,8.39881032990324,8.44975861970167,8.55248755274663,8.72009633915605,8.82772255767484,8.97552590761182,9.0441939173019,9.16486445918883,9.29195203877427,9.35177948509053,9.34452621307248,9.46759892190412,9.45502739343822,9.37838738907687,9.26334071934027,9.32137555122397,9.49921200066138,9.630562583772,9.74647165740292,9.88838598649729,9.94848715436218,9.85391565663791,9.75287135713259,9.58262249078491,9.51760251514339,9.37778560336917,9.23779445577334,9.14127099952724,9.0130154912595,8.88952479649608,8.77546665181826
"41571",4.9006677060995,4.85151375265639,4.79489060659579,4.7804270511094,4.73870138111308,4.69375832224865,4.66562534179692,4.64335483879656,4.61930068125346,4.61543582032625,4.6040909018994,4.60433201127811,4.64272700507959,4.65733878773682,4.69705269869801,4.70753577464616,4.74452849508795,4.7911167099891,4.8115332590306,4.805770017338,4.83481310213288,4.82579611306607,4.78221275517728,4.71422318203297,4.6925330672681,4.69475926230018,4.66339858385133,4.61517378777607,4.58414017413427,4.54803629926155,4.4998997333347,4.46985106190864,4.42736529175141,4.41363616858342,4.38005422776493,4.34963391027344,4.33603789574906,4.30543661209205,4.28152698634836,4.26809307295586
"41611",2.05208149855657,2.02943630547665,2.00233531738216,1.9943871103521,1.97899327198925,1.96500578241817,1.96152200326035,1.9636392288807,1.96941787680747,1.98889267586293,2.00815711819139,2.03631985473962,2.091978981001,2.13583136553239,2.20571854569944,2.26281114585116,2.35800131007161,2.47909089584642,2.58350718240174,2.67413535214981,2.76671383826592,2.87638228353303,2.94737305272623,2.98659035254597,3.09881047599464,3.23808008866244,3.31531258748362,3.36659420112875,3.44714366205531,3.52185883501805,3.55651575870331,3.64002092743938,3.70576186604497,3.82545072363354,3.87927218463839,3.9276622441713,4.0337837349838,4.10853060853724,4.18111724306492,4.28985257737733
"41653",2.73841136004016,2.71183493827899,2.67934860437828,2.66970548559055,2.64740784220386,2.62550899375014,2.61297194052101,2.60374598055776,2.59671017349014,2.6029619498112,2.60479716937988,2.60895606119286,2.62894445855759,2.63226176597365,2.64732695139055,2.64475593659492,2.65842878642519,2.67380357478362,2.6786798905238,2.67307727836738,2.67998517098244,2.68659835972433,2.67886312955319,2.65917850297366,2.6653081707062,2.69377964049237,2.69982241705416,2.68941324385807,2.69307724719516,2.69076967583429,2.67546290316812,2.67632553667837,2.66610514332652,2.68307461132863,2.67761377638858,2.67505570907957,2.68955837566199,2.68760916262412,2.68657045224228,2.69562182082912
"41674",2.03600287708653,2.01176669579653,1.98226058089501,1.97040354769141,1.95499920920564,1.94757331342792,1.95497466074108,1.97095854140814,1.99819028179346,2.04298791910238,2.09382509873283,2.15710000966848,2.25368214565984,2.32833536950598,2.43267689998941,2.5161233380696,2.6458476839004,2.77892845035714,2.90060264586001,3.01125562090067,3.39310677718686,4.78153483576821,5.60379537435971,5.78581769302052,5.68367816491684,5.43806627481825,5.17415644432455,4.95036244032095,4.821568096196,4.73086804821673,4.66990057487892,4.65716646168723,4.59952835482425,4.55980608719934,4.47994113781483,4.39584021897685,4.34937736706101,4.28650509928971,4.21393166037794,4.16204533787464
"41711",7.99904824368661,7.93082697968819,7.83602507508504,7.81504833307691,7.74893737770993,7.67504013886786,7.62552876195645,7.57592863689167,7.521090125786,7.49372343157548,7.45337939416433,7.41247127546881,7.39095598683037,7.33113049078971,7.29025921770383,7.2236181479851,7.17831301695317,7.13326754770908,7.07792836838456,7.01085654257669,6.95658442011774,6.89494462576529,6.83271084072758,6.76910230960397,6.72113688352215,6.68845429141097,6.63959345977421,6.58083426126819,6.53244281748419,6.48139299453256,6.42617040748126,6.38576625494404,6.33751033151752,6.31525308066749,6.27843729146781,6.24569507820698,6.22371209379837,6.18979448073375,6.16728683634388,6.15099293058597
"41733",4.26469594156117,4.2223393235822,4.17016478462736,4.15101243832982,4.11248565939102,4.0723155503617,4.04794023828912,4.02614059512438,4.00472651978507,4.00037870530351,3.98951827749137,3.97685572968519,3.98192797535014,3.96660016092106,3.96657720323593,3.94695549338338,3.9449106604148,3.94397076890391,3.93457170124534,3.91272709794658,3.90279071354871,3.89361847832802,3.8755460336518,3.85002623117168,3.84606593060798,3.86788561371624,3.87342382928828,3.86333458999315,3.86149797851748,3.85128235854514,3.8288791618467,3.82429371320568,3.80990702526911,3.82833954108896,3.82919721138147,3.84100264695285,3.87847679085347,3.89066246256778,3.89279985512887,3.90823466489477
"41771",0.362198794123608,0.357676571230254,0.352478196139029,0.349768662937468,0.346804406224193,0.345760781447285,0.348865462879078,0.355499147566505,0.367026579380571,0.384166612240798,0.406336591179469,0.441806691292862,0.496198047890142,0.560567118776185,0.645177426974451,0.730199778578809,0.843471578478007,0.969954630654867,1.09393656993383,1.21243711489529,1.34592914341139,1.47420432953338,1.5774108424013,1.68348813254736,1.81909310645114,1.97763457229671,2.09465693245633,2.19126084070062,2.30123697300107,2.42452811622025,2.52158614113758,2.6254156765796,2.71385040109165,2.82745283439266,2.89998247238655,2.97322809131534,3.12448887457812,3.26389101003367,3.38616686581668,3.54467379248331
"43191",5.45022360787817,5.38246942876818,5.32174827587859,5.29178871759836,5.23399835022775,5.17638780542616,5.13262813751429,5.09274253216239,5.05118384818843,5.03846737030268,5.02197713619224,5.00768092000316,5.01698661998129,4.99113597200781,4.98751993406412,4.96667340440714,4.96145590974711,4.9719804933201,4.97106504015838,4.95628936201097,4.95003218465372,4.94479151172782,4.90482250160355,4.86112565438267,4.83976994846505,4.8301764872608,4.81281555094208,4.77457245119386,4.74641123397919,4.72077052706878,4.67971268089325,4.65065102006753,4.61794976968309,4.61056577434484,4.58450881384532,4.56397560622666,4.54605634152705,4.52340548165611,4.5084010038832,4.49639401600627
"43253",3.75016536429452,3.70649685435175,3.66281762805722,3.64134280424082,3.59962819262609,3.56264929534748,3.53571678727245,3.51116294153685,3.48386972845299,3.47594612750086,3.46803070191515,3.45997661376135,3.47003696145723,3.45652754686514,3.45886335802659,3.4499316037785,3.44984873019244,3.4578648827931,3.45893416865633,3.44705832221977,3.4416704656931,3.46186183337291,3.47539572521556,3.47493155645373,3.48468550371892,3.49326319636821,3.47336902611156,3.43638295012124,3.41276649330737,3.38789693702813,3.34955946118628,3.32438700137571,3.29447466553358,3.28533254720074,3.26266779483429,3.24148651246134,3.22654294452821,3.20369351238607,3.1851937243701,3.16876041610675
"43333",4.89651539390377,4.83838950885057,4.77818005691974,4.7501931918211,4.69661413282149,4.65330860062545,4.62655804187483,4.60505992952391,4.5856487549816,4.59171502436321,4.59608126984255,4.60148033696756,4.63412627533917,4.63298532848234,4.65511901064882,4.65932422429291,4.6767918365972,4.70252185861698,4.71244224517806,4.69928255341462,4.69166247944982,4.68663217168683,4.64965331453654,4.60334151843846,4.58876215327886,4.59139756803847,4.56675360383113,4.52586980132215,4.50126157457815,4.47859484446608,4.44076702636741,4.41918207522943,4.39375765152668,4.39993620123917,4.38564942512877,4.37071136177943,4.36413541451803,4.34480144694229,4.3302503254361,4.3184453805206
"43351",2.27299000247333,2.24739900496627,2.22109402935979,2.20781526600339,2.18306127097071,2.16067624384659,2.14420618036406,2.12808027503225,2.11294035484204,2.10530068939071,2.09618581363552,2.08711219692404,2.08735342683111,2.07870871198432,2.07855464009592,2.07504058299816,2.07853355922581,2.08756334903964,2.09494926241933,2.09869167636118,2.10874081161816,2.12550257037468,2.13043740472375,2.12891059237851,2.14159149445841,2.16275381764934,2.16673813636218,2.16164896397831,2.166530728691,2.17428534087297,2.17186873739597,2.18063776509907,2.18609427674496,2.21212520800717,2.22252259808849,2.23229225674322,2.25227250379908,2.26057449449714,2.26932331424168,2.28014489186358
"43371",6.5359065951866,6.45838460290646,6.37814284665022,6.33632304948891,6.26556815388077,6.20453435633455,6.16316651830449,6.13660291063034,6.1196197814342,6.12756186740533,6.12622142959027,6.11315676757602,6.12053999177544,6.08615004204413,6.07345258889974,6.04069265267708,6.02443897701573,6.01745076639207,5.99782348556051,5.96345598375834,5.94086928008753,5.93958919232775,5.93658348644179,5.930133908495,5.95735041023978,5.99925054003055,5.98729717880515,5.94056891809978,5.89811856160613,5.85337356143944,5.78921268438606,5.74131737883509,5.69066565172677,5.65871010131143,5.61033622983323,5.56053073801055,5.51703837238465,5.46634917220997,5.41815824991988,5.37398572317157
"43411",8.39070369178478,8.2999809768507,8.19974749998707,8.1568109484101,8.07150227473683,7.99032008323987,7.92882931051319,7.86619058966762,7.80513585227377,7.76550677093023,7.7183371375252,7.66970794872466,7.64762370636862,7.58988837528165,7.55494145926789,7.50346719059973,7.46795672777151,7.43890472980028,7.39479452748649,7.33963555720606,7.30084650491517,7.2676100186072,7.21635543476486,7.15712929078568,7.11710074687035,7.10070812268152,7.06496664586255,7.01283366169323,6.97230186006728,6.93166402419782,6.88772229760444,6.8549449345735,6.81742294435688,6.80485537086545,6.7797604082266,6.75804564040258,6.74291211187155,6.71558950839272,6.69428515749641,6.67164205893088
"43431",8.99122460427157,8.89045239716192,8.78259282198634,8.73881685067545,8.65259145579469,8.57174286475943,8.57520030906094,8.69732755508981,8.87534632274193,9.06744974114556,9.21866502764227,9.04848948762455,8.94272396497332,8.78299565731712,8.67615681228621,8.54870023569841,8.4571581473564,8.38605796228366,8.29970841567193,8.21437903632138,8.12702229090735,8.05367627924956,7.9687508505855,7.87936491437676,7.8121229425239,7.74143825764468,7.65198466804322,7.5672215738749,7.48920307821585,7.41892939231675,7.35229986827595,7.29613699061492,7.24483907492924,7.20439787640845,7.16350487974368,7.12637940259823,7.09298535908236,7.05702137979586,7.0285701166652,7.00325073788553
"43451",4.00511285518225,3.96251617267227,3.91517256326187,3.90002033732589,3.86343108974434,3.82796572242084,3.80602781322049,3.78824481580933,3.77411443914305,3.7783857126335,3.77853519460026,3.78280091918486,3.81217291804786,3.81452535833845,3.83517181514582,3.83568982543359,3.84997555851322,3.87066656687497,3.87141134918116,3.85820839020615,3.85723269530036,3.8632640702572,3.84401041556411,3.80887828165107,3.80199158373255,3.8090184711806,3.78505526171809,3.74769209529756,3.72506591501297,3.70264241989535,3.67007752750626,3.6506364794768,3.62588160502328,3.62576721624903,3.60771614113505,3.59245131804293,3.58712094274545,3.5678351727488,3.55257998628506,3.53998154673244
"43471",5.42063758970898,5.36440079962088,5.30246132184799,5.28270615662023,5.23194707086837,5.18124934798588,5.14815791738484,5.11611553340861,5.08639784865268,5.07759462694823,5.06269782014985,5.05025529827738,5.06995693196162,5.05984337022042,5.07133691491112,5.06012887379759,5.06487609415744,5.07522890059901,5.06301975400066,5.03332599894549,5.01804446916664,5.00288617634521,4.96066904759074,4.90578958866052,4.87687935739989,4.86207645346222,4.82417896105315,4.77710741847272,4.74328554198414,4.71072303505989,4.67272533675294,4.64761001418465,4.61812912041734,4.61105478974566,4.58990728726505,4.57271281537453,4.56479434355769,4.54334807172483,4.52812394055641,4.51619638176048
"43511",7.0584952848646,6.9747866705885,6.88795934902588,6.8554393463271,6.78743976205772,6.72415469412662,6.68976783415391,6.66593464824369,6.65075501270329,6.66249180647894,6.67217858819221,6.69828454952674,6.76731500665133,6.79428535187929,6.85501023099133,6.87126703964246,6.91887184344755,6.97667623386181,6.99423631191183,6.97469149215031,7.01757038313475,7.02782611786615,6.98810902826707,6.91282322291804,6.94647065003294,7.07237495504093,7.17285567178066,7.25925179830942,7.36779942500332,7.41510555450149,7.34518986657658,7.27398800739418,7.15871138069315,7.12083539215672,7.02826820534589,6.93680813617503,6.87698976787672,6.79179113798412,6.71178822390276,6.63882476898258
"43531",3.12205515658384,3.08495345097923,3.04466522933228,3.0301912035947,3.00353077020293,2.9816419548705,2.97517846286403,2.9758704583484,2.98191622438233,3.00330358822027,3.02360669417522,3.04518003003215,3.08721133693989,3.10557695455479,3.14648376694168,3.16602106239017,3.20689673624664,3.25567072392428,3.28366457954353,3.29391801004429,3.32058920772457,3.37864819922913,3.40502602976318,3.3980235633233,3.44383314315311,3.5131499611072,3.53526674630802,3.54002537972775,3.58275147138519,3.62760130090432,3.63135313311197,3.65834600494905,3.66957251004489,3.74003374902359,3.76622394332938,3.84084891266747,4.05425697740064,4.35059107905148,4.72954705452444,5.12847140674407
"43611",5.50995940732327,5.45376785668955,5.38370338088625,5.36811285699211,5.32482047925097,5.2775251691848,5.24930158641996,5.22990292919475,5.21230519710107,5.22294735830601,5.22378700038797,5.24672519242422,5.31919047882713,5.35127883064099,5.41866566731925,5.44011132703754,5.50143230065597,5.58104850904297,5.62088931292762,5.62148807695302,5.6559966224685,5.64836889540445,5.59756396724751,5.51858245713763,5.51177149582451,5.55218364030527,5.53930932926572,5.49430588827224,5.48248769723446,5.46042959289198,5.40976584199561,5.39166504205577,5.35383675780557,5.37029765048009,5.34348014290828,5.32143833472445,5.32968023853583,5.30785629104721,5.29035752433594,5.29207174904803
"43672",3.7016268083932,3.6644194948348,3.61915565561181,3.60349288258644,3.57200121866917,3.53995313509358,3.52366205496309,3.51877095443214,3.51790801134599,3.53245596129318,3.53627076001934,3.52368292046825,3.52413707375388,3.49960213468081,3.48985951404104,3.46462146071339,3.4563568156316,3.45088411396865,3.43912177035097,3.41834925145652,3.4092409426055,3.40040648358256,3.38402407444188,3.36062522485034,3.35440549071741,3.36695246340254,3.365400291502,3.35099850751364,3.34638546143202,3.33717718626599,3.31949056727152,3.31761649278162,3.30656088912313,3.31970938390895,3.31301523139696,3.30902871880154,3.31886657388943,3.3142618573384,3.31305711428654,3.32038087341188
"43691",7.13019237647523,7.07025030219047,6.98703513982668,6.96510535474615,6.90785945172608,6.84004250020216,6.79040487429815,6.73522264319182,6.674497765387,6.63419996617187,6.58684260832516,6.53822299760731,6.51898784596964,6.47563920703464,6.45898448677856,6.41970892809092,6.41156565652761,6.41546704069255,6.41561934442726,6.399000896131,6.42127628011958,6.44969000650664,6.46313207766103,6.45346034831893,6.49832355779847,6.60489242040542,6.67113655438095,6.69079477884369,6.74506523114594,6.7843475857068,6.78302608221131,6.83266061061006,6.85379567064001,6.95221248069059,6.97060150696923,7.00147025301616,7.09609974399991,7.15151031320856,7.2154940844315,7.32182475615399
"43732",1.76779968314105,1.74701786128346,1.723101786998,1.71170619002864,1.69651814672521,1.68600580912831,1.68826899879098,1.69785176876789,1.71781672764186,1.75243516089735,1.79364619518222,1.84231935311643,1.91181864521832,1.96488684833329,2.03877658137244,2.09079812329637,2.16888212181954,2.25623604037898,2.32526273207997,2.37909591187904,2.45222754559206,2.55363808946319,2.62524674262512,2.66861998019787,2.73951168702201,2.8307807428032,2.87687232761197,2.89753904153381,2.93853666514481,2.98233939603254,3.00037791534065,3.04678122243993,3.08374456620227,3.15668474688082,3.18948847549194,3.21992053692943,3.29333807225422,3.34799275618203,3.39651535219387,3.4742717809341
"43791",0.917265396977902,0.907505560971572,0.896586579577015,0.890954108663434,0.882364094876383,0.873620330270488,0.868578263696383,0.86820495159658,0.876654060559329,0.900268406609961,0.937014651314354,1.0039891125563,1.11321352866039,1.24809030747292,1.43659534148546,1.62769561328989,1.88967307909971,2.18709497569197,2.4765956835409,2.7389855209831,3.06733179439777,3.46537754835847,3.75709955283248,4.00775542233588,4.26173836157875,4.52270677923143,4.66909122153396,4.75189078440257,4.87202943777487,5.00539109313174,5.09760695660025,5.25534956180003,5.39404679774491,5.60023783113368,5.72327880534466,5.7922165336228,5.94495694067671,6.03198278146859,6.08462806514774,6.2088384394362
"43831",0.533659312696657,0.526783610883458,0.518826465871857,0.513985106170233,0.510048372587572,0.510218025157711,0.518802710969077,0.53575664547843,0.564366221549158,0.60445727288728,0.65341048734513,0.726620561379025,0.828700981596692,0.941643691468309,1.09024133021274,1.23181953775827,1.42556405659506,1.63754128435236,1.84195672775692,2.02233375280983,2.24250442629608,2.560891924678,2.78973320374265,2.96282674656304,3.11317098463419,3.24764010023687,3.31451609607502,3.35986044248559,3.44636918210631,3.55518641580369,3.63884982673711,3.76324517666925,3.87217315814697,4.02752702951496,4.13066510817432,4.20783539206399,4.35304308680754,4.46355843807269,4.54879213401595,4.68639292004453
"45192",0.925771291870928,0.913643059258372,0.902216931630389,0.895919424254615,0.887905834072594,0.882667880292731,0.884035413403604,0.89171017907633,0.906978751571377,0.941859315894624,0.986173714523802,1.04420587681551,1.11826011535578,1.18377964873179,1.27555191498454,1.35952770948912,1.45803958151634,1.60095478484798,1.7504823507869,1.87680697383545,2.0084053051904,2.15279573655842,2.2742317155068,2.41012059537377,2.59845923745131,2.79907578423976,2.93518941311084,3.0440280192245,3.17260186052188,3.29761711237851,3.37221362489876,3.49764083385747,3.61853703033027,3.80317009614543,3.91056455752428,3.96336288220878,4.09847380412793,4.21453935614576,4.33673154313162,4.44423246847008
"45211",2.0432445971222,2.01746345938514,1.99377821581559,1.98222004740862,1.96437130371694,1.95081094400902,1.94850280221718,1.95803565601054,1.98161235559833,2.04648202971222,2.13609126456122,2.2615764146631,2.40060791261836,2.49411398826719,2.61408744958358,2.68611518116964,2.76320415516407,2.88033372787875,2.9894518256439,3.04148660360683,3.06459032798528,3.10359539488732,3.10127852383382,3.10487339517956,3.16423346637586,3.2434405615569,3.27599260330738,3.28537348024545,3.32354079177171,3.3671223185841,3.37790800950239,3.42543757560948,3.47028058068525,3.59329509161544,3.66163667188146,3.67190744626658,3.72924777682986,3.77323297556059,3.83094925951706,3.88295963066142
"45231",4.7378605182979,4.68229601898125,4.62910649878215,4.60348009324163,4.55257864173573,4.50649173859279,4.47396805561763,4.44446613041566,4.41068967963466,4.403619104503,4.39529872704485,4.38961458497803,4.41285064579807,4.4029870755944,4.41709709181536,4.41237221876915,4.42140880474463,4.44343564039802,4.45664774981646,4.44772642371168,4.4423646136985,4.43878421510821,4.40170133947443,4.36111683959511,4.34706470576342,4.34713649984188,4.33423319105357,4.29911858849128,4.2786381019205,4.25722228578915,4.21736980223938,4.19314074665711,4.16294768865328,4.16520743873425,4.14709731597374,4.12985867457711,4.11904420573671,4.09869238203144,4.0832096816018,4.0692019253384
"45251",0.196455519379616,0.194280015026474,0.192117541817872,0.19128713781726,0.189250898062105,0.187397364793956,0.187662689773334,0.207157515368249,0.269018472487061,0.387399755139913,0.548102904229563,0.7386389804879,0.951292540539183,1.16206672988495,1.42372141384748,1.65615587223345,1.91214435077836,2.24479213761386,2.60739893546834,2.90853402686568,3.18925123002331,3.53755794105255,3.82059864358778,4.1166756942253,4.51446337144101,4.94867840279831,5.17066792407718,5.33447432627288,5.53853811204916,5.71631670804652,5.79206297617787,6.05358758459387,6.42765368258965,6.97787653706594,7.34298923226278,7.45715124022942,7.55289275749389,7.46880412707278,7.36029067333757,7.28144326997394
"45271",4.93699561347746,4.87860463990081,4.82194234341796,4.79671263102383,4.74493928330153,4.70082630929079,4.67109905681824,4.64479644653792,4.61667205918748,4.61780751328126,4.62099188146237,4.64105731940817,4.70299648022988,4.72809238885455,4.78348322345719,4.80691394524671,4.84052537584265,4.89326889490669,4.92717209313567,4.9215317674515,4.90349724848944,4.88559015660285,4.83034632195729,4.77156057929276,4.75342812058391,4.75736868069544,4.73805845640853,4.69872151175905,4.67655095338947,4.64858245679613,4.59580920044392,4.56334605106278,4.52387473101822,4.5192710602181,4.49124736255308,4.46438919286526,4.44876308434035,4.41974759985921,4.39682922006951,4.37665648148086
"45313",5.55760483314485,5.49552694363109,5.43181643646535,5.40802987323084,5.34850660487858,5.29829034446671,5.26210288885801,5.23805382895246,5.21621484248913,5.22878344671489,5.24343348855354,5.24487909361691,5.26704563722791,5.24553995305839,5.24602653798568,5.23076493987286,5.23000150552365,5.23797543712947,5.22658844897785,5.19444396849243,5.17284919481674,5.15889545567187,5.1175962309698,5.06698861120527,5.04427566251895,5.03942517551097,5.01170899008875,4.96504244965891,4.93584321242437,4.907126927552,4.86431361204571,4.83779148656802,4.8056908746766,4.80473872341356,4.78411574542533,4.76725997158904,4.75779815299383,4.73740596532191,4.72303489087927,4.71051886636913
"45351",13.7401632365643,13.5972870547204,13.443631071209,13.3765225318928,13.2319952007956,13.0981250708179,13.0068697440598,12.8953893024124,12.7905973024483,12.7081055646415,12.6098850081218,12.5079869100748,12.4284447435226,12.3074356255018,12.21239806528,12.0969572917367,11.994710797853,11.9022890951331,11.8037194917081,11.693091586197,11.5817555425035,11.4823083865346,11.3678238275135,11.2579182153523,11.170937953583,11.0860932022439,10.9858708867078,10.8914864229477,10.8033102801252,10.7234511497727,10.6424452284476,10.571422051477,10.5063140481149,10.4507209912593,10.392987008587,10.3372461509491,10.2850658559042,10.2333236010086,10.1854188138703,10.1381379379528
"45391",0.977146755728324,0.964358324630956,0.949940332911473,0.942365002721587,0.932592667440453,0.926816498721663,0.928938750576525,0.939248251145239,0.961930101297209,1.00193375895041,1.05495728242102,1.11821965392535,1.19057644777847,1.25570660690837,1.33988620558012,1.41369711335718,1.49835140151791,1.59976570930146,1.69741581978279,1.78695653266902,1.87011208327846,1.98500340228937,2.06586210053287,2.14841658170661,2.29263338782772,2.42774692337108,2.50630146190166,2.58485575600973,2.67524089281444,2.78762190251368,2.84691630481881,2.9484933853227,3.06200035456721,3.21949494884441,3.31163970091989,3.39907812367678,3.55235737013097,3.69667371613653,3.82651262025426,3.96173904258872
"45411",5.17703110316428,5.11733192810537,5.04867685463249,5.01946121437309,4.96757561985251,4.92183277133684,4.89384549932327,4.87623226673448,4.86298738284216,4.87384181342744,4.87794499692738,4.88029988097829,4.90279607973796,4.88182878629247,4.88672402130677,4.87112268729848,4.87076997151106,4.88055372745798,4.87092886276655,4.84565048716363,4.8376844202844,4.83843112833036,4.81022476748281,4.76776408946622,4.7512401924266,4.75132591191894,4.72537041067931,4.68436360793303,4.65625410220719,4.62941418987408,4.59211769194237,4.56761356289778,4.54000219535646,4.5376944269504,4.51935223283109,4.50425028421187,4.49890351747057,4.48523592678253,4.48040974612779,4.47962281673396
"45451",1.96673738223657,1.94543208735969,1.92182374566987,1.91401566555156,1.89525354111555,1.87814835475817,1.86793918829552,1.85914361770275,1.85316981705045,1.85807763799326,1.86157039245154,1.87610312314692,1.90876632082264,1.92428813736282,1.95208951851136,1.9668597422715,1.98824369567097,2.01401755287431,2.02417382799131,2.0234548862856,2.03014616747773,2.02586101891022,2.00288191139192,1.97457986677503,1.96940959967038,1.97353855741444,1.96228906052131,1.94398302849719,1.93622327020151,1.92962633173363,1.9153367346191,1.91198684343816,1.90723410257419,1.92439101609378,1.92888531818953,1.93702284921983,1.95521896824806,1.96197531803415,1.97246401812913,1.98654408159982
"45471",1.23866492879693,1.22420913031032,1.20799706107538,1.20181391558425,1.19052269543656,1.18241809392044,1.18446867358931,1.19161202887958,1.20107524549581,1.21595165742272,1.22606544608283,1.22909846617583,1.24436140555665,1.25198703874151,1.27798031536848,1.30601833889421,1.35544889355048,1.42583782963853,1.49894401658004,1.57823231969766,1.67732457027196,1.79120482617732,1.87713213722985,1.94605005200683,2.08723974736604,2.22499955123153,2.29411676688562,2.32759972793558,2.39352450249572,2.46893703974267,2.513066788031,2.59533723106923,2.66597741885146,2.82087377122255,2.91906407849014,3.00235444146733,3.09928900256891,3.14542497836067,3.17927184696073,3.22527838265401
"45491",4.31163404120238,4.26224743118148,4.20945336925319,4.18936979897848,4.1467289819791,4.10950379779029,4.09692110518808,4.09796445269792,4.10978058318739,4.14076865401078,4.16513144409614,4.16536764148829,4.18375692230689,4.16459975246372,4.16759063535691,4.14790138886489,4.14772044948409,4.15725863293937,4.14722973395933,4.12033291841971,4.10753044608671,4.12032943174454,4.11286016024798,4.07788517267383,4.07160421446609,4.07955546335924,4.05969089249817,4.02750322864102,4.01255852999164,3.99769333109141,3.96860955134538,3.95553784761074,3.93523991826455,3.94726342855035,3.93728914610961,3.94813222144408,4.03538272377296,4.19148900142311,4.41527425163098,4.66515302933923
"45551",5.013653513513,4.95374978953975,4.88603142635206,4.86047476886216,4.8169692454448,4.78696758172882,4.83785165472022,4.94639736916191,5.0826658234943,5.22353911624202,5.35149491256093,5.30350211048698,5.30228185082708,5.23694781948218,5.22004583726201,5.17026282674803,5.1624981389553,5.16836297854852,5.1486458796622,5.10833041448999,5.0914711888442,5.08687855746625,5.06041503570934,5.01479301606539,5.02358808009829,5.07225391659304,5.0891595646769,5.08906545461317,5.12581835314968,5.1717063906585,5.20856946471651,5.29586398778938,5.34931914615429,5.42917851372557,5.40601531710223,5.33561268236863,5.28417908198343,5.20029509514984,5.12227408569243,5.05364786135954
"45571",5.06198050499074,5.00942396497149,4.94741623584413,4.93181271850653,4.88685960969474,4.84210843569131,4.81487327796027,4.79392707398652,4.7710455480848,4.77004527334619,4.76060420525238,4.75199107676328,4.77404329742245,4.76217863675411,4.77479529516859,4.76286812303284,4.77547828879777,4.7978149766927,4.79745258835204,4.77278768482686,4.78813488313919,4.81572924443187,4.80760154712521,4.75618642175865,4.74150006955793,4.75050128430078,4.72611132487912,4.68514509355207,4.66570702530328,4.64158536830764,4.60465800166201,4.59440423502354,4.5704056801475,4.5816429906351,4.56250108330652,4.54686301243289,4.55182083967571,4.534887339357,4.52845216157918,4.53515461228669
"45671",2.38104279051887,2.35572227202061,2.32601983041375,2.31320060103019,2.29131552123286,2.26939955100643,2.254436060202,2.24022587249606,2.22744311476049,2.22374844280137,2.21658176269108,2.21085745153055,2.21539234595317,2.20875986957438,2.21071920164959,2.20355131848308,2.20708513662639,2.21300754806041,2.21461178014006,2.20935318424661,2.21212442615756,2.2324612749082,2.25627017269436,2.27755730086413,2.31720789223225,2.36897672657207,2.38931841716439,2.3801444318013,2.36516873075007,2.34676378325624,2.32006066653836,2.30908870944165,2.2931961130503,2.29299403558388,2.27983805217185,2.26786120063157,2.26716928799187,2.25742025026056,2.24822601255488,2.24474090371514
"45713",7.86085545318158,7.78966834671315,7.7012340875939,7.66562186087488,7.59301502418807,7.5101312606083,7.44660802964386,7.37884927696887,7.31298055973213,7.26349336946635,7.20536887596751,7.15844598535088,7.11747830071221,7.05145724680568,6.99295404124243,6.91932483014709,6.85664389297557,6.79556588752032,6.73498272195911,6.67086374168251,6.62031044224958,6.57970934050517,6.54395980721334,6.51291590371045,6.5050940477788,6.52684675232274,6.53522953064921,6.53082640317207,6.53967513080502,6.54412650878282,6.54317992779403,6.57151749948087,6.58727803179893,6.6537262874887,6.68453042477498,6.71136607237205,6.75323735634881,6.76196689310801,6.76874820948601,6.79627197610354
"45734",3.81460236894842,3.77396723071056,3.72836195973335,3.70740004379712,3.67355305630647,3.64112861638529,3.62420474176476,3.60917009968818,3.59658138530084,3.59932322042918,3.59567895715089,3.60040167130592,3.6277003841859,3.6351156047975,3.65819066683332,3.65961999568764,3.67799134425319,3.69724629970238,3.70366257489991,3.69106287226089,3.68774297145402,3.6796934479353,3.66150020811171,3.63854623471627,3.63975818055708,3.66216465530151,3.66290004338272,3.65070976309162,3.64788387429402,3.64172983040966,3.62603399628629,3.62869884960115,3.62115514159348,3.63867842573117,3.63458442042379,3.63399733972066,3.65544080771583,3.6622397676393,3.67009933703563,3.69083326293035
"45772",2.0508717436254,2.02736203792592,2.00121464070285,1.98746009235392,1.96783025711711,1.95079214630153,1.9513848927331,1.96463708847083,1.98432202082333,2.01028960947774,2.03049199266817,2.02287756339281,2.02321948038643,2.00954540114851,2.00663186272191,1.99210585161908,1.98898856239234,1.98831862513895,1.98295889504358,1.9686157357434,1.97090150391126,1.97472808778052,1.9681213288451,1.9517442857944,1.94544329138128,1.9491119109875,1.94477412358123,1.93653321097306,1.93617905671807,1.93680198236606,1.93464354659199,1.94438948393868,1.94942351801903,1.97103505105575,1.98058669919593,1.9920248709098,2.01775803212283,2.03809323733669,2.05999913378587,2.09370096774488
"45811",4.16257177005475,4.11753734502709,4.06757110357996,4.04064614517956,4.00236733296742,3.96398246637604,3.94116997747174,3.92303118932796,3.90685284013251,3.90837200381825,3.90484100129613,3.90599510292678,3.92788591953611,3.93654077442041,3.96677158226724,3.97566572550832,4.01011199302968,4.05291407129265,4.08789684795663,4.09798306645741,4.1402791746963,4.26260596454566,4.3742556134055,4.45944412326065,4.55966509096273,4.66091523682364,4.68016021490964,4.63927582286551,4.59849589101088,4.54203836714811,4.46248374182511,4.4171133259999,4.35848892634265,4.33064209753531,4.27795716254224,4.22803948471888,4.2008137771093,4.16230464378113,4.12017957047483,4.09152310594591
"47251",7.8406290119735,7.75059100804597,7.6587541327511,7.6185540706189,7.53732017340393,7.46374304285709,7.40744357314065,7.3523331553569,7.2871039967563,7.26584626163599,7.23970208855079,7.2056470147999,7.20837637203435,7.1577618577705,7.14063597501733,7.10333585524296,7.08969832425336,7.09484046378792,7.08238113549719,7.04562626681992,7.02775324645754,7.02154955595538,6.97661013880488,6.92144121878243,6.90496168487239,6.91177916358428,6.89958137696132,6.84992381453631,6.82719492420964,6.8051228614646,6.75290470457015,6.72574770230262,6.6849269030907,6.69760076572294,6.67291122912299,6.65507280103612,6.64920981213384,6.62542206482917,6.60905536742484,6.59565631616599
"47312",10.6304710744171,10.5062501616998,10.3735758766452,10.3172806519766,10.1986358644875,10.0978861809392,10.023116259312,9.95483458574447,9.88957007055448,9.88234595535908,9.87589358560884,9.87069347968401,9.92007454694496,9.89796350047976,9.9310703871037,9.93375347127128,9.98609079822957,10.0748595298693,10.1251860355403,10.1337564960771,10.2043585278483,10.2895633629261,10.3015688937079,10.2849856710914,10.4007965636518,10.6282556194493,10.8097957789031,10.9339053038259,11.1025334900791,11.196354490761,11.0957356191432,11.0205498625726,10.8860923698352,10.8648499907234,10.7435913047914,10.6136855095429,10.5321067050824,10.4178266596269,10.311691903836,10.2120316611709
"47332",2.54003941989491,2.51040165149868,2.47823101841238,2.46432677356939,2.43590942224336,2.41230655908951,2.39511399644566,2.37963486497672,2.36537109218834,2.36429038929176,2.36348390204222,2.36383868238745,2.3777367262928,2.37503022015964,2.3869143568713,2.39251545755929,2.40997079767994,2.43789983711635,2.45911819420116,2.47025274168119,2.49101564752923,2.52142685531557,2.53157545636693,2.53536037464644,2.56970697365371,2.61880611951636,2.64220818658104,2.65182594841997,2.67916964315717,2.71050589114896,2.71842995753899,2.75213745217743,2.78670102610107,2.85845407156025,2.89030717176391,2.90936531643914,2.94612149363664,2.9666506568138,2.987356023687,3.01022719028455
"47371",5.30781898665641,5.24574365785164,5.17850436309823,5.14917512133222,5.09396379049597,5.04502393321207,5.01028198307748,4.97783985864837,4.94760197797629,4.94078936968333,4.93052427884377,4.92955220112902,4.95892710025116,4.95174869321508,4.96968235818223,4.96777480492186,4.98037984641495,5.00648879357893,5.01199081913369,4.99276748195575,4.99403664358577,4.99538694498416,4.95741028564989,4.90563545327792,4.88236383695162,4.87336892743799,4.83973764301263,4.79369223618439,4.75925379041949,4.72740619921497,4.68488290309622,4.65362867550247,4.62147679044486,4.61237683927328,4.58849041427156,4.5658893155526,4.54918587121467,4.52427512426351,4.50306186052451,4.48302691224143
"47412",6.70943365225965,6.63252619456193,6.54524115816572,6.50778044596873,6.44076969866392,6.38040099420036,6.33630825546541,6.29391456334066,6.254988772452,6.24238775995602,6.22394993092474,6.20807089134651,6.21363972368264,6.17479786874714,6.16528894229507,6.13924607499732,6.131615466493,6.13766148967297,6.12796926776428,6.10082605675582,6.08218885075084,6.07043123088357,6.03575521618639,5.99203799927512,5.98042052483323,5.99293916096732,5.97905407773818,5.94381046190743,5.92423269436339,5.90522468986185,5.87248545201691,5.85586806157366,5.83438647181705,5.84608906593906,5.83312187769948,5.82260000422566,5.82378977646838,5.80747594217081,5.79597587486113,5.78559775686147
"47451",0.0360716603983308,0.0357129536139663,0.0352801067113041,0.0351687847582407,0.0348338452933985,0.0345154639900076,0.0342985922109163,0.0340803332066264,0.0338623026111429,0.0338302181838886,0.0337579631288713,0.044320360907513,0.0910589093862788,0.167074224071543,0.269753089084685,0.389359461914669,0.528540967003677,0.691688950974323,0.868353874193908,1.05340474781276,1.21602313905434,1.39040757854704,1.52388827441744,1.642616539831,1.83268343116534,1.99347521716435,2.09717557615258,2.20008634895824,2.32007526162397,2.45717962556709,2.53021257233809,2.64822918030634,2.77001360813809,2.95172937580778,3.0470646898,3.14000528980148,3.26477740660018,3.36766147853709,3.45897650323237,3.55820495975941
"47471",2.26132095043004,2.23698827032116,2.20789718240669,2.19936938737209,2.17861993250314,2.16140608352089,2.15527193179271,2.15275487519947,2.15455349688019,2.17618009298304,2.19898843712402,2.22488138515311,2.26952864458766,2.28614183173272,2.32197391383603,2.33957745813976,2.36926298357914,2.4098226594145,2.43135817711649,2.43582437660323,2.45077122194321,2.47590068659247,2.47556359914839,2.46213348984737,2.48826311784759,2.53015609537033,2.54157965445556,2.53578842380719,2.54997768085344,2.56420663301395,2.55519042411188,2.56556647975065,2.56861723728713,2.61034354289448,2.61752664165669,2.6286387383395,2.655023703693,2.65994313488946,2.66783685407731,2.68079807220752
"47511",4.86760049154602,4.81472289964985,4.7564621814962,4.73502374082007,4.68701802457416,4.64329340865592,4.61703528618615,4.59381812792918,4.57379644737279,4.57571445130775,4.57169787528631,4.57769898802017,4.61452376236846,4.61964569194294,4.6480725868194,4.65259115800996,4.67186406846285,4.69773540782946,4.69702223472435,4.6687241032364,4.66109733002902,4.64521398723168,4.60101178205041,4.54448307974701,4.51920810249408,4.5055236517902,4.46800719609938,4.42092941847966,4.38627830239267,4.35052298613102,4.30728790748865,4.27675653691369,4.24221726156634,4.22800494406145,4.20075525042942,4.17729031114754,4.16230537752843,4.13592604130194,4.11476746162013,4.09711243419212
"47531",8.80635638590906,8.71231313703228,8.60489499936196,8.56897717778226,8.48145069573384,8.39567209650308,8.33993762395369,8.28922698290852,8.24047072885831,8.22881847915993,8.20714250833404,8.18183215763539,8.19615807915077,8.16042082480246,8.16413934560875,8.14314376254451,8.15108718376182,8.17214044258686,8.1633177102978,8.12043827170955,8.10809921474213,8.10426895354412,8.06705653901031,8.00778659117995,8.00205626142377,8.03608968299295,8.01697318720085,7.96442018391096,7.94377990740939,7.91262652686016,7.8598162154179,7.84218693612388,7.80593662283406,7.82817868362251,7.80433832628701,7.78920168119398,7.80019498599519,7.77488656160347,7.76016601607304,7.75666013203137
"47552",5.08345440814026,5.02761954699456,4.9648589896658,4.94297507050759,4.89295385630627,4.84654800160216,4.81718686077307,4.79187018841637,4.76766153187688,4.7654198724178,4.75834600298515,4.77355717325936,4.84122111729584,4.87999383867004,4.94780053910213,4.97685777831796,5.0326337751804,5.09200671471671,5.11164568887188,5.09545840766999,5.08668318372301,5.05760853261617,4.99382761350252,4.9121685862335,4.87672857869512,4.86020244863545,4.8128718187697,4.75423744349273,4.70779082746783,4.65868748180504,4.60374785595195,4.56578087541215,4.51850294137714,4.48889812778365,4.44592396713518,4.40789231986516,4.38298688086901,4.34994183416495,4.32226301849729,4.30489501817373
"47592",6.0346422785563,5.96851581849993,5.89332127833858,5.8708090573124,5.81741012245866,5.76774406481077,5.73870576859803,5.71496886333664,5.69210814799027,5.70160441624256,5.70471424647157,5.74536222140935,5.8556755041677,5.91762189078086,6.02170213280611,6.07283526983284,6.16578744725195,6.26454352516967,6.31526615520122,6.31680255295794,6.36691704538907,6.33464171988673,6.25590956997321,6.15767586352968,6.1401477595346,6.16835515139723,6.1557840477334,6.12436522592377,6.12636785502863,6.11334446329148,6.05278704108183,6.01455409583532,5.94546276154454,5.91407475311167,5.84761774985522,5.77988973181535,5.73409374808604,5.669930020923,5.61110773211112,5.56577821193179
"47633",4.18181759797559,4.13877248848435,4.09002813702494,4.07666097217028,4.04521413541315,4.01280666607414,3.99211155867582,3.97298269206118,3.95421031410881,3.95490839892277,3.94891242440426,3.94458631852886,3.962993009969,3.95402089905451,3.96571746165441,3.95910979712338,3.97083533277524,3.98879156393894,3.99554806864721,3.9842290124958,3.98908721962918,3.9921176075024,3.98799903537128,4.00239189829919,4.12205230510502,4.34019527474872,4.50548780838134,4.56207301463986,4.5528466200555,4.47656772522631,4.37035694566158,4.31257215450727,4.24845249246601,4.22003902762228,4.16683918395576,4.11675952542571,4.08495665656196,4.04260462130897,4.0017718016522,3.97203548937968
"47652",3.13002127112181,3.09595470348204,3.05864561278005,3.04198961035143,3.0143669193978,2.98775083537364,2.97006142863956,2.9542424895226,2.94121350348559,2.94090019548803,2.93731923655376,2.9360055838352,2.94915863838701,2.94622931291854,2.95641735598329,2.95279245895606,2.96359191053191,2.97920181173002,2.98764491642181,2.98411126501436,2.99095807885527,2.99761873826445,2.99448625640947,2.98512429095825,2.99840002843203,3.03064076571429,3.04357429974848,3.04325759567946,3.05304988315817,3.05933243474088,3.05299135661548,3.06468871717084,3.06760259238049,3.09411690751872,3.10091057419537,3.10937727791256,3.13675726173379,3.14876268470592,3.1585673767973,3.17907209085554
"47713",2.41941339884703,2.39134008695999,2.36178710127964,2.34524326382836,2.32430064051395,2.3067099089129,2.30247123129137,2.3067851305008,2.32791623230874,2.37076086612937,2.42467426223561,2.49445977824646,2.58980533403361,2.6691700769938,2.77670739447232,2.86062956326818,2.97769498129035,3.11148330657186,3.22147584386665,3.31233907724998,3.43503425283689,3.55936464643043,3.64390372022543,3.71707695073445,3.84453996232009,3.99622147258737,4.09150918552185,4.16033511859682,4.24858261369535,4.37549460417812,4.48385356159193,4.63907379549574,4.78959851552042,4.94961384726468,5.02870792804792,5.05276013861552,5.114517168967,5.14449729464915,5.16030344502238,5.21752546322434
"47771",8.99508104219906,8.89791361646384,8.79070367745693,8.73236233387385,8.64498860927779,8.56041871016425,8.50506714816913,8.45382851343349,8.40672073762619,8.3877836252371,8.35520088826883,8.32765211652431,8.32928281621703,8.30107324844892,8.30490943659254,8.2846337287023,8.29250086985905,8.30401469794209,8.29954872973672,8.25864853166171,8.24001227507956,8.21931805850202,8.17884248706287,8.12633257184206,8.11233992139537,8.13034297348972,8.11412495862339,8.07602799873923,8.05422502939885,8.02529907069673,7.9827921709758,7.97237946099135,7.93841349626321,7.94558168920873,7.91757438480075,7.89655741155483,7.9029469837527,7.88240089750009,7.86053175701818,7.85214432117336
"47791",2.00557780643077,1.98125145363219,1.95141072420232,1.93420672396904,1.91502491184258,1.9028685488353,1.90961816020504,1.92617075001534,1.95189508967407,1.99653980374925,2.04322934331577,2.09786374417871,2.17318001248521,2.23354876471665,2.31890868264335,2.37993946254122,2.46797979333881,2.56078718182111,2.63633369090467,2.66795560366505,2.74803498396748,2.80025430356041,2.82876579693532,2.85225748050122,2.93859222824544,3.08661615943173,3.2352787629621,3.37818699119397,3.52080292975867,3.60642819223529,3.57401073857805,3.50978884776262,3.4466072054414,3.43885423834751,3.41000591669423,3.39427237568065,3.41691019967552,3.44341893267324,3.48118990311837,3.54715169478149
"49252",0.801460563032441,0.791642204047298,0.779957184551834,0.773073564879316,0.763833152044945,0.757675236241938,0.757713151139308,0.76429154090117,0.777602148284421,0.812960152521431,0.859591751668754,0.911437101028392,0.976675347842076,1.02534981647705,1.08925095387649,1.13597671170593,1.19606100718384,1.27655149029606,1.35321621200361,1.39628316061123,1.44634783102386,1.51298661661597,1.55761614699415,1.60994675401255,1.69942551284994,1.79935946952907,1.86653173879614,1.92501514900246,2.00467949204802,2.08137872878914,2.12606427519194,2.20558831794053,2.29259776954662,2.4313435472586,2.52134646760675,2.58068127287184,2.69899017303586,2.80758466537098,2.91662845275271,3.02009557861642
"49311",13.8599949946183,13.7180817740476,13.5653601693654,13.5068022594394,13.3635205141237,13.2355463131516,13.1493848452492,13.041627275129,12.9309095969785,12.8570241300947,12.7617074650587,12.6619433505727,12.5782799886732,12.4525102704379,12.352869643479,12.2249238015892,12.1197719805426,12.0219021392312,11.9137852453723,11.7895960190671,11.6707416622993,11.5580834496161,11.4330201733025,11.308625506162,11.2066333178382,11.1145344453757,11.0105371548702,10.9030048731538,10.8088662272454,10.719883566867,10.6310460138558,10.5559753076606,10.4741903041766,10.4137465223175,10.3488784309719,10.3002221356907,10.2536788762872,10.2050605995015,10.164940605968,10.1244093705611
"49331",0.552162922931792,0.544739927265792,0.535266017553925,0.52955450514478,0.523523882074019,0.522539091666041,0.531783331467203,0.554316057134268,0.596198676288683,0.664757435679196,0.749842172195057,0.836299439712336,0.924226716522082,0.990584934198201,1.07037715135573,1.12507948850697,1.19252728058247,1.26729948165443,1.33246594011602,1.37520712490365,1.41938895738574,1.52319550639036,1.57836679213196,1.59851377215859,1.64382766659923,1.69369263010468,1.71986829494848,1.75248150937964,1.80704318987924,1.87571147257448,1.91451940521221,1.98109058286777,2.05696978415921,2.16533061854157,2.23418655501717,2.28767549855573,2.37194234808528,2.44090280522343,2.50268119610371,2.56467770868255
"49352",5.46624183752347,5.4063642395029,5.33750590218082,5.31138312123138,5.25557567831118,5.2066677454121,5.17044598463503,5.13369366810931,5.09604420778318,5.08271519230598,5.06644187171184,5.05508639824605,5.08235518814471,5.07540287638134,5.09249091970648,5.08872492590067,5.09861223136397,5.11974284698305,5.11869712367368,5.09234525754629,5.08293720586618,5.06489944199142,5.01278278755235,4.95268591837985,4.91929825866958,4.89676991669122,4.85423482504857,4.80161517760069,4.75840032704106,4.71717736399808,4.66886416174038,4.63153987524122,4.59407252425244,4.57778855934198,4.55111600028372,4.52836648360201,4.51039035897746,4.48677601306586,4.4678405857401,4.45068611743638
"49373",4.39363694862927,4.34297448317688,4.28645767252321,4.26261364453653,4.21758450785945,4.17925149533005,4.15117708085153,4.12306735533457,4.09657504879606,4.08846510909828,4.07690454506449,4.06598404029858,4.07095347305879,4.0475576634458,4.04171717576895,4.0237664779465,4.01815565419961,4.0225957815234,4.01568666400732,3.99605472956033,3.98680527447035,3.98320777881318,3.96218417028863,3.93434128176248,3.92816164074426,3.93764627227864,3.92877236860392,3.90519633039678,3.89237932562845,3.88001371608154,3.85745937828766,3.84583737936291,3.83167032027843,3.84000928375147,3.83114112583433,3.82409973490824,3.82423927430808,3.81543279570401,3.80929326091143,3.80381871164381
"49394",3.22892539220407,3.19102757540941,3.14772472141963,3.12908586295231,3.09779644696869,3.07222153591672,3.05821617149647,3.05110495688115,3.0489947015591,3.06262289700878,3.0722380785353,3.07166318803229,3.07916031974014,3.0607026522588,3.05936094352975,3.04734385204894,3.04765750771722,3.05871691256622,3.06205713709917,3.05504668353918,3.05569347690595,3.08862096518218,3.11752609123973,3.14177614177069,3.19343616777507,3.2427710091422,3.24194410184335,3.20893122483919,3.17813427505616,3.15349255462085,3.11340524669983,3.08954311526403,3.06480086909458,3.05963253459251,3.03965684999891,3.01946392508257,3.00516052170207,2.98301852342984,2.96252394580814,2.94343826786138
"49431",1.30920591278884,1.29222619107025,1.27049289534655,1.2589104542262,1.24640772071579,1.2455855902856,1.26326851603643,1.29495104752698,1.3460529657239,1.42329723707759,1.51505705347423,1.61995977815052,1.73474643414329,1.82419132468564,1.94200105632857,2.03971811999973,2.15396890222666,2.29588931998314,2.42622411465569,2.52694979644748,2.59281712098358,2.75238102078044,2.84665812092189,2.90352901460351,3.02909763129693,3.13902592835843,3.18163639490358,3.21188457327977,3.27080432743758,3.34281123969277,3.3487562936517,3.3871763192501,3.42444231862235,3.51927584007903,3.55214247276793,3.58447795406685,3.65549588913917,3.7113267374981,3.76539830383728,3.82428315612277
"49453",0.874287040871351,0.865231418805767,0.85494420589069,0.851620864451601,0.843373460657941,0.835894568203678,0.831577263064182,0.832674076969677,0.845529440351732,0.882720888484628,0.941562241025646,1.03385714373928,1.16753581489585,1.31535460449294,1.51108135082004,1.71444058070317,1.96173779287248,2.26349781761845,2.57252529371002,2.86802873621183,3.10785297820783,3.42311879255593,3.68364610178449,3.90506007047372,4.42875724783625,5.06844457674113,5.63451887607158,6.14365594683958,6.49314509129258,6.67298274668985,6.4934599494154,6.29453090563627,6.06822739327124,6.00132563809071,5.8605586997334,5.7584570056337,5.71928175301744,5.67079679845543,5.63685571335856,5.6150926962029
"49511",4.2061155055788,4.16177756133506,4.1108397239349,4.09397580001081,4.05268021477564,4.01447471005627,3.99160962885902,3.97166319324636,3.95335119905247,3.95523648090926,3.95209697645631,3.95192624399484,3.9742394538782,3.96939208841133,3.98605345597677,3.98699624006704,4.00183732900407,4.02453894147769,4.02895327888682,4.01090106255752,4.0181211741859,4.02025813637035,3.99748157084488,3.96272770534323,3.96547545318704,4.00210542926057,4.02956953491489,4.05351363874446,4.09969218593407,4.12903169690801,4.11010626466609,4.09209669715299,4.04661238200909,4.02667113168231,3.97769142719926,3.93051700886216,3.89650372359826,3.85170263644819,3.80937048732091,3.76879486389279
"49551",7.27906664963942,7.19809655528196,7.10720354468077,7.07178126712825,6.9979992214419,6.92751190307175,6.88084816532575,6.83984984266854,6.80101063368892,6.79139118313577,6.77334728374956,6.76148273400668,6.79510015894627,6.7881092632311,6.81561224924973,6.81090277209696,6.83811993231851,6.87512307939456,6.87932735376885,6.85167890577682,6.84940571283272,6.84942285179066,6.81377898210914,6.75327927988063,6.73506259704784,6.7400936151883,6.69986452421301,6.63746291296145,6.59463449914438,6.544055134281,6.47934879036733,6.44005327636665,6.38986761047654,6.37298076690422,6.33060713858553,6.29604225198599,6.27813670064463,6.24173145374912,6.21357669946241,6.19358653381492
"49672",1.9270974582606,1.90368328132651,1.87942898499098,1.86564157940171,1.84922858031946,1.83855819230133,1.83789710843665,1.84106775634791,1.84995142534293,1.86782022079445,1.88461359365697,1.90447195625365,1.93583755091622,1.9545101486935,1.98567821436348,2.00286875462539,2.0356993665383,2.07380188444646,2.10221227937172,2.11990623961101,2.14751374632953,2.20023486654473,2.23235882103863,2.24446370193516,2.26656523265556,2.30144688387692,2.31654101096006,2.32284454751895,2.34193707802413,2.36429768936802,2.37324113313306,2.40131220396921,2.42378144364926,2.46559961360997,2.49020063204179,2.51029263828882,2.5533953713705,2.58312556223874,2.60779499747923,2.64520762850075
"49751",3.48118214603567,3.4432047191166,3.40146836462709,3.37930908149964,3.34622423751453,3.31428797204964,3.29474143845632,3.27600560829998,3.26007729535473,3.25593643963964,3.24704644055148,3.2534573888892,3.28419408339163,3.30311140657493,3.33870365670825,3.35602682106135,3.38428782265819,3.41055893984492,3.42023587623955,3.40103500182147,3.39837674502407,3.36635814431244,3.32356004277484,3.27840290795818,3.25394641871123,3.24156396653082,3.21588406423036,3.18309973565198,3.15526024785148,3.12774893789304,3.09882678195069,3.08396844335552,3.06752865397824,3.06914437841225,3.0629225498131,3.06375590218528,3.07842752464462,3.0810953651594,3.07968422126205,3.08345100283374
"49771",0.447538251746832,0.441806258665975,0.435261362226042,0.431279617141867,0.427214835775019,0.42536408781279,0.428234422040545,0.434688735142749,0.446519713426279,0.46418844783623,0.485255871216452,0.520832066570782,0.575009335764386,0.642138597583428,0.740725118326557,0.84589091758664,0.972663976056145,1.11135701303593,1.24285683032415,1.35443576109654,1.50077801789307,1.62692395357072,1.72673604308206,1.82428514402712,1.95238125825558,2.08671726006021,2.18966026821075,2.27248309741976,2.36530934033972,2.47213509298005,2.54585096896581,2.649269209095,2.75061738367313,2.87281778899822,2.9370820999912,2.98447650786103,3.08479788936033,3.16631491311927,3.23491978916631,3.3353771116646
"49791",5.68005181366892,5.61980397598238,5.55037939366366,5.51467678266273,5.46006238740815,5.40416000337533,5.36963863013333,5.34003257490783,5.31199855814923,5.30936323247072,5.30053196578826,5.29634194702567,5.31678820266425,5.31974505749399,5.35095219558054,5.36366864389499,5.40256809630854,5.44754118396348,5.47839176924972,5.47243004354459,5.50333603158351,5.62890075661422,5.75183200876097,5.84188697900156,5.94750093971984,6.04111196384769,6.03401773159966,5.95185795589673,5.8699526422624,5.79501621326046,5.70690208992521,5.65559041997847,5.59188499173551,5.55800009487298,5.4976416637927,5.44101644233769,5.40451258455813,5.35564985143542,5.30445772859044,5.26443757890299
"49811",17.9054114683231,17.7263583968296,17.5242257974827,17.4034175951532,17.233693042823,17.0572925180567,16.9183756621896,16.7708394455545,16.6205477027912,16.4960988181491,16.3504548452617,16.1925782210302,16.0779482290904,15.9407249705065,15.8373099859102,15.7057998283815,15.6047726448739,15.5077011557967,15.3984404601559,15.2650102796547,15.1531200338084,15.0571682768773,14.9388563098879,14.8147672664799,14.7090873084337,14.6099925964976,14.4947039637703,14.3775687601393,14.262814810147,14.1527542586094,14.0458942479492,13.9506001275707,13.859288191294,13.7788911855556,13.6998731631042,13.6277928586312,13.5599217530052,13.4899773291933,13.4271648734814,13.3638171401524
"51291",5.24215385490107,5.17940589733413,5.11297465859097,5.08285746480563,5.02724654062525,4.97840732439086,4.94377898024562,4.91150380039455,4.87664995072858,4.86952436557043,4.85918001361197,4.85145373105132,4.87220879067559,4.86264292791259,4.8777459524766,4.87073857262369,4.88025871286925,4.9070785867856,4.91802966636818,4.90204485658825,4.909891465588,4.90964552602914,4.87378801783247,4.83053218045595,4.82051781691207,4.82692097084325,4.81416088264205,4.77797501540376,4.75644803726586,4.7348808557155,4.69481066491186,4.67208857594252,4.64938171861207,4.68780630018233,4.74175152476625,4.82786411010934,4.95384288332942,5.06605399873265,5.1533211121317,5.23710714486427
"51331",4.59169490066367,4.54054251574464,4.47969005660388,4.45520988912054,4.40907785455559,4.37153640775415,4.34489493789521,4.32135594302199,4.2972805002198,4.29744978492694,4.29716440890432,4.32372085291683,4.39691358311374,4.43662241503096,4.50149400714288,4.52992040212342,4.5721279195742,4.62665225105521,4.65388876316828,4.64451439364526,4.65388541264823,4.61292417366231,4.53972960596235,4.46392712934024,4.42607647267892,4.39947438979593,4.35359209755335,4.29849282222154,4.25576607354372,4.2151500627493,4.16122586825524,4.11870018023303,4.0761354129372,4.05605375918488,4.02412048018384,3.99799623613739,3.98212909081094,3.96383253334949,3.95281922051862,3.94829359973834
"51432",0.818508811938249,0.80791272626016,0.794493542299643,0.787456685978007,0.78055257455703,0.780910744611799,0.794697409827158,0.822729546477298,0.873125183278789,0.951218878809943,1.04975837664761,1.15616116881376,1.26048922831002,1.3440715975945,1.44398335417002,1.51895795681311,1.60390435282613,1.70800468549173,1.79708145942448,1.8580306894949,1.90433236869392,1.98230453349185,2.02473683401296,2.04595826093826,2.12367456509943,2.1976946695568,2.23388517713948,2.26638221905411,2.31489791044291,2.37648138910713,2.39813846936087,2.45128623565248,2.50435828120296,2.59317354949202,2.63688213795854,2.67324582608723,2.73545733463587,2.78479460103154,2.82942599034065,2.87566293384055
"51471",4.22631594196165,4.18311896793191,4.1333124574056,4.11894131578369,4.0832505917352,4.0502988638222,4.02800593759262,4.00674618554696,3.98623288615117,3.98548823836131,3.98245311319304,3.98395536785058,4.00110085008652,3.99163584163941,4.000877673848,3.99480760357079,4.00007591835838,4.01349502855756,4.0145286303511,3.99759659344915,3.99079435720503,3.98379164323383,3.95790216476957,3.9225728822633,3.91229877145718,3.91550321317475,3.89929513963561,3.86971087256684,3.85246770250977,3.83386757400962,3.80614143153052,3.79091424818668,3.7718537377442,3.77481278828366,3.76076329042613,3.7493293594238,3.74518155835947,3.72918920717582,3.71673293081187,3.70553428057475
"51493",2.51414767588757,2.48672304923696,2.45582739406364,2.44423821042863,2.42048739790525,2.39981559454958,2.38771587540952,2.37765794567353,2.36904356056569,2.37187747536153,2.37198606785741,2.37490483007435,2.38926282379475,2.39109771676465,2.40975164738923,2.42361129471892,2.45156532147197,2.49255885185958,2.52972924783755,2.55582796068045,2.59698946298165,2.64662078902324,2.67585727637105,2.69369449039134,2.74886383148805,2.81342435493154,2.84543129120187,2.86866857694408,2.90978402937337,2.95131476313456,2.95763878852289,2.99097659516742,3.01891947068683,3.08520991861987,3.11579330165522,3.16742200371026,3.27257119364431,3.37694559985076,3.48384866449882,3.59366293743465
"51592",4.13306253719406,4.08510735838648,4.03548124320201,4.01545412751102,3.97766294877036,3.94275408816181,3.92314164126723,3.90778826944272,3.89610000726963,3.90292160233394,3.90661668379817,3.91319095292094,3.94291140386666,3.94802157576357,3.97319884072482,3.98204845700407,4.01509206986519,4.05638174614552,4.08188805876029,4.08867437338902,4.11041939119535,4.13809727182993,4.14559906457527,4.17794856082608,4.33203922246871,4.58056406820354,4.7650719138318,4.83944193984018,4.83369350610343,4.75120998811922,4.61971551771367,4.54940172522354,4.47363311265698,4.43558757621643,4.37475629032367,4.31137196465836,4.26819637786727,4.21554414150213,4.16454829859079,4.12011791454199
"51631",2.52310843903429,2.4943537637048,2.46197836557367,2.44866396994286,2.42435915202338,2.40221982651129,2.3877857938722,2.37600963642128,2.36620095891134,2.36890184420533,2.36994172563013,2.37381084109931,2.39513944972674,2.40095197008318,2.42253645741798,2.43090951092835,2.45727197653706,2.49445253976634,2.52738741734705,2.54932506356342,2.58470250799217,2.61795694066957,2.63203695572616,2.64008261171134,2.68748819167354,2.75724886429036,2.79824571737585,2.81754735504232,2.85563229108782,2.89525238841086,2.91310104969095,2.95805786568073,2.98542878123384,3.03970077593898,3.05731123736957,3.07008496352294,3.1095714008676,3.12882691056969,3.1434837459098,3.17198169360826
"51651",3.53468459825709,3.49304553022812,3.45009714652058,3.42870105699662,3.39498028174112,3.36596848163118,3.34574554837813,3.32931098416578,3.31737005669031,3.31785621355427,3.31510456062901,3.34425319836386,3.40969360178462,3.45889300951772,3.521691613202,3.55409634154614,3.60368972049276,3.65476799066072,3.67966315424555,3.6816849234593,3.66849551082369,3.61538286518653,3.551276212142,3.4897145357696,3.4589079364629,3.44188985420464,3.40833617571204,3.36642697712337,3.33194535766943,3.29648870354863,3.25386685169772,3.21910880630798,3.18235161329504,3.15322117864696,3.11977213480555,3.08841621459915,3.06411333960902,3.03825778383191,3.01753014705755,3.00105142430831
"51712",5.75361424545317,5.6899293888434,5.62488620767197,5.59057785813864,5.53795969027173,5.4877738714597,5.45558753779546,5.42708904027303,5.4070364497414,5.40490676363421,5.39594570800027,5.39783735728084,5.42771374252424,5.43199414965511,5.4580310936469,5.45270030122359,5.46861225351565,5.48998180869437,5.49569142748889,5.47394679698458,5.45687193065058,5.43038568228108,5.38559681845512,5.33177513149891,5.31322125984833,5.31974787110231,5.29778381261241,5.26404033874157,5.24625749132094,5.22601504509987,5.1899842009177,5.17209139968447,5.13978272106093,5.1341952906968,5.11626763007292,5.13166933196751,5.22908031312328,5.38721491208457,5.58321326810832,5.82180945437137
"51771",6.94047053470581,6.86484819412815,6.77987289992326,6.7375295137237,6.67457332743212,6.6166715937115,6.6008892575687,6.60919734044166,6.63227678306574,6.68086387603699,6.71344008477894,6.7265836206732,6.75158350167432,6.73785042324212,6.75569967330266,6.74385630448074,6.75317201205922,6.75972148347128,6.74685585655847,6.69619180725631,6.67226627180979,6.64838444362397,6.60581951985342,6.547039366296,6.51725073185169,6.50376291005266,6.45752991135113,6.39293746590116,6.33539009393548,6.27630014425831,6.20709538321392,6.15329602210002,6.09324316884822,6.04805448673053,5.99208318722218,5.93859316556689,5.89353332786097,5.84239200153956,5.79325603346988,5.74933650556496
"51791",2.38675357432985,2.36072506813315,2.33165519218632,2.31611015490255,2.29391617242635,2.27267708767293,2.2620916591234,2.25468360193491,2.25077126529445,2.25954523063855,2.26760673169393,2.27956958343207,2.30275783646258,2.31749670944391,2.34759868662589,2.36929353403467,2.40482564056735,2.44262216172967,2.47258006485914,2.48132034229431,2.52459810977721,2.56419681762596,2.58131115148613,2.57756638874501,2.59293273701248,2.62583100816147,2.64295236550001,2.64875210326051,2.6650459645737,2.68174602090775,2.68494615321405,2.70834758564186,2.72156078286843,2.75997777739764,2.77577124515076,2.79411129907147,2.83463997582096,2.86757777747296,2.89650473126806,2.94193221743915
"53311",2.11671738550594,2.0937497865573,2.06784838538526,2.05738166557622,2.03616941984533,2.0174579233629,2.00355834980908,1.99350996202115,1.98614176046448,1.99753929534029,2.01759476496803,2.04428094139403,2.08909979165631,2.11930490667238,2.16990312814184,2.20634954579425,2.26033298834884,2.33602197364953,2.40784669942488,2.45697271211373,2.51655217896833,2.60290247571454,2.64644697643729,2.66960871232154,2.73608348793192,2.81534023993297,2.86362198354592,2.89832339751511,2.95452494994948,3.01574593902591,3.03880134506669,3.08621356880694,3.13898897334636,3.23493526021566,3.28072500925288,3.32261184855247,3.41977628280393,3.52097889700734,3.61991417440221,3.72008627658263
"53431",0.19297653213471,0.190986215518293,0.188651348577306,0.187829493716044,0.186105848887098,0.184625239188316,0.183557084230228,0.182522310726456,0.181494100761383,0.181223312100901,0.180868317206958,0.182543150826526,0.193577816660262,0.219055257955584,0.267768252023188,0.332925107771777,0.418741463546198,0.526046431485124,0.642734983163004,0.761864392148543,0.887014883089971,1.02434779252551,1.14474298046504,1.25514903643453,1.40380485246669,1.52599731673678,1.60649195593951,1.68439688976081,1.75462748609359,1.83799054571319,1.87425404531366,1.94649983732658,2.02442491249529,2.13215303907036,2.18691575734782,2.22211253799479,2.28959621798179,2.34944445239881,2.40509699845146,2.46165760473644
"53471",6.58638391392518,6.52420238855349,6.44921846293563,6.42775118164498,6.36822459642442,6.31263457877515,6.26919975599542,6.21924811455997,6.16875770138765,6.13590149833,6.09893236035855,6.06517942740427,6.04364956925565,5.99854777636833,5.97083369514406,5.93255935132173,5.90409025424514,5.88106352723298,5.84935277997424,5.80638053470667,5.76886885928383,5.74305565323129,5.7030524324243,5.65531221253901,5.62318961774577,5.60584335031521,5.57579286855941,5.53305754603086,5.49969832789801,5.46339849173901,5.42518959874367,5.3956910338221,5.35965069683407,5.34210624614021,5.32077025188326,5.31195797609832,5.31342339302503,5.30582068955388,5.30332736530571,5.29987625122707
"53512",8.00573148120169,7.92309505532605,7.83030534004262,7.79388690062534,7.71325098213648,7.63696857046084,7.57663633821673,7.53066427593564,7.49108353702361,7.47478292443484,7.44601606548664,7.40583822654754,7.37290261203058,7.3062738761822,7.25825995026263,7.19448990284944,7.14233124929122,7.09517164611683,7.03822143120411,6.96963426383688,6.91013001474125,6.84699541711298,6.78761671808528,6.73237498781074,6.68900430526172,6.65578350143668,6.61194272398448,6.55952587690424,6.5180823534966,6.47558246598846,6.43698616532882,6.40923712945605,6.38041072572174,6.37269282591261,6.35396568739997,6.34345121452163,6.34058812640212,6.3278562625307,6.32247579883673,6.32032674271409
"53531",5.70606558854524,5.64749757983114,5.57798974333638,5.55516764884126,5.5019016861753,5.44782349695937,5.40918541095174,5.38386341942304,5.36404044987603,5.37215748707383,5.3728396175177,5.36421732709048,5.37222530883687,5.3395582503392,5.33047424351065,5.30357628868368,5.29273596715805,5.29102421464796,5.27457268877029,5.23581143192091,5.21288694585949,5.19213608025703,5.15055708823857,5.10045002441758,5.07734559293362,5.07582842273543,5.05621256617786,5.02059225106702,5.00145591247823,4.97872596536379,4.94875985099482,4.93456857095204,4.91222771494446,4.9202626543502,4.90603058441351,4.90412343547906,4.93272294424412,4.9748280348605,5.04523528764364,5.13136193705226
"53571",1.35845514758201,1.34372726797707,1.32753677437652,1.32134791980165,1.3084527057848,1.29509509676825,1.28521366683915,1.27663786393795,1.26993266928437,1.26989897731681,1.26999787242416,1.27359219347491,1.28994518888718,1.30306780889298,1.33168987820404,1.35948304178182,1.40292091565628,1.46084420709817,1.5152415730189,1.55385667798484,1.60376857181528,1.66918192238546,1.70450379567047,1.72512152818702,1.78165747961066,1.84985775196357,1.88725906167711,1.91693690467916,1.96143447320623,2.0075851838846,2.03087695523472,2.08389534635621,2.12684527135377,2.19573529284949,2.23915576355342,2.27089363034431,2.331362895737,2.38133659227768,2.4288465929308,2.48074519949351
"53631",0.64927614410524,0.640659311323497,0.630350757730083,0.624395362780922,0.61823977459965,0.616965290371311,0.626214164411524,0.649109549726939,0.692904937734654,0.757257378325178,0.839459860206339,0.934174037895559,1.0509459501861,1.15587162957859,1.2794168151674,1.38381751545237,1.52108918146608,1.67767891319512,1.8101539141688,1.93771404722097,2.08814858443587,2.23001605941439,2.32466203861769,2.43869253353936,2.67546506532139,2.92378908027073,3.09531377998253,3.18739014259095,3.23317844968345,3.26359698195956,3.26019061195677,3.31816093019281,3.38137637355811,3.48923597257893,3.5670166736172,3.62414956898014,3.72994108400322,3.81421138418466,3.88357603733761,3.9760869368008
"53671",5.34412869440202,5.28299646446356,5.21984510564279,5.18969406599155,5.14072269132833,5.09635515135794,5.06432553062716,5.03469359920638,5.0094443844999,5.00239824749178,4.99060995235421,5.01314444304919,5.08779234848901,5.1414241884848,5.21575386898236,5.25107452397825,5.31199500726078,5.37842228026838,5.41207664383055,5.41410315640983,5.45611001195552,5.383789111781,5.29215210337868,5.20366772869818,5.16320524164489,5.14174673114411,5.09524266012748,5.03640714733212,4.98928853291034,4.94082288798662,4.88122140919383,4.83580684048576,4.78526479538228,4.74936516984393,4.70511359435638,4.66451195283292,4.6347998920952,4.59954768709777,4.56807616304585,4.54181585703926
"53711",1.8805060922271,1.85880956736567,1.83604474606511,1.82438723408147,1.80780092920395,1.79379116053546,1.78956448691147,1.78908115562577,1.79538199476955,1.81628338205321,1.8409320505758,1.87184497519978,1.91943617394573,1.95669982878011,2.01139466169316,2.05127137920209,2.11367374020015,2.18908335141518,2.25562817242807,2.30371827181026,2.3719354913191,2.43138992099031,2.47132895229451,2.50803084633406,2.58718793011619,2.680901927614,2.73691218691065,2.76525192619796,2.80300782228242,2.84730999232311,2.86401680821395,2.91099593162217,2.94780548597053,3.01334060390686,3.05217067996795,3.08452711987428,3.1489881438765,3.19287321852371,3.22972883183233,3.28812376068872
"53751",3.2412208237469,3.20445357875377,3.16483821585031,3.14357586161385,3.11529019579069,3.09191059283521,3.0863428350676,3.08712909972595,3.09853121527584,3.12924250725994,3.16343814410078,3.22472868363664,3.30136341966958,3.35462868737759,3.42069951834335,3.46072084348355,3.51525099340359,3.57071439647534,3.60946230591077,3.6105445153481,3.63158543800696,3.61804753392117,3.58991528702002,3.56128180675834,3.56835012395259,3.59812794052266,3.60933916732366,3.60894252366757,3.6227959345445,3.64178712592645,3.64563439812127,3.6778869228719,3.71388141732491,3.79400833113032,3.85098927236833,3.89795985317537,3.9598768693741,3.98525650522725,3.98929584529143,4.01302375173755
"55311",5.46250521301143,5.40336548929291,5.33841702614291,5.31077163743778,5.25663864737907,5.21171239302344,5.18033945992844,5.15240649669162,5.12255920332255,5.12023371247206,5.11779647135821,5.12577315716584,5.17322062706316,5.1907072609734,5.23042671142739,5.2362951534929,5.25498523830355,5.29471178584822,5.3109343350332,5.29265739443908,5.27698598427453,5.24621953349532,5.18410923604683,5.11928547830157,5.08658218597582,5.06415923768899,5.02638826352291,4.97403422105713,4.93402716533964,4.89558741177621,4.84267797781791,4.80357457010447,4.76356346598911,4.74756641586144,4.71517825873565,4.68476299728668,4.66024764597006,4.63298722585336,4.61013128950844,4.58963968005807
"55353",2.72924410072185,2.69938843896565,2.66221140575567,2.64799697252452,2.62121588501323,2.59968474424125,2.58461435624971,2.57163440342788,2.55789491395302,2.55727489938341,2.55574546082282,2.55203919454992,2.55770761938714,2.54618639528905,2.54455878829638,2.5340497611901,2.53203456430211,2.5381329573274,2.53522385195126,2.52661906843968,2.52561627001385,2.52810132242805,2.52063444416109,2.51136933015293,2.52052242528886,2.54051790913028,2.54950922458081,2.54796934097255,2.55808482160318,2.56698117616542,2.56075598582788,2.56499062439928,2.56820640158571,2.59302895340857,2.59814320122021,2.61048437222953,2.64297186207447,2.67989900538709,2.72341081269404,2.77028039406063
"55392",1.66318763394513,1.64313034414545,1.61761000654729,1.60527920640217,1.58679397437236,1.57535773570348,1.5732662663652,1.57564434226381,1.58322560671756,1.60360547923477,1.62625073476912,1.65481309431148,1.69456374605498,1.71853912453938,1.76205570631218,1.79452986349842,1.84618067716566,1.91555912507669,1.97114689213167,2.01692010387362,2.07567966030805,2.14325998550499,2.18878104359934,2.22617847848992,2.30115345397726,2.36509137205418,2.39216998585524,2.41191184905318,2.44766704545136,2.49099705762734,2.50525701772459,2.54467736351377,2.59575353621783,2.67251927016017,2.70496341669649,2.7279815222612,2.77291011233914,2.81298405427547,2.85633039234976,2.90069853509724
"55411",11.9991067818169,11.8705960508303,11.7151890167339,11.6564521749466,11.5311645317641,11.4277516556589,11.3474599706177,11.2782393852627,11.2149502854168,11.200058217439,11.1792510000124,11.1672556729186,11.2084287639284,11.1669692604327,11.1778115417781,11.1527444786613,11.1605381743382,11.1965162304765,11.1850745256079,11.1345099869059,11.1274035847729,11.0944074714479,10.9992447878546,10.8778793523545,10.8149806889797,10.7708228392205,10.6886018789537,10.5813922429813,10.4972577168645,10.4139652234549,10.3140148472083,10.2368957385316,10.1564734336837,10.1152709408309,10.0488352699948,9.98894921167991,9.94133592787413,9.88202669110673,9.83336491719473,9.78884839842451
"55592",5.71783116862823,5.65320981101092,5.58811295297287,5.55817558412952,5.49973243565758,5.44516966144252,5.40543649194053,5.36965264381396,5.33727923384601,5.32508080672216,5.30785889866884,5.29505019213444,5.30763827266462,5.29193895903872,5.29608190125443,5.28145510405894,5.28673156777739,5.30308208609511,5.30706957360228,5.28877740271126,5.28680916547598,5.27735102241489,5.24384387095278,5.20484825964723,5.19850940821946,5.21351089783019,5.206042959354,5.18048639148715,5.16930006794981,5.15364856362914,5.12420288442045,5.11705866683977,5.10258546536378,5.11916927430608,5.11223236121313,5.10708138169982,5.11342871248514,5.10311100142452,5.09551084446988,5.09394371367331
"55711",15.428652184593,15.2765644936645,15.116156017471,15.0323139960475,14.8895259582859,14.7404081527878,14.6200569420002,14.480837585229,14.351800924702,14.2414908716538,14.1165654356036,13.9768756838368,13.8714589850097,13.7396010848864,13.6312640490279,13.5027377721558,13.3973590772666,13.2985697804929,13.1932841655638,13.075537409585,12.9689063498869,12.8761916059929,12.7676859293656,12.6591761064819,12.5674963967638,12.4759100677488,12.3702444679965,12.2676239186974,12.1635900149808,12.0652319956266,11.9778171779625,11.9002320775722,11.8247224116185,11.7514484967722,11.677832331706,11.608938183132,11.544410695507,11.4815224909425,11.4236910627576,11.3666720920679
"57353",3.07498179305429,3.04180569778819,3.00299354049056,2.98717450145959,2.95557513907546,2.93165781885377,2.91341515361473,2.89458981366577,2.87646646721477,2.8718272859858,2.86713715200623,2.86144966828545,2.86678828377739,2.85550445855957,2.85503011984326,2.84731884522598,2.84978633383606,2.86297040092061,2.86738455519576,2.86756015676404,2.87438012393171,2.88288262466676,2.87707765862765,2.86841594551887,2.8808217384111,2.90171268573322,2.90786750580818,2.9007654272515,2.90500108571489,2.91162921509738,2.90506410132951,2.91377799418652,2.93427371945924,2.99792059585367,3.05459676510419,3.11595265723967,3.19149421005399,3.25271395897651,3.30079363805526,3.35077432940301
"57371",6.12578073605756,6.05954478643611,5.9810571059494,5.95005250634205,5.88657615597318,5.83824881384654,5.79983569956106,5.76119520559891,5.72339014677084,5.71156105679852,5.7005493653577,5.69499412636949,5.72467176844769,5.71797776784698,5.73301552392833,5.72445149465601,5.7336183175279,5.75777957344181,5.75208927658187,5.73063505175164,5.71245749188251,5.68367045511591,5.62716850484014,5.5656407520638,5.53227114168426,5.50801872190969,5.46744236292132,5.41458230048586,5.37228192841146,5.33081768659123,5.2797568326285,5.23822504609222,5.19472690618063,5.16815937079152,5.12914014483132,5.0931428885567,5.06343723434743,5.03083901326414,5.00422429240774,4.98099795953062
"57412",6.4662433694548,6.39543677951627,6.31033313982374,6.27663326532746,6.20584751920287,6.14683153178488,6.09900647473318,6.0531649228713,6.01020264188484,5.993145997852,5.97489823696916,5.95647067441385,5.97250335942315,5.94803677255723,5.95021031052199,5.93563596756997,5.93751121092328,5.95561776758536,5.95155283668624,5.92691301890603,5.91131657371905,5.8958102502023,5.8545066087251,5.80087562013826,5.77789086646175,5.76870849450686,5.74064900251736,5.69290494361157,5.65845032337406,5.62721822692362,5.59476380414795,5.59211019814725,5.59263166440584,5.62283552288064,5.60839259736715,5.58010569623901,5.55666091365904,5.5180198112321,5.47965785629707,5.44227322422032
"57452",20.5675233166614,20.3713502075036,20.1295596576291,20.0473795437426,19.848122405194,19.6794460699477,19.5228310121223,19.3576386039733,19.1925391818871,19.0825972699218,18.9572484350466,18.8775717244285,18.8019568274793,18.6567316602923,18.5362749119367,18.3813992896964,18.2407909688078,18.1108504144623,17.9623474677834,17.7863236328481,17.6267229134802,17.4778762285054,17.3159130759329,17.1476447461017,17.0177690663827,16.911089825066,16.7856772667482,16.6446353589776,16.5239635040736,16.4012611688603,16.2764615809922,16.1692723519139,16.0571818672198,15.9786434605191,15.8863756241899,15.8081156029246,15.7327009286241,15.6479135719628,15.5771026954587,15.5087612268993
"57471",0.970633635933374,0.959532584369501,0.946470397569424,0.940752981487556,0.931814079666264,0.926781211746186,0.926628129796075,0.929189866024717,0.93433245418301,0.947991793309927,0.963696126974455,0.987680647992024,1.02220757557974,1.05762971753872,1.10792879998094,1.15918558849707,1.2236014857189,1.30410738627478,1.39159246173322,1.4648187140102,1.54561112389297,1.62778968697124,1.69300633285458,1.75405484621473,1.8576233257702,1.95156319024249,2.01804795320341,2.07664160607087,2.13518675545912,2.20596046020491,2.23202479936967,2.29173572234229,2.35817468649139,2.45319046333548,2.5079183119373,2.54663918247246,2.61582713013162,2.67044776944977,2.72198368375354,2.77798816075994
"57491",1.37072993768523,1.35588673593133,1.33864578161074,1.33153231666149,1.31816039659337,1.30759407187698,1.30115883654942,1.29652921095705,1.29231760259141,1.29514280252864,1.29762248384894,1.30432841237072,1.32055328113834,1.33521409907173,1.36372204518138,1.39346987308062,1.43724363768367,1.49489899194624,1.5582641020603,1.61564328010764,1.67886536405364,1.79367312535261,1.87779649538024,1.93237990784164,2.00015635635097,2.04014827974109,2.05034580149661,2.05454450861944,2.06957522756471,2.09957151811992,2.12126188991094,2.19136286415331,2.27462574020132,2.37448229016455,2.41245075136249,2.39705592549234,2.37367615379813,2.32775622271082,2.28966669317389,2.25844582120531
"57551",2.3102209337384,2.28323564450962,2.25455565188968,2.24000429412846,2.21739422547434,2.20008559069315,2.19223077532419,2.1880544332512,2.1862761076287,2.19611459351582,2.20484735332011,2.21567339062334,2.23743191702367,2.2430072220574,2.26036652426743,2.26465268015483,2.27966532587116,2.30194270284877,2.3145195150162,2.31110521716753,2.34823377297789,2.35734809033733,2.34499019308515,2.33114996259599,2.3422505665493,2.36614587221822,2.37730010230762,2.37956860412791,2.39156992765975,2.40687494123856,2.41051119661376,2.42811656117315,2.44030682741243,2.47332912170001,2.49117261756075,2.50572619426786,2.53683453241854,2.55810874485121,2.58354801743206,2.61357841245301
"57571",5.55930912483174,5.4981671887576,5.43677206995641,5.40545971384078,5.34992068178667,5.29950209378931,5.26335062347664,5.23273338258418,5.20592721430466,5.20095665110671,5.19434590810974,5.20928124971713,5.25891230331594,5.28129813756818,5.32395851317324,5.33528689488099,5.36572578873293,5.40590885193198,5.42049612974762,5.39852451368424,5.39367878353404,5.36255948985663,5.29956632760454,5.23862973784327,5.21485318983488,5.20708631055209,5.17938062018367,5.13765569668883,5.10527716778492,5.06825580488093,5.01624785408701,4.97861814888623,4.9373930008377,4.91214967560326,4.87573465705024,4.84222791194682,4.81636430915558,4.78438075406761,4.7573993522699,4.73562758173902
"57611",0.247496923763882,0.244807259956315,0.242186043384439,0.240956838122819,0.238602225286658,0.236363004787148,0.234686079662157,0.233188454783608,0.231825396939948,0.231200387666628,0.230398760643146,0.231473397211115,0.241115266288988,0.264070661607188,0.30857143621081,0.370046618780155,0.460429808433894,0.574214502917025,0.696670224405092,0.821634958074462,0.949200599864968,1.10835587167564,1.18941366199034,1.26914831005473,1.39766988814963,1.53406801191966,1.65040561497505,1.77661432724372,1.91835808048394,2.06663369756669,2.16373751120393,2.30633445732134,2.44786611862257,2.62143257093181,2.76494136271232,2.85687244459304,3.00249168447777,3.13477980492283,3.24615629318678,3.37332668530315
"57631",0.629538576761979,0.621890403066388,0.614511606607022,0.610115555901131,0.604185072418481,0.599615302488809,0.599644845605885,0.608258431528312,0.633505805042906,0.681685318326577,0.75465908275236,0.845308289823854,0.9545453581164,1.06282212685549,1.18309643121882,1.29281623737255,1.44046712527226,1.59607007176355,1.74181692393656,1.86964816738831,2.01083784783712,2.14641268812279,2.26719510392836,2.43125523933546,2.66837711505704,2.89671497085615,3.06843488595347,3.24264002926974,3.43261427639873,3.62784629495977,3.77799676182446,3.98788892052052,4.16769259022471,4.35482666463572,4.47405491444236,4.52863221662828,4.66542378772698,4.77779254338521,4.87133289454738,4.99054064009276
"57651",4.69624579312552,4.64433326154138,4.59116461281706,4.56605544652781,4.52027308474845,4.47550246630172,4.44308640624254,4.41326149909884,4.38737933054859,4.37944707153878,4.3697757411968,4.36623744967772,4.3892696070318,4.38959425911831,4.40350329103072,4.39862900232596,4.41033427465405,4.42802254896298,4.43419249267527,4.41910431095438,4.41191418094052,4.39367492902173,4.35856223026,4.32037134609538,4.30801767638829,4.31135220256915,4.29731342087008,4.27073733815408,4.2543417087879,4.23513522586843,4.20615264821237,4.19540732003709,4.17660755043939,4.17785488412649,4.16357843434587,4.15205699057854,4.14946843850892,4.13399133702393,4.12022787367855,4.11198107359835
"57673",0.214535178354172,0.211976424297785,0.209295038494384,0.207863123038436,0.205816737554163,0.204117960838116,0.203651619768995,0.20449058005075,0.207521387633607,0.214004310614872,0.222954737268122,0.235554178504796,0.254472417526442,0.274044101364043,0.299199056098474,0.323759696012536,0.356583888559569,0.394573621732627,0.429835646881122,0.461746194840211,0.502360031544854,0.541656789787257,0.576272369300651,0.618081293462564,0.683813502978467,0.749484200667519,0.803257725073112,0.85319032372853,0.905842279032784,0.965406390972142,1.0023053082546,1.04802964309031,1.09432679741063,1.15944541627911,1.2187491152144,1.26623152783403,1.33855888907469,1.39911416300109,1.45192103144643,1.51521847429854
"57694",1.52230668618555,1.50335840272246,1.48342064307474,1.47197026272999,1.4575285125762,1.44637419879656,1.44476464511706,1.45039267433866,1.46840317337732,1.50483566297369,1.55138260409787,1.60537110728929,1.67502111837624,1.73009221646987,1.80047491467658,1.85285464889847,1.92766082631469,2.00972528960238,2.07935526047505,2.12719868348592,2.18434458022212,2.23819736450582,2.27578581734932,2.30933346678944,2.38177045069839,2.45955683436002,2.50715177324267,2.54448733775522,2.59721759508503,2.65588332772291,2.68247253856469,2.75894818655662,2.85212319464998,2.98053083436755,3.07519536753831,3.12518316185931,3.17942705908169,3.19301442812397,3.20222022970197,3.23386999707869
"59551",1.73863748384303,1.71828294415498,1.69817906172913,1.68660937081737,1.66932819109457,1.65632168844258,1.6487626435151,1.64456672802839,1.64342101907923,1.65049440756654,1.65762854888573,1.68107064828495,1.71631282107064,1.73918513088075,1.76776930847454,1.77897951573391,1.80036490408896,1.82297427069021,1.83316222702245,1.82758139639706,1.82629350500914,1.81757380771889,1.79239066631724,1.7648443985686,1.75289672234758,1.74569221566593,1.73134698884384,1.71356450338403,1.70043515840908,1.68766008934934,1.67031912522836,1.65947532242194,1.64855618992512,1.64561560239331,1.63910046987027,1.63346543447335,1.63280659524645,1.62947117461211,1.62762993921614,1.62721119900323
"59591",5.80427743305823,5.73688359595714,5.67247830452018,5.63787682299434,5.5819970455968,5.53252873071602,5.51676540487644,5.5339502840299,5.56855431125817,5.62038051557055,5.66059060829429,5.63489739844863,5.62688694793757,5.5808440518152,5.55113673024723,5.49801882385433,5.47108259939707,5.4527333382841,5.4229457094639,5.37591473834029,5.33968622628726,5.30385347199981,5.25444968398902,5.20499264847375,5.17759840847417,5.16264522685725,5.1346015992612,5.09730043111,5.0689002769673,5.03836554714816,5.00043633316115,4.97587401084635,4.94892530054061,4.94147487765603,4.92405291381143,4.91239790316825,4.90703820035616,4.89465689462049,4.88753323037807,4.88371381108695
"59631",1.03975003188005,1.02627122937992,1.01175965431218,1.00355481814285,0.993915114744449,0.988501073653472,0.991241898242106,0.999002886404709,1.01302502406459,1.03597605522565,1.06248733901046,1.09501511295819,1.14173197896365,1.18218003301822,1.23395119353531,1.2772241025624,1.34229408021303,1.41535116807012,1.48171687851249,1.53233511689501,1.58996040583073,1.65427261655316,1.6995842207224,1.755616504881,1.84316200870337,1.93239760468892,1.9902187769944,2.03827221212188,2.09910800561163,2.16616747470968,2.21387435681228,2.30331242638132,2.38510923240392,2.48283729638355,2.53102732615931,2.53117660462663,2.56986366465449,2.60090177062817,2.63013875582509,2.67210538671247
"59671",3.94838892080041,3.90825469323304,3.86779021304049,3.8472742687757,3.8087597740367,3.76802833565037,3.73369988081499,3.69527451392756,3.65950674534165,3.62980346929669,3.59695101165963,3.56219156103318,3.5396722551205,3.5117049579424,3.50019393702079,3.49400643545669,3.5129990820038,3.55720942082223,3.61801981364677,3.68354876569086,3.78443392998635,3.90742783050874,4.03271074536088,4.17909891800214,4.39974802000075,4.62859512462407,4.79684080772959,4.94884030347161,5.13613472840506,5.31990571187482,5.41789380146535,5.56057208784418,5.68527548921847,5.87205775104878,6.0098222645668,6.11174219565099,6.29212271607898,6.43300179155723,6.55614306330842,6.71781697660818
"61351",2.97518923060019,2.94414593633626,2.90957722105687,2.89296439737923,2.86195765923863,2.83864326958151,2.81995583939155,2.79991519223566,2.78364945334265,2.77994396242013,2.7747507933644,2.76771537489503,2.766612153193,2.74848291048226,2.73880071598681,2.72237191118156,2.71463592692049,2.71595177848322,2.71108289825216,2.70420519299345,2.70264006973589,2.70513645577963,2.69819397672967,2.6853815941331,2.68656403742453,2.69464160549677,2.69985837819673,2.69714343587906,2.70372775362424,2.7156363524668,2.72483637502058,2.75603059385965,2.79438982770109,2.85005583997224,2.86644676845841,2.86354050627253,2.86595916330973,2.86073302786068,2.85514571949967,2.85260380771892
"61391",6.11293397752683,6.04708384969852,5.96775136833934,5.93059243495694,5.85806067277738,5.80238558766433,5.75734227697011,5.71265331610645,5.67356384705545,5.66197902319136,5.65303894752715,5.64476326990716,5.66608824200638,5.64852474768466,5.65303913791657,5.6405507313968,5.64650709291691,5.67084313642945,5.67810028936598,5.66110574381185,5.65806883009078,5.6516326663234,5.61228786141902,5.5629987966566,5.5495833788634,5.5532998407636,5.54256220975302,5.50763296463899,5.48682732321066,5.46428684054699,5.42246834126018,5.39835726091708,5.36860281028621,5.37164203662632,5.34752703765974,5.32895524061996,5.32246912661823,5.3055490665727,5.29522734818037,5.28793280490163
"61511",0.158827763520892,0.157154997307675,0.155280291778449,0.154561615355085,0.153002047652677,0.15168576870095,0.150605354598596,0.150012922288144,0.150195153214959,0.15244337665124,0.156081058274364,0.191717354945395,0.302561090163529,0.490576965530448,0.749582795110732,1.05015456510945,1.4390604467988,1.87474885613024,2.37014132040733,2.8875263357395,3.4076523523966,3.96148357813082,4.32500319967759,4.65749666007052,5.09921634970149,5.4202384107467,5.60082743193096,5.72708315866101,5.85135037910877,6.00478041713682,6.0142061542937,6.15008213576532,6.31339009981447,6.55381257791324,6.71614050394791,6.8190601977551,7.0172655777264,7.18018851178066,7.32520663314924,7.47245205881825
"61531",4.5320695230794,4.48274231768305,4.42867230816043,4.40504035445597,4.36028716380802,4.32464449419561,4.29791728071563,4.27802086236569,4.26224031330026,4.26866632582916,4.27365823582308,4.29842914183877,4.3536138116683,4.37953800572761,4.41791319469652,4.4319204520748,4.4699976702184,4.51221692733164,4.53382037635881,4.53110401759293,4.51748870630485,4.56336822503128,4.58329609541081,4.59021646905665,4.62991329151997,4.65937246968772,4.63281421721906,4.56503105938919,4.50546724474479,4.4481437463694,4.37570099137783,4.3238697586472,4.27246166082378,4.23186099734258,4.18292398773747,4.13381343679739,4.09582976586502,4.05208370397831,4.00669600182648,3.96118646638312
"61612",6.63920704231222,6.56251162044555,6.48677432896587,6.44777232677981,6.38233990265041,6.31980601648359,6.27244871006832,6.22988891128002,6.19477977462779,6.18052302859101,6.16596990833832,6.18986915312986,6.26347667637148,6.31791889778736,6.38967234725453,6.42775649682019,6.49421461688707,6.56765752724182,6.61273951137889,6.60699790397985,6.58805394307184,6.52489137072743,6.4336012961888,6.35380185447016,6.31619004478573,6.29155213083967,6.24615446182342,6.18808628681185,6.14449792692459,6.1026969925582,6.0437632934028,6.00337053304707,5.95712401792675,5.9324023808228,5.89254148422722,5.85658709536344,5.85279440740119,5.88253435237184,5.95518323363234,6.05270510407199
"61692",3.28322827216542,3.24643525466745,3.20874889140923,3.1915319885234,3.16425410683434,3.13637851745455,3.11903548220658,3.10497737794511,3.09563964478281,3.10211992391148,3.10653567741279,3.1146358679919,3.14177693411492,3.15373225438562,3.17871584724704,3.19909654467258,3.23298354842855,3.27573067629445,3.31389819372555,3.3323423978076,3.36381368313768,3.41104713622418,3.43749724449995,3.43808728897704,3.47196482803806,3.52188677034267,3.54491310623497,3.54957428935987,3.57105754514457,3.59375844002135,3.58956692455743,3.61032323474285,3.61763692345333,3.65749787976606,3.67519567834065,3.69457502057653,3.74308820744732,3.78745799182785,3.83034871779854,3.89112146713049
"61751",1.71537720273257,1.69507128299013,1.67435315058366,1.66192340887099,1.64695512891931,1.63512218999022,1.63245866668409,1.6344894414719,1.64321355895787,1.66221376023877,1.68271048922474,1.70706824337651,1.73838943892788,1.76130986495563,1.79220746028594,1.81201293364876,1.84344199076958,1.88008219269062,1.90951128338788,1.92460258216004,1.96109149286928,1.97719142131681,1.98894379636647,2.00179548323728,2.03749537738328,2.08237639167902,2.11092146464415,2.12932785208713,2.15760589911895,2.18820760545509,2.20148706082392,2.24405495429417,2.28809334521616,2.34868061657611,2.3812642219129,2.3887454202404,2.41692317253281,2.43936800625957,2.46044718594805,2.49406370083766
"63491",3.22029739056571,3.18423231672978,3.1456255167291,3.12874580495768,3.09538217395267,3.07027617887168,3.05119827285693,3.03609297859419,3.02419443249186,3.02978834512345,3.03656115717401,3.04976563789244,3.0780511619016,3.09078049721597,3.11825008424126,3.13447633332888,3.16858302005854,3.214085071463,3.25388367361242,3.27811679904052,3.31117368535208,3.35049495237454,3.36043342510662,3.36013579322456,3.40225782478087,3.45161039898786,3.4787735974123,3.48860419871539,3.52011201273077,3.55158100333259,3.54541366051476,3.56312713101612,3.57761061052896,3.62719926681121,3.64710507496978,3.66357631159588,3.70221577476702,3.72919949836036,3.75898332904919,3.79144594610152
"63511",0.841172296634957,0.832374713285566,0.822719174541082,0.819023380764535,0.810688262731856,0.803801228070396,0.797782605124811,0.792964587985101,0.78835345501161,0.786998662667158,0.784725176508682,0.782657384953476,0.784002449292487,0.782771629733384,0.786116322442118,0.790597724482163,0.801229274548859,0.818190438203221,0.836919956070542,0.854788632027182,0.876414527503177,0.909091709053831,0.928299186061218,0.936950054626822,0.955811950621115,0.976284628788152,0.987895453781137,0.992906085779667,1.00554335702994,1.02081644083629,1.02481262307889,1.03755779071363,1.04921151569394,1.07339290540796,1.08748544715982,1.099461595407,1.12037369305353,1.13682664280235,1.15459290821974,1.1728676199576
"63633",1.28410356337515,1.26853130509581,1.25237537121426,1.24385791729164,1.23145772520561,1.22208503918335,1.21849574595083,1.21886418879732,1.22422225072076,1.23804331972704,1.25540115062646,1.27706519810061,1.30932411388713,1.33826383274999,1.37868689233583,1.41565420287557,1.47010368542954,1.54033367733743,1.60594444887551,1.65789164323948,1.71860395513364,1.78036720947139,1.82552478659306,1.87788692005923,1.96995627395427,2.06583259011292,2.1376268349646,2.19847731141621,2.25551147979493,2.30226358740919,2.30695009465185,2.33914896046156,2.36591718218124,2.41173380167326,2.42754096210068,2.42664446896895,2.45451304232256,2.47306306661852,2.48589297337476,2.50439437230919
"63651",6.02189073251711,5.95425295282212,5.88500374015311,5.85295562255146,5.79488087986915,5.73936095700403,5.69634379110828,5.66149596925771,5.63229646337271,5.62369923061021,5.61072582452306,5.61101094199892,5.64424627357232,5.65118936538467,5.67311976937811,5.67225333068842,5.69037485640735,5.71609581068445,5.72291183149666,5.69598796468188,5.67083064632339,5.62396310144707,5.56042854662095,5.4968945577544,5.45959467239359,5.4316880068068,5.38803423592071,5.33657656579752,5.29137554835135,5.24496076648212,5.19088571011199,5.14814058067332,5.10357788654283,5.07198567616309,5.03467907375741,5.00277734906527,4.97601529314453,4.94538020368475,4.91858539387785,4.89477354154268
"63734",4.60306058888581,4.55153405606756,4.5030556661278,4.47720454633503,4.43581928706921,4.39523600248091,4.36478166677887,4.33752586097726,4.31621175868401,4.30862344603713,4.2974228786235,4.28887384466277,4.29335565345032,4.2848118846078,4.29098945012317,4.28304872928117,4.28834793557941,4.30038882405987,4.30824744978523,4.29920073315299,4.29731864764048,4.29136139377592,4.28066248704013,4.26948696876661,4.29064244119912,4.33225592518996,4.35758907829703,4.36970297997205,4.39618833694568,4.42172876081843,4.42634569432716,4.45901865557752,4.47975902603333,4.52725282329404,4.55199100537698,4.57669595389899,4.62395921627931,4.65728539860428,4.68038806917903,4.7170719696508
"65431",7.17447213636732,7.09525113364841,7.01795645783979,6.9812585716334,6.90234978298196,6.84446132948352,6.78997724766402,6.73123806874609,6.67778899492926,6.64261373201145,6.60382807033257,6.56403027988781,6.53927574849338,6.48872700975694,6.45095822941337,6.40270889384865,6.36440744992711,6.33525943171935,6.29870156514917,6.25126303179367,6.2129404511108,6.17921597758692,6.12829089975978,6.07239545945463,6.03296883675523,5.9999909175211,5.95971333899138,5.91009304844752,5.86675344271124,5.82229358875394,5.77299042664226,5.73181940080988,5.68875210594008,5.66065025831944,5.62589674233657,5.59906114734102,5.57317698125679,5.54353650293922,5.51896873045278,5.49630114793483
"65491",4.76108764798942,4.70940192383004,4.65612400696682,4.63265953623969,4.58498025036553,4.5497305153514,4.52261657995649,4.49927703276299,4.47866851358646,4.47740433602138,4.47553927789949,4.48175278856217,4.50684261783489,4.50924147174702,4.52547093332822,4.52685751633133,4.54300776725848,4.56843468080795,4.58216460690908,4.57361717383174,4.57926580242915,4.57626192141001,4.54471397376973,4.5030419844382,4.49655884147271,4.50222353549073,4.49053357498306,4.46150544878598,4.45118768561755,4.44079120170583,4.41419405948307,4.40651193971735,4.39392373107962,4.40954447867237,4.4048368221169,4.40331526771635,4.41306659286264,4.41874445531784,4.43379771297477,4.45433012456793
"65611",1.03739063536103,1.02458354483435,1.01006844787179,1.00248237329688,0.992307454266675,0.986148796121753,0.988297382255769,0.99794602993643,1.0175007677042,1.05157432034908,1.09745300792574,1.14435497232557,1.19693676941675,1.23513555451018,1.27992975064211,1.31194491178714,1.35404160181163,1.40000763889949,1.43495525998712,1.45125350025766,1.46977624186384,1.49216348305555,1.49928851981269,1.50887283108504,1.53936787493111,1.57003355508218,1.58598893069209,1.59517044456078,1.61332375441593,1.63123686477309,1.62942817471428,1.64655745258537,1.66084551199555,1.69001256096837,1.70373906722642,1.7120494382951,1.73546019424568,1.75210016501965,1.76505672782346,1.78106038773203
"65631",2.29137219990482,2.26479848168043,2.23709514174737,2.22333466010232,2.20034674929574,2.18060766909658,2.16660812248654,2.1559993250915,2.14968050705542,2.15296943678915,2.15800460719856,2.16597882896991,2.18567169651334,2.19756985049077,2.22172588088696,2.24116182834363,2.27736062877088,2.32664624489119,2.3729634983235,2.40788983732909,2.45478634337464,2.59406764991333,2.69177526967134,2.7301862840401,2.77286248744034,2.81671019472067,2.84064044129803,2.85942131909696,2.95444522613146,3.1497155415665,3.39549429179706,3.70742114957934,3.97969261729723,4.15416946105845,4.14453266450926,3.99038081178038,3.86986069546672,3.76989726295276,3.68395303864806,3.62022334586557
"65691",3.90069523726518,3.85553262383212,3.81212190173716,3.7884680178074,3.7497922303508,3.71345120694875,3.68389606068669,3.65732469276729,3.63431112359738,3.62251356086635,3.60781749748386,3.59407084920432,3.59086107154873,3.57591525855667,3.56951202848818,3.55715182456388,3.55524519351289,3.55933115096315,3.56084572885733,3.55167984825742,3.54886484494598,3.55048629648794,3.54720403573765,3.54105821668091,3.55112164300309,3.56441635749611,3.56106817815042,3.54775682179431,3.54098655078159,3.53278369183525,3.51467394544807,3.51056683349477,3.50334372717147,3.5105437105542,3.50438506161535,3.49977096562189,3.50405698832673,3.50266067564786,3.50249785247359,3.50691227703323
"65711",0.84100044201424,0.830707519785829,0.81990519094755,0.813919503029111,0.806455710877126,0.80125965245494,0.801086268420482,0.803683294225087,0.809388285325754,0.820208566779287,0.83174616414578,0.846831521592058,0.869936940312909,0.893368144054915,0.926449565645563,0.959660143737832,1.00404232420399,1.05947711142809,1.11538144623691,1.16053561277826,1.21126946859841,1.25845160066286,1.29244205773545,1.3255641595902,1.38828926457656,1.45262390590059,1.50143673660995,1.54369420643064,1.59975143353076,1.65869839600485,1.69284451911041,1.75213367573596,1.80877264608888,1.88252831655165,1.93079076089606,1.96612441630748,2.02631650882725,2.08101625882198,2.12445260152904,2.17946210487698
"65731",1.02113083172484,1.00871205580354,0.996553968493432,0.989536248896639,0.980588369852884,0.973941925122357,0.972962122254643,0.974767170110565,0.979161968013428,0.986548082751337,0.992183746206513,1.00105963907332,1.02242753001851,1.05325075100012,1.10872871527754,1.17288871423445,1.26899901225075,1.39717971430192,1.54245582276752,1.68185170395805,1.82228440480786,2.04704537766419,2.21221335016114,2.31560653926357,2.42276780670964,2.52138685448036,2.5855614696727,2.63984490747214,2.72022324991771,2.81250541086929,2.8647732748142,2.96832612459965,3.06572988123586,3.19182798618798,3.2926911121697,3.37252119157875,3.4940238864678,3.60359869376658,3.68626364796431,3.79088426816457
"67391",6.97452970734022,6.89364402041288,6.82007832489712,6.78495238058202,6.71378023971687,6.66117302729722,6.62060815829724,6.57683320296238,6.54151565869551,6.54117797636806,6.54249258992636,6.56441288770411,6.63691527198799,6.67545642393694,6.73309525841567,6.75232193691104,6.78168512857151,6.82986368004842,6.84560086329379,6.82159110798892,6.82518983347911,6.80213073769904,6.72106193917522,6.63447939846549,6.58428492886533,6.54372376723273,6.48455386728802,6.41129336404578,6.35022322638767,6.29472421354399,6.21835476240929,6.15649840013267,6.09641163166323,6.05777545261369,6.00062968126061,5.94468108963151,5.89700445225918,5.84576884558598,5.7964567083388,5.7526970088611
"67493",4.15675999645088,4.11345058076331,4.06656432624368,4.04789515029713,4.00713576911384,3.97684827747808,3.95356432472142,3.93922041446113,3.92931617669666,3.93429044658743,3.93642638024008,3.93141786320501,3.93391318357517,3.91307737509616,3.90004151762714,3.87785728383782,3.86580394021224,3.86038326497476,3.84890436455544,3.82568881173364,3.80821394399437,3.79157792781462,3.76693830186054,3.73541285708406,3.72000070591315,3.70962690464223,3.68926954062608,3.65837083967294,3.63865169990628,3.61844626665926,3.59255249248345,3.57677794716124,3.55818211393848,3.55557178126686,3.54353157438029,3.53617824809046,3.53185821235038,3.5256784018365,3.52659485385456,3.53253842397971
"67574",2.56086798525766,2.53182248564678,2.49952883234205,2.48375788287891,2.45849898935738,2.44058973752967,2.43306817059052,2.43187710985038,2.43735140609968,2.45597825293962,2.47832070207049,2.505732002124,2.54326291230197,2.56461838150548,2.59555254792368,2.61648525722991,2.65775044016819,2.70601334657824,2.75042986591868,2.77716284887534,2.80811749521502,2.84153148954643,2.85706171129137,2.87466485077831,2.92656979799395,2.98230207080905,3.00932630677092,3.0162769360151,3.03471168071778,3.05224015492136,3.04427780006074,3.06426916633684,3.08403778478785,3.13258219881174,3.1582005727895,3.17030441087165,3.19500408585779,3.20992059531267,3.22340954284719,3.23955623343886
"67611",3.82325687564036,3.78030114900486,3.73581038493107,3.71355507814759,3.67439299749532,3.64039002950735,3.6143148201231,3.59257919246835,3.57587164854704,3.57102058790401,3.56685970467624,3.56808255685188,3.58154347676886,3.57775741528771,3.58356970082544,3.57842072083133,3.58431924194006,3.59324833011976,3.59399388412644,3.58114313920346,3.58578102059134,3.57778654575217,3.55965588636583,3.54142526113104,3.55246943481362,3.61085957898852,3.70499290875611,3.81333934638875,3.90717659146529,3.94613169393794,3.90115553380848,3.85363817346098,3.79004601413081,3.75016186172589,3.70104963870186,3.65362188516633,3.61871233896606,3.57949785369134,3.54066279858875,3.50305819094456
"67631",8.38250458679289,8.29192852700086,8.19632991364977,8.15248073282378,8.06855777997915,7.99127246152654,7.92714375958009,7.86980225061112,7.82026281964537,7.79460194966765,7.7671010577615,7.73920073187188,7.73283266874072,7.69211873796438,7.67185494086925,7.63260095478032,7.61471612996383,7.60740793719415,7.58973456946188,7.55017034233137,7.52181701030792,7.49104215070612,7.44518373343751,7.39383953293262,7.37301579955038,7.36743743136546,7.34557685678683,7.30562968457958,7.27856417576364,7.24573469131951,7.1993629620196,7.17037490750256,7.13452407400524,7.12144451890335,7.09062900438898,7.06924683869518,7.05375471203905,7.02858964637417,7.00957810507115,6.99267562971722
"69553",1.86707557419652,1.84533365105855,1.82159162284491,1.80942865981387,1.79002746600289,1.77812796135598,1.7736373220625,1.77541171607493,1.78386302396496,1.80248135717279,1.82566547659479,1.86053277535785,1.91052755811253,1.95813634608121,2.02850377813983,2.09877726837472,2.20934706847843,2.34221836380678,2.49018731657175,2.62871219182437,2.75718852878695,3.05197435441781,3.21847156726159,3.25584868876771,3.35712166316721,3.47189126493975,3.55473445696773,3.64752954093458,3.76376862336713,3.93526063836669,4.01693395256982,4.10647211057776,4.21509477691078,4.37893738347455,4.49187968205459,4.68464927216654,5.12256481930429,5.67395733569524,6.15000678795316,6.59686201804438
"69651",5.71944457836253,5.65887185042141,5.59620775329631,5.56892100404149,5.51607940699631,5.46530585168827,5.42651533977981,5.39359107336932,5.366605782944,5.36028245370463,5.3519635182998,5.35950101863333,5.39744583737885,5.41165865477957,5.44110755765221,5.44777263995086,5.46903329100692,5.49659984352687,5.50517880078747,5.48386751561281,5.46136060285124,5.42148722264801,5.36314428258682,5.3036426847237,5.27127471306099,5.24532421951072,5.20523983575231,5.15697411843959,5.1146006820644,5.06990922145234,5.01627149021515,4.97239665322275,4.92602292194077,4.88851120826811,4.84711357551612,4.81056820195122,4.77538154223721,4.7370753480478,4.70153550626613,4.66817425315987
"69711",1.36958590882337,1.35399363851995,1.33939411007796,1.3313788299896,1.3192758073704,1.30938300616399,1.30291470349916,1.29878721445468,1.29687154150074,1.29895613401311,1.30082000010624,1.30470596920357,1.31563843876796,1.32430258974449,1.33992691328977,1.35403317581428,1.37836152479291,1.41047778613556,1.44431253520092,1.47124461975293,1.50034042557482,1.53264912566411,1.55178313661564,1.57281914247642,1.61663375277883,1.66181593354205,1.6943335292798,1.72046810541903,1.75159630783184,1.79518480987192,1.82142345373601,1.85730068146499,1.88215732246316,1.92014996471407,1.94444212088918,1.96403650774295,2.00198291856286,2.04748145379308,2.08965911784159,2.13776558765695
"71433",5.36933741796188,5.30900292453218,5.25307542273584,5.23378255111588,5.1849552376032,5.14786914050995,5.11856410910619,5.0897537926022,5.07077189397375,5.07627731279621,5.08141424291809,5.09497662927193,5.13253375422146,5.13238013736116,5.14688797210859,5.14035516641447,5.14713617791418,5.17272616154707,5.1850407753024,5.1688260166611,5.18753124255556,5.1711750021757,5.11641085678733,5.05660827490976,5.02819874204997,5.00843995988765,4.97950760666881,4.93506921931497,4.90693307492503,4.87995479946103,4.8321376595593,4.80231454456791,4.76900575547286,4.76231890106306,4.73373411274616,4.70889192108689,4.69113158029823,4.66764103632389,4.6485469196209,4.634994997686
"71492",0.537865457362541,0.532180623440103,0.525546876469782,0.523269230192437,0.517663372541518,0.51361493264776,0.511017884507526,0.50912037408372,0.507784831795708,0.508532843432924,0.508984029248907,0.511904241094887,0.523395499015246,0.539209246591193,0.569830034281436,0.609725767608201,0.671703449790286,0.750872438846635,0.845046305237249,0.928189950251608,1.01051171023482,1.13274477327009,1.20662559227123,1.23712829827279,1.29817927014197,1.36363456219098,1.41043965628889,1.46076100920003,1.51880789361362,1.59495758421177,1.63341234923059,1.68917944368259,1.7370139289995,1.8113052289912,1.86094481893412,1.89155183176164,1.94891546512512,2.0008486752374,2.05903311332264,2.1186928139548
"71531",5.86641284577691,5.8046252235602,5.73558579011732,5.7074559720035,5.64508475303327,5.59721469720419,5.55957822738808,5.52642557372603,5.49895078907215,5.48929842442869,5.47734327765691,5.47914916772656,5.51247690419729,5.51477655193578,5.53120173199791,5.52802381327753,5.54247468882358,5.56523133314379,5.57724560750054,5.56093046892604,5.55182453627086,5.53571197715634,5.48693789646466,5.42171586650161,5.386718844853,5.35912481918632,5.31913534874683,5.26794870823676,5.23410229662268,5.20106501761779,5.15596199866409,5.12792337669167,5.09627809405736,5.08851889438665,5.06660329236323,5.05122586881486,5.04202592301518,5.02565809955188,5.01794090180265,5.0184821893806
"71553",2.5008414587454,2.47446433191753,2.4450204867626,2.4321754886233,2.40603964515343,2.38558198794256,2.37077040097404,2.35961867418937,2.35184630192929,2.35322894336299,2.35539599595256,2.36215582437212,2.37834294885372,2.37917785809163,2.38557205108086,2.38444235259528,2.39238798202413,2.40386472979111,2.41169347501663,2.40919577014874,2.41708042394816,2.41872352995882,2.40271458399795,2.38274343217724,2.38004306097234,2.38623882673458,2.39035681076022,2.38978968326314,2.40317144209928,2.41782705292651,2.42333775052834,2.4399300244052,2.45359447167568,2.48889164098838,2.51167342226408,2.53343143379608,2.56633075680229,2.60022084589148,2.64321381594305,2.69047518384894
"71591",4.78181638729532,4.72932302789719,4.67418156148597,4.64803777052057,4.60372096754388,4.56750160208249,4.56175290688058,4.59097247033676,4.63892080164568,4.69569290344454,4.73990907464706,4.69589661253411,4.66055068621186,4.60166501541397,4.56108512173075,4.51177625650513,4.48003947346264,4.4503835615545,4.41579646778833,4.37269606434078,4.33312946200055,4.295374520744,4.25243431235415,4.210193521753,4.17999501895219,4.15487753661595,4.12569838608893,4.09097007760638,4.06173438759629,4.03378165569856,4.00366632463794,3.97757408336189,3.95049313496699,3.93102788820749,3.90949188032477,3.89569593325362,3.88346513236606,3.87033412297506,3.86399351142034,3.86033112313297
"71613",4.99244764170213,4.93744374785252,4.88380311691964,4.8545565913155,4.80746881974428,4.76761274620887,4.73906593024024,4.72124354665378,4.7143421433083,4.71929422638053,4.72302558130204,4.7162104433642,4.71242294359418,4.68805665842156,4.67454497180302,4.65117613774485,4.64253119891676,4.63653535482089,4.62237380619104,4.59750751937477,4.58125327289323,4.5653990982282,4.53940091967345,4.51102983238772,4.49778923133871,4.48958889881933,4.47295203146814,4.44955729223423,4.43153130192755,4.41286623229452,4.38861253308353,4.37184413005939,4.35420555644025,4.34575369707927,4.33171482694128,4.32024267946622,4.31211416735876,4.30268000554404,4.30126455340861,4.30185056064583
"71632",0.237221692306494,0.234320529112438,0.231158329255481,0.229373919264514,0.227469514800772,0.226896557642449,0.228639979333265,0.232788921572281,0.240427364041475,0.25168121857138,0.266112875838155,0.283501117653844,0.303377912832428,0.322712307209262,0.347510151217212,0.370180917319056,0.401438614601059,0.435423520142774,0.465561703585636,0.492885360317795,0.528360829520351,0.583179168274927,0.643701592743135,0.715752335435021,0.805378926806014,0.885792395209754,0.941729077536673,1.00119384608954,1.05984091529662,1.12639495121006,1.17597475072216,1.2524854816203,1.33826410397514,1.43076761159765,1.51078750998319,1.56792736654071,1.65167427015938,1.73619783000028,1.80824103386834,1.87815566618729
"71651",1.69975970126894,1.68132773634879,1.66363144345092,1.65526018942221,1.64009890401884,1.62713471023125,1.61881775116448,1.61403007775859,1.61444669851277,1.6226950828807,1.63369103806612,1.64856760457026,1.6699192513847,1.68509206014498,1.70838783956198,1.72615253983824,1.75682144198405,1.79349696016434,1.82791269879946,1.85313022800825,1.87866886695051,1.90757247154789,1.92605085227052,1.94378309062239,1.98257944145334,2.02092074192368,2.04121848286647,2.05819776589368,2.07908682062533,2.10250963861999,2.10697028068804,2.12816032307161,2.14701426139875,2.17370768692534,2.18403862735938,2.18666589236785,2.20021332951095,2.21147783877725,2.21872553693513,2.22784789460337
"71671",5.13485729327605,5.08102523726878,5.03039222747073,5.00701150758673,4.95851448820597,4.91507002647311,4.88046031118359,4.85171852313482,4.82977480240638,4.81937172141445,4.80578397481847,4.79668455609223,4.80195526617409,4.79090974761545,4.79030476258331,4.77663500616725,4.77630099776301,4.7815551520881,4.78104821121759,4.76595226925165,4.75085111633178,4.73621464999312,4.71219775235966,4.68553837762982,4.67930123635085,4.68006115005041,4.66594915650458,4.64196294530201,4.62319348788317,4.60163527681081,4.56817573800801,4.54552625452617,4.51922499817064,4.5040854252826,4.48038919862999,4.46050177522221,4.44395100071683,4.42362550353317,4.40611831593778,4.3908396258031
"71694",15.9922918404174,15.820239840415,15.6626355515131,15.5773234053262,15.4271088225052,15.2953050304492,15.187523315463,15.0965222422473,15.0234962237375,14.9839871243496,14.9343711562232,14.8936771694419,14.8930103842511,14.8468810022802,14.8303629202264,14.7766924543552,14.7631078727477,14.7662380877727,14.7556009470984,14.7055490349789,14.6626512971875,14.6129985881521,14.5375318663312,14.4578739155756,14.4337119106545,14.4283630203609,14.3792735691438,14.3008143660077,14.2377072246356,14.1700021994831,14.0806525706792,14.0251297286936,13.9610124756446,13.9338353731101,13.8847543686085,13.8488369954659,13.8205596973519,13.7729527058532,13.7253723289181,13.6791241917781
"73453",5.81298508449983,5.74792600062183,5.68297283639314,5.66380373794032,5.60605121421483,5.56325965069767,5.52443462883305,5.48200070403919,5.45252615713559,5.45631058721215,5.46195503729713,5.48401644353337,5.53869894605365,5.5634672925781,5.60817302244658,5.63443093037529,5.68939433935362,5.76966944111286,5.84955748699119,5.89308051257238,5.95744880150301,6.01406427925002,6.01597646449429,6.01106225256985,6.07629783870938,6.15754152393645,6.21669275839048,6.23757339313957,6.30526892082177,6.37765262949287,6.37576442550837,6.44590783706175,6.5108147071201,6.6592834042225,6.7235323776678,6.7819549083698,6.88185457955568,6.96286122473256,7.0536745412297,7.16500481835401
"73471",1.61862677376967,1.60082834423777,1.58080664645264,1.57454646468739,1.55850056597874,1.54696968153795,1.54005999567142,1.53484643899393,1.53297316514336,1.54211151765833,1.55309064433455,1.56967487488232,1.59835977502098,1.61594039477944,1.64134653868791,1.66072959503582,1.69332984424757,1.73702487125711,1.7814818345899,1.8089046172387,1.84455429383947,1.89137749349394,1.9111050928789,1.91724515545542,1.94441749701364,1.97741817779055,1.99525510672934,2.00234516488392,2.02478917438267,2.04817799086775,2.044652055927,2.06806467390411,2.08995019376102,2.14002060355402,2.16282918540035,2.1768033923674,2.20951124940526,2.23642033261941,2.26697773958535,2.30253467076115
"73511",6.78930449019869,6.71611099058975,6.63453787272551,6.6039031877182,6.53019108873824,6.47574966307869,6.43465822069405,6.39558078038973,6.36483787230472,6.358010566105,6.34761658192714,6.34941427897138,6.38582013811024,6.38219168018695,6.39702572123621,6.39207079247928,6.40892724667758,6.44033091849639,6.46138545298471,6.44873803042148,6.43282526598613,6.41050534870493,6.35874643703951,6.29626439924389,6.27924920021413,6.27757429385118,6.25965138460155,6.2140375116231,6.18798441472989,6.1553726327126,6.09722610037478,6.06415954518359,6.02527076358889,6.01866083748988,5.98760301043405,5.96094744524714,5.94312333830839,5.91527171314071,5.89251498528446,5.87570939244277
"73532",2.96297684128204,2.92969792321718,2.89277248265338,2.87638568864526,2.84475269819955,2.82181163356554,2.80925932356422,2.80353218422347,2.81006082707657,2.83834190051502,2.87589269078084,2.96158241301392,3.06993783245267,3.14630734934514,3.23633931903424,3.28323882905248,3.35270224718882,3.42373434376276,3.47653384187497,3.49184484647551,3.50155989143687,3.47327605978551,3.4160079919168,3.35996243897405,3.34182474748658,3.3333577003468,3.31216416086909,3.28135822806858,3.26608761241398,3.25096813380124,3.2144199003103,3.198468747788,3.18097107834756,3.18542917507698,3.17210329613995,3.15718729336923,3.15249227514775,3.14261699798786,3.13652297022849,3.1353280114158
"73612",4.83369933409798,4.78316556372192,4.73375735786899,4.70873892783806,4.66736185623041,4.63171768588269,4.60203030492989,4.577034753357,4.55834319104506,4.55081689531981,4.54154769719535,4.53794078043654,4.54381495095502,4.53340063501445,4.53298660756147,4.52492194202477,4.528509786556,4.53452900081429,4.53170008609433,4.51405774605175,4.5066650318669,4.49546538470043,4.47150899858228,4.4454495510831,4.4360123117798,4.43136870912668,4.41805260771783,4.40159823966223,4.39525648484725,4.38745847884342,4.36212382226227,4.33888347998764,4.30659886066037,4.2798020096496,4.24473928621725,4.20844442706451,4.17513536474794,4.13667588607778,4.10094246704871,4.06778918208474
"73631",0.429731236831415,0.425290531840942,0.421071418111574,0.418945039276193,0.415269122949802,0.411964265877592,0.409879836393534,0.410648344686201,0.417152880729799,0.43238697208901,0.457039952482175,0.489804378944257,0.528639475479899,0.568773402636425,0.618229647163277,0.665969043481748,0.731477766248963,0.800844046718488,0.864924478695362,0.923520035559947,0.980911126665631,1.05300258520195,1.11761110238264,1.19046221590556,1.28578660471454,1.37011164323502,1.43306278989349,1.49852953850132,1.54901400632679,1.5955685779848,1.61613834347392,1.66648560310221,1.72484825849316,1.79577845026299,1.85268457828756,1.89249875345962,1.95697853542764,2.02012455183762,2.07368918640049,2.1269170736943
"73651",5.46233548377081,5.4043980475171,5.3512769686344,5.32439091326164,5.27667490622463,5.23751498828939,5.21401338958597,5.20323226502613,5.20497690895866,5.21718181564656,5.22587389522634,5.22628073210598,5.22915880036352,5.21113919043072,5.20271315615482,5.17981728635019,5.17555373024896,5.177155248186,5.17033477347721,5.14929384122977,5.12739641067367,5.10603165583256,5.07601272698297,5.04627846159194,5.04095880630156,5.04722168938226,5.04011002543111,5.02311171765843,5.00511873398067,4.9843455526841,4.95124034426615,4.93015982493523,4.90820907267105,4.89674518892164,4.87723247035549,4.85906061609395,4.84439073745286,4.8266870502765,4.81121925437628,4.79667358975162
"75453",4.11973650689061,4.07332496233099,4.02833221956922,4.01477922683635,3.9753009553729,3.94639885958051,3.92010048276705,3.88907802930559,3.86487057077791,3.85943125052419,3.85095256962445,3.85687556674906,3.89518024679783,3.91449284048287,3.94120708594957,3.95199230725912,3.97368346323712,4.00505875837112,4.02507086232512,4.01827340781928,4.01509587360724,3.99372968675415,3.94334955430321,3.89101071543641,3.86522287414588,3.8429816807918,3.81400565880279,3.7731802166846,3.74362925625597,3.71253653433145,3.66698061022615,3.63595552101279,3.6034366542551,3.58548760209588,3.55290307479373,3.52186400646444,3.49571141302659,3.46668399518796,3.44051074007487,3.41730774040729
"75491",4.51464517717064,4.46453853277526,4.4114103303747,4.3927419371747,4.34341359348807,4.30693260317567,4.27595607872975,4.24245389214724,4.21637242435572,4.20635754622612,4.19251697286711,4.18358762880583,4.19174060734108,4.17666318784188,4.17180010761949,4.15776911020062,4.15577571335502,4.16376214184571,4.1663127527595,4.15412910503139,4.15186376936407,4.14607713442897,4.1223892823963,4.09682707320995,4.12636710016283,4.20961585852378,4.30019094145021,4.34490069345726,4.35740248441084,4.32295502439616,4.25075568262816,4.21495095060992,4.1764609408126,4.16411280160237,4.12779778979201,4.09239643708105,4.06875718210926,4.03578309167403,4.00334167504328,3.97328712750918
"75571",6.19870947855097,6.13197514759881,6.05961384177202,6.0284951050389,5.97017183510806,5.92226209969797,5.88309511231124,5.85497217713079,5.83812940951433,5.84290218702956,5.84081072190976,5.83708886886203,5.84840722536457,5.82578701405007,5.81970659179265,5.80316639750463,5.80137538482596,5.80542848175068,5.79755377570344,5.76611188964701,5.74020727215348,5.71152847234517,5.66563678542112,5.61450326182513,5.58963976495944,5.57225067829155,5.54359572467371,5.49907583328366,5.46834611175125,5.43620656271092,5.39025236130361,5.36082361142063,5.32422230911821,5.30656929991183,5.27420926071482,5.24798643463607,5.22378951504531,5.19643743075917,5.17958351831777,5.17366254582453
"75591",3.68512382208505,3.64372153836128,3.60168018410271,3.58079781216817,3.5492498710779,3.52579443661497,3.50810158153841,3.49586750994704,3.49166362879757,3.49967783104427,3.50689749698142,3.51890299137413,3.54045773860805,3.54663928281661,3.56629397757757,3.58127490369984,3.60794307189277,3.63778305071046,3.65931267047885,3.66227448707049,3.66556528245351,3.67305086704002,3.66562777372626,3.65818045433294,3.6768015772219,3.69961605527649,3.70655593779437,3.70778932737036,3.72052113108123,3.73412661498153,3.72666144391651,3.74160087301407,3.75497451716405,3.78928168072401,3.80670554212218,3.8180736854137,3.84362015855557,3.86155910368059,3.88102208385537,3.90379208749411
"75691",2.74192904414278,2.71336542076814,2.68551202998679,2.67084471333157,2.64674181792909,2.62631464848311,2.61069883522878,2.59965914264926,2.59366409361618,2.59589022998213,2.59858543474104,2.60578281837396,2.62140291137364,2.62706606655632,2.63837914738838,2.63917317000525,2.65147536539991,2.66622710261438,2.67752818206075,2.67791445964438,2.67665026257421,2.67352087049978,2.66237160117744,2.64890502294362,2.64980216067996,2.65428354104796,2.64952015652524,2.64113026075466,2.64021618023055,2.64188707022388,2.63504849354434,2.63530343383094,2.62789673150437,2.62507623002425,2.61361469150105,2.60402874161296,2.60067941422025,2.59741789416044,2.59721570341268,2.60029156936397
"75711",5.10748166445175,5.052930587788,5.00101674102955,4.97017887165689,4.92053223411977,4.87915446435138,4.84202888141316,4.81111713818607,4.78737433628116,4.77153159481622,4.752794705947,4.73942640273668,4.73989239784948,4.72752576873145,4.72463080985522,4.70908451230458,4.70891891106423,4.71190040168692,4.71081151773493,4.69630143625008,4.6746457422201,4.64997668904034,4.61887564993476,4.58817316336981,4.57536051609861,4.57075643765527,4.55716353573245,4.53562013507237,4.51600967727844,4.49364179847503,4.46278467051879,4.44203426166539,4.41897196761893,4.4059748984779,4.38720451329548,4.37087562610154,4.3556559522374,4.33510243239767,4.31536369583861,4.29721281952332
"77473",3.07257252203074,3.03843822361045,3.00559859078833,2.99554471345454,2.96536429355498,2.94343944830038,2.92286877807892,2.89700023364164,2.87596023205534,2.86621786052061,2.85410287215565,2.8465174497559,2.85133307543245,2.84367466708888,2.84202545424346,2.83823394578813,2.84394165544171,2.86178101004751,2.87948222790351,2.8908444279013,2.91112735367149,2.92905614565161,2.92942056727412,2.92355707507827,2.94357180434939,2.96936595559635,2.98791661128462,2.98921171274522,3.00918512387683,3.02796632170371,3.01772195109654,3.02899261708996,3.03583451692544,3.07399970901032,3.08160831235016,3.09356896850331,3.12696766456295,3.1586310699322,3.19545505357632,3.23826806054809
"77591",1.29295534975165,1.27943359767437,1.26623507108465,1.25944954007775,1.24692128008071,1.23637196106938,1.22685782552254,1.21781935661694,1.2114064271399,1.20987990977786,1.20981861736915,1.21383250569402,1.22465962238388,1.23390882373374,1.25115263135982,1.27016078830893,1.30071641835996,1.33917269161533,1.37956392352144,1.41709119257802,1.45835971884831,1.52019038681778,1.55446489868979,1.59086769706054,1.65302751764343,1.72303889030157,1.78052632382105,1.84869587928601,1.91792439595904,2.00951339047684,2.0660837086165,2.12411722205318,2.18346475419397,2.2648691609805,2.33405330569851,2.38474064054998,2.46129653093006,2.56099410362561,2.67186978997058,2.77860762368059
"77611",5.72783060135397,5.66772948080735,5.60889680998509,5.57980059796927,5.52707618384316,5.48342749169041,5.44732213901433,5.41465825392165,5.39058847732373,5.38181305047359,5.37061039156278,5.38036118681034,5.41551845935249,5.43079102688774,5.45756335306857,5.46606383800157,5.4928076678662,5.51916186674247,5.52769918546191,5.51082896695006,5.49353827161472,5.44948805538948,5.38674445784472,5.32496056803313,5.29437694594409,5.27283531235027,5.24110513984925,5.20222292033431,5.1710945253965,5.13507992032311,5.08384613501142,5.04387903750104,5.0015757030431,4.96679825302981,4.92453773828618,4.88223791570381,4.84303240992225,4.80177089364773,4.76258349751626,4.7259733191434
"77631",5.86388158215681,5.80101283078631,5.7444604940204,5.71076400779142,5.66064652747927,5.625044562178,5.60096121343762,5.58370721043366,5.58021029503787,5.58741799329489,5.59100344701214,5.61417636132998,5.64762603796452,5.65953597616019,5.6777810537503,5.674875228549,5.70130792942621,5.72385879314305,5.73052168523331,5.7206198284503,5.67407544074104,5.63389887211487,5.5834322027732,5.53873300727383,5.5177624147839,5.50425916934578,5.47913899164403,5.45008106627998,5.42055624478614,5.38793907660439,5.34528325371456,5.31616348035221,5.29029132100928,5.27458924523358,5.25330662665401,5.23375096284522,5.21865334828297,5.19984486130739,5.18362838164053,5.16843834476902
"77654",6.69406609068533,6.62773879415946,6.5710912086298,6.53493271881705,6.48117545555412,6.44290272148838,6.4085240227329,6.37925518931624,6.36080502252197,6.35209720405695,6.34028389802466,6.36400721906976,6.40839797142306,6.43626158328241,6.46682451987558,6.46955486831808,6.50624705772391,6.53522499995679,6.54825604690311,6.53729866758348,6.51664936691009,6.44396451122324,6.36243510399917,6.29059407353955,6.24500897020336,6.20149334757422,6.14358357356867,6.08767048041062,6.03404224200571,5.9816413758709,5.9252906839116,5.87647172147698,5.83247569229573,5.79114315779852,5.74963483430399,5.708148663428,5.66752256761022,5.62643947517299,5.58904671820474,5.55316189292338
"77693",0.913402690953188,0.903551651089935,0.893726110333999,0.888296734962478,0.880517234626638,0.875309825328337,0.872406272733309,0.872951852100045,0.878324432001192,0.889988075551517,0.905848364207487,0.927377056227743,0.959931193444203,0.993221257889601,1.03938557053284,1.08467173760137,1.15480159562035,1.23029030651938,1.31430066771266,1.39060784101269,1.47030962792041,1.58981103072756,1.68501002966792,1.76382234963372,1.86394476507658,1.97225463897434,2.09472382559783,2.26415808680867,2.45690226502488,2.64577980115952,2.72225294506587,2.74137592885139,2.67521159445045,2.56780743397441,2.46918568866559,2.38682932901342,2.33948818870685,2.30285126859632,2.27200124616663,2.24575658356192
"79491",1.8353618109487,1.81373637012568,1.79109342510485,1.78207178631779,1.76366182313132,1.75159112252249,1.74528328766855,1.74078283010367,1.74262577054699,1.75727203231978,1.77376902445325,1.80013414008033,1.83991570582003,1.86714015487598,1.90671184590722,1.94061957244002,2.00055586695074,2.07935970979604,2.154599494474,2.22276352734347,2.28457041915075,2.36372466716917,2.40316556789062,2.43614677114996,2.50361890795021,2.57952893592128,2.63251870853558,2.67799269748126,2.74270051964606,2.80843394584433,2.82614996243623,2.88604669581471,2.94920142602029,3.04896801372103,3.10010288253358,3.1325568495744,3.19783971240703,3.25446887636075,3.31226896063346,3.37251171291135
"79533",7.02882496290933,6.95952463410875,6.8906197389756,6.86615181171703,6.79594707558079,6.73862320077436,6.68970913573534,6.62770318482914,6.57411703089882,6.53112782356151,6.47995215438635,6.43347859624366,6.39624781489747,6.33903936920257,6.28987683141683,6.23583447279428,6.19106966347943,6.15407740655092,6.11480311167423,6.06800365559679,6.03014343699021,5.96542021931737,5.92557654828041,5.88846177861941,5.87609092307168,5.86924409127992,5.85585793020441,5.8243078465689,5.80062822684877,5.76928813076889,5.72312708928256,5.68720051536493,5.64896980835564,5.61898565324819,5.57998745720471,5.54064469621495,5.50433658440618,5.46563204762541,5.42818398759923,5.39339863573714
"79551",1.81798182064869,1.79807274058866,1.77784540354315,1.7688419707102,1.74970157428153,1.73452886323798,1.72302175289567,1.71307726763975,1.70876029110382,1.71589193490933,1.7261494415124,1.74363045561411,1.77094274544051,1.78753337127617,1.81379928886388,1.83624001875453,1.87288936467619,1.91910213503469,1.96155771491331,1.99361957774801,2.03205419840377,2.06605010002699,2.08268662894768,2.10584282376543,2.14815191186581,2.19808485243962,2.23057331583191,2.26025555826966,2.29881779540469,2.33851571781169,2.34599246931077,2.3873336855337,2.42594002328591,2.48613665888496,2.51557489725628,2.53584663945544,2.57759279070494,2.6098013341161,2.64419902624627,2.68126345335893
"79571",3.51568686457425,3.47923508511008,3.44219987813501,3.42641500718229,3.39069461680324,3.3607495619538,3.33587206789947,3.30951048519999,3.28688136449078,3.27469541741829,3.26051691660822,3.24897289847935,3.24855328359753,3.2353601227063,3.2288681505067,3.21982333520274,3.21930241681912,3.22629735435284,3.2311885631043,3.22723499769359,3.22957644564347,3.25211284585603,3.27236503688329,3.27165254346438,3.27528435621587,3.28227673824426,3.2791747806828,3.26595846526324,3.27161240693532,3.29558657198814,3.32240597500457,3.37707449269429,3.41272352338455,3.44038351765831,3.41634315486378,3.37497827184921,3.3438051935344,3.30774678408228,3.27414951095896,3.24274259485087
"79591",0.895933795415809,0.885603443885686,0.875249545864525,0.869558132763225,0.86095081024133,0.855370679090921,0.85312541084406,0.852917887982813,0.856910028898649,0.866703580149262,0.878258716304797,0.897349920553007,0.926738935806997,0.95820359832186,1.00360392149511,1.05224838803285,1.12386526117572,1.20821831188941,1.29461644572317,1.37799686587456,1.45748981925054,1.56252542741532,1.63731239294286,1.70405162401236,1.78869428575177,1.86544893400351,1.91121008838591,1.97521731859767,2.04444913741344,2.12289597622664,2.16499854861786,2.24232944203994,2.32643912091467,2.42101407244364,2.49640660562833,2.54491282856115,2.62025923033812,2.68588333336812,2.747839402866,2.80718527950264
"79631",3.73418545254268,3.69561706475346,3.6609175282671,3.64125324775413,3.60891855073653,3.58425307465196,3.56448580961073,3.54689324507582,3.53570139395375,3.53163760999139,3.52613757651833,3.53595158557283,3.55871081065474,3.57050833963504,3.58605983462368,3.58715159253389,3.60433162196843,3.61921352567959,3.62314098785882,3.61616574831254,3.58457489530126,3.55470987976239,3.51870208002942,3.48495730417433,3.46668526446088,3.45304535427739,3.4330709125844,3.41100458350434,3.39042554538342,3.36706223308101,3.33672934054165,3.31253422156054,3.28898380504959,3.26945969387285,3.24781992578983,3.22818353027338,3.21019563358569,3.19010873850831,3.17039988639935,3.14992523640067
"79651",0.532738750051448,0.5263534345929,0.519445687966756,0.514559543874195,0.511543159129329,0.516110536856516,0.529811404465507,0.552959706709958,0.590015332250076,0.638160665493965,0.696491516215021,0.779952086523125,0.854844386523657,0.908792166496501,0.955883755067587,0.97928372177315,1.02231881360555,1.04995302563713,1.06737361548143,1.0710005479427,1.04251219350893,1.03020695218083,1.02113319360989,1.01967013926553,1.03395082039533,1.04768273001531,1.05210076929337,1.05928526498281,1.06753578094373,1.07780024154892,1.07850703979402,1.09009406383402,1.10411327921024,1.1218068681928,1.13421322346216,1.14544092408646,1.16458702139743,1.18277096063231,1.19714527814932,1.21109732992254
"79671",1.9785463957987,1.95820401727008,1.9400374932483,1.92962104481796,1.91502736524405,1.90643402567372,1.9010925436975,1.89830040103268,1.89875441538363,1.90316308287233,1.90647815878138,1.90806294655668,1.91362609229912,1.9124772012068,1.91564816098259,1.91364229973439,1.92150451319786,1.9309119964317,1.94016504121997,1.94491359386395,1.94992405171861,1.95868249220201,1.96198639391407,1.96104329389909,1.96849953503141,1.9768560877055,1.97756716558,1.976372365958,1.97962242584737,1.98461000756485,1.98122470139911,1.9836650470974,1.98435110297854,1.99053481108233,1.9913838151153,1.99218855375953,1.99729071092896,2.00121611615165,2.00562568965615,2.01048141342562
"80691",5.31490339587547,5.25827712672403,5.20592390258754,5.17458493790629,5.12606001991063,5.09212611230536,5.06289056174787,5.0373252948301,5.02014404933885,5.01189686420024,5.00261685024917,4.99216766828687,4.98946364685681,4.97299543406808,4.96401603341349,4.94287990239284,4.93820614063198,4.93525676965002,4.92771888003601,4.91416073221136,4.90051885053587,4.88309459336754,4.85991073319638,4.83768708792289,4.83283858358464,4.83161173404661,4.82032965849854,4.80231415315777,4.78930698071033,4.7758365070581,4.75209819594008,4.74147490910837,4.72801615976157,4.72450709573267,4.71034480616987,4.69863091992285,4.69042898167437,4.67839369151863,4.66574755017635,4.65415113317069
"81531",6.95403888316002,6.87874840806743,6.80538282141385,6.77385911728728,6.70162973715835,6.64415237086701,6.59468599496471,6.53829641787925,6.49212667714329,6.46392420324612,6.43153040485841,6.40366718555615,6.398279510545,6.36709128459237,6.34315674749128,6.31055058188017,6.29044487921611,6.28085494098745,6.26263287150979,6.22818994002564,6.20114664632801,6.17484854845269,6.1303392044938,6.07936920307634,6.04741224927203,6.02131343605085,5.99327358042458,5.9530467891317,5.93195699139197,5.91258359693547,5.88397985012048,5.87646527420027,5.86714698979843,5.89145838910149,5.89462875604619,5.90794446412739,5.93063601126384,5.94763516852266,5.97208918901801,6.00575768928292
"81573",4.00338834885472,3.95939080931474,3.91686566716679,3.89521336219246,3.8537012908223,3.82173583979653,3.7970870017811,3.77184879047313,3.75409202722518,3.7478003081201,3.73876283490923,3.73350855283273,3.73839544828944,3.72648221704829,3.72098884926249,3.70811439523999,3.70649689893789,3.711329901268,3.7102624168386,3.69893590028649,3.69782081911928,3.69371791594212,3.67878323633373,3.66205495679802,3.66692212239366,3.67972726190261,3.67986323162364,3.66774785193791,3.66548374359081,3.6633868473889,3.64713910408519,3.65164917446782,3.67968385597276,3.77138311452568,3.88100221703744,3.98764171743856,4.08777839227946,4.14401887048848,4.1679879077673,4.18907226185088
"81591",0.24819476064472,0.245152058683697,0.242141845054843,0.24014195499225,0.237881779839504,0.237147012215144,0.238737170734117,0.242704724246015,0.250993381525383,0.263767171608615,0.279874165536142,0.304555445153969,0.33688305733352,0.372757272264966,0.417670778583461,0.462347100015569,0.525700390211355,0.593493774025475,0.6599722323521,0.727146680040147,0.786074413308966,0.874415730370886,0.93003111456463,0.969876412935576,1.02652111536294,1.08247362464216,1.12082706137436,1.18280249248981,1.25069986975213,1.32978118903284,1.38013685967612,1.45403679024184,1.53931093075846,1.62345229647826,1.69365006989787,1.74363012235323,1.82176207922832,1.90269800023596,1.98654728107491,2.06182434844109
"81671",3.04485215713008,3.01302111704783,2.98389002967452,2.96680119506855,2.94117141297071,2.92387324255324,2.92095962526383,2.93153164950874,2.95148961831271,2.97373050018455,2.99032289176843,2.9665778591453,2.94933808617516,2.92305491913622,2.90480940153699,2.88052691499823,2.8712578106398,2.86497597549044,2.85980974244966,2.8546982669033,2.85282520488495,2.86396997315114,2.87169016893346,2.86964602869007,2.86733604530768,2.8657192249457,2.85719402573819,2.84813817674971,2.84702093709307,2.84914647868345,2.84548528530966,2.86850182668304,2.91282720185173,2.97597379639262,3.01960186108169,3.0334491567888,3.03175058244399,3.01076700719731,2.97900804722902,2.94772428834039
"83491",4.50982011690332,4.46001266756714,4.41324032798745,4.39297881539282,4.34809553133704,4.31193131473486,4.27945931960858,4.23981642605659,4.2074754079697,4.1848049534769,4.15877725027782,4.13658854045264,4.1236924875029,4.09649795013873,4.07325713394596,4.04740011714131,4.03018519982639,4.02351915821268,4.01611962521391,4.00178449326419,3.99685637233779,3.99411447146468,3.9903254654943,3.98571590988798,4.00330550785543,4.02722583490985,4.04052245333951,4.03143143428075,4.02748151205325,4.01845751019374,3.9910942574019,3.98007614776897,3.96656800276472,3.97372692672347,3.96278131902657,3.95311997302182,3.94877794783903,3.93941102975347,3.93323787423989,3.93083438292853
"83571",3.02233133097197,2.98895352928513,2.95693977462314,2.94005526497969,2.90935407666781,2.88576080767838,2.86895517026642,2.85290641942048,2.84386486020981,2.84579988289679,2.84807997298973,2.85665160292341,2.8752147349639,2.8788813318289,2.88731567867517,2.88673914233355,2.89803173483895,2.91411941153763,2.92245030051788,2.91967441424346,2.91793939544649,2.91924439727671,2.90940461491325,2.89641994847049,2.89753697041293,2.90234071889352,2.89881148908931,2.88828995094748,2.88544856308549,2.88184732432552,2.86510478140659,2.86128707042298,2.85719627345541,2.86659148062402,2.86250738937308,2.86257043016311,2.87247305191507,2.88355817598187,2.89854542667854,2.91735190057343
"83591",4.07896172927737,4.03386644504931,3.99320609881881,3.96578857320064,3.92522108525572,3.89523779548223,3.87440739023701,3.85505762653951,3.84402930041948,3.84218500015964,3.83931525651298,3.84067273964939,3.84941792279334,3.84589246714862,3.846817459328,3.83996605171618,3.84625417738845,3.85663005300892,3.86122822394142,3.85826679183261,3.85632448032973,3.85707574246347,3.85262144094747,3.85079935720718,3.87401479356232,3.91669159831575,3.95785274492225,4.0014886302327,4.0419589159556,4.06312058186197,4.03271553777871,4.00009244777242,3.96201770053573,3.93317369283112,3.89573487890047,3.85816695214839,3.82841803992775,3.79710088939614,3.7684710086537,3.74105798072207
"83672",5.22562233955861,5.16890102826623,5.11643320771071,5.0820519893979,5.0321989315674,4.99822981696161,4.96641034137946,4.93293903342366,4.9099811411532,4.89611308869131,4.8822715575604,4.87685914652139,4.88229167844671,4.87594512874494,4.87712341802219,4.86429150640619,4.87061578164815,4.87671639849441,4.87564991199277,4.8671301410315,4.84229492127981,4.81716368629329,4.78496763742107,4.75393769347442,4.7410453114268,4.73300376426363,4.71729954629207,4.69840991250104,4.68787831848951,4.67791442076141,4.65581745382315,4.64605648587461,4.63400799742339,4.63023806378227,4.61228885669063,4.59226507888297,4.57430595943735,4.55190102768863,4.52852674957808,4.50604424068745
"86531",1.60717085743393,1.5889045066891,1.57106852645431,1.56051191776909,1.54386127793015,1.53249974239074,1.52543446745228,1.51959948574401,1.52159449380546,1.53230606840482,1.54596771612747,1.56621414504552,1.59245033797079,1.60665654583561,1.62678125259187,1.63948809268173,1.66389850808814,1.69655034983336,1.72115898002888,1.73923288333855,1.75321348850199,1.78007030505879,1.79328480901483,1.80801815713696,1.83791246270214,1.87146250876199,1.89517047775274,1.91604113102975,1.94412013514033,1.97186234801491,1.97991044674044,2.00396111761899,2.03599919888721,2.08015508146873,2.10255082899373,2.11722996756095,2.1447566169082,2.17232261125655,2.19924036692671,2.22252037094483
"89391",1.90586446344574,1.88330523964784,1.86155004148663,1.85118903151434,1.83295550716757,1.81822258422799,1.80663843553166,1.79360364607012,1.78392020082834,1.78226421038366,1.7812624237071,1.78318536953705,1.7920378060539,1.79044633906192,1.79106969291317,1.7878206593431,1.78927860573715,1.79686082378984,1.80194145955666,1.79995006256039,1.80793725356554,1.81160842622842,1.80806768459461,1.80610213586855,1.81291133731195,1.82218864108271,1.82892760935107,1.82970906314189,1.83878799711832,1.84471326630418,1.83733158802438,1.83545556612193,1.83404980965108,1.84442197082635,1.84455899170339,1.84268960313796,1.8459251429354,1.8491063478941,1.85439240043245,1.86027580354532
"89433",3.62019149204486,3.57720478818949,3.53574775615158,3.51721419430294,3.48146862661172,3.45302945563761,3.42972976724942,3.40199420681323,3.38187366163886,3.37469025211661,3.36532546093975,3.37558589410177,3.41635495264163,3.43951107357617,3.46943991634224,3.48329996276404,3.50999077881753,3.55532537356172,3.58668702182906,3.5947256667258,3.60147589493408,3.57196478122443,3.5207206775157,3.47601152571782,3.45069248746131,3.43009744001575,3.40271663757312,3.36838109924615,3.34588312156545,3.32226249357756,3.28669259324328,3.25932439383248,3.23275805522776,3.21823114991688,3.19428765289329,3.17234364995516,3.15397590203034,3.13668128060738,3.12287900996319,3.11274892625043
"89471",1.17998529032607,1.16651388581841,1.15367071678065,1.14744006892959,1.13585731767857,1.12689829361794,1.11984688967659,1.11222772073787,1.1082436289217,1.10924140963256,1.11097875425337,1.11484556071819,1.12438579336785,1.12753031155762,1.13328545322701,1.13701164076803,1.14641252564206,1.16298896542307,1.17772280230401,1.18744156707645,1.19700980623502,1.22502458076726,1.242705386105,1.25444218139019,1.26863955690267,1.28423971858807,1.29258998655228,1.29732405013254,1.31120475857117,1.32487752102537,1.32625719646397,1.33842849431859,1.35827510053973,1.39215435022313,1.41488570634208,1.43424389590817,1.46224326698093,1.4979577287216,1.53815102728334,1.57589470588584
"89551",1.50530244227191,1.4898581648738,1.47503414468198,1.46612395722164,1.45097634945411,1.4391716280031,1.42903799398004,1.41781670767739,1.4106846638476,1.4076675122193,1.40459151400606,1.40401270646232,1.40825243485846,1.40761120611894,1.40966588239958,1.40889349990621,1.4139162663448,1.4223337480455,1.42765115787714,1.43009453003593,1.43252866316994,1.4378118973085,1.43794311639378,1.43903040838362,1.44750243843355,1.45755553173657,1.46441155525244,1.4676232143483,1.47558996034855,1.48344494274042,1.48228407403277,1.4895252378931,1.49884119811945,1.51632229843151,1.52417873587293,1.5313838305694,1.54329973269181,1.55483215490279,1.56659119926071,1.57807337836058
"92531",2.49860186903912,2.47300148911877,2.44855023140362,2.43471008131604,2.41024572438672,2.39129788519708,2.37508407159812,2.35596877529013,2.34379436570756,2.33811394186991,2.33133035842578,2.32728612256826,2.33110635722579,2.32657055706664,2.32548915492335,2.31977321730497,2.3209095324513,2.32726150470102,2.32973641155613,2.32652587798478,2.32487380232401,2.33567095565554,2.3430022406294,2.3522542793217,2.37305183931208,2.39281799795373,2.403129951926,2.40182684844985,2.40454731076492,2.40313453732305,2.3856684686456,2.38102178990477,2.37966146344776,2.38982960159878,2.38691969264023,2.38250786037805,2.38047945288227,2.37614209722456,2.37159075040632,2.36713557156
"92571",3.13635587976871,3.10440890571978,3.07412953009912,3.05593381971676,3.02566602675788,3.00199038329819,2.98190160787446,2.95968225032223,2.9468162813487,2.94129902237154,2.93379024051956,2.92821653186933,2.92988481277189,2.91910789895341,2.91170795254866,2.89934074442688,2.8949661630884,2.89256369266155,2.88366816596441,2.87021209749665,2.85663138015281,2.84442207840571,2.82438571516457,2.80582175866381,2.79724844335726,2.79043473103458,2.78227292296225,2.76842100138629,2.76056240070706,2.75228764935208,2.73627770443109,2.72767296514287,2.71821331358207,2.71904774023478,2.71072604193188,2.70580783742577,2.70292839960396,2.69822379324608,2.69446838593172,2.69251486648613
"92651",0.611279078929457,0.604553873216709,0.597915004058915,0.592564194097563,0.586347125584236,0.58267449198583,0.582453007635105,0.586806462050555,0.601436972921302,0.627201170262425,0.663109134559038,0.709548849958155,0.763556984836149,0.81832005259678,0.881130802412155,0.941041299259285,1.02473883395526,1.10899561823909,1.1968878905063,1.28233288945898,1.33941706299884,1.52895108205807,1.67227544145743,1.79456169699437,1.88506615161515,1.94221546467653,1.93652657819175,1.92031321831652,1.91608819737613,1.9243837919866,1.90968329297767,1.91906250899149,1.94590329550746,1.98426912293504,2.00294894069758,2.01363733811353,2.03322205902948,2.05585032867904,2.07582402850378,2.09199223526179
"95432",0.840150635885215,0.830504078192641,0.821413227687865,0.816509882638524,0.809129930439146,0.803199990346998,0.79929472399611,0.795434613051116,0.794715958781607,0.799051911786914,0.805193136211128,0.8135775923563,0.82806932808782,0.837634698396317,0.851901952541591,0.864222954215258,0.881578439306675,0.907017069309867,0.933128313470222,0.954920932557136,0.972378480957717,1.00177263113478,1.01801054750252,1.0395833923379,1.0682513106246,1.10000745539158,1.12037122977627,1.13921357561081,1.17041444766676,1.20267698911381,1.21498205319926,1.23488651616918,1.26864972484413,1.32536350172318,1.36938116000631,1.39686011338086,1.42494071941432,1.44952921888924,1.46636912112866,1.48379265153753
"95551",2.08896429752864,2.06722904111447,2.04699694120456,2.033187320795,2.01426924711439,2.00102969302459,1.9928753932768,1.98363524376707,1.98117634773742,1.98405542485397,1.98514306843358,1.98745228403906,1.99616704827864,1.9956616746523,1.99867205967423,1.99575712109398,1.999086282915,2.00473533786585,2.00823807598192,2.00626844913683,2.00310671753885,2.00644512923415,2.00480943120309,2.0057835673547,2.01738812612722,2.02874353002314,2.03266287258739,2.03095734613885,2.03428495452862,2.03733420999054,2.02855306059247,2.03019206341865,2.03383917675986,2.04505996083125,2.04755914198561,2.04933012873917,2.05566169185115,2.06029018292776,2.06528930838426,2.07031758326693
"95591",2.48660237750415,2.46117854420444,2.43768405300959,2.42162674452002,2.39761962391923,2.37887818293515,2.36307454436961,2.34433896652314,2.33308297285058,2.32571785754583,2.31657776710459,2.31042250431905,2.30886424854432,2.29865290128279,2.29280543420232,2.28313626709691,2.28051770408518,2.27969121996523,2.27847877589637,2.27357965049608,2.26732267847573,2.27040450969203,2.26857739378587,2.26459882521559,2.26559298752042,2.26706675406176,2.26491664544745,2.25967391515517,2.26007187272118,2.25959890489992,2.24940471440637,2.24813404777891,2.24761492598218,2.25498296298321,2.25204099028392,2.2515316844762,2.2556873877078,2.2602965130815,2.26616419312005,2.27285723855431
"98451",2.15928154847333,2.13577887237454,2.11499064558086,2.1028504875102,2.08412785753457,2.06813652734618,2.0588451613405,2.05465809502385,2.05939825440599,2.07152601713989,2.08067385396222,2.07415112744646,2.07455309726302,2.06209170574463,2.05524466052289,2.04290047604383,2.03526604949664,2.03518419760534,2.03463011258039,2.02960077445303,2.02668350213153,2.04151208365499,2.04905548866573,2.04943997546169,2.05514530341498,2.06174656480946,2.06600335482649,2.06624229208158,2.07783326110648,2.09132780802505,2.09062873370871,2.09777097661321,2.1092251691203,2.13338992642,2.14451491578046,2.15442801498402,2.17100857277411,2.1875290040534,2.20156819070233,2.21633813748494
"98491",1.27563883308325,1.26196532122659,1.25021645028878,1.2422751019124,1.23156696245268,1.22300048810526,1.21650707836278,1.20918526601085,1.2058497407379,1.20618218768,1.20649752770297,1.2091350936464,1.21780951761149,1.22420896656713,1.23560141278336,1.24618394562018,1.26284628828316,1.28742227143717,1.31541084609705,1.34058571214838,1.36303689915831,1.39814933550912,1.42361395126996,1.45399862289525,1.49879117973555,1.54404053573045,1.57430433026165,1.62542581015663,1.70873135910888,1.80149880450232,1.85430147460299,1.89143994554278,1.92374429923414,1.93550660691373,1.93250856583107,1.92109945907768,1.93683620481357,1.966315065526,1.99526174793043,2.02327650038851
"98611",1.71712005877611,1.6991772696547,1.68189701144788,1.66859847774551,1.65044715035222,1.6366360435121,1.62355722389691,1.61100062560447,1.60497327443059,1.60472646438067,1.60699180691268,1.61697470192504,1.6318205165576,1.6471592989988,1.67257405014902,1.69578907769804,1.73868175928274,1.78154000015612,1.82749469069192,1.87299458712833,1.90677351646338,1.94620691256122,1.96978651678697,2.00549729787691,2.05373515260158,2.10369781932422,2.13884967776595,2.18426142725598,2.24169404331536,2.28842791333866,2.29936622469287,2.32956839386073,2.37472567151397,2.42832228265586,2.46323764922888,2.49976888598692,2.54541822090495,2.60341952679189,2.66842587483586,2.72667854914076
"101391",1.48513147902363,1.46918238993559,1.4549558385891,1.44595429651902,1.43386295969035,1.42468276928653,1.41842708988666,1.41149929204638,1.4081564561501,1.41111489878124,1.4159918460489,1.42216529299495,1.43259696354181,1.43489156752433,1.44120265197006,1.44521860680208,1.45081148362166,1.46221741165438,1.47172310887851,1.47423216719018,1.47435050375929,1.48720780447856,1.49140965324397,1.49777236450416,1.50892171629958,1.52064868684951,1.52864988459176,1.53564539534292,1.55128968787029,1.56920617185022,1.57749186346075,1.59135198163361,1.61183430165782,1.64364207699204,1.66340574634939,1.67968262803157,1.70455420862656,1.7271087661365,1.74628199528805,1.76722948642104
"101431",2.296681176849,2.27251459299268,2.25190132171734,2.23875547840003,2.21995489168671,2.20495485316627,2.19378166053794,2.18120490611413,2.1728702135875,2.17042264709529,2.16741714480719,2.16708654753436,2.17240779984392,2.16818992829775,2.16844979880886,2.16407421927173,2.16172237555661,2.16451896657777,2.16530350627839,2.15858206904127,2.15142977217092,2.14686401939542,2.13414646038595,2.12436754190632,2.12274219259756,2.12160737200436,2.11888072309473,2.11176417845638,2.11091040669243,2.11091808800014,2.10329025869572,2.10063842468104,2.09935089662867,2.10864978589241,2.11017899117906,2.11211348121671,2.11998151413907,2.12820321030028,2.13713035349411,2.14804052966368
"101471",1.57158894687782,1.55487718243242,1.54063620126626,1.53115471788394,1.51850190153587,1.5082576924626,1.50095174604169,1.49276688435232,1.48870987948153,1.4887361084627,1.48865695003894,1.49040739253727,1.49647246031577,1.4966659139306,1.49955028751971,1.49876912713488,1.50067594297113,1.50631148243756,1.51154568903286,1.51154936623615,1.51002013409933,1.51344543648955,1.51100997330212,1.50977145139317,1.51575421176658,1.52084983012173,1.5227980484434,1.52245666373849,1.52749093108117,1.53348529306917,1.53167051746375,1.53393956206171,1.53908159648729,1.55284729622927,1.55954586894958,1.5636145919333,1.57110693924993,1.57764389194017,1.58321063477507,1.58996448152614
"101631",2.29287793737961,2.26928910865194,2.24549726321972,2.22696194468777,2.2015474945095,2.18287530564486,2.16465650116437,2.14431556387896,2.13141870301534,2.12207096308458,2.1149320902176,2.11185991195237,2.11518164384762,2.11546791573497,2.11993796410818,2.12051840614362,2.13182456453425,2.14474004389281,2.15918115803616,2.17260840460834,2.18243692414679,2.19598842003778,2.20275068035946,2.21570245352017,2.24282700378137,2.26878845581203,2.2775999433409,2.28316794896801,2.29755459211944,2.31126862763784,2.31752949934322,2.3364030441568,2.36216374399442,2.4020629964525,2.43983519595191,2.47880071060424,2.51603342613074,2.54463231153764,2.56511905061591,2.58111668854876
"104411",0.891096235877538,0.881210942454365,0.872762143149351,0.866919458915517,0.859476585155779,0.854241013810066,0.851416288503169,0.84891864189038,0.850155107591993,0.85604114394802,0.863912694189278,0.87428277836881,0.889413129051521,0.901186948655498,0.918493032917542,0.934936049745038,0.955916696221368,0.983343942608223,1.01522056969761,1.03908871799771,1.05953462684819,1.11528715537137,1.15712743669484,1.20351531297852,1.25016293694963,1.28038302451463,1.28460811808705,1.29021100766497,1.29300415324233,1.29908718638304,1.29352763768115,1.29144909633183,1.30399787288368,1.32590694181453,1.33971144924037,1.35149388558363,1.37516174950632,1.40331399223837,1.43127552197442,1.46153445185381
"104452",2.65925244074931,2.63048428157122,2.60567395736671,2.58981265657507,2.56735434448517,2.54962235223159,2.5384657407288,2.52654533191612,2.52170197049149,2.52315037627206,2.52232085352077,2.52583151866649,2.53589779889252,2.53286777137397,2.53361972979045,2.52612778135396,2.5239391842654,2.52543523374139,2.52529351313696,2.51422741045052,2.50072521378695,2.48773912081125,2.46545718096641,2.44403705223326,2.43105966908679,2.41660762175246,2.39970929103995,2.38091219096007,2.36567993000466,2.35033258251225,2.32965682858664,2.31123279385588,2.29419798317043,2.28160149724117,2.26525718323785,2.24938785386302,2.23504750253161,2.22014194406053,2.20546646609259,2.19122842923702
"104531",3.58230007825743,3.54487397133802,3.51036377335011,3.48709437817497,3.45892292969879,3.43647441976079,3.4206846097357,3.39680957521826,3.38471082116002,3.37962007359531,3.37288968966424,3.39195105407958,3.43664669227191,3.4709614799141,3.51164105459594,3.52649896318679,3.54756310756349,3.56750409337652,3.57927469750783,3.57022394288529,3.55533544467596,3.52079538292934,3.47378936344579,3.43162367476821,3.40346174426717,3.37699418475667,3.34592839957595,3.31456077543067,3.29053232583073,3.26598024838118,3.23312340163064,3.20605595797369,3.18016031153588,3.16180945081573,3.14022284585047,3.12343111681525,3.1087112060523,3.09019510328387,3.06883526805091,3.04746827804128
"104651",2.50156720816088,2.47578235117721,2.4508227517706,2.42830723763782,2.40096421720688,2.38105846970419,2.36078515481172,2.3381387115514,2.32365303970395,2.31019597275823,2.29754437913207,2.28927128181043,2.28645925011127,2.28119466571605,2.27741124845778,2.2698503649016,2.26931040282116,2.26796142315214,2.26820530173211,2.26667984945381,2.25753020199764,2.25614210001958,2.25059977589684,2.24288644778696,2.23612978185412,2.22897658977615,2.21778013637859,2.20749080515068,2.19958225288132,2.1909907670288,2.17954922249282,2.17176604435399,2.16883606055502,2.16933935139912,2.16542398228176,2.15913690642165,2.15303899700542,2.14633828287271,2.14028839887694,2.13426952382565
"107431",2.02273756193775,2.00113879361025,1.98142710904729,1.96939911296187,1.95059024616727,1.93603468617572,1.92760416612879,1.91696728347415,1.91190322337706,1.91546579890991,1.92085295348117,1.92944342470709,1.94629711077029,1.95192813498197,1.9607478674921,1.96629248641132,1.97734346975514,1.99404788089754,2.01022428153511,2.01503361791455,2.0174523990532,2.0252421550124,2.0247135584069,2.02726290601278,2.0411989910636,2.05417390590473,2.06144072098609,2.06823519220447,2.08108198814891,2.09494914425611,2.09671756119509,2.10231097362734,2.11653278286552,2.14290986933558,2.15367058260073,2.16186800799111,2.17701206326113,2.19217818316359,2.20327475328076,2.21759289611569
"107511",2.91911308005538,2.88828981551981,2.86057139788457,2.8414079053603,2.8179138019637,2.79933649895838,2.78518715502846,2.76421971906971,2.7537579514442,2.74739236634078,2.7374588458226,2.73032269481848,2.72935560786456,2.72027298253224,2.71666072346717,2.70597871113751,2.70052827998407,2.6989748629387,2.69702153929534,2.68934876294405,2.67814659057032,2.67234380282231,2.66045091883863,2.64969082893306,2.64662868449165,2.64402507717596,2.63817098102193,2.62913570933542,2.62653183755726,2.62354809326819,2.61208687050111,2.60582491653299,2.60180381228402,2.60589556542276,2.60050770103528,2.59668022857736,2.59474594849226,2.59074168933324,2.5852798337306,2.58195132449978
"107551",3.49451792539183,3.45833706075024,3.4251622120936,3.40147971089936,3.37216898860085,3.34923744889259,3.33154402265032,3.3095037403035,3.29883497542596,3.29397075120509,3.28618851074794,3.28722000016798,3.2989355389287,3.3014395566535,3.30936369831814,3.3036871361404,3.30534057883023,3.30828277881027,3.30897125881573,3.29881205698247,3.28369774317431,3.2615171998081,3.23008694703395,3.20144816574681,3.1809810942874,3.16091767231515,3.13688864099479,3.11228692277096,3.09189498268114,3.0709813387863,3.04571478225755,3.0254158632111,3.0076176471275,2.99357681995422,2.9736196386259,2.95344508224542,2.93398477573768,2.9125814426033,2.89059526757908,2.86955281095981
"107632",8.26338208622236,8.17467666889,8.09097585559505,8.022099364072,7.93040759096049,7.86979066748989,7.8322483110381,7.84018079975169,7.90618149906976,7.97882020001075,8.04236331052154,7.94737922703415,7.8779064430513,7.78764727135078,7.71396440174574,7.62622763617241,7.57373705403818,7.51459218740603,7.46461645976365,7.40537836383995,7.33049405282365,7.27937678171961,7.2201706155813,7.16376821316466,7.11584926718114,7.05386276338995,6.98495917540146,6.9256595857893,6.88116870258178,6.84082770577641,6.79966116107573,6.76028848697796,6.7259250946591,6.68619650306649,6.64393781934957,6.59836018394354,6.55540693876883,6.51417234574298,6.47437564801844,6.43169007034438
"110371",3.45594547108023,3.42128226598879,3.39036150370683,3.36819556849226,3.33927177704361,3.31632291940098,3.29812858986076,3.2781336446693,3.26559101375883,3.26221040345363,3.25764601934925,3.26500667884245,3.28362828086581,3.29345887096182,3.30408978958353,3.31297683913645,3.32571265504534,3.34487893530665,3.35985986150605,3.35801447532208,3.34696332873306,3.32894731593368,3.30346771546889,3.28254159687155,3.27213333703863,3.26045564175921,3.24056133960614,3.22306375117192,3.20958174388886,3.19615647194451,3.1766628898715,3.15992882578283,3.14733460463877,3.14253434662336,3.13343227873433,3.12395584519261,3.11806619792252,3.11033787018008,3.1008701691322,3.09116631135364
"110452",1.19811554631458,1.18506748606616,1.17296263452599,1.16482367491779,1.15421516940534,1.14718314738301,1.14415901110356,1.14082320457689,1.14225814109107,1.14830575121125,1.15459558702936,1.16567500238814,1.18450728225626,1.20022378402684,1.22280558220455,1.24512543663398,1.27615143926246,1.31523367802044,1.35993644291421,1.39977269372692,1.43189442012062,1.47642338259253,1.51031046380076,1.5474721176096,1.59882642062384,1.65483147433642,1.69318483986947,1.74386889859742,1.78782690565943,1.82177597081705,1.82779578709465,1.82042560909847,1.83595584401831,1.86249349682615,1.87726777617994,1.88990754593987,1.91087198302028,1.93701194986214,1.95654415898844,1.98096813291277
"110532",2.01932847988074,1.99844072506938,1.97863158047456,1.9654906240592,1.94879325627522,1.93657437816571,1.92720804447286,1.91508467847485,1.9092164909356,1.90716847725611,1.90301941345913,1.90374059087532,1.91025388515649,1.91107752587102,1.91498915335225,1.91258889832628,1.91399542725948,1.91839696922839,1.92236797601682,1.92087586554095,1.91587862562534,1.91172506742589,1.90211894110098,1.89294320172505,1.88850664937588,1.88433345019632,1.87724440209227,1.86944847724045,1.86646861093262,1.86370124321576,1.85649639048836,1.85300006462205,1.85205194512482,1.85763236176844,1.85750600836682,1.85933810284342,1.86461712639056,1.87101046854633,1.8772559746854,1.88620665481945
"110571",1.9933553526517,1.97281171825464,1.95329758162235,1.93824916697827,1.9193611045365,1.90582259728977,1.89412391188294,1.87949754925186,1.87148976168576,1.86674432780711,1.860419477342,1.85775680844842,1.85957709176375,1.85734292905088,1.85857034381208,1.85633048697875,1.85951724090456,1.86608649114783,1.87395229141836,1.8783001809177,1.88099579717546,1.88887575056168,1.89193036515118,1.89910120774935,1.91125431973227,1.92405597408886,1.9302588021551,1.94047567241863,1.95552766459605,1.96959943688702,1.97721173399273,1.98600859963106,2.00520416919098,2.02839792392586,2.048394392081,2.06368141353523,2.08046876505091,2.0945030958625,2.10426536762494,2.11613477902808
"110611",3.58341452664464,3.54590427361657,3.51247273076734,3.48364978935908,3.44654519123577,3.42075004736497,3.39579088417309,3.36746383686246,3.34792667350441,3.33229877809894,3.31568282029762,3.30593027563709,3.30822576577783,3.30674307811268,3.30891792212855,3.30551537924929,3.30941993867084,3.30928377032844,3.30977115195778,3.30101579691854,3.2884180463012,3.26774712115082,3.24144902240868,3.21869863680653,3.20257927732633,3.18583987896881,3.16436081569262,3.14385066457806,3.12671165444276,3.10797976515618,3.08674146687859,3.06701408029098,3.04991774869068,3.03402581026225,3.01542666311515,2.99675490630706,2.97783605545677,2.95790634927568,2.93768127323574,2.91815312230595
"110653",0.517675863908946,0.512164349678567,0.507475640366327,0.503035362660603,0.497301371215231,0.493406295403815,0.489298143500976,0.485177559146967,0.482981735896919,0.482374110053797,0.483006574225659,0.486145349333562,0.492763991758185,0.500629767807406,0.51201407890316,0.524731845338141,0.545841357661252,0.566650230118772,0.594441260846433,0.621169216232918,0.646386475562619,0.681441188542303,0.708145284278383,0.733467101489204,0.764140271765234,0.792667381798238,0.811282327884446,0.842003872566672,0.876163669903107,0.906779208273749,0.935088608056937,0.95757097456566,1.00117169995071,1.03704420782618,1.0742674004596,1.10597209078778,1.13319266764095,1.16379874312117,1.19462460665603,1.22451828066971
"113392",5.95783203893061,5.90241132392796,5.85367553848487,5.81613245259305,5.76377772856098,5.72176675327352,5.68435235416389,5.63766232804074,5.60025546592866,5.56905910435704,5.53098905333903,5.4964382267016,5.46680898012651,5.42726486973722,5.38893147977904,5.34874584873704,5.31351410590824,5.28188114151592,5.24961099466506,5.21181037840285,5.17175375742735,5.13087231296004,5.09142633647873,5.0569892898896,5.03032940679835,5.00356473491202,4.9725368256547,4.93955975797106,4.90903561407442,4.87790408959118,4.84470691231852,4.81412602244835,4.7843929857668,4.75993944477123,4.73550872911718,4.71221140824383,4.68957758961166,4.666002734798,4.6435191077356,4.62116322411211
"113473",5.29655837345727,5.23927606847825,5.1908099115277,5.156230638293,5.10735372299432,5.07373382753956,5.09539719293995,5.16993279131114,5.30327598244076,5.45188124183793,5.56527877023177,5.46289655605275,5.39366880500611,5.29606295177175,5.22514918790867,5.14769699270962,5.0921977769453,5.04894613155811,5.00945644546995,4.9606415010948,4.907563122623,4.86803149890935,4.82518239898522,4.78683959647079,4.75376096752555,4.72116764370249,4.68043858686947,4.64467058009111,4.60774583160123,4.56876783621597,4.52800796157742,4.48717645957374,4.45498492956425,4.42434572471074,4.39414562021113,4.361244326432,4.32881314395183,4.2952440786249,4.26088877048183,4.2265103664671
"116371",2.94438444031098,2.91742887266602,2.89267275725271,2.87355107389326,2.84847890510346,2.82855468111253,2.81037549251995,2.78970563389807,2.77378225881127,2.7622386678489,2.74719664813904,2.73568255437788,2.72693162292772,2.71280775732079,2.69941169305553,2.68655043641108,2.67639520317321,2.66882082162112,2.66122353111732,2.64938623372102,2.63624214236623,2.62587646082928,2.6151822064064,2.60619048470961,2.60187868073151,2.59729047037188,2.58846531885354,2.57922748277689,2.57186822876983,2.56339909640847,2.5523826184204,2.54222287172525,2.53408867819178,2.52954545291517,2.52292216029532,2.51640388475106,2.51141992373227,2.50506806714259,2.49848859279551,2.49198401001853
"116491",2.96161588228944,2.93169491309912,2.90672878623424,2.88795534706693,2.86304916901057,2.84766265210212,2.83618154186779,2.82286426343827,2.82082641427586,2.82348603694744,2.82245147791001,2.83327128117246,2.84900732994656,2.85447598299079,2.86316940808917,2.86306602455409,2.8678724980573,2.87562818753176,2.8856779833902,2.88434764032392,2.87848552173815,2.85828193163752,2.83527288003234,2.81679995901274,2.80217085865532,2.78898315991573,2.77022025842997,2.75661432229544,2.74502760584601,2.7326973602889,2.71789404534873,2.70040045758352,2.68766255403773,2.67618493437259,2.6630618288921,2.64865190480156,2.63577839615581,2.62239301746541,2.60933891341875,2.59660342003521
"116571",2.11729750239605,2.09735683807906,2.07892386583105,2.06395493636912,2.04594551704924,2.03425229867891,2.02236459977579,2.00930679463476,2.0014996476322,1.99542689268846,1.98819361463331,1.98595203723002,1.98637276805209,1.983479492471,1.9820701822821,1.97793051337352,1.97705032176203,1.9766582200405,1.97696086321667,1.9737951753157,1.96490219981087,1.96511517692736,1.96124104855821,1.95713540498918,1.9538312032862,1.9508830402664,1.94386472187344,1.94238276960473,1.94395653646176,1.94824815518678,1.95244657684843,1.95598752506899,1.96475337695951,1.97610527767382,1.99053077122736,2.00372953637234,2.0156405258727,2.02271316056102,2.02756036959643,2.03046211284871
"119353",3.06870708073049,3.04061661839495,3.01513452408573,2.99506089124404,2.96893108275161,2.94964653332714,2.93151603366535,2.91487157784431,2.90405800077079,2.89974978134961,2.89138472662856,2.88757883117002,2.88760870318987,2.88058814792275,2.87381200700681,2.86806058127006,2.86513643523088,2.86602100137006,2.86705219875048,2.85825533828517,2.84767489818368,2.84044822147739,2.83020149200509,2.82091119514019,2.82137100504287,2.82610485709741,2.8276467817542,2.83575531136825,2.84835301630054,2.85924437219898,2.86431603313882,2.86176157677108,2.86013517900639,2.85688026123954,2.84480128369622,2.83001517302034,2.81685901919239,2.80006102327732,2.78386897970655,2.76707618968472
"119391",3.49572688021776,3.46392037220063,3.43428978254543,3.41100003055829,3.38144869166294,3.3592186342047,3.3376901283664,3.31488900475453,3.300352702251,3.29101538382831,3.27766262650784,3.27123053989027,3.27012652857095,3.26173700514536,3.25515069022574,3.24905759113267,3.24653647982597,3.24617593626107,3.24623168516716,3.23651640539949,3.2218916666607,3.20795635661649,3.190618662128,3.17447286030175,3.16535404286671,3.15658577085609,3.14134544034814,3.1276004963851,3.11618869069328,3.10343464209792,3.08846262813289,3.07406660253504,3.06379688653992,3.05739936453778,3.04881381541491,3.04114969898289,3.03526273857745,3.02703499856789,3.01850412078237,3.01027581043166
"119473",5.33910780488003,5.28498771093505,5.24009053961763,5.20136939108003,5.15545562410959,5.1244042773011,5.09529322130015,5.05808235882763,5.03973327736386,5.02621038879637,5.00580625248018,4.99325903314307,4.98310725242943,4.95972813116867,4.94102877474508,4.91944943028514,4.90161321491028,4.88631966569138,4.87582054439562,4.85496323268215,4.82409133311797,4.7999650745368,4.77299864327324,4.75323641286638,4.73857726791092,4.72538060126772,4.70271283434063,4.68759585983295,4.6742381067306,4.66014334834593,4.64292596378472,4.62004665391031,4.6040909276132,4.58628005099842,4.5685502386415,4.54927735066219,4.53258665647728,4.51455580016332,4.49803009815268,4.48071622933836
"119551",0.984870019338075,0.974908327812313,0.96558510672248,0.957982277224635,0.949244085654426,0.944482549231298,0.941112312966363,0.938361126470509,0.93994653293806,0.945195058660443,0.951838669932898,0.963936087073083,0.981425302213825,1.00068083299708,1.02519811525118,1.05225170177419,1.08833636454135,1.12981992559671,1.18253588627749,1.23134492625593,1.27789564092926,1.34104787890694,1.38675246822873,1.44357985202883,1.49897048028844,1.54853307006776,1.57878125563114,1.64531976897383,1.73217330955723,1.84303120464318,1.96057576607003,2.05590816689454,2.16999158575049,2.21747220432105,2.22799306698648,2.17152032001704,2.12952332384573,2.0982956908163,2.08876966253301,2.07764280497345
"122571",8.01024810239976,7.93754912875108,7.87083836604358,7.81790679734847,7.74685052925328,7.70089145762934,7.64972436749555,7.58405465840868,7.53336846064501,7.49063002169171,7.43689122887074,7.39046033241062,7.34987934097272,7.29545789961259,7.24113775786153,7.18313362812402,7.13059484211633,7.07578637544658,7.02424085057211,6.96414751781883,6.89892501501965,6.84464017366903,6.78330208604475,6.73359570371946,6.68455292689054,6.63397380277032,6.57798545871507,6.53152869196239,6.48639606970709,6.44122136824417,6.3938638360017,6.34094789387052,6.29732030821448,6.24844184875091,6.20588326561672,6.16161841276055,6.11583842173423,6.06828512745567,6.02318589119425,5.97701095546023
"122612",0.87642647422121,0.867173485755594,0.858565843181755,0.851220885398251,0.843323089548411,0.839210778576306,0.836798117858953,0.836023815819673,0.840307957798043,0.849160843574083,0.858861610360361,0.876602667361535,0.902595651797768,0.932365465094833,0.968480871032537,1.01163837773827,1.07061023862155,1.13414384306799,1.209643654069,1.28883252655911,1.35113692216137,1.43764728438045,1.50728005380471,1.59436993900998,1.69591477193344,1.80307933504518,1.88909518036503,2.0079913200617,2.12397178694715,2.22449782581977,2.27670107877417,2.2632247425394,2.29288063711038,2.26955981820778,2.26706695338768,2.25837638890099,2.24623957126289,2.25579227520608,2.27572005497182,2.29754579881981
"125273",3.226500284727,3.20278922282012,3.17955139229081,3.15441176073661,3.12394115844843,3.09675509694375,3.07012888872453,3.04972152558501,3.0301012810214,3.01691807509538,2.99778886153053,2.98486763110489,2.96599664368535,2.95123148847587,2.93777720342762,2.92338915901326,2.91154787955052,2.90206333873398,2.88997155683999,2.87554734278751,2.85797919442714,2.84117174785766,2.82358719481841,2.80948020550508,2.79886112192812,2.78902138100633,2.77125638107983,2.75991834631685,2.74406791164714,2.72974208244212,2.71560315919681,2.70068594936674,2.68968359131086,2.67825065179741,2.66796057769703,2.65639060923196,2.64401410324463,2.63129443032926,2.61835676131582,2.60182402023234
"125511",1.84331764037155,1.82574725712595,1.80931826474842,1.79549286672803,1.77864366044898,1.76758015982816,1.75621374764302,1.74271880203976,1.73367760669449,1.72855744766029,1.72106621261847,1.71807946571078,1.71917869260935,1.71673888040845,1.71554053407027,1.71394228880641,1.71274647796135,1.71290924986731,1.71501608148583,1.71466932600527,1.70834349709018,1.7032072490587,1.69396872016935,1.68744707712264,1.68354461877349,1.67895352748409,1.67184387949738,1.66629185832422,1.66413644973788,1.66177136960792,1.65749579320157,1.65247876657037,1.6493154935514,1.64844368397874,1.64492953168952,1.64359523225707,1.64420068337025,1.64494705588885,1.64814319751497,1.65366290053283
"125551",2.7744063421664,2.74680710316451,2.72230511665874,2.70225916907329,2.67837721742444,2.66297717842099,2.64970661939251,2.63933470253393,2.63937923208373,2.64745336542577,2.64994142675334,2.64304827566639,2.63867411271708,2.62692839046552,2.61603702498791,2.60528884100549,2.59726996296888,2.59062164858103,2.58715261355272,2.58222747153369,2.56942907228698,2.56219580832918,2.55209689154057,2.54764478089834,2.54739674143322,2.54560204351368,2.53939263413647,2.53653026500615,2.53928202043343,2.54250820864547,2.54400596315033,2.54191087453705,2.54388987362594,2.54997457830807,2.55399257522438,2.55666990843594,2.5589832557237,2.55866490094061,2.56058803641784,2.56366498302854
"128531",1.87973191783606,1.86240272263406,1.84510054323447,1.83002905905571,1.81290457379747,1.80126577509425,1.78874615169243,1.77413286657665,1.76413531665124,1.75779557695124,1.74848642087129,1.74335845012749,1.74090958107369,1.73556490662342,1.73121743151688,1.72702427523463,1.72348987964642,1.72136593233954,1.72054908359299,1.71855754976007,1.71088594237364,1.70558492224108,1.69779941600271,1.6923608446016,1.68964896111789,1.68660092324788,1.68130572985355,1.67689835830241,1.67533596444523,1.67338868570982,1.67055361757342,1.66778365910202,1.66786009500458,1.66978315906465,1.66737822774631,1.66408632680227,1.66123366492248,1.65673354114343,1.65285748112608,1.65004094791301
"128611",3.37223025572726,3.33839867163018,3.30942339262316,3.28608446436686,3.25725521921194,3.23695124715977,3.2178902634558,3.19486788459023,3.18132613404917,3.17360623881237,3.16351655634464,3.1591258865937,3.16067744228937,3.15590560229704,3.15052246320795,3.14537311052708,3.14473753938191,3.14476870883711,3.14656155298946,3.14745042952497,3.1381100342568,3.12979108285784,3.11402011246633,3.10507519175767,3.10215804605836,3.10029868611291,3.09776703822197,3.09963952590831,3.11114693838594,3.12155329027818,3.12686144774221,3.11926585883035,3.11336359494565,3.10338573692066,3.09057713247519,3.07565125326126,3.06047227512217,3.04455012823985,3.02781631420174,3.01305227710387
"131591",5.37512611953801,5.32353357181442,5.27581446001398,5.23568774903518,5.19003771731848,5.15992272544563,5.1273313713978,5.09244456201326,5.08277963045665,5.08573329367782,5.08105229377408,5.08251184154705,5.08874371583683,5.08448338512719,5.07208092189584,5.06106779451975,5.05599698006669,5.0538129287482,5.05317207727986,5.04595469166343,5.01192220878863,4.9840495726251,4.94541609381018,4.91972044035517,4.8996904749389,4.87514855070573,4.84636013420824,4.82089890876251,4.8036875059502,4.78444123976064,4.7614323859787,4.73358970754837,4.71041783376687,4.68950653197073,4.66649481104373,4.64259066006326,4.62035285428848,4.59705238223234,4.57283124051157,4.55190134060643
"137551",8.43249524012316,8.34975019202629,8.27649323128982,8.20202133549966,8.12322932831606,8.07442758806734,7.99980883821945,7.9114943929748,7.8568118863893,7.81439447570232,7.75756563317151,7.72603269975667,7.70978466981942,7.69341425139131,7.66632991024879,7.64850567594646,7.6368614517757,7.63523389865556,7.6405548715675,7.63815920288061,7.59807762190191,7.5571583682303,7.50090901970792,7.45680649684203,7.4257886904409,7.38593027285861,7.33795446152968,7.29803940833466,7.27156538833714,7.23917214996518,7.20283979078468,7.16611011973462,7.1283155741961,7.09784674209938,7.0632878698209,7.02700951156025,6.99784300256098,6.96617554895255,6.93306205083663,6.90521880035599
