"plot_id","1985","1986","1987","1988","1989","1990","1991","1992","1993","1994","1995","1996","1997","1998","1999","2000","2001","2002","2003","2004","2005","2006","2007","2008","2009","2010","2011","2012","2013","2014","2015","2016","2017","2018","2019","2020","2021","2022","2023","2024"
"3293",72.4164457386373,72.8458320876632,73.3652980899019,73.2997388978786,73.4072577012013,73.1359201962412,72.4928082696953,72.1741048869032,72.4287549549539,72.1101053778847,72.6184818053385,72.6998126865784,73.1666958672807,73.6884548768103,73.7285611810279,73.847857574552,73.8418028169298,74.877500977941,75.7471959419178,75.8847808821969,75.7659347276383,75.9985426351879,75.7306315841753,75.3518924344414,76.0430560031417,76.1519670275352,75.1272828304822,75.100322651373,75.53290014097,75.4961731283911,75.78121586543,76.0534895528887,76.207878867655,76.4728756861828,76.2067474951235,75.7297760371581,76.0986861637141,76.855310372207,77.1268388556558,77.0526762852869
"3314",43.3363295328467,43.4122965497597,43.8447374263333,44.1152700746037,44.6952862034284,45.2518979647124,45.9782915228535,46.8404612284789,48.0285084711851,48.6119603226297,49.7638829955276,50.897643513163,52.1836548369052,53.3480976417824,53.9331644007391,54.4190929416946,54.7674872741628,55.9240084513231,56.7727851392024,56.8691287712927,56.3864509100243,56.1125920098829,55.6122965609643,55.2369041645987,55.8679561462911,56.1414693442207,55.5194292417612,55.6077889576924,55.9520530663943,55.8273459049678,55.9050715983613,56.0235371670959,56.1192194784147,56.3135781894263,55.900444232928,55.0896276740001,54.785152020429,54.8291103771405,54.6214953989357,54.186265285302
"5311",63.9866153976512,64.2220390467663,64.8184644261461,64.7963366252856,65.093110414818,65.290443275152,65.6736654292557,66.2542031641181,67.1157389007884,67.1965146554315,67.9655955093003,68.6359588534013,69.5326904522202,70.4384813682695,70.8263531237921,71.0212976158084,71.2079858821536,72.2735782676028,73.0749552399499,73.0468060059951,74.5878568640605,75.570996950707,75.3694007061225,74.446639818958,74.2424694080002,73.6340587877841,72.1768639303733,71.8241879745513,71.8417185698127,71.9091630831475,72.3016527733618,72.3935215236653,72.1692779066846,72.1545472107108,71.6805294992998,71.025601089769,70.9311529190988,71.6066208294459,72.0827604494306,72.1496316782513
"5333",113.896861428766,114.441097499482,115.410771895873,115.230798059179,115.392939142183,115.142887288817,113.74267619139,113.031874138555,112.953970868093,111.735549458485,111.306279298943,113.940009189984,116.385421651714,118.199713410546,119.003361276563,119.365548798231,119.603410059084,120.72429019651,121.245049759547,120.45539232773,117.522267921653,114.359778709435,111.275446425821,108.95010826431,107.83165123852,106.270383137631,103.982170921265,102.663578918059,101.656844401552,100.440993043025,99.5513009353342,98.7604334074349,97.9086528139305,97.4599388836285,96.6217385436462,95.3036417733286,94.3053703321828,93.8244729369963,93.1560902955966,92.100753214684
"5371",43.7747084102455,43.9465401240741,44.3993535970084,44.6796881661238,44.9627048433438,45.1946049931247,45.6197978782412,46.2268173056631,47.1907953875298,47.4021241035166,48.0841267672323,48.9572912860614,49.9444492434503,50.5031243484587,50.7852624925441,50.9135118796957,51.0295995481877,51.7931677598219,52.2635280713849,52.0875832917302,52.0741529261265,51.7234364695782,51.0182785209353,50.5195889670639,50.5272376018788,50.3253875975326,49.6364777097324,49.4735355656585,49.5731882556004,49.424409984027,49.4237986488924,49.411654384442,49.4015678296811,49.5135701603995,49.2492737794415,48.8454225629479,48.7500779372619,48.9387405067217,48.9211204369278,48.5836554393658
"7271",40.6403768080843,40.5877454004701,41.0759891932351,41.4193132592056,42.1150890264983,42.9824626755174,43.8384925533014,44.8632349177251,46.070938176667,46.6414564559804,47.606846899271,49.9092718586988,51.9137688380802,53.6276697974674,54.6144995704787,55.3684990516611,55.8279166326552,56.9911601041345,57.5595262305426,57.4102695828305,57.2127698749293,55.6264657714532,53.9942646764555,52.6616386286446,52.3133418924495,51.7041014703233,50.2696685409473,49.6969845922214,49.254865757946,48.7376400120952,48.4274050995851,48.2313494803674,48.1121767309704,47.9930968164815,47.534526044747,47.0108330288489,46.9551010681051,47.3648445162999,47.4884768227103,47.3336881065378
"7351",27.8632503918609,27.8636192573943,28.1994341927447,28.4269944239303,28.8290768566317,29.2746517925482,29.7753086921822,30.4489607656396,31.4167419301821,31.7896299201319,32.4531454715925,33.3571518562159,34.3733616689693,35.2750593161543,36.0410918348215,36.7515011234526,37.59714744792,38.9729159823428,40.221100419078,41.0089545832301,41.9996381538979,44.4722707766425,45.3972783605031,45.7677332367191,46.7967075489887,47.4023114716381,48.0126317937503,51.8094459538854,57.8219755973227,64.0745987384855,69.2945057915161,71.6517745192535,70.636099544091,67.0993017000641,63.2714647802459,60.0725899783067,57.7406061575656,56.1839735903871,54.6945253701105,52.936383414858
"9251",51.5006321571106,51.2873955674724,51.9533509213804,52.6892474239115,54.015959523269,55.7405041831072,57.3376927608942,59.126357333957,61.017034144069,62.0284434192582,63.357664618371,65.7233179347839,67.844994273458,69.8525566018567,71.1036191574712,72.2198023492453,73.2008895394586,75.1351046079228,76.3568785024175,76.679156761376,78.2286404284352,77.2762903878503,76.0906540875901,75.0253177568668,75.4497213121696,75.4233994712298,73.9351999783846,73.92763053796,74.1183607220531,73.8758253148671,74.1282694706048,74.9385297661058,75.9130910543768,76.7807437830733,76.8474608098875,76.646726542345,76.8064981492525,77.4536286908888,77.5422983960675,76.9971008389007
"9271",71.6836532937719,71.7860828216583,72.5587033944048,72.6820849353319,73.1590617641711,73.6826816151468,74.342893980941,75.3582767708693,76.6695168892016,77.0150527737323,77.8261205044463,79.9816525880638,81.9585326456495,83.757672566631,84.7491888997044,85.579973548134,86.1756822511254,87.7431538446178,88.5955607081363,88.6051960635868,88.4985843144303,86.89682617804,85.0999953294285,83.604054084971,83.4903483677782,82.8281105343193,80.9222210969689,80.5097225670625,80.4013578987176,80.0579230973097,79.9873258288933,79.8764888926597,79.6321830292142,79.2724703291044,78.3782268255904,77.4891291382671,77.052310948515,77.2708810896998,77.1118990780982,76.5018082716337
"9291",95.6271986363139,96.0543749181285,97.070941565405,96.895062407026,96.984956344182,96.9281805863938,95.8877242861376,95.2876030346615,95.0750138797375,93.901388570669,93.2625566022508,93.0457882560239,93.3163754866437,93.7386553017039,93.8113719962585,93.9757173098099,94.3501761693076,95.7279336727322,96.9182686461739,97.543799304507,98.1206614282004,102.346410951587,103.946083118892,103.33144521766,104.128236378609,104.155578846141,102.762560401521,103.104053654724,106.385647810081,113.381613889792,123.740228024509,135.297775525993,145.326397336969,151.718020769295,151.554267191732,145.851174184798,138.773500098496,134.150689564382,130.02713801027,125.647824501777
"9311",18.7589975205641,18.7901054839237,19.018852507098,19.0962404016614,19.2977731737682,19.5197131380769,19.8656862921049,20.382947037988,21.0562555126093,21.4818323113431,22.1184193318465,23.0034766567364,24.1052883853984,25.3274017849909,26.4397377062096,27.6285198821681,28.971043725517,30.8114411379987,32.6958929925239,34.2337453872742,36.1170371733422,45.3879728719931,50.7808065543739,52.8993076535834,53.0932622769337,50.7426880006939,48.053266610938,46.9928361436873,46.4569586702154,45.7882730822875,46.1650130304526,46.8063802902214,46.9270089526537,46.3150752324849,45.499971281063,44.6693527913013,44.3096127332504,44.4735989364609,44.529406855873,44.212580308056
"9331",70.2144990804487,70.4305444535424,71.3215925675772,71.6843234143716,72.4113302281562,73.2064848288084,74.2618670713321,75.4951959382158,76.9506610980269,77.0189763746468,77.4760069034843,80.0463666818669,82.3134906709303,84.0163847443411,84.8249403321626,85.2066029659993,85.5761745277967,86.5682954351563,87.3446811908218,87.1109018677939,84.6334462361435,82.7689095531182,80.9214786570861,80.2726449890146,81.086812506903,81.1102625475361,79.529747360274,77.9001679519732,76.3577893014502,74.8850405820311,73.8732148394253,73.2068431683398,72.6498006752982,72.1831421769138,71.4264601647423,70.6340912791803,70.3215423649755,70.7253486335179,71.2809772745048,71.2924972929557
"9351",41.4683663804736,41.4940297674442,42.0038324936197,42.2856633537939,42.8100650913776,43.3583748493821,43.9014944935479,44.639396768366,45.7262923332087,45.9420016048695,46.5017687212478,47.7402760954453,48.8779432049469,49.7237249877561,50.2620962907614,50.5717786615515,50.931215086707,51.7843639202432,52.5098577564167,52.5932369907816,52.2690980311251,52.2168699269829,51.848014274672,51.8494136712046,52.4382106047072,52.6012000521019,53.0756216397122,55.9883707198755,60.2049401969,64.0149972947597,66.659829926554,67.1934596816297,65.607941594369,62.7727258619664,60.1006497586114,57.779529898102,55.974489289439,54.7357709750754,53.959972768631,52.8722433247371
"9374",58.9857400120108,59.0235590827582,59.6896155132788,59.9427719933777,60.4872826870203,61.0445038914966,61.6153898307129,62.428266337501,63.6975352881492,63.8351340461244,64.4106364872728,65.4306306766118,66.4307377136248,67.1179290830069,67.4884603481078,67.6159828539269,67.8633581327125,68.7637395525353,69.5358468944015,69.5620986988435,70.303714253319,70.963136273145,70.8755865383294,70.7437765359454,70.9255819678686,70.4629833780882,69.318913453823,69.1924622031098,69.3612114482753,69.2172936166085,69.4254761049105,69.7175642558796,70.1140501384388,70.5848072401321,70.4221867562197,69.8501550643032,69.3704632986305,69.1575880724573,68.7919934491356,67.9421545765283
"9433",41.3616570914089,41.3931632718347,41.8963641802205,42.117687683049,42.3798873690252,42.7338242593932,43.1860207684748,43.6650811377593,44.4021310156234,44.4046690926059,44.9288914719049,45.3043213069371,46.0509396473894,46.475699985221,46.6724128863566,46.9013757056531,47.0953399463337,47.7852580418641,48.324272888072,48.4299587874305,48.3537013268385,48.8424200022428,48.6801699928316,48.8130505275322,49.5756808960824,49.9214601193952,49.5800750163776,49.6556498557366,49.9574638828276,49.9125187188855,50.0074203166431,49.8849319371832,50.0299185112189,50.1614839939343,49.8443168602434,49.1798667242925,48.9257524255698,49.0920366500598,48.9881051229372,48.459603316779
"9451",62.2217556796102,62.46008472564,63.2071090404955,63.4406180610149,63.659780977236,64.0310432170303,64.5993343462003,65.3752948841994,66.54502067273,66.5859522638992,67.2527914957954,67.9509656573915,68.9773092125126,69.4427705810399,69.8400483739922,70.1768306961117,70.3515811213566,71.1008899944957,71.4410042617537,71.3436767479231,71.1605177231547,71.5833946871927,71.3340093267182,71.1655912403582,71.6353366855859,71.5052815096084,70.5714463100603,70.4397976272666,70.7404308358375,70.8728819920195,71.2269424073518,71.1795356521868,71.330820332646,71.4335624099648,71.102106386572,70.5910863212256,70.5011322238154,70.9895363840429,70.8580879573903,70.04888188271
"9471",68.9767223548993,69.2060922456172,70.0333217525323,70.3852123951606,70.8138606461276,71.5097138515518,72.4442791218104,73.6348543285388,75.3324551463749,75.7470223989428,76.8481833629622,77.9306966943589,79.3563232774611,80.1339723894772,80.9374878703778,81.6185919058666,82.0707801199193,83.2019570448396,83.735172687441,83.8674403489386,83.8381156405032,84.0098727954884,83.5690726398406,83.4997152607816,84.3534068846354,84.5548812879883,83.7111848019609,83.7934652459126,84.3535088057968,84.6347037172112,85.1681901405041,85.2197922319305,85.4893215104703,85.7223456471905,85.557863626857,85.1660396143968,85.2436859065998,85.9996112958915,86.0282180874023,85.2008927777092
"9511",76.1689712603219,76.5814431066511,77.1865306034199,77.3823498982627,77.5700691821503,78.0715324258971,79.4757887671243,81.0527830906241,82.8879380727625,83.1665577000366,83.944043365791,83.8135039104657,84.2098771620083,84.1044280716856,84.1619710284032,83.9666791334815,83.915804314279,84.5883654660632,84.5488044612104,84.6371965967198,84.6910428335427,85.0154215247946,84.2906314903445,83.6988336307597,83.6999611647707,83.3929325530967,82.2474034102948,81.8933335287796,82.2754579869526,82.6027364053645,83.0902133889149,82.7798065372476,82.6955088440773,82.6752063039077,82.6294185431666,82.643377258809,82.8122273894683,83.6119368732246,83.7399532370886,83.3826536440153
"11252",83.4761038443109,83.8922808177886,84.4777369295414,84.3071053489862,84.1541193837436,83.9059791200176,82.7591124425214,82.0393706627601,81.5262347473102,80.2387649453069,79.1914885309478,77.9302856815214,76.8006613775943,75.9600261113803,74.8864528908999,73.8474149599268,72.983443236389,72.7227095240521,72.4001539763238,71.8180264930908,71.717411139333,71.5708518914097,70.8966069932518,69.6773757826663,69.4003586951043,68.9437909083276,67.8149648944327,67.676032400201,67.7271034457499,67.4139752388922,67.4335650353473,67.6711695318337,67.8319420509937,67.860547732965,67.5253651434941,67.0949978053622,66.9641024032233,67.1566142223933,67.1582873557132,66.6943012850209
"11272",31.1994924140652,31.2754705398357,31.5669783867894,31.6112190505776,31.7665311467895,31.9631536184819,32.241821208553,32.7033907205176,33.2584323277343,33.3648429930537,33.6218949511121,34.1464522331334,34.7675066033973,35.5044011848812,36.0477325578424,36.5881061603939,37.2685097734047,38.4380726699307,39.5157327104966,40.3089781187894,41.0046256282658,42.1677758906297,42.687897812669,42.8657122644415,43.9611056113265,44.5853785856189,44.1844431280145,45.3710802798361,47.3935982381108,49.1091993454271,50.6393733133041,51.3092654240423,50.8620450662777,50.520759831314,49.9692937427469,49.4530081754687,49.336665381245,49.8047045184046,50.3151397201235,50.2906116801102
"11331",50.3572270156001,50.5851207709484,51.1648204005367,51.4406085662353,52.0410035586987,52.5722147723853,53.3024922882972,54.033210719201,55.1012640645069,55.2875926105947,55.4941031174778,56.0293974973205,56.4114784795325,56.9427639700916,56.9613118187432,57.0829738888278,57.2592709632306,57.9324514950753,58.5484972375949,58.6934809139933,58.6537062505076,60.9945979905856,62.1181081191865,62.8037505077026,63.9250333380761,63.8583930355991,62.7601063199408,62.6557831297363,62.8487751328743,62.4402708583891,62.0627353852934,61.6256102341951,61.2757960970147,60.8846821156205,60.3984877038494,59.8004043098076,59.4745591453607,59.5031585982542,59.4622953223682,59.0632247360901
"11351",104.13972575164,104.569374549889,105.794657979672,106.064532097819,106.885364169462,107.512946975565,108.093818090529,109.044522311361,110.744130376351,110.786844445707,111.122236560439,117.683044739126,123.013307630752,127.388157928402,130.481292371051,132.603940974,134.28450377043,136.347549649943,138.54311489596,139.165185309407,137.136969184373,132.761125228586,128.314339412382,124.733732045485,122.995288068541,120.970073186285,117.98506850973,116.199980987125,114.51911142761,112.224190891715,110.354940953239,108.738842712354,107.247659518075,105.834493675029,104.295472061292,102.652220559007,101.461998331027,100.895969586068,100.406859055447,99.3211411539748
"11374",97.04908937074,97.4649892581709,98.5494604176644,98.7306055707839,99.1852063814064,99.463372659111,98.8447023622333,98.6963303825775,99.4398574015656,98.9140658704481,98.6519360583495,100.082428928385,101.254407435392,102.158755290588,102.650475190597,102.687676265526,102.69487737765,103.130738155804,103.930107007358,103.928934615615,103.67091245516,102.325730029843,100.761319736704,99.5984449374094,99.3656890986327,98.5796218013724,96.8447165142025,96.3352487792028,96.2345229796444,95.7886924847984,95.5043525669308,95.3055719724278,95.5140184263165,95.7265129233131,95.2186416012698,94.2130760020278,93.6928120291409,93.8026353190682,93.9593576370927,93.4202737071043
"11392",43.7908904294705,43.8910063942003,44.4380488058003,44.6619712801959,44.989348347286,45.411257033449,45.9190460413837,46.3750559235383,47.2884487789951,47.2454406088208,47.3666521315277,47.6809090622684,48.0777623581869,48.4611369051578,48.8574591272699,49.0869638333349,49.3894048837708,50.0439379711743,50.8649537483049,51.1885894866315,51.8674546305902,53.2238444810092,53.8202508730023,53.9824556574682,54.2698749165704,54.037171098838,53.2840200325987,53.2754045172187,53.5720001808193,53.6867048971461,53.9203643823327,54.0234752801039,54.086984925207,54.0757091235327,53.966944119718,53.6500667017955,53.6343569245528,53.9738369720588,54.1441474978627,53.82244123782
"11411",148.176283777587,148.976578833719,150.482920661087,150.555391155473,150.236410756051,149.759223697663,145.400860595703,141.561607562996,139.157647315046,135.355915659985,132.392676278674,129.943090273697,127.829987684193,125.694404980139,123.570308019275,121.35788557445,119.302383423897,117.787948331746,116.372755398382,114.449590254252,112.633871115703,111.04166677646,109.197109365148,107.594193791203,106.670064303304,105.232473279396,103.329704980493,101.962674375316,100.97991198916,99.7954699896286,98.7368806102257,97.6429840531798,96.7062280017368,95.7402863809717,94.641563029444,93.3873980060823,92.3644259723254,91.6736545492665,90.841139149621,89.6897598463301
"11451",144.556451285974,144.862113732934,146.378509731896,147.005128385323,147.583906603579,148.350171516803,159.193779711171,167.91325797367,175.924220681177,178.469071009858,181.002694049442,173.391432363226,167.872568798667,162.389435527258,157.554638718723,153.463662332937,149.69187829104,146.934704311497,144.206017489875,141.199580343088,138.329945458829,136.011028065375,133.252703559004,131.198025199884,130.321901548807,129.034938328269,126.899093326905,125.700631149753,125.218976261408,124.936527538202,124.601200361152,123.239507620408,122.448159043618,121.865790653999,121.012825920363,120.46956534497,121.999746532371,125.354761778974,128.238865259262,129.722754753489
"11531",68.1101063986055,68.3949616926883,69.0665053263314,69.4386705085876,69.9884084916242,70.907522390477,71.5933999604757,73.1285367744409,75.0756100664886,75.5894076720276,76.7487583336672,79.3675889282713,81.9615977999902,83.7931106467997,85.2436165161195,86.0580966845289,86.904286592466,88.6041096362553,88.8785077805017,89.2131129672711,88.2705747137061,87.3731587058755,85.9802574752442,85.5177278932326,85.8671088631676,85.9972440742085,85.3618739207594,85.7110824972563,86.0565750033945,85.7520343787391,85.6446139680663,84.9819079203187,84.7005756338212,84.2377552161419,83.8104541822221,83.363401644381,83.2054933655878,83.5475950445454,83.5203572629224,82.8340343099723
"11571",79.4099714705096,79.9452560573082,80.6574716885211,80.9880536043297,81.4543723459642,82.1983054963635,82.5121014759319,84.0620577776571,85.887018173583,85.8042893933016,86.5318712679497,87.815154826872,89.0910911213192,90.2278469409892,91.1978142203873,91.4883361862844,91.9154060175246,93.2768015546123,93.2858533167493,93.3834308620221,94.5463606417535,94.2455665428396,93.8232580298587,95.6821411375561,99.6426364745884,103.272733797169,104.714874433093,106.055848254323,106.010434201814,103.939768831497,101.156296182164,97.8237862381263,95.3823927732125,93.0169192594645,90.9545509363421,88.9758362158816,87.2648508411149,86.1354136962162,84.810017043913,83.1967512336036
"11591",19.913995781647,19.991297664649,20.2098052104623,20.3577158506112,20.5651874474095,20.9102669414853,21.1986268363796,21.6982872079496,22.2160998452592,22.2761215229247,22.4589398016772,22.8257340240448,23.304341465364,23.6937083604377,24.1743359754159,24.5222542647508,24.8228142462949,25.4420485021894,25.7528183508574,26.1457832712184,26.4836120971709,26.9312300515292,27.0968044035769,27.4864400975554,28.0857793536585,28.3918337616435,28.227543807926,28.4648583237851,28.8822650071886,29.2067505693265,29.6159788681352,29.6641186889631,29.9501758282263,30.1504235763526,30.3605354145832,30.4518413671944,30.5638132738294,30.8621416686298,30.9498069350009,30.8675533343409
"13254",63.4133956278556,63.6017201754542,64.0940582648902,64.1583654075714,64.4002920989927,64.9146329565234,65.3399380228761,66.2234467714324,67.21958842866,67.2658909759397,67.6419351338467,68.5437568315411,69.2103548593765,70.157995224332,70.5546561580841,70.7570630882028,71.1543900784493,72.3533696309474,73.620929572671,74.5381401433087,75.2777999371398,75.7892865488944,76.0537485785454,76.0277230476057,77.0496785281213,77.3298496539825,76.3802583868683,77.252441461376,78.7566085684525,79.9522707110896,81.5953772027145,83.1929446841334,83.9464783892783,83.5894878488503,81.7181367337027,78.8284973769283,76.5648025318006,75.1336290597038,73.7420292492738,71.9542743915166
"13291",59.1300489305318,59.2939556395037,59.8593461534388,60.0536774469741,60.455731226315,60.9533325159928,61.5485360579931,62.321192907843,63.2980265169489,63.3512978425468,63.6799517437099,67.3178916002507,70.3771759284305,72.967300044671,74.5508358051918,75.5876629561686,76.697827198037,78.2619441389055,79.3431331647668,79.3613711758174,79.1093181620449,75.9757954460064,73.1534732906117,70.8334293740155,69.6703030024679,68.1509756650368,65.8940465385572,64.5907038959296,63.616563676298,62.4753079615881,61.7089517253069,61.2104484533688,60.7953122202956,60.3699746562405,59.7082962273451,58.9473875695067,58.5427024498049,58.6472206964461,58.6805977415764,58.3153223154682
"13331",131.760883243691,132.559713070408,134.047844086159,134.061003177521,134.982773767512,135.682451392765,136.441914401811,137.419215684556,139.271673645876,139.208902218863,139.352351885171,140.690021513409,141.403845706421,142.3623003108,142.361973100861,142.367970219896,142.455550072753,143.566183673728,144.402187012011,144.179319242462,143.571520571617,143.254776795863,142.168171736361,141.620732578115,143.068640700782,143.039353098105,141.41364256791,141.862776164708,142.824136213514,142.233665325689,142.47138192282,143.165996224933,143.90930438295,144.214028613592,143.94523797453,143.26099560664,143.078767392433,143.676497289582,144.028528460965,143.447109427826
"13351",62.0302915719384,62.0836994565354,62.9641573482986,63.5007774815444,64.7843485529539,66.2416643605694,68.1815904622125,69.9998918139658,72.1619344448196,72.9617642697848,73.7711673475085,74.454604617811,74.9870523780189,75.4701054808853,75.6061528445737,75.621653594144,75.5832885588933,75.9092889026265,76.6565101641328,76.9529873029108,76.8174870289594,77.1071507701518,77.1312918696931,77.3229004231311,80.115218253987,82.9903800089322,84.5486617405414,86.3990268116866,87.2613153200766,86.2889489210433,85.2674985871183,84.5978352955286,84.4033508607661,84.4072132917645,83.9205045656924,82.488527709473,80.5668609184195,79.0681908838314,77.7484070411136,76.0661410227843
"13391",64.0361541737192,64.2872768122179,65.0766515395604,65.2848869094464,65.6218995871941,66.114743881645,70.0092386464053,73.2723569404108,76.8342316741867,78.3842854127738,79.8175382239974,78.0925418955898,76.6628886096514,75.4677406300693,74.422435269659,73.3297676312224,72.4346113767473,71.9643769705923,71.8258755855547,71.220653093767,70.5194846516321,70.3547715710055,69.7689509779657,69.0864946091583,69.1907051595389,68.6650378191884,67.6478001062174,67.2873604892573,67.3097893724853,67.0581321974952,66.9575911210058,66.8877901564748,66.7860028115982,66.5357946540332,66.1038875583819,65.5104085321283,65.2770913400169,65.5692459291058,65.7138467050477,65.3457916837974
"13411",74.4421063914751,74.7229213719806,75.6248443717227,75.9652384081861,76.3864708149155,77.0686947218014,77.8268717485356,78.4985235375943,79.9290904275197,79.8940724250114,80.2297578590937,83.9516596340343,87.0853633421444,89.5798913113072,91.5389628365068,92.9015239127922,94.0182892304793,95.4308199117043,96.6984736939747,96.7062975097329,97.5995862176486,94.5923947210021,91.5254107751692,89.1376236181925,88.0315263983662,86.2774315145725,84.1301486548623,82.8024182953941,82.085051690185,81.1200501807724,80.5006285681989,79.8388293015458,79.0949419047051,78.35738223344,77.4644061525908,76.4155978917604,75.6738207012338,75.4789056126344,75.1080823789476,74.2231511948103
"13452",174.263331677339,174.857072149067,176.228537135735,177.200787290403,178.025820769913,179.689228264838,185.359532905506,190.018032056829,195.26953622032,196.000502383385,197.64465039091,196.087651872101,194.973809086974,193.453468940167,191.855674186024,190.418173078191,189.118588738034,188.740289380792,187.988259577078,186.460947286522,185.00740779314,183.708149068842,181.592242757066,180.496437742686,180.936223218066,180.15047770451,177.535944079175,176.290826429063,175.923478851725,175.360972167619,175.245904802008,174.451636190158,174.254347415375,174.086881016044,173.204749188952,171.869384075459,171.124330887409,171.471955493197,170.973741757959,169.002793590469
"13551",85.2007153947884,85.67915229971,86.5203102486242,86.7571723251014,87.3114857107849,88.067926183617,92.716260851158,97.5327331384462,101.962217615951,103.207045001399,104.667491473683,102.118772712535,100.223035905262,98.5015242861707,96.880120996398,95.0202363266299,93.4309819197956,92.7238703641995,91.1573303269164,89.7553230965192,87.7908363978837,86.6281085882616,85.0291671012319,84.1946660080433,84.0897316065904,83.6583988754695,82.4636613220928,82.2131429123412,82.3056151963477,82.2513419916826,82.5210256598818,82.232740891319,82.3369565672021,82.2283276817391,82.1347761770844,81.9206151356089,82.0340439232163,82.664621423603,82.9801293004159,82.7281989445756
"13571",27.1795494651346,27.2178578327128,27.5384045176794,27.8573595169714,28.4445651294436,29.2411458883528,29.9612577643585,31.2183485773929,32.6472442212419,33.3235001437358,34.4014277321153,35.6870990823962,37.0872363555818,38.452969009322,39.8294120969064,40.9013750907918,42.1208700143118,43.9418707221939,45.0028930756321,46.132727744261,47.1428244724541,49.4030175425098,50.3465332285843,51.3817992017308,52.5789867955186,52.9312406030803,52.3591213253537,52.7922558142768,53.563438960837,54.1075480382326,54.9471364439273,55.1882265019223,55.9079920349793,56.4103282649172,56.9224534396836,57.4699463085863,58.877779029084,61.1034599227052,62.8717614779227,63.9069875452753
"13591",148.362622793163,149.084531610313,150.516728964154,151.021619869415,151.943949137566,153.57336521645,154.683639419621,157.629289921569,160.596291412784,160.591580199749,161.516841488344,170.104028658804,177.852052491294,183.83262276086,189.296925307509,192.580109141479,195.248126606073,199.485965196903,200.479740266907,201.515343342105,208.427942622419,224.329492321337,230.673003926301,230.199403207035,224.976864708258,214.268217662728,202.773161956166,195.20496187205,189.553441141374,184.087773408429,179.688644841023,174.564268870662,170.92598393911,167.532610589107,164.763481579342,162.270553727958,160.212012055012,158.77746692362,157.910106394187,156.383822118677
"13611",55.2968243622776,55.4767063153447,56.0731500903973,56.3877244490766,56.8924233830791,57.7481337973745,58.4520160881782,59.8863952057437,61.3941673389973,61.6595514502368,62.3655226208788,63.4411849357801,64.7997912397656,65.8154555728758,67.0061813390116,67.7384351873941,68.3920340682062,69.9050050029147,70.3886737951142,71.203404907466,71.9477547173025,73.0739253515559,73.5311269532697,74.1430272089363,75.3243870646768,75.7508091327671,75.0758714936581,75.6185182036972,76.6479548232753,77.1455334341094,77.8005545390486,77.3257133887001,77.6540170913856,77.7545144226163,77.9213706036341,78.0018154887272,78.3950293805555,79.4173875865664,79.8667863605361,79.8496428140596
"15291",85.9541463666788,86.2344460897374,87.1358943967166,87.3715019126055,87.7323427271103,88.3199499218083,89.5993597296538,91.0805260362827,92.6944888684405,92.8402725507229,93.152597409555,93.3769501362933,93.5280317660898,93.9365234360917,93.7661060371574,93.29553359079,93.1884916934377,93.863988467685,94.1456834101477,93.8350864070282,93.4377365763175,92.8835304855577,92.2662411871466,91.6834375065796,92.2934947914045,92.078232121799,90.5083758803331,90.3108524833958,90.4336079169365,89.9477031480974,89.8761229057525,90.0781143962807,90.3109852142156,90.4372097955839,90.0594942139396,89.3471787075562,89.0592886102635,89.4444386065887,89.1951201660553,88.3455013517588
"15313",71.803490371713,71.9820354953377,72.7313097746337,73.0923877659038,73.7884120625742,74.7795970438082,75.940185812354,77.509324340834,79.3806494603765,80.3087261193159,81.4057073403092,82.9928707121106,84.2106533751319,85.7830246454371,86.7518601395884,87.3368325951143,88.0355160677298,89.732038287329,90.6006530016029,90.9469896004147,91.0946812208442,91.1674488929369,91.0656618933762,91.111792114601,92.4386618330864,92.738214123779,91.5329052697296,91.8581374162221,92.5558106552543,92.426502825511,92.7601960428632,93.3913077157311,94.0826819083339,94.6492815033891,94.5533443947619,94.0683186274358,94.0762174038605,94.9486944490767,94.938032923424,94.1910030981637
"15393",90.5724695350665,90.8209376849112,91.8283191844503,92.3483118264993,93.0732653838413,94.2013855574382,95.4225826314477,96.7787414326698,99.027298566974,99.9308435661135,101.016984882803,105.69677636286,109.567520315604,112.764208038795,115.19589917636,116.872807476446,117.983043584039,119.864554590235,121.813218018225,122.536533864701,124.991577145425,126.222753027369,125.491528066417,122.716139077227,121.317666558293,119.271230536394,116.550488642846,115.338769059704,117.949189173138,123.358066090832,130.358892979279,136.46570278286,139.736900177989,139.921278829463,136.478523197132,131.002465750335,125.374786452629,121.247117331971,117.352122777913,113.077594622451
"15431",232.974105766811,233.816554088189,235.551180292529,236.937239403068,237.371863489788,239.22078333398,241.736885853101,244.039376943667,247.774912970902,247.797571493535,248.805939148187,253.850965206785,258.299231823885,260.971992592273,262.951710820146,264.161266719837,264.7418909313,266.689184568448,267.274483067281,266.469518436635,266.313139363437,263.856326421651,260.508435804815,257.85564113603,256.84310281098,253.764111964131,248.583560477746,245.928936849536,244.97927696034,243.730384076518,242.887178069922,241.046304284431,239.242404159247,237.855678982237,235.467387279441,232.78372871622,230.782458134831,230.192759024521,228.964667841501,226.022113278619
"15474",123.692807176077,124.555168496574,125.238899731166,125.140914052329,125.04469220237,125.164091079108,123.407843579869,121.901700494925,121.317864757785,119.234888438722,117.963268691765,117.405289787129,116.747263185456,116.000523545412,115.133225870197,114.300142777239,113.693309253861,113.510800845676,113.078037026527,112.349336716136,111.630759898455,112.121392416801,111.734616374978,111.431336239342,111.49282264691,110.591360660852,108.715034455905,107.648010653508,107.021785609593,106.525589832528,106.270330051339,105.523833532571,105.131422382705,104.74885308942,103.980478830925,103.037268934188,102.401141989,102.509840260964,102.322801085059,101.36471527152
"15551",62.3752981642384,62.6505987335787,63.2516573472378,63.4390484769819,64.2277139975766,65.1017718391555,65.9953322833628,67.4778738973001,69.3574320533837,69.7713839540208,70.5110933757826,73.3450210498043,75.9339988578138,77.9575219571441,79.5614666587996,80.5745346608857,81.4496324822339,82.8134949562114,83.1580152377867,83.286494408347,83.6366788203399,82.5215034743413,80.4987416695473,79.1815658510394,78.6057928109332,77.5959815315969,75.7307931713796,75.0873695186133,74.8047575292288,74.37553036486,74.3314170577803,73.7811317815645,73.9113282400298,74.1090890544323,74.4235215806917,74.6075362361876,74.8430047421987,75.3402508147191,75.3326661463832,74.7854738860067
"15591",97.3659733646542,97.7754043482727,98.683525432396,98.9033916332196,99.6445368514896,100.574742152571,101.183576666205,103.072424530521,105.113273531762,104.962991435176,105.554621081449,107.593223144217,109.794135402567,111.241885570891,112.474893773153,112.721714124123,113.062272112074,114.300557014804,113.924412322065,113.775075007994,114.881842542265,117.389352517681,118.147802449055,118.34348753137,118.661600358347,117.246770760389,113.826203038812,111.49619838995,109.314710669875,106.439585527731,104.246528465064,101.685305749377,100.096590440024,98.5458958160413,97.2724774591547,96.2193749019229,95.4719205468154,95.3030701785593,94.8453629733011,93.9561301909113
"15611",45.4588723421304,45.5588589228998,46.0475025133465,46.3770274836916,47.0213938969698,47.8920603492142,48.487050435157,49.6872360368628,50.9262724136589,51.0427261499496,51.5417573959974,52.265155456428,53.2228109344717,53.8264157216022,54.4191348967518,54.6331760660605,54.8991826734775,55.6026361658372,55.5653039961864,55.7253031708832,55.7573039631016,56.1255954964855,56.1349603183626,56.2532518863051,56.8041589082628,56.8281666426823,56.0933272585526,56.1582852615225,56.5257889691975,56.5427777578773,57.0101397787158,56.8577881301676,57.2535972669304,57.3774063837201,57.4686401593495,57.544590087422,57.6485878796919,58.0596199031408,58.0342506234055,57.7182834153638
"15631",8.22961161758886,8.28049041266748,8.35219785735037,8.37021352732354,8.4033371666381,8.44743164483679,8.4522527432033,8.55886639770177,8.68060112232432,8.63331827035523,8.64327772522721,9.00794289225096,9.74374538263387,10.702521439161,11.9706050756467,13.4200031798542,15.1323475855809,17.2228706617113,19.2867173230868,21.6876240852526,24.2588066984631,26.8099097411224,28.8067410811682,30.9211694952726,33.2617907288307,35.0179432345726,35.9545338603867,37.5918868279172,39.5325705741462,40.9647799902619,43.0012712146208,44.085392422926,45.8993531874749,47.2736884873935,48.6204790262668,49.9565013016631,51.2028796328215,52.8253017064055,53.7692043280864,54.2780293164653
"17171",65.3952732253171,65.4038579568206,65.980661343459,66.3171388178947,66.87960072618,67.7801309810015,68.7836034203773,70.0923737667654,71.6221793344738,72.1259922411879,72.9945615490328,75.4219605986152,77.2123235958205,78.9127153140485,79.8094494217549,80.2855414918205,80.2274828361902,80.7231272668586,81.203678635375,81.2866701171192,80.8235675762129,78.5215522161515,76.2661802091353,74.359126579867,73.2443828969508,72.164709801755,70.1091272315662,68.9727368200687,68.3847492768353,67.5812613051915,66.50696228323,66.2066703574031,65.8691997314063,65.7023370447334,64.8691580084781,63.9168953634329,63.4451225099626,63.2131509541182,62.9185374806758,62.2650964119006
"17252",57.2733840045137,57.4530568935287,58.0606289522427,58.1907303158144,58.8316328123858,59.6695457803346,60.565039957417,61.859014804688,63.5457261848119,64.453105153449,65.6655854372865,68.4950908023092,70.3946886398911,72.5611241550629,73.6667043298676,74.5618953591138,75.603011070743,77.0759527937357,77.9372088034266,78.8661298484982,79.9476426417909,78.5318898507134,77.5009003642014,78.2177710778973,82.1503137512959,86.048134511843,87.4591438640984,88.573683501331,88.0947738256023,85.5386103678771,82.9382189092279,81.1043370313052,79.373178554072,77.9092334830675,76.3285735918698,74.3072984707909,72.8749110721749,72.063075453368,71.1946552644012,69.8906694352732
"17292",87.6907800925548,88.0468559395046,89.0560056200567,88.9818279371273,89.343779277927,90.0187983522606,90.512640404875,91.3485662981376,92.5119896337068,92.3972724519715,92.4034247909445,95.9540655906942,98.5571872821012,101.174282795096,102.737793441716,103.694568075817,104.639987086287,106.168407387796,106.803389109334,106.97799940284,106.656481142511,103.382360903118,100.623753035803,98.1832984754546,97.1255987671651,95.513693080377,92.9417694969919,91.6404896000315,90.6736715267834,89.32084802009,88.390251939774,87.6888191036913,87.0381772226989,86.3182168897513,85.4640691805315,84.4768657888525,83.876564574775,83.8888706519929,83.4363485454723,82.5093021193425
"17312",76.8678444042271,77.1895653786018,78.0300590406445,78.0804779772844,78.4762249805116,79.1063769366206,79.6256803813472,80.4487851552706,81.5504211033458,81.5827077967951,81.639671824734,82.959746015378,83.7385408707315,84.8709926766082,85.3317568134891,85.5237987558527,85.7973232251976,86.666932105058,86.8465973545159,86.9001897917529,86.3497687639166,86.3031678383837,86.2153744474412,86.2570917468559,87.2966266548598,87.3309985566188,85.9333814187347,85.2631373627436,84.4033164068885,82.9744743786221,82.0449679345605,81.3534030512911,80.7796494979196,80.2829824165249,79.5220027764362,78.4266785092839,77.6509930968691,77.541023886207,77.0662659411145,76.1437686633665
"17351",14.8049387143465,14.8138634278121,15.0181066085743,15.1930930562849,15.4777755989972,15.8894250379125,16.4477940068567,17.1070785046123,18.029984578939,18.7716783172778,19.6941100045599,20.8184660181601,21.9357400447598,23.1874875928647,24.3579165040705,25.505617412384,26.7223031592279,28.4155438556469,29.7456647154718,31.0744129235791,32.5677642144823,33.9253487692382,35.0937319085215,36.3773774348331,38.123765886494,39.1631291888012,39.8005429674006,41.0751780153167,42.4757579753281,43.5341057398462,44.9498341037794,46.3790505526996,47.7969736189624,49.074776732437,50.0381919918232,50.6618663914567,51.5562211880334,53.1117074429748,54.5215097578302,55.2331609922891
"17374",136.878566944843,137.580971751035,139.18223727069,139.671707569299,140.360914939844,141.629847152047,143.898116294518,145.480918682822,147.962871718166,148.107072217563,148.692417973762,150.631546774695,151.774739158324,152.655838650031,152.612023844032,151.955539721449,151.007670061107,151.379901580872,150.397503130051,149.107188103606,148.175862918314,145.458809812279,142.274615438944,139.303085386563,137.267859006191,134.46476978605,131.344422641939,129.402981061226,127.788603733825,125.880380876961,124.482056603728,123.234775564444,122.14862502131,121.312964058211,120.364273648166,119.299062949484,118.754364433979,118.933145602642,118.87652773572,118.070620428692
"17391",145.817844223145,146.327988522321,147.941970479612,148.880964254829,149.9340771899,151.517260913494,153.229207303206,154.610145709835,157.145145424068,157.726178549149,158.285125732773,166.822354667552,173.710116395396,178.897185534351,182.730494970053,185.175419498702,186.609163328919,189.016022230017,190.008664810805,190.012581732508,187.419913823759,181.391514841463,176.217046375145,172.824583170863,171.366907223785,168.930305300438,165.666746993439,164.01117144726,162.968775566112,161.694749100124,161.218500519582,160.939901639535,161.15083388027,162.53456908687,163.258355692904,163.225689615184,162.830080123441,162.549714170156,161.268937037239,159.020106373366
"17411",111.718816615592,112.115748525082,113.307200816539,113.938131658338,114.656499532161,115.646439560926,116.86792848089,117.91452172434,119.73121200651,120.109915645293,120.428129289037,122.819588519115,124.830519859374,126.143355526823,127.2034118499,127.734312460758,128.083404246848,129.305937408286,129.832203899045,129.960307088513,132.819601657963,130.851874850341,128.983277041411,128.134091272798,129.550783583505,131.197678588794,132.830124955603,136.489391033095,140.419867925625,142.864973519075,143.949152031962,142.468277559145,138.631304581899,134.743162470303,130.612785551789,126.950357257183,123.829662259422,122.280784436808,121.094399148902,119.202178634589
"17491",21.9230624589152,21.869392030504,22.1114438484436,22.4811675704607,23.122726587492,24.0173931443289,25.0476457039729,26.2152045770406,27.6299397834148,28.46177248979,29.5450469462002,30.750486049417,32.0657492721196,32.9731444089773,33.8832529369826,34.5308501720544,35.3931645676443,36.4038566888636,37.1477703436099,37.7927953935032,38.3258574448801,39.3178163178063,39.6689937979775,40.1884487173465,40.9888461579079,41.1896817852676,40.5630403773009,40.6311583489282,40.9396351411859,41.2259217599458,41.5957146396057,41.6682375683593,42.0762057964536,42.4108227511413,42.4590920732187,42.412861712326,42.5373385664895,43.2526787473775,43.6954178391152,43.5838670176434
"17531",72.3468963111838,72.8948041559019,73.4946012642591,73.6725219757802,74.508332089384,75.2961494770786,76.2740080544043,77.5615657293047,79.5306353835873,79.9497852199551,80.7094558015141,83.0572114354245,85.2383893576656,86.7172817157979,87.8331391280337,88.5473219982087,89.2968174001867,90.4220084657794,90.6827973867888,90.8561856004236,90.239442737382,89.5526312618317,88.2001030983054,87.8270249294741,88.8000373519141,89.3615562544854,88.4165220191019,88.521247748783,88.4878588242953,87.9319404291293,87.7058790896914,87.1990090133853,87.3742330326291,87.278781624801,86.5715546563986,85.51905371293,84.8754707282333,85.0551461886836,84.9757821844947,84.1862759494897
"17551",89.989831092032,90.6916235960198,91.322365751079,91.3768537719212,92.1549208696467,92.7113080060555,93.5286561815991,94.823433861613,96.7696716297688,96.7380023501048,97.1034469655189,100.108376598137,102.916275587943,104.986316890846,106.566375116762,107.077032556403,107.940796794746,109.194614066394,109.155821460663,109.214999250125,110.151683537619,108.297297651969,105.19288464997,102.815374076334,101.497509672777,99.8372601626569,97.2028694586055,96.1135655455665,95.3830726931901,94.3692818973879,93.904208586804,92.8979001525488,92.446719652386,91.8392636307083,91.2020460473517,90.6269704131732,90.2837378427767,90.5001261889052,90.2745954344918,89.4775548005035
"17571",74.9556255459189,75.3969544393542,75.9765537552742,76.2356378290807,77.1334334850821,77.8965177334,78.6875057738574,80.0140680554622,81.7412309369865,81.6804780820222,81.9924430655899,82.7892463536351,83.8142528269627,84.5041800189631,85.0986419871219,84.7324683934904,84.9059695118268,85.6449712361145,85.3301215561798,85.3681625839463,84.8748163709122,85.1600784756715,84.43280787212,84.3369980691095,84.8888705603863,84.7538370924601,83.4104084245934,83.4029850747629,83.6651617003587,83.5001423938557,83.8396379176932,83.6208183011448,83.9654963532249,83.9899782895911,83.8606798843552,83.7082203556672,83.6863183717363,84.1986457318511,84.1556297693465,83.5585350571136
"17611",45.9714107002324,46.2349785667263,46.6930130284362,47.0035211829421,47.5666176748899,48.203563776479,50.8608640874058,53.522144103155,55.8339838792714,56.3037662454526,56.9559527901501,55.2985176223911,54.3856365322826,53.4794615473963,52.8968014227785,52.1752986809015,51.7289754817614,51.6625050196894,51.3909106190027,51.3754044824028,51.2159639085939,51.3861445133815,51.1559780182003,51.3478840137885,52.0958767810974,52.5224090244234,52.252608621221,52.4581834592151,52.646840739168,52.1659439377046,52.0548940104035,51.5879082859894,51.6663342412999,51.5889921180696,51.5442812838533,51.6196403589545,51.7464677242053,52.2311666917179,52.3920362682007,52.25498480706
"19191",28.1987431990493,28.1628038714632,28.4381696200221,28.6897342758328,29.1005198311199,29.704241669251,30.3112263747013,31.1148400729463,32.0853740856828,32.6625117547345,33.4648083029898,34.5629563031357,35.6698367543756,36.9203377775096,37.9773938109566,39.1202217657874,40.2507062798559,41.7369499713377,43.2952909548653,44.6772933574039,45.6619087141306,46.3861762086026,47.1379088920035,48.2223132411284,50.2125141282506,51.7888633453526,51.8231214636647,52.3531954446979,53.1801061150611,53.6750234763902,53.9197788387385,54.8512925194022,55.9750508504037,57.420229370959,58.0425403950907,57.89759817418,57.7715654015469,58.0918483179817,58.1406161316137,57.6662649743578
"19271",102.035941887606,102.441923263644,103.444313186472,103.387605256941,104.133381781149,105.148395231009,106.065443662279,107.447901854493,109.45051548375,110.081346776868,111.085274111254,112.735581184595,113.575568790963,115.010440496493,115.403295217678,115.675027066931,116.410273990779,117.774980384306,118.579822036045,119.41875510801,119.571619381729,119.349314791926,119.271378282255,119.08120629635,120.624427070949,121.080105397892,119.5210774178,119.830418372102,120.414019495729,120.203223301525,120.626704625292,121.415212661634,121.969709942259,122.16164962527,122.14401693669,121.430876346363,121.235363061173,121.843120961329,121.690374937816,120.659147841514
"19293",51.1429826957367,51.2915323428993,51.8399608289957,51.9492598178157,52.5360610905173,53.4303800668552,54.1204488894114,55.0277809257314,56.164706849847,56.4609266920473,56.8521649790574,57.7803550771548,58.3377786217678,59.1509892470248,59.476750824925,59.7110548124758,60.0605855438988,60.7961549814797,61.1680139920643,61.5111859886228,63.0366211591252,66.9076527414854,68.9814946658429,69.0944257119326,68.5355434855346,66.6401848399267,64.2662080663465,63.1696862135579,62.4162167637367,61.4969603865427,61.0114897321403,60.4372441751476,60.0035253997093,59.6557123611334,59.3628139227708,58.9582047492499,58.7490624420792,58.9394592987308,59.0910393174735,58.7966478426722
"19331",46.1106884526871,46.3108174453727,46.8160226750567,46.8311772200945,47.042762876348,47.4036932467202,47.7241776613856,48.1792925135843,48.9394212974603,49.0791509294125,49.2872536266353,49.8626124147781,50.1565945065011,50.6821719821725,50.8106159872708,50.7942088366188,50.8880249022979,51.325799186744,51.3487403291671,51.3529919594161,51.2775966490506,51.1546281959065,50.9632143422217,50.8493277164311,51.1995311266463,51.0156183151194,50.4880434773693,50.5080805817529,50.5696258980581,50.3446647701853,50.3551563403543,50.3551262671406,50.4216666125297,50.4145617707759,50.3212020827535,50.0267887306524,49.8224594976779,50.0130818679083,50.0186500854278,49.6938404000538
"19393",34.1107201598941,34.1917493857888,34.6428647546793,34.9698591806991,35.4067313737699,36.0955418205168,36.8580821251771,37.58853146742,38.6720232255828,39.279470328878,39.8915408123298,40.9308553334736,41.9263587529509,42.7726865392382,43.5798282221824,44.2754894488862,44.9464330705737,46.050381440258,46.8802227346052,47.6882884905964,48.601641103153,50.1534956119589,50.7002328027846,51.0973189706471,52.1472480896694,52.608505037937,53.3764609155385,56.8080265885126,61.9638478538514,67.2112562428354,71.6809778532583,73.7210623373963,72.9137178864324,69.9006089850285,66.7080489209067,64.0625013098708,62.0526210155188,60.7493031377211,59.4106632614392,57.7444087090062
"19494",188.824108476379,190.152512841469,190.948989955223,191.187676895914,191.607348144107,192.498107180853,204.369507552561,213.992868995034,222.689007665435,225.577829197064,227.954251645245,218.688989944017,211.593572575362,204.702768400941,198.649961721681,192.813904388285,188.308441298249,184.748958062287,181.071155482052,177.784664153693,174.525679008154,171.721616008624,167.830601850512,164.950027648255,163.283509254812,161.279185692317,158.079778081231,156.333019958054,154.990619547293,153.622598108514,152.888714658767,151.454212948844,150.507025296535,149.537436864741,148.094273599036,146.525083975494,145.688242428629,146.291099270526,146.596817183541,145.972972681279
"19511",23.0331795212824,22.9924170885753,23.2329053835187,23.6330042825648,24.3461497349515,25.3197896021268,26.3733349484101,27.5339717248301,28.9574142272727,29.7928317740377,30.8207457142857,32.034445026485,33.3223214860634,34.3459180700995,35.295462765086,36.0379477114094,36.9373764461345,38.0026777753152,38.8022165759576,39.5743408065436,40.1337215104819,41.2985743460514,41.682958304196,42.2398688477243,43.0117825733913,43.1979743886116,42.5411281871836,42.815431296857,43.3077010431822,43.670233838622,44.316331633945,44.6490383015059,45.2792375105852,45.7494855410517,45.8572244787267,45.9023443504254,46.1047545874441,46.8227995009184,47.126990415901,46.9154460010439
"19531",129.853251054076,131.221019158842,131.961408716604,131.516897811093,131.256819754452,130.59928695387,127.951477123827,126.096500338521,125.093819032418,122.503613671135,120.57566734335,119.451958608066,118.472279521176,117.19953185594,115.819299380804,114.303346714189,112.892635732796,111.916535439313,110.474536520193,109.142628633593,109.375303337693,107.488760448567,105.216867187738,103.947940599489,103.517359189243,102.820379758569,101.22625508993,100.94336095237,100.9869534443,100.817289016955,100.972085742668,100.816219404839,101.066341024028,101.098673220381,100.787905411706,100.449861531557,100.426959363985,101.147742203883,101.382629215732,100.967611198224
"19553",12.3099241588784,12.2501377494016,12.4203189913828,12.7439160295157,13.3750864617231,14.1771400319687,15.2485263904246,16.6580066876433,18.4754385875317,19.9389021323543,21.7851853462203,23.9093445211836,26.1351803340264,28.2594307431467,30.358194613531,32.1778826060105,34.291822209159,36.8360656614045,38.7281262591668,40.8993413741558,42.6617424834349,44.9907295810799,46.0937580469567,47.6444260850729,49.8431660851552,51.2615089497412,51.2471980847605,52.8251743247282,54.6680195707716,56.0217942133039,57.8897711750693,59.1683153501915,60.9964572962526,62.4451757843688,63.5006861943736,64.5110875774415,65.6812678399612,67.7714967405627,69.0396422015601,69.4479496257715
"19573",58.250108027672,58.740561663823,59.1586446088881,59.2821167116352,59.8944903507617,60.2922899620841,60.7319077135639,61.5506824612094,62.7239518846848,62.5485655962789,62.8070781373886,63.5009789977948,64.384264075414,65.0603092986442,65.7476991718143,65.9259932927215,66.4570094636493,67.4893274472788,67.7477388064624,68.3420232507727,68.8870143291906,73.1436759558323,74.8174963584949,75.485999234834,75.39845736396,73.7707540032523,71.171803335821,70.2200966688983,70.2221062387696,70.2642982161172,70.6095206050293,69.9047808452849,68.8777045111027,67.6040041596945,66.4167218451019,65.39446960883,64.6768282743485,64.9546204011554,65.0196210471619,64.6849040992053
"19592",114.403225618501,115.311528716079,116.29841544344,116.907090242379,118.176596128574,119.263177215045,120.090112301339,121.68439223553,124.007423510533,123.596278609814,124.252567469312,129.293277315817,134.065611597096,137.376096255562,140.118380749259,141.301282470543,142.537848165351,144.175044115559,144.149705435582,144.220831279805,141.514776529043,141.070736857301,138.804160961686,136.74488474199,135.106116783987,132.542604871966,129.284899471492,128.739049840753,129.624075529886,130.06661456843,130.887220519571,129.55773347724,127.633094253712,124.160018097648,120.518430866723,117.36985431922,114.572779162964,112.525872685566,110.120916954374,107.484683028542
"19611",105.674614343593,106.740512524162,107.582627352716,107.806293506164,108.241785382481,108.409805952254,106.275025480048,105.185231520605,104.690263915954,102.590492717641,101.346542870571,101.032315960438,101.164615762486,100.753129793797,100.408560747589,99.5261363283982,98.8014802200824,98.3715503429056,97.4261885704814,96.6412051749955,95.2550976772474,94.5253636345987,92.922817148138,91.6946831748837,91.1201048652679,90.1845122871544,88.6196937063105,87.907778535126,87.5044739641206,86.6866852835938,86.5488138321883,85.9677755953663,85.9844537211325,85.797983024706,85.5862818774284,85.6443177806726,86.8792910228318,89.3215681425878,91.3004316667455,92.6608389166711
"19653",73.4157078265524,73.8742201700684,74.4166634603379,74.8099513299953,75.3947027904657,75.9508026323133,76.3006213914495,77.6870275807407,79.5349220745394,79.9071590094393,80.9828389777289,82.3886455592946,84.359753428274,85.4466688557706,86.5087743720467,87.1397310757347,87.9241025642642,88.6614517978806,88.8789818471962,89.3543059740349,90.1375333250024,92.1384951959742,92.5594614422681,93.3632754790199,94.0989651528084,93.751577086831,92.2747768851048,92.1261313671582,92.6956373062937,93.057292841761,94.4759390748667,94.286374916416,94.8557721396112,94.4480666957049,93.9329813493025,93.386903040315,92.9299834714633,93.1159296237882,92.513758206967,91.5161976509356
"21211",37.8177376821315,37.9119265640815,38.278330532692,38.4718768998183,38.7027049210619,39.1014631091108,39.5193324748223,40.1804036804041,41.0437847071754,41.46527729658,42.1155043659283,43.0198907938759,43.9076154132743,44.8162850655869,45.5858019844103,46.4661369492658,47.3742277092971,48.5477594311034,49.7622792048299,50.9381241945274,51.6661634571054,53.7262743507723,55.1863898070438,55.7328870658518,56.3128854416872,56.5714495037104,55.8759635193809,56.2122404344099,56.8770764955716,57.3464043433908,57.8269964017927,58.5982017523043,59.0561104729598,59.5140613937003,59.5841639617193,59.2895769140664,59.5626090504151,60.2617401213204,60.5127531237749,60.2143272829748
"21251",81.0881873591659,81.5680694217238,82.2110537780362,82.196032314424,82.6066650111114,83.1410379097479,83.5946275836548,84.2976610285254,85.3322838819798,85.5672890964872,85.882711445444,87.1751366442358,87.8686000842317,88.8671683075246,89.1688449890896,89.4365511580959,89.8396854289387,90.6098387527385,90.9384847338875,91.5170968453933,91.5509827251722,90.4465364519105,89.6394469514968,88.9153846275972,89.5513031731612,89.4771208137169,88.4106924861158,88.5531549425604,88.8835761553411,88.4338023781761,88.1289894741175,88.0734296420087,87.9775532662418,87.5464833855405,87.1632825946854,86.3616539433206,85.9991511361274,86.1226338050216,85.6483953432852,84.645967618025
"21291",95.7414561176256,96.2963213480468,97.1229653541185,97.1467946276846,98.0213070562396,99.2812170610565,100.30135820444,101.474757551092,103.120794966689,103.307927871481,103.720892067531,105.021272028482,105.706264369798,106.856702509488,107.142961745204,107.462470275624,107.907750627298,108.931183128706,109.335566904245,109.865653225912,109.916347926957,109.528929330973,109.246056083058,109.126650743105,110.257325155001,110.121545054251,108.802277100554,109.041774190786,109.539131893302,109.438075764987,109.757296649344,110.129552102271,110.47761640923,110.533701249489,110.474973116751,110.028519739601,109.631376567952,110.016206583324,109.792768583707,108.894071539586
"21332",49.3839079127044,49.4955746232797,49.9776940605673,50.024614002836,50.6017923234678,51.3128601023034,51.880758407001,52.5747788361814,53.6273792379939,53.9307821808987,54.3520919386185,55.4094152597201,56.2042899142353,57.3650846989215,58.0695343993445,58.6739230074342,59.4167214947123,60.6373002969524,61.5680429500081,62.4776692475761,63.3318993799522,64.6876641344734,65.7489507440466,66.6078965381264,67.9669668390936,68.216970173996,67.7939645694347,68.0496399031259,68.4106207666108,68.4551276047235,68.863823978619,69.2639621595277,69.7271379195783,70.1323199067185,70.4033615649661,70.5395607509982,71.0723021654177,72.4397778185527,73.4429380398636,73.7720893850381
"21411",71.6133187477241,71.7765603235492,72.6132670887903,72.8442806324383,73.4367219259192,74.2934814164295,75.0651075165256,76.0495599420068,77.5190924117983,77.9159854848418,78.3043618598126,79.7290293245945,80.9476073057686,81.7929527603902,82.4351388548743,83.0496676537614,83.4635354165023,84.3908727012709,84.7220834146723,84.9698092042418,84.877956290913,85.016561382475,84.9011263984418,84.5190730584077,84.6488848568362,84.1493307844849,83.0857394758946,82.8690457336437,82.9871716234016,83.0173541112614,83.0222883237477,82.9316332501108,83.1319882428127,83.4128566427013,83.366695334214,83.3223630559184,83.2692949115401,83.8434269982315,84.4698612738341,84.2923151776246
"21431",43.51648174674,43.6426828389793,44.061208730731,44.1571907318202,44.5943658745776,45.061847458416,45.7562918521521,46.4125716692764,47.3401008658146,47.5150693117721,47.8062239226078,48.6535563615269,49.3718821210548,49.8713924077389,50.1272102346142,50.2998014878423,50.571227752345,50.9315490630747,50.9238953425557,50.7366300545372,51.630524584854,51.0266757237842,50.2063325963648,49.0965096984942,48.5395921991153,47.8561546517684,46.9379299417891,46.6435734170905,46.4755733001917,46.4158980429015,46.5714779690888,46.656505922244,46.8567154145074,47.0203302708199,47.0023387763085,46.8973829258009,46.8399253886493,47.1352687142686,47.3386074926006,47.1428740827163
"21511",53.9049510033258,54.1964465034291,54.5211013512521,54.707695836077,55.0816292857132,55.6611414506077,56.2280372750642,56.9622201798141,57.94775729732,58.0457732904814,58.4530075638243,59.0368909641942,59.7527604593166,60.3068909923626,60.6786008482621,60.8311184525575,61.0655464453077,61.5531173049686,61.6482473161029,61.9004489525386,62.4024538496873,62.4973745119761,61.8924152415909,61.7978572276539,62.3100725892325,62.384924663755,61.4869891675088,61.6688318611485,61.971058738009,62.2326328857254,62.8315182392936,62.8925260902871,63.1673534778366,63.329670807605,63.1717224573697,62.9838657366755,62.9253893962607,63.622469188817,64.0285687944685,63.8854627657878
"21531",65.2757870506226,65.6578153329006,66.0519253587456,66.3052987044949,66.7222641690533,67.419836136659,68.135770353613,69.1965868393807,70.5598673726351,70.5965404889184,71.2600711694287,72.6946703041676,74.117010314747,75.1441551879811,75.7778925388459,76.4019655017176,76.6297854742764,77.2235337653685,77.2717891707055,77.4802285907166,77.5437791364613,77.0850944399668,75.6906795747386,75.098053689824,75.2586090686072,74.8639949910174,73.1713338736734,72.9947587797414,73.3835653710078,73.6395361832066,74.339626549398,74.6418797278507,74.9791567174821,74.8446358285468,74.1113225900542,73.4917726469643,73.1756913127192,73.5876849735007,73.4587537171269,72.8450852380507
"21551",7.18415165330214,7.13674058133449,7.25295546584778,7.50113445618523,7.94153361269945,8.50651805214463,9.20166940420871,10.1227463989735,11.2506025466218,12.1353318510058,13.3395801768696,14.8183163437207,16.4536103424922,18.1250677477998,19.8302978188726,21.6776002604629,23.6003679328158,25.9422753227849,27.9187193625594,30.1901228443179,32.203114969858,36.509983237862,38.9801834818043,41.2706979993126,43.4114199919388,43.9964071344807,42.6840107441995,42.4222360221273,42.1104343432886,41.6705832840985,41.8580214433176,41.9582208630078,42.5738802378114,43.0935026040789,43.3428828871668,43.6572601683113,44.0365319264697,45.0200569491627,45.4514271832311,45.4278292667114
"21571",21.6922169459328,21.881739076811,22.0903242684204,22.3031170796989,22.7532380652507,23.223509483883,23.6833870086946,24.363588487974,25.2083887819054,25.4857309626436,26.1426827266058,27.1149708603116,28.2414185873059,29.3817141016963,30.5868027089332,31.8708669011183,33.3373393566178,35.2240648007362,36.7267555779327,38.5735242537994,40.0724910233394,41.9086624835108,43.0923906293819,44.7842914950734,48.0527501117733,51.1813115378729,53.0268997978371,55.9231669117534,58.3477465747118,59.5476661827152,60.7751092893048,61.0965809033244,61.5946522011036,61.4315873596277,60.5234880111722,59.2633745654498,57.7102555252422,56.440160075644,54.6332748316307,52.7368968777848
"21594",78.9081278094593,79.7460516894825,80.3409497505895,80.8676144693706,81.6032445478942,82.3532354348866,83.7134700760033,85.4117054850507,87.4524503609776,87.2103765248279,87.9173003010016,88.5484321979097,89.4698836982356,89.7435271102093,89.8901570444564,89.6670744087433,89.5702867256587,89.8509125367115,89.3794431472416,89.2503588249582,88.8911049136027,87.7128143714674,86.1646174881562,85.8070325041251,86.3076468969192,85.8943910096419,83.9271092721115,82.9346308190993,82.3007506949873,81.4136044410442,81.4681648842617,82.5865944151022,85.4372214770091,88.2855487550429,90.1801517921815,90.5666343893657,89.1586139789483,87.0322170768273,84.4741811798942,81.9064844180129
"21611",78.097902926393,78.9331925134146,79.5164559070311,79.971643494725,80.5846056011439,81.145003513172,81.4128987703798,82.2516796751738,83.5899473774375,82.9905348795179,83.3619512362009,83.9034574089157,84.9093353047413,85.248178596758,85.5600585482274,85.4796541769043,85.5702899301752,86.0266961915161,85.8197878694297,86.0093035048262,85.4295242948787,85.4983053060724,84.759408068257,84.860462349616,85.6549925579186,85.6442935296584,84.5381603892881,84.5314366934204,84.7595745853824,84.5391985230809,85.1063744362962,85.0354501745682,85.6284764147888,85.8443305791432,85.9840111095375,86.1880271854278,86.325206238536,87.0861168900012,87.1210418496307,86.7197912441635
"23191",64.0191048527532,64.3658155420444,64.934356550303,65.0359086043658,65.2691331411593,65.6721364229188,68.0876482765776,70.2732763658238,72.3877893396118,73.4324590146037,74.1380355323924,73.0857741180212,72.2480818329896,71.6779035553627,71.1309574526424,70.7837954983469,70.5474914406689,70.6139062640394,70.8463135169048,71.1441442884002,74.2827754192088,80.2706702369321,83.4481525044408,83.8295270453043,81.9225810342833,79.5885823981436,76.5888268422566,75.0648942612334,74.0658566353559,73.413592709839,73.5583469815191,74.0901615607518,73.5991013182025,72.4339821112103,70.9634911830844,69.4077510076404,68.4687012527933,67.9776627904541,67.2035805664162,66.0460525459204
"23211",6.04005840306329,6.06747807650119,6.12733603707438,6.15965015737227,6.20481066838929,6.27105475706395,6.53202314542126,6.99535972039816,7.65599335934891,8.35640999822961,9.20475934719789,10.2393339880524,11.3554700390349,12.5721044516256,13.8085061516048,15.1533321065058,16.5804582430536,18.2033668264236,19.8970163221815,21.6662719713617,23.1734316272539,24.3991739439697,25.6428678025722,27.050756622608,29.049120232342,30.7780894576436,31.6193124417257,33.2897564301257,35.1355423673855,36.5123810111884,37.7534292717979,39.4173702379857,40.9376680212646,42.3538058186113,43.2687131452784,43.7548477563552,44.879834484454,46.4896110215245,47.4266305123264,47.7153392429591
"23331",79.8749137257229,80.2078348366009,80.8871430014871,80.6408899914266,81.327934672907,82.0651150451533,82.7156145377223,83.469103149902,84.6684581038219,84.7033316030794,84.9272907612297,85.8630541625621,86.3585315455029,87.1579019467867,87.3031301833535,87.3065830263269,87.1360125589016,87.7360295544652,87.9184214988842,87.9574640542317,88.4223102282536,87.8489768196459,87.306804748623,87.154360838337,88.0600545733317,87.9150596133916,86.8331226794441,86.5721676671877,86.5675985062729,86.3055406091754,86.4647932244265,87.6460405592121,89.8829895346226,92.6175900024877,95.066668096673,96.2223577187994,95.3047458530506,93.23452431746,91.1963740730355,88.8896342814943
"23411",114.975311244445,115.38764231522,116.666766694681,116.842365216978,117.689094621181,118.775238120006,122.520485621372,125.930821853735,129.789844479861,131.242422793584,132.120076216118,130.727605313841,129.459330885034,128.278260168781,126.994745752454,126.122192514589,125.120581451801,125.043779877047,124.058586487845,123.374674024039,122.785005215136,123.362916276661,123.500998832371,122.749260412968,122.524480400445,121.55241315757,119.851276634821,119.265250522661,119.52726050971,120.952725597488,123.658516236977,126.390626060456,128.893898209212,130.024128977315,128.913908638512,125.852827717114,121.988143183729,119.421973894354,117.162526369548,114.344050149907
"23431",72.1769712390845,72.3848824771886,72.9779444627591,73.1697268956717,73.9059562675116,74.6683378604436,75.6649098619183,76.7598643344641,78.3268793939665,78.5574297873189,79.0691291627452,80.6140700428697,81.9610664533616,82.9932238942399,83.592191038501,84.0830609369842,84.6190317426681,85.4255927348694,85.2416140704954,85.2308309120898,85.9112595167613,86.8707243782671,87.6534962335111,87.7542103112914,88.0238146011091,86.9699531214582,84.5387942464163,83.1594371482276,81.9402140308243,80.9310908801229,80.3200624387666,79.6748751673675,79.2940037022232,78.8279137371389,78.1726584457372,77.4292410649203,76.7723935983087,76.644210885912,76.428357974197,75.6047207023792
"23511",7.74699756834145,7.67402300521957,7.780709372587,8.02241799501012,8.42945961981813,8.99114004645808,9.63823433765015,10.4217287547892,11.3435873932134,12.1123394920813,13.0533001441766,14.0029115261679,14.9842623451904,15.9067560521442,16.7333357672124,17.4570203933526,18.1724060684908,19.0231730029178,19.6407788637311,20.4012868129967,21.0020605435576,23.0868813969636,23.8398226651982,23.9062047341385,24.5604482281413,25.1954675527871,25.4704556440132,26.6287109904173,27.8509745756202,28.8787652577746,30.1179505180922,31.0843134698494,32.2507981901357,33.2996292840085,34.171090356475,34.9947391444287,35.8550394157313,37.6879691760956,39.3570983916299,40.3975086046696
"23531",48.0403707032339,48.2851629841162,48.5721716610699,48.7757604902425,49.2010511578786,49.8763171107778,50.6073675791853,51.6696795137328,53.0405529635724,53.5027233387225,54.6177809251035,55.8008324923909,57.0769071152747,58.0698460192645,58.8292848070531,59.6017080572081,60.0666229855668,60.8450770461693,61.2144362886414,61.8277064176899,62.8594850165917,63.3355268062572,62.8971532076105,62.8147446488914,63.45424184466,63.5693352900602,62.5652523285384,62.9557077236176,63.4513996773914,63.7080533362448,64.4313222431961,64.7260400002993,65.2291858421218,65.5251083894187,65.4589948539297,65.4460478683845,65.5703448702596,66.5261312154521,67.0005888430483,66.9421889102626
"23551",113.321983678758,114.641598199165,115.294574397057,115.27821914149,115.590440955082,115.782988718907,113.602682281145,112.220674944466,111.302572320008,108.938555058072,107.62334784401,106.751362032878,106.067591256797,105.214614476593,104.250878679298,103.448817107838,102.651889208535,102.315006585743,101.506383176244,101.03759596695,100.029215235566,99.332653652889,98.0263452260631,97.393926952444,97.4933837068147,96.944652260826,95.2503994574631,94.8871369908629,94.7051143248812,94.2157222280596,94.1760907085199,94.0731396496539,94.5526985667648,94.8579794598969,94.6891961266701,94.3242143429636,93.7599575639936,93.5489399808317,92.8304359003215,91.7990635234589
"23572",13.5881071720204,13.5393751352099,13.7200990631221,14.1130951328818,14.8010210490603,15.7618865273839,16.9841104198694,18.6394588594659,20.6934327872425,22.3501787735165,24.6909532067661,27.0226507263671,29.256253975785,30.997164614644,32.412714058038,33.7318346067718,34.9537032620212,36.3738444199141,37.2619822130013,38.3481669263655,39.6422079764199,40.453445183814,41.0634717683074,42.4435744699767,44.6667759821847,46.1733000478588,46.4880454774493,47.9477717058758,49.7788162010764,51.3266807284825,53.3094760007501,54.5870635263487,56.2070781404181,57.3454645332653,57.9241973698174,58.4035693482757,58.7067642296604,59.5419365037958,59.6512632944721,59.4285740112205
"23591",42.702230216087,42.758061003217,43.2443649522527,44.2659914915636,46.0494028941018,48.4859896733034,50.5406388634645,52.9321836699669,55.5551884416859,56.4745362626343,58.2526719924336,60.4722232429691,63.2720087841199,65.7063202816756,68.2135539685577,70.7255803235347,73.5987807365396,77.1942076022476,80.0554722479347,83.6665659717071,86.2046788025967,94.7287940319508,99.4354571746656,103.125927693586,106.098211870943,106.30601545962,104.303913444215,104.932709336502,106.371939515081,107.195103661697,108.545331249625,108.489734430017,109.709405932037,110.572339995112,111.118792425978,113.865309565745,118.584277126953,125.381724983815,130.179210669202,133.761374299121
"23614",113.365969975656,114.693063676405,115.387860753098,115.713319342796,116.002142756196,116.3175683058,115.693216273569,116.127289837241,117.201848730524,115.988087521875,116.234016674946,116.697201461352,117.849756987749,118.118026554982,118.222183434601,118.190741010349,118.383572420054,119.138338321755,118.995078055568,119.549128640869,119.215423457577,119.451220696709,118.401772440211,118.435129127396,119.477555178298,119.480986459256,118.167033079279,118.36966541401,118.670768510814,118.799643638403,120.169964723122,121.030658152491,122.762833066873,123.946804766459,124.759906441534,125.368233167139,125.50578968286,126.23177767506,125.74803802698,124.919191198626
"23673",43.2852211102762,43.3358117034129,43.7541341873562,44.590263975428,45.779935162942,47.1563371770624,48.4480171445007,50.4160914224125,52.6315735310426,53.7729260134981,55.6630712845891,59.1285416015615,62.7068303384445,64.9948348744752,66.8757069699532,68.2435216095336,69.6592303231353,70.9416502953768,71.4621650354331,72.3321581857421,72.073875806722,72.144847008154,70.8706992472284,69.9176353318586,69.566668868614,68.8782117592554,67.7559293015885,67.835990548064,67.9815233804486,68.2939788812886,69.0162823783764,68.8986773160425,69.8582044057682,70.1818322001418,70.5957114360301,70.705729137681,70.9752825786284,72.0268179792601,72.440508895131,72.3716128906921
"25311",74.7725027313214,75.0319269845671,75.7792081106357,75.8472476751964,76.6100955091054,77.5214740082036,78.3615487880325,79.527597575295,81.4353193677602,82.2289125677591,83.6132224323838,86.2210155251632,88.2509486012603,90.4686315175802,91.7120103294047,92.6647978855164,93.4310220321785,94.7717179411356,95.498951494481,96.3272471281866,99.4699397976635,97.6700524152599,96.3542301481722,95.451836109044,96.3657291782673,95.7927487538153,94.1720845660182,93.9948867082718,94.3184455158598,94.3209881945892,95.2973188813322,99.6900758962354,106.924057304416,114.17509613392,119.384915464389,120.506874904766,117.28515473516,112.29867679951,107.790170650476,103.302599489008
"25351",47.9349184218125,48.0841956747201,48.4556267862113,48.8823297734843,49.690418044982,50.6577585756797,51.5361352768621,52.4411491274716,53.8734097740244,54.390923086074,55.3691702196542,56.5878792239259,57.594164550859,58.7955047496807,59.6389758107884,60.5155459513246,61.1386377132609,62.5808067702528,63.5254288147758,64.6321447218568,65.313309038477,67.6129044648569,69.2800503013282,69.9892785146806,70.9140527885179,70.9127776837134,70.3466108858231,70.6210972790114,71.0995775748316,71.3322623572872,71.8390841993978,72.2198498702635,72.8063315511211,73.2156549571355,73.5699586746369,73.804228824303,74.2137008003042,75.5893891978096,76.7206962738803,77.1119736600676
"25371",80.2608037819254,80.3832205247277,81.037361074717,81.7465972961436,82.9906510576741,84.6558039658247,86.2664598883405,88.0113507880073,90.8096069880975,92.0248086518583,94.1894360043706,96.9660489471406,99.1948182567414,101.344697845195,102.91651582946,104.177691102214,105.048677265193,106.969939780627,108.019315555052,109.092961568265,109.693323227099,109.118438601407,108.744743861613,108.586854032895,110.105750928502,110.432235454895,109.568940925194,109.731701097347,110.132053471948,110.263340440105,110.944849785539,112.13367221911,114.285068711682,116.248900951652,117.666433792795,118.167364932557,117.723364435257,117.25527876481,116.067784431302,114.141753324965
"25431",86.3068377795352,86.470223989627,87.0052931392465,87.4943246985335,88.1979927132954,89.3308227521895,90.5870562662983,92.545108442225,95.1365060590408,96.4599118655035,98.5519170630625,101.604244313193,104.690110316464,107.34150249648,109.342557144291,110.989487642485,112.495552093591,114.373427961809,114.85202904955,115.786131265387,116.524500945769,137.330808652644,151.100817926402,158.612589680364,162.915878375274,161.158263172412,154.759575266067,149.273924439398,142.891904588852,136.450849412239,131.276753015629,126.704583562928,123.323593710051,120.172657580018,117.448731127955,115.023849158781,112.96863988798,111.723000465518,110.55844440644,108.468562881227
"25471",81.5962845233761,81.7277926776504,82.2607578386313,83.1366348041761,84.4081884296126,86.2788832918193,87.9600203597173,90.0825998465197,92.5738126555923,93.9352927108332,95.7712704040546,97.6828264688749,99.7019552169871,101.571104942114,103.087464871615,103.987354980683,105.012779520654,105.971467977522,106.173329689722,106.960298622731,108.610924568487,109.110243819512,108.624378176118,108.421835159302,109.520548650139,109.77419851125,108.61234064211,109.368504350627,109.795887670142,110.272821676308,111.190765569337,111.891427111429,112.858655500864,113.04084458536,113.307788996851,113.379254378779,113.627634901001,114.64524504948,115.450375651473,114.938895525661
"25491",47.9067140983382,48.0584237270292,48.3641849236355,48.7006035729013,49.398380784593,50.3715950181394,52.7922237303088,55.1344745106878,57.2769911957363,58.371441139922,59.5572248028842,59.0921710324913,59.0512488946402,59.1378979142209,59.0998468612462,58.9201851746313,58.872911226192,59.180660784434,59.0074777076858,59.3303596489996,59.3803363610975,59.4233455727155,59.1476163080097,59.266927141124,59.9448410466346,60.0636810445765,59.3085097256637,59.5545556842228,59.681468611494,59.758246419329,60.2056148013525,60.4980430865946,61.0286860531308,61.1858864934003,61.3133699590555,61.299427451682,61.4025632627536,61.954256428077,62.3100459701942,62.1317438084202
"25511",71.3494793881933,71.7157663655905,72.2044022230382,72.4374583014107,73.2813154015907,74.2737498322811,75.0914427826106,76.3851868720794,77.9222122239793,78.1547649039453,79.2898090657072,81.7547281648378,84.3950162866851,86.5148452213573,87.9913736569614,88.801180877289,89.3922748340961,90.6072334120035,90.4066533347841,91.0036870155651,90.2821223041384,89.2731327090995,88.0125077059202,87.3817761643619,87.6533875206862,87.266200235299,85.6190577809954,85.3649440680013,85.0458560177213,84.6497598059764,84.8568121579858,84.8412932984918,85.1506732720165,85.0281975003,84.9372090676394,84.6757466456596,84.4508449895855,84.6962380266747,84.5869418810402,83.941509556177
"25571",80.0316300231361,80.9107319952895,81.3541704218273,81.5390703990572,81.8721384760696,82.356999013787,82.7192810416907,83.4779557065646,84.4214703052744,83.7554659931445,84.0116826254485,84.3754311907862,85.0584424233088,85.2362916241559,85.1329858843143,85.1023441640488,85.1905433256043,85.5850969667814,85.4960601881908,85.8057520788874,85.5377197640963,88.468741565895,89.8226095368973,90.7941207126619,91.8557299740001,91.3066185232167,89.1755501156004,88.329167890486,87.5902378963952,86.7285178833255,86.4611280774104,85.8648014125676,85.95632510208,85.9805708272798,85.7614793764785,86.530780263574,88.2603620342989,91.1411602906624,93.3655841922378,95.0197081088058
"25611",45.9132574656499,46.3720635246459,46.6865531574915,46.9465415968074,47.268327455535,47.7076191780538,48.0220845508948,48.6654989818556,49.5018867393179,49.3005548911551,49.6548626123589,50.9509138924466,52.3188286725458,53.0810802388458,53.5116682795606,53.7745196841239,54.0374943761224,54.45665466581,54.3318043608301,54.4828003692606,54.4492678789012,53.3696886296816,52.04049865388,51.3388851031794,51.1045947323711,50.4976023940845,49.4479119552959,49.0304051777862,48.7402632833734,48.4973549155358,48.6878401227625,48.7308700287686,49.1591998151952,49.493230808855,49.7619203861155,50.0327847827806,50.1732394588597,50.5899401868142,50.6015567788372,50.4722107423266
"25651",23.6168181283261,23.5437996918937,23.8174625499153,24.5205348807909,25.6155992371314,27.0527827268294,28.5863893344273,30.7721690103333,33.3271622323249,35.1891322903301,37.8486820976571,40.3025603020192,43.0883478001523,44.9530900470223,46.6992002350302,48.1317731211443,49.6179336820759,51.2731572047226,52.235523355086,53.7268839970959,57.5756636347982,62.075747395165,63.7519649991964,64.4686377289684,63.9215986899781,63.025658410087,61.7060839931116,61.6824217616139,61.6648540641905,61.7459155904244,62.5411630176861,62.4879940060705,63.1748465441234,63.5215565203639,64.1412857240671,64.5805301490269,65.0119186844594,66.3518954850247,67.1632876850629,67.5418463219937
"25671",102.634626301562,103.450839100683,104.091611403683,104.885346902605,105.872044410731,106.658902221579,107.021328525627,108.264201570266,109.828588589185,109.396037465026,109.938126284033,110.67369654116,112.175930446604,112.481021898645,112.757708078687,112.695880181191,112.999080704683,113.424013448077,113.069286282242,113.454538202855,113.173644946492,113.275936014644,112.248614423523,112.353542143363,112.882374992186,112.560917819305,111.147086291025,111.01032253472,110.697798411917,110.559948236757,110.934667035376,110.294093067139,110.894610177474,110.912019843611,111.128035763103,110.951385879499,110.846882256529,111.558788379506,111.337945803956,110.750441242226
"25691",121.47343824285,122.403950094451,123.010540426395,123.902453791568,124.94041869215,125.75264356563,138.510806935621,150.563476457679,161.517056039094,166.955019205074,172.586439989204,165.238151658303,160.306148380798,154.695625109934,149.711890965757,145.175113947642,141.677423116602,138.638616775299,135.23299786469,132.835458473103,130.279370368925,128.193832252172,125.412423068319,124.494145331078,125.780394652659,127.548254312634,127.894835383068,128.050400621058,126.215284844663,122.834564978432,119.985443298574,116.469768514018,114.373794769315,112.748662017897,111.459104831237,109.323661669792,107.18927852213,105.909859953171,104.316983302502,102.657974029968
"27231",7.70537849991713,7.66262637915091,7.7899981240139,7.97995433499529,8.30029005936658,8.71745997131364,9.40793509874835,10.348585725745,11.5798205519006,12.8968750642485,14.3830042690305,16.0595259159227,17.7854851372351,19.5745336133453,21.3260842519182,22.9339478000936,24.8565848092874,26.9110587725491,28.9940956234807,31.1927480336997,32.9819192958751,34.4503698600427,35.8758579766773,37.4052824782369,39.74148298046,41.7036707847449,42.4329868597637,44.1047296844445,45.9729414415782,47.5107781204093,49.1624205536724,50.7091430304659,52.2549898426956,53.5005839464266,54.3724607902854,54.5260102760192,55.5364060295081,57.3236513052375,58.5941478135175,59.0945381264525
"27251",83.3826794983285,84.0999167750182,84.912345291745,84.7435156368943,85.0313712890568,85.3725866799189,86.3830973214825,87.2536527708214,88.533190616296,88.8558054762055,89.7532933250973,90.5110943837914,91.204282459728,92.479540921249,92.887920333752,92.5554838880784,92.9249658415211,93.4237999829205,93.719977547648,94.1299473112992,93.3057342691954,92.2027210730853,91.2911129309343,90.1741468171775,90.176585398576,89.756692093498,88.3910271985402,87.933179892365,87.734648936562,87.301201942603,87.0100641870038,86.7224358635055,86.8089513771168,86.3463213962074,86.1032913801125,85.5882293263488,85.870477048466,86.7090263101213,87.0864581858556,86.9045449664499
"27274",114.770355428015,115.582206903881,116.679276280329,116.527998729779,117.18579739877,117.8572680906,122.05397746547,125.659258033759,129.492335217172,130.978920761924,133.424149845844,131.522033745965,130.05088965897,129.319613943704,127.771216250431,125.763485241125,124.516298807891,123.925571592598,123.044352932139,122.29883721853,121.508512111259,119.434884674679,117.637120247668,115.923997001924,115.557353620092,114.490041464534,112.377770901644,111.513961631672,110.721455860735,109.493962301213,108.460337832153,107.151201351246,106.388483242758,105.105664926275,104.243733919806,103.04011752039,102.493532098639,102.470440953585,102.140365433418,101.312259884835
"27291",165.644629735254,166.684599880228,168.167734040928,167.486099095694,167.628764271512,167.70474095753,163.977734023809,161.282490981179,160.089048223223,157.684771385199,156.481529459317,156.296931213886,156.049214742846,155.945074218553,155.076761790834,153.772142400659,152.506451417266,152.162388294553,151.155911109252,150.461381741163,148.144077026031,145.442885833159,143.109005085626,141.067589548347,140.489992335727,139.009326279916,136.877134644693,136.26827366908,135.886653454597,134.917853679667,134.104035455716,132.725751165621,131.834898443077,130.408569584979,129.404481019613,128.12264201293,127.233538135581,126.766078713376,125.962002766224,124.660551046562
"27311",50.7886708270291,50.8886653414122,51.4154394962462,51.473480791681,52.0026321034376,52.7313498886026,54.146232039034,55.4861630138884,57.0801628030108,57.7379897076689,58.5933792616917,58.55493796181,58.6290450795319,58.8627429205849,58.857146396787,58.7535114224417,58.6927361715354,59.1464584212242,59.2983718212282,59.7129919142512,59.7321697362075,59.6204881755639,59.5918395132309,59.570078531767,60.5266739291383,60.9619174792683,60.9708825414265,61.7385380338817,62.5831995514115,62.9028631190226,63.3257097048693,63.3154242451658,63.2233821531912,62.6269074909728,62.3070080450457,61.8861586159604,61.7479370694583,62.0088857008631,62.1253457668685,61.8300926886853
"27394",89.8958744358733,90.1936459035729,90.6159648055534,90.8593505029688,91.2729126913105,92.2063404686602,92.9942891853722,93.6533891669814,95.228002996045,95.3279285846643,95.8792940309828,99.7993661922663,103.307221491927,106.063521855482,107.891602388407,109.184941570117,109.929245650831,111.17799780785,111.300750695325,111.512391604042,111.229330758032,106.906058204106,102.98221836566,99.7509827267447,97.8997091347904,95.5529236613831,92.7838866824569,90.9424161690333,89.3407976756363,87.8186344471844,86.5260687475385,85.1654090604536,84.2936404431432,83.2343495347995,82.2461174174992,81.3261687075944,80.4741313805899,79.9003927573993,79.2903593283276,78.153142897123
"27411",29.0893018079572,29.2651580820502,29.3548617483979,29.300005476371,29.2048575012158,29.1488271228073,28.9572204110867,28.7181242354104,28.6396105172533,28.1824316413266,27.7970258152468,27.5899024571092,28.0902038588594,29.1891293938414,30.7771844898203,32.9485364533794,35.6591001383151,39.2335524295496,42.9325900289033,47.4130581840337,51.628419484271,55.2104712121356,58.438655145045,61.899933313774,66.8465365043083,70.8785495031061,73.9165172266251,78.3527063007775,82.5812183108947,86.8277394250045,91.2603268196658,94.4312222321315,97.7460834884668,100.269356057334,102.635874425802,104.760745314713,107.636417454932,111.631405805558,115.11565892028,116.521199491044
"27531",8.19831657578153,8.27033808160358,8.29885534048502,8.32829811379568,8.35886913925289,8.40436922277726,9.31063338193782,11.2971685676482,14.3661381447724,18.0711167335334,23.1919476675387,28.0995161283185,32.9826958075054,37.6886593059471,42.0680619934481,46.3167413344798,50.4599109433692,54.7849572774345,58.4836290976486,62.6873330290146,65.7661716082778,72.4870716498455,77.2688111154418,81.5205246105729,86.1097305916816,88.0516071717916,87.5009995640565,89.1490466869471,90.4158890816656,91.3339756770636,93.2057070083046,94.5333753218676,96.6133727020699,97.8423699299589,98.9238557577845,99.6152486294402,100.258258502257,101.563790077142,101.986865114722,101.791188899394
"27554",77.708646430087,78.5163009345214,78.948309007195,79.4282546478802,80.0236453445741,80.8968500916275,83.3974428912583,85.9497822040371,88.3435745704925,88.7732128389673,89.9955505412108,89.444953937934,89.5008873684961,89.0873167187827,88.4216652328866,87.8702663239308,87.5993489002792,87.5312368686788,87.1245161294515,87.1511869380752,86.6542830338951,89.8526195070646,91.0062898319077,91.0625111355516,90.729311770681,89.3147966859375,87.1444577154467,86.4133483937108,86.3802657373895,87.3933570334222,89.4888277767525,91.0009630052216,92.5158211448899,92.7535161603692,91.562060520496,89.3404508633086,86.8048616506202,85.0224621067736,83.1615397298687,81.3020126591512
"27611",20.9738243846043,21.0799938353335,21.2958134951623,21.672489827053,22.3245578316702,23.1844670123572,24.0641045938046,25.1687707025956,26.4826242339456,27.1713692744853,28.2937690734862,29.6779320812108,31.4515780811203,32.9164792731864,34.386143813528,36.0046714455922,37.7164341275861,39.8706361748567,41.651845492853,43.9966715465277,45.5820881422778,47.9826337610044,49.3384506093311,50.8405786189089,52.9608321240233,54.1547919946486,54.2692482628663,55.5939170413491,57.075389888248,58.3975625105279,59.9198161279708,60.312936756838,61.656856312698,62.8147977266458,63.8143646705005,64.846283448024,66.1762083848351,68.5141930303696,70.0196274931977,71.2771411274978
"27633",43.7966466216433,44.157919615786,44.5443099636444,45.0237078544304,45.8132004160624,46.7680480760688,47.5395774112547,48.6370125442193,50.0535628121105,50.4386686868108,51.4061269935322,52.5184221906479,53.9527139982449,54.6761924136347,55.2684401324242,55.7565585786008,56.1785934516803,56.8576821145865,56.8830162972286,57.4195459568093,58.7744759309818,59.1066067710511,58.7136831965826,58.9739899673308,59.5982829457177,59.5485867389117,58.6992605336319,58.5729340621865,58.3648727926458,58.1124238571056,58.2127340214513,57.7649737677029,57.8970223080008,57.8377768325787,57.7371769931277,57.6543941231945,57.4945126535921,57.7649616412946,57.5429689031593,57.278450323177
"27674",26.4984860858242,26.5134186448204,26.7637665047161,27.3509299806283,28.3496782564757,29.6009371444967,30.7589064309979,32.2872559932826,33.995010457275,34.9771746469068,36.5214928836446,37.8584603327068,39.5427614122872,40.4580903775536,41.3915852828314,42.1300459525562,42.9359574427503,43.8478636375468,44.1989609988275,45.081071538372,45.426575678772,45.9282146161725,45.7907390330781,46.3309192663964,47.112101504723,47.467913765682,47.1655328441372,47.4998589208097,47.6571075771704,47.9496661827447,48.4294386482952,48.3927259175185,49.1673369143148,49.5555879752086,49.9161772646567,50.0967364842007,50.283059159255,50.8780175513842,50.8966709332293,50.8537546618697
"27693",66.0791686783485,66.7174333076501,66.9342447348384,67.3549152321736,67.8530150459419,68.3090003539586,70.3808114226421,72.7019311916306,74.9067077722961,75.2767352677431,76.0979554568295,74.6343116606633,73.9456096900803,72.5909384668586,71.4389219012111,70.3704448266112,69.5459575298726,68.9357414816222,67.855006618042,67.2577560476039,66.343965583078,65.5888916768034,64.2843934804859,63.7087029541354,63.3885701899236,62.7788898467971,61.6543339630539,61.0967163229619,60.4867974619741,59.9721957936627,59.6093181638737,58.8131256890875,58.7639222266238,58.412787792559,58.1002825373961,57.7239546933953,57.3957499655484,57.4117459599943,57.0501303888624,56.6912966182215
"29231",102.115655152344,102.841301782566,103.875186727472,103.853462846702,103.959156907713,103.941181847,103.041920451633,102.430591022339,102.323124474788,101.765869613748,101.028735064832,101.857346575969,102.600465629729,103.031808234551,103.176375924766,102.914493494273,103.100847567379,103.427369146609,103.687174265314,104.016137563648,103.830480820496,101.977138656629,100.03975340744,98.7218494258168,98.6012705710358,98.4624594340515,97.2034090623052,97.0260023150102,97.2747134947666,97.0341776513571,97.2593072299344,97.6307987062636,97.8448344963708,97.8884943849264,97.657528511215,96.764220393103,96.7711330242791,97.2541815911233,97.3490213408087,96.7982716716177
"29251",70.6999384200071,71.1437650970485,71.9436621433428,72.0955458762704,72.8341267766644,73.7402615684485,77.7207703629575,81.1687176752998,84.5569978334134,86.660194951449,88.5564679681525,87.0445332494207,85.9821400611564,85.1823101685419,84.1088599219365,82.8785832370079,82.2753754608797,82.0998617762861,81.6775951658127,81.4274213753563,80.6643477203366,79.9319471317821,79.503301576711,79.2291440173323,79.9995334905785,81.0870156976096,80.9993686612295,81.0340617623983,80.6550119530855,80.1060090772199,79.9146295593262,79.8520198617227,80.2008399125714,79.9468235428015,80.070482667287,79.6909463975422,79.6400718819005,79.8505568292381,79.6986972343075,79.0977655581875
"29274",33.5980950807613,33.8395182381772,34.1949108626358,34.1839108794101,34.4345514904148,34.7103400982252,34.94276588297,35.3209960951032,35.9543204131583,36.1461400388897,36.6574197487085,37.0842224871025,37.6340012674488,38.2549333389891,38.6436999675166,38.9316493038614,39.4033932638086,40.2093269924886,40.846233646604,41.5274311220588,41.899879337425,42.7323306235118,43.1571955780012,43.2416954278015,44.0914141939578,44.6192025667106,44.5200254265811,45.2068073770521,45.8692617205449,46.2258564123649,46.8364977726019,47.3788726898095,48.3102533124229,48.7338688490467,49.4873072044002,49.8048573657846,50.5233262299683,52.0156332817159,53.2834067464083,54.0305235355323
"29312",32.6209784471641,32.5409826339664,32.9839376043742,33.4101048986174,34.3730200454236,35.7781442179973,37.0111913550643,38.3168657651882,39.96594003881,40.9441337128015,42.2128379873816,43.4539910590299,44.7028334767806,45.9467195757814,46.9132110879198,47.6582199662941,48.4447186062055,49.7636548978685,50.6880057543169,51.804081743139,52.3723775013948,52.9768333914143,53.4012254502208,53.7135970107785,54.9504928519565,55.448950242843,55.2610832200761,55.9259423559183,56.7207961007958,57.0991846782698,57.7521671007682,58.2571790122487,59.1325862568755,59.4296004967492,59.9482044912632,60.1009283554697,60.5255614800775,61.3496623948403,61.8529168056826,61.8108228360111
"29351",15.4488756039454,15.5316698770216,15.6186438718117,15.6420767358202,15.7167475582751,15.8032914473839,15.8681144437453,15.9369617010514,16.1412850069007,16.1094266570428,16.1522927825622,16.4354394033026,16.8436469817735,17.3778014577659,17.9355034442319,18.561583823661,19.2288793861663,20.1540808253993,20.9816250930825,21.9487200387203,22.7100285031898,23.8311377247765,24.5536456580352,24.973943707648,25.900670900136,26.4405070835103,26.5907640609457,27.182147050116,27.8890923675915,28.4635914418136,29.1593903065734,29.7670352895048,30.6335761269703,31.3115621193915,31.9912820821215,32.5345365750619,33.5455541019904,35.1943911744729,36.7726219425902,37.9042305924452
"29391",73.4429412002829,73.7924685022601,74.03484566003,74.1702690525532,74.4788981211195,75.1778737143095,75.9229707699485,76.4853012704519,77.9265243097677,78.3532413331457,79.071570904838,79.5934387722587,80.4246397002679,81.2047640961356,81.6122361116636,82.0649246081049,82.4021373580644,83.4409141467324,83.8619072608293,84.6969376723478,84.8888991192419,85.7736879606679,86.1272558254589,86.3469196946681,87.4731985840682,87.3069923273232,86.2090434779968,86.2090549366368,86.3638450029133,86.4605211893095,86.7193410069327,86.6433622860372,87.180461440255,87.2470356660693,87.2856178169138,87.344603873174,87.5195726179393,88.1116783692567,88.656620693775,88.2571114406702
"29471",87.0124265399152,87.3096798233181,87.5435961182121,87.9303503825355,88.4685407387705,89.3857666898205,96.8932395059515,103.71664698668,109.99274190829,113.431497785335,117.034371077245,112.675445604108,109.921789085215,107.334069997088,105.099235238116,103.191011215097,101.614044275828,100.713385002922,99.1021710109814,98.3412672952471,97.2183091550264,100.836461495427,102.510693915978,102.499399824286,101.380199404657,98.6300911029937,95.3877463528534,93.6352594809907,91.9194273148931,90.3713990530887,89.1957967639678,88.0074319312423,87.3444795655936,86.4901643897959,85.8354888071363,85.1135453207042,84.4516966288647,84.2480558770494,84.1666833455222,83.4657704101471
"29491",172.180268891511,173.522125825315,174.007592856363,173.918684243077,173.949048956852,173.729724079104,170.173381670837,168.118511280063,167.179896319342,164.544508273561,163.329118139002,162.489841226889,162.159919584776,161.385413450982,160.551937930101,159.417674523364,158.463376884113,157.903658540862,156.469291165587,155.385723068912,153.958825774844,153.202544669876,151.811302842498,150.122459753656,149.122405255725,147.257230477582,144.269543747502,142.888212876723,141.25882348448,139.646204996421,138.665194317782,137.569089680872,137.040665699871,135.960918143336,135.156061856692,133.987408579166,132.91700768218,132.451270331926,131.754318756546,130.489285192579
"29551",8.99794626836201,9.07264145117313,9.12491566794109,9.20784342730558,9.32495140108748,9.46981142662939,9.75441202219646,10.2263756347363,10.8651475463292,11.3692415074331,12.1126375101214,13.1252593666802,14.3897048280795,15.686845985022,17.0187219887128,18.4666445924951,20.0193503565937,21.8405424693355,23.5315428585516,25.4745435245751,27.2018004347408,29.076160092945,30.3463557970693,31.7152962308857,33.6334715267394,34.8202322565876,35.2072917066602,36.4890623160067,37.618797886937,38.6387658166808,40.0148601110023,40.9876572655871,42.3558253372649,43.455074186433,44.3110979436131,45.0304143725301,45.5831886091532,46.44947417429,46.8474328934591,47.0739657821569
"29591",29.3622032404226,29.666314956579,29.8530821643651,30.0389694423723,30.4428630769899,30.9194306591528,31.4778164161704,32.2763161507075,33.2901707345571,33.6656364080528,34.4822180889157,35.5049243978605,36.7547917630522,37.7037902233337,38.5543280283562,39.4495778223464,40.3706013787819,41.6199054127212,42.5042254234137,43.7412256732557,44.4860729358723,45.5066937513173,46.0474474132544,46.9418544302036,48.394380739355,49.1247997419311,49.2053801655107,50.4789084939195,51.8853050354494,53.1358007559972,54.3182056681977,54.3461814021205,54.785660979781,55.1389029874882,55.3743976542808,55.7718816307062,56.6577572714222,58.4170559854895,59.7200432938429,60.8011345596241
"29691",79.5257298737306,80.2682819329338,80.6300599051477,81.1571480833732,82.0039389205896,82.7947140800816,85.5060032639494,88.3539021490292,91.0944072001473,91.7208795808776,92.8398326411477,91.611179398756,91.4963578793935,90.6451341754608,90.2140851886785,90.0108003878195,90.2190063404295,90.8081736070841,90.6911113047989,91.3512825356545,91.4908160622203,94.4940037298417,95.310247975103,96.1697482711378,96.4872269717223,95.5726615689157,93.8347472707848,93.8651307428624,94.4926335683768,95.6055033730911,96.4933609216323,95.1402281321248,93.5481733376173,91.7511493932408,90.4747568064002,89.4857940353604,88.7392105694177,88.6924071595055,88.0435951624508,87.4766663744104
"29734",53.4135950540167,53.6218935375046,53.8962558149539,54.8048823156345,55.9991135528228,57.5668747027127,58.7538975939393,60.529394603528,62.6498612103806,63.7827379493221,65.5483121142784,68.4854998068871,71.5324930193837,73.2445942903724,74.8594340455328,76.4444274412176,78.0486016096417,79.6388374621164,79.9545804496108,80.9856326140127,81.0317478412656,80.600921043673,79.3291567687134,79.397539094206,79.8731221442359,79.824895404457,78.7933528101453,78.8088970903649,78.8769479237848,79.1662587624801,79.7194923953282,79.1667022402147,80.0192639099274,80.4032381000765,80.9058777576174,81.1830236537564,81.2206906643629,81.9377456879564,81.9231437161657,81.952247538651
"31211",25.9533366675502,25.9921632962075,26.3945874491463,26.7252331704011,27.2125379887324,27.9699583285825,28.9038176916408,29.7779798463934,30.6769114580536,31.2215858463201,31.6599562219358,32.2076050425344,32.9937577744349,33.9580064698339,34.8866470765492,36.041951986868,37.4981162815837,39.2761391663153,41.3239073755065,43.28880948205,44.9599926095741,46.3974236928458,47.5993831900547,49.2809649779999,51.5908769902518,53.7167104833975,54.0394963785274,55.3436811395647,57.1469498893914,58.1883619655081,59.5247438529593,61.2928888820418,63.2497933002575,65.2951018005188,66.8018040219397,67.1032527822471,68.5350434537404,70.1427484383697,71.4644347973182,71.8261673846425
"31351",42.5575869423477,42.6925376690841,42.9082654375172,42.9972492199629,43.3027339105901,43.6825029140009,44.0180464628892,44.5422851401109,45.424276062282,45.7932708966962,46.4064907332635,48.4016395134264,50.120984278979,51.5667362006777,52.5790272686693,53.317990148688,53.7276935172703,54.5333358564123,54.8156770681689,55.3777709266054,55.7728003547592,54.1390607376347,52.6400529595869,51.5165755301922,51.2790496532752,50.7276611954358,49.8176507501733,49.5252900114209,49.4551131552915,49.2754486207247,49.1866630232587,49.0427714385606,49.2664246819977,49.2937033352833,49.3991307707556,49.52262951972,49.7810950101552,50.224522208882,50.5628208983797,50.5517711035489
"31371",52.9802666963898,53.0633102220511,53.2974826894061,53.494289839289,53.9353663785549,54.4564645860199,54.9143099521402,55.4457707026846,56.3791314802456,56.5525584219007,56.9539325690811,57.4574993387736,57.9702668662895,58.4597653844355,58.8081863777412,59.0384241913901,59.136242426098,59.7797279929586,60.0305410995527,60.6922408880139,60.6748651329708,61.0696223923442,61.0330889115389,60.9140592394733,61.7005867130713,61.7966814467911,61.1657518003466,61.2405345261723,61.7064937365166,61.9554422364433,62.1017334076388,62.1353120190977,62.7083536079264,62.9560153733598,63.1396740694511,64.510491223524,67.2253265939387,70.9036800984067,74.3485300710089,76.9232954476021
"31391",65.5619822946694,65.7021414252797,65.9028719076955,66.1068652430429,66.4909708127174,66.9485916675681,72.4086408156071,76.864718053676,81.119807250377,83.4532368820369,85.7112688984947,82.7547220241201,80.7220009354226,79.1256128284509,77.7561812533589,76.6579151922084,75.7503773282685,75.5504613247197,75.2523068320984,75.7466085077251,75.3971733993843,76.648416083993,76.9181275691769,76.0787734916593,76.0631194116865,75.4117461953821,74.1856051959199,73.8471707929068,73.6760247960986,73.8374060049331,74.144618785683,73.8697269468925,73.8331015247356,73.4855012113405,73.1589684270705,72.9019510126318,72.7733233820061,73.3582485257533,73.9652838796901,73.8766463020259
"31414",51.8223743379924,51.9708771240556,52.1241227651326,52.2996065454274,52.6110612403828,52.9670245079252,53.7382146143205,54.7650293229165,56.5282536731629,57.6114723327764,59.4656407115981,61.2475826156745,63.3367548127157,65.3160873541603,66.950498982192,68.441718442632,69.8905659459489,71.8179901373938,73.1743241033337,75.3598842545458,76.801202466949,78.7401785469277,79.5052916561682,79.8445114052976,81.7462543411191,82.7449479470015,83.0152545295469,84.7331368861683,86.6564022111704,88.4831804118025,90.3111265882535,91.7461771563186,93.865306652034,94.9018590672777,95.8133981975701,96.8771453387422,97.9843255770642,99.6932280023238,101.213317792634,101.267619810424
"31432",48.882235625813,48.986769960963,49.1847164969667,49.5803572549471,50.1607268550403,50.8635699917562,51.6759565829178,52.6858257533282,54.148896765252,54.746443519653,55.9096152966128,57.5454413456661,59.3367284443383,60.8462267923613,61.8606702007077,62.6694770510323,63.5228116282625,64.5275660551425,64.7862770783346,65.5736788203353,65.5430470990836,65.0408905632381,64.461462934865,64.1510858811892,64.6803343750693,64.5124512943596,63.8330056191041,63.8844015392775,63.7985688155092,63.7688879504981,63.7788700369297,63.5000827104217,63.9910347553596,64.4235339519317,64.719288524358,64.8911465264282,64.8116337044462,64.9563143238504,64.8229046105979,64.1074202412553
"31474",125.687314059125,126.53826331478,126.684960710735,126.866416982616,127.181505508585,127.523551161318,127.50959114769,128.33319386895,130.18792571736,130.158684158227,131.405507667629,133.087338514755,135.243022444683,136.66080673855,137.554034004864,137.84559206941,138.557208195532,139.400023188915,138.539727905588,138.636088898265,137.261225278233,138.3842629085,138.228269894555,138.492151712829,139.445744453002,138.159200416407,134.772184570332,132.336917596548,129.53317609976,127.078026298135,125.257263148387,123.446363424623,122.665847643562,121.636065584632,120.621433143086,119.586298705209,118.645560435455,118.58592983346,118.457293052267,117.53939225214
"31491",11.8024403629674,11.7736608998187,11.8751586756056,12.1090572459615,12.5107282717742,13.0512427603622,13.6281392205416,14.3545168134615,15.2314888914319,15.8668027050829,16.7211088246184,17.7454532438433,19.0690201870593,20.4104783273043,21.8181638767452,23.2593985291189,24.9916412003264,26.8909689599701,28.5426800240711,30.4242881691614,32.0853849400285,33.6618656307443,34.7846683477258,36.3700630771415,38.582462651141,40.1749407820217,40.8678054427994,42.667343214881,44.1116450613406,45.3458235882995,46.8242908565707,48.0187477103152,49.860224808547,51.2626190096538,52.7178612833071,53.700962470187,55.2257888461754,57.734474960605,59.8889337964166,61.3516568890893
"31514",43.8675730188361,44.1751983686316,44.3353064398198,44.4544274885589,44.624575023665,44.8017012166166,44.8281308231648,45.1746122457675,45.7995434320246,45.8147188204856,46.1752741623963,46.6722797584975,47.3896855251611,47.7942326984701,48.082848738996,48.2081918587484,48.4769172743031,48.7769525348069,48.7436192970034,48.8060498315827,48.6376796372118,49.4922877971863,49.9263558780645,50.8524674328724,52.4438156477875,53.6826303933814,54.1897235888511,55.3483396370009,55.6055881378118,54.7140706216,53.0642807488736,51.6360337943094,50.9050726234595,50.2891754549033,50.0217165898552,49.7429962980096,49.483836442197,49.9720404990033,50.8129531073918,51.291854538839
"31531",23.5245442620167,23.6768759431744,23.7642063510138,23.8890496669999,23.9982062522266,24.1088721578142,24.3506671400042,24.9118936719147,25.7097521534855,26.1974535158176,27.0181374137803,28.2376040164424,29.9585864745274,31.6948057171769,33.6198165285253,35.6756861203065,37.9748682334218,40.5227937269028,42.8776527758888,45.6509668855897,48.1617725123018,50.6644088164536,52.3645099087483,54.809981741498,57.8870114473809,59.5158708818555,59.4789897187106,61.0980807306801,62.486123607483,63.6980744823273,65.4335857536525,67.697686891622,71.2222007627896,74.2281979407046,76.6843876228264,77.6944513389299,77.4309108191369,76.824254380331,75.5907695322076,74.2134368359491
"31591",62.3515258238336,62.987503433055,63.2674246524441,63.5256101478588,64.1687919256689,64.8079666538341,65.3699736947087,66.3460339588964,67.625205385784,67.5684842811641,68.3042926776453,69.5328280688672,71.0014793282033,71.8672589463676,72.3966120028679,72.9000300084016,73.2089536781647,73.8706469983073,73.888979195138,74.2635682320046,73.7987097691248,74.3037294439348,73.911513307564,73.7120146429891,74.2898861554461,74.0757521381087,73.066441477574,73.1339127917059,73.0974580078208,73.1378954803354,73.5389097438457,73.3627685395454,73.9948615672761,74.3192291103274,74.5616844323268,75.2060635914316,76.0182740050776,77.456667459588,78.1952212795161,78.791200931215
"31611",38.1767856688558,38.5160727042431,38.7107132026506,38.8675079696591,39.4129694184149,39.982345778151,40.5201599827738,41.2803448343882,42.1977694230296,42.3116323618769,42.8372663864537,43.5989019048926,44.5841006996813,45.2536161069984,45.7640092048295,46.3010332089756,46.7723179641744,47.4466393142941,47.7755759266109,48.3905801785534,48.6399112255374,49.2564150907086,49.3792878922677,49.8159998347337,50.8261409864834,51.1952575497238,50.7336434932327,50.9165042226969,51.0336482805544,51.1824862282383,51.6584340548365,51.74599220085,52.7709270898086,53.5901288461633,54.0708647508448,54.129658772446,53.9122414004886,54.1597765086232,54.0553107946953,53.9316857767335
"31651",71.2395457030091,71.901779860222,72.2717366405985,72.5931095578426,73.2502270705752,73.9696042380771,74.487866232173,76.017145244633,77.1977300017191,77.0943316716297,77.6626495733248,78.25852866822,79.4228064794872,79.6448533528734,79.9095759752473,79.996523261699,80.1800096871537,80.4255246677515,80.0782781037734,80.4680102206687,80.1120777360949,80.2242938513432,79.5754149200982,79.7285426221628,80.4235353298935,80.2907085122917,79.2850995758021,79.1606051707483,78.9348011905082,78.6364752782308,78.8140012494945,78.3062182849238,78.8274564842016,78.8486347225064,78.9088032672611,78.8593406389122,78.605812958917,79.0079339202722,78.7238982107207,78.5552993045611
"31673",98.2633206350959,99.209379648995,99.6605215359164,100.022240585063,100.915655626868,101.846232935564,102.430982605894,104.125983527875,105.543255269638,105.165070350333,105.641062129756,108.111101000238,111.10911490252,112.516328906814,113.757310782483,114.587336696806,115.565531454582,116.419964399227,116.37321321973,117.344806997467,116.238054909096,113.750174748878,110.648280819991,108.965805063072,108.201466023317,106.710398110957,104.576205059464,103.673935045482,102.783797778829,102.02461909811,101.815347967046,100.880133651418,101.218417896341,100.887445912258,100.69189272468,100.415982866649,100.10081213609,100.716601501201,100.677692979422,100.728465747034
"31711",59.313848569026,59.7808008894721,59.9864672231839,60.4432223350471,61.4382044105484,62.6037399184922,63.250651552091,64.5756215754229,66.0177625910961,66.2786817654308,67.0173751325649,68.445117432982,70.1181797768267,70.9462702821291,71.625942661497,72.429441242163,73.2927746367349,74.3188756815795,74.1579114575,74.8927697034985,74.2502277033774,75.0407752170487,74.7611804674101,75.3016576517614,76.1302890320404,76.0011283964822,74.9787655450423,74.8068212208185,74.4571081724114,74.1173510567533,73.9592026578249,73.0938678397774,73.4519859242313,73.1516375928586,72.9989076912296,72.8323571888501,72.4027721452727,72.819370629515,72.5729041514927,72.5339154918043
"31731",14.9688832527915,14.9649102606657,15.0747131999227,15.4318274298067,15.9867741024125,16.7529704335735,17.7722668837708,19.4447063007261,21.555306034859,23.5776842960143,26.2645018697803,29.0882073643326,31.88243778771,33.7392580145933,35.503468104564,37.2901987571786,39.0443456568277,40.8246798362014,41.5229546084318,42.9692231404965,44.3867834410351,44.9959057988167,44.7540024784107,45.3962098707094,46.1571533966598,46.3584694474973,45.8578403274849,46.2543263107077,46.6411711636285,47.1649867064925,47.7929998843073,47.8969584971437,49.4500413928499,50.4671022895748,51.3780770833574,51.8913990754422,51.9479237488776,52.4305617655488,52.206042576062,52.1286678955272
"33231",86.8484747076316,87.3403387361519,88.187794877265,88.3995907277085,88.8583284230416,89.7704072303056,90.482570863591,91.4719420196546,92.8668427486819,93.6544508621191,94.2100758316395,99.1209123897116,103.200893355177,106.509454036954,108.684475375403,110.440197437217,112.076441346169,114.013918287519,115.215390667769,116.137638347196,116.040537790305,112.447124620576,109.306146903555,107.349654810082,106.870035533545,107.95446879834,108.436965074642,110.255459492074,112.154555767052,112.030632441075,110.806272892641,108.489411336279,106.010966058974,103.799194534986,101.686692025616,98.9142813416885,97.2757799777732,95.992928062125,94.633820537456,92.7664518106555
"33291",9.24522786141645,9.21292807922301,9.32441314541202,9.46314650632928,9.75720487750991,10.1654100583666,10.7713717909794,11.5941355593964,12.7215540009357,13.8517605144052,15.1400025622245,16.597251986208,18.2267122319085,19.9122156855322,21.5596499617491,23.2041319800125,24.8953216890035,27.029515080593,29.0318829487729,31.3422277780852,33.0563264961597,34.777523935312,36.2899515517744,38.0526936488451,40.7332011890649,42.7544031687209,43.5650395900525,44.6752591931257,45.7793833317051,46.302594167455,46.7628021179774,47.2268469191371,48.2285307402566,48.7872873403056,49.3532136492968,49.1668553665484,49.3729678944803,49.6000114053232,49.519852456507,48.9358607231377
"33312",58.6223232253717,58.8821978055706,59.2431900545904,59.1822747288333,59.415474015416,59.7313624192122,59.9897300224083,60.4198358053745,61.2904382383494,61.6039119724209,61.9910460059227,62.4632111608726,63.2265141800872,63.9054501761696,64.4665584420167,64.9560811097164,65.4142362537622,66.3734750418519,66.9237180149862,67.9028682257684,68.1386793735941,69.3868959227507,69.8705572119251,69.9991195019364,70.679705148165,70.7655487179578,69.9833168245289,69.9559075738173,70.4299012249155,70.8198645566326,71.2174549864806,71.3339530382402,71.7777945358935,71.9554969387878,72.0900666494456,71.6990007542508,71.8051676419928,72.3252122849809,72.684903940492,72.4782010171522
"33331",25.0712945025114,24.995435884937,25.2599432760276,25.5696124939502,26.211530461874,27.0832461107514,27.9351469429583,28.8864156421465,30.1573325837418,31.0790881514077,32.1972635194142,33.3947887321878,34.8313266268267,36.4031505591888,37.9392211477708,39.4897825738299,41.1083839788436,43.188055761746,44.9734815675293,47.1250761029375,48.6812918111246,52.3773202912601,54.8510212448858,56.4755179816476,58.2622333175395,58.6169117811229,58.0576365757734,58.541150066668,59.4521835482786,60.1282191698543,60.9597289579339,61.7482702083081,63.1283379798432,64.1462372229285,65.1322138561778,65.7109885730698,66.5701022683358,67.8610390034794,68.9524662153282,69.4388604316869
"33371",157.653378102941,158.270241436621,158.80457369494,158.666379219327,158.997399037227,159.168288822942,156.64632344346,155.178524161926,154.516948313714,152.523183250352,151.277033170038,149.665620211767,148.382514808149,147.145696882,145.786858142359,144.202094246719,142.490858097419,141.635705228289,140.313147108788,139.881195271061,139.338103873268,141.361757528495,141.981586523093,141.216928988056,140.563115378193,137.727818963455,134.050468392197,131.732573775446,129.891491214213,128.521949959736,127.596260159657,126.465696544567,125.641338213261,123.941592620837,122.167461884522,120.477950553473,118.960610523499,117.711366588314,116.301464427301,114.525937499265
"33391",94.3079035318968,94.245029071189,94.6772246395736,95.355140274504,96.7062908207703,98.2811377290852,99.8435211948393,101.601235421123,104.086125890529,105.320507842609,107.498859173058,111.437026387659,115.114605482447,118.219825171002,120.5889270732,122.190912674533,123.302386425868,124.916346885635,125.603065504126,127.542103847045,126.43506621736,124.977841792303,123.424478388853,121.78049107959,121.973735450649,121.000298892353,118.827394753386,117.858780897757,117.294984587711,116.779889683956,116.412314193878,115.767308109187,116.155337916119,116.094347661515,115.930016120669,115.516198715831,115.018449258847,114.997024774175,114.768310604834,113.660729311849
"33431",6.60082195547023,6.63414282540246,6.64691971303515,6.66595341340296,6.6984942917339,6.71914221478542,7.10110717614718,7.85010787429897,9.0725010958485,10.4105995344849,12.2687438516433,13.9037011729717,15.531100642884,17.0466185253646,18.3246681368817,19.4767176868072,20.6916775095285,21.9906922930967,22.8649882489353,24.0963519520348,24.9884136549215,25.9797189728271,26.7862078435373,27.7882090077329,29.5214640226029,30.6492241100771,31.3577940188501,32.9158585081313,34.5842695291927,36.2836683718592,37.9627661383925,39.2633290812534,41.2023460561686,42.8161567582961,44.039055295749,45.2289779664433,46.2306439769038,47.6606924826807,48.7178566226865,49.0433976132031
"33452",245.91040251929,246.937544370863,247.436787925819,248.83711934992,250.921051403389,252.558702544113,254.764822217645,257.612479425259,263.09038029877,263.977865325478,267.201850873536,270.429248196261,274.507004801936,277.635779974831,279.629817223383,280.564260925061,282.858282185021,285.292880015903,284.646455082739,286.221899149946,286.325599616628,301.842610903051,311.133285831882,318.376724144672,326.245460854653,325.373633198298,317.641061123591,311.663286704823,303.269943207411,294.9029031116,288.052530119916,281.260470450488,277.943766435249,274.933871308573,271.085833256223,267.721070190534,264.05640799943,262.057212904294,259.261810175533,255.325150581267
"33551",79.6363972996326,80.1074897824997,80.4740518753438,81.1231931229644,81.910327656044,82.5144910864423,82.9886483533201,84.300291329489,85.6849740479467,85.1606379679503,85.8165154018014,88.2004498860934,90.9131938219779,92.6576206585484,94.0524978506201,94.9442385157594,95.5435014213422,96.4587870288106,96.4380924739413,96.6243444836627,97.8895894307919,101.116929664089,101.31763976492,100.451918490985,98.6329670425896,95.2756720160791,91.524473804383,89.285849116141,87.0314975681871,85.7191525981296,84.8215020391969,83.2289494263549,81.8154069868019,80.4816642470455,79.3526100978193,78.4436072353336,77.6254165981315,77.1658171375357,76.4098110413686,75.5036225646259
"33691",75.115841718366,75.8372460108216,76.1315194681656,76.3839886885284,77.2545716975406,78.0979233948451,80.1892131583029,82.5357214623913,84.638969120155,85.1793412734958,86.0804642695471,85.6564521548893,86.0065617352345,85.4974220388205,84.9671666200788,84.4647067583123,84.2453309184315,84.1190070605229,83.3081175820938,83.3462094807349,82.5735140547288,82.7028297855114,81.8969310841139,81.6203189662367,81.6514914427654,80.8656413561149,79.535105926089,79.1611638570261,78.6913179552266,78.2471560029428,78.1285637391561,77.4351862154906,78.0052674763715,77.9245490821723,77.8391000014015,77.4188659239709,76.8335976839025,77.1103081451641,76.8119231677577,76.7389352484306
"33751",44.8114845651059,45.0768661236063,45.363422077715,45.8618055726303,46.4851934693702,47.2916771316655,47.7719143144698,48.7467303745945,49.8001654394528,50.1290246138432,51.0093551097109,52.2534175992457,53.4738375706526,54.1088910744995,54.7630836313184,55.3751611269858,56.2028197665001,56.9453545057383,56.881319607376,57.4763278356143,57.3938513274097,57.6090498332641,57.239200922146,57.698209863574,58.2969121256089,58.5177855576197,58.1086981572477,58.2246972999962,58.3305100979441,58.7128849119925,59.1972418935178,58.8655313160165,59.606671302998,59.9579087068783,60.2857836081116,60.4845374471665,60.6690041770839,61.347032371253,61.6434783379338,61.8576643364423
"33771",10.6808827124917,10.7731659987227,10.8304991467032,10.8971374322109,10.9600624692453,11.04733764134,11.3699021942098,12.0755187270955,13.0425458837713,13.9945055084931,15.2997406857249,16.644566332462,17.9397427389031,18.9504677893934,19.9828739954157,20.962868028221,22.0750470060478,23.1305114754757,23.720006036203,24.6635300526585,25.5728698898479,27.9456500679687,28.6367771803945,29.1346631468692,30.1141409086952,31.3780250905741,32.7200122326514,35.1502652549095,37.983792271013,41.3787208557547,45.0751531361173,47.839020032537,52.1775565178834,56.1531114449073,60.1004478802614,63.6974883707908,66.9941788174288,71.210646438616,74.7558078644721,77.8565780554216
"35234",4.49181728279517,4.52628247552065,4.58012112373946,4.57943180741719,4.5907458197798,4.62064629933798,4.72275748470136,4.88827122751261,5.14116427514848,5.41230976001712,5.73092566508157,6.20089152501449,6.73550985280373,7.36769902186412,8.00879984714751,8.73077060399429,9.50338333055731,10.4727074490052,11.415416788778,12.4139445149775,13.2784973209504,14.0859225788845,14.6716894356723,15.4225071167099,16.4753203915002,17.2938560146739,17.5245214514423,18.0978286184996,18.8619256855256,19.3906945396109,20.1088079214487,20.9959043008724,22.0573205103163,23.0923800989953,24.043252184169,24.4000492971508,25.2007527594663,26.003013058601,26.6968047563315,26.9914758827602
"35331",139.248505715615,140.096376880115,140.900325467947,140.429728796854,140.402038060218,140.31584108424,136.7276844606,133.508880618865,131.835341850013,129.319777892585,127.332752722237,125.475120143478,124.373281855759,123.094013597547,121.880492184941,120.851646246931,119.74132651753,119.189249346191,118.261084268329,117.89371464913,116.819172006822,116.199156691866,115.161623218593,114.377351884802,114.622795157559,114.053629564407,112.531671536287,111.850420205984,111.604411369748,111.175283889098,110.856081548999,110.634272055751,110.883601089361,110.814783427287,110.623484031397,110.060394016725,109.722660900625,109.605281582076,109.196052184807,108.340344239466
"35351",19.386852470096,19.4233169160193,19.5365613726233,19.5791927172563,19.7181339638543,19.9399529223764,21.3912931855648,22.6825804162187,23.9174474270584,24.6162579662665,25.2482339586534,24.5725694008376,24.2709091537108,24.1662433833532,24.2277788531446,24.4458718750341,24.7851711838929,25.464434541765,26.0951672531868,27.048530454075,27.8758901842115,28.9656318533935,29.8395122780008,30.7583858754683,32.144011206119,33.2699600795734,33.9892068121186,35.0265792017051,35.8384971513395,36.182744765756,36.5698945568161,36.9436614145066,37.6524745125638,38.1356886703382,38.4872028970827,38.7771907117655,39.2076837758359,39.8306375765955,40.3139372480909,40.488638659027
"35372",115.262394596047,115.800486895692,116.361412595123,116.179143971308,116.507231555906,116.86722741128,115.24105021189,114.482572990428,114.40725503269,113.362986972445,112.818371343096,112.312351381392,112.02194829807,111.740290344194,111.176176281505,110.353759559724,109.437794976389,109.213523274254,108.37434970445,108.151584127263,107.887957306571,107.145220859088,106.063126842882,105.306525358087,105.746180566552,105.105476533121,103.060602067373,101.830133768962,101.021250344353,100.25331629532,99.609151955337,98.8783768127814,99.6652769741702,100.924322354432,102.409929547405,103.841846948794,105.156231852317,106.328428460402,106.795036556713,106.838077194491
"35393",53.2728466714056,53.4006034697737,53.6707970532513,53.8090068401987,54.2880602091364,54.8012587755305,55.0575951525892,55.6269635305255,56.7844890533204,57.2473752798512,58.1083743241373,59.6758927331025,61.1622888101725,62.522525721039,63.4841096062481,63.9985310679727,64.3919133671428,65.0922631872821,65.262349460099,65.9162883621409,64.8214999268986,64.1989104875004,63.3618754345263,62.6925841690369,62.9014240002217,62.4852289800752,61.3845048529533,61.3147193282917,62.1429255136186,63.6855054012088,65.8199599051381,67.9354600104773,70.3422454800958,71.4063185185989,70.9583235711975,69.1453457416559,66.5386416175683,64.5816077859191,62.8076382641871,60.9191413803461
"35411",19.3366717356891,19.2771340423256,19.4259676027774,19.7045015712492,20.1737291969571,20.823753290733,21.4218978850358,22.2139641822094,23.3687515612237,24.1671849971962,25.2408314013345,26.2779443598197,27.4717991365133,28.6780012922174,29.7863032509108,30.7794646461764,31.8338720838965,33.1326769098949,34.1431241673999,35.6652539217029,36.5601500656604,37.7320202969452,38.540910264604,39.4118716367436,41.3377421138647,42.5623273773907,42.7947810456724,43.4930426527862,43.8981498678108,44.2469099100354,44.7165718078162,45.0541974506259,46.0693925227234,46.6862681333433,47.0971279564218,47.6091818307455,48.0780227834187,48.7645578735495,49.0937691496952,48.9784556090076
"35491",19.8488020314414,19.9909502501862,20.0794819019091,20.1799351250303,20.2650909979867,20.3343609287728,20.3729811315822,20.5080878612101,20.7869076924798,20.709004356058,20.796196730404,21.2472716609515,22.2131696715247,23.4204479860433,24.8805076765919,26.5408167000632,28.6872603353901,31.1840951916993,33.5107109659577,36.4227039827989,39.1975425647501,42.2959633878995,44.1637363928907,46.0684137210296,48.7637435335818,50.6827971205885,51.6447340250525,54.0040306825282,56.019252624966,57.8412156767405,60.0440767120666,61.6749232026314,63.8813574393419,65.335811934811,66.3650243876937,67.2611818192297,67.9798923551346,69.3291258116956,70.2635632961634,70.7118315244746
"35511",76.8536844258861,77.3265214106786,77.8307237028404,78.4698815543869,79.0712384124366,79.7729374954705,80.1986157042552,81.1987564492277,82.6820449821481,82.7247993829529,83.5220916689663,84.9691476152439,86.9425444913392,88.2973072077946,89.197440798433,89.6621467927023,90.4644172578301,91.2813283953924,91.0619000812169,91.3627624305779,90.8379845210253,90.67247273515,89.7292851754933,91.7125940862543,97.3097883862938,103.061953237946,106.305537084772,108.905322967103,107.879743953352,103.979625201103,100.759679956285,97.8098746143072,96.0747763422073,94.2745199938036,92.6570222549525,91.2018911154173,89.3698581093833,88.1145173519834,86.7622447393309,85.1966125892541
"35531",101.182457333348,101.83730595536,102.548256875139,103.299880090082,103.942349951323,104.860908875032,105.315297291435,106.713824634074,108.449778958998,108.228406277314,109.128671450345,110.928836909497,113.212608374093,114.796572794997,115.848279565243,116.259042114998,116.944536856349,117.885573877986,117.557881432632,117.844867864674,117.431717614903,117.378427699944,116.269727110814,116.548732489632,118.023333270573,117.949649252009,115.701394372258,114.687846620581,113.540313781484,112.523422662946,112.361561874349,113.124760426839,115.906502881754,118.669556740526,120.676928677132,121.022229070504,119.722961800078,117.908303978816,115.202717737601,112.511362640002
"35591",89.7736443022951,90.5072112392489,91.0556886865348,91.6753651906785,92.4471509571046,93.0855794406936,93.3328534545428,94.233798016208,95.5843665799687,95.0482777284674,95.5456798386001,96.3929598615116,97.4423147304942,98.278708530286,98.8368840882769,99.2500611038402,99.8970867950445,100.532915267184,100.450968423509,101.265209267819,101.301088438866,102.018575160042,102.197490520802,104.846036947843,109.582849180821,113.032143196586,114.081999872754,114.76056716474,112.882648015736,109.737591718007,106.86291061703,103.783901469013,102.347422159693,101.152686356479,100.274851176301,98.9027598126974,96.7899608184355,95.1188273449433,93.2840902555446,91.4664811794547
"35691",102.940632469608,103.634432411095,104.087509348886,104.588881668002,105.877830712752,107.218481084052,108.287752368354,110.157071974193,111.485616915988,110.985313888109,111.868404071364,115.784348928077,119.932167621758,122.071879077959,123.392818883439,124.125227577446,124.552413608177,124.731613500126,123.468190587875,123.579629935509,121.976745485029,118.727119328799,115.307468823176,113.241599806176,112.110344179328,110.094009563737,107.442388601889,105.995309570759,104.49936840329,103.165552346612,102.327670694743,100.986785518665,100.878602616154,100.068795759499,99.5465500214728,98.877891151703,98.1401972105766,98.3343534560449,97.9900454571226,97.8664556994162
"35732",93.473146373923,94.354052545372,94.5812940608356,94.6682666872223,95.0983034922979,95.562212653871,94.001831900315,93.2492329400206,92.6119737348437,91.0411694494165,90.3566779884273,90.1603403731325,90.371958672139,90.1549927932,89.9009739472976,89.8144738716048,90.0130236456425,90.3986337562721,89.9281321617534,90.4781754507554,90.625644242549,91.646709060833,91.5475521681661,92.0253051050474,92.3723265915885,92.1381389674455,90.9990565910415,90.9494226325292,90.8981719116693,91.188552114445,91.6194841775493,91.2470674775938,92.1969359878949,92.4528429008327,92.7405656106861,92.7827770953844,92.6911542544477,93.2977236418308,93.3091036764373,93.3833864251673
"35751",1.22720838960598,1.23713442342641,1.24315476969078,1.24860095478639,1.2569963557262,1.26778281548428,1.26915841369631,1.27942582807511,1.28997437407048,1.28265692466942,1.28766630980252,1.79402767865372,2.78933398809175,4.20522636252467,6.04840482132685,8.27476330276184,10.9681189483542,14.0042296654486,16.9306273504095,20.6208283017539,24.3083606252126,27.7895713623463,30.3201240668033,33.4696101037705,36.6098834973719,39.1348556236204,40.6346895975975,43.0641987024534,45.4406468162359,48.2592168267734,51.1004595237154,52.6321125509958,55.8086828746952,58.3357409204305,60.7266015920442,62.740909291012,64.649676184416,67.1698835235065,68.97362487376,70.4862212678089
"35774",60.8121085274062,61.1111147382325,61.5019050406563,62.1258770885028,63.091527073733,64.3434333442693,65.3126232579861,67.1212779890328,69.1639344859401,70.3444164715131,72.5394014086189,76.230406339833,79.3232015654043,81.5601624993249,83.6581819187873,85.3497296071952,87.4579499458851,89.131507948098,89.3584834093718,90.6153166002883,96.1006914765188,96.6863314768088,95.6985186700632,95.7096928944175,95.0761463862627,93.450208545641,91.0991898871521,90.2704025101746,89.7376732642405,89.8175250198368,92.6845988930022,97.3155487246838,105.510489714346,112.243768890526,115.855967181009,115.357366861362,111.791898599859,107.027624620868,102.307530832186,97.9828535640044
"35792",0.742749526829822,0.748737890792436,0.752583622080589,0.756035070219338,0.760854291978442,0.767272074697727,0.790709935422948,0.843290007550453,0.916568531473516,0.991037596806823,1.09285846289053,1.3519686958263,1.74787837766224,2.24599060540462,2.86999520637801,3.57884367091879,4.4455625609594,5.3975274373579,6.27458319271423,7.36014281524282,8.56256379308797,9.9761245599082,11.2500554693051,12.8654509518586,14.4701924060675,15.8187376281974,16.8429412410861,18.3659735235204,20.1570429223793,22.4608020198243,25.1663005708113,27.3301111728193,30.5597977069083,33.4377794673248,36.0857425738585,38.3644798168084,40.5235203589285,42.9803331259358,45.0391663276678,46.688219153918
"37254",12.8070243811161,12.8399563178593,13.0089244556641,13.164092608791,13.4922976638738,13.9217208273604,14.380625984784,14.8306344254673,15.3771228680209,15.9578317522036,16.49651318982,17.0478164570035,17.5727495201254,18.0381188204747,18.4080488713221,18.7099663910254,19.0140123305016,19.4689473115259,19.8292799960929,20.1939669680298,20.3854565175432,20.6055277135217,20.7325892186249,21.1210699677543,21.915604365692,22.4854595187016,22.6995439613343,23.2675470933667,24.006071896875,24.5648793120745,25.2670354212978,26.0523731981441,26.9771625975694,27.8601625055134,28.6397836154085,28.7432435214101,29.1840776789506,29.6510906400426,29.9588614057024,29.9807897869094
"37274",176.27557300988,178.102953078242,179.464902341267,179.103015410221,179.149288660353,178.953224117204,174.448404725238,170.277957434585,167.233061755256,164.342612592324,161.564793012608,159.819885439379,158.037690759561,156.244321202495,154.244701246712,152.054465563226,149.91912574363,148.409200864271,146.523689617703,144.964494787654,143.293026054512,140.611330817957,137.991768275981,136.185538679211,135.49936413927,134.225876654198,131.998933342599,130.46961307609,129.326383567854,127.902009763811,126.731315209069,126.868885817351,128.423331825783,130.504855085974,132.055167584948,131.48503246916,130.583882464077,128.850449248592,126.454154021651,123.839114457401
"37333",68.1416464591561,68.4888099000361,69.0816966300895,69.1743877825585,69.5462971285269,70.4487051257503,71.1112497229355,71.7805671846579,73.3341520109582,74.1892651363782,75.1685393701659,76.1646814999506,77.5779397869875,78.3148781225711,78.9592995708271,79.4353740612357,79.8665328814714,80.578220878182,81.0278679678305,82.0894067119389,81.9651112556998,82.1673325303515,81.9137058959257,82.1078621283806,83.2487721397784,83.2958280074177,82.2767276502447,82.2141004587175,82.5389181324531,82.5408968646748,82.5307592693352,82.752681121771,83.3493055811022,83.7762276981602,83.7420526402412,83.5398553354324,83.5164815920086,83.7488233945746,83.5536857253264,83.0007718328141
"37371",67.9164140440779,68.017063608408,68.6522184871333,69.1267051416269,70.007975220057,71.5487558571687,73.7442032043164,75.8935840295284,78.2784536092319,79.3884193953445,80.488997293704,80.2472195900331,80.3078218644413,80.4435966217433,80.3374473416477,80.1927233488844,80.0723351443212,80.6173346052479,80.6832509665961,81.352654895778,81.4825172497194,81.9932786402779,82.1246707895418,82.5986582082554,84.1700561626088,84.5849144136647,83.784847659211,84.110214213425,84.6871143709886,85.2143196977004,85.6733757770693,86.0446826527718,87.4823284282976,88.8197855122113,89.6472585595608,90.0231968133726,90.304152535506,90.5314947624854,90.1335618592671,89.5050019062839
"37391",42.880552301661,43.0819916566586,43.3400596288464,43.362761430265,43.5734951741739,43.9938023082763,44.3904902637275,45.1787955063323,46.4188094084341,47.1732144571711,48.2472349161545,49.262948807526,50.313072585755,51.3839582697205,52.1808902215999,52.8352718377609,53.544434716165,54.4416288869266,54.9417925280342,55.9717964719275,56.4357304427997,57.1806605822884,57.6403849039473,58.3132837340429,59.8024743355177,60.4622466888535,60.132379822488,60.6796268396947,61.3321682168353,61.9511651454386,62.562624919194,63.024642607343,64.1658408747633,64.9201119865908,65.4128326693072,65.9136334002292,66.5199831476712,67.3224557702995,67.8012901868366,67.939681458394
"37414",56.9810913725608,57.2173785960287,57.5231883924044,57.6352728683922,57.9914425701543,58.6671459236788,60.1527660870657,61.7561481390766,63.629307452125,64.4072907684027,65.3451648603198,66.2996188350536,67.2900939028497,68.1341353881513,68.5725949001689,68.7532985337914,68.9706522702729,69.2561920857573,69.0085013863537,69.3777178333785,67.7659871648396,66.6861959231107,65.5723276076203,64.7678257087066,65.2726861625604,65.6103703034758,64.8487721880299,63.9455076952184,63.1862217468482,62.6216527739326,62.2918033363138,61.9692318551356,62.2261807145791,62.1213187464909,62.3696578979766,62.5666715316644,62.2747256044093,62.0873495827069,61.7343085058956,61.1604994296377
"37451",66.4505634898405,66.7504540662639,67.1682147908007,67.427938455256,67.6836225847281,67.939018958419,68.4670884211186,69.3127185395568,70.8100599637045,70.9745858492587,71.7511188532789,73.2592134561986,74.9107653537299,76.1547712209907,77.0380903819294,77.5819260695244,78.2343804667677,78.9173050717935,78.8287629803743,79.1950181297009,79.7282131166266,79.3630769731636,78.2877718421226,77.1887157295332,77.0427052946851,76.2222965908325,74.5884789906373,74.2384933971057,73.9163602252547,73.4084604877419,73.1189621965299,72.6181510821849,72.9398907566708,72.9676910833689,72.7089201205319,72.5251908013592,72.1774474692482,72.4010524421488,72.3642441856203,72.1025749621653
"37472",36.0735033855145,36.1608282154254,36.4243581327473,36.7250784872278,37.131746178804,37.5986309260769,38.4103862261688,39.5211925672168,41.2109755876481,42.0944116142358,43.5417044730869,44.9812909491332,46.5385401253263,47.8275439463824,48.8514690994302,49.6296541250428,50.4930498419226,51.4434082465042,51.7268457624896,52.3488142441893,52.757965739964,53.0405552016587,52.9159980189717,53.0523331625142,54.0403452000532,54.2907400696921,53.5515793812763,53.7964740170276,53.9581661895107,53.9315872328415,54.1508535290792,54.2308555786277,55.3131118015983,56.2414067305856,56.7324918941497,57.0488813834243,56.9218390624887,56.9149319712558,56.5129985885517,56.0053234355095
"37491",53.0984858818499,53.423218642256,53.7567412952724,54.0558950018321,54.3012055316616,54.5162636016208,55.9006761754448,57.3145378192004,58.9488390442128,59.4239679121978,60.3177971657907,60.6228448098472,61.3071492381536,61.7299387697962,61.8243045620823,61.6719901301937,61.7074753350493,61.7206054932155,61.2067563063666,61.0397157342794,61.2507274784982,62.1131977789369,62.0821361914208,61.6518213318986,61.0743090666898,59.3993471189487,57.3580375747125,56.3530501546863,55.4682747058357,54.6552445042889,54.1086005775377,53.5103526657419,53.3834321898832,53.1359619352222,52.7752657234495,52.4582126238604,52.1948923594502,52.3002894931685,52.4048025897179,52.2876778182744
"37531",80.3788794740018,80.7857353300041,81.5871370072418,82.3854622355224,83.2959407120889,84.4784390943679,85.3698528604579,86.918616718008,88.7692143813284,89.0058378047577,90.0335513977123,91.1494794382459,92.7793511734702,93.9610175890542,94.7734975205641,95.3218494804381,96.0313601230452,96.8075971874028,96.629618028922,97.3668228997611,97.8480988456556,98.4927710837924,98.1980374934341,98.6004298489315,100.191067187763,100.796332697885,100.056065126488,101.05475616174,101.528146644399,101.613654372555,101.625447778108,101.15854530982,101.727279774309,102.106486264739,102.243161076635,102.240648665472,102.738409694344,104.212253056507,105.292548579981,105.826327270014
"37551",8.76433858269535,8.829692946919,8.89967406087083,8.95131645419876,8.99295269953494,9.03875041648854,9.21741389977393,9.59899196919369,10.1579255197647,10.6319720263767,11.33837122207,12.0648463106214,12.9075810850121,13.648776286108,14.3913716920544,15.0414811069705,15.7677699855842,16.5711644833451,17.1474593014116,17.9595215858359,18.7636547265727,19.924671935314,20.9243499555944,22.3513887917884,24.2630022791744,25.7030905322259,26.5457964932459,28.2216534309501,29.8070598417674,31.5108825224333,33.4273048174012,34.9030214263434,36.8317882587985,38.8726764186131,40.7414439273559,42.0761928745605,42.8627227286283,43.777849512228,44.3557470551443,44.6781276321839
"37671",61.341688811594,61.7853920829557,62.0290319469997,62.2242204157643,62.5567537206281,63.236268229352,63.6188573811395,64.4071085405479,65.5398528753227,65.4151833577309,66.1835706297138,66.7551831022465,67.8263337881062,68.1290643151516,68.4178912725384,68.4543546943064,68.6781041237572,68.8994610806937,68.4951852159437,68.8664710424804,68.7944765702911,68.7513455340342,68.1317168289526,68.2408603849509,68.8959566884278,68.7687251838498,68.0087706105702,68.0483028735628,67.9206120091488,67.7210444199327,67.9858232788277,67.7021045179363,68.1725292187357,68.065078630024,68.1539138714715,68.0574097685257,67.8569148147611,68.3847542221505,68.4774478838048,68.6408713911716
"37691",86.5857427254185,87.1489628279319,87.4990255904268,87.6996049979974,88.4392783951085,90.0934590349393,91.5480944013248,92.80907685382,94.2123004633925,93.9018332418514,95.0927509690601,97.5192110513147,100.2764322407,101.674941262586,102.798558347853,103.276256787331,103.939218408579,104.475650194605,103.630616033923,104.117931606739,103.953137386884,101.863412516569,99.2659180079993,97.8038441912595,96.9560312112167,95.3060056798837,92.9572754431838,91.6953399534556,90.3682126388541,89.1239816590584,88.2486053428778,86.9293788262263,86.6661598042355,85.8011395603185,85.0367519783366,84.1144642870207,83.1026258335935,82.8458990917824,82.213610726467,81.7073699848473
"37711",120.34604553062,121.228035609658,121.622962647595,121.851351422361,122.776274112987,124.745610174594,126.300057719212,128.1178335007,129.992934137494,129.45708387731,130.934816953812,136.588838606494,142.025439280322,145.087838919841,147.381163618052,148.461245801037,149.285208075788,149.769906715506,147.917884166311,147.802744170195,145.390048526691,140.346890659908,135.215774675291,132.149400982868,130.084423636003,127.43546516698,123.995255772096,121.883419689444,119.836541716755,118.141639366234,116.891952912097,115.377146284153,115.323889581162,114.478417676782,113.718641757157,112.881930836116,111.790301754213,111.353366850398,110.373456778742,109.549406097322
"37772",38.0414700983339,38.2646219906962,38.4356924544068,38.6169143127329,38.9490292775,39.4867267290197,39.7951411381628,40.572268969244,41.5183146437349,41.9661258915774,42.8552483124186,44.5074996817806,46.0005932335302,46.948555810107,47.8635970342977,48.3989715717644,49.1337229723741,49.9424310410613,49.8580947297011,50.2252544029599,50.1096101624084,49.9233359661524,49.262413033462,49.1428927587381,49.1237913874315,48.8369522373019,48.1205193691015,48.0227557079788,48.0173655882584,48.3004623851034,48.7186338017598,48.4812412184,49.1693626440604,49.5154013910607,49.7939260083665,49.975588242238,50.1419110589023,50.5796486100736,50.7280569414,50.6534638134319
"39191",60.1995811972586,60.6953751441561,61.5112006158405,61.7709972346078,61.8474799453523,62.256909779229,63.0080772194069,64.0552049561174,64.6543439594187,65.1308194931879,65.47065179335,67.6880077058935,69.3748689701328,70.8106107392198,71.7708892579488,72.5847376612197,73.1190707165899,74.0902337893036,75.0296437831968,75.3850581617685,75.0001845825785,75.5206592174541,75.302455894054,75.3703731704024,75.4433744729482,74.8046127080869,72.6049301839572,70.8107936065129,69.213224637528,67.5990463577263,66.2824213090284,65.5120056966917,64.8625507513228,64.1969800566319,63.7307992596677,62.6230799028329,62.0923497480123,61.6752135252325,61.2160837238623,60.3273058088761
"39251",201.67309468512,203.575611210211,205.568537555413,205.186914761055,206.312047505505,207.460864276786,208.441153823185,208.96850778371,210.237755734083,211.882215444083,212.514078965448,213.774285328929,214.72756039158,215.330008518514,215.828312925686,215.450728210663,215.321497488394,216.578318294535,217.29433201246,217.869768393182,217.014006975604,216.086428481484,214.176036886378,214.002531036328,216.001365342592,216.099981324796,213.526387186602,213.01977935267,213.018374103146,211.845389593923,211.457358652961,211.73463151197,213.008638329326,214.264855750341,215.13576004803,213.063120428431,212.971547530007,213.08357113836,212.411091333539,210.605982951207
"39273",23.0327634136133,23.1000350390678,23.3591279674839,23.551772152512,24.0273252914753,24.6428293218278,25.4543259898043,26.4170736539524,27.7320659815302,29.2567161471502,30.8432101883771,32.5219731108566,34.1602857051476,35.7564589693889,37.3719161954971,38.7748877078706,40.2726517515383,42.1372609471858,43.8340591263884,45.6999925711173,47.0198408228719,48.9558554626133,50.0944002978573,51.1902891696305,53.0173176515758,54.1832115144146,54.3328272943174,55.2640625765127,56.3748484786779,57.0286901865396,57.8850944113373,59.0469732769658,60.7387197779585,62.6193385323263,64.3452270442419,64.8201374453685,66.0512603728156,68.0926543595008,69.906680560347,71.0419063894714
"39311",45.5478273977751,45.71526814827,46.1222837645364,46.3877204430347,46.9889404258674,47.9562081206223,48.8825638475205,49.8729849136908,51.4036212488425,52.7734297579564,54.2063077848441,55.6078016142149,57.0761234439955,58.1887949689901,59.2883693388402,60.0532363777176,60.8572640202082,61.8306565513406,62.5338006776491,63.6165863883495,65.2319450495086,66.7731544245253,67.2910691885541,67.3498757757131,68.1277589098949,68.3075643649942,67.7106509177619,68.1032371852937,68.855132897454,69.3299206553506,69.7823805723903,70.4715723905163,71.4392060641752,72.4490310608882,73.0267395088978,73.0005387962714,73.3883848562394,74.110686613333,74.4545753534217,74.4188559316864
"39353",69.0988785693011,69.4571466859999,69.9251684738225,70.0789932906307,70.3520159842465,71.0149801253121,71.4802377204393,72.1507798756838,73.4384690845663,73.8572739849751,74.5312923046321,75.7725095598858,77.1560287314144,78.1149696875004,78.8196295439087,79.0671245037028,79.1917014238445,79.852691412457,80.0786823008392,80.7026936825739,81.8948255527971,82.0416119565749,81.47221166539,80.9727049381818,81.0711528847417,79.8255497573248,77.6427140888524,76.6922975857594,76.0882626810212,75.5168385379927,74.8974044931701,75.0782441009887,76.4628855812703,78.2446190769966,79.8113989538192,81.0227218875597,82.0955625005311,82.83729432728,82.5483436451634,82.1624877536133
"39531",87.8149688552027,88.3380561022525,89.1374796388221,89.8623669173799,90.6695805177329,91.7021827945072,92.5064402403176,94.046576100338,95.9241417378803,96.162530720449,97.3510856812415,103.319185022892,108.78059343709,112.933411876192,116.034217136425,118.182984552007,119.947492329531,121.269068923918,120.943253519668,121.528314303064,122.145933936688,119.73633070394,116.197068937347,112.719147546912,110.730322944888,108.091973121936,104.594032377039,102.710211885794,100.920297889677,99.5561427106277,98.0806977580009,96.2262762891083,95.301931240288,94.5383504152609,93.8221559379052,93.0728673771478,92.2707223709201,92.896454187952,93.8912431916464,94.3604719548536
"39551",102.941099177506,103.630162615522,104.509775897517,105.249749892499,106.052262174774,106.962614090763,107.622539753596,108.848421874014,110.466888945118,110.287113399424,111.058247805822,116.631518330098,122.017881012666,125.892927580718,129.044736110864,130.945401483819,132.714614356781,134.255448884809,134.073194949648,134.758702453668,132.97754699879,128.670110729433,124.045008814698,120.778483319611,118.97527575833,116.450391452523,113.059695734751,111.325795206383,109.410520772704,107.42350474496,105.505422950453,103.314587257844,102.026734483903,100.829729481797,99.7597815600269,98.7670988604032,97.9419136424235,97.8715614059226,97.774944483387,97.2990418957697
"39611",16.4461160455786,16.5687746600011,16.677291929004,16.8706030960706,17.0944675578396,17.2980077465477,17.5954734844652,18.0819894411038,18.7237233157109,19.1128729769334,19.7513017583122,20.4520852095394,21.4074751767161,22.1358337214462,22.8719701937253,23.5630364444743,24.4284023701473,25.3646882755768,25.9742786575071,26.9096598619104,29.6799645603459,30.5455760653562,30.4523221720032,30.7516493117192,31.6220372298443,32.1751712355159,32.4139692666305,33.2767358234966,33.9800668960349,34.6362665180863,35.3862410208532,35.7864717062002,36.8710308675981,37.6329243987557,38.5400735921011,39.2939061646306,39.8843564599072,41.167351688719,42.4287572695155,43.4895512025248
"39691",52.3572942998786,52.5760899182951,52.7780470942344,52.9792788482305,53.2745753257488,54.6333832333702,56.0751724187632,57.0212933670747,58.2976820398776,58.5225784661918,59.5996316553723,59.8805462985757,60.3083279457412,60.1651214946664,60.2680690968296,60.0929880919907,60.2198896505807,60.3402600015239,59.7828129347955,59.9816853740213,59.9315155290813,59.8523317572448,59.3084275368744,59.3963321907695,59.8537738288484,59.7203330469166,58.9749614140522,58.883342694932,58.6436453012731,58.3911542870767,58.3754913148963,57.9721658536107,58.3509444727667,58.1850889016228,58.0782294860927,57.8167807462322,57.4132007202417,57.5630391815051,57.3741957621605,57.2541791033422
"39711",62.7112333093582,62.9761083367557,63.2384562277295,63.6005156508268,64.4158133268357,66.190318357704,67.7458791592413,69.014820330387,70.6302190314788,70.8152223169108,72.0390855894347,72.6401063951468,73.5462668781363,73.7451470446297,74.2059999998162,74.2426565195516,74.6247420627508,75.0673623430021,74.5196684635534,75.1360728108476,75.4419853186178,76.9511396473726,77.3068566950111,77.9649607702948,78.4694518627198,78.0402550235809,76.8503324844467,76.5847237613944,76.1823690976832,75.8859922803979,75.8472356888699,75.4449528671006,76.0896338415263,75.8702440043142,75.6319528468902,75.249808285162,74.672111073413,74.8274058887338,74.5810717937296,74.391348967173
"39751",85.3387977771013,86.0762314553277,86.5206437777768,86.6281224145175,87.1217350419315,88.0306868952112,88.4061217890001,89.2815344788061,90.4440790638095,90.3128473576567,91.0473567652127,93.9953462493925,96.6086330899954,98.3553775865504,99.8875634627362,100.624090394394,101.701882996305,102.46615768652,101.92943020563,102.295811193332,100.52918111291,99.0599641604242,97.0036997606611,96.142278825517,95.7260341577239,95.4468166041451,95.2449687386085,96.7783255427338,98.6395079276592,100.444252043208,101.255076530275,99.6013999259814,98.243169174448,95.6307332078322,93.350756791968,91.1233163053218,89.0079951637446,87.9366155790633,86.9954088670221,85.9206881536661
"39791",393.99359481448,397.882314798708,399.562377289177,399.321874931519,398.933871882402,397.566805330928,383.117482846522,372.15459381368,362.864001208027,351.428864767686,342.303778038548,334.654151431705,327.822204622151,320.290977180558,313.59287580583,306.57603539031,300.855423856959,295.488511485164,288.930740384036,283.330689947845,277.749351863489,272.43482528348,266.38705288564,261.781134417993,257.567428831943,253.00065034271,247.764968637826,243.526235907712,239.467123643316,235.775019042023,232.408060406932,228.321236631044,225.512644184155,222.499217669352,219.590672119983,216.535129433442,213.556002864699,210.939046938068,208.275278499412,205.570815736667
"39814",12.888656598857,12.8753544968919,13.010168640727,13.2799416516868,13.7500292801959,14.4170188748691,15.0176641580558,15.811058374723,16.7404514878941,17.4267965140959,18.3435077407093,19.5306506847121,20.9137275285438,22.2053942101216,23.7215913954446,25.1871115698568,27.1067078459393,29.1061396785024,30.6325913912038,32.5667996639643,34.8151380801113,37.9047383806373,39.9342060152149,42.5233972375227,44.8299076348258,46.1373691775066,46.1158700217011,46.179088758948,46.001827775768,46.1736019536041,46.616171650507,46.3084894019438,47.370021158165,48.3146554388051,49.1111195893656,49.2358083064966,48.860245948114,48.8218186795484,48.773647730646,48.6137062335929
"41192",69.5471784227294,70.0989813405984,71.1134529053474,71.3962010382066,71.5322287012155,71.8923442678807,72.2917726509103,72.8424241309814,73.7138166581083,74.3332810447586,74.8429516270434,75.5207946969788,75.9526078733227,76.4083776321694,76.690762821753,76.7908696620618,76.7471201458132,77.5095255245763,78.5728204812713,78.7662348314013,78.6404008571391,79.3453478688077,79.6598470547177,80.625882975193,81.9094969700719,82.5231542680368,81.2321148412635,80.3289646334896,79.684038807529,78.8948372091537,78.4427460019686,78.571012381896,78.942656763017,79.031319899233,79.4168611488319,78.5990239347312,78.4427426219979,78.4619680900996,78.3556982184766,77.5827728932218
"41333",98.277866173951,98.6978501973601,99.338402147088,99.5106069442797,100.117549774982,101.142776882961,102.140237847259,103.142448762842,105.020941147883,106.137364727967,107.485050827149,109.51213704375,111.830271230833,113.518695056218,115.354115420939,116.067140184324,116.739371379755,117.915828653601,118.780695396461,120.051351001441,124.597951858225,134.617742591701,139.707697636159,141.159964654263,139.683920720229,133.919634956089,127.427153477164,123.610169070789,120.489679907596,118.5521477264,117.284320668843,115.786052787959,113.751291088548,111.694356728635,109.54021505545,107.279617064477,105.462846205719,105.167574682088,104.989848120288,104.449659317681
"41374",56.2742883855077,56.5972531051711,56.9504386420397,57.0351308823482,57.2221751127835,57.5700639533885,58.1021016199032,59.100890632429,60.8367720610602,61.9178254471456,63.5133755395618,65.0558160891574,66.8602911340161,68.4302920365658,69.9826583716359,71.2599109486074,72.5290884682042,74.2894262050996,75.8084014584517,77.7285241486634,78.8524282459962,81.3759889394258,82.3779727486102,83.1831901032105,85.2371496235026,86.007789386845,85.3832668385709,86.4492530605116,88.542302455482,91.3725236384346,93.9064696564949,95.8752506567532,97.9542232498775,98.7470977313192,98.225397697258,97.069384081276,96.4576085319126,96.3368368670281,95.7464840257133,94.9994955534368
"41391",67.242942904873,67.6227160438618,68.0409500418811,68.1854697638291,68.6229544943267,69.3097850112442,69.8016463943906,70.5874479832439,71.8433264878508,72.0989420885196,72.7704473083678,74.303288523428,75.6783288793981,76.8039485109875,77.6206756307397,78.0685948616306,78.4103176500488,78.7959789396602,78.750830930161,79.2560468993588,77.9894586550662,79.3885533370953,80.026547207616,80.8438410971659,82.21749546969,82.0787838469237,80.2066942687484,78.8428318806181,77.0167522502633,75.2221985113682,73.5723228747107,72.0807273725166,71.5344090082858,71.0196319017653,70.2051787703462,68.9767856197053,67.8283140175792,66.9533933620954,66.0180272307471,65.0057513730107
"41411",35.2470388470128,35.3995982716,35.6060021685744,35.7524692131107,36.0483729001431,36.5333264659888,37.1703570285378,37.8835637014935,38.7500628920594,38.9501101401019,39.339686553623,39.6003836419769,40.1418368523011,40.8730214746306,41.6901949141167,42.5449722554745,43.5743532531375,44.8472462647654,45.9604041921903,47.7748539795931,49.0526925289568,53.3393043083632,55.9937622382756,57.8387081906492,59.4684106803005,59.3243415858977,57.795507267623,57.3878111713892,57.1328453825187,57.0201672266814,56.9492351492694,56.938679551303,57.7073375706385,58.2430612617297,58.5260079751931,58.7606321831432,59.2831068146353,60.2841244510067,61.0057097326605,61.4347207474672
"41471",95.5232684902944,95.7729211312503,96.4883373846255,97.1770327087217,97.9792990101706,99.0311840231233,100.389723176335,102.124718092441,104.786729173159,105.626393377561,107.594909705935,112.041534980388,116.291642430495,119.644449812577,122.386388754304,124.154412562254,125.961694046377,127.237008327798,127.48907183907,128.67476066172,127.877718125086,125.763082803048,123.683199988432,122.180033750857,122.246301779746,120.814753438186,118.204357770367,117.513126896488,116.796632102468,115.765723087486,115.078312948313,114.247777392659,114.454567837859,114.36301870747,113.951810619617,113.377661838063,112.60597064598,112.323819075549,111.684679290113,110.629674555625
"41491",81.7530214545295,81.7892308997336,82.4617317903382,83.2470485112095,84.1594632195077,85.2899438928067,88.2194984976229,90.8544261444723,93.6183412935056,94.5557499178477,96.1416501339831,95.7075323739032,95.7724327069352,95.7989713415836,95.8376740995153,95.5956643833458,95.799140550575,96.0737944979173,95.7036057327335,96.0209630815024,96.0231446553964,96.243390355352,96.0057414403215,96.1013851155524,97.3290443259024,97.2600892959103,96.0568744255833,96.4567202922071,96.7690083687348,96.8934449808476,97.223692650637,97.2867648128263,98.2107696454628,98.8748383433006,99.1327566746384,99.0605819483165,98.971839102414,99.4654738580273,99.7408426656315,99.4926253554584
"41512",142.24900711403,142.534888157557,143.670776428187,144.874139995342,146.256643692912,147.967061262041,150.161219076263,153.030509217172,156.862178680004,158.463918512093,161.968640515601,167.859214623051,173.318755465132,177.733901183322,181.498002350481,183.852580124617,186.481221360478,188.496057168755,188.332328489112,189.390860056653,193.660471564483,190.94103049973,187.659511849515,185.921733461405,189.476640078649,193.05747201531,195.422578694948,200.822154139895,203.998776988312,204.00581589612,201.210207859473,195.003648743471,188.927067494298,183.537514174474,178.476311921625,173.690953040272,169.48181085412,166.343658080545,163.298951399724,159.76858051884
"41571",79.5790764463636,80.1998838234618,80.831998041883,81.2953937558502,81.6431834666073,82.1875379254697,82.6005742987187,83.3060022460644,84.3182643467151,83.9835971944923,84.3855678763183,86.5117332432333,88.9549372670655,90.4779895295099,91.938671166574,92.8019514498104,93.8811477161281,95.0177893511626,94.8131742788582,95.3799400864203,96.8997070188247,95.4798859983943,93.3458765465215,91.4468820786642,90.8876156509663,89.4852968274102,87.1591211975192,86.152387499635,85.0635701634657,84.1074221242282,83.348876075172,82.2881828789983,81.94839007542,81.5093420966437,81.0998622662234,80.5224326263693,79.8228214035883,79.8598866116128,79.899179854756,79.6489773945845
"41611",33.0783168182402,33.2131030109732,33.4753518934318,33.9217510328722,34.4722790243045,35.168860774708,35.7980316546965,36.73116047814,37.8643917462736,38.3546487407511,39.283283534323,40.4208363645579,42.1561305178682,43.5470528814387,45.1149532883865,46.6591866448474,48.6286393768517,50.9596714265955,52.3918773083116,54.4239964292111,56.0470114355368,57.9892752537692,59.0459255518039,60.4929872376921,62.7760420700928,63.9541332973179,64.1405977683836,65.4419588221504,66.4695301622505,67.4786925809382,68.5880307989043,69.4046658097715,71.2167102329763,72.1022079043918,72.9731607215041,73.582676965891,73.9517932255098,75.4487991088403,76.562089459409,77.4835481939761
"41653",43.8156076537849,44.1774586628623,44.4046174006656,44.6279584875855,44.9611475863444,45.4441558814428,45.6629762831716,46.3498972517608,47.2913486502936,47.2861437145807,47.8555063736879,48.4346473724088,49.3433838708418,49.7085707183185,50.0186158532651,50.2522956104429,50.6226940856962,50.8482655112269,50.6747121217032,50.9568654497394,50.8971169052807,50.9977877537379,50.5932155216076,50.7781662031669,51.4407233185794,51.5204923208756,51.0235097477409,51.1087717146528,51.0709514480481,50.8935318217129,50.9838906259163,50.7733880251009,51.2876822308549,51.3513249967856,51.5063177102401,51.4650979109208,51.2831476186425,51.6076975143954,51.6306633130574,51.6740502368627
"41674",31.7067863034555,31.7473830621572,31.9914692630047,32.4958322214581,33.4190978933171,34.705802247988,35.7531353311325,37.1701805226822,38.9411327385385,39.9645952131425,41.5827959441999,43.3343638729482,45.531603964284,47.3070519414135,49.2771781361034,51.1897770536821,53.4955051893315,55.5170259545347,57.1081094101427,59.5829422344309,66.8900751381992,89.069728436752,100.397426881333,104.55899624074,103.328026918495,97.2286854425228,91.1348757899193,87.4526666904922,84.2511162885173,81.6428098094449,81.3384576720354,80.4779805198099,79.6214644316242,77.0055637040435,74.9167792779853,72.9490532469292,71.0946962030295,70.092105890113,68.855270335874,67.726172519261
"41711",131.745144926985,133.080821252993,133.597180133392,133.390314602329,133.659842718146,134.262602020794,133.842282524968,133.645097492418,134.050515110276,132.014284482482,131.307196749795,128.558899099392,126.651144473126,124.347316908483,122.630837038064,120.634705331954,119.122342757772,117.739472573331,115.468697726415,114.267425868827,112.961401423171,112.239606669421,110.792933186343,109.441706996255,108.545477787467,107.472628819192,105.984406783543,105.151555280314,104.295267076581,103.553459226993,103.08668575195,102.271253234661,102.531453520551,102.144452229715,101.680254769269,101.595728097797,101.609707413032,102.374700911452,102.79243167314,103.14098525997
"41733",67.7791429096148,68.3808007951554,68.722623676045,68.711937337389,69.1077131345353,69.7176533305219,70.1832773126249,70.7486806786718,71.7025973212974,71.2585911535983,71.6168683042772,71.7186472269264,72.0975536053249,72.0492145126363,72.2082077583242,71.9743650759935,71.9687201310826,72.0569085093842,71.2444278929263,71.2376196684506,71.2108537079499,71.074687318998,70.7480716217726,71.1232608910174,71.7259503979911,72.3010075744174,72.3611519758107,72.5552398359813,72.2209245095284,71.9008559968537,71.7750969311808,71.1722331871535,71.9716501543354,72.7129625571375,73.7006183262655,74.7784035274571,75.39853939332,76.2000939420553,76.2467944984879,76.2793375868976
"41771",5.46718284784173,5.46174296817302,5.52433625625312,5.625022177283,5.80901505168235,6.09208359437876,6.38680818735578,6.77214617399184,7.25004394564191,7.63470943515593,8.16724080894141,8.92583640114284,9.90787910294958,11.0068235934695,12.2835749878622,13.6434198636466,15.2719216773493,17.0138057146372,18.5498885587732,20.4544062730216,22.4618874121444,24.3350663368802,25.7539380980157,27.7821461239698,29.9379712874811,31.7430852069137,33.017366409981,34.7815734149001,36.4228667721301,38.1750556723176,40.0466892481753,41.0240111078111,42.8260008528,44.0158971637964,45.2482073043863,46.5806212912498,48.1915316255244,50.4245474025975,52.4000621656976,54.1211350537025
"43191",78.8029589713726,79.4125625568611,80.5194842390464,80.7974028244787,81.0937578091764,81.4519625485173,82.0982005280595,82.6593195965686,83.5338420522417,84.1185625586154,84.5885258151427,85.8285404973338,86.7640775266473,87.5036445009514,88.0864145126738,88.2105447273953,88.0645319391102,88.8310252492545,89.8293801224546,89.981175016772,89.8801378654318,88.4965095069091,87.0622708146619,86.2786084680967,86.1073067776127,85.812612309153,84.3865290725024,83.6595801039887,83.0342143437865,82.1130859468905,81.373462305509,81.0833248455452,81.1653918792062,81.062994458391,81.1428279561223,80.2370107332112,80.031344829311,80.2804466616532,80.4613963553189,79.997327839876
"43253",55.8240018849767,56.1537677390439,56.7186380423913,56.7483015300728,56.9908393518846,57.4195211713272,57.7776194344351,58.0911165223373,58.6143242525013,59.0758764152545,59.5659577121127,60.2583161123925,60.8939404297778,61.3054938473909,61.9760565087632,61.9270381558036,61.8000077952196,62.2505670887543,62.5668529983824,62.7468241408937,62.4837685428495,64.9690807598159,66.118996455188,66.8614839821213,67.0063843020449,65.9095588430075,63.3955580315827,62.1224530980195,61.2169705358417,60.0320520976116,59.1332611149427,58.4502221729839,58.2877200132011,58.0553695095267,57.9555287300202,57.2949452808722,56.9142014480472,56.7664063540285,56.6265445405108,56.1958032710729
"43333",74.790897185852,74.9584784097116,75.4998560578167,75.8259689955892,76.2628104391585,77.2515506096769,78.2267139888973,79.0265299532827,80.4536930847062,81.4624413103906,82.3358765168275,83.5562882940196,85.0344303763943,85.9421114025244,87.110468669127,87.5991820469055,87.9142550553204,88.3631839302801,88.5288501596906,88.8013051066484,88.1882399032433,87.1989159087818,85.7619973918886,85.1396619137573,85.2554580442048,84.4088828787633,82.581534099731,82.0598605473928,81.6132603077579,81.1349912715283,80.5545501613743,80.3777718765694,81.0158090264443,81.3918157152268,81.1675098295322,80.4016044172052,80.0762068043929,80.1275435061995,79.982411767401,79.5331953032464
"43351",34.2284439342316,34.4395917582996,34.6397031981806,34.5928687580102,34.5954595315904,34.6537424320185,34.5027886357887,34.4700291559605,34.7894558132204,34.7995941525026,34.9106132669077,35.1229896599437,35.5508339399282,35.858640609836,36.2814906218403,36.5389919941903,36.852865546418,37.4045381615585,37.911937257413,38.5220809386983,38.7781770045993,39.4671190656738,39.6507122877052,40.0590023735386,40.749768536951,40.7562800003707,40.1703446271238,40.3872328607784,40.6209407837005,40.8792339358911,41.0290522357857,41.2575521281534,41.9023472346376,42.3899574901793,42.6520455050604,42.7478967244665,43.0518210020833,43.5032288635305,43.6692912145902,43.6916154659638
"43371",95.9294066135987,96.3947128966483,97.0247471855829,97.2902470324377,97.901333306002,98.853074136829,100.860168469453,102.670088981963,105.124573226136,105.924200883652,106.86044288271,106.622654451352,106.700037402635,106.497953037333,106.37373328885,105.774241381823,105.22874860135,105.157597196124,104.815412199532,104.807384467601,104.089370754857,107.027540721772,108.529557044676,110.461385027185,113.039155908798,113.331498741322,111.076965064898,109.573023641139,107.123652623059,104.250791537014,101.34925574803,98.8673521626321,97.3441193235978,95.7727794213077,94.0124088590807,92.2090055812766,90.8863746770708,90.0481980634263,89.1950460088835,88.1517053383787
"43411",129.081014701623,130.044755657815,130.682686384894,130.801627349668,130.891747827077,131.109920109275,129.686292300913,128.913489537445,129.090049372764,127.8287438753,127.451298499747,127.235081966506,127.008325360005,126.721470822077,126.32399707069,125.543780774012,124.684821259857,124.131963071762,123.046552702344,122.950719729489,121.978815659798,121.276280524117,119.968487733142,119.280623096248,119.637132925036,118.796145134631,116.766960803893,116.132974683418,115.525812084534,115.059230246682,114.508957436099,114.019839660347,114.49308672103,114.567906097086,114.233514106355,113.818355509411,113.514103535552,113.450848251931,112.969223275152,112.190771822832
"43431",141.142303288359,141.839460073337,142.683164277941,143.205763399697,143.727689425239,144.630461905445,156.171936087519,165.887431332111,175.032436649784,179.573758851038,184.043106104255,176.011642447796,169.234308657434,163.21786202251,157.672635841907,152.340393878043,147.342119009279,143.053020481924,138.521649517308,135.344520766751,131.636890232536,128.549494201964,124.939570140625,121.958422610983,120.020279813159,117.63719184706,114.815807431365,113.179860367915,111.804340430505,110.580833844284,109.45334430883,108.346473871274,107.918692508812,107.305300521499,106.549543950009,105.883410210953,105.384371290285,105.347003178513,105.238548826694,104.788759875125
"43451",63.164114490658,63.4370034465207,63.8636385158953,64.1233613117686,64.3774393780576,64.813610004725,65.2692562266006,65.9406990260695,67.1440931545273,67.299649730494,67.9636664314847,69.2207721234561,70.4748323152512,71.3717327355901,72.0553293567987,72.4530564694376,72.7242925827784,72.9395377069337,72.6336887504406,73.0217306994028,72.9766384359125,72.9889731869723,72.4439662346246,72.0204315607717,72.152380442506,71.1193245287073,69.3123454815875,68.5999147969019,68.0333393463788,67.429324500719,66.9728333506193,66.5274362728291,66.6749577971112,66.6557925079229,66.4139962706768,66.0938232139319,65.6966850530967,65.6369854447443,65.3857487385236,64.8740446603264
"43471",86.5865737648678,87.0622849197011,87.6123803865372,87.7435582569756,87.8320679319695,88.0668268446386,88.0393793832326,88.2458084347611,89.1883123262458,88.8263201793561,89.2044297174583,90.7162063106321,92.1474531124264,93.0467068632119,93.7435261539766,93.9266625970005,94.0282552440246,93.97468453613,93.1866210402897,93.1453228161917,93.0960187784055,91.4611122798958,89.397777653336,87.7224900020633,87.091118444102,85.6890803796968,83.7732009315674,83.069965859438,82.5830233838793,82.0314613858805,81.6778925568983,81.2638230197326,81.4179291703025,81.4225706138569,81.2126294810374,80.8931464875333,80.5347891385817,80.5970157638774,80.5018952499911,80.057696099423
"43511",113.498182632517,113.83217831821,114.700514910338,115.483876804046,116.275085923555,117.423173505788,118.66181360499,120.490702547749,122.839110462352,123.178345041517,124.951620830444,127.840427719472,130.611048164707,132.728512994423,134.792915887467,135.836915335682,137.063382059509,138.109128442383,137.544551648255,138.038844943066,139.625285802289,138.214170533705,136.330529813666,135.286747901339,138.453152957362,141.781730684895,144.389309222166,148.933195053663,151.512961452431,151.508410950504,149.109110715197,144.538019217937,140.674103115839,137.215090502242,133.891584486835,130.590760072984,127.656304054237,125.377546765289,123.341096244599,120.84725437863
"43531",48.8822163476744,49.0225158824946,49.4803016577742,50.1177705974112,50.9401164469967,52.0210859826725,53.03476208836,54.3118677105316,55.8271519554611,56.3527580742725,57.4968948504338,58.6124369764882,59.840539415202,60.7944789429388,61.9977967480643,62.7519584994728,63.7141235543204,64.6230037849311,64.6597251889794,65.446367426431,65.968874326575,67.5824314431253,67.9735648077225,68.32681776239,69.7574410849836,70.1428564653595,69.5403334616802,70.2198746698199,71.24939654361,72.2716919054796,72.5994514719151,72.584546769772,73.5835632805571,74.5442249854799,75.1908618668036,77.55548877809,82.5040074014401,89.7351446559118,97.3582251171398,103.388131486112
"43611",90.6357239862235,91.1890171437853,91.7554177494154,92.5767767236487,93.2403312330108,94.1726415224206,94.5963485792278,96.1157597768925,97.8202590378074,97.7299286468628,98.753556578315,101.320421352723,104.537230632309,106.320330432388,108.083426436988,109.196950498142,110.789853121941,112.854410170275,112.65408166191,113.140676355298,113.394261865245,111.59404653514,109.372939921314,108.410251974873,108.768365758561,107.926378607392,106.097647941805,105.646359642057,104.96223659322,104.3016131908,103.717806974536,103.074742711798,103.682054970799,103.555633832156,103.391399555422,102.851157614035,101.969597363199,102.187743623581,102.013632346037,101.7609742407
"43672",55.8074168687669,56.2848892657441,56.6358360680989,56.9293686183066,57.455375303171,58.1090932293954,59.7775763239333,61.4135441632889,63.1405685828472,63.3369597613778,64.0079362714992,63.0926648513312,62.7200157379903,62.0461200606953,61.6272588125274,61.2525697820059,61.1355572684066,60.9906794450847,60.4774278441289,60.5134104857645,60.4005586869538,60.4271877586081,60.0901131606923,60.1674196391824,60.6171234496479,60.7096014163159,60.1692550755112,60.1620505043452,60.0730426944156,59.9993023111675,60.1262656192776,59.8908492443136,60.5554481843814,60.7333860649377,60.8500895220846,60.7437336152381,60.5796027203922,60.9688305520509,61.1755373477565,61.3640049185532
"43691",117.024807082752,118.438134778792,119.042943767858,119.109693013439,119.506701939772,119.844994794524,117.496758579361,116.241899716949,115.88040729014,114.192195900469,113.879347220085,113.765947189011,114.373949823016,114.772689885562,115.44311035895,115.873395432372,117.043221658561,118.267571991204,118.528164343552,120.007215135491,121.334045506877,122.772053553551,124.062744724103,125.933176081792,128.309646452856,130.578554748977,131.075410346012,132.145941029035,132.836944281132,133.398047252727,134.309090822373,134.678056977165,137.308771579714,138.158230271617,138.719346450812,139.309390622507,139.810319719035,141.777865953459,143.483138886496,145.032048158168
"43732",27.2476350660323,27.3142216853166,27.5677488076074,27.8772169132418,28.5174072211808,29.4351365405756,30.3286365875301,31.4644256191809,32.9480859218491,33.8247202025068,35.2641719934198,36.7260759027575,38.3285713781043,39.6419619845312,41.0990934098794,42.349370217759,43.7728995020597,45.3055225715264,46.0293824664765,47.3866429754362,48.7373594613205,50.6131642168943,51.7347873643306,53.1430504197977,54.5019761432661,55.0645834661089,55.0059421634488,55.5593492600562,55.9936332039509,56.5251350148486,57.1972500010449,57.3012198584546,58.6390038126775,59.3321446678076,59.9887348756705,60.5670534005104,60.9752887004926,62.0353562170607,62.9672120107093,63.8043678275634
"43791",14.0322780787493,14.1493178137879,14.2357084554855,14.2628615734397,14.3382085925989,14.4774010056635,14.7841440562319,15.4076252552603,16.3455704655895,17.2312746250809,18.4501475658682,20.2164561023961,22.4656208429112,24.9319942595313,27.9276021859888,31.0365374730625,34.8935579130412,39.0459602774943,42.6763803308784,46.9004729209377,51.8429107799671,57.7325942811458,61.8253080499879,66.5105551698575,70.6635974922134,73.4717705385046,74.7407490915937,76.6663531982001,78.4360836295037,80.2163179579906,82.3436299600016,83.7663032074511,86.8215897502684,89.1045571886002,91.3249364012776,92.5100822168336,93.1963247716313,93.9174190466442,94.3667734065841,94.9946739134911
"43831",7.78164485588844,7.74534973291339,7.83627752546242,8.03122278687217,8.3931626009733,8.91409353896127,9.47642625442927,10.2272352140808,11.1489796407644,11.9535029744185,12.9411196583148,14.3022539549067,15.998514173387,17.7620771082194,19.8904975022356,22.0770086787,24.8116023643926,27.6690987273492,30.1526877906861,33.0351548300595,36.3061953537921,41.0312158281725,44.1537940349032,47.426670307728,49.9030468012545,50.9831849776743,51.265426345174,52.3891683202077,53.6617462157379,55.1362189127381,56.8906355908319,57.9649514950941,60.2590933063095,62.0305521232199,63.8257811553286,65.1410997913041,66.289253127919,67.5751354114387,68.7428212546602,69.8781923513059
"45192",13.3551717416054,13.3775831227559,13.6048401344201,13.8224489545388,14.2023927205178,14.672695895123,15.3191855414328,16.0807694862919,17.0470283328463,18.1328328455303,19.3358294178341,20.6447369223805,22.068870564097,23.5113629796057,25.1732003048955,26.7583972494547,28.3001580718164,30.4746713428946,32.711102948781,34.8780979632626,36.9269938783053,38.8752083081657,40.8708156791286,43.5249150331276,46.5448037713368,49.3509407719073,50.6534121697006,52.6268708545352,54.5868830478084,55.9080528209732,57.4814537924591,59.3033423492139,61.7158339054526,63.6791692337674,65.6342470120783,66.2387978831516,67.8540806957195,69.7850636704557,71.461539160674,72.0959834666725
"45211",30.8525791382662,30.9457717144442,31.4132744191618,31.716181730368,32.3224542233637,33.051169878593,34.1955189639799,35.6499033080585,37.5676126140525,39.8433165071257,42.4574398698984,45.5007591607503,48.1647603199642,50.3519333477761,52.5982948321089,54.1204768532728,55.2142085891627,57.0163173366087,58.7582838289759,59.9532649702781,60.0771594229503,60.1760427386063,60.0919546962236,60.7270779925096,61.9994165151724,63.0569001156473,62.3787947752003,62.6950906224644,63.2627917317858,63.4655973722352,64.0995372881758,64.9322867331797,66.4817744126465,68.3558822329192,70.0555752851902,69.575956323338,70.0310375011239,70.9117687804097,71.8416638526912,71.8935127712229
"45231",72.3924992514824,72.8811465976818,73.7206856641219,73.7320442949829,74.0851467896507,74.5418494099743,75.0633873921659,75.5471012601157,76.1685054159039,76.8490012220177,77.4090651156688,78.9828819745499,80.4110689383434,81.4288645572995,82.6726948324137,83.0565646935044,83.1651798007229,83.8739674511463,84.6604913199437,85.0075214285224,84.4647844264057,83.4082845557383,81.9289692175908,81.3514141960237,81.271512810766,81.0611802630295,79.5424047476774,78.9052723421256,78.4507549906115,77.500779784813,76.8657735975548,76.3583030389348,76.8506020839577,77.2077338798159,77.4912392327958,76.4441674613827,76.0211127012949,75.8243933244375,75.6594844048647,74.9809632567872
"45251",2.87531481904784,2.89312850638994,2.92537816937322,2.9257482860099,2.93015625407342,2.94508275332144,3.31043628630592,4.09283327434132,5.33235800339824,7.02830678248299,9.1908586627197,11.6516214918105,14.4299486895421,17.3546640723346,20.815670206211,24.1231103541475,27.5525823033081,31.9453390051,36.4603116235488,41.0135007583207,45.2085864805525,49.9926764511024,54.1508542617927,59.4584643552792,65.4335381646248,71.0155384045681,73.1872701363543,76.34373491078,79.4594890490266,81.1935202195761,83.4141167470349,87.2352717324188,94.5881184415985,101.814500290658,108.076278077609,109.608541341983,109.28631076166,107.147170544155,103.82357883876,100.265838118859
"45271",76.387958440429,76.7105244355944,77.5330671688302,77.8888684905135,78.3049923313061,79.166158987795,79.8664712114407,80.632029346596,81.7141624066907,82.6899130601183,83.8264634063528,86.8842535871629,89.6066855467594,91.522083002274,93.7108233933687,94.574874453082,94.9835163781668,96.1673822469452,96.8410544572798,97.2397762487455,95.9158433497827,93.9345179475742,91.8259967247576,90.7714241594817,90.5585750440462,90.3930847975491,88.9381304811227,88.3712884918523,87.4665974023935,86.0156038846868,84.9190816713648,84.1225707070235,84.123125436636,83.9348250211875,83.8597087373605,83.0694027444251,82.589290988493,82.2836582522983,82.0220596369217,81.3256009218824
"45313",86.0782136976304,86.2549987810324,86.9247099545832,87.1375841807862,87.0696561099927,87.7319093888814,89.3876514088176,90.6742085615121,92.463083454987,94.2654343543291,95.5133085390901,95.3039333192911,95.469485482647,95.3244097476414,95.5727063386422,95.3980531923299,95.082832028795,94.9129511971249,94.3332033990627,94.063674324388,93.152432098432,92.1230122727762,90.7648045353408,90.1317406767655,90.0929410498006,89.2902469977619,87.4845600663795,86.9831019145375,86.591887138513,85.9873411981666,85.4311196141716,85.0322361604245,85.3264006223191,85.414790518859,85.393364901921,84.8325877662794,84.7585235111987,84.9529265474506,84.9086427931027,84.4740339764226
"45351",214.89069155348,216.576686704422,217.573462269081,217.470297876516,216.580780222915,215.701197058536,209.762614746487,204.458942682002,200.962796770978,196.743280963604,193.071633126658,189.559407820243,186.595521816765,183.327874966231,180.557529546433,177.39234618194,174.399306034133,171.909195729725,169.201630602565,166.814438049475,163.895357030307,161.535159269888,158.47790554457,156.308261061779,154.898957058816,152.571500726046,149.280856461932,147.230036448632,145.146110321717,143.250358200413,141.20746488283,139.367154250321,138.303542024216,137.066619750052,135.612310111379,133.965729638008,132.594700859712,131.46717336527,130.101539897866,128.539860638754
"45391",13.998852403064,13.977594574384,14.0962105064092,14.3685697426494,14.764313084405,15.3085999952373,16.0100326088507,16.8896652880326,18.100715682765,19.1865697913574,20.5865415627562,21.9781816151605,23.2964688042331,24.7166544439926,26.1926715809954,27.5743174791066,28.9339799240513,30.4486552085516,31.794616167695,33.5155329663184,34.8757271077279,36.6103514270098,37.8742558495229,39.7237764518746,42.2366260197027,43.8030654066292,44.3578023455583,45.9643029658056,47.352126939943,48.8612369661323,50.063472536492,51.4169126468674,53.7149499046851,55.6450053307608,57.0842447804541,58.3441067458849,60.4082896162524,63.1142844047183,65.2822465850871,66.8608147920522
"45411",75.7345696112168,76.0966006904277,76.5281766945193,77.1590640418696,77.9481684633118,79.0046859036521,80.6414675693516,82.0956856165509,84.0027923407708,84.6618603176434,85.7367977325197,86.502490093757,86.8725089024234,87.3457297422772,87.8152629698815,87.855926786325,87.7406720235761,87.786133985736,87.3890037128282,87.6417180643324,87.9020807072297,87.8733709175265,86.8983972823145,86.2257337954363,86.150362883102,85.1470431800959,83.2689205943383,82.6400180707665,81.9733340286635,81.506262479871,80.8797940605256,80.4207356493748,80.8130740371467,80.9792873994265,80.8282604750012,80.5481644859764,80.8308416343109,81.7120976691413,82.2885742458673,82.440930160202
"45451",31.3883829622722,31.5602748112506,31.8189326252403,31.9844892675217,32.1376242711906,32.4559781385375,32.7670753263535,33.1399848040084,33.8712110701655,34.1709567476892,34.6612144665994,35.9881208975574,37.1547187239846,38.0579839873447,38.8397315331156,39.4403482079389,39.8553996476232,40.2181057182756,40.2012014544463,40.5512621463172,40.6972552024579,39.9694784614309,39.0845553636531,38.603990572704,38.6053969684725,38.1299072415217,37.3437945361763,37.1348929427995,37.0034593560682,36.9227159561786,36.912345030614,37.0144601835313,37.5558202244115,38.0846828022118,38.4547740628305,38.7700539234655,38.982945740269,39.4177029061035,39.7497381480713,39.8100192557052
"45471",18.6877568606757,18.7165819758169,18.9106565144089,19.1275343339984,19.4603387687691,19.9888365224062,20.944471073081,21.6843545569119,22.5050969500722,22.8221801764781,23.1902151770674,23.1960328631127,23.5348671121378,24.0650668095789,24.8486657434197,25.7851028210728,26.9530611086678,28.3311268566629,29.5747003806201,31.4120021521848,33.2508150409963,35.0874727468361,36.4564264567479,38.0782454544052,40.6409884057426,42.1121409811484,42.4753537675489,43.3006176607624,44.2477658393052,45.2128502768759,46.2824415264791,47.3503746521344,48.9739757966387,50.9739270178745,52.6806030717035,53.9267850101514,54.5564655725073,55.3439549956667,55.5955409981358,55.4503606964387
"45491",68.9609613440179,69.2947997035773,69.8349626308844,70.1747096616452,70.6435961433714,71.4771898808651,73.8077855870026,75.8463952476392,78.2228103558311,79.1908969504737,80.5616564268765,80.4540857000384,80.5029620994877,80.364080782931,80.3942903694218,80.0715548463079,79.9447534878265,79.9843880743645,79.1666147529575,78.9915854551209,78.5431690510679,80.0055836285376,80.0285246259211,79.1601749152763,79.1522623659769,78.2328830080836,76.7889354434351,76.5184520223905,76.184810195817,76.0935573608183,75.670880524374,75.3200260978887,75.7593368413756,76.1764875127061,76.2749810114658,78.0560730321785,82.3182284756463,88.5946494916299,94.7238384741716,99.5289587879593
"45551",78.2253434175565,78.3613157718385,79.1265478982169,80.2416812898202,81.8596745148716,84.4524105698894,91.2865986260577,97.0246771749852,102.631637360455,105.31944022386,108.685361471121,106.268857736233,105.020480744231,103.3702992627,102.437094015366,101.245765492471,100.67526495114,100.1960148753,98.816518252306,98.358902741505,98.0543329798572,97.9840693907881,97.2883369463342,97.1155863773598,98.7849465518252,99.4959096999618,99.1421191779827,100.561418483739,102.129962019795,104.161024116984,106.624816989974,108.854085783335,111.296525744578,111.65187375083,110.293359188624,106.823044867487,102.364389018718,98.7295941545732,95.5018193006916,92.1000549205167
"45571",79.6982553480634,80.2266340151666,80.8392924594442,81.2686332441017,81.6194384827688,82.5996478157548,83.3320717435283,84.165451936589,85.3713810593619,85.0270707655863,85.5506908010278,86.3502887060613,87.6382871211978,88.158140123821,88.8026016588316,88.9333686424241,89.5345650273704,90.024295266102,89.2830219191269,89.214267204857,91.6702891728457,93.0057090090506,92.4650344951788,90.6871657474798,90.0938420628973,88.7485358630266,86.7830573016481,86.3521405211834,85.9799387013308,85.675220862552,85.6061641560097,85.6385016506325,86.0298702623022,85.7010385861165,85.5589431598948,85.0563950040256,84.6228115441462,85.1980091177382,85.7183109510874,85.6812781157116
"45671",36.110664170987,36.4432197211065,36.6713167030054,36.8461154117265,37.1454911349525,37.5157851212808,37.6418376559909,37.9046050603166,38.4691781060707,38.3367381385279,38.5874245322436,38.8794185448179,39.3284997342421,39.4791032478682,39.7077336304584,39.915444591378,40.2152925538806,40.491288868216,40.4065399658192,40.6856803043054,41.0023049802131,42.6065593559764,43.7304840916465,45.0691776037319,46.5961039270479,47.4564822023243,47.2780382399114,46.9772930467314,46.0151881903883,45.1458763924886,44.5516889829883,43.8384109645219,43.8126368597558,43.5076543009401,43.2995533825583,43.0359164105999,42.7343048107017,42.7435987606451,42.6211705349803,42.501897415602
"45713",125.774804024357,127.330091060954,127.86499787168,127.424919305249,127.171411708088,126.652272600406,124.805767542247,123.022204448255,121.755193179071,118.640445092825,116.345845580663,113.228538539889,110.954562613874,108.893417290753,107.555661835656,106.498666085506,106.097359271137,106.149870660227,105.728715668963,106.415198966304,107.535813502791,108.851919384309,109.855040344092,111.512648642379,113.528074363261,114.845153118911,115.07830967569,116.076129743037,116.983152124317,118.172244078253,119.695594500089,120.273996242683,122.854593855684,124.883551395538,126.748078852561,127.668864979158,127.386528180796,127.93193146538,128.376642256079,128.827365716373
"45734",58.1070336996791,58.5089987657331,58.9232284590053,59.1317414449428,59.7661183769349,60.6346632419072,61.1952412156552,61.9140784796286,63.0158307198766,62.9801302765586,63.5878182764871,65.0098183755141,66.3629239212115,67.1765047862334,68.0471572012995,68.5257435326458,69.0955239854485,69.7120730633394,69.2521829947757,69.3709707180192,69.343487677391,68.8752744181551,68.2331051865732,68.387983379823,68.9322075181215,68.9299623647131,68.3310937404651,68.423376807319,68.302178060954,68.3051690011272,68.4858062528947,68.117010239366,68.8725806423919,69.054976443408,69.261007506125,69.4373382833465,69.638604581366,70.2257020024971,70.7203222201759,71.1528771085678
"45772",30.8407574965807,30.9860150670173,31.248338995777,31.4506297785684,31.8898698187251,32.6353273406526,34.3605637208827,35.9301178674848,37.4464085711021,38.1198725551078,38.9420317162447,38.434375488264,38.1200730177635,37.7165551964973,37.4613387377532,37.1587220185526,37.0322938493544,37.0287746366272,36.5869115719952,36.3257265930084,37.197568724263,37.5309407104561,37.1493749330986,36.764743497913,36.6297057191926,36.4023152434745,36.0877894847773,36.239066777998,36.4489840012286,36.7698115013963,37.1943074290143,37.3452016816305,38.0559558282607,38.5268285582374,39.0216893404921,39.4041582079767,39.7214594825996,40.4568872095052,41.2127007091547,41.8893864394453
"45811",62.6177577715058,63.0260486314344,63.4377391051751,63.6046085588259,64.2065390100284,65.1309453574483,65.713712555675,66.651578827548,67.9008019726108,68.2660645783627,68.9445329223815,69.9151213699688,71.228594187699,72.1033121018343,73.167365746289,74.0216158856317,75.377851676654,76.7106345757871,77.1604371391906,77.8154585740287,79.453100006978,84.2071788174074,87.0754996827549,90.196958880386,92.6399631396989,93.3195553842287,92.3044771912763,91.2891028647783,89.4041118898677,87.016333988447,84.7432614904824,82.3015343531223,81.0327092967994,79.5758445574497,78.4527098024108,77.2832348967532,76.2653570234591,75.5126104720679,74.8373163684612,74.2206155965272
"47251",111.615729025505,112.413828608621,113.736246489146,114.136775669324,114.891099039674,115.923652232628,116.441357062498,116.958104404012,117.620437384513,118.434859538089,118.75378642867,119.130675626292,119.8229635097,119.998990781711,120.578480851197,120.476795095633,120.354361354014,121.038220833818,121.451590039551,121.416006880661,121.080681996247,120.830330848138,119.73490908301,119.855881911561,120.444796550142,120.345747423616,118.390436146752,118.246431408838,118.360518640383,117.475451561261,116.957169144979,116.514586039962,117.293690423672,117.624459195151,117.986073579664,117.153443025622,116.909333434649,116.911617294301,116.813513289379,115.97826917261
"47312",159.338503669164,160.003148112802,160.963920422226,161.86196043506,161.992828695236,163.183686737598,164.107648085434,165.506823223812,167.869227527283,170.352410675612,172.52186521784,174.476999826824,176.868107561047,178.674044969069,181.383978946112,182.800260284975,185.27964460262,187.807008381536,189.078619854046,191.279374001768,194.633277511877,195.90681814384,196.379265963667,198.479734788775,203.934308036708,208.983063901127,211.541387522884,217.373713738874,221.221347035213,221.562350969016,218.435975709934,212.624719086518,207.37346018219,201.937474871715,197.163221873917,191.4453070182,187.251912635591,184.820683168792,182.465006373476,179.342822451001
"47332",38.1401333791521,38.3240706902049,38.5428968711246,38.7529295199195,38.8122740127786,39.1487606078005,39.4160437820284,39.7431955955654,40.3887053408598,40.894191071595,41.4899397914256,42.0299335397891,42.7125740989325,43.256975433699,44.031450222327,44.576489611358,45.2587891322152,46.0613898573186,46.6743530143423,47.4539994738717,47.9112602305703,48.5504848417391,48.8367283814324,49.6745332027152,50.9267494730382,51.4744638776291,51.2206624344449,51.9588776406233,52.6122184488981,53.2266202015387,53.7381479992477,54.4814646406636,56.0464040469866,57.1707640428899,57.9033800577358,57.9322065082477,58.2002823052803,58.7573571798286,59.0455379777442,58.9601452869611
"47371",79.2379178753134,79.7620389155873,80.1922092946393,80.7655342799838,81.0959501213905,81.6977078530248,82.2567404171386,82.7198338643854,83.8958805857368,84.4220185230129,85.237512733334,87.2794846777036,89.0016464968712,90.2649659141837,91.4567897149214,92.0810524403713,92.5726759969705,93.3154871655683,93.3356764714707,93.553433738934,94.026298718861,93.4884287393362,91.7956096619369,90.5951095936706,89.9667050397223,88.5555363587739,86.3248120549856,85.4298150355883,84.4634399119322,83.8226617732495,82.8807452652372,82.3117132111405,82.721207423558,82.6760888989245,82.1456365744343,81.3982639849063,80.9659039795143,80.8594105076028,80.5063948112974,79.7880350823908
"47412",101.346078851826,101.906802553327,102.33275189537,102.922244474966,103.444613699495,104.211495169123,104.761348263779,105.195389039216,106.489182636288,106.781049894902,107.513305305085,108.18793717887,108.255692698933,108.650443505713,109.097418444389,109.191096470338,109.302972159363,109.692209370645,109.748475090888,110.115471526224,108.984945543877,109.014734936152,108.177626354804,108.215283726097,109.316478822919,109.022557087297,107.31312873366,107.192711004519,106.864821654056,106.83308099292,106.364410334762,106.097881984275,106.936069895112,107.344200390216,107.293222888476,106.965873457813,106.831573332784,107.122749389393,106.983916019595,106.301257045359
"47451",0.552043709008381,0.554921673446522,0.558874179964934,0.561009642939185,0.561650402345456,0.565526934315375,0.566571068398673,0.56847328486677,0.576462312231037,0.577201278089009,0.580366915722748,0.906738639331353,1.57231794269343,2.54551807549674,3.83250153797094,5.3739481329113,7.16140058165927,9.22843508400212,11.3693561451873,13.9511069978702,16.2749028835865,18.6196407334676,20.506709409725,22.7351275705994,25.535680204277,27.374832790807,28.5413506619796,30.5756873481131,32.4098575471864,34.1877551820403,35.6823889899316,37.2479300933676,39.5570448179574,41.5764743568813,43.0664486368929,44.4122637026277,45.5409033192298,47.2984470693383,48.604686913489,49.2352407624542
"47471",35.0339851900515,35.1148104615442,35.4189133491941,35.740391184481,36.0856825346422,36.7918071849756,37.420518146808,38.2036785660339,39.4678911090488,40.2761603396772,41.3439465958943,42.3382553996434,43.3895609543258,44.1466840445839,44.9411155178464,45.4856083463546,45.9627106881077,46.5544410109447,46.6512810873827,47.1656015527621,47.2846404487152,47.5701058606841,47.5343352237994,47.8690694141272,48.8501730290297,48.8894491509802,48.3759749554878,48.6820062259234,48.8608147413656,49.0465321465508,49.0862699077069,49.1873739876954,49.9069959991057,50.4543719894823,50.6260599035392,50.7412976700953,50.6568535043081,51.0147312499271,51.1119592842685,50.8057020470106
"47511",74.9593334184333,75.4281423285896,76.0304450922458,76.3145780306669,76.683210871662,77.4487457906643,78.0737807414378,78.7901017722657,80.1286068448094,80.4122631183195,81.0374236355195,83.0143814798442,84.8204417300735,86.0486070599249,87.317209420715,87.8615152498255,88.3459941470543,88.7960359898146,88.1525992753609,87.8819907152495,87.991907594232,86.5192216722873,84.5532393123298,82.9917517047233,82.2554130598621,80.6456463670719,78.5093343755218,77.5994130635351,76.636754322379,75.8374492119247,75.1008507920859,74.4163889284829,74.3932158772843,74.1642678147739,73.834593205606,73.2950046982961,72.7500683018675,72.5646567739572,72.298089036182,71.5693181661308
"47531",134.941307058815,136.038863919491,137.141355465938,137.647018814327,138.280605934532,139.431790610082,140.173841266044,141.112599943403,143.014833776296,142.86935654704,143.650332326439,144.110252129527,145.235497884897,145.662102838458,146.983603321814,147.293510510597,147.941742316521,148.351529842155,147.457834707275,147.393752420278,147.371225281493,147.451028007862,146.480068139282,146.587288324618,147.920814790875,147.217157325523,144.831932033489,144.74954923841,144.269337811827,143.792245910812,143.437892278162,143.108094206175,144.0770327631,144.201355697454,144.413022477404,143.868165838925,143.433257800402,143.715636467169,143.853605424792,142.715293990649
"47552",78.3903259129713,78.9142706505361,79.5689318967771,79.9065458308114,80.3738973549973,81.4309276484547,82.0184428093334,82.7706569243694,84.0610817708612,84.0611426934078,84.8037806801761,88.2076616363331,91.7557817422334,94.0769442128017,96.4013882837468,97.5569446908054,99.1088669830034,100.124950892802,99.7065865922731,99.8988701774152,99.3980165547751,97.4723346323642,94.6137038429348,92.1269919241243,90.8449257806632,88.8378987719802,86.0973338514699,84.5589497960401,83.4572481911996,82.6011074741141,81.4383944734797,80.0116679257283,79.368145275704,78.6256033066319,78.3570248202161,77.8721198900666,77.509999091565,77.4806884451155,77.816434613615,77.4375689017985
"47592",94.9381220221767,95.441274362467,96.2835533665161,96.8961639785847,97.6580344293092,99.2601101087741,100.110704007845,101.311887256658,103.195151725161,103.493617042839,104.880496602133,109.04576741866,113.630924388678,116.455194644797,119.46254210086,121.277463699824,123.486016412213,125.055995703356,125.091181679304,125.936972773218,127.578180773871,124.925321115998,121.728340558123,120.000131593585,120.102664778851,119.480747165104,118.199260923001,118.841772881864,119.261542457569,119.021660185175,117.733099756237,115.004800382097,112.694485077477,110.13916023531,108.263273140416,106.195617820381,104.199664875566,103.556452082141,103.105680535532,102.132234426378
"47633",66.3822034201335,66.7298257384823,67.2731207261627,67.6092627351174,68.231156772296,68.9452487627741,69.1660697960954,69.7412633023416,70.8035592914027,70.6714881790021,71.1673109749267,71.6405374653784,72.5136813450052,72.685339770896,73.3039730695903,73.6642991148781,74.0262434647976,74.5941631948672,74.2713401265635,74.5491252846087,74.546823215726,74.626002664491,75.2669855321253,78.4754413491866,84.171572670986,89.0391806636303,91.769486605847,93.0854504263948,91.3715777311812,87.6617766869881,84.5143410828797,81.6835395223844,80.2035988773354,78.405174175092,76.9435366322595,75.530739705475,74.2518306412761,73.6915776708821,73.1802628552509,72.5617102478448
"47652",47.3509043853719,47.6646093276764,48.0327963876146,48.2550831966913,48.6944542677208,49.2553382980368,49.5448704303132,50.0254130676775,50.957396370091,51.0489050350589,51.5700830194479,52.1024904142121,52.8830412299291,53.1996904110144,53.7310071159615,54.0704391164755,54.5961810574338,55.1355239099926,55.030786377837,55.4253618511783,55.795795699602,56.094701670147,55.9878175291183,56.4211229363721,57.362145447388,57.6512374785816,57.4061588631361,57.7546835704831,57.9401966657341,58.1765968822167,58.4437478920235,58.3324719956563,59.1564467480602,59.4774246738641,59.9154462363762,60.2404038066604,60.4869389465133,61.1104927927497,61.4358460750357,61.7253114042191
"47713",36.9012108160894,37.0740736614538,37.3849283066945,37.6756710853319,38.2932183878216,39.078352950171,40.0600479716171,41.4275648410426,43.4573102710253,44.8743742263764,46.9036817750919,49.1291306859333,51.429242709303,53.4139345755601,55.6275160742236,57.6087412507861,59.8508733990256,62.241199370914,63.5017691943318,65.7126714033215,68.1871844362788,70.421258844624,71.5939252462771,73.6569997765611,76.2112425901985,77.7338673633464,78.2652070699297,79.7692480567526,81.0753893797176,83.2054784864327,85.8475960068574,87.6564258746017,91.1882638589104,93.0409339556943,94.189991619475,94.2939999990035,93.70258007489,93.7361713505354,93.6881311237594,93.6980796493052
"47771",136.322155212129,137.285667500361,138.086035809457,138.181527979404,138.877730969394,140.371316130561,141.089520736918,142.099796242271,143.800143359666,143.481718530024,143.912549056794,144.692724417224,145.636236797312,146.073962094183,147.275393248368,147.954599345497,148.88937615067,149.668924461615,148.575836969945,148.042169542352,148.292004534983,147.909736355285,146.572348698738,146.710689428717,147.389374278809,146.924678017257,145.432156914975,145.278950276627,144.825397293129,144.676052970962,144.751859426378,143.759948766097,144.613772243372,144.63622507932,144.560127432626,144.228476082609,143.821939283676,143.902852324383,143.756572147186,143.521300974875
"47791",28.5342413317687,28.5098556309369,28.7839640757303,29.2676233015085,30.2275342759292,31.6426207960615,32.907707033855,34.3675616923519,36.0917007864027,37.3226925707707,38.7458387832426,40.2815895444783,41.9888839587652,43.3612380014219,44.9353914330662,46.2895581803706,47.903219471529,49.4261338450756,50.1317280342912,50.9719093317176,52.6558567948693,53.4057542642586,53.6161089746462,54.7038614040369,56.6332264839936,58.6973308082488,60.959684920514,64.1706477728807,66.5707722175738,67.6385268299347,66.923698033521,63.8200195100022,62.4469852811656,61.3592335246782,60.863294432518,60.6788095268281,60.5575070192752,61.5190559473142,62.9887684378492,64.1897869364686
"49252",10.0007469702614,9.98561337715879,10.1413229181589,10.3603078201516,10.7482727817245,11.2596351340568,11.8797268983901,12.6255442981152,13.5533569126298,14.7133530006106,15.9018334268868,17.0154915286324,18.1847675015623,19.2462690051309,20.3620287749526,21.253878167497,22.1653285380579,23.3704035025537,24.455279605158,25.2946504700102,26.0644695155301,26.9634060430089,27.6977090789017,28.9832707517281,30.5295932986803,31.7931617273116,32.1872994721384,33.3726462010966,34.6369223819804,35.4298170500147,36.4528509718866,37.5744134969952,39.4736353087297,41.1193793903127,42.7067074167064,43.4308228525937,44.9588804456687,46.8842009935459,48.5804073358461,49.6147581711659
"49311",219.248672453171,220.943268019405,222.055496257216,222.286222221627,220.922200019013,220.024097396802,213.225563953156,207.292496677334,202.584821362582,198.194995011399,194.003920217201,190.212512351428,186.863556470225,183.53479419831,180.820501663199,177.578032190438,175.047658712518,172.834491286153,170.362259006753,168.169483754633,165.787122907266,163.74521322742,161.477091825953,160.080456114616,159.327495919442,157.775079846752,155.061414811824,153.848681746765,152.764309178244,151.628166319666,150.496932489885,149.388371119241,149.724718515106,149.954533240255,150.095612910053,149.187431205671,148.652522984539,148.247327461286,147.392752430211,146.079657893952
"49331",7.71598173058007,7.64014308411169,7.74033195064837,7.99705900269171,8.35137176922437,8.88949292079879,9.61482539866805,10.5535795517958,11.781063980388,13.1153522812324,14.6245741019388,15.9884472688002,17.2808816616043,18.4097282386344,19.5899205790101,20.5046916507292,21.4738228664678,22.4746998301191,23.2636542311812,24.1211958131701,24.8170510523485,26.4289829886026,27.2619442431435,27.9081639588999,28.6586408706664,28.9960963410572,28.882403225296,29.6831909632425,30.5575120922873,31.5064992367765,32.3680799470832,33.2922879624217,34.9353643482757,36.2416009072558,37.3952059102951,38.0863471487725,39.073252318387,40.269269546503,41.1323797580723,41.5737446718285
"49352",81.4671188157416,82.0596399752576,82.3917238817441,82.8617320636166,82.9697875324256,83.4902458054579,83.6160117804274,83.7077601397648,84.5246584132606,84.9167471563226,85.4607896012074,87.9417039605449,89.9660759458321,91.3398416421351,92.581610857083,93.0566309406153,93.4772759994678,94.0042896086657,93.7681760147427,93.6191615836521,93.716667944325,91.0938793565874,88.2363547253593,86.4153779986554,85.3868494971688,83.754070775595,81.4855490549599,80.4062510291868,79.4301081678341,78.7896850646318,78.0774998995713,77.5593792958606,77.8578448238539,77.8041394635054,77.556041574456,77.034731839923,76.7881336677613,76.8332142681346,76.6631604208465,76.1117270398432
"49373",65.9654886475303,66.4019352363086,66.709846786131,67.2095544978344,67.4727060366615,68.0805303933729,68.4597061528289,68.6965965232401,69.5161492686296,69.8004248175342,70.2877605324145,70.6872395172408,70.9837721594673,71.1950909507134,71.4638501852939,71.3883547237726,71.4953312614194,71.8091385979816,71.7165684158756,71.8270134426994,71.560582122699,71.589639573825,71.0553428806447,71.1709347709078,71.8828394559424,71.7130166596077,70.6021275253398,70.5211367636784,70.2757769762078,70.2224089457159,69.86469861798,69.644577984055,70.2391841868483,70.4675691081219,70.4606745380898,70.2234361504116,70.2263031395239,70.4809299337716,70.452128943106,70.0272911062563
"49394",48.1994838276896,48.4012519132083,48.6550304837462,49.1845225274998,49.7193799048286,50.5269472889052,51.9480875823238,53.0639696169645,54.5070707564574,55.2817359065569,56.1375670316699,56.0005996025944,55.7817833440107,55.7686204174847,55.8922189105659,55.8869550414314,56.0216281793728,56.4299563341212,56.6089463093261,57.0141106828075,57.0024716429,59.3281234576885,60.7549900064257,62.4435125585336,64.45415438382,64.9041099606804,63.5568050745853,62.4028202097246,60.7052551068573,59.503242718159,58.2792395401135,57.3486266810804,57.0653568106607,56.9837111822365,56.7224413006323,55.967625632672,55.2783252696615,54.9402291035668,54.5981703506322,53.9698909455337
"49431",18.9883454189514,18.836205617671,19.0443265297941,19.5812848710758,20.4260474442392,21.7135799511712,23.0114746120191,24.4693225589662,26.3812280562497,28.0363582567444,30.006777229104,31.9805699608341,33.7771500803317,35.5261639015167,37.392229299931,39.1217515554099,40.8373549002524,42.8321143344492,44.491758759726,46.4339942062696,47.3125426271965,49.8406881039209,51.2782775871223,52.9487576904632,55.1665717155455,55.8675709130264,55.4534525659394,56.3769814876483,57.134628730511,57.9307925080343,58.1292563678028,58.2779691271775,59.4181024534325,60.3134577604804,60.7934161946977,61.0693610477369,61.6457246967333,62.9302713087284,63.8543724909277,64.1097528904334
"49453",13.6263050314481,13.688201848979,13.7894901748528,13.8280176652151,13.8519864253091,13.9517736521666,14.3028978175683,14.961449803373,16.1031603583904,17.3368992113379,18.9057494401263,20.8846734677791,23.2411156364659,25.8389268169361,28.8115434065787,31.9679596713405,35.5086453563719,39.6068238450488,43.4883389413798,48.105875440232,51.76803034413,56.2435250681677,60.0035044220923,64.3311241977238,72.3818381479162,80.7433234021568,88.0831588483899,96.7342376255213,102.115122608984,104.108565473309,102.120844056918,97.7831213341404,94.0220526584208,90.8652137405968,87.9684380426679,85.5247492395183,83.3175991610797,82.4324214654608,81.7959424491324,80.4978301746699
"49511",64.9867645281648,65.382505052131,65.9092088151985,66.1703990215075,66.4827032530141,67.1644348448844,67.6647273723997,68.281410058233,69.426401208048,69.6664060157277,70.1799627009074,71.1528117225434,72.1934015309505,72.9113310741019,73.8204001445297,74.240180069596,74.6764443552033,75.1463199759023,74.8266503781505,74.8248546385411,75.7343314378799,75.1297237982574,74.2392692788413,73.9525325390513,75.1382318485904,76.2570614368502,77.1764316759458,79.5037508186806,81.0830961541734,81.7863682465222,81.2616559531172,79.6250792140873,77.8579985207715,75.4797195084764,73.3940968305285,71.4103633723124,69.6584852063047,68.3919225280335,67.1673075567168,65.6224346728146
"49551",110.865326477982,111.665106024851,112.65755930774,113.145640155411,113.892438086628,115.232288095061,116.03829127757,116.983584889206,118.654978069515,118.548152867032,119.23622562185,121.209898007025,123.831556774656,125.175428559723,126.887936974352,127.546981853328,128.923219266819,129.643446504947,128.998453113368,129.216463559645,129.625249897105,129.711820003916,128.367288569171,127.555334315175,127.25236251033,125.138827164877,121.762159746974,120.290248840904,118.755460230637,117.246329723268,116.109712135404,115.107606074903,115.011247722366,114.28571529666,114.072082616565,113.277872992242,112.65732727224,112.642475932985,112.479146893754,111.318636515818
"49672",27.8486855627708,27.8699817645892,28.1747922405178,28.5413029625389,29.2041229540285,30.1359255400274,30.8663042878011,31.6788297741614,32.8145884033414,33.3406055284695,34.1012597917155,34.9030275847966,35.8335566962101,36.4915907941178,37.2837572141514,37.8933573633834,38.7274728999234,39.5212804874768,39.7197295701481,40.4083792045908,41.0738970107145,42.5493419444218,43.1245051325992,43.7266077963049,44.2241708433759,44.2268403218413,43.8384605008506,44.1532250342426,44.450431516768,44.906371215914,45.3824955072334,45.5064331451745,46.5223462707012,47.0228098780943,47.6041590761446,47.9909135099053,48.3939024459847,49.1266083246907,49.654231360516,50.1114858694578
"49751",53.5116392555122,53.8870751502009,54.2108164155142,54.2627946730782,54.5997142904665,55.2278660297916,55.6359661191766,56.1054421988587,56.9492184938816,56.9725722742765,57.3181871737085,59.433536722071,61.240886971505,62.5026794789816,63.9045200496088,64.7950802349531,65.5985172730424,66.2414652531893,65.8035039273847,65.4791281327474,65.6638230632137,63.7020589856731,61.6146498154654,60.3273697419984,59.6498707625278,58.5113578940985,56.9925133619148,56.1209637845372,55.4538815018488,55.2908312947737,55.5135821786738,55.5931260077562,56.4075231331145,56.9105556901555,57.4074978215107,58.086310550851,58.5046724299662,58.7993746209524,58.7844960356984,58.7300098938882
"49771",6.57512289003166,6.55689291685429,6.62107177652205,6.73691790382077,6.95352954388561,7.28250660762359,7.63602138575172,8.05861032092447,8.59846415043409,9.03494045195371,9.57052115645193,10.3805902901009,11.4188134276569,12.6127578095946,14.1731869240944,15.802993494637,17.6275247727788,19.5399321822085,21.1295149785874,22.9835186718603,25.2305230595212,27.1194864906207,28.5426465690647,30.4467886155715,32.5262484469377,34.0468877369862,35.0580350480426,36.6258938533248,37.9794425609536,39.466204143102,40.9576715692591,41.954723524956,44.0032835210305,45.4812596336869,46.5100557708885,47.3073816103074,48.0833075815253,49.2453655155523,50.3504899970453,51.2904919668835
"49791",83.0085670172884,83.6163259643496,84.0671921931308,84.1593039704818,84.6881110066409,85.7358343357373,86.4348160391879,87.4752824396259,89.0666711005004,89.5529432814956,90.4072175927911,91.5072549081491,92.9136779619968,93.9163920651672,95.4899039531824,96.7633335349943,98.3457490049747,99.6100013981138,99.5644057341684,99.8214811042468,101.681950970687,107.936491261521,111.672056083956,115.368807850326,118.185265590786,118.336293934593,116.073266877105,113.329630414371,109.278234628037,106.142078011801,103.762596864012,101.222105220445,100.133835200729,98.8065221203834,97.4090839261809,96.0650771910496,94.8004004647732,93.9693691387069,93.1984332479191,92.3088989546591
"49811",283.469289588432,286.2035322326,287.700654176079,287.34584239852,287.559032440852,288.588648682539,281.850523893676,276.569386756749,272.821573709069,267.339924578548,262.656627332855,261.076078822383,259.983359328541,257.912870739401,256.180792920748,253.977750267265,252.40266375788,250.250120255061,246.442954154426,242.781251084774,239.620137187782,234.048927531568,228.051513395336,223.713572435996,220.258075440861,216.256014344276,211.887356112116,208.67785391848,205.499089352883,202.721353608073,200.299264573955,197.335694481213,195.788086066603,193.962938210027,191.941505801659,189.926947714656,187.940221016995,186.348675255525,184.697406749478,182.948616549863
"51291",78.5034101545273,78.8211804629602,79.4021682150361,79.9449335749481,80.3316198972103,81.0658326626801,81.6474418376246,82.1743146886504,82.9830323453631,83.827496356079,84.3873078574004,85.9666996576599,87.4265594808361,88.5598128688549,89.8040853272704,90.0350601592174,90.5136523622128,91.4068481064923,91.8403886883157,91.8559992493198,92.748389872555,91.5318920469185,90.0373159267509,89.4995815577962,89.9086247710329,89.7960028246372,88.1234956575387,87.3865687519662,86.8163766298098,86.122655128634,85.5746535145204,85.1084571544722,87.2501026932213,90.3932390584109,94.4814874609128,97.9326359306157,101.710371365172,105.175786367994,107.091408763019,108.260441683512
"51331",67.6720598573795,68.1114745234476,68.4352088108433,69.0862899501762,69.5853433239757,70.6158897916526,71.1860394453196,71.8861136559884,73.0151170861679,73.8804362128715,74.8304107906936,78.7919200856015,81.9673514226853,84.4166919306062,86.6543940867478,87.7083628225491,88.7249157693431,89.7523285891677,90.1184476787733,90.3374739327339,90.4488904503562,86.9918340993803,83.6533975787126,81.4431214878759,80.0290476269297,78.2513323867368,75.9237027603621,74.7525812917627,73.688260278948,72.7186557813611,71.7937786253915,71.0268759888579,71.313876128181,71.3830524176324,71.593443992141,71.4772072816688,71.6735678357949,72.175155181934,72.8071917433404,72.9492563613793
"51432",11.955214414964,11.8609696260769,11.9941052245675,12.3575946476511,12.8772845479914,13.6757323833573,14.6183437568894,15.7751963075584,17.3654904397312,18.9248122702003,20.7724427049544,22.5252608312185,24.0725281051751,25.5144625988709,26.9909041812009,28.2235819640539,29.4583183781095,30.8776992071758,31.9164479058019,33.1112196311301,33.8694485994605,35.0659210666673,35.6499104647017,36.4077097912208,37.8057030230815,38.4047848562,38.2375412623755,39.0338522490646,39.6950566844868,40.4936723527323,40.9869104343041,41.6063385456604,42.8317061922301,43.8111158421254,44.4794940423803,44.8683658235537,45.3962465906335,46.338287382804,46.9833143916459,47.092163619506
"51471",66.9306855341131,67.2387788595072,67.7154959928207,68.1759090536866,68.3536630239111,68.9098829111151,69.1421510264328,69.5168982370536,70.5540731353474,70.936149192446,71.3725101800973,72.2857383779116,73.0411891426384,73.5330053361619,74.0931373334237,74.2125060291967,74.3892170249183,74.7518947591388,74.5928792102045,74.647296164507,74.4618575289615,73.9268091468163,72.9402036093247,72.4026337479485,72.6030969742474,71.9594858407566,70.6354336490105,70.3121272735312,69.8337086427365,69.5454612913263,69.0798437624745,68.7368621614461,69.0263624641881,69.1085174796331,68.9309891101108,68.5454938381447,68.1830098842929,68.1621607922033,67.9202168306054,67.228642632558
"51493",38.5216593099437,38.6899195473417,39.0152797840915,39.3071962199784,39.5454820889304,40.0858765792177,40.4768490922166,40.8880324692441,41.6512898517094,41.9346751701541,42.240381465706,42.7498248125189,43.4034775174721,44.1026568278496,45.0063943198538,45.7672825849592,46.7131104940244,47.8693518752365,48.6622207449972,49.7486677441471,50.8413627661925,52.030881903182,52.6012555867981,53.5338415742769,55.1063775448872,55.6786183945211,55.3844427074709,56.3819723509963,57.1682225885212,57.9325385067418,58.1964427560088,58.5324835463725,59.6296761790979,60.3932129818406,61.1073720225533,62.3617765923032,64.4006608921754,67.211309690733,69.5590264829643,71.0404685797753
"51592",62.2081841265757,62.3462835020295,63.0635785984708,63.5622826531915,64.1354060179544,65.1094560914178,65.8205610500407,66.6573347234788,68.0775440974278,68.3791372422423,69.3380049581093,70.1675606983994,71.4484107012644,72.277538879536,73.2425081457888,73.9939179953997,75.3157711865813,76.1906178908727,76.285321928473,77.1211804953143,77.680096606445,78.5612342129682,78.688348857157,81.5464944971881,87.4726387346518,92.8642540207625,95.5305352036667,97.4347921239439,96.2419011634312,92.8680081539051,89.110317340769,85.9787186870466,84.0691877071659,81.9081139893958,80.2413530291187,78.2612394087881,76.6122918441363,75.732421649849,74.9961720623316,73.8059433185561
"51631",36.5074378486346,36.6930483337343,37.0868654341588,37.4320547975308,37.8474442511705,38.6013555471438,39.0283332225716,39.6151103689675,40.5103833446594,40.7994352228268,41.4178308121765,42.0718465789861,42.9815412986273,43.6387482907763,44.4567073153231,45.0826244953282,46.0563488470115,47.2003817895128,47.6641478066663,48.6707110188806,49.5203103966473,50.2420296065825,50.3856635865852,51.3467130144621,52.9324515223299,53.6821276507566,53.8044680525438,54.569216732299,55.1793087263426,55.9908183571723,56.8506923347797,57.2994288267349,58.4692622130106,58.8442390193232,59.2334215499423,59.2698928922565,59.3425036744152,59.7808350826948,59.983040398538,59.9687315624912
"51651",52.8438837659762,53.0370777016816,53.5192232227451,53.8993927636619,54.333996473185,55.2120200969134,55.6853505140075,56.3829988159099,57.4785705946781,57.7747282980135,58.3289376929796,61.4864889106409,64.3511899505178,66.4446054388459,68.237707306766,69.4950791535285,70.8685177172814,72.0465314654002,71.8988927101498,72.3717139868548,71.6171746352923,69.1586534106607,66.5867421088997,64.9852843643162,64.0189460304224,62.647926794565,60.9173228995775,59.7613844955224,58.6020958152969,57.4570974271864,56.4089221464561,55.2060601440053,54.7677123616401,54.1497930688369,53.7722860097765,53.4065685990281,53.2037453872521,53.2955630244012,53.4308273500035,53.438677128284
"51712",90.1129056952625,90.6812836516414,91.4317162120991,91.6923116058886,92.2832922292374,93.231017001462,94.0552782508249,95.1376555291379,96.8741827776008,97.0339019302161,97.753767674746,99.5791892531735,101.292997000077,102.266628477863,103.418570126815,103.871497932399,104.639726116357,105.51348961078,104.855691870849,104.857044468933,103.436164929414,101.980640284881,100.039891775128,99.5118953011971,99.687145252583,99.0447928533,97.786347612957,97.6405083172278,97.5657035040015,97.502184118151,96.7246937030665,95.6167221268425,95.9678249123158,95.7804912541249,96.7744320101,99.8627599809602,104.916870058268,111.368182233592,117.40588169096,122.754033251025
"51771",105.587985346336,106.178999329316,106.767432114651,107.245964455616,108.315997803093,110.27747658942,114.304766318364,117.838450078059,121.718895032878,123.290210056916,125.013853099925,125.541895827008,125.773704168592,125.569026031206,126.14580524652,126.447063977155,126.648957913957,126.478767436207,124.958893946408,123.852658323754,123.63315568435,123.575798823008,122.230874784022,121.565287182062,120.746955379491,118.63813811426,115.606214889622,113.186703984446,110.586646899639,108.500780923444,106.636905012323,104.452132992445,103.364266805286,102.05573653376,100.752255489168,99.4543563058365,98.2433569866045,97.4391167756275,96.5774245706129,95.6271435324513
"51791",35.125256916837,35.3254671189903,35.5419024973676,35.6829618683956,36.0279661454994,36.6653506314191,37.2167776517964,37.9172704907216,38.9471024046058,39.5019329439873,40.2332112103551,41.0499337474301,41.8968195699004,42.5880253795765,43.594181054908,44.4875848227807,45.4781986619674,46.2806793606996,46.4855436732335,46.864084756984,48.4474185904058,49.504581006704,49.6507739650467,49.8463169176629,50.1900557292716,50.2421169412466,50.0687173119719,50.4169426791272,50.6416123315039,51.006111421684,51.3992851020546,51.3860529423398,52.1941065313085,52.7857058261852,53.2863265004036,53.7336625151247,54.0522509075827,54.9052798371035,55.7069997042182,56.3164679973249
"53311",31.2042375162463,31.3961025120863,31.5615764000666,31.726964669303,31.8031642586577,32.0410788025532,32.4329443847255,33.0464675841011,34.0522516880821,35.1913143985517,36.4520890447291,37.7419644739976,39.0645566861475,40.3047471659825,41.7164902738287,42.6788405653042,43.8727501168334,45.4016415195058,46.7328773417197,47.9637113534887,49.0399085301505,50.6362223057498,51.3843057367612,52.317840094981,53.7295851046519,54.6313149322076,54.5382609023337,55.5809274072435,56.5681877738057,57.3108694240374,58.0882715272279,58.6015032923324,60.2431384169592,61.240810870841,62.1748815709692,62.7944374935779,64.4664792445939,66.8612053067875,68.732953457537,69.9317784479646
"53431",2.93854644281573,2.95408798721446,2.96964361741796,2.98890984566857,2.99521788662858,3.02271560035748,3.0334634365338,3.04375003791759,3.0814808200766,3.09237603886632,3.10849404049787,3.34756964762482,3.79647500959265,4.44593107613646,5.31621140350075,6.33105464862618,7.54940737999856,8.98975032678639,10.4413104274826,12.1413760655934,13.9220337160422,15.8214396186046,17.4579849544389,19.3069710988377,21.4900116597699,23.0020465328243,23.8699908797397,25.3400925194087,26.4538516402609,27.5414698519264,28.3742108736187,29.302795559217,30.7695145369074,32.0070485208946,32.896167264674,33.3997770649207,34.0843237877674,35.1245782070362,35.9849976643223,36.3529785743838
"53471",108.173882495989,108.956846259728,109.544504874121,110.049709441632,109.679795167035,109.903303012264,108.126151610921,106.820659730732,106.637881653267,105.809943631248,105.166945017042,104.826964720903,104.375953121334,103.856249071401,103.466927479324,102.64742080572,101.917106246038,101.436309850158,100.518463317914,99.8686718904493,99.710624818642,98.6796531484744,97.2364125673305,96.3834592251928,96.3568039129836,95.4043534665298,93.6643095652084,93.0227703086056,92.2770677055497,91.8131780795105,91.1827392698742,90.7049837538401,91.409308539223,92.4742855061079,93.6315982438311,94.590471352023,95.53278287107,96.5630648097842,96.9084627575666,96.6889496272189
"53512",129.271059740873,130.298448211498,131.274199151497,131.782353935666,131.498122917695,131.698628440548,133.504370073674,134.840595803698,136.586961483489,136.545607000685,136.347913485879,132.094728847569,128.486533554558,125.39853735589,122.932422376629,120.478929867996,118.589835282614,117.195554181195,115.498513477979,114.327096776356,113.439228016792,113.321433631247,112.206961816686,111.123499571833,110.886331055547,109.979442990109,108.468453502187,108.346969602805,108.124935416098,108.358478177453,108.335520609797,108.462582959915,109.355077901308,109.778711396743,110.338095473194,110.652805761235,111.227235496094,112.17549615001,112.915376022864,112.853852476573
"53531",86.5561548929902,87.1204290842958,87.8272254832406,88.2357147899765,88.6133493866953,89.2130138941303,90.8261820438114,92.4005790132324,94.514141975998,95.1948599430962,96.0394368035697,95.4925720441163,95.2239906285968,94.6832675186867,94.5872461304381,94.0583711172582,93.8223468723985,93.8104366974892,92.8304826088021,92.1050019130021,91.6509102851841,90.6978482376142,89.3066257348312,88.9320337173221,89.3748219017306,89.0349826238108,87.8333021847566,87.8464432021254,87.7768290743405,87.929017330841,87.5388918435784,87.2218356373198,87.7921988469264,87.9360516908275,88.3078936035747,89.211623233313,91.7338389510842,95.4883356386923,98.9191487954486,101.060265731018
"53571",21.3390314739853,21.468232721066,21.6560039924309,21.7317264667865,21.8148396026727,21.9266286459157,22.0176022533192,22.2266122549989,22.6751792664806,22.8416640289609,23.1945817652591,23.7199770584829,24.5373094891975,25.3119174594325,26.3482479429028,27.2739392223564,28.4379135625402,29.7649565837361,30.6381508904069,31.5849800582579,32.5434814764041,33.8293485740383,34.3833227075936,35.1811279745764,36.390971165216,37.1070880040605,37.2080718849966,38.054888563351,38.743087583072,39.4244778201749,40.0848497851631,40.7819467103087,41.8964556352699,42.5242488218286,43.4101384702404,43.8208630529582,44.3768306167031,45.3668535326106,46.1850692565354,46.3521190150119
"53631",9.20179508001952,9.13335947059328,9.28288009768346,9.56515182646171,9.97334808573618,10.5903287780346,11.3604714126992,12.4020773213904,13.7583943918289,15.0276467216843,16.5970164228556,18.2183391937449,20.0528754279949,21.7463584779651,23.5755187706262,25.2972954941328,27.3554860989911,29.5723686631801,31.1372233550353,33.315904115344,35.6416670248956,37.7734370975681,39.1412879617813,41.5248015833187,45.376439799985,48.4934154707716,50.4225205646685,52.2952492449833,52.7626731663903,52.742279383684,53.0052386520549,53.2583114429349,54.776592939942,55.8407348990948,57.1941515672989,58.0634892959446,58.9932987089268,60.3076258394624,61.3455825117444,61.9720317693741
"53671",81.7755059161202,82.1710465097124,82.8622056132478,83.3676434081109,83.8898146920466,84.9954056660878,85.4590177442708,86.144256219367,87.4022636983705,87.5697639214066,88.1216431413634,92.2709251447422,96.0931604472539,98.8092070923402,101.194978658929,102.806326896092,104.719894635521,106.438905745639,106.19245982483,106.904207563957,108.421373959336,104.627293032794,100.641231639738,98.2252215075046,96.9462052839692,94.9129634600964,92.4383338913912,90.812232733284,89.1491671165808,87.684038699226,86.2982668873403,84.6687602091056,84.1495218556716,83.391378864705,82.9659014317912,82.3745098998071,81.9072580849031,81.6903500469647,81.4433165330531,81.0419372496978
"53711",27.326097072598,27.4133163267111,27.7021150738938,27.951369655384,28.4025789250903,29.106736101946,29.7550198877536,30.5591383434772,31.778704946458,32.5911601154035,33.683016182683,34.8548128632069,36.1162100650771,37.1824850742941,38.4320901808511,39.4725972441174,40.8547249198681,42.362654720812,43.0871618917453,44.3134372268901,45.7542390051828,46.8226375452032,47.3118212179448,48.5528664304898,50.3077711297977,51.2371760293882,51.3880603086182,52.0616031609362,52.4495360690493,53.0877127639396,53.6879162096208,53.84262988859,55.0232604437252,55.7010396470786,56.4926190959699,57.0230359752569,57.5011081488758,58.2477199682644,58.9607801811541,59.5093540587209
"53751",48.4875015772449,48.7213487574701,49.1053092903813,49.4774928070197,50.229191436889,51.4409608792277,52.6510876283561,53.9977878390275,55.9362412749869,57.1132632516677,58.7114039089989,61.3093853341187,63.4329097316233,64.9543978939901,66.3951681366872,67.6322686423502,68.8010824996416,69.8449252254171,69.941674232469,70.2221907130039,70.8425790301561,70.053360605961,68.8719813760454,68.7489894273561,69.1713622063125,69.1547468674119,68.7564987101874,69.1277934479542,69.3836766153578,70.0293901128221,70.6714139403519,70.9423836105345,72.9157794639406,74.797545342305,76.5193733953577,77.6293077544757,77.9930572994675,78.263529042243,78.1289540578093,77.9208426111728
"55311",84.1888480699023,84.7029908232712,85.2182032177758,85.6454464194668,85.9047251666385,86.8369279741641,87.3403215462043,87.7129497831504,88.780524493617,89.8923950117852,90.4591331248288,93.4778873509171,96.2734013344672,98.162467096132,99.9015312448873,100.359935349219,100.852696776454,101.829659256979,102.09406631633,101.998708989933,100.942592501238,98.14554230209,95.4231443541982,93.7718266519846,92.7150298803405,91.4110503094913,89.2125444709295,88.1071836519175,87.1038268286736,86.0324702118307,85.1094890941679,84.2301767135599,84.4028304164075,83.9832987712735,83.6546918210569,82.7490146978697,82.3084093228562,82.2917291049243,81.9800049131053,81.296627609552
"55353",39.9027495961547,40.165177003704,40.3070136571895,40.8502217717629,41.064029207769,41.7671325640548,42.2601278850419,42.67994874727,43.3660252446958,43.8482422027131,44.1058895560785,44.3481604084836,44.5144950646539,44.687283204145,44.8767923254582,44.7268221258531,44.892310128905,45.2517548055429,45.2141624134747,45.2889597454662,45.4607191129706,45.6074427204607,45.6520808410015,46.168963521614,47.0308652923217,47.3267434957376,47.0005035568394,47.5575588245212,48.0108657636633,48.2263544739811,48.2480899940179,48.1898204006843,48.9803640181246,49.2690713763687,49.6250067930654,50.2088725992827,51.3611509030813,53.0734819843018,54.4438402565101,55.3675792779609
"55392",23.3649884498207,23.3672773201392,23.5825955047712,24.1235099805823,24.6597586081516,25.6326515771791,26.4432838895813,27.2798983953189,28.4009408176906,29.2721996020816,30.1851826071607,31.2538362165916,32.2517501667666,33.189105024318,34.3359020639026,35.2376822790416,36.4324628457945,37.8380321218964,38.7152539861771,39.8671563815751,41.0474988889585,42.2894038776295,43.0504826376068,44.2056934010241,45.8120440420873,46.3999008476036,46.0318531618568,46.6004728055955,47.1390602978723,47.7133612130266,48.1380511891009,48.6458522245032,50.1016664933409,51.0741531988971,51.6405017994123,51.861089507372,52.2904043069583,53.1853437758224,53.9646334686686,54.2305937063956
"55411",178.327241603099,179.616728057324,180.648052956053,182.184989441267,182.371597396985,184.290127312353,186.38720420343,188.321630569755,191.400369349511,192.71470403601,193.907739840279,197.320692600634,199.937459618317,201.425119669295,203.42075643069,204.115642373418,205.259827407333,206.914531958121,206.091934409278,206.140695092219,207.105500269804,203.475065046096,198.196380787971,193.671716700291,191.374557326361,187.68536593819,182.751623147047,180.454393284499,178.385972487511,176.672003465877,174.765174286143,173.117272342149,173.112318571427,172.401128306997,171.49846187659,170.19452302048,169.329976555544,169.2527980057,168.845423491291,167.518016516808
"55592",87.05648136838,87.5337198770896,88.6035062798121,88.8404069824319,89.0814903527385,89.881872248916,90.175078503154,90.7250491539119,91.8730425744362,91.7938441318585,92.3410729157212,93.2553722269693,94.3038238027752,94.9228010319149,95.6360513637709,95.79466882827,96.6925992805402,97.5999755799659,97.1869237542165,97.3543207921055,97.5165271206616,96.9285192893343,95.5282943758038,95.5543127741565,96.4585653997957,96.317734256142,95.0273862635923,95.0403408521601,94.7781364456358,94.6059678591146,94.3874461353887,94.2292120767795,95.1733580626477,95.5328875963063,96.1358749564673,95.6919642629672,95.3987888190449,95.6844827371971,95.7266274546692,95.1508348914605
"55711",233.173311597155,235.50201791457,237.478064828491,237.327490808431,236.962939248368,237.102466664346,230.812244572865,225.532667205284,222.100568913514,217.241294306031,213.360487269523,211.222065313625,209.2431099274,206.580779511277,204.338093157442,201.466809107811,199.332898910711,197.15749828794,193.629444538951,190.814138518622,187.815113599813,183.470122561883,178.920562842593,175.817474744342,173.730312742962,171.010285152755,167.611410118166,165.224295212128,162.923962451829,161.072619824946,158.849906154948,156.232250778905,154.892128945961,153.47216657436,152.473263840793,151.374610507012,150.329568602875,149.488448428418,148.791053035548,147.977961536079
"57353",45.6046136296426,45.9112453359604,46.116461809346,46.5226314807411,46.515296077584,47.1769910432856,47.3788421030165,47.5508160666218,48.2480977354393,48.7195548324709,48.9463710084707,49.3979348582913,49.8212220599514,50.1341210184458,50.5626906776568,50.6292495207579,51.1055149811491,51.8303811296977,52.1886557280878,52.5412047019119,52.8144287551204,53.0553749466408,52.9870492348139,53.4195058889638,54.3209868817135,54.5946454975105,53.9232279658027,54.1258147439312,54.353168736178,54.5368161082792,54.7295361679128,55.0845744213957,57.0163590600529,58.9405730498447,61.1508768185356,62.9343512624855,64.5986816230344,66.3198513858605,67.3265131194233,67.9641875301347
"57371",89.563707533532,90.190877050905,90.6849909653825,91.6877782148585,91.7237980372931,93.1046560053969,93.4887127722777,93.9482132360941,95.3430364310846,96.1743520737566,96.6450429800444,99.4727847432666,101.554733568835,102.940154846405,104.285353920824,104.446079598357,105.168119717908,106.128418892236,105.946467191118,105.539781684,104.493469112975,101.95732665713,99.2304237552881,97.5575996658282,96.7286546550905,95.2016244852849,92.885979777056,91.7885113800507,90.6848870694454,89.4384901971308,88.1568665691697,86.8713040092587,86.5959152214986,85.8717964065807,85.271664830402,84.5988173843038,84.1737507119441,84.2698413347884,84.1919955993654,83.7688140194353
"57412",93.3170427225509,94.0435238619686,94.6197301360792,95.5493494997283,95.6248210941732,96.6273085349201,96.9300464991994,97.4905181523403,98.7953804880536,99.460059409506,99.8875720896519,101.835830737369,103.323605515459,104.231180366756,105.384106941599,105.71657604037,106.375652245942,107.40101816762,107.094322352726,107.042210483406,105.985711398055,105.323586912852,103.696487894118,102.530585112733,102.257291057313,101.061226949301,98.9203762473302,98.2395980321336,98.3901876634381,99.3931028398474,100.97492475963,102.678480070897,105.027556609215,105.591417303449,104.641612776306,101.841603091742,98.8775280866372,96.787882964918,94.8814021769093,92.7215946865999
"57452",335.349864203396,338.09633908958,339.652510752154,340.623719084767,338.900623444449,339.117445454945,335.720622779815,332.122158439146,330.139244048252,326.487516583621,322.000400701166,313.779417487953,307.135047380403,300.55738862238,295.131450376411,289.890508747816,285.629708795045,282.52802410806,278.987423410189,276.452772815363,273.925114080895,271.415337042376,267.835884228703,265.558188625081,264.942015228911,262.45566872434,258.536666743145,256.707556672811,254.284133471287,252.156841453922,249.572013607252,247.243990319245,246.943452333252,246.042493198874,244.945956289141,243.115590816749,241.996798482974,241.535972011275,240.724301463889,238.972662554964
"57471",14.7957803232679,14.8145708702357,14.9505843711545,15.1770917681237,15.4171183655031,15.9160984261406,16.328682526715,16.781384514453,17.3935763680277,17.9519331813481,18.500507394051,19.2704353042773,20.2029091999594,21.1540110118074,22.2301672821724,23.3032276226922,24.5031774255847,25.8740848545674,27.1604876657706,28.5455751286433,29.911824800895,31.2277491934973,32.1609589865937,33.511685059768,35.3318408247871,36.3962593305382,36.899179729361,38.1095143468544,38.9723928352335,39.8970281841791,40.4877321607329,41.1386627121832,42.5459231940404,43.6124503347889,44.506537244352,44.9919734344472,45.7285845395541,46.6892108489204,47.4909340050996,47.8200695046497
"57491",20.2853846033758,20.3713198489082,20.5660453099665,20.763702456163,20.9129109314739,21.3202755868079,21.570865668833,21.884603910048,22.3109335335095,22.5971281951298,22.8830755483057,23.4349569492845,24.1654154374749,24.9835942701781,25.9341706734528,26.8450683663408,27.9722721470541,29.2100699804765,30.3785201573451,31.7382021880747,32.9252249406312,35.2941862422112,36.7087664832739,38.0213611929525,39.2718071662657,39.2810484238872,38.6828474510459,38.9420844562071,39.033951589314,39.4494439048463,40.1947767924538,41.5145522568447,43.6191378756336,45.074614739796,45.7046723573864,45.0014528855167,43.6370635909703,42.1757244079795,40.9816971663009,39.6314170029276
"57551",34.558539109866,34.6356909658904,35.1126552372245,35.4445973320255,35.94578909143,36.7933417419516,37.3924935929877,38.0712061198548,38.9078734978124,39.4626383175569,40.105055519515,40.713363245611,41.3525252595464,41.8415837700302,42.4590837114641,42.6273204442388,43.1436609433029,43.739655038719,43.6937306866044,43.7975913982216,45.5384734040746,45.276153018408,44.6243994772936,44.7198641416053,45.3628369243704,45.594947818112,45.2534430242062,45.7352595656409,45.9424984676418,46.4561811409137,46.8672362610387,47.1011748372902,47.8357207580877,48.2228447873475,48.8998834061105,49.0504560430583,49.4885465188986,50.186694968538,50.9124329669218,51.1304431610036
"57571",85.5990438712796,86.0724330415194,87.1027217689827,87.2322175560001,87.5080318237377,88.2332972113786,88.6296154374097,89.3216416008192,90.4783472348895,91.0592552977676,91.973831594119,94.8763251925883,97.4837698623737,99.3646105633526,101.13283419561,101.741521172899,102.964656679188,104.123988789907,103.70381528177,103.511270952581,103.246526764737,101.110528239084,98.4366688171361,97.3383342399611,97.3272481573548,96.6458112917139,94.9213720972447,94.3990390327259,93.1835760027245,91.7136651137951,89.7912567261736,88.3253899693217,87.858604389925,87.0818780149673,86.7654436328757,85.8443488009554,85.2881154070996,85.3168837623671,85.3814869509186,84.9295192487672
"57611",3.70439519089474,3.72526944363113,3.7707789401264,3.7811947339466,3.78451497652684,3.81005083941119,3.81541888724207,3.83506763260851,3.87433941052013,3.86730481953298,3.88383730205557,4.11989271450451,4.58798106420281,5.24968493195577,6.13126262075682,7.17188817190106,8.53630846586886,10.11144033939,11.6320643227275,13.4546272925372,15.2567937296769,17.4835010990617,18.6106199516385,20.0912604099391,22.054314588524,23.7077694257664,25.0034490530558,27.2117855369287,29.3138848341012,31.2773044361736,33.0459009189043,34.8044352974442,37.3167446209026,39.4125288925549,41.6921281996737,43.1547450407711,44.7859696782134,46.844542959124,48.659846837749,49.8303607923202
"57631",8.96365137647822,8.98128884194016,9.10623950761274,9.20500409935636,9.34275146440899,9.57982385753848,10.0352953468089,10.7785571622892,11.8912699968534,13.0949291795065,14.661876197108,16.2821540610903,18.0626788771084,19.7867379050587,21.596288152401,23.3598072945846,25.5811969825583,27.7639835103549,29.5486213144979,31.6973292348761,33.9203347436894,35.9880025733772,37.75649998332,40.7063594608756,44.4547108767336,47.2658266458513,48.8923031769303,51.9535943557073,54.7414640062993,57.2864475591896,60.1019435159095,62.6266100209484,65.9749303034085,68.0636672556194,69.9558756534066,70.709976170654,71.8308878398255,73.5879292089607,75.1018441919093,75.9522241608689
"57651",67.8331256326843,68.2898548431682,69.1024370283753,69.4779330172667,69.7477035993807,70.5509861907831,70.9756035723154,71.5196483219361,72.6532976709083,72.9938831696913,73.7401723179622,75.1866862999991,76.7652700903646,77.60871355958,78.41468625548,78.7857428345977,79.6549781580981,80.3535802513697,79.9526543005305,80.0302767325447,79.7054753185366,78.6626976403954,77.1837134755759,76.7930317643104,77.1766081618154,76.6745188691199,75.4570383036507,75.2443970426806,74.9754323920887,74.6622540107462,74.5893462810876,74.3871735780956,74.8471143286965,74.8556638118159,74.9027677862393,74.4071113335235,74.1014909945795,74.099024088365,74.0786473380617,73.7792633466278
"57673",3.0248990226467,3.03326163184055,3.07415712011956,3.11445506519602,3.16606277309316,3.25434503885563,3.3693636836121,3.53071331203937,3.76197180620853,3.97810009493525,4.24649099018691,4.55623663880404,4.94189217160068,5.31997769551047,5.75076753080256,6.18647914464913,6.71975582675452,7.28253822103976,7.71140745761263,8.26140748258869,8.90240526426458,9.50310163571401,10.0008072735633,10.7752289731547,11.8196998832369,12.6276298167295,13.1961238227735,14.0739747330592,14.8448129209944,15.6535479448606,16.3620048625999,16.8286402757078,17.710083895004,18.5364526962968,19.5075127546497,20.2814307147483,21.1397884780922,22.0782565038273,22.9550242866994,23.642634100287
"57694",21.0810034103523,21.1043206494183,21.4022654013025,21.7564440734219,22.2785100348876,23.0636386095998,23.8860673532054,24.9234635396325,26.3833658221644,27.6222243934349,29.1486957565548,30.605083128669,32.1201478824685,33.3669080532431,34.7571963382867,35.9205863616523,37.3795861117736,38.7564587426863,39.5241547505231,40.6503763302265,41.7113296032848,42.654852531671,43.1573281813719,44.2109195274209,45.7357595774568,46.4572203474144,46.4217412949602,47.2901305533187,48.0327390653523,48.8492175843185,49.5239799102574,50.4576512733958,52.8553447692165,54.9162468293888,56.7458954342499,57.4416266605049,57.3860854396149,57.1628757881853,57.0863106821228,56.9776530043389
"59551",26.4236817562776,26.5195827354477,26.8681886242799,27.0477375788156,27.3322703658786,27.8808168063079,28.2893534287541,28.8116966987936,29.4582128068915,29.9462507250539,30.5080094645003,31.8863899232866,33.0895249101455,33.9743322364265,34.7619308364467,35.1038002494985,35.6995834263094,36.1537280260163,36.0781517436279,36.0947323227391,35.9868136075271,35.5109674023964,34.5573440535676,33.8341272817044,33.4794998594188,32.8912008285468,32.0397218677071,31.7168305519711,31.3560679375527,31.0799906099683,30.7824164618069,30.5625771838154,30.7171272322539,30.7641382610652,30.9484312671696,30.8764913325814,30.9523974194697,31.1607360044358,31.2908478051566,31.1918390740249
"59591",89.3807169812888,89.7419427762223,90.851094482221,91.2552202193048,91.83556414073,92.92720080232,97.1948447821949,101.012569933348,104.64172873418,106.608995904882,108.571106781344,106.937435841355,105.749342664197,104.291185375963,102.977562988211,101.297837786736,100.524923621281,99.8641505425835,98.2947604321473,97.1102611643211,95.4251581004871,94.3251789998596,92.7432958180806,92.3553836189138,92.5640991184385,91.9156270497842,90.5575962655191,90.1964258698909,89.4830295816847,88.8725838355677,88.2461719225633,87.8450841619581,88.3589070203069,88.5402325641986,88.9567315013451,88.6515378833929,88.6814494877711,89.224462279716,89.5441187256958,89.3188664723169
"59631",14.5539664736754,14.4981626564404,14.7296501205203,15.0412115340065,15.4991398682306,16.1946018659694,16.8369748503132,17.5660888324023,18.4655944602494,19.1354822907671,19.9621584333497,20.8496987420635,21.8949269543221,22.8417170498088,23.8576750077339,24.7806521742909,26.0489244760126,27.2532644813383,28.0715001395077,29.1363603263683,30.1326767667619,31.2275100435828,31.886294914071,33.2335497689348,34.8807068387573,35.864850304408,36.1013056803521,37.1087720920178,38.0046327706572,38.8932615982651,39.9839312515376,41.1785058599676,42.9428852714808,44.1246171909773,44.8804597018909,44.4808088903257,44.4477076210683,44.8956353694901,45.3801019010505,45.4623975322135
"59671",60.9143064740646,61.5714219842397,62.1624461303138,62.1406997842353,61.8104891528933,61.5500006376962,60.0341254773569,58.8859861863766,58.3704813802191,57.6503505342926,57.2912896911148,57.4446733600152,58.2783490699122,59.2906824183428,60.770220613235,62.4694821519671,64.801442144931,67.3874629869285,69.4848348421879,72.2753282553724,75.468302746334,78.8406102384255,81.7273064525388,85.9095277601043,91.0186216580556,94.5041559677568,96.2980813630134,99.695934280447,103.084001428498,105.976855988643,108.26310978784,109.648489472035,112.578676832424,115.007934572013,117.631225292161,119.253748183032,121.233723197022,123.633805055444,125.836565497458,127.409078053366
"61351",45.0616490910952,45.4000410411389,45.6383489776076,45.790417224725,45.6583689706117,46.1493404464176,46.5033484796261,46.6954242994662,47.3985959932329,47.8825807635879,48.0070840455429,47.8036720888926,47.7721503998503,47.5161777909673,47.5079764934778,47.2560313757048,47.4386887134321,47.8137738488755,48.1652767426678,48.4364687728611,48.4363380980939,49.3339550992529,49.3496909281259,49.2022318651846,49.513288711346,49.9266978157887,49.6901228825056,50.221871137866,50.6974826112758,51.1042697004314,52.2046812536869,53.7287667999065,55.7081461036943,56.6560807297096,57.0578574641758,56.393863575066,55.5697131377395,55.2716998139072,54.8738774390904,54.2242538190935
"61391",87.2799939872289,88.0216356855574,88.5249441506494,89.0659869226981,89.0850925772277,90.2527085078741,90.7061133876819,91.332308957544,92.8550681612212,94.091442849501,94.8910523974276,96.6563719745834,98.0448863304564,98.8094452306269,99.8273543443624,100.072154803105,100.877988459918,101.915424146897,102.217463950445,102.274593435302,102.305295655538,101.460199565645,99.9728105372929,99.436787853558,99.9065312632294,99.9654350527133,98.3930517492659,97.9031217953909,97.2280768954303,96.4422710173607,95.8048310368779,95.3234951312588,95.8088474852279,95.6983877480936,95.8695494729631,95.4991802784411,95.4011953236573,95.7535660627882,95.8669664035743,95.4103709562326
"61511",2.33370378092752,2.34608721515777,2.36642746005759,2.37828776831152,2.37618309390451,2.3998261234664,2.43680197598804,2.51713053950333,2.63156377080454,2.76350401058102,2.91335819834126,3.83587466432909,5.54935454956628,8.04735775926045,11.3354168827405,15.2362198229878,20.2124070690161,25.7525837829351,31.6552332584121,38.692439966735,45.8904015795464,53.3942317976286,58.4123312687392,64.3832238418856,71.1203844462909,75.1216814958701,76.8539562257158,80.1075781720069,82.2775310207878,84.1379102230984,85.3042236454567,86.6543903666107,90.0196049030376,92.3924611770565,95.1927516647778,96.7169868095733,98.8351070519742,101.529114649121,103.786355627642,104.44913528833
"61531",67.5264901076175,67.8539400241561,68.5396568189029,69.024568149718,69.3238135327386,70.4684010290802,71.0218956822395,72.1183536684138,73.3688451751408,74.4263815511854,75.3948152478265,78.1237652208933,80.2147850755004,81.8108304081682,83.0186939670247,83.6334903226138,85.0603290322477,85.8717734434938,85.7640382844065,86.2075432682127,85.0371207755875,87.7877944412458,88.6934849226336,90.1335109432395,91.6664324927587,91.125652282998,88.4583065062932,86.0156070940461,82.6962879853024,79.8571277293283,77.3095604354799,75.0760306103766,73.7273541729278,72.7456454942221,72.0622345611716,70.6735642105006,69.0381167686466,67.781041381151,66.6379413366185,65.1901301530522
"61612",102.110466529309,102.629320168356,103.708449358971,104.120731712456,104.46955736264,105.236951577339,105.700600545402,106.471493514655,107.759949325291,108.13653315013,109.091924283496,113.688409814531,117.82684274176,120.983990883015,123.676526452387,125.483006918743,127.856830898313,129.864465317071,130.093986852937,130.530648005818,129.660816292525,126.542133599228,122.753826592615,120.821841802773,119.797454422952,117.81306042952,114.903843335626,113.525410038892,112.52584388121,111.56259158869,109.923761526583,108.542672731357,108.275714073065,107.746829513322,107.350137334895,107.940441733305,110.872949335326,115.535619868756,119.957352530882,123.114715497795
"61692",47.9454168135801,48.1319187188733,48.6502453812561,49.0022001494791,49.5012612877553,50.2515652043439,50.8137616624756,51.5567468252939,52.7717970887424,53.3763383698221,54.1890062752919,55.0766721272297,56.2187033818628,56.945630341747,57.8875172901653,59.0694213787398,60.1395292269598,61.2776298023167,61.7094051039316,62.5489359308437,63.3710287995816,64.9497437173642,65.5344493419428,66.1217820258662,67.1765780567547,67.4714634262001,67.0075435978927,67.4309116607582,67.757795291597,68.1339819562868,68.3368740448524,68.1749683434091,68.8926764513613,69.4536866796242,70.1899016592344,70.5242760533731,71.2457270158077,72.6888897738266,73.9759577274938,74.9960307655129
"61751",24.030843362066,24.074142999369,24.3755967622141,24.7056210696017,25.1917463221678,25.977288065918,26.6912989858868,27.516639603961,28.6196248790184,29.3526247603083,30.2439380849845,31.1282219100676,31.9469867785938,32.6074373761715,33.3345273911185,33.9306849430643,34.711015843456,35.4785231074864,35.7372970189165,36.2071697155839,37.2110217991344,37.4516091329691,37.5369102788906,38.1547565121653,39.1371659443672,39.6820970003987,39.6509102875218,40.1762635745102,40.6515476609283,41.1817336243256,41.6029856819394,42.1566856723104,43.5364931845615,44.5617337910015,45.2349348174928,45.0514396911032,44.9736857521171,45.3742331329498,45.8810282480938,46.1721204259976
"63491",49.3075321527078,49.4949375567684,49.9522587374904,50.2727904096545,50.4032899708463,51.1206583981993,51.6245785506001,52.3506149365866,53.3234921230769,54.2404906294502,55.1219452376238,56.3577172127195,57.3749612375141,58.3186112641365,59.4204517443108,59.9824232735433,61.1395323911496,62.2077588087079,62.9283329970912,63.9670754014918,64.6966320782266,65.6039585828,65.6206049967343,66.3573419875295,67.7349724654103,68.0141030458179,67.6988799585262,68.5259364903556,69.1637981833571,69.7290359422221,69.7545464275839,69.5876103758466,70.4893508202298,70.9605133878846,71.6867072818929,71.8489785680383,72.3230950874853,73.1415072423166,73.8633785039778,73.8159633476184
"63511",12.604691415895,12.676687891873,12.7875406234221,12.8447328136236,12.8145079731167,12.9272389578387,13.052166732412,13.1887594947188,13.3222544379807,13.3994462190689,13.4002571711421,13.464132157725,13.6121633185269,13.8406315221533,14.1706496508265,14.4893710590121,15.0095208402153,15.5348811220379,15.9766047131276,16.5544964774735,17.0240133866772,17.8431205936199,18.1565989119289,18.4869562071781,18.8969082083604,19.0043800563152,18.8970154103068,19.1422613511667,19.3387771033203,19.6004953313358,19.7684144705126,19.851731670037,20.2525172512478,20.5082748740835,20.8601454558712,21.0170874078644,21.2750377322644,21.6432458679589,22.0060346386394,22.0817828585263
"63633",18.4881336977046,18.5235425643146,18.7579946370401,19.0012633757092,19.2791696466853,19.832386615982,20.3259034568402,20.9582908991355,21.7453078917207,22.3663237138974,23.1402676110401,23.9182446738997,24.8070384068003,25.6870474531001,26.6765262831654,27.6391633655479,28.8797837945994,30.2841982985428,31.1874906643582,32.328453832795,33.4977740445845,34.6324156620911,35.3238824135871,36.6129991996747,38.4590151897569,39.7712971870941,40.3824875676804,41.6751209556085,42.5495321017287,43.0507980484966,43.2351177179785,43.3061535231381,43.9804017817483,44.3452906510053,44.5817658747362,44.2673157421598,44.2894815459774,44.6112102957914,44.8154894001664,44.5776281778332
"63651",87.4747497602813,88.0767505877665,89.1088443927956,89.6539112331724,89.9688689467168,91.0844653174557,92.14363668439,93.3796281643263,94.9392969532001,95.3663946857112,96.1400592033149,98.6263452556838,100.803330738363,102.353870190526,103.589980525658,104.385942452347,105.486864429301,106.444781997135,105.874105340443,105.519119962968,104.409728771425,101.433008601875,98.330892562042,96.4798111813479,95.3605652548095,93.5227986365244,91.0799125934362,89.6850029382637,88.3726149488352,87.1127764487024,85.9531378134298,84.9499329162611,84.731470546887,84.416119838392,84.1295238815637,83.5027919309744,83.1509578699556,83.0465481734444,82.8203889920958,82.2069859311394
"63734",69.4112511517113,69.7898799060417,70.5582744118509,70.9194590455445,71.1124274980931,71.8274746571807,72.2274897796458,72.8304032323104,73.930613545453,74.198040373751,74.7688147868587,75.3269312980317,75.8309445032613,76.2699193723219,77.0738316200841,77.3197045750217,77.9586169250816,78.6749801027405,78.6526450077993,78.8068037982275,78.8621272342777,78.9676122880291,78.87223383164,79.6586878616676,81.3274126312588,82.2908621253172,82.360873979502,83.3053438688708,84.1623384037615,84.9241965452712,85.465467287284,85.846784039523,87.11253192221,87.9737753679156,88.9628469016301,89.4783274226897,90.0034495492066,91.0251226216794,91.7359888183721,92.0014595338008
"65431",111.720239315314,112.530304292437,113.516216436815,114.061458949893,113.572892604564,114.144129596394,113.134153987049,112.290502246927,112.071516057209,111.649954851418,110.965495809068,110.556722436869,109.878573456751,109.074206910403,108.382310077392,107.023876958621,106.206431749213,105.634872112665,104.635208633775,103.761174800871,102.551582695531,101.032347180223,98.9767299240623,97.7448695464086,97.0756451211394,95.9962988766455,93.9681235713144,92.9885598192927,91.9241866916008,91.0084874658256,90.1261601279021,89.4029130385412,89.4481655503374,89.2128505747395,89.1179397422218,88.442270182705,88.0670975094932,87.9922236343284,87.8135972852165,87.2594237405405
"65491",72.8544437571386,73.2208516350702,73.9344927876019,74.3694437718586,74.4756696367761,75.4566216682778,75.9999617261883,76.7354239783603,77.7136965792694,78.5352852368039,79.2523515818843,80.8621484330823,81.8848218564954,82.7136461073936,83.7387369685981,83.8265848680358,84.6363484733745,85.3240100336358,85.2991009892148,85.465405566237,85.8337664385706,85.1714583286694,83.7569329431588,83.3040132929417,83.6788993742973,83.2122436417993,81.9081750278138,81.9153765229195,81.7940653661437,81.8115588100944,81.5198543054229,81.1896653960739,81.9025126843338,82.1906415910219,82.7524063046205,82.6626467494566,82.8689196109221,83.925263881587,85.0829851149346,85.343413648912
"65611",15.1705335154105,15.1293725576809,15.3100845095355,15.5695727700305,15.9311546128237,16.58782388634,17.2624502439886,18.1546539685933,19.2223018410518,20.2351117818834,21.4964422577296,22.536372149913,23.5142562545879,24.2504431837642,25.0246146369254,25.6769530048402,26.4338930950019,27.156272786365,27.3914742099606,27.8154266472847,28.0994506933356,28.4759537098946,28.5050709117516,29.0157499734789,29.6851435372539,29.8579986977008,29.5848959733177,29.9093723382395,30.0936368315678,30.2212922257496,30.2515533949289,30.3091310539061,30.8109153190852,31.050556109988,31.3891098151147,31.3704274717083,31.5594813631262,31.9331801153135,32.1529616158953,31.9989998432336
"65631",33.6581039028338,33.8467060216209,34.2070836707528,34.4651392619927,34.6495857100305,35.2268449112837,35.6445439510014,36.2445756519481,37.0680824728725,37.5848977664584,38.3356353775441,39.0531360255033,39.8993115595068,40.6919985272038,41.6430574609794,42.5513518008623,43.8012951836154,45.1826450957967,45.9192774442237,47.0498672026292,48.2312633973667,52.0810216081402,54.0208129389095,55.0654028174106,55.9080107912524,56.0991748587069,55.6418919961818,56.256454851067,58.5439298195328,62.7917674546819,68.1123630745039,73.2842922002251,78.3206205917921,80.532790763151,80.1875793651128,76.8255861385557,73.012324254355,70.2974207269384,67.9558512203903,65.3649572225856
"65691",57.5109046062438,57.8551951610505,58.5076556944236,58.7614644400264,58.8586563915329,59.449245985615,59.6101121740487,59.9775275999581,60.6353660201339,60.7250888155131,60.9846893542671,61.2246033223851,61.4638153899216,61.669596504964,61.9088033518328,62.2731740770594,62.7955938627041,63.4024100277873,63.3774380238229,63.5915802404019,63.9028582571147,64.7470831577191,64.9874084145574,65.6351790776746,66.5591343294079,66.3422532402995,65.3754366841191,65.2064303390456,65.0188011340954,64.7977736145078,64.5387355397236,64.2319262871376,64.7912832882817,65.0791558586691,65.1521132830666,64.9548345160789,64.9682237668106,65.4022355540722,65.7497289169374,65.7505487924609
"65711",11.8407281440917,11.822206556562,11.9927550684704,12.2096823300915,12.4901977945078,12.9732191468731,13.3571611416081,13.820607481216,14.3710954556223,14.7375479888916,15.1901525703762,15.7033814500702,16.3100078319328,16.9570816453284,17.7094004192936,18.5098430571825,19.4356995106768,20.4578251195341,21.2224676198813,22.1241518024592,22.9973890523245,23.7966667841662,24.2618583283752,25.098077861592,26.2997115509732,27.055259840891,27.4400311621168,28.3307419201634,29.209178268022,30.0245469647068,30.7345491072067,31.3511369371822,32.5452374163865,33.4774877181176,34.302420468548,34.7719511118958,35.3401535732748,36.2179120709893,36.9662169523817,37.4030240111923
"65731",14.8203569961803,14.8217437509361,15.0230787726181,15.2407594870919,15.5164823773685,16.0130217515607,16.5447762623617,17.0520334238377,17.6053839506195,17.8725651555045,18.1705629368293,18.5818051437982,19.320552098932,20.3352492521612,21.7639858302067,23.2346356828184,25.1643661206571,27.4015632013706,29.4781262896988,31.8522917632459,34.092280831257,37.7172405964547,40.0817896871446,42.0245094275015,43.8035164545793,44.8933634573526,45.2849791576431,46.5173302635365,47.7802009284136,49.0604560560499,50.2326079451034,51.3285237847067,53.2481731310808,54.8613035838277,56.591810778554,57.875023181195,59.1446176448838,60.8303942026535,62.2563195000046,63.1660892669924
"67391",101.677019116026,102.076388790562,103.375650854115,104.242699571863,104.364567017672,105.85524680166,106.719014570273,107.53852887627,109.277327703694,110.982060414224,111.93979838142,116.355000448488,120.689804633461,123.207169958331,125.343626067306,126.128442938615,126.730088004472,127.699154881074,127.556331991908,127.325326689194,127.650956406492,125.809236339572,122.463865566042,119.658165812825,116.779674876422,114.391105277341,110.825218609494,108.727643528671,106.736805209267,104.851059874883,102.810997465065,101.261154888533,100.441522995705,99.1699878720265,98.2312001483762,96.7515545951812,95.5785383270521,95.0093570065397,94.268072721131,93.2941422537943
"67493",62.8693915564704,63.3025466860353,63.8135599936238,64.2105676747926,64.230160232152,65.0394250453867,66.3726549076263,67.6243745411276,68.8542756421322,69.5929226589941,70.2404203486325,69.9910088320599,69.4006066490811,68.8493369902328,68.5669856198245,67.7459589585037,67.6160122506978,67.5139646989938,66.9490528639555,66.52934943352,65.9995339357846,66.3690834612873,65.7618657268477,65.1416826178921,64.7865311171975,64.0711979827392,62.7237648878696,62.5294839323202,62.2470953109555,61.9823793919858,61.6248136179057,61.3288914420315,61.7118634458209,61.8660939214177,62.1281087524999,61.8555830342403,62.1754775732915,63.0429942601847,63.9371541608382,64.2255750310592
"67574",38.3483031523565,38.4277587273526,38.7080404286734,39.0747681809651,39.4020255000814,40.3859459682058,41.1667520059922,42.1818157897695,43.3678175893115,44.3030176658346,45.4173889950622,46.5416634079014,47.442746128829,48.1486657267941,48.9601062086115,49.6216784834715,50.8579229125116,51.9033105969641,52.4503386549145,53.2992755013979,53.8949407359673,54.634065997655,54.836971112887,55.9095354525041,57.3937374040419,58.0571803064162,57.510839167706,57.9181245530793,58.0224231214362,58.0759037217277,58.0655672177248,58.093345936883,59.031051052987,59.6961765230084,60.5091670571152,60.4143019468764,60.3484340164505,60.7581189466538,61.0593943392461,60.6892657120713
"67611",57.7492169200581,58.0988819883878,58.6417641181708,58.9406159855224,58.9988635480394,59.6228689234747,59.9990757883641,60.5632972092894,61.3948987599716,61.8235386579067,62.5100316904762,63.5481275193512,64.4291673239796,64.8416805573501,65.3824869592487,65.7047575732042,66.2346630921379,66.6079166163222,66.2432326449987,66.3119024600648,67.1443521512345,66.6386397048216,66.0167846687675,66.2675515942497,67.6775115750464,70.5783256740277,73.4560718016385,77.3312237473597,79.5847174136622,79.837210531393,78.3346760757652,75.682907412425,73.22694279333,70.7399567512868,68.8646490936322,66.7649690056535,65.0730120755102,64.052005543182,63.1500753214809,61.9104414597614
"67631",125.076534152596,126.13481559458,127.467718758021,128.169835277606,128.180380431322,129.362496947567,129.704012568078,130.425999613394,131.7316915797,131.922287031627,132.684412892056,132.997530721165,133.300079764647,133.017226395659,133.178263561701,133.039352339218,133.497129112787,134.03040812357,132.993681351156,132.810842269684,132.123869384439,131.837341175401,130.620531911104,130.719349192502,131.50812855252,130.997263881015,129.016568213191,128.748264048166,128.073927465971,127.174048343458,126.22444741788,125.258537097303,125.645692315103,125.303000724437,125.36421752426,124.63244707675,124.383375388308,124.740035670586,124.715349526439,123.816682075124
"69553",28.4790600643502,28.5287209784012,28.7465279699598,29.0546031459119,29.3184529765722,30.1308570943492,30.7885292511265,31.6853949134334,32.7036999392923,33.5235885630444,34.5529618172859,35.8458489230047,37.1530458625014,38.5100436590986,40.2250428584995,41.8808987054196,44.2984675039333,46.7601609898343,48.9760508485047,51.6568780065989,53.7489210184588,59.0833498268726,61.5936808043021,62.6700002249464,64.4708758156794,65.7747125064526,65.9985928762328,68.1332372840881,69.917888860354,72.5036453642835,74.2684421310616,74.9045903100013,77.226143034617,79.1458899251453,81.1961853865073,84.8358193036229,92.3326586102763,102.110727500657,110.173575115846,116.153159888782
"69651",81.2298272522707,81.8679053119263,82.9774031093338,83.8752336644911,84.0976792629865,85.3319969940474,85.969774927818,86.9518912649153,88.3821546856933,89.0422452589548,89.9760810206394,92.7154144916767,95.0700871362404,96.4518239322297,97.7832088131458,98.6879321220922,99.8016904682864,100.71808541651,100.139312565554,99.936747474614,98.9744319783881,96.6172577692146,93.8261846802139,92.1671571827739,91.3887476235932,89.9131176481313,87.6026485103971,86.1672414339652,84.5501396664328,82.9809091534354,81.4558029387157,79.9486628137645,79.40718088761,78.6718931524683,77.959607427111,76.7253086593274,75.8078369388929,75.3656841496847,74.8905189381395,74.0032643649504
"69711",20.0619209728277,20.1337541212153,20.4171505945835,20.6131496705306,20.7860634005253,21.2364566898965,21.5096704170748,21.9064452752618,22.3814286724368,22.5780069364462,22.9127679903416,23.3015989621351,23.8200196857966,24.282553109516,24.8477896210711,25.4582172212077,26.2892797766644,27.1565610549849,27.7800308987286,28.5249315123413,29.1827176164675,29.9506778441322,30.2193782250549,30.9088836253824,32.000349189293,32.6222033267343,32.8203521671213,33.4714206150709,34.0001405609805,34.7896474403351,35.4663257815861,35.767691455791,36.3662553155971,36.7962413557125,37.2962254641649,37.5578513002122,37.9727408567955,38.983690655719,39.9380891191431,40.4928627694994
"71433",82.148102203975,82.543556477422,83.5589815519072,84.3770007112727,84.4702763872799,85.3369214072854,86.5916642674119,87.4173923237867,89.0024590406045,90.2956285472309,91.1841690903103,93.0356219471581,94.5047537827755,95.1044124048104,96.0139136015889,95.8607019801358,96.253529024213,97.0455088141636,97.1598107926964,97.1897026819359,98.5757584636509,96.2885727025574,93.4892076930099,92.0034097580068,91.0487560945487,90.1887642946766,88.349443291752,87.8032432981819,87.129670300432,86.4015692400315,85.4359308469402,84.8784632202162,85.0142961175057,84.7454390805544,84.65948514974,83.8071311028555,83.4638945191427,83.4939164266619,83.4572137323585,83.1440412725611
"71492",7.97407145489303,8.02535425305932,8.09532891530959,8.1630067543983,8.1955173485032,8.3473661071607,8.49168550598936,8.61816187530728,8.77495332319303,8.84511477659637,8.95245386149698,9.26599104163347,9.75700443316278,10.379762037503,11.2679154802162,12.145355457458,13.3879234830725,14.6860769973991,16.0029489071042,17.3420221858673,18.556686020955,20.4309097321209,21.452207025885,22.1796794629723,23.1674297091288,23.957056438391,24.2320600496611,25.2715548186602,26.1208475063994,27.1494020157273,27.9965072708454,28.6125870823309,29.5305191160518,30.2373546063451,31.081139772634,31.4904833173814,32.071131405718,32.911657606951,33.8922309300947,34.3798360805375
"71531",87.8802609212357,88.572198854292,89.2647333069573,89.7760346742547,89.6716587081415,90.7143808110032,91.2769065222505,92.0114970068435,93.101648685509,93.4780153448563,94.2279113000444,96.9396897831883,98.8068330153509,99.8659007198752,101.201506516679,101.351032066326,102.429820510254,103.163174276302,103.082218981995,103.082038780243,102.672923924751,102.087825328179,99.8164232783343,97.4298953481167,95.9213149254895,94.3373162438748,92.0746279426846,91.5644498829275,91.1095833395539,90.5910401417176,89.931044516577,89.3425028645345,89.819101104919,90.0100280661582,90.3406986059993,89.9093232920392,89.6802160293682,90.4070434142848,91.355881642123,91.4654307154382
"71553",37.086179730038,37.3281983944192,37.6212482013295,37.8591960590961,37.8666898186932,38.4273147123179,38.788866757076,39.3375275904946,40.038518178262,40.4543817123348,41.0798962965841,41.9140799272973,42.4591681804253,42.6797689072264,43.026295603682,43.117020355193,43.610590035476,43.9195079504942,43.9397997826126,44.1134645110598,44.6314794858696,44.6277048062795,43.7619059051228,43.5554980969868,43.7740268972899,43.9550818605031,43.7146407119566,44.3824539345706,44.9950315277655,45.4722463859517,46.034088675138,46.2002086503799,47.0472799558516,47.742455095994,48.5838693435974,48.8926827104806,49.3419536400353,50.5411214205802,51.8760216475483,52.5457519042829
"71591",72.43931036858,72.8125770191743,73.472955989431,74.2059120795438,74.5774109042647,75.7516495011002,80.0668864526631,83.822770957922,87.1857408968087,89.2207955116449,90.9234112188129,88.3579216518363,85.9504013003385,83.4455532470355,81.5309645607854,79.6839320628613,78.4548208077671,77.1061615546077,75.3980983179745,74.1140615910475,72.7657603227612,71.8031775661308,70.53521683602,69.9664191578078,69.7623311704594,69.1382263446232,67.761636070314,67.3840716107116,66.9079036227838,66.1345095318404,65.2668232448233,64.5305141321653,64.5321740180414,64.4574453978263,64.7109696886517,64.6295028897397,64.8360800447281,65.4414732779155,66.0094945494848,66.0339518101999
"71613",75.5097142856415,76.0342177669884,76.8113085795942,77.4458888652138,77.6536172826882,78.4429878335516,79.8165980342974,81.2232427547153,82.8243569589678,83.7469663453353,84.7922952987822,84.6038949353128,84.3824032921335,83.8251068494887,83.6209436293495,83.2999482788283,83.5385223532862,83.5359914290712,82.764863291118,82.5123671878732,82.502375190976,82.5264617684607,81.6722833613052,81.3363886893754,81.5688660027195,81.1879687575041,79.7367354539899,79.577407116149,79.2104818086037,78.8402542669083,78.4316003192392,77.7909298429379,78.0089322667846,77.8783426344194,77.9947086209582,77.4735766513436,77.5042558045945,78.3387101692588,79.1842356012063,79.3917507737351
"71632",3.38010117486227,3.36855759258651,3.424098300333,3.51946307234259,3.6277863447208,3.80892452907909,4.00571540335438,4.25056922901627,4.55349704468383,4.83878092856143,5.17590040600011,5.5239508488651,5.88892845781182,6.23065515837742,6.64226101795063,7.04066652468624,7.55399012372638,8.06794592006776,8.42239687561441,8.89902175189826,9.47566438221123,10.3521914008619,11.2373393326213,12.4296450816814,13.7997633692357,14.8662208303668,15.4535463414538,16.4397344134254,17.329702626964,18.2045787281949,19.1204851769014,20.0949211478605,21.529505560297,22.7218632042862,23.9937102162292,24.8865077069117,25.933602765281,27.2495207976168,28.4590305523602,29.16481691624
"71651",25.1173121580706,25.2572752861977,25.6048351776273,25.8889925746181,25.968729433808,26.411422274484,26.7799529131632,27.3437411307345,28.1387063935577,28.6939136267571,29.4242229825715,30.1641136939611,30.864397136174,31.3991574859641,32.076027925403,32.7096983093017,33.6895379878196,34.5660551485446,35.0570108857844,35.79281021481,36.3476353372544,37.0350857317659,37.2958574742117,37.9442767264333,38.9611797181181,39.4528673355775,39.2922639568985,39.7660107119881,40.0995844724501,40.3872210567076,40.562557791507,40.6696106937706,41.2668739375696,41.5188982615269,41.724749522951,41.5226084157975,41.4645747973644,41.7407099751978,41.9269650850211,41.7012528185715
"71671",76.2245758707111,76.784069450877,77.8549037069582,78.481645164876,78.2351687610363,79.0783364939643,79.3490485064275,80.0627681867217,81.1669361006272,81.3243461315827,81.7399346709422,82.6832600224019,83.4832786030127,83.6591225515107,84.017742785839,84.2239776270249,85.0167362548822,85.4544146637296,85.202863009665,85.2385986907736,84.467887734987,84.4661239878098,83.7598828752995,83.7428921529707,84.3423274509188,84.0380026143746,82.766913440512,82.4044950001197,81.7920744401999,81.0053792119682,79.929918592327,78.8840592414906,78.7380373321063,78.357665234165,78.1023423139736,77.4913897993964,77.1037622106302,77.2599711868345,77.3348897872279,76.8567483802179
"71694",231.69234723139,233.31291956365,236.545082792714,237.888326498438,237.592324136772,240.365900772599,241.227168816025,243.353399944817,246.488704325896,246.754028772061,247.940323751249,249.966799217778,251.851232153315,251.999368035493,252.739636899176,252.969880412666,255.102615802595,256.346655555308,255.579050957079,255.518817180057,254.447719934943,253.918434984106,251.488072009114,251.31313963203,252.983846890435,251.50431389436,246.978114622197,245.356687097314,243.59260407679,242.004979168816,240.25620201924,238.271946049461,239.178099095088,239.600553907666,240.272748007088,239.471353391754,238.743065273566,238.889770382474,238.248598875741,236.161275830928
"73453",86.7317907266881,87.4508829847813,88.3237621510903,88.9855505745556,88.8974789142236,89.714395427571,90.4704462584709,91.1009651009538,93.0470347049521,94.8600928337531,96.2581789237308,98.9175842312907,101.133870050734,102.69593878345,104.333978046189,105.144653950461,107.239080475933,109.600794491743,111.474327393101,112.663187043767,113.42512531118,114.598516868534,114.557215808967,115.965522832235,117.694455829609,119.060633150473,118.147114800958,119.807975474802,120.994806788086,121.96873703926,122.468915132591,123.888546724008,126.940487146042,128.60534852828,130.560627577881,131.17768418463,132.1086675085,134.079409156102,135.953764606648,137.319182864185
"73471",23.9115840848814,24.0271629060369,24.2718408799072,24.5779404348706,24.734770630343,25.2512483012731,25.7198793132137,26.1600375829944,26.9425843483271,27.5734662217921,28.186398852424,29.0967398315094,29.8766345562927,30.4896660089058,31.2277149445476,31.6511379607972,32.5702983538206,33.5242419621159,34.3435743516587,34.9450825201936,35.5023630062947,36.5033621308131,36.8230426137743,37.3422533663535,37.8275692761471,38.1137184272633,37.6535390594677,38.1102029376437,38.3898268555523,38.5819811373988,38.673095632702,39.0065776407095,39.8559657673812,40.354909775021,40.9152299138819,40.9469916278017,41.2584562286083,41.8870737002141,42.5396606599905,42.8285515978037
"73511",101.151661422304,101.949429219172,102.926536166309,103.720263689402,103.902677323203,105.375771790061,106.405562414407,107.27117845308,108.803238802094,109.493969394425,110.466951542647,112.879322077491,114.590935285373,115.51991908717,117.015268262514,116.98318101471,118.263850683086,119.246705219964,119.429585959794,119.601543864041,117.836731158402,116.706303160448,114.879783718223,114.468279960061,114.88528103443,114.619606481253,112.479551982847,111.752783718821,110.464172253964,109.184985632845,107.911506546433,106.994502018409,107.318614097168,107.193903358488,107.156355656866,106.219658312367,105.608616895155,105.593889138654,105.675792544613,104.978572653929
"73532",42.5345509507386,42.7797467652197,43.2747915158969,43.8340422097507,44.2479989282992,45.3107187191138,46.4102302331698,47.6658859840606,49.4708684640927,50.9874385210997,52.8538541442181,56.4000191275279,59.1482120908589,61.1599188366142,63.2774123427948,64.2246761818908,65.7549693925536,66.9631164193864,67.3036836898022,67.8624016999606,67.8313351527475,66.5899386246524,64.7607041427039,63.7809153186021,63.2400260000975,62.4452587297571,60.7908258562306,60.324876076312,59.803460506801,59.2367791257438,58.6199346643002,58.1427968498524,58.4414880603191,58.5125992673,58.6408907809831,58.1881254155778,57.9124703990825,58.1544525023685,58.4771915337866,58.2533944797366
"73612",72.0651818184999,72.6199840707184,73.3807378133446,73.9608211655186,74.165819487168,74.9035324674649,75.200051293337,75.7507569095826,76.6123827259912,76.9569771198362,77.4689071852963,78.358319505544,79.0255903058147,79.2810844386202,79.7788984835876,80.1097726357702,80.8339694890242,81.1805181924988,80.7301547092751,80.6526125204747,80.9996197406772,80.9886459201161,80.1780773013095,80.0364933028097,80.3255137882762,80.0996941184837,79.0434728042335,79.6476585145175,80.1659998436836,80.2007873778906,79.5096952396477,77.8944488062686,76.22500705548,74.3346285013788,72.879251043514,71.1087807343294,69.6387377391941,69.0940453137369,68.8219428969793,68.1528373489205
"73631",6.32358516547453,6.3721450425531,6.44528430883005,6.49005846992988,6.49030260129249,6.54581560300455,6.71176172729037,7.03516510114612,7.53151451953339,8.08213122366047,8.77857386613286,9.50116595136704,10.2449038705993,10.955344316936,11.7752746457853,12.5933901496396,13.6580888970032,14.689015727465,15.4500656332632,16.4365935601049,17.3529181298807,18.4995080460234,19.4296156397135,20.7335401703828,22.2681836003315,23.3712467770968,23.9577414951765,25.1006952230559,25.8461239388689,26.3306073981074,26.8079128748879,27.3168808204931,28.4058970780798,29.2683559487031,30.2277072926038,30.784648519817,31.511181691493,32.5320867829444,33.4524261368897,33.8649164556046
"73651",84.2746318656731,84.7581007550549,85.7758136328094,86.4866586989444,86.5156030407244,87.5752928841655,89.1974667026812,91.0393875656671,93.0783913403276,94.004719027555,95.0432437143117,95.2767040111569,95.217401782371,94.7520747977212,94.5532081940862,94.2825623219021,94.8983062540719,95.1951182406908,94.5137542827774,94.3307841774886,93.4038517437476,92.8999991252513,91.85679081907,91.664400773812,92.7200255440295,93.2413723904616,92.4417812717001,92.3052716093775,91.394214287302,90.4936403880486,89.5045125645883,88.6103049612733,88.6733814299497,88.4161600216888,88.2064171811861,87.5229127716087,87.1365940726308,87.287669673667,87.3709790258562,86.7907605928564
"75453",60.685657605419,61.2021035141209,61.8664188450713,62.4023198674848,62.3994365552041,63.0541546547535,63.448744302607,63.5925983560761,64.436547842782,65.1377059469407,65.503553727198,68.3397074437339,70.5488740599509,71.8475818198011,72.9731717762809,73.2926577641601,74.1806593642247,75.076938091032,75.2750412376892,75.1380420458386,74.3525396685994,72.7142712603848,70.464674715466,68.9591726298741,67.767809678035,66.6139046052688,64.7134952094982,63.7981655525263,62.7915378021207,61.9157054294995,60.9315165519827,60.0767016391896,59.7082455580567,59.0503932384065,58.5652411625379,57.7591334559448,57.1798261142492,56.8948872426738,56.5991435688781,56.1148064689972
"75491",66.8845650636497,67.4326211073104,68.1165151273976,68.6710473648594,68.6688508155913,69.4366246209241,69.9103897042065,70.1515512182446,71.0438049785737,71.449758234956,71.7840056461733,72.6908449275308,73.236991535706,73.3657884667897,73.8304691861656,73.5055202456543,74.0528939491606,74.6267425718695,74.5314897147452,74.651491754846,74.5821542354323,74.5128055718946,73.8283051327593,75.1432200025462,78.6080312526995,82.5987393030971,84.6111692146188,86.4988837810948,85.7309276189031,82.7354961894631,79.8292977032098,77.6213777165971,76.5201468726659,75.2319291147432,74.6136096079358,73.3630299822366,71.799506646874,70.7009136135732,69.820243594679,68.591203426511
"75571",91.8959783968214,92.5977183232701,93.5028153140832,94.3950788811504,94.9080928100754,96.2708242667465,97.991983241324,99.7163923647138,101.701934059669,102.820330075029,103.744722104747,104.214825884226,104.393336641004,104.121332297896,104.391663123205,104.39097971083,104.778119562832,104.830676395326,103.987620758512,103.539827912221,102.226476411104,101.607500041428,100.03423042211,99.3089221966728,98.90037289609,97.9426296214327,95.7173611249299,95.1230572361492,94.5982456602038,93.9391078818143,92.945504840483,91.795896914661,91.6426278097555,91.2527125426976,91.0623572017455,90.1270001787439,90.1807242208997,91.1479739333107,92.2906204355219,92.5872783992549
"75591",55.4813508431337,55.7485496653386,56.3688076871911,57.0931688192289,57.7524677613166,58.9129161663236,59.6266157546316,60.5943258034259,61.8133798508898,62.6324153067733,63.5321800854393,64.4868050197628,65.3267312795353,65.9076404036428,66.8085981833516,67.675867055765,68.705870857061,69.4800373929259,69.5648649405382,70.0120846000283,69.943730765651,70.3365196896187,70.0434485670733,70.5413534765456,71.4574246939908,71.6950174559341,70.774974000164,71.2762098133371,71.5894858464899,71.7324918378318,71.8125198407187,71.910004349988,72.8596999335937,73.4300866313114,74.236745945541,74.1674766275594,74.4305167921006,75.098245144457,75.8580408293159,75.8488759074244
"75691",39.4678886924632,39.7629266289264,40.2646641174028,40.5974964879971,40.7221259152168,41.3688151738584,41.7308122616772,42.4182143973299,43.310068324694,43.7992208822439,44.4548977237363,45.3087742818943,46.0943868736984,46.4424944143695,46.8975856475752,47.1354485691205,47.8842851178841,48.3711427772311,48.4425868401655,48.6509157787242,48.5342192031345,48.5284366498727,48.0799803618766,47.9608673644054,48.2548913090274,48.1227693093248,47.4521955176695,47.520034956818,47.7461625715177,48.0518039282239,48.1783725658507,47.9496976013167,47.8462729307763,47.3948599121797,47.1501554101295,46.8188855679536,46.761059140235,47.1248752626063,47.5744205630762,47.5628539367604
"75711",74.4803100056523,75.1239950641383,76.026486775624,76.465234885617,76.4818675186081,77.3305200144102,77.5921663573178,78.2267446590285,79.1575109496879,79.2526349508481,79.5382742838445,80.6037614945012,81.5940126669459,81.8994116405165,82.4085120249769,82.5877895166743,83.5131000164993,83.9989429443362,83.9211202993224,83.9785647594059,82.8303957658956,82.018231370108,80.8975004432424,80.4806882413355,80.9576636629741,81.063476431111,80.2497664368664,79.8698975816089,79.0065043645619,78.2356649825872,77.4450975112741,76.603969961078,76.7089136975052,76.7802795645374,76.8757030408391,76.1977765339632,75.521663147019,75.3117956881772,75.1327362029536,74.4602856371219
"77473",46.2759702537031,46.6609637879622,47.1341832565901,47.5211814872882,47.37860102678,47.7427953914714,47.6202404129996,47.4624901473532,47.7901396456705,48.0398991875773,48.2005112806167,48.9242290261382,49.4643186061467,49.6851647470071,50.1351470052618,50.3035518431793,51.1647048259239,52.1835890367878,52.7340189120271,53.5662520439086,53.8370821707025,54.5598081458593,54.5289464388815,55.1293423638626,55.8814872889529,56.4653052787365,55.9625735574325,56.5321367161595,56.9776042249169,57.1843366946017,57.0657094806164,57.1307138659505,57.9754062289818,58.3099812037346,58.7528140843398,58.9448271654571,59.7430798239204,61.0574801281449,62.2561106261879,62.8399399855864
"77591",19.5056930484151,19.6894279230665,19.8968788454134,19.9932969078404,19.97270169958,20.0846854246239,20.0504059840476,20.1678526640661,20.4931594124884,20.8092869224126,21.2075730701099,21.7425229693161,22.3212246662959,22.8492457994494,23.562626417751,24.2862864710333,25.2668756464156,26.2431714096461,26.9390367698624,27.9226512822054,28.7821508146367,30.2195205574146,30.7625325380146,31.7134476948952,33.0448978440318,34.1888412679348,34.6772874189676,36.1242691648889,37.2957297017348,38.6993140951688,39.8959569217396,40.4984779138583,41.6890431391148,42.66458619362,43.9848596875563,44.7453503524824,45.6792708098341,47.5329001448599,49.6955214192469,51.021984761856
"77611",86.0739046980385,86.7779157305781,87.7549115630841,88.356633420518,88.5591164378899,89.4809942887323,89.8718790634053,90.5273806083277,91.6291927081753,92.1715408487118,92.7880677359624,95.6105997772155,97.9616070107122,99.277328208258,100.682558203409,101.512364794052,102.963143555378,103.794797215852,103.290429231869,103.338985622314,102.581535769207,100.209507794476,97.3641921431015,95.8623731165522,95.6363079926749,95.2306783900696,93.653607680211,93.2228497329808,92.0166280733366,90.0415796457714,87.7114156437218,85.5010080148048,84.2435168037995,82.7569702500733,81.6163111749509,80.1064103904503,78.9084307160356,78.1098172500017,77.5569403802905,76.5028652635246
"77631",89.5224935924803,90.1143688539784,91.181278923217,91.9698971684096,92.4961112302862,93.8874414584394,95.2795318291584,96.7466599285617,98.5412249104959,99.5553840743987,100.533598622214,102.644365610917,104.408037798017,105.328100365044,106.251648537235,106.710066540985,108.263697993207,109.078490154904,108.626018367415,108.979147442892,106.862314791579,105.47724618975,103.582611524569,102.740362539247,102.535145835574,102.111668614607,100.617343203055,100.309134597911,99.085953987512,97.6550977549162,96.5697437523421,95.6325477299176,95.8408039871167,95.5913899570069,95.6543488955712,95.1685676832551,94.8437148608275,94.972503975203,95.1719403457446,94.6011875015639
"77654",103.194016174045,104.099079388141,105.357094441531,105.991547604212,106.226947044254,107.422608049217,107.856357233337,108.657534873956,109.822132998289,110.321996806075,110.857478979786,114.309593369297,117.240070723696,118.933688278007,120.389648200244,121.077638412481,123.182964633254,124.26111820396,124.032422175003,124.306817301814,123.804594442616,120.447194274281,116.751312663471,114.306619554249,112.843233880165,110.763615568491,107.415214171409,105.526708979805,103.646304005536,101.737610548791,100.033653337984,98.3877466163641,97.6401713515825,96.5010445944813,95.5869215137733,94.3326178160191,93.3366401111286,92.8682721946241,92.5854245531646,91.7065329924221
"77693",13.2765824773675,13.350928392006,13.5269234782944,13.7042105235814,13.8618649192293,14.2365239261951,14.5433021786816,15.0249247552706,15.630328744215,16.1740271356295,16.8201457611878,17.5286879211832,18.4170524611513,19.1958307291701,20.1992686631071,21.1862134565053,22.6135262951445,23.9187850095888,25.1040160343141,26.4921474583937,27.8568597105066,29.9338052671898,31.3631348907757,32.8337419795217,34.5540649897609,36.1057460546169,37.7094895209229,40.671917904476,43.8151468342061,46.543020650112,48.0589321623407,47.9410438231461,46.9208928365802,44.4360816376411,42.4825349186316,40.6104480416176,39.0811067005781,38.0379090172326,37.3654394258576,36.4019704432719
"79491",26.4113948495017,26.4876005864267,26.8067687508274,27.2779253812585,27.5508591965263,28.31684356221,28.9084850188452,29.5231395193554,30.4830313596351,31.3478564539394,32.1479059239639,33.3965178487083,34.4562624988386,35.2443650377669,36.3365761519381,37.1524945568305,38.7556079851349,40.4593313049823,41.4564497952405,43.0071756270411,43.9257774222574,45.4757135889108,46.0520335723041,47.1550006989634,48.4782752446092,49.6305253079856,49.5883839061033,50.763668334897,51.739466229613,52.450827308507,52.9875761875558,53.6849369586006,55.2955531913257,56.3247013878716,57.3022324277325,57.5425121421889,58.1056241625323,59.1444333568194,60.221940694128,60.4701989867071
"79533",107.526279800097,108.701692182514,109.755922126536,110.204040774806,109.384646034247,109.353591500603,106.909384869035,104.673716002453,103.428547333431,102.060561913869,100.702044221445,100.037632034811,99.1370124365206,97.913379433952,97.255803642136,96.2693042843237,96.1800828841208,96.2626121722664,95.5415486820205,95.4513191985022,95.0413762855068,97.8988907253162,98.9258774291446,99.9871072927762,100.165464248328,99.2588024091363,96.3883148059883,94.457441061385,92.1216016613657,89.8549242831636,87.7593716575917,86.0440101402262,85.0179672377727,83.8524795461971,82.8208928223902,81.4956341616113,80.4545366957145,79.6842845377335,79.110217287217,78.0988896368037
"79551",26.4163973154333,26.640662598721,26.9472078877078,27.1732360255793,27.1944329513846,27.5353323934252,27.9074410884081,28.3735708567754,29.2143162712885,30.0361560221455,30.8219183332991,31.8499258831394,32.7115917527514,33.3068946539386,34.1741906704581,34.8594031618436,35.9489105143705,37.0627189901043,37.6145469855784,38.5178747988323,39.3056446001318,40.055513656602,40.3149913457542,41.2820445041773,42.2899203310055,43.1140248192749,42.9707675948896,43.8597754124311,44.4785381282207,44.9346888038043,45.2942531913748,45.8654805815774,46.9341445056148,47.5654711861689,48.2272865452189,48.3432575814229,48.72830032649,49.3043046571345,50.0690201951402,50.1296448861639
"79571",51.4915713378301,52.0109755709739,52.5824427141731,52.8241012401267,52.7033842436185,53.0842238896414,53.0121799515063,52.9853098461571,53.3962243900451,53.6009666853637,53.699771702214,54.1446831419002,54.4468174196915,54.4509086084067,54.8019138331354,54.9735673191515,55.6345612022686,56.298405250104,56.3236267918826,56.7366623216124,56.7923459128095,59.7438929500536,60.7897956218646,61.172383584389,60.8898691227177,60.5301632033072,59.3426034827597,59.3854848709807,60.032340060983,61.7575706636316,63.8397815258225,65.6178116012065,67.0378061843049,66.7469335181127,65.5564345222567,63.1348601631358,60.8256256465367,59.0351738585511,57.6662138965365,55.9794930577121
"79591",12.9871864668491,13.0368762868469,13.2109738045269,13.3948962884842,13.5818926420157,13.9601024903848,14.2972059231167,14.6908950767297,15.2244855589699,15.7066294752328,16.2002110505368,16.9075104239562,17.7311159562708,18.5535474682107,19.597972848084,20.6661662682703,22.1100721667896,23.6004951199087,24.7544738571097,26.2836934413858,27.6202983967332,29.4282118919914,30.5540859737397,31.8878287676921,33.3583697355447,34.4099296658448,34.5631146473305,35.8054091362583,36.9014503202558,37.8752101380728,38.8097134860177,39.7531816622414,41.3426367225196,42.4003066859956,43.7534291859495,44.4463579403502,45.2735335537525,46.2812506153706,47.3816513493622,47.7137570742691
"79631",56.7286781068489,57.1357582484231,57.8068631118062,58.1858896176277,58.321392639638,58.9872306932456,59.3072423689317,59.7682360913004,60.495784160959,60.8192122592301,61.1937383224597,62.9501498058012,64.4539867922164,65.2861516729301,66.0650960886681,66.4110923061645,67.4480350465527,67.9914257802661,67.6662900238163,67.841329304381,66.1973317050842,65.0078819535543,63.5807933836432,62.7525321947173,62.4922149631307,62.2509473570661,61.2991506075327,61.0239284658099,60.2479716220646,59.0385170331115,57.9732503771067,56.9760963327245,56.6878255195536,56.3243846930762,56.232475449744,55.7680847269649,55.2174429347833,54.7247220143038,54.2214884106401,53.3762160379717
"79651",7.46637002060439,7.39550555429845,7.52484700545702,7.79294672371881,8.19486006439561,8.86374775889326,9.530713770837,10.3348191971136,11.2920854545504,12.2365209837499,13.2960747490949,14.6950969009336,15.8881043240628,16.6825057312883,17.3880858532576,17.8310369940038,18.5454150376049,18.9478775894082,19.0138243071481,19.1807060486029,18.6892084401813,18.5009589903215,18.3215552009124,18.4486981217171,18.7846072003045,18.9173519925962,18.6823471344661,18.8552008821821,18.9289704731465,18.9528615005101,19.000520327293,19.058791622908,19.4383020646376,19.625037437164,19.9038394009294,20.073873329645,20.3202032727655,20.6853531965044,20.9987392966768,21.0320079918056
"79671",29.1606226820325,29.3345517762401,29.7269699875664,30.0484655126486,30.3029891169302,31.0097888320268,31.4393310074633,31.9706285388767,32.5462811398777,32.8870047860484,33.2151922836335,33.3556857300314,33.6233591804411,33.6275085046041,33.8360898650329,33.917918241138,34.4871345807504,34.8433624941443,34.9994995940646,35.3354482487074,35.4863292801955,35.9877642341186,36.0726227274255,36.2054348944862,36.5318123704332,36.5582872860929,36.1071690787121,36.228045883887,36.3675976365083,36.504641218332,36.5471679532263,36.3813864765864,36.5866032495765,36.5914685255901,36.755832536964,36.7074860548792,36.7497127031185,37.0285782368368,37.3577909210516,37.2849423572515
"80691",78.330342498815,78.8710540804917,79.7506798398281,80.3408722128895,80.5185387483507,81.7666357717032,82.3382626585991,83.0756985494484,84.1216490524099,84.6116045275131,85.1865829960726,85.4817110286472,85.804356472408,85.5943499478587,85.7464696647145,85.5005856119072,86.2256258986334,86.476940897603,86.0764078474028,86.3680074470288,86.03916127709,85.884223488596,85.3551370028974,85.5111603509315,86.0680276914431,85.8793805202391,84.962863008765,84.8665674098181,84.5822696717534,84.3902353223742,84.0121732475502,83.5789353793812,83.8740418685615,83.7211756774597,83.7693566855541,83.3524347287983,83.1589194004809,83.2864147020045,83.3380374378454,82.620304602736
"81531",101.997926775076,102.973020924116,104.065690349938,104.635275184656,104.312102140994,104.887802907397,104.562369082571,104.112919543973,104.673074853657,104.878269983901,104.853122754884,106.262684493031,106.923461084461,106.558635313206,106.606597775955,105.873712628504,106.30918566907,106.723687089224,105.615753107498,105.225267992327,105.012355996589,103.734328902494,101.558196358536,100.687392071997,100.343477009687,100.219817777375,99.0322290551552,99.5702370038104,100.116019906439,100.561057125351,100.939730374988,101.538027409399,103.25797281012,104.320055329646,105.405074355307,105.736226595203,106.60313283468,108.002082806851,109.692216350645,110.017793355252
"81573",58.4388830745544,58.8922338527115,59.6018674623132,60.0226606638093,60.1479149385372,60.9115113354449,61.3931571490618,61.7508010258559,62.6057738713378,63.1069555967906,63.4286310223588,64.0791799763441,64.499495765126,64.4018530330509,64.6250111970755,64.4838226633597,65.041299592042,65.5624362405358,65.2050456869347,65.3742361668277,65.9195144925009,66.0882939339547,65.649252273775,65.9976927956163,67.0004559511726,67.6659086137782,66.5388733907585,66.5725303199891,66.548564097049,66.5521679977211,66.5049820794235,66.9074023743932,69.8529403235932,73.4183525881173,77.4601752249446,80.1979923417868,82.1772641071637,83.3353819764462,83.8035639582391,83.430326678322
"81591",3.42534360447702,3.41776420996891,3.4743059349905,3.55023445240753,3.64878310871367,3.81806667322017,4.02371168248921,4.27304835411819,4.60694508973284,4.94344150666475,5.31137110904251,5.80928617424698,6.38663975901815,6.97586707433433,7.68026411700106,8.38845486292767,9.34568358035988,10.3161619280806,11.0974547541808,12.1349108173117,13.0379675236601,14.3792214530501,15.1650775834147,15.8960635457956,16.819767753448,17.6071123922739,17.8862936368097,18.9488868207482,19.9954200599269,21.0082118576557,21.9486678961492,22.8755317194834,24.3099022338191,25.2836058699509,26.4449147885786,27.2237190222831,28.2070263405445,29.4733698800357,30.912319355038,31.6898199734953
"81671",44.2195474685817,44.4871222420364,45.0343828053044,45.3995932914543,45.6444783855993,46.5315003065767,48.8210868339208,50.7334193761427,52.4486494576303,53.4552098991934,54.268005205923,52.8599370842392,51.8183422534201,50.7161368890763,50.1093483584244,49.5031040147468,49.7064129637652,49.8385583714516,49.8015750148748,50.2683237479241,50.4377754921129,51.9339011130442,52.4912456387434,52.7053161312882,52.4558901772173,51.9961164494826,51.1619819674872,51.2490628964167,51.4386676343151,51.6652737924615,51.9407551950514,53.1723122551284,55.5822028897551,57.4384330539243,58.8170254919236,58.8429811983977,58.1627951143866,57.1799012497691,55.9582844755255,54.4067893239782
"83491",68.4553547377156,69.0571737833749,69.7341182090239,70.1101719641892,70.0184965455724,70.2025807107827,69.389040281554,68.6505065895362,68.5578765522874,68.3864874581147,68.1976043177253,68.550521358417,68.5579645384473,68.2094910836539,68.1422908826916,67.7864650194886,68.421665845731,69.2653506620227,69.1187352749577,69.6331805779699,69.7689829243421,71.1958365074148,71.6937085903775,73.0119410566287,74.5347547790395,75.6437528311583,74.9201157003119,74.727827807072,74.0593628514167,73.2404404647937,72.4955002050941,71.9327060491817,72.357149181355,72.4487035886249,72.5092656127626,71.8641244258025,71.5652506815682,71.7485733682629,72.0693794578343,71.6327612604245
"83571",43.0479036662918,43.3456504461571,43.8903277916098,44.2206810447106,44.3922810074361,45.0526017229731,45.5889726915089,46.0730641854049,47.0373532555036,47.7687186471897,48.4321840480377,49.4932713188825,50.3263736426323,50.5820249309492,51.0534760713928,51.147169899414,51.87711430046,52.4808397983372,52.265048507527,52.4950110137701,52.306705821844,52.7170186874607,52.4165275184373,52.5350647089716,52.762123436467,52.8154467285284,51.8943887738344,51.9689620724524,51.8950031374595,51.7222774579543,51.4379641730576,51.2375407364425,51.7692630450857,51.849817602453,52.0510074706504,52.1002764913332,52.6683201816124,53.5949255633968,54.5787845094589,54.8880568853501
"83591",56.5783384860521,56.9412519669153,57.7021319584519,58.0701601282083,58.3799779168669,59.2995382395801,60.0238929050098,60.621933652617,61.6794090282012,62.3354844539314,62.9541991717908,63.7302970759774,64.4119015147459,64.607274198827,64.9817754637789,65.0543114083935,65.9290771357034,66.5926621331902,66.417555576727,66.8438634353108,66.7982108650403,67.3692314520483,67.3941416414137,68.0426981633318,69.6821166573761,71.5580506295226,72.2096947169762,74.3547453243992,75.6847545245735,75.8764464665014,74.8039324299911,72.7939167531205,71.3633849391214,69.6171980967977,68.4700928330745,67.0575198346366,65.9368760591065,65.5102423152854,65.3654897930131,64.6886824169231
"83672",75.3540521621184,75.9132985962539,76.7756219366855,77.1949954693094,77.4350851681631,78.586969310092,79.1221329298223,79.5294047691319,80.4186071040449,80.9124865264008,81.5117638909253,82.9294760314761,84.0711048341089,84.567876108043,85.3133089089378,85.427701109326,86.5102300269138,87.0639774894998,86.8015340078138,87.2133983113993,85.8690554107149,85.1725118170662,84.2044547022126,83.9587597929831,84.0947064252253,83.8692198829012,82.9556860646599,83.23810752609,83.4239569565192,83.4620131838486,83.3060446941636,82.8779685821333,83.339445944137,83.0545032717112,82.743740379958,81.6383254718323,80.6457718132313,80.1154200968964,79.6805641378737,78.5856995337601
"86531",22.9533038220368,23.0862589390241,23.3813663590911,23.6570070218767,23.9252636547359,24.4293189697931,24.9421440077528,25.4530758525856,26.2915126653408,27.0940072904307,27.8688776699194,28.8230349787436,29.6525970639507,30.0509878678653,30.6781934748807,31.0443446923444,31.7916708974718,32.6537878480327,32.8845531797285,33.4682172816167,33.7288214048451,34.4652847797808,34.6755706960592,35.3042453048311,36.099606145409,36.8271680767944,36.836512297417,37.4189119911476,37.9877368962864,38.2722598130344,38.5147964175712,38.7392275831727,39.6687763850818,40.232233713449,40.710858227733,40.8419741111022,41.1558135126721,41.7498795831569,42.3753719360731,42.3282079668402
"89391",27.765335874265,27.9135605390731,28.1317425499474,28.3456901702644,28.4544141886577,28.6523988433644,28.8586380947391,29.0460240993628,29.4435988948337,29.9809683319848,30.3565145397039,30.8756921854597,31.3976743752471,31.4146761795942,31.6364486746639,31.6199898312015,31.9026556789393,32.3516029789466,32.390590246302,32.4940108169021,33.1904889489773,33.30927622441,33.1098775976751,33.3840440651539,33.702962574044,34.1077660396242,33.7582514704826,34.1094545914183,34.5462044808814,34.4461601249975,34.2197918911671,33.8419784384467,34.2142400662064,34.4232987613822,34.5365615331822,34.311599073421,34.3597138739385,34.722998704012,35.0284223128141,34.8355459976328
"89433",53.9118286172019,54.2918282295987,54.778264868477,55.2586195692661,55.4412750692118,55.8615333697406,56.1487420193876,56.3605901160788,57.0261229003076,57.6491998602154,57.986596930334,60.7309074239213,63.2353161263848,64.4088837595084,65.8607811115453,66.4204725646549,67.5750026102039,69.1753495601146,69.4529554462058,69.9582700296934,70.1333866227568,68.4388088561697,66.1517863043497,64.8065302155507,63.7101308851266,62.8751438687849,61.0347626178432,60.0979013890918,59.4936455504003,58.5789944559793,57.67647834394,56.7079082426062,56.7215309369289,56.5378747075175,56.3949961498948,55.9362492564649,55.7874145639898,56.0643609165841,56.2610980143906,55.750065179028
"89471",17.2665821741054,17.4004232899893,17.589687638789,17.7623743382733,17.8448568140315,18.0384227528506,18.2143107752738,18.3957699985667,18.7799713164008,19.1327324217436,19.4776644166124,19.8873789853652,20.3559115050518,20.5184075949774,20.8374709160728,21.0129306211362,21.4424093376761,22.0503804879682,22.2672105784019,22.6500644512145,22.864829545735,23.8748691308576,24.2989263953084,24.7434133193548,25.0370128194094,25.3527416480179,25.1092803106041,25.31950087523,25.65536981529,25.7738388841876,25.8880022299956,25.9771927719618,26.7212704984203,27.2547841497884,27.8469692665016,28.1838134567025,28.6558596991893,29.5443212972998,30.4970492058941,30.8609058785359
"89551",20.7736055644143,21.0038397517433,21.2704701527656,21.3632092575029,21.4143637829361,21.6584812072313,21.8185406578622,21.9228313245401,22.3166452604935,22.5976250335653,22.8386431789913,23.230290564699,23.5979072509956,23.7465395195295,24.0359788566826,24.1196684125854,24.5796567649604,24.9980037930229,24.965381954671,25.2801173552806,25.3368840648283,25.7047917110004,25.7266939899874,26.0728686145453,26.4661580891153,26.7940916639804,26.6134455939812,26.8586561786828,27.1090213177112,27.1988673553894,27.2390861688592,27.2978059281783,27.849659346487,28.1124332407229,28.4164665002973,28.5006311944546,28.7091446450794,29.1013800724813,29.5083996663682,29.4915004559392
"92531",35.2365063151805,35.6140697836693,36.0663749698981,36.3313980764322,36.43083709624,36.8489891280055,37.070345689601,37.1724551881573,37.7140396637045,38.0991007740126,38.3485756314939,38.7860025243449,39.3086502582276,39.4167472177124,39.7468242700398,39.7096815763047,40.1857667880762,40.7069947376287,40.5857166076026,40.8666735665252,40.8827677834507,42.1026043114712,42.6380197138114,43.5405984974576,44.4495256109765,45.0864235247852,44.707260851346,44.7442575880406,44.6985987965218,44.2340093334941,43.6927245254897,43.2931987374605,43.7633082548218,43.8462742807713,44.014644403693,43.7492481575521,43.4718226655553,43.4256487032215,43.4322925925345,42.9324033372459
"92571",43.5599780463824,43.994629651521,44.5625287607569,44.8084108352301,44.947100674235,45.5348023724681,46.0289529794772,46.275173843499,47.1025243477929,47.6196326534053,47.9147866040862,48.233922386946,48.618089520984,48.4585830335849,48.5105459070006,48.340495619831,48.6919077609037,48.8116063710821,48.1965395214445,48.2680341306445,47.8339614627031,47.6959573634773,47.0938317608574,47.1222486745592,47.2385442263922,47.260702297522,46.6187249239541,46.618988371452,46.6624942957992,46.4639427878296,46.1714652840506,45.9346451732741,46.3737660540878,46.3914124542705,46.5358633238603,46.4229152458184,46.4711866546559,46.6817939646985,46.9312519248277,46.6452845401085
"92651",8.24675804911191,8.26802986747085,8.38714793610955,8.48937865103974,8.65765434795222,8.96733872684711,9.367617520323,9.89334990427554,10.6787173194475,11.5083088428575,12.4145605322022,13.3916289926128,14.4217877912564,15.3388011083771,16.3818863306881,17.3759687488754,18.7348342234137,20.0286890484627,21.1029811064617,22.4414963710163,23.3625294806487,26.3776292351272,28.3945557625633,30.3885255517859,31.911685005145,32.7741996640371,32.2852185215914,32.1482334224474,32.0627522798807,31.9375619790654,31.8403083441697,31.6858295725756,32.301169096815,32.6529536385457,33.0716985865213,33.2013554839027,33.2869463326915,33.6023253458036,34.0071941170573,33.86373372157
"95432",12.3554023364087,12.4083320704199,12.5356812203188,12.6734854825677,12.7761623866113,12.9225317600429,13.1204153191199,13.3453670752239,13.7133201273889,14.1356842219028,14.532764736468,14.936492666086,15.4636048145732,15.7850677926792,16.2481191745761,16.591566766612,17.0768126877671,17.6913882939325,18.1169601962796,18.6750809575713,19.0103628548914,19.6549587329792,19.9375866973368,20.5241211765893,21.1133753337641,21.7150168425656,21.7526194385137,22.1926538187384,22.8185363207852,23.2184824137204,23.4838870501305,23.6125070787525,24.4508888222535,25.3497835300643,26.2153085880306,26.6516003144635,26.9327938054851,27.3297204423756,27.5894439747663,27.5197410719656
"95551",29.2599445717567,29.4632146520474,29.8603296808184,30.1495182700189,30.4650993054335,31.1121203804134,31.6445837390935,31.9809072718049,32.6843593188858,33.2313043016739,33.555302335373,33.8822962586608,34.4256339477806,34.4540796213238,34.7249278162668,34.6842581888182,35.0355899796701,35.3378018905605,35.2648835235849,35.4157274633582,35.3138009244943,35.7651710810381,35.8427640152858,36.3003271126054,36.9267465359723,37.3368622360052,36.9305515364707,36.972835673424,37.0976128306092,36.9877940569699,36.7627670343703,36.6791579789822,37.153540995222,37.241149944576,37.5393127029796,37.5201829415534,37.6803541352774,37.9082865196395,38.2103891132441,38.0592766611793
"95591",36.2035040746562,36.5496964525764,36.9682502624512,37.1252728723115,37.2019923820363,37.5756263537488,37.8038218642547,37.8491820879165,38.3207247743188,38.5830721938144,38.707650789455,38.9668367321142,39.270051583816,39.1278496033935,39.2862235026941,39.2194037146226,39.5986524922515,39.8571037598736,39.8346794659796,40.0245826018322,39.8843847314738,40.8557557069467,41.0851126163192,41.3547308778812,41.4457144296527,41.4949281439116,41.017577906645,41.1462493597131,41.3025076130343,41.1907608959695,41.0015158610988,40.8572917579215,41.2827289744549,41.3098005534614,41.4801733738723,41.5086513468369,41.7519267928509,42.1723558493887,42.6785443860812,42.6666128430546
"98451",31.9187597440731,32.1109566028448,32.4666918912049,32.7346966697912,32.8519741822329,33.0424723812935,34.2236236859062,35.174905360002,36.2580437771584,37.1393960907567,37.6928931099494,37.1809873382833,37.0428988948304,36.546411590817,36.4512756236758,36.0883831249049,36.0276451375063,36.2542312635796,36.2475207438143,36.4524870108278,36.5076223454186,37.9381432571945,38.3585942070931,38.5631235851402,38.6989167411792,38.8875194816539,38.5210173590031,38.809710000313,39.3528772131247,39.5985598896304,39.6770704643352,39.5412321763084,40.3249715426597,40.7075374482088,41.1831575255318,41.349358968424,41.6421137208773,42.2009650223093,42.5978803738684,42.5568965978524
"98491",18.4510685327929,18.5702683263091,18.7890872428003,18.9352198468188,19.0399250126233,19.2118707325178,19.374740101522,19.506381683668,19.8563301962984,20.2009652600594,20.4492036110191,20.8011800581822,21.36131742221,21.7169376143488,22.2710315697679,22.6788106749173,23.32012406157,24.1117655564722,24.6917799487101,25.4127330994738,25.9271690326534,26.8325237587244,27.3282355184684,28.1462126993426,29.1677730815531,30.0657585612653,30.2005335446891,31.4042171997013,33.2080914440215,34.7143431638823,35.7298096229794,36.0195635394258,36.7081631698659,36.3793084528367,36.3056129790295,35.9739700594578,36.1635386556326,36.8796992290354,37.6024758045359,37.8665630606175
"98611",23.1230680168099,23.344332260591,23.6114593597869,23.7105503681485,23.7966794922844,24.0922195477019,24.3702820308447,24.7448662533962,25.4228630648631,26.0761962145518,26.7133481322833,27.6048587205392,28.3588797666601,29.0969750954457,30.1241658208406,30.9057801866804,32.3287634272769,33.4142912910053,34.1827552413726,35.3060317375223,36.0092963131858,36.9389317686134,37.3216880734423,38.3395749269172,39.4504987999279,40.4011773838663,40.6020816264742,41.70289625803,42.8812643754505,43.4161835682627,43.6346590925778,43.8203157950138,44.9069368488254,45.4425650079786,46.2569596130577,46.9379336211843,47.6398687715632,48.7997417436423,50.2684190305923,50.9256954535957
"101391",20.9759721810994,21.1194408408366,21.3918318007273,21.619351233208,21.8338411491618,22.0998025185542,22.4177014268752,22.7202762418856,23.1783598670394,23.7255937022466,24.2538767685163,24.6737244527006,25.125858689228,25.3398709851863,25.7317018520274,25.9280252270047,26.1766856259969,26.562974734674,26.6923203000239,26.9038656918359,26.8675327139194,27.5218547502142,27.6836010043861,28.0800662092025,28.4446070117958,28.7420774632124,28.5213920128479,28.8549933079929,29.375370169584,29.6419591240233,29.903343066597,29.9868132531499,30.7934603295687,31.3994591479389,31.8959732648048,32.179951587929,32.6252405322656,33.1827996454988,33.6307683205455,33.7800038762025
"101431",33.1928540605651,33.4134887116365,33.8559434028927,34.1688472333173,34.3663637191589,34.6427355423737,34.9293982464513,35.1711494797082,35.5960113317152,36.0151203604162,36.311272988057,36.7548062962237,37.2293950234755,37.3270186618562,37.7116404096959,37.6494047838323,37.7566886188394,38.0027062868435,37.9724919647553,37.9896491296764,37.8446191625116,37.8259594708493,37.4088298823808,37.459311677235,37.6990173637655,37.7892653684552,37.307466857594,37.3903941301168,37.6120027256465,37.6032331506481,37.5435507810519,37.26268811518,37.8114813745883,38.1506291565429,38.4578090958754,38.5326114454326,38.8900747194468,39.5054579389219,40.005413015674,40.1864761067979
"101471",22.5722520121137,22.7012853811627,22.9797094587942,23.1886651315512,23.3261909312026,23.5216838919926,23.7590617673202,23.9482224972753,24.3509931011772,24.7284814825664,25.0060429542879,25.3302887319428,25.7485513977477,25.8505917515846,26.1327930578453,26.1397108323894,26.3495266896572,26.6455039930745,26.7409674773039,26.8735318648881,26.8298728959766,27.1251099162899,27.0689969225292,27.255174053433,27.6034523701523,27.768207959097,27.4502097342872,27.6137391840544,27.8877803918253,27.9649447490033,27.9985254882562,27.8395135292696,28.3336530272616,28.6247598858482,28.9873419920771,29.0177505753451,29.1273102309853,29.4082135277747,29.6335608498952,29.6091596380774
"101631",29.8171373751286,30.1598186483323,30.4590304822723,30.5580781071828,30.5633990120821,30.8580868711016,31.0825082889703,31.2767645875842,31.8550968090429,32.3122769004011,32.8144986638864,33.4253868390785,34.0944603740678,34.4618526393814,35.0362783351895,35.3464643004322,36.2713111715405,36.9809003980596,37.3574455821222,38.0164688437788,38.3796958363647,39.0027598339429,39.16326069876,39.9423010108453,41.0070425475152,41.7423218882537,41.4154034694177,41.6581397199645,42.0777421882409,42.1946128423915,42.5157580046835,42.7874178756543,43.7747621375434,44.546059659628,45.8003564825707,46.8069409253079,47.5807226415092,48.1577373944772,48.6889561391901,48.5735124035041
"104411",12.6643093388461,12.7263372348911,12.9075989420772,13.0820702508271,13.2430798323896,13.4517594650841,13.7245726167187,14.0164256032208,14.4243398731356,14.8742581905675,15.3181193265307,15.7699527932818,16.3119914921529,16.7054353535426,17.2578968749268,17.7056677378351,18.2696472780233,18.9329299377776,19.4912797597956,20.0460990752459,20.4851855912186,21.7593694506761,22.5368265732644,23.5103637673421,24.4066342650973,24.8967942619885,24.6428178579495,24.7549833016135,24.7943980672997,24.6550981828148,24.5383829357349,24.2461005898107,24.6328699274323,24.926545828012,25.2544120176439,25.4716468172072,25.8855012257548,26.5215113566063,27.156884295501,27.5322338179912
"104452",38.5984326822516,38.8107972968886,39.2828582615482,39.6820959955516,39.8867652000131,40.196124667349,41.0624540574693,41.6645738499468,42.4330534078521,43.055944796069,43.4330218830286,44.0405748312538,44.7300408359965,44.8069646784836,45.1471458500171,44.9689551071627,45.134971789721,45.3143649350136,45.211373372137,45.0239390372507,44.629025533574,43.9662945761872,42.9475937107246,42.2686296184413,41.8591711916156,41.2823442906822,40.258002587808,39.7698195019737,39.3488847972352,38.7447373730977,38.1402205508328,37.3204349228455,37.1645948544824,36.8623606300546,36.6159148262177,36.2257847566831,35.9302961541441,35.7647125371251,35.5368815988747,35.140714894939
"104531",50.9946209333763,51.3471378726264,51.8293885339512,52.186373032961,52.5175722531199,53.0372799576725,53.6517524350741,53.7186918646537,54.5509242956937,55.2342755238818,55.6157586784858,58.498331314462,61.1919763916044,62.57870465257,64.1186507493379,64.5326567431288,65.348335096201,65.9569362295573,65.735496490002,65.5785817389443,65.3050680579756,63.677667013287,61.7030218014007,60.3654311432792,59.2828363404919,58.1875200706318,56.4598395770936,55.5504288107205,54.8921615971545,53.9701494464315,53.1552052341007,52.1693246649802,52.5529675700877,52.7780148393937,53.1305182092718,52.7768648815208,51.891687264905,51.1517990916687,50.5227783741903,49.6160267919668
"104651",32.2095566297595,32.5517130665663,32.8867788392372,32.9726786030926,33.0303477856119,33.3481329725307,33.487254851919,33.5163603205943,33.9004183751824,34.062931299295,34.2082633522833,34.9090875362798,35.5692290772362,35.8320879150119,36.1681481497773,36.2848721956263,36.8660952882097,37.2024724750871,37.3500679097512,37.593019935891,37.1749044176917,37.7310857474266,37.6568311257579,37.5657009537412,37.3048956399112,36.9909816771192,36.2742023999242,36.1683089713761,36.1408705023366,35.9059894910152,35.6876071929138,35.6570290986827,36.361723639795,36.6405188206247,36.6769744460259,36.3618191849962,36.163045006362,36.1055711310163,36.2765365827086,36.1064815760175
"107431",29.7133817047804,29.8736619253579,30.2165967476085,30.5157567842863,30.6038978561658,30.7909705036269,31.2824193409008,31.6270105983668,32.2290500787708,32.980398889651,33.5976388380267,34.2059739078192,35.0569653183672,35.2731201470549,35.7504107438665,35.920683607142,36.4058079425884,36.9547888076516,37.2261475793244,37.4045598763675,37.4568893400715,37.7946375116278,37.7641872741162,38.0915735782867,38.6346836155715,38.9829219230894,38.6950585203867,39.094790920029,39.50430726282,39.6137750654324,39.719705992185,39.4909338302547,40.2460736455492,40.7662813005468,41.1122472816163,41.2109503203415,41.4673207783635,41.9341985510823,42.2593404973626,42.2683751307774
"107511",42.5906770291603,42.8746053926631,43.2845662804125,43.5976099889698,43.8423423805729,44.2127966589635,44.5941541794878,44.6200868041446,45.1963843464005,45.5822802589918,45.6786004639008,45.9176799075568,46.3193308151173,46.2804953666453,46.5816050208022,46.4127420292723,46.6071413877488,46.888853079767,46.8047204156479,46.8562833467706,46.6012140793801,46.8024924707626,46.5597144395417,46.6619273064106,46.8726662948328,46.9743534661268,46.3607273273316,46.4633716710826,46.6616510768073,46.4735097169767,46.3579627877106,45.9547946897749,46.4721428176053,46.4650165600794,46.691874785632,46.63581893206,46.5979397243391,46.6667014859949,46.6955958935824,46.3913473480334
"107551",48.9173583309226,49.2770613440264,49.7651116018053,50.0664893974623,50.3152218413782,50.8094734679163,51.5782493050597,51.8835380732371,52.7706839938935,53.3900082727453,53.6325973380585,54.8089434983937,56.0176357453334,56.4431121658011,57.166401142767,57.1257370971685,57.6083250456583,57.9819963919858,57.8114117161165,57.7007430835133,57.3860755462629,56.1555718418722,54.6164544131698,53.6446753434974,52.8921514374284,52.1346183319452,50.7911782737985,50.2227031414687,50.0201864721586,49.5878728257598,49.1834996895592,48.4051518483972,48.1131151588033,47.2631101650227,46.7063811906675,46.0082765671866,45.4000628574727,45.0033967582845,44.7107952283801,44.1612503131158
"107632",109.669725079305,110.639230255882,111.864946716436,112.405858731162,112.654617052264,114.246943483273,122.273189498136,128.381775087776,134.541842051415,138.820198784526,142.081704859968,137.630580643049,133.934699867084,129.379676885899,125.781675853614,121.83780923881,119.521433651999,116.811917015367,114.043146447624,111.546148749235,110.325927245048,108.148840037946,105.698874191424,103.99599104462,102.840460301706,102.494933470592,101.554610426181,101.353868170889,100.666704871007,98.6686264522331,96.4429841227885,93.7163996458181,92.1538678313233,90.2212904354541,88.7845091553761,87.2832797238315,85.853200656377,84.4951478803147,83.3035664545096,81.7792272864814
"110371",49.9519455585049,50.3087767103672,50.7979795922249,51.18580950356,51.3883287651213,51.6708136656383,52.0279633505193,52.3457607684574,52.9656004178707,53.6872291495332,54.1654438482496,55.5388594148417,57.0431948129726,57.8018537665441,58.5193600573049,59.0634879093466,59.7869597159202,60.6514272146764,60.8772231728317,60.9172841954575,60.5437831802547,59.7503572356458,58.7082936115479,58.1983196999203,57.9937134685336,57.6302762951793,56.3901108576711,56.1041470547607,55.9139168890309,55.3005991877292,54.8664831246039,54.1735946029886,54.3459574358538,54.5402476857795,54.7821119269692,54.7865404281595,54.90227331264,55.0292736529189,55.0398243480547,54.7110775936655
"110452",17.1996763316799,17.2301441498004,17.4192948144865,17.6391598044576,17.8148784224047,18.1441493208301,18.5597427860686,18.8805895444318,19.4051077378191,19.9012569553466,20.2871228497192,20.8306041968438,21.6195194754356,22.1011588743495,22.8114069640313,23.3770063852167,24.1944461574503,25.1369257764401,25.924316400396,26.7434946375351,27.3497225080083,28.2583990375735,28.7886349659653,29.5747884435424,30.5893435837863,31.6147850127074,31.9600628101997,32.9952869674704,33.8573408826856,34.1341981875503,34.1788334083972,33.6044850923407,33.9906402795236,34.2085822910871,34.5644823030319,34.7561370709528,35.0234446158999,35.5651185385317,36.0410286200575,36.1868660857616
"110532",28.9814953780093,29.1374365794274,29.3728325995795,29.6084998479787,29.7608294301696,30.1183415442548,30.4298359608918,30.5497819828669,31.0324167414037,31.4234766774948,31.5395458126272,32.1047537200969,32.7285379122058,32.8854144370629,33.2434286929281,33.2174126453871,33.4752773056151,33.8038003498403,33.8374397960064,33.877260110011,33.7605990127358,33.6645402009556,33.2964921482641,33.1816505435518,33.122715333116,33.0336817951345,32.474015767281,32.478354801839,32.5631372878891,32.4701839069674,32.4789153517314,32.2722273029614,32.7075133477469,32.8419566904779,33.1595614257525,33.2979235075571,33.6423748194426,34.0787604142423,34.5312694903935,34.6394889749194
"110571",27.540781204251,27.7658876237955,28.0236245980063,28.2013662372702,28.2929968886797,28.5750023828981,28.8386101283516,28.9481150839058,29.369366979972,29.7240687924985,29.8831481428127,30.2756317612272,30.7405385051714,30.8968292165406,31.281342310962,31.4419224768284,31.9337822394167,32.4583469761803,32.7165203985234,33.0507402434543,33.3126769428131,33.8283426503719,33.9530371884465,34.4090714380401,34.920805388555,35.3443217109321,35.1429851623042,35.6451975245026,36.1696005661091,36.3917410711729,36.6689996602563,36.6234395722076,37.4034075405859,37.8098310976117,38.5350178464844,38.9132997922287,39.2912244045983,39.6157492169788,39.9560268469878,39.9524853343592
"110611",45.7275691750952,46.1421038215482,46.7236697407749,46.9186050817532,46.9592262310314,47.4970939775876,47.8376789387847,47.9572506642215,48.492059892081,48.8164836091869,48.965451493343,50.4228929082088,51.7372357064947,52.3687199032566,53.1295406023891,53.4544569116363,54.2825848058077,54.6119501765788,54.6281078378044,54.5430437225845,54.4711958157335,53.331551852715,51.962666117773,51.1494984314606,50.6039540862289,49.9535513174328,48.7078247956206,48.3026269580889,48.0542516492441,47.4901322925937,47.0049543347316,46.1072897074288,45.8772008641421,45.2393677429477,44.90089528196,44.3869495360658,43.9179607627008,43.5582854254953,43.3295219391655,42.8850338734843
"110653",6.42124270798824,6.48289631327411,6.57567527095927,6.59331202661537,6.58881481766809,6.66765686762419,6.7526443898084,6.85617998818908,7.05886469691447,7.26178683949233,7.48380365351406,7.781033806037,8.1473272068914,8.44958968673249,8.84236542200359,9.21982027877321,9.81503667791906,10.2878715285464,10.7954509130773,11.3099957816937,11.8055604612008,12.4889480260201,12.8960362685122,13.3540816223874,13.8981069724675,14.3585187479669,14.5368488614704,15.104609462778,15.7066224532457,16.1056666866719,16.5739556399296,16.7788820932774,17.5612565531462,18.0371276153402,18.6885306565183,19.2089663522219,19.6155899148471,20.0973115675296,20.6973057849998,21.0509303478186
"113392",87.5782530290683,88.3763558766923,89.1741263735536,89.6319328739269,89.482478324699,89.4458787505745,87.9024526444056,86.3541096637242,85.2898653656661,84.3422507124033,83.2185399864221,82.3193631385499,81.7868522777699,80.81089320598,79.9812455663704,79.089158301966,78.6283776473669,78.4150954382192,77.8598526810246,77.2329293269201,76.4466107710223,76.4274796319308,75.9890964743168,75.7450254645924,75.5436443032485,75.1497746052317,73.8166581963069,73.512852221626,73.3657518366772,72.7161115512648,72.219394605465,71.3792388029975,71.5270043687505,71.5050545756206,71.4411523849569,71.1685162972488,71.0675890822694,71.1199558302665,71.1922222838971,70.9242753245146
"113473",78.6392288694118,79.0021144334176,79.7495729225296,80.258074469531,80.2209388196717,80.8075827782851,88.0630681218893,93.784249923002,99.5868876428625,104.126702863812,107.136879409892,103.563392424325,100.911592768907,97.2187176961398,94.4594243899151,91.4479268033664,89.1493965837517,87.2476074854315,85.1536832989192,83.1533492931198,80.9171383095548,79.2622342880185,77.4026123940255,76.0192130803345,74.8081567939304,73.6226326373874,71.739309322247,70.600976928271,69.6274466623215,68.4974533828467,67.4734380360392,65.9885536142706,65.2034698199448,64.1222974568314,63.2232103733454,62.236959810477,61.430179637459,60.760396982181,60.113459629503,59.2221561924169
"116371",40.8710030692483,41.2922979553029,41.707718375371,42.0287465806743,42.0820483238004,42.2246634033101,42.110596303082,41.989001678735,42.0571200875085,42.1621628513735,42.0567380015263,42.1455026765171,42.288716610588,42.1617659371307,42.0644566734122,42.0134012674486,42.1453671239584,42.350976439654,42.3260212574895,42.1941950111371,41.9788776064546,42.3075123995662,42.3550040587413,42.4981464923587,42.7177825445584,42.7061943571677,42.0258707635044,42.0159091891512,42.0534295831311,41.6900421646766,41.5331228084384,41.1020848562854,41.302865446384,41.3458359918856,41.5037434355498,41.5084503412107,41.5746599254769,41.6315326966379,41.7523911494567,41.5777798008126
"116491",42.2072743275578,42.4594588744982,42.9180507697819,43.3088630919362,43.4319272973839,43.9856912476747,44.8951243947756,45.5026492517886,46.4687043309184,47.192484446072,47.5812178246338,48.651902448075,49.6704001482679,50.0129646211111,50.5364682122381,50.7310198326424,51.1811877089853,51.6781679232219,51.8816604544338,51.9110543104072,51.9285313072617,51.0568350322042,50.0792887009489,49.5278348134804,49.0660666570946,48.6311387765301,47.6956945240813,47.4426604449365,47.2414024514739,46.7828510111415,46.4779257569073,45.6657172940973,45.4901542854729,45.1188495422386,44.9842830301713,44.6442423730439,44.5360107183717,44.554101135086,44.6890751647086,44.4745113074308
"116571",28.9946301682156,29.2664506356532,29.5442832400599,29.7309381909723,29.7938562793295,30.1164652533429,30.2950080417192,30.3989674814908,30.7289610376052,30.9418906260559,31.0446696775635,31.5615946405364,32.0350306245595,32.1500051842234,32.3941623026278,32.4775402047114,32.772751935741,33.0185037601422,33.0650125370489,33.06164045514,32.7742569140656,33.2992143077551,33.2651988676209,33.1947948166445,33.1251434529319,33.0692636887961,32.6309496137424,32.8957209865426,33.2881693437976,33.6086895607653,33.9346579479167,33.9398638854661,34.5021776688067,34.8665904708956,35.6248910703985,36.1009324662238,36.4746428958787,36.6500608727303,36.9082950887215,36.7635074637939
"119353",42.2389473795715,42.6306844482147,43.109410022037,43.535215919236,43.707873744286,44.0758947330213,44.33182493508,44.7339104528289,45.2735167458361,45.8616342236249,46.1136701685151,46.5574574075274,47.0487070556504,47.1311451188667,47.2394758835205,47.4169778247621,47.7163424717902,48.0939447798756,48.1867273160276,48.0564460678081,47.9799433366307,48.0325362139003,47.8442149448145,47.9189162850105,48.3596165362373,48.9826215543562,49.0334732359717,49.9331883806487,50.7913243073532,51.033717618754,51.3689679008442,50.9734762764102,50.9960767576426,50.4965954731577,49.9315915129202,49.2442643711816,48.6088720172039,47.9562489700459,47.5085230224718,46.6920119366893
"119391",47.4291231636491,47.9277321420894,48.4450814009259,48.8243820566028,48.9406198263116,49.2546895279986,49.4288586058011,49.627938113844,50.1505088513926,50.6025061387925,50.7440413498697,51.5204009687666,52.2561813070852,52.471132643451,52.7391039381483,53.0189261360407,53.4610605687824,53.8583842598567,53.9738318732872,53.8240762935999,53.4754037548474,53.046069567722,52.4330126771815,52.1464442390081,52.08539867905,51.9586000144162,51.0541954107657,50.9031178584249,50.7985893908446,50.3285011986994,50.1450062245933,49.624061870517,49.8926354679476,49.8741783622708,50.1223744680705,50.2087438278416,50.2831976746856,50.2612453901692,50.3913698042405,50.1242671219589
"119473",74.4958323159196,75.0451693174977,75.8723970829312,76.4724916789558,76.7697638478688,77.5017613923648,78.2415605890518,78.5727899972778,79.5161062052027,80.1503349492182,80.3585035296722,80.8758809025063,81.3800167107526,81.0328521393097,81.0358175598774,80.9455717597747,81.0800018323866,81.2569656603026,81.1891562785729,80.8991807042972,80.2464417626189,79.9286266377966,79.2318379246405,79.1387831789708,79.1212564918558,79.0492254985616,78.0188751919319,78.1830322451826,78.4354569290207,78.2043515591707,77.936505146052,76.7828881816096,76.66422728843,75.9308284960708,75.8305831037215,75.5045875687596,75.4480693738767,75.4249808447163,75.763958604104,75.5009161191276
"119551",13.2437996734911,13.3185760896149,13.4637812354982,13.6092185699331,13.73296900814,14.0562034704158,14.3523615104278,14.6300731252634,15.0642354014483,15.5093036423843,15.9141376911529,16.4845074554804,17.1529495709068,17.6922710041598,18.3804904625527,19.0810203820604,19.9833789017752,20.9116372871235,21.8244288975243,22.7126547962782,23.612247131602,24.8176891990361,25.5117481913803,26.515704353361,27.4746894561358,28.2691974636038,28.529538217031,29.701822842362,31.2720113915155,32.975420181668,34.854506239106,36.2132262727732,38.0920895178217,38.7018458110126,38.9038128919032,37.8583859245882,37.0354537736456,36.403841695822,36.3466689528531,35.8430497109172
"122571",112.664670010073,113.869964329143,115.083472226354,115.586536048747,115.299211320471,115.920558298831,113.519357494483,110.839024735945,108.90580001843,107.144001862796,105.149892208697,103.545848512925,102.182953628442,100.233678692902,98.5053689981887,96.853833560485,95.5411721593904,94.170908171731,92.6629087682792,91.1448875846643,89.6471115635277,88.6608896333381,87.2171077524752,86.4119601637567,85.6503041007357,84.7514099365478,83.3409285054749,82.5401078916008,81.8590019143271,81.0043410406372,80.0740713327647,78.7359874615131,78.1192587224591,77.0983137540042,76.575644230546,75.9041884732049,75.2107586978844,74.524877190521,74.1779635919048,73.4547270051514
"122612",11.8716073844595,11.9010905550985,12.0547430651023,12.1993626355219,12.3772348602304,12.7577333063996,13.1003547699607,13.4419783642847,13.9529131214889,14.4670509235581,14.9007689714726,15.5715012348605,16.3775787643414,17.0685301400136,17.8909902557511,18.8330683875412,20.0458630430412,21.2289056980598,22.3350385589981,23.6167182982411,24.6859218848004,26.1526799238498,27.1588795252918,28.5601281514587,30.166126759656,31.8241328094926,32.9920344201294,34.9035681241378,36.775808039529,38.1241131054866,38.8541166794942,38.4296156769099,38.9540522977189,38.2912935815756,38.3872688832479,38.2426260880133,38.0665011859095,38.2366796004026,38.7320695742254,38.7671421702869
"125273",35.6129677315526,36.1770239357346,36.7214307122776,37.1651668000126,37.4086644861525,37.6807929266494,37.8960085402697,38.3520832446634,38.6686157868256,39.1110778222047,39.2888006722092,39.8847230787329,40.1852888110268,40.4872754591525,40.7804462439964,40.9225549163353,41.1669058057187,41.5020625119157,41.4025469088393,41.329253629671,41.1892195441514,40.8077238317763,40.2921640187165,40.0447339880684,40.0467513282889,40.037752565898,39.4266044681561,39.3340707690617,39.1270413647023,38.8346465117514,38.6048573545549,38.2946658666949,38.41206846691,38.4657945511905,38.5120666058464,38.2331945968671,38.0720375364688,37.9122526911856,37.9511478068223,37.6585700108683
"125511",24.4315488626503,24.6689282594885,24.9590341454374,25.1007331369096,25.1378483032603,25.4428120193931,25.6387807694873,25.7051026765089,25.9649009691926,26.260958331702,26.3715755235387,26.8868732893626,27.3900425196888,27.5218596875427,27.7064518057383,27.9035753302838,28.0943093320722,28.3159009052994,28.4604387710512,28.5177172552777,28.3822758726177,28.2743397341872,27.9260203681215,27.9216753156791,27.9077299879829,27.7788963732511,27.37532966463,27.4124717090907,27.5352405826101,27.5703547482499,27.5717107688605,27.3179933256097,27.4764607021151,27.4144890924308,27.6116016278537,27.7558731281096,27.998492172201,28.1902837783183,28.6804610369782,28.7875668757911
"125551",37.3040610028712,37.5991458098085,38.0473343698087,38.3033730930577,38.3898627997721,38.8807088952442,40.314492061844,41.2965019032794,42.4060311068014,43.4039042888499,43.976207671455,43.6416209378458,43.4643860975281,42.9307593999027,42.5852852649581,42.4252958121836,42.4429726252866,42.5196741612736,42.5225731606953,42.5698104805358,42.3608510057213,42.5261784084758,42.3598415687441,42.6661370876483,42.9353480940552,42.9590918015231,42.5075578451836,42.7703910809822,43.236479245688,43.5121933658416,43.7483433261304,43.4229823838051,43.8275595486291,44.0262464900175,44.6449449303318,44.7596224226093,44.8538415384791,44.8549230945762,45.2420163817697,45.1778217362656
"128531",24.58514183681,24.850036513921,25.1156409370126,25.2269259001407,25.271395908741,25.551644602176,25.720645857228,25.7509707794622,25.9689370176874,26.2112423519294,26.2582134854518,26.5856586134019,26.8922595383068,26.9139007499185,26.9851254822003,27.1127260189635,27.2497242874,27.4372981490414,27.5159923330803,27.5564567432172,27.4125254478538,27.4455078948766,27.25354230373,27.33730727205,27.4400309077442,27.4547186232823,27.1448653368548,27.2082927525614,27.3365422798693,27.3984111555945,27.5370028824804,27.5175073214407,27.9355645760229,28.0143849630433,28.1343063795255,27.9474372037179,27.8694516525009,27.7207548713216,27.8263877805318,27.6537854094037
"128611",46.6376973141523,46.9524744000824,47.576516099136,47.8959467008675,48.0193799076644,48.6286215492302,49.2184775944759,49.3818512639407,49.9929326001672,50.4380880719161,50.7261851979724,51.2946877139193,51.9383618970382,52.0150595316264,52.004898649013,52.2611538497681,52.7016323766049,53.0864507054885,53.1357679401115,53.2204315017769,53.1853474201291,53.0659373423241,52.4314544416605,52.5146536895853,52.7305378718206,52.9945651918118,52.9624284548024,53.7200626406292,54.6648776578702,55.2563436826595,55.517369652097,54.6241517124351,54.4232995981465,53.4805278894581,53.1453870488278,52.4640150502205,51.8888091458423,51.3394324242886,51.0352588954937,50.4360756104283
"131591",71.2054738652264,71.7847763804282,72.6978910150753,73.3438453910598,73.8422273603872,75.0768301628355,77.1708797553692,78.5275597166663,80.5010824328979,82.1370283636706,83.2423421921371,84.1557577211913,85.0128701035969,85.1676405348958,84.9459749065518,85.1145982648702,85.4705136656516,85.9263735101657,85.8355869883693,85.596461150349,84.804283165186,83.9260634121884,82.3811628548963,81.8431679731766,81.2620770717187,80.413273259405,78.9903466059329,78.3960809790851,77.9794948068354,77.4739986246704,76.8728256845426,75.5669479327384,75.1981221834354,74.4032995246194,74.3120311678279,73.7622927984711,73.5132097796152,73.2070765775414,73.2086157760783,72.785315004492
"137551",94.8570626611081,95.7989331504957,97.227756755258,98.0201636995665,98.766139160745,100.546879468333,101.225565168498,101.405300031264,102.604492854616,103.732110217903,104.424737784689,107.665722959201,110.33084516621,112.159097382376,113.00363702972,114.323909737033,115.624022697108,117.141737583114,117.996712910487,118.438987767886,118.149097158261,116.661270323127,114.194272862977,113.018175807569,112.270799076723,111.172802020392,108.831337434761,107.684999624468,107.058737083478,106.080703335154,105.346468808786,104.130956302076,103.719392505262,102.987589671548,103.240052354052,102.660340925437,102.90693250767,102.761044630878,103.020016283272,102.659975734062
