"plot_id","1985","1986","1987","1988","1989","1990","1991","1992","1993","1994","1995","1996","1997","1998","1999","2000","2001","2002","2003","2004","2005","2006","2007","2008","2009","2010","2011","2012","2013","2014","2015","2016","2017","2018","2019","2020","2021","2022","2023","2024"
"3293",3.73840053410893,3.71499667670872,3.70442502441062,3.68078875258013,3.65897335333529,3.62253040226877,3.59789130357541,3.56386334585892,3.54092038768079,3.56372294789334,3.55709300871455,3.56087969390659,3.55980102339605,3.54507919979263,3.55943729790765,3.5535923577302,3.57704403201458,3.60787372110098,3.64736677607993,3.64579866179794,3.65779686630629,3.68461622794971,3.69493098574829,3.66518207290097,3.66882031245104,3.71553952419313,3.76896312490749,3.74671189378881,3.76167186650857,3.79403404585566,3.78355544921405,3.81608687388687,3.79831385502823,3.86202558274848,3.86650714944507,3.85009879181453,3.89718297118786,3.91218491666187,3.92101471026089,3.96410208985173
"3314",2.32645590346317,2.30674056629624,2.29765871608545,2.28525207820376,2.27694919811493,2.26433862297861,2.26643451735768,2.26377953914621,2.27233180176922,2.30797536916595,2.32537212806378,2.35605639527815,2.38418887731238,2.40189340055843,2.42817410949879,2.43741424354308,2.46402573167334,2.50909076446517,2.55214758935995,2.54992299451757,2.54488368891806,2.55390039909683,2.55102779176929,2.52914048922857,2.54726818473577,2.59223065585687,2.63081892987603,2.62171694255031,2.64107343542217,2.66530648671286,2.66063332244275,2.68719427196844,2.67918782697236,2.72963216874522,2.72820969347351,2.70542050897549,2.72866843829711,2.73269945491905,2.73282983933125,2.7565235584787
"5311",3.35574481830489,3.33425545245392,3.32706429520599,3.3093531243445,3.2912693760563,3.26091426737396,3.25163863307849,3.23511414174438,3.22693879877578,3.26578551070178,3.2705207461092,3.28632264904772,3.2961330340436,3.29301729528119,3.31800818310898,3.31628014867533,3.34496030017936,3.38266446591425,3.42776873212676,3.42119549404461,3.47211908219332,3.52433804079281,3.53673725729157,3.48927667149306,3.47503781420677,3.50472783103811,3.54100823446556,3.51577506406733,3.52623881467213,3.56171255095108,3.55601905427784,3.58994039256475,3.56611372543323,3.62003976095687,3.61907065652904,3.59889873540559,3.63407850421521,3.64556481781771,3.65904405481439,3.70691823914662
"5333",5.85002353539094,5.81266476816906,5.79768338855848,5.76143344650478,5.72783110181268,5.67230311564188,5.62990782220307,5.57731194836906,5.53761415110704,5.5526084735092,5.52596697521358,5.55543477183984,5.58563547822065,5.58937006644764,5.62796629614561,5.62324896692034,5.65679382297957,5.69595716614505,5.73582007556153,5.70300790498599,5.65590736974967,5.61526803469154,5.56274949225591,5.48851660057565,5.45009730170535,5.46973149264229,5.51049405553044,5.47056206827731,5.45735743020228,5.46452986185653,5.42481243541714,5.43043057288163,5.37973710831905,5.41660384688579,5.40063534881776,5.35873141681613,5.36758337776724,5.33379736442446,5.30193580836158,5.31353179487053
"5371",2.39138825802963,2.37294098948889,2.36453953311103,2.35268617892723,2.34126474438256,2.32393683569317,2.31979234123677,2.31120052206322,2.31272018106484,2.33532139026446,2.33861186469864,2.35704835003331,2.37343482313676,2.37277911506406,2.38703833625226,2.3835390780913,2.39902751053327,2.42592684921484,2.44980526453771,2.4406356329705,2.44678516893152,2.45514657064432,2.4474553229087,2.42138314198473,2.41679102991777,2.44242968152981,2.47274030476319,2.46141802283516,2.4694423280914,2.48793675397624,2.48105049094229,2.49846220265554,2.48332386541141,2.5233008132421,2.52388101080107,2.51012223657973,2.53538270425427,2.53777757096312,2.53819040061397,2.56488902273562
"7271",2.14851591032638,2.13278977702791,2.1265699029744,2.1172742308992,2.11187979227334,2.10392847904663,2.11155868411575,2.11550929330628,2.12831858789804,2.17521736096116,2.19553627058569,2.25599821016327,2.3094963083671,2.34512398926357,2.38775625924191,2.40343832656256,2.43547231344247,2.48408747858804,2.52443098082663,2.51172350498002,2.51316651180122,2.48255422705632,2.44971028947658,2.40076196526105,2.39140817199779,2.41095324457811,2.43574329828567,2.41768016953319,2.42193005175652,2.4387594360935,2.42073587716948,2.43962559981675,2.42392630890906,2.46042947135966,2.45723577094351,2.44173037312397,2.46449186519053,2.46871632330709,2.4705842209555,2.4988658888324
"7351",1.49852771832066,1.48860376421572,1.486169002783,1.48104677324277,1.47810682157806,1.46995472675711,1.47425699167278,1.47576401893679,1.48681113896341,1.52200473240419,1.53815079756988,1.56144239299812,1.58534891968646,1.60206489881668,1.63836630154327,1.65915757634665,1.70441486165647,1.76515757176488,1.83018746530341,1.85731709875957,1.90538611299635,2.02816871018579,2.07723497251616,2.07971123623738,2.12876846059001,2.19417454675776,2.27202134914182,2.43662045066183,2.7334622483624,3.05181413556125,3.27924212415918,3.38719934177508,3.28914503706521,3.14369488627941,2.97635739132029,2.85135224159334,2.80371127537441,2.76887441970109,2.73878773669048,2.72875361403833
"9251",2.83238447943243,2.80915560485438,2.79980894422978,2.78992246733546,2.78916191525781,2.79080368570384,2.81316380340534,2.83258372102153,2.86335191776792,2.93228098082004,2.96775543997142,3.03881401037278,3.10269817762786,3.15057210424499,3.21085812414592,3.24464105570396,3.307832735799,3.39846875820782,3.47745943495009,3.48629075381837,3.56234647182033,3.55973918737013,3.54851185614737,3.50128425322531,3.5263890354504,3.58576090777197,3.63457246572481,3.6345868388188,3.67216678861467,3.72122122266374,3.71962177936762,3.79305018558161,3.81433193631667,3.92114031006229,3.94302722277115,3.94026540640646,4.00001468196486,4.0287075169868,4.04107088717725,4.09196682226007
"9271",3.84848767876543,3.82731450524876,3.81926378341522,3.79915682305417,3.78018022907433,3.74881324431937,3.74303880116559,3.72978631807829,3.72757878239674,3.78856194012622,3.80136939299597,3.84489368240264,3.88275445034478,3.89666627755075,3.94413294145286,3.95432059758891,4.00191615278403,4.06032799209372,4.12190613978835,4.1134062468355,4.12386581197367,4.11546228443371,4.09490933977861,4.03150792679588,4.02136003196112,4.06446944303327,4.1223733243197,4.0980133564616,4.11429675958375,4.15372565002204,4.1253483294573,4.16007705469747,4.1282113931738,4.1793295417367,4.16790278686719,4.14002431631104,4.16821108678132,4.16311082701476,4.15561827316789,4.19292203112312
"9291",4.91519223630298,4.89338487361646,4.88865215722243,4.86105393246103,4.8341882914843,4.78831920346634,4.75455011020958,4.71039817659416,4.67464874238108,4.6991243580527,4.68125842737065,4.6717410199858,4.66067618110093,4.63447515115062,4.65075427917768,4.63910648675574,4.67061249273901,4.7073272183458,4.76432587889799,4.7685486014261,4.7935724290963,4.92098647312938,4.99781483143031,4.94623951274654,4.94896097389819,5.01931858711399,5.0943747945997,5.07076680906634,5.16600099720887,5.42833216416207,5.73715915741775,6.24102536233334,6.60244665164185,6.96038832072109,6.92618295388393,6.65265563783035,6.43728731768308,6.27318597073264,6.14342287689432,6.08206157882476
"9311",1.01445858470621,1.00760514157673,1.00524061849592,0.99966463393878,0.995620970047716,0.988811291006244,0.990247267721014,0.99231908922459,1.00037535493191,1.02492192158391,1.04063241233832,1.065488714228,1.09737359304984,1.13367665324506,1.18170060555729,1.22614836708121,1.29152744931754,1.38038839914464,1.47882570265659,1.54569568343345,1.63797485696096,2.14304292606692,2.38453976596801,2.44235737757157,2.43781538107312,2.30904049356762,2.19995051933928,2.15875970822811,2.16043869583885,2.1649035040936,2.19770980873247,2.26123092064601,2.2724965915222,2.28272118666484,2.26443465500423,2.24294600270112,2.26636231069753,2.29090304641762,2.31031146881668,2.33867287939021
"9331",3.76521200553618,3.73963655287853,3.7320026563369,3.71268772034262,3.69852792063422,3.673704264478,3.67660329835025,3.67091454904591,3.67489461838727,3.72404565161068,3.72975952106478,3.77984707950432,3.8216118633209,3.84039064110475,3.8807428531265,3.87713991521138,3.91209407927167,3.95380979408703,4.00400299371028,3.98468401034412,3.92790415976227,3.90597068722573,3.88074898175315,3.84277991885526,3.85668336923023,3.91852332429459,3.96298619886279,3.91458329309352,3.89032257453691,3.88973911898462,3.85114197169136,3.86297543545969,3.83003001922414,3.86906549829805,3.86402927136526,3.84070320334298,3.86509498900296,3.85954276291816,3.8620499928892,3.90781590302889
"9351",2.26101029136443,2.24483308899559,2.24001753183556,2.22997313129677,2.2229103957388,2.20895501124102,2.21013758568352,2.20673106208707,2.21342872284915,2.24976519245586,2.26169702806094,2.28656984372077,2.30665507692996,2.31435547653721,2.34146053126484,2.34388073270169,2.37088508043416,2.40663195045471,2.4480988610608,2.44592782275785,2.44729365043359,2.46890523565285,2.47702031115148,2.4631666924052,2.48215917898962,2.53583604118706,2.61197682142374,2.69635290254242,2.85705057748792,3.0326433545887,3.11025525010072,3.15330273977837,3.06180017297318,3.00312946472114,2.92063718856875,2.84697582095991,2.82814367359594,2.8030427603724,2.79231511297329,2.80847317359731
"9374",3.19659014584426,3.17200349296348,3.16321607923383,3.14561193000383,3.13116935940332,3.10779722241924,3.10355107287947,3.09358432291527,3.09631984027756,3.13448083415227,3.14468053037076,3.15928405932749,3.16832492522868,3.16404004533481,3.18461929618157,3.178038998527,3.2015152767501,3.23518426897804,3.27743536838613,3.27087767340358,3.30213486410274,3.34801070084905,3.36672712978699,3.33820994619859,3.33984241538084,3.38522286909448,3.42708823843285,3.41375215964688,3.42824785742563,3.46034337269712,3.44947953291664,3.49024678384912,3.47694731366999,3.54945259673749,3.56114602702986,3.53960793842483,3.56920445577405,3.56105849877228,3.55215396493408,3.58270443601383
"9433",2.28904271182939,2.27624386691173,2.27254512938759,2.26231367344083,2.25133499117536,2.23447708624821,2.2331285601464,2.22148702385641,2.2157351971965,2.24736600093071,2.25594799252632,2.26356786038556,2.27089753726836,2.26592146496554,2.28525860731884,2.28518773263196,2.3079632314908,2.33496751386619,2.37073650522454,2.36895441857345,2.37909896938745,2.41230292619245,2.43394314014906,2.4191452855368,2.43659709282994,2.49990175329479,2.55861473879805,2.55027410788155,2.56333160429962,2.59154208921197,2.58193702424678,2.60926957838141,2.5889877890841,2.63825703045541,2.64169937039974,2.61873042730601,2.64514352141876,2.64717534981244,2.64666214850562,2.682446817236
"9451",3.38139516559969,3.36354507522976,3.35829912227589,3.34137056728874,3.32160453477647,3.29463715812816,3.28687513973308,3.26988905294637,3.26450698158099,3.30917852186048,3.3204659345179,3.33308671853764,3.34279760382397,3.33169952867175,3.35677278752017,3.35740236135464,3.38484485237294,3.41601710373086,3.45729608105877,3.44526461840869,3.45572636875301,3.49128226058743,3.51870107237446,3.48627319552619,3.49165113121725,3.55941206581076,3.62711832537515,3.60936339870397,3.62098338563826,3.66303653536798,3.65300871396616,3.69691868603186,3.66695344841274,3.73161771851283,3.73431145865724,3.71106951753919,3.75749678858686,3.76470434281883,3.76356958844107,3.81267412230564
"9471",3.84083154021572,3.81863963180253,3.81116010297816,3.7918093032315,3.77155724968728,3.74679941147033,3.7440979492061,3.73296256104814,3.73851830889477,3.79474674715572,3.81773529145334,3.8433027489931,3.86642538969682,3.86374929486514,3.90397590067158,3.91743408614167,3.95812833931108,4.00814973957,4.06287973610859,4.05901779240992,4.07867543957628,4.12089857117622,4.15214222486194,4.12777588817226,4.1526303142757,4.24447133306513,4.33313816915156,4.32881506181436,4.35913952971902,4.41969579830229,4.42094286489455,4.4804659205257,4.45607357334545,4.54683426176849,4.56250331710235,4.54855388468288,4.62125038260141,4.64458013509223,4.65316292460554,4.72010725040772
"9511",4.24122165069611,4.21503107618003,4.20140224725117,4.17646066071606,4.1479004193299,4.11759813853089,4.11919442420494,4.10759528524552,4.10911321740742,4.15926183245613,4.16758408462799,4.16541601637315,4.15816767665057,4.13039031343673,4.1455325560116,4.13143808792621,4.1484429897293,4.17290686385427,4.20368245140008,4.19235992037583,4.20224893500477,4.24093819524258,4.26389223144323,4.22590342215658,4.22029593770069,4.27909678402441,4.34517122982353,4.32606170981336,4.34057817198417,4.38539102223816,4.3783919108606,4.41446606536656,4.38003148352463,4.44099042734298,4.44120363190746,4.43142902202822,4.49094136442465,4.50488051595293,4.50596869672093,4.55669274280652
"11252",4.09577345142056,4.07658690566437,4.06702675486936,4.04117603962868,4.01242592158558,3.97157842498859,3.93894679190037,3.89851113466184,3.86431874414238,3.87111369280086,3.84624509739346,3.82251947180575,3.79218661947161,3.7524658050374,3.73916945638694,3.70886964360943,3.70449337683271,3.6998533007393,3.7063043093216,3.68728286411525,3.67939096190204,3.68565928096249,3.68483181786171,3.64067630093793,3.61364376624741,3.62463670918701,3.65331939303505,3.62102065906458,3.61192291353784,3.62523232188837,3.58886110995761,3.59781102014653,3.56580907305613,3.59464497641878,3.57957174794399,3.5506601494763,3.55558158243213,3.5357106278442,3.51795474680218,3.53533668519805
"11272",1.66757013395982,1.65666949613632,1.65111360790778,1.6405328219747,1.63047106424208,1.61641230620195,1.61241924988573,1.60695799952436,1.60615610362756,1.62672930622127,1.62887246182748,1.6373074447896,1.6453940425887,1.65044821975815,1.67177160291135,1.68104599400651,1.71138098765392,1.75211178948566,1.80071321513689,1.82340952041957,1.85125250305759,1.90402764168598,1.93220322273775,1.92146360057805,1.95943371554839,2.01407082501194,2.05117113204998,2.08056819511247,2.16486819302098,2.25830946052825,2.29911933759154,2.34800439219064,2.31554292673639,2.33896138276379,2.32313791009154,2.30559298274409,2.33298981491177,2.35794513247275,2.38566727754221,2.42593783336302
"11331",2.76557911728913,2.74548309926423,2.73700001831608,2.72050883546406,2.71010249285366,2.69213852569366,2.69182938021677,2.68505209035748,2.68966491921217,2.71530525051575,2.71636069232671,2.72279840852132,2.72091544436252,2.71771140880165,2.72672190125414,2.72197992103206,2.74055554661552,2.76975537474204,2.80616778025111,2.80463950406702,2.81107181482159,2.89931816644913,2.9518599210943,2.95074796061443,2.98584120628991,3.02957037487605,3.04872112020333,3.03196249586938,3.0430055072414,3.06187750061187,3.03785141935373,3.04989985371053,3.02671598324285,3.06285964240641,3.06125454163882,3.04673848161543,3.07055609138753,3.07305262781951,3.07697983672842,3.10727201895907
"11351",5.76541180651093,5.72104245217153,5.70387462507004,5.66595683268014,5.63730545625461,5.59243615136632,5.5733502392611,5.54675445869251,5.54178609385029,5.5818428239264,5.58226392247476,5.70676622962864,5.82112291536442,5.91164580764707,6.01557603113394,6.05645658434246,6.12840897456925,6.21160538439198,6.31720569330129,6.31553732687967,6.25511559428353,6.15736237205234,6.0573506811594,5.93260477333012,5.8885561168152,5.91410315192618,5.94208194502043,5.90117754892735,5.88241016797673,5.88680605006365,5.83327748516606,5.83839041081235,5.78237731699003,5.82203146875105,5.80973647858264,5.77223171397513,5.79142500645247,5.76948838811363,5.75098043037496,5.78461797710685
"11374",5.18712656303734,5.14600834241375,5.12953632460166,5.09465561364557,5.06516409127,5.02344411013291,4.98741349038723,4.94692233735811,4.92783847979904,4.9385059077879,4.92367157915408,4.93139604819248,4.93225255316627,4.92289314640564,4.93945104715809,4.92326072712385,4.93568667632968,4.95370790388063,4.99210986129297,4.97728385218846,4.97392084248739,4.96783589924538,4.9472346976715,4.88589071962231,4.8691917390162,4.90806778692254,4.94418932050864,4.9167628600688,4.9163269740164,4.94294929522692,4.91342759837548,4.93740813244346,4.90616709534651,4.96961106902919,4.97040923506644,4.93602313321635,4.96030963786053,4.94924296433967,4.94426113230055,4.98578006676937
"11392",2.3871195837049,2.36836501008355,2.36061251728815,2.3469660056785,2.33413424583197,2.31780506013799,2.3144631763982,2.30345576149638,2.30417439637406,2.32408852099977,2.32505452731791,2.32399106178126,2.31965821115533,2.31101314641154,2.32571626122072,2.3243949307019,2.34285791581802,2.36645643830748,2.40434684732071,2.40498692779808,2.42639219899638,2.483268838574,2.51595169543066,2.49840470224347,2.50336752173392,2.5380519176501,2.56485746200714,2.5512295693573,2.56164421230034,2.59231299600178,2.58588413962575,2.61334415794294,2.59676107077336,2.63886116969463,2.64576510809141,2.63178408635355,2.66514163025323,2.67390560982592,2.68137516132518,2.71755536686935
"11411",7.22465278800625,7.18982452447979,7.18032835919206,7.14357014483327,7.09698440204996,7.03087139129976,6.95504923056266,6.85189016974898,6.77383249189762,6.74277836396581,6.69185083353313,6.64085332964872,6.58596162590361,6.5210672090678,6.49325528134314,6.44320119779529,6.421522955753,6.40136240314406,6.39483825394766,6.34875817304303,6.31550304853512,6.30189698304889,6.28312498075373,6.21830330872509,6.17633622133926,6.18511692914034,6.19830752201248,6.14652324306739,6.10911728309295,6.09266049767533,6.03265085331268,6.01036533132612,5.94227326602213,5.93305185664796,5.89336978755479,5.83220970688963,5.80891665733863,5.75837455783984,5.70773637133881,5.68960666432399
"11451",8.10428978386066,8.06169455502297,8.0455787385972,8.00321697504462,7.95755637335364,7.8900303437885,8.00856455480507,8.11272578874216,8.24018778824859,8.41118929408539,8.47533061006658,8.28125571898873,8.11881290648627,7.9449793259056,7.86608547099676,7.76626599274929,7.72434109394974,7.69758361490662,7.70016530365565,7.64291445295929,7.61767213144155,7.62385976869492,7.63928937021633,7.56785668348121,7.53460742857029,7.60535078491232,7.70141474123592,7.65900838328416,7.638073009597,7.66529141435155,7.60135372022165,7.63096220882014,7.53134195473978,7.56443058714467,7.53791865018016,7.46512277368762,7.49715728048453,7.47097153494371,7.46921005403087,7.57738775174055
"11531",3.77680228413261,3.75516189149418,3.74438562110872,3.72755469421993,3.70850324829466,3.68675021354242,3.68115964894028,3.67052351692661,3.6750829408376,3.73781963980383,3.76706249553267,3.81905218100907,3.86710567174447,3.89069280965879,3.95609147096849,3.96710169066567,4.01235534384909,4.07687671886327,4.12921793548191,4.12472826477771,4.10687864527159,4.11585595410417,4.11796716740201,4.06874206543545,4.07621746268318,4.16874249779582,4.26369658419692,4.26150742800637,4.28475593555432,4.32805416443947,4.30281784794008,4.34526417073761,4.2988177066912,4.36512924684745,4.369036033117,4.34321639743824,4.39885234295316,4.40181795094482,4.403613582795,4.46362966611727
"11571",4.43039105846024,4.40968348851682,4.40068323014121,4.38212616086468,4.35925321176492,4.33194062559447,4.32182298850546,4.30076549031897,4.29487729593974,4.36043543481831,4.37505583319305,4.39826322981912,4.4112507657678,4.40975404208067,4.46084544830632,4.45974600447409,4.49896963427636,4.54927818534353,4.60314272932476,4.59784925734247,4.63986892092602,4.67550730128982,4.71795395265291,4.70876279951868,4.80521426276308,5.0286113998825,5.20967446304274,5.21795840364115,5.2219446216515,5.20845226502213,5.099782682022,5.06817578058462,4.96822841556472,4.97960263489182,4.94560986496858,4.89901125932893,4.92359581531773,4.9036209297044,4.88026334372995,4.91526794090567
"11591",1.12757071589151,1.12054149046141,1.11705585532526,1.11149043823024,1.10609679374144,1.10105542494386,1.10073928353723,1.09838136545611,1.09974697339415,1.11696724978643,1.12223365165752,1.12814598737442,1.13462946826731,1.13760593823353,1.15716657931177,1.16454087948846,1.18124373088098,1.20395659135557,1.22702196170685,1.23802669886092,1.25335857229907,1.27819033179782,1.29952934164193,1.29948284362108,1.32104169407128,1.36446772671256,1.39638736965532,1.40158318185391,1.42104932788222,1.44828321790181,1.45535332993329,1.48549740213699,1.48256841261531,1.51840934985564,1.53157691363689,1.53301619198563,1.56383707944823,1.57760132242198,1.58582439042764,1.61643658366831
"13254",3.42432804350549,3.401072566762,3.38916674918939,3.36551646768129,3.342429713272,3.31534129299726,3.30580326841996,3.29225256015747,3.28716369092784,3.32338520447382,3.32204270758374,3.33447509389232,3.33562641122048,3.33081795644455,3.35242287940689,3.34550754371258,3.37433785132173,3.41423046228012,3.47147541361737,3.49062451740104,3.51831730568384,3.55469632862346,3.58045075320101,3.54762105473065,3.56989692336238,3.62606827568737,3.68079148230617,3.68298292742511,3.73319003386192,3.81715641434677,3.83500124468315,3.91952203316946,3.91401123591373,3.96244115897281,3.90539969840118,3.81677580685063,3.78431664097499,3.74543529423799,3.71177479601529,3.71464100228482
"13291",3.29743868812511,3.27163977803144,3.25838609701991,3.23583497228614,3.21679904478435,3.19236855124573,3.18524709495997,3.17425651483468,3.17148937390277,3.19729418242635,3.19618694169683,3.26478574595537,3.33004751162025,3.38034648032673,3.43286994277419,3.4474434417793,3.49322666951371,3.5518347355594,3.60518512773467,3.59114213901243,3.58394318386033,3.51116685288938,3.44706516241208,3.36952422747729,3.34005885759064,3.34108986940003,3.35004782687095,3.32170035200407,3.31341734802176,3.32392144235785,3.29868746649926,3.31073417328689,3.28745052823411,3.31666151385598,3.31077084490361,3.29264926626601,3.30553847708165,3.29698704654728,3.28998993441272,3.31435033785123
"13331",7.13779773388902,7.08462967476427,7.06009834918219,7.0049145038364,6.96388467448373,6.90716733202876,6.88189827526899,6.84514513770056,6.83310401019773,6.86820497769634,6.85311184185455,6.86078216219651,6.84591978326744,6.82456319933324,6.83438961831438,6.80922221971451,6.83167210256097,6.87263240681307,6.9273585932322,6.90175512522666,6.89644112950188,6.9289061407101,6.9352097662095,6.86858797974986,6.8892027534601,6.98226998327234,7.05078839007832,7.01953916615216,7.03825597171811,7.08763052322283,7.05181288509722,7.10887069175951,7.07883923588635,7.18499089307434,7.18895446278946,7.15939695393475,7.21107396908575,7.2117260853827,7.21806214084759,7.28258103622139
"13351",3.5229054387079,3.48981183105993,3.47628471609944,3.45367247166684,3.44509167165175,3.43612120945408,3.45464101651329,3.4677256823384,3.49977105288181,3.53965986075716,3.55400608773006,3.56434012886362,3.56444151014792,3.55904491354167,3.5700325879975,3.56160697480291,3.57554309161769,3.59929474622255,3.64415600851492,3.64881466624287,3.6546357973818,3.69118685698461,3.71510069086579,3.70210840398372,3.79556690928874,3.95434698160495,4.07699607303924,4.12023772083078,4.15481217971701,4.15852821212156,4.1032900789968,4.11184183472712,4.08365381140665,4.14451389593943,4.14446559656584,4.10216389678779,4.08956964029548,4.05149315633893,4.02183414250294,4.02578849213523
"13391",3.61231998998017,3.58430863601382,3.57301657474067,3.54985122355884,3.52804939284326,3.50196477504791,3.54648023564775,3.58727734751559,3.65539048466735,3.72396005091703,3.7592057146389,3.70637950979005,3.65115676030803,3.59585224092945,3.57638169058081,3.54067156425136,3.53377242931167,3.53537387419488,3.55470152806144,3.53612820458225,3.52921459810756,3.55170367421313,3.56289663512643,3.52654205359506,3.52421231761434,3.56560137035781,3.60783835852471,3.58791617918657,3.58943823985841,3.61487322428057,3.59158412199205,3.61413640251475,3.58256071457225,3.62100153321457,3.61826086031116,3.59427230042607,3.62158931294779,3.61506066896608,3.61022656077252,3.6470526669505
"13411",4.21808358151391,4.1869178290654,4.17423777065659,4.1493262910253,4.12495389790053,4.09602742071865,4.0883807226592,4.06637097450158,4.06430905297904,4.09805719733491,4.10453072498928,4.16832922662707,4.22321980237177,4.25879424373814,4.32635511514882,4.34849107819018,4.39861371141712,4.45431016990178,4.52228370922646,4.50175108940674,4.53132458938358,4.4784253812754,4.42038919664506,4.33123481318723,4.30180261892352,4.32052352663975,4.35023223149236,4.32055800797799,4.31693451514859,4.33801383180197,4.30896456776307,4.33048386777933,4.28792350533912,4.32157458880336,4.31474580073067,4.28346194616485,4.3068109383641,4.29062467228978,4.27424579483176,4.30525001835255
"13452",10.2058365710418,10.1474839531081,10.1171769430292,10.0608430905003,10.0056381868027,9.93364027776495,9.96119056386281,9.94719276411553,9.9673702662866,10.1070845246266,10.1531494537942,10.1042271835372,10.0291960926261,9.93060258169437,9.93476838103838,9.87047546325946,9.88533373243321,9.90785232684242,9.96893913312973,9.91038918845843,9.89548136465033,9.94539791033985,9.98955749948176,9.88888152541123,9.87711908118973,10.0184307393752,10.1717944805927,10.1182911701288,10.1070784172641,10.170125290856,10.0971876866332,10.1756731299303,10.065838738724,10.1650433961842,10.1743339039892,10.1039164028132,10.1799830154869,10.1536491596131,10.1252412902489,10.2215810496364
"13551",4.82965968932143,4.80668959516439,4.79651820121277,4.77528592449719,4.75077247785698,4.71718716698113,4.75590483838018,4.79789593516666,4.85760731394222,4.96896340602323,5.01062897102701,4.95453325914243,4.89135838856363,4.81970048255684,4.80376222282388,4.75218619753506,4.74162747261719,4.74279268032284,4.7582547398165,4.72907809674546,4.70987131684597,4.71779582874239,4.73476340612159,4.67998964343402,4.66335849438692,4.73366213744332,4.81271285319087,4.78935954428008,4.78495007357806,4.81528452460525,4.77781637047749,4.82197364567241,4.76063643257972,4.81305894286607,4.80537445527451,4.76555081856567,4.8057179573028,4.7888456106518,4.77538497570472,4.83165772676746
"13571",1.53714091744848,1.52762945207888,1.52340247074585,1.51796639856678,1.5145486142924,1.51192142702667,1.51952071590175,1.52769089309253,1.54786800659705,1.59636625802513,1.6295727381474,1.66622027047642,1.70480814591105,1.74170556454787,1.80600000754847,1.84258584857329,1.90459290228686,1.99039792347456,2.05912631595542,2.10168390368707,2.15188554693939,2.27189093145217,2.33628846398739,2.35709610264864,2.41776602348732,2.4893131973297,2.52884661155456,2.54611960087046,2.59575371062176,2.65692341318282,2.68899145431985,2.74991484487039,2.76693374264378,2.84954584770715,2.89179613220208,2.91885650925215,3.0353090115219,3.14149722830262,3.22684491252575,3.33406993132823
"13591",8.25548946610834,8.21783166436683,8.20386544145564,8.16602705290751,8.12608504115344,8.07824854889556,8.0624617745948,8.03186546241338,8.01970238897959,8.13680582201804,8.17063143923534,8.32610295029875,8.48726739101697,8.59970539698449,8.81657422450464,8.88600196025902,9.02394723042705,9.18810993987779,9.31485392986814,9.32131091050629,9.55725800231385,10.1879151069351,10.5186395446757,10.3576371791643,10.1620276778014,10.0079702957219,9.86153623168429,9.66582028027588,9.56439717030521,9.5268970111413,9.41694892503561,9.43937232977286,9.32622052891866,9.37361384253304,9.35113729391944,9.28726260411688,9.34016794153749,9.30425068490546,9.27296145649999,9.35554869093567
"13611",3.07772982330034,3.05924494188858,3.05035537684746,3.03459808341067,3.01889241299926,3.00171344537193,2.99863058788771,2.98967711421824,2.99159323744951,3.04274343225599,3.06085545403354,3.07520866844396,3.09141130306794,3.09734913998426,3.14593403535202,3.15713975906079,3.19741194305001,3.25027736960217,3.30437929721328,3.31931642386868,3.34779322011632,3.40565149571109,3.45960722159476,3.43673764907568,3.47202170656402,3.5726173469017,3.64454934532756,3.64586593075943,3.68384303822436,3.73862475269128,3.73332619946669,3.78960245154389,3.75997720848969,3.8307604881757,3.84941525196957,3.84054105708216,3.91594298049588,3.95037879753472,3.97295173477739,4.05429685453879
"15291",5.0011726275352,4.95729886985063,4.93515413054595,4.89756558151523,4.86257228078335,4.82424231536651,4.81451196031589,4.80298160652375,4.80280656901745,4.82703893950324,4.81638335628375,4.81048006357678,4.79266118140872,4.77103795056745,4.76917160007337,4.74069130112747,4.74817426052337,4.77041600506899,4.79900178617838,4.77947155755864,4.77260767215701,4.78159634903357,4.78563919976158,4.7404270394717,4.7447056919864,4.78905525380456,4.83262636874313,4.805885828847,4.81156705912162,4.84699584767092,4.8168627475781,4.85144498000535,4.82599500361165,4.8890425786619,4.88703049585236,4.86404048496525,4.89185728448021,4.89004309435564,4.8805916480014,4.91439700939394
"15313",4.18537425487508,4.14784427154474,4.1287443136219,4.09796814103585,4.07320942649176,4.04775648998168,4.04423780159721,4.04221377863958,4.05464621630381,4.09649386945567,4.11005624428198,4.14123343803652,4.15551681437582,4.17497504338313,4.2093810479145,4.21502650482063,4.25107053360453,4.31602388246118,4.37096353071577,4.37264647952758,4.38498245276444,4.41638840898959,4.43909911707207,4.41852366798798,4.46622388586453,4.53566086016009,4.58131514064507,4.57975066343255,4.61759083952291,4.6717556098129,4.66655578200658,4.73138540198526,4.73692152732279,4.83140568735736,4.84831673491,4.83909944337474,4.89181212654097,4.92634632510572,4.93747726551253,4.98547596638823
"15393",5.2293184907909,5.18611788333397,5.16702296932993,5.13432538265042,5.10569990373983,5.0749395495376,5.06897069283362,5.05080448530605,5.06007007287393,5.11293092943121,5.13402199023474,5.22658725654705,5.30462672485616,5.36307424654923,5.44936823485943,5.48091916956449,5.53499612021146,5.61422396951531,5.71596000246091,5.72413986084746,5.81422836058461,5.89799775014247,5.90972476450989,5.78687985029477,5.74679616050876,5.76524085549924,5.78805805310519,5.75437125310218,5.8466452584852,6.08408777869242,6.3005806816198,6.5870520137542,6.66195896287827,6.76325571722825,6.65579930490867,6.46126132369719,6.34925596753325,6.23472997403482,6.13820171799863,6.10446291770844
"15431",13.6430490690362,13.5372932315322,13.4770939751013,13.3929331989998,13.2998551308351,13.1998457905365,13.1672720416946,13.0923961180123,13.0608013104576,13.1519914410567,13.1667096018166,13.2224089307922,13.2509042852009,13.2236257874355,13.3052117840044,13.2829990619171,13.3438279301015,13.4224521355505,13.5268003710875,13.4579033376735,13.4566439530272,13.486001432548,13.492771358611,13.3329962872889,13.2938315002088,13.4090070512577,13.533051282255,13.4491491265749,13.4348852407633,13.5130581799222,13.426062520167,13.5003471599556,13.3571473778978,13.4543649013298,13.4402816703027,13.3437876999593,13.412238076063,13.3682978120286,13.3243725721597,13.4230452458934
"15474",5.87664898221536,5.85223355097652,5.837356252776,5.79988098217367,5.76195716226583,5.71251700362455,5.66935550990356,5.6015667111868,5.55095315885361,5.56098075536629,5.53961200633803,5.51189998164318,5.47409427080722,5.42807663871199,5.42431749591378,5.38688392258655,5.38481750427779,5.38453831454633,5.40345338336304,5.36835534458067,5.34776016774091,5.37103080679468,5.39065178146828,5.32668206876658,5.30440930001385,5.35361977739228,5.40144702110187,5.35154748430608,5.32121278244753,5.3283272828953,5.27943712585511,5.30060829745603,5.23746118409189,5.26599631845825,5.2576784502243,5.21431614127991,5.2332939627111,5.20865908062348,5.18840578056266,5.22327096104162
"15551",3.53476232567766,3.5143388773692,3.503586215535,3.48488005908195,3.46868931909484,3.44619026497547,3.44237641840911,3.43158871307759,3.43661389208958,3.499307385845,3.52323275462866,3.572318509732,3.61861471128249,3.64898298219729,3.71720922655402,3.73191341620212,3.78051783612419,3.83703677097396,3.89009982135816,3.87852201019838,3.89309330519743,3.89496370139281,3.87951797469547,3.80206284506756,3.78502415279472,3.84154897068457,3.89237708780446,3.87218297007522,3.87543600167439,3.91286014724539,3.89335489772053,3.94232835145534,3.90398583338346,3.97406383494872,3.99445476776027,3.98253769628579,4.04340091986087,4.04723073173881,4.04550085733092,4.09907437186141
"15591",5.40403842976167,5.37683972059608,5.36434670775064,5.33643981648236,5.307990306787,5.26909436938313,5.25286285254389,5.22498054025716,5.21240242759102,5.28979378399833,5.30704789984544,5.32686431593075,5.34520943989196,5.3422842745108,5.4028622033441,5.38843517675933,5.43107610626836,5.47636168621104,5.52993888754494,5.5049547186884,5.52611492873256,5.61886008231863,5.6951759511544,5.62192744690388,5.61651189303334,5.70232821003381,5.74207975248676,5.66715555115352,5.62082681401,5.60382891341884,5.52885434251185,5.53812213103631,5.46268150473387,5.4893140573063,5.47408055018565,5.43362646296091,5.46885042838663,5.45157893556235,5.43636257826255,5.48674513082253
"15611",2.56414593970677,2.54940475737698,2.54237531095288,2.53015509763578,2.52011072853138,2.50799313133088,2.50706786092453,2.50027848087033,2.50128858489866,2.54344669182374,2.55668923883623,2.56561414628585,2.57558310089822,2.57496935204122,2.60671679584823,2.6036587842556,2.62942876576378,2.6583795914181,2.6904787335401,2.68732011066981,2.69209219572628,2.72224471571597,2.75329170070392,2.72375982347063,2.73631258596095,2.80493441431294,2.85667775818735,2.84819861041409,2.86124747244619,2.89408138198968,2.88610661025163,2.93286299915531,2.9094876369854,2.96081212941863,2.97166585777798,2.96048492329218,3.00676349159844,3.0155067113086,3.01782322893514,3.0636785033577
"15631",0.472668090499804,0.470442295553957,0.469378257821933,0.466789381047597,0.464171915822547,0.460662837983367,0.458560300146649,0.455410053024807,0.453155857324777,0.457213861245621,0.457284780135239,0.461154270194296,0.47506257407175,0.501188691141724,0.551653288288982,0.611372165685789,0.694800968467767,0.803555093085202,0.912227960336307,1.03762831878434,1.17580074873981,1.32059978425314,1.42663306646748,1.5406195650269,1.68278733077021,1.78135030835374,1.83137093765272,1.92032609739878,2.04190994097991,2.13071796915524,2.25737805597029,2.32562670573887,2.43733144211118,2.53195421689909,2.61699723687814,2.70005315242963,2.79124817199063,2.89861545726117,2.95712317392885,3.01074414212629
"17171",3.67848423678718,3.63981481513355,3.61747908637276,3.58861009095691,3.56445421734183,3.5461684018058,3.54328657500048,3.53914942546325,3.54916864972624,3.56775275534394,3.56898288556782,3.6182653157491,3.65083286989489,3.67628792016248,3.70055590271333,3.69894635058843,3.70321415670556,3.72227974215442,3.74107660038603,3.73669412973555,3.72183654319009,3.67202072952342,3.62525502687073,3.5627646965977,3.53447923495143,3.52408636008246,3.52217900145735,3.49522896955885,3.48831768725231,3.4995485596513,3.47701644736225,3.4847643714368,3.46903903200288,3.48878561436703,3.47555093109472,3.45721081600153,3.45808092437184,3.45121558921177,3.44502722333484,3.460988446626
"17252",3.1810626932694,3.15474921909968,3.14211617397918,3.11782302774704,3.1017099098804,3.08603716310029,3.08561892777294,3.08654094310323,3.10436627790794,3.14505767433012,3.16510263635424,3.23538789381796,3.27778013186478,3.32625038717389,3.36548242110312,3.38235918409444,3.43051376203249,3.493046311197,3.54595741908106,3.57262185085498,3.61565279300425,3.5850304380658,3.57169943916137,3.57789734987888,3.7295425313911,3.9231747391458,4.04197219065749,4.06603683260881,4.05602583170075,4.00733021339341,3.90393401904349,3.87427040975455,3.80987994069794,3.81601807262043,3.7849514814432,3.74219693203821,3.74224372934799,3.73121978097893,3.71984894551569,3.73760326659582
"17292",5.15034241721117,5.10459080967296,5.08289448375804,5.03725085936308,4.99984355384835,4.96283204841127,4.94030150960841,4.91430174218346,4.90234643413794,4.91499871605378,4.89543100423644,4.9474349882192,4.98084529136536,5.01386891414369,5.0537083289696,5.05791229646677,5.09154191239315,5.14175702725959,5.1822556799764,5.16892143868258,5.15796148283302,5.09246702076298,5.03998518304579,4.95193913425685,4.92206178544733,4.92776087082752,4.94314664145557,4.90777826943548,4.89734448282558,4.91646690892076,4.87979775663867,4.8956802445528,4.85781086996214,4.89675763641364,4.8856817052663,4.86144318725188,4.87769663395921,4.86388202201575,4.84692620632252,4.87090612561312
"17312",4.50704010678281,4.46655874128905,4.44664484093599,4.40802620874824,4.37651118526984,4.34419656981791,4.32645277210339,4.30605802261948,4.29806131950831,4.31176218901798,4.29659781646717,4.31072906144453,4.30573564432305,4.30503449143803,4.31613834682647,4.30455643684853,4.31853662781365,4.34736081273021,4.37315765460367,4.3608950809357,4.34779101454843,4.36318426164276,4.37701910577126,4.34829832897308,4.36915500906941,4.41648559925008,4.4506096047246,4.41754187357872,4.40233795708261,4.40991144479031,4.3669830861055,4.37912555317538,4.34168447657181,4.38188366279852,4.37305844983276,4.34805503585102,4.36248085868236,4.3520509376185,4.33896216184513,4.36330394492472
"17351",0.874397452799135,0.866238477044823,0.862658003914285,0.857256842619631,0.854269960372884,0.852633045126178,0.858455190387347,0.865576448466997,0.884421742746877,0.910964643895653,0.937881972170553,0.976174957599147,1.01514650072039,1.06386853230131,1.11571545964477,1.16477633769012,1.22413198449451,1.31388467786207,1.38397313948302,1.44766335163039,1.52687361250143,1.60336672427019,1.66888109983617,1.73497618413458,1.84273525353327,1.91003120109087,1.96293437861395,2.03380376778547,2.12165689620586,2.19769854144571,2.27791025351173,2.37715442094662,2.45663597500096,2.55584526651945,2.61683125992236,2.65590925729272,2.73270252731271,2.83464440460873,2.92680730156081,2.99535972860485
"17374",7.96942329551852,7.90610738976804,7.87917394169091,7.82468611847911,7.77523540753441,7.71867146946828,7.70995990973429,7.66659762112136,7.65554749606655,7.70816573242907,7.70095301901855,7.71560758434105,7.69625974009677,7.65892802626408,7.66688213268357,7.61812010256007,7.61711800245424,7.63911776042396,7.66477091570674,7.60983189150887,7.5876482555373,7.57485653769626,7.54698982073119,7.43684911510913,7.38372652112586,7.40861512976945,7.4487949789986,7.39852169646277,7.37444475707811,7.39780747109335,7.33977378963863,7.35607529078472,7.28396375756194,7.33102729773495,7.31327401837987,7.27295714807736,7.29712721480325,7.26370288157009,7.23778123093657,7.28451126993642
"17391",8.593363706329,8.5217656675803,8.49121094686402,8.43821666996822,8.39019541218203,8.33796506040948,8.32317090385575,8.27571969046988,8.26651607890149,8.32194040599789,8.32177911412716,8.47932926460536,8.61411597810349,8.70083426919951,8.82826477344036,8.86266875998043,8.93129794334243,9.03183648601069,9.1211457199858,9.09380942486405,9.02791874568718,8.9184957008798,8.83409950929884,8.70350503994806,8.66957100667128,8.72611518753484,8.79948375789391,8.76710817655761,8.77091652337397,8.835566610512,8.8014004910177,8.86914026239048,8.81997907477309,8.95807250070472,8.99939023982434,8.99149725291802,9.06941989847758,9.050791685557,9.01862746255306,9.07532859530108
"17411",6.51404980828078,6.45703061584939,6.4309046999687,6.38810949250527,6.34902173525754,6.3058819364517,6.29205587572074,6.256971751048,6.24818512246981,6.28509226341076,6.28160426775373,6.31378907714061,6.32924027099778,6.31934184222115,6.35644110595732,6.34376425898292,6.37023667723734,6.41694648138849,6.4700359776719,6.45266828610976,6.52946441546585,6.52087397334773,6.51077159770589,6.44219811525467,6.47091137050544,6.60425872240011,6.76490085712018,6.84047566091701,6.95808102283361,7.09971909206535,7.0892689389099,7.10644698285087,6.94704319898265,6.91654817081155,6.82162654986906,6.72362381049989,6.70535632398117,6.66921490332065,6.64575058949327,6.68433537783267
"17491",1.27925470828972,1.2677698619684,1.26067738928889,1.25328161313824,1.25027947958711,1.25044698865787,1.26278047280089,1.27603523600907,1.303024570737,1.34419061084751,1.37895250296699,1.41468483674454,1.45479959963435,1.47964843079845,1.52098398065104,1.53979776838716,1.58198307260773,1.63116597009199,1.6782668108069,1.6995493352198,1.72536935902251,1.78380864205514,1.81380474882238,1.81887359690291,1.85924905659178,1.90721448107754,1.92930548183812,1.9276649154706,1.94835510134249,1.98847446140504,2.00158649015094,2.03908578217218,2.04295038790446,2.09622098001883,2.1153421282242,2.1156535546446,2.15900733512527,2.19485964684777,2.22149743815546,2.26354279059067
"17531",4.13902552403999,4.11488487961757,4.10186493452027,4.07735736188328,4.0587767710229,4.03193364251468,4.02567774189545,4.00708862892744,4.00657232533804,4.05821392953044,4.07801576560693,4.10672858952695,4.14386141072567,4.16014156707397,4.21276417470634,4.21704321855827,4.26134781318078,4.31128516568858,4.3665397695917,4.35416545992837,4.34354409175452,4.36185464634992,4.36950754213132,4.31355444225339,4.33459705281997,4.44279314992365,4.53417423674396,4.5206531444517,4.52494682519307,4.56180723183542,4.53321841664054,4.58032311558089,4.53953988370233,4.6125909822486,4.61825107741402,4.58147913409062,4.62372090182861,4.62202809083469,4.6218427650831,4.68241650539688
"17551",5.15019151407108,5.12066833911214,5.1033648594017,5.07108750763871,5.04443458651189,5.00519318736928,4.98988517506969,4.96244451090611,4.95436757593085,5.00844572578932,5.01762690306887,5.05248942826454,5.09152896590386,5.11087740333749,5.1748847878933,5.16623954681506,5.21316831235401,5.26347708838477,5.31597202645757,5.29459354445166,5.31693805355185,5.31649564987158,5.2912625610304,5.18272067828318,5.14313030624615,5.19330270315561,5.24819103475807,5.21813285957917,5.20963196888463,5.24063149953079,5.20884546347248,5.24894957637416,5.18951390004029,5.24111753614658,5.23758053214609,5.2015959443966,5.24288576167132,5.22924690289931,5.21614825129193,5.26655557711239
"17571",4.45176372740645,4.42354734653862,4.40689337926179,4.37988229950066,4.3584050406147,4.32738978779808,4.31555563219563,4.29398953486122,4.28749314796104,4.33609835888863,4.34435066469728,4.34799463369763,4.3506742467652,4.34058308896543,4.37212202755612,4.34916229425403,4.37487150869112,4.4057964092523,4.44729277200026,4.4336943315588,4.42952198518844,4.46520104088382,4.49647271664746,4.44090181482172,4.44404534325431,4.53572581586555,4.61568587540821,4.59630740699871,4.60212328855323,4.64759014034864,4.62648142625518,4.68385889384903,4.63684692051485,4.70688383911203,4.71525573329334,4.68962461387918,4.74731251304017,4.74872169188281,4.74669526109692,4.80915487285737
"17611",2.63852460322453,2.62324116746406,2.61501919561897,2.60128562220784,2.589565857383,2.57483252001929,2.59577446498381,2.61797199328419,2.64791015590941,2.70074148666173,2.71393006334432,2.67769517262373,2.64649291512847,2.60935165410414,2.60468017426955,2.57871815814837,2.58218708806024,2.58935903971711,2.60903289013142,2.60420504209697,2.6083068392392,2.63337038647933,2.66104389493042,2.63313940558073,2.64113062148346,2.71114106280434,2.76936452921716,2.7590504310339,2.76068990219589,2.77934702699173,2.75734172343603,2.77985270094467,2.74594646501425,2.77754635710986,2.77890491814738,2.76414670210446,2.80047339661073,2.80345902494063,2.80586426262466,2.84731521046711
"19191",1.6538755978269,1.63746709293626,1.62950887574772,1.61865629781761,1.61122893147785,1.60619123000741,1.609242757273,1.6131752363336,1.62590050294705,1.6490579338942,1.6641423080545,1.6954495929428,1.72641012088368,1.76142300133174,1.80336943609175,1.84401090701126,1.89813857453242,1.96821206953025,2.04537401952024,2.10645705994477,2.15366236325677,2.19783146768134,2.24789890222546,2.29501344211805,2.40228649702504,2.49827984492265,2.53003966469215,2.55830593814366,2.61474297666025,2.67207591923561,2.68852872894261,2.76406292356968,2.82326342770053,2.92933256486378,2.96649156936702,2.96969567169732,2.99782453891437,3.03427759969901,3.05815863554211,3.08648406548431
"19271",5.88419980414114,5.8356783692894,5.811210131367,5.76045710292457,5.72442430936229,5.6870429241193,5.67073298327825,5.64926157547778,5.65175205165243,5.69094530688256,5.6930834661053,5.72144178873269,5.71865453104445,5.71996706148326,5.7374181730928,5.72706348235129,5.76764158399228,5.8226913729714,5.88385219478599,5.89697906992795,5.91105815523739,5.93770946705743,5.96998208737093,5.93023678729293,5.97600702799917,6.05750277274704,6.12845469195219,6.12144130539976,6.15497161256013,6.22693815112189,6.21351943893585,6.29060018805934,6.27833888275826,6.38254195448613,6.39741114510826,6.38496196449249,6.44336813369244,6.46312082150944,6.46699109389782,6.52614295636112
"19293",2.93568845789578,2.90861641548508,2.8937512414815,2.86857921601588,2.85123107185785,2.83752892070581,2.83239779207844,2.82621984099323,2.83069714563387,2.84676587320324,2.84390845921774,2.85713182410398,2.85718722579771,2.86055037250692,2.86969467460801,2.86565519879717,2.88036313457616,2.90580638620732,2.93162653135356,2.93303924712443,2.97508799307532,3.10272596449774,3.17851307949903,3.15232470104725,3.13027615236355,3.09803268890526,3.06855507884136,3.02665582314006,3.01122348616274,3.01771625519554,2.99527618540775,3.00526460036606,2.98249445984635,3.01485175177868,3.01602293674598,3.00956333823075,3.03265783367605,3.03624512169961,3.04149700519569,3.07279052482542
"19331",2.66748750214712,2.64360757067772,2.63230773408578,2.60987045985106,2.59153245700975,2.57223819486459,2.56241734245934,2.54857390483604,2.54509512446267,2.55643393131819,2.55165785426297,2.5568439609892,2.55028344534593,2.54663896417529,2.55030597852759,2.53985684561666,2.54610630076383,2.56174786493202,2.57675602398897,2.56828910817839,2.56631463867529,2.57453741886145,2.58062766985489,2.55924875087392,2.56400717368362,2.5900169236713,2.61768784765783,2.60810071176816,2.61261753676184,2.63429740642778,2.61923228465568,2.64005955607362,2.62232691677819,2.65990894474957,2.66242224494771,2.65255746030416,2.67079051632875,2.66972485972089,2.66919811409704,2.69334083328697
"19393",1.98811645411206,1.97066697828534,1.96373823730457,1.95207066805234,1.94264145827982,1.93477276135384,1.93782989281829,1.93448792978466,1.94434500738705,1.97046430314453,1.98306218061655,2.00510393761441,2.02399358898086,2.0368601465957,2.06708222699834,2.08307556853043,2.11388721354895,2.16041824983706,2.20762275579939,2.23189635241095,2.27013988362428,2.34541624539158,2.38259380852969,2.38232156533778,2.42889554611302,2.48505942364469,2.5621849438549,2.69633181989319,2.92909885665785,3.19031746946817,3.37566964428099,3.47806130525669,3.40083226555575,3.28823595819221,3.15244183297071,3.04853497351278,3.00557718408816,2.97352101513357,2.94452711143216,2.93672288528254
"19494",10.9389316656768,10.8737105075703,10.8363033233018,10.7658396114026,10.69662890489,10.6108567917714,10.712334257282,10.795321571263,10.9132063566296,11.100025382718,11.1689962533306,10.9667383665596,10.7863522992217,10.5879845673182,10.4889040394772,10.3504222538577,10.2987485186311,10.2663532361685,10.2724013772283,10.2110642949345,10.1755936621623,10.1882862680781,10.204879217838,10.1018160609717,10.0535179994921,10.1243619086351,10.2249680501467,10.1696873241713,10.1325125124451,10.1522579435644,10.0752027727567,10.1046122346446,9.98589515881944,10.0198182559241,9.98567806266119,9.89828654106357,9.90477221818886,9.83738955096631,9.77879676004799,9.82384098158614
"19511",1.35292107280637,1.34052233145999,1.33286104946482,1.32481578179594,1.32171992839014,1.3223927295879,1.33494930588212,1.34706124808171,1.37298778565989,1.41320026823368,1.44568205306526,1.48012484062851,1.51867175231593,1.54772820193654,1.59048425993379,1.61298429396464,1.65696762515359,1.70857303834147,1.75878662258976,1.78462902186502,1.81075815718429,1.8758449438535,1.90664885471078,1.91154487899913,1.95077358382658,1.99996107177529,2.02383522875468,2.03079775535999,2.06032596041332,2.10607530477405,2.13048186202113,2.18038926572315,2.19212746440573,2.25419924094142,2.27380546175474,2.27541055084873,2.3221351648547,2.35811298486161,2.37871779344075,2.41767559546431
"19531",7.01167802749929,6.97827499216433,6.95749561670146,6.9092982248753,6.8621241293208,6.79852126818732,6.74126299865668,6.66489967729555,6.60213245703383,6.59151690914239,6.55386321204413,6.513403409251,6.47586331303569,6.42665579494502,6.41436888891312,6.36943647150439,6.3579447857954,6.34804536131102,6.35687234435126,6.31767797930898,6.29833761435881,6.31114644033465,6.31292795168927,6.23290115556457,6.19317268861282,6.23377961519183,6.28864971249155,6.24212854472579,6.21310087644632,6.22737197575444,6.1797642022759,6.20189147681986,6.12350557092267,6.15590926545693,6.13542335240777,6.07908125628899,6.0956135186197,6.05968600133149,6.03029210890784,6.06819309333262
"19553",0.74608398155415,0.738728454263999,0.73357402363551,0.729303810558005,0.729970613065462,0.735363048884808,0.754091948528977,0.785581626901459,0.845011788341855,0.908033560536246,0.984464301830901,1.07944658447988,1.18658775620821,1.29073325195691,1.39874347570246,1.48359542788401,1.59644097700674,1.74038313453228,1.84116043346262,1.95150395194514,2.03932196226738,2.17719433252355,2.23248720208127,2.31053434752404,2.45187808327875,2.55197775466262,2.57332072223195,2.66135358605044,2.77895227449207,2.87860907486741,2.98609888112333,3.08465332805496,3.18249993320489,3.30105460947425,3.36908183853064,3.42804733080961,3.53482527971729,3.66783994877025,3.74647034935091,3.81436181208576
"19573",3.36407205490612,3.34253295674606,3.32954722479921,3.30816517675342,3.29086246998158,3.26620592613544,3.25402358079135,3.234720588224,3.22667533545183,3.25729234425079,3.25963288057397,3.26092006291809,3.26307831185399,3.25764881063458,3.28443173835839,3.27564838257622,3.30283489502044,3.33647056300324,3.37861079748372,3.37860559308135,3.39144925677698,3.51546708240113,3.59882854585984,3.56320924524902,3.55350375273319,3.58224952773042,3.58937181594673,3.54683167882969,3.54309037160189,3.57743142197378,3.56676512101615,3.59916567976086,3.54413949685849,3.5627988648876,3.54436607402762,3.50996123407233,3.53184861291423,3.52971976505454,3.53094589262378,3.57623821661138
"19592",6.72411229149851,6.68785170610378,6.6685230879296,6.63384336804858,6.60584792099783,6.56368941832547,6.54358494509777,6.50343485559182,6.48735858092385,6.56299303037984,6.57499308169633,6.64652575553284,6.7266103891235,6.77137799115827,6.88178706767422,6.88666870943362,6.966126764892,7.04114641811865,7.11701930636646,7.09470692694471,7.03159934873558,7.06621569344262,7.08264895846923,6.96509296077729,6.92117784594299,6.99076776688275,7.06220860755339,7.04209259137804,7.07090881917913,7.1582887479724,7.14441210125195,7.21444407786153,7.12098753125641,7.14280097242063,7.08932095319016,7.00761166947097,7.01143628886445,6.96913653921743,6.92539904855193,6.94598246734194
"19611",5.66982272851814,5.64790449567387,5.63762631543026,5.61063851612494,5.58455067343951,5.54409539709817,5.4991695799717,5.43801918985893,5.3884999109898,5.40036306715272,5.37572363374688,5.35468532617236,5.33394874409666,5.30100758369852,5.31041921177512,5.27854018251399,5.28718754048553,5.29060953741482,5.31121148214144,5.28056190979992,5.25446199368147,5.25815248329205,5.26629623141426,5.19503893992044,5.16102484703982,5.20486762018841,5.24864342821532,5.21434021859143,5.19453025990388,5.20564789476203,5.16390667027475,5.183541396214,5.1247978099622,5.15171872777119,5.13648482686388,5.09596543382923,5.12854976448432,5.12131438866179,5.13219400409758,5.21214443581927
"19653",4.27827242966374,4.25186785992888,4.23603027863661,4.21080970689395,4.18827765006442,4.15947185808161,4.14143749860937,4.12045302176368,4.11423709597324,4.15086898364705,4.16816577407818,4.17746487105263,4.19949746675738,4.20294323264763,4.24384398197477,4.24109577189659,4.27534624749078,4.31009962391633,4.35370346199147,4.35320630462573,4.37327090914942,4.44600217570797,4.50762681803404,4.48006952908806,4.49215925909504,4.56194781182104,4.61703232245969,4.60741562026872,4.63297544348928,4.67973282196,4.6949567456626,4.77037605068387,4.749426580783,4.79801886697569,4.79723514831799,4.76519713861757,4.80488887169047,4.8090484375465,4.80307206019184,4.85105583251925
"21211",2.12443995960014,2.10448251218743,2.09455570812192,2.07987108665025,2.06619461988588,2.05359533853989,2.04926712255985,2.04482782823556,2.04944080731106,2.0669280370083,2.07284638574746,2.0916499823806,2.10749571969061,2.12007417224174,2.14540188399111,2.16605301160322,2.20309881995708,2.24825075362146,2.30104483072648,2.34005582277444,2.36808699044093,2.45353647802211,2.52072358849891,2.52504695336724,2.55261110196082,2.58618883077775,2.6010357872521,2.61340824411716,2.65079111526147,2.70565260912221,2.72105526414273,2.77944864992464,2.79466863976758,2.85298288382129,2.86521208764631,2.86233400035516,2.90506366860709,2.94503330518797,2.967247554457,3.00090328969107
"21251",4.5799259902869,4.54344195529525,4.52194475831512,4.48358938058292,4.45292503337104,4.42059482263129,4.40359360941505,4.37932792343564,4.36889768845398,4.38913991826946,4.37929884069147,4.39548133310835,4.39178359920089,4.38629614380489,4.39509216782673,4.38590954312855,4.40730346651256,4.43483836951501,4.46886376641406,4.47074531155069,4.47403277001851,4.46650105646046,4.46691319726604,4.41792690246875,4.42742990301266,4.46789011360903,4.51508171567051,4.5012573253472,4.51378973865696,4.55382315975471,4.5219724136439,4.55077323842645,4.52497080608044,4.5763787887747,4.57188796756143,4.55428107228495,4.5804293207793,4.57745510938803,4.5647714019925,4.59370962936148
"21291",5.5290350852397,5.48305587935776,5.45514259885584,5.40529537750243,5.37293073577989,5.34324528934133,5.33032013465928,5.30840716892247,5.30646902329885,5.32926475303641,5.31799480279193,5.33540943266094,5.32789241748184,5.32440402094101,5.33410141170698,5.32459956467889,5.34923624286327,5.38880866569563,5.43192035816582,5.43202759314763,5.43724185799162,5.45122972709572,5.46947594790818,5.43174692380451,5.46010340969448,5.51786548850235,5.57506567325065,5.56449341613026,5.58903774275633,5.6491964982471,5.63197776850445,5.6876779314946,5.66603235463997,5.75230449271933,5.76169891586289,5.75319041319274,5.79577094771668,5.80163473865576,5.79845364523921,5.84575686952165
"21332",2.91851841018046,2.89209510761439,2.87948115232686,2.85552525426718,2.8405592465326,2.82392018510508,2.81852468754463,2.80488769069938,2.80350538545196,2.82636002579721,2.8277233629102,2.84425628416468,2.84908836348196,2.8601737945434,2.88307450622896,2.88967174328744,2.91954755635062,2.96458979053349,3.01654680694616,3.03530659048204,3.06572936001093,3.12789187865332,3.18245012001717,3.18647344302596,3.23482273408503,3.28898689653867,3.3338770424719,3.33253935561253,3.35565551387481,3.40035619206716,3.40283948678342,3.45360271995128,3.45497288272347,3.53245697793181,3.56055368357309,3.57408182452297,3.63726587835063,3.68969004220671,3.73539808242471,3.80760248526437
"21411",4.15510727998163,4.11646355126584,4.10073116139159,4.06938359763458,4.04378322995242,4.01890534497822,4.01023105093809,3.99189418810743,3.99217808535665,4.01965442618389,4.02002778084169,4.03889659622192,4.04916973251132,4.04523840577043,4.06712110779329,4.06879497596873,4.09061858102235,4.12451288007767,4.16152744217364,4.15680940501403,4.16164414609477,4.19149856448177,4.21815974727667,4.17549842403678,4.17567581145607,4.21910322339326,4.26139972525225,4.2421663930701,4.25005893025421,4.29105929654016,4.27687218928854,4.31421695163391,4.28970325815607,4.35068912501285,4.36168483242705,4.36164531296722,4.40690622540513,4.42028238763912,4.43951282153608,4.50287487488994
"21431",2.54545248148477,2.52053741659936,2.50759148809219,2.48622937324803,2.47188106873295,2.45587116101017,2.45306628193734,2.44337136620044,2.4461163830779,2.45801399063532,2.45813115920232,2.46992496705885,2.47628151100129,2.47417817831928,2.48137520578726,2.47663181893611,2.4880513033883,2.50272150942504,2.51586858105718,2.50370742673873,2.52598926271364,2.51806668012613,2.50862005227578,2.46265738151019,2.44526093642353,2.45394604633507,2.46915833551757,2.45787232582002,2.45746676533657,2.47361909173634,2.46732768071777,2.48973695096854,2.47750175471188,2.50833210305138,2.51094392021622,2.50701940441292,2.52897135674842,2.53254277717893,2.5362958147096,2.56332100162594
"21511",3.16302228608196,3.140196167921,3.12784102379392,3.10663995249705,3.08714166921977,3.06606555689339,3.05812453128693,3.04025974990088,3.03187361390455,3.0595416738322,3.06641342306202,3.07052953306795,3.07262511654626,3.06783431622252,3.08672496713941,3.07972041905267,3.09827625492538,3.12135272627032,3.1536118922819,3.14865790802844,3.16189752466912,3.18901558279928,3.2033299806931,3.16514562562792,3.17186674973038,3.23232470127756,3.28918849403096,3.2791472939012,3.28877924761792,3.33108923855374,3.33023956610376,3.37587481534147,3.34838451644296,3.40367308996233,3.41157239890375,3.39605689199447,3.43522755943924,3.44728988952779,3.45837622782967,3.51491642249762
"21531",3.79782087918265,3.76992605617141,3.75307856056813,3.72722930481443,3.70249088846997,3.67673217483294,3.66607702222686,3.64715910839822,3.63909769798054,3.67124697927513,3.67827113994514,3.69129069845026,3.70577500171842,3.71027209521636,3.73859348696467,3.73925224871063,3.76001475653725,3.78466142238524,3.81819965960105,3.8073121621572,3.80926901823691,3.82555945814483,3.82638160782934,3.76727814960778,3.76163138616368,3.81762198353106,3.86778475428309,3.84431267761553,3.84984416478015,3.89401531164782,3.89104787546343,3.94521044225889,3.9109185102637,3.96308728117438,3.95611613811144,3.92268751888675,3.95317325391768,3.95047444516009,3.94460952322226,3.98923867087528
"21551",0.444609243354225,0.43993402444959,0.436351712190331,0.433688916902286,0.434635204070353,0.439872451435007,0.453238141071971,0.475986969495419,0.515071826568679,0.552354705407283,0.603106116391607,0.671934180525183,0.753666527247669,0.839339711577286,0.927627023352594,1.02527052958712,1.12797748981359,1.26227657345229,1.36719442145346,1.4898701984473,1.5906123845917,1.83841003023681,1.94383629044737,2.05343836304617,2.17726782780306,2.19676191378025,2.11745446828249,2.10269453566944,2.10016864908602,2.10173984519218,2.12699593460081,2.16254750151162,2.20468822314248,2.2652560190988,2.29288362089589,2.31977596300516,2.37300699369783,2.44169640661331,2.47503363219053,2.51053296890186
"21571",1.28815275278083,1.27933157417363,1.2740686684364,1.26683473984523,1.26244350687164,1.25776856865102,1.25837463796096,1.25790384978274,1.26428560441975,1.28572922088351,1.29920294521008,1.3198069450287,1.34659860729139,1.37516985461209,1.42274715832967,1.46329396665143,1.52790912672487,1.61158680684864,1.69157224699534,1.76450277807174,1.83002561676182,1.92807689423286,1.99774164886284,2.05470808351472,2.22366495047588,2.41284039284667,2.52950619749361,2.64819548533816,2.76278007760629,2.83201226473439,2.87745639995331,2.91437448597791,2.91924875423717,2.94373762362913,2.90752414319843,2.85072251030152,2.81990358741873,2.7800247358738,2.72102474437768,2.69458967805167
"21594",4.56634915579957,4.5404043846814,4.5258390439703,4.50171995969611,4.47971867432048,4.4523918394592,4.44616956926293,4.42785707635818,4.42516576469628,4.47787967072365,4.48281367954529,4.48614062975769,4.48594209399895,4.46830081258192,4.48890727337213,4.46576821313692,4.48447953509878,4.50430364295053,4.53732197776316,4.51912790425864,4.51568309100221,4.52711858785912,4.53977183397163,4.47519981022585,4.46747897048549,4.54191646718252,4.59729652383374,4.56230535256936,4.54806285250629,4.56841294617521,4.54412872113783,4.6028019149389,4.59236143953016,4.71369259375328,4.76265493859468,4.7487970298047,4.78161242622856,4.72907461975338,4.66393318678946,4.65258041169349
"21611",4.54751695776757,4.52160450799296,4.50785185007036,4.4833297854741,4.45977041805935,4.42864151795307,4.41042358263465,4.37584158822611,4.35535656355396,4.40310152214323,4.40136908068686,4.40164027469242,4.39883553914479,4.38178191042916,4.40578956088638,4.3860891842025,4.41129811644625,4.4354116161915,4.47674840675761,4.46122468915712,4.45043854475581,4.47702704898432,4.50710059773966,4.44358280164906,4.43739291834133,4.5251126434359,4.60058332721096,4.5779175087179,4.57933482511065,4.61623710883769,4.59621840192766,4.64956640680404,4.60825936705223,4.67435592569591,4.68296766346795,4.66216494756394,4.72483526471507,4.72743062562575,4.72644640919865,4.79191740012721
"23191",3.67605931913344,3.64228505587913,3.62322110919205,3.59311815361749,3.56676749354823,3.54138468667747,3.55868577533433,3.57410480838364,3.60170804643079,3.6337644828207,3.63261997035364,3.60429206695658,3.5723894134478,3.53746087183263,3.5254052561322,3.50607252710326,3.50880025800939,3.51762074163577,3.53414068995777,3.53685566849061,3.61583879285952,3.80869454294123,3.92708395858664,3.90906152274484,3.84526444222593,3.79819045920638,3.75829425393622,3.71242165903191,3.6935743977371,3.71305176730486,3.71226312930633,3.75299106372031,3.73438091427767,3.74783080103526,3.71863723102434,3.68545625253824,3.68608408843615,3.6774392278915,3.66559145274692,3.67983463969239
"23211",0.348587188937669,0.345449332911606,0.34380063352137,0.341343657042414,0.339190922288235,0.337127465382339,0.339514153769753,0.347043651110508,0.364835516265164,0.390244655076263,0.422284898820561,0.468515706538124,0.521840827125765,0.584855563592385,0.648326817517726,0.721432402043463,0.798782790674095,0.891757220594573,0.988193954164653,1.09140419639363,1.16830880944435,1.22699435307261,1.29440610519956,1.37916939961574,1.51353433658579,1.61549627434714,1.6503175209863,1.75380311335368,1.87317808765354,1.95635206414272,2.02718504609193,2.13774683518529,2.23466776582955,2.3266042552335,2.37650614109554,2.40138715586956,2.48529491124704,2.59826991819186,2.65781310147377,2.68640642254308
"23331",4.67050180009448,4.63151624611058,4.61268081290085,4.57207742018677,4.54596547160362,4.51484744763517,4.50232155591805,4.47349980251896,4.46033873968176,4.49064034919321,4.48381687075838,4.49276553578599,4.48230113278499,4.46939616958121,4.47872674680113,4.46332384080834,4.47328052549239,4.4952549227238,4.53042668921913,4.51591166592928,4.52697436803472,4.53976402416381,4.55069555039328,4.50686627772516,4.51603138667491,4.57045894406857,4.62118761261444,4.59520534994892,4.59727846673935,4.63710979706008,4.61420181171243,4.67248178666468,4.68511930046357,4.83071518901902,4.90662293733402,4.93529253496943,4.96038930327651,4.89798647571264,4.83666272219477,4.82930694913836
"23411",6.57829421805762,6.52044326605629,6.49765387445791,6.4484289505529,6.40914018521075,6.36555960071538,6.38693407022037,6.3889339046103,6.4258139925692,6.49759984505716,6.50558134077845,6.46475390315026,6.40844116951627,6.34019239903395,6.31649315501294,6.27453514328928,6.2671712652053,6.27764678695992,6.30065447059734,6.26837284498434,6.25713060223596,6.29593579191889,6.33595867153628,6.26696549088525,6.24847018933437,6.30096599327321,6.35925540547488,6.31901312603848,6.31894928106682,6.38746636671492,6.40162576777832,6.51755223289257,6.51758720988176,6.63406776918712,6.6131730706683,6.53211277299166,6.49346841816719,6.41982909088543,6.3577584342697,6.36026129526008
"23431",4.14463444307112,4.10807329050966,4.09000045787959,4.05964039517185,4.03857820616644,4.01308450213127,4.0087138656974,3.99182032813733,3.99432446875564,4.02549596583663,4.02952096890524,4.05378242195289,4.06917973089904,4.07026835389391,4.09186813180208,4.08999166876087,4.11545390538943,4.14918501104838,4.17831898556398,4.16407395168327,4.18208719149948,4.2288579564945,4.28040223129475,4.24580850849448,4.2494911308607,4.27879925756479,4.29049726153605,4.24267577083712,4.2173477438199,4.22520390607902,4.19642636351187,4.21767166441407,4.18443193925792,4.22502080750392,4.21889365742795,4.20248348041134,4.22795641976197,4.22131917588192,4.21534715039485,4.25247867967111
"23511",0.479488409145603,0.474321261721041,0.470883746214383,0.468065994279269,0.468460771898778,0.472996263702695,0.484836615751779,0.501938603525793,0.530167988733321,0.562459175487799,0.600085125571614,0.640434066984644,0.684545762112866,0.727476222548912,0.768876867040492,0.802289984738542,0.839664013422535,0.887104957449802,0.922960249394604,0.961932761787684,0.99361101715799,1.11423953388383,1.14903550052664,1.1432288187166,1.18680581556989,1.23630198796224,1.26854401822015,1.33439958792965,1.40947321944899,1.47895526886087,1.54975903714703,1.61683643626008,1.67898149469182,1.75570669149368,1.80673129568518,1.8527092544827,1.9192442412665,2.03203668684481,2.12823623039301,2.20133375037955
"23531",2.92660334306974,2.90400968492132,2.88995560585564,2.86903663087191,2.85061072656522,2.83299665812239,2.82671759335533,2.81611765445483,2.81654552432381,2.84769613365097,2.8663000862198,2.88490699725118,2.90499794084907,2.9172002064985,2.94837698999649,2.96095271831499,2.9882096990956,3.02249721279785,3.06270894075341,3.0723917923618,3.10561590688421,3.14538141021331,3.16399608680168,3.12863255829325,3.14805008265619,3.21408975487978,3.26623601141381,3.26824385544628,3.29176038211886,3.34152709610859,3.35493838239693,3.41387704802087,3.40139088901971,3.46751715922334,3.48196543004782,3.47638489648623,3.52867863071749,3.55992593651175,3.58200482624244,3.64808735084132
"23551",5.98562142121272,5.95572636843073,5.93607862761406,5.8985649581004,5.86432052098599,5.8231195699973,5.77378202264009,5.7121870617163,5.65789834445154,5.64097131601081,5.60572537186531,5.57224128963354,5.53852370866678,5.49748720255101,5.48451985098692,5.44954853937042,5.44229201123507,5.43799615624216,5.44989109661417,5.42080706613995,5.39757015401325,5.39630093825513,5.39767698103921,5.32651049284506,5.29865951206096,5.34248251596268,5.38875502094341,5.34661330160659,5.32417450591526,5.33401769863698,5.29391025873877,5.31700274254194,5.26018458097447,5.29674761299142,5.28567148136243,5.24467364050382,5.26062543444848,5.2300044314394,5.19769829994607,5.21687310873836
"23572",0.833456379057953,0.825063411580869,0.818992155312757,0.814101105255434,0.814340686047406,0.82178974878052,0.843589470543266,0.882692608784423,0.951812258926711,1.02043054805179,1.1189879087757,1.22511885769058,1.33259852326767,1.41248797734459,1.47817358706358,1.5379689586863,1.59970489294287,1.67778555145092,1.72812288971325,1.78198546323794,1.84566667366047,1.89549658020045,1.93769873418613,2.00867136848672,2.1499169886811,2.25551555755681,2.29723936505025,2.37510131665768,2.48585208449726,2.58913794419159,2.69667883763189,2.78805983466736,2.8675691831528,2.95755634351375,2.99416921976066,3.02198800235148,3.07082412639773,3.12995450938854,3.14661938036085,3.18223498134921
"23591",2.62036667469228,2.59890057322936,2.5842296845723,2.57052441401505,2.56891912009831,2.58169267572476,2.61038402925137,2.63957305927107,2.68876576496174,2.75384035447087,2.80374479418318,2.86944086915952,2.95658494295205,3.0335424237222,3.14682978567599,3.23829446975063,3.38078422213571,3.55784577901166,3.72352780223824,3.88033475590057,3.9995072229887,4.44350312506611,4.68458250796331,4.80346654940173,4.95712666256433,5.03778177150612,5.02860600152801,5.05974214321692,5.16093617873403,5.2693498607365,5.34451605846431,5.42616578515338,5.47518783238571,5.61014662293823,5.67688404505736,5.82109758673188,6.13309695357808,6.47344185025213,6.69664693153812,6.94705818125702
"23614",6.50159667990026,6.46551423087913,6.44643836124982,6.40894389764411,6.36954050863137,6.32060054428537,6.28276479713122,6.22679102722213,6.18541798011225,6.22877158617343,6.21830548606473,6.21089496090901,6.20256461464852,6.17788726486153,6.20101087118204,6.17542365913684,6.20656887125868,6.23923753893885,6.29949772362004,6.28454951557097,6.27899187824211,6.31937963998362,6.36366835443522,6.27299870758297,6.26369324010935,6.3815962163276,6.48537136001207,6.45762277376053,6.4601308273046,6.51401435395562,6.49788704052244,6.59401015022944,6.55208586754815,6.66332799527811,6.6889759099357,6.66670717493484,6.75054365635822,6.74785798100585,6.73081101629407,6.80689743927303
"23673",2.62599727932632,2.60472667387973,2.59133300477751,2.57818887726742,2.57179595166475,2.56870293311285,2.57641209962599,2.58994039474755,2.6210861715756,2.67642805059179,2.72677603781225,2.82659901078007,2.941281132477,3.00787340622892,3.08556305651682,3.12165454402156,3.19117933956399,3.25524597819263,3.3031556391879,3.32845521095428,3.31753903973251,3.33998563731922,3.32905911662933,3.27243480554533,3.26653097891305,3.30783346410968,3.3496382751869,3.36807280269871,3.40016845272685,3.45507312831621,3.48144063189465,3.54727818122425,3.56422593615843,3.63630943778216,3.66911034597954,3.66966594213162,3.74088374603393,3.7864476677067,3.81654069310845,3.88731228691632
"25311",4.35976006676624,4.32084022620773,4.30274713332739,4.26617004897961,4.24357713666891,4.21922725753025,4.21081924560642,4.19414391358623,4.20416241197576,4.24567091654155,4.26449734561705,4.32242740582698,4.35884584622782,4.39589631724874,4.43662859780874,4.45010100591249,4.49123575792301,4.54652629753477,4.60482126413796,4.61780642870715,4.72624153374958,4.69643399721314,4.68814966430792,4.63013444307538,4.66087751408449,4.70635613775876,4.74508183109803,4.7328016206111,4.75984374434597,4.8222492504545,4.83793851004836,5.02116494970014,5.23669099065097,5.60310348905479,5.78973262007877,5.8096264901633,5.72998941208134,5.54240312327629,5.3828361707409,5.29838827842644
"25351",2.76418722970909,2.74054311099537,2.72869923808414,2.71114245054252,2.70121024046379,2.69137391330135,2.69502811235452,2.68643579298791,2.69752109067282,2.73533097166332,2.75132701413354,2.78150086996959,2.79872225557717,2.8158564224955,2.84976808012755,2.87080138947594,2.90816999107551,2.96720026915543,3.02969135762816,3.06139468113824,3.09535638014704,3.20228787114877,3.28541072957975,3.27596842956417,3.31260046380037,3.36535293653448,3.4153239637402,3.41718927976606,3.45023807558567,3.50683402314487,3.5197783185818,3.57675830949492,3.58342499958076,3.67025121082301,3.7022642821106,3.72175686534216,3.78715284476264,3.84160318001411,3.89076146858041,3.9690523384759
"25371",4.81000629705295,4.76637670164064,4.74435263282522,4.71255857555646,4.69185222350328,4.67385297273246,4.67972798656541,4.66738788156182,4.69403823519835,4.76231740310719,4.80325081993497,4.87349586555396,4.91893296702402,4.95509444002711,5.01726580697106,5.04572281611645,5.10007735399743,5.18413936233154,5.26746054976828,5.2967883370235,5.33658250514788,5.36906438542855,5.41147565157129,5.37131721224981,5.43286931006456,5.53571269562552,5.62605504255959,5.62590522702267,5.66702252116106,5.75026990164445,5.7673098460884,5.87601387449026,5.91278150445989,6.08726915796326,6.15211603626458,6.17254959739151,6.22994633321221,6.21657534845022,6.18886051493835,6.22767145907955
"25431",5.04959362092815,5.00612224034063,4.9860793543797,4.95233549509726,4.92223748872389,4.89061574164888,4.88793418010518,4.87281241644822,4.88453248211986,4.96168897049947,4.99928144898594,5.07192800684933,5.13689788736434,5.18372422071645,5.26018750473909,5.29509121266195,5.36616990830469,5.44947018607286,5.52041776513229,5.53624971759145,5.57536299287079,6.41743299357413,7.03936074715032,7.2487481018699,7.41552494188468,7.396156130893,7.22887507870005,6.96991152422753,6.74308532558334,6.58694142657415,6.42742143303698,6.3613961181433,6.26062389746348,6.27005352378514,6.23987071144061,6.20922844731986,6.23985861429301,6.23317504829972,6.22718514190262,6.2844375633977
"25471",4.96169705356035,4.91909858752255,4.89699263766977,4.86688507756665,4.84424266168219,4.82458973131232,4.8293373795007,4.82036946365609,4.83333828966804,4.90783263771055,4.94643572508443,4.99489408089829,5.0329833573973,5.0588643424889,5.11895933749462,5.13258355315037,5.18731612554764,5.24451411579414,5.30916048424673,5.3231160316223,5.3833906423161,5.44457513802996,5.48932715492227,5.4363331877384,5.47541400423079,5.58514299818215,5.68994949857682,5.70468521209477,5.74208227161522,5.82940461936827,5.85017073858952,5.95295860348738,5.94997916071815,6.07488417186067,6.10526225414819,6.11052680656212,6.20294035393145,6.24606031697186,6.28767911689937,6.39555531562305
"25491",2.818138251709,2.79475182558285,2.78176320771123,2.76240499567018,2.74895736194406,2.73863174923888,2.76232450781796,2.78472976606453,2.81608239788513,2.86571746565443,2.89369132541889,2.8816405427356,2.87172303131654,2.86168826277572,2.86914124794204,2.85715552900217,2.86765703153973,2.88927791599341,2.91530711122783,2.92028260767309,2.92873613770096,2.95511184722679,2.9779349642679,2.95461150262672,2.97408938077237,3.03278654942583,3.08529761851831,3.08305249533361,3.09414048573007,3.13195972383314,3.13669570916559,3.18592616697809,3.17515821278126,3.2343167926998,3.24623089577293,3.24030083056496,3.28208670186749,3.29780559475719,3.31185313282381,3.36499269827232
"25511",4.09021446263772,4.05721294635702,4.03860508184187,4.00821802586216,3.9866206515767,3.96670165805461,3.9576344779425,3.94294919489188,3.94172174980624,3.97408848763019,3.98890243239229,4.0315074706649,4.07970093343941,4.11854510439026,4.17242249832461,4.18086452764509,4.21064790292522,4.25777796666294,4.29087469808371,4.29074754141677,4.26923844698966,4.26681473380899,4.2619275378626,4.20255830479467,4.20658777958561,4.26573228200597,4.31714357700558,4.29794583765634,4.29781563777203,4.33168001089809,4.32292110261627,4.37490510423581,4.34689350869119,4.41047830643852,4.41692216895404,4.39876887357741,4.43936047450621,4.43996769562112,4.43684339694662,4.48806032056272
"25571",4.65071558138984,4.62118224497529,4.60153031815057,4.57115962715147,4.54102967093774,4.50887358687115,4.48779689085909,4.45950258450045,4.4397485763389,4.45745830384844,4.45117896459659,4.44313922450501,4.43745764827272,4.41965908042237,4.42539633692992,4.40774118446175,4.4212764555353,4.43963892191015,4.47184749605909,4.46328752983793,4.45779151391285,4.53149750600794,4.60605674275213,4.5718725946492,4.58977684552032,4.65862765698841,4.69927842165661,4.65687738821481,4.63890016629064,4.65299018885133,4.62509277539412,4.66384532383344,4.62386533651846,4.67382240148822,4.67929490842297,4.67631364520035,4.76073507149905,4.81698336875804,4.87319854089275,4.99717179402092
"25611",2.6695953621895,2.65306898878715,2.64434222910096,2.62930190128884,2.61464019915821,2.597639197695,2.58844018332946,2.572657014014,2.56378323798209,2.588686506192,2.59102644711791,2.60640607682647,2.62446512918619,2.63064651302386,2.65264289229615,2.6487150449758,2.66863745705829,2.68886749735511,2.71404907586717,2.70743479076453,2.70522487256329,2.70110078004561,2.69693429826991,2.6504122134315,2.63814105858845,2.66998227130658,2.69939300422187,2.68566319703366,2.68318500056029,2.69943279755594,2.68975944736082,2.72219882805709,2.70289376367039,2.74111820879095,2.75076312949606,2.74343337158915,2.77771330979713,2.77899410076849,2.77727359641235,2.81354383422232
"25651",1.45897695102279,1.44577605814826,1.43640720911185,1.42860420614402,1.42834080439673,1.4372588306252,1.46063443910465,1.49960969108484,1.56792343778572,1.64832658143171,1.74667489913042,1.84537552230608,1.965350139413,2.03996573657626,2.12450408665514,2.18236352893985,2.26294839549251,2.3539162421492,2.4189712244498,2.48928070066414,2.67670333077869,2.90351229881057,2.96972143672738,2.96639108393884,2.93833000327146,2.94247283038119,2.94178824504244,2.95814279044668,2.98645830199973,3.03662508582503,3.08790048868522,3.14397330381235,3.17343064037553,3.245910060342,3.29914229227399,3.3265491644772,3.40550783997512,3.48388019155141,3.53663003319373,3.61896619757711
"25671",6.16592306985202,6.12685519157293,6.10175949364357,6.06660843772447,6.03529597749561,5.99532519531598,5.96617945740683,5.92717835112972,5.90161307542764,5.93914544422959,5.94069673708153,5.94278156558353,5.95018661235358,5.92946921872901,5.9509206877901,5.92519171642952,5.95794076210645,5.98975586098856,6.03832036605216,6.02375259580956,6.01054640311101,6.03512055899412,6.07463161159537,6.00516050661359,5.99639801103717,6.09245909197692,6.18552839530967,6.17342509014101,6.17596237134259,6.21392215403491,6.18894504345872,6.26416368747487,6.21572705012953,6.28579281630211,6.29448784106343,6.25854790499989,6.32863257490208,6.331094059128,6.32677958782713,6.40171145073989
"25691",7.26295454652505,7.2148061039207,7.18045701653022,7.13589534952523,7.09676902086646,7.04811113195676,7.19400241822049,7.41001636712098,7.679331479599,7.86762871524405,8.02226746350125,7.77773955995862,7.61689198007164,7.42745836078031,7.30906424238257,7.17360201620936,7.1157722531327,7.07319199977501,7.05355941591279,7.00143641158066,6.96283316016328,6.95189057451297,6.97084059344883,6.90011545988823,6.89444401590922,7.02062492437953,7.16424278858095,7.16497982036061,7.14551799039328,7.12987213611771,7.04899767968733,7.05201000537855,6.9616227442888,6.96005516921612,6.92829954047546,6.86763690402586,6.87380019072862,6.83553994329872,6.79204102134565,6.80247885778705
"27231",0.453771201760258,0.448404879385573,0.445930022737013,0.443672591259983,0.444368568581478,0.44796907481285,0.462060932049588,0.487417487997214,0.533462771704974,0.59013191904176,0.657732414640619,0.742734399147755,0.834124582717066,0.934931522416951,1.02846152476307,1.11251461617426,1.22086182692897,1.34008491213156,1.45847037239992,1.59002287108577,1.68208129706485,1.75478847509335,1.83294802465803,1.92657862865698,2.0877582127275,2.20530528482509,2.23176302213684,2.33623974942134,2.4613178078414,2.56048644796278,2.66008097885388,2.76204359781896,2.86485852183989,2.95392217808479,3.00715341664279,3.01588775864929,3.10249896456928,3.22966482187394,3.3134597405214,3.36057146375178
"27251",4.84417209820665,4.80336443091551,4.7800132263718,4.73263925739344,4.69575952154357,4.65725169815531,4.64422036730438,4.61828761173722,4.61128451875182,4.62770561530141,4.62832154707338,4.63418707439221,4.63095330912201,4.63621362310358,4.64279997775833,4.61647390900739,4.63312877918825,4.65162542038976,4.68193261894625,4.67827274380728,4.65864222852589,4.64846782440828,4.6447958858708,4.58612879350423,4.57983615453411,4.6058808401766,4.63704225987774,4.61343262378827,4.61261102969284,4.64803281336226,4.6210007442169,4.64367569765811,4.61700537082916,4.67224970827984,4.66700534420225,4.65213810231776,4.68533184828313,4.69160879234276,4.69557063508121,4.73997620992099
"27274",6.44813518866436,6.39016145278487,6.35714434080079,6.29555254261033,6.25047924764052,6.20369347708187,6.22866083877866,6.24503449823778,6.29187160155776,6.33428838937827,6.36748685664294,6.30948263787938,6.24935616444572,6.1979656565756,6.15231244450077,6.08078236308263,6.05872817462555,6.04973805710324,6.05455324156009,6.02113337149249,6.00046938676129,5.97595272152172,5.95731361554506,5.88109778349637,5.85929041961433,5.87633226111126,5.90450079822556,5.86524032448548,5.84769566785466,5.86858887280842,5.81796234855342,5.81879443058572,5.76400854897052,5.80053387375944,5.77433697343728,5.73990415110141,5.74675297705495,5.72090688955439,5.6978422501569,5.71991365315687
"27291",8.6181271003937,8.55407809768853,8.52517432290667,8.44576416370644,8.38666020409208,8.32437234486259,8.22833902125315,8.12122464900166,8.04902457095925,8.00693488175007,7.95358653008843,7.92144284824636,7.88428597256063,7.83941615886719,7.8136576661566,7.75994195448013,7.74258042612771,7.73303330873904,7.74014872225641,7.6980097632146,7.65250524969923,7.61506376275869,7.58373802119208,7.48727280300353,7.44506812888365,7.45215364509375,7.47503723532527,7.42175964833188,7.3977954727474,7.41537766277562,7.35580476991125,7.34826346425248,7.27569375150001,7.3008035572607,7.25931828928952,7.20810826440272,7.19884886429343,7.15301568721259,7.10825317033703,7.11134505297154
"27311",2.88917228553923,2.86057110457423,2.84816145492035,2.82280821237284,2.80700492015968,2.79347841523768,2.80239107541845,2.80467433383118,2.82326941474853,2.85071483761699,2.86308587269269,2.85923699402231,2.85146961881917,2.84248343349837,2.84363744847659,2.833080355965,2.84328641765652,2.86455257370948,2.89185986161397,2.89777906689168,2.90422406220111,2.91909285925273,2.93925579627463,2.91823676802307,2.94557935533669,2.99580915325399,3.0496344784985,3.06172151365034,3.0951489579945,3.14190452145026,3.14036817100675,3.16638457099146,3.14619605173139,3.18084443759659,3.1766241664896,3.16695938370307,3.19241896786345,3.20074681992824,3.20858088574414,3.24433210243747
"27394",5.25911515317978,5.21091752908751,5.18437148580098,5.14212045862417,5.1043613773396,5.07041091931429,5.05668605897122,5.02052686889174,5.01299185915464,5.03862557749854,5.03509912660346,5.09385832890817,5.14908796470158,5.18611843809534,5.23775043276554,5.25026178357913,5.28020028799151,5.32245834916395,5.36010592259523,5.34418639920451,5.33534221901052,5.25562824434003,5.18949066297584,5.07685832368678,5.03167478885055,5.03149390012688,5.04412341259177,5.0047447644145,4.98479890200944,4.99652154540748,4.96529689756085,4.97722802827429,4.93183825744036,4.96315082406447,4.94871917779578,4.92378875054537,4.93259417490163,4.90710120620302,4.88341528991318,4.90697113009143
"27411",1.58079246726167,1.56786176295571,1.56069227638599,1.54747790064581,1.53420649740398,1.51951449591952,1.50948132683822,1.49262143674056,1.48119598213684,1.4798362918843,1.47007285257815,1.46204145861205,1.45805988866984,1.46312317234502,1.49433557909739,1.54249196380305,1.63085125831433,1.76697398540198,1.9320238114646,2.12764674410584,2.32586454214757,2.50304048053253,2.66660649156235,2.82809486376121,3.11889230814893,3.34762699967133,3.52207303777532,3.75904866188119,4.00516873861854,4.26541926729082,4.51791497379486,4.7059832734501,4.9051826537334,5.08009021910604,5.2251070897874,5.36181532114572,5.56256553044148,5.81704757684819,6.03186133016089,6.13440813174502
"27531",0.499098857592261,0.495078815406165,0.491885332743036,0.488047115076339,0.484273034456803,0.480628526740711,0.491048439859514,0.546974014125324,0.689604656492994,0.873196326724988,1.17233648979037,1.45956837623174,1.75200800687625,2.032067953085,2.26326312797835,2.50154316803213,2.71800785991278,2.95756164450288,3.13715070566224,3.38477254559691,3.53351983806398,3.92425238618708,4.14842880997936,4.38166938638388,4.67234224069036,4.73762204311159,4.67541077856013,4.78530934092826,4.88295745521184,4.96822487308138,5.10721002485382,5.22125047832178,5.36127663024479,5.4703241671124,5.55443948599518,5.61203713355288,5.69298224498396,5.79997526659984,5.84683785823507,5.90165767814281
"27554",4.57993311396235,4.54663978888889,4.52024441834933,4.48950324140433,4.45935099876244,4.43210901653842,4.43802184062062,4.4447048689674,4.46205049112369,4.48935255888571,4.50265326399482,4.4786570945429,4.46370725202305,4.4341516367986,4.42054883202068,4.39187152368517,4.39302312044328,4.40042799057601,4.41958622291151,4.40864100207171,4.40012106212127,4.48545160662842,4.55418691051255,4.50739623674772,4.49654491978091,4.53030840393698,4.55872647610459,4.52426210964735,4.52431332447533,4.57922899014724,4.60828271384556,4.70957789620406,4.69931060022659,4.76075537402297,4.73802035312838,4.66937608546836,4.64347063587867,4.59227593887907,4.54380875242467,4.55004875635836
"27611",1.25484994136006,1.24475423682796,1.23790406311385,1.23060415984264,1.22721733675498,1.22799385411202,1.23689198427478,1.24794438989505,1.27106663454203,1.30409564033764,1.33497791514939,1.37617507018365,1.43492473316923,1.48583849835702,1.5490276781151,1.61217965829567,1.69393000936509,1.79954749501835,1.89633290041778,2.00362948295732,2.07295956174262,2.20142568090599,2.27837415470654,2.3317715479027,2.45112454812204,2.54398170737065,2.5855455454511,2.64460992167541,2.72853536981594,2.81955586708545,2.89680343433426,2.95368524149378,3.01437370320123,3.1142036024054,3.1802315281133,3.23755281566501,3.34259621854215,3.47185192612725,3.54718733540372,3.65395434159016
"27633",2.56967142909881,2.55230735175168,2.54260690218179,2.52857486628737,2.51839964865328,2.50935158117657,2.5084074486622,2.50142630325261,2.50607250992315,2.54288838870141,2.56184322063447,2.58311710902074,2.60916331824392,2.61926383224069,2.64629005842265,2.65123418969583,2.6810985975986,2.71404130669204,2.74931821322179,2.7522400900199,2.7862671098484,2.81586674896313,2.83786123974799,2.80815015047388,2.82385736712946,2.88266367603125,2.92379121507164,2.91264208720467,2.91445643123807,2.93563701498087,2.92734461924351,2.96306937944741,2.9408213473493,2.98201177874712,2.98972721847218,2.97842243000864,3.01608939490724,3.02310720259005,3.02274044313994,3.06782139276748
"27674",1.6161954405889,1.60218671052409,1.59208397305903,1.58177389036705,1.57811877805448,1.58132267249449,1.59391238998416,1.60941036434268,1.63905157180058,1.68543215055552,1.72928194732584,1.77175623500645,1.82426607703622,1.85093873669451,1.89249292547512,1.91280180955228,1.95580453768673,2.00194353926479,2.0397654837736,2.06704521718728,2.08124027791238,2.11722297872565,2.13919576615746,2.13804886208661,2.17373366560487,2.23526483976409,2.27889259708326,2.29250996806969,2.30969731011058,2.35048213811218,2.36817257780379,2.41580944611561,2.42895497896713,2.48547499592958,2.51244760892799,2.5148551418138,2.56677457307387,2.59742398228725,2.60787001962838,2.65956866859909
"27693",3.88472701549606,3.86084497793157,3.84456338920904,3.81875408451728,3.79537026977792,3.76962421593549,3.76698502703282,3.76130142386306,3.76663167395744,3.80975617199138,3.81712451949674,3.79152236844637,3.76526759767817,3.72331240906083,3.7074835883208,3.67073157556216,3.66413059890733,3.65948126994351,3.66759993581791,3.64318727643432,3.62613744042283,3.6252840125833,3.63845919222749,3.58782640461465,3.56681078457643,3.59850701330017,3.63627242661271,3.61794926345258,3.60423486816504,3.60869106662101,3.58225912684965,3.60726701532284,3.56359453300937,3.57606055759,3.56325576298372,3.52864195332867,3.54323422316648,3.52588604657557,3.50881383291355,3.52799157331143
"29231",5.45382748187668,5.41009367446174,5.39240932884561,5.34846464110341,5.30902805257756,5.26346398439235,5.22297001047761,5.1686562950552,5.13216701388399,5.13276095906115,5.10039958864379,5.10114748477733,5.09492295300141,5.07211238485982,5.0716121345084,5.04837502948351,5.0599797882279,5.07186813545589,5.09855876570078,5.08939498423747,5.08149931623393,5.06187237717441,5.03798549392262,4.97359144720847,4.95637731005714,4.97996489896857,5.01634976366301,4.99436379945858,4.99612884105402,5.03651313179714,5.01316782117896,5.04381974758587,5.01533713863092,5.07195184641252,5.0618022452176,5.03444997590778,5.05304202322461,5.04588879763983,5.04091014554251,5.07581727126454
"29251",4.05876048764485,4.02188610130271,4.0037422211,3.96777097309021,3.94441775629881,3.92300759464912,3.97040841257916,4.01352316406231,4.07790366452542,4.14187396002276,4.17828388934345,4.12684399404831,4.08405399050519,4.04176660464181,4.01138084233296,3.96893411991354,3.96452860607057,3.97038909867567,3.98367500793045,3.97213744899488,3.95786971561577,3.95904232124998,3.96921836040833,3.94033171385681,3.958809086373,4.02387978485152,4.0853513765501,4.07565426710458,4.07257110447611,4.10148802923264,4.07752995182279,4.10370472168901,4.08903627608849,4.14808585441031,4.15393829052209,4.14546479266812,4.17478285621902,4.17449128247799,4.17052113437475,4.20191558074277
"29274",1.84522178236311,1.82882410180776,1.82006508126275,1.80303008987061,1.79110252372112,1.77955063860199,1.77223443813935,1.76441822581701,1.76637585766484,1.77296766591432,1.77717358315468,1.782994604583,1.78956846890727,1.79632329901298,1.80519839306087,1.80679819920761,1.82334571349443,1.84973514723206,1.87906419334341,1.89531584923759,1.90688907626965,1.93934708496152,1.9603043044921,1.94837478363431,1.97853625614032,2.01584296470416,2.04247867072534,2.06009480597645,2.08883265294509,2.12703249182862,2.140935437174,2.17960758822994,2.20625171510651,2.26125662826941,2.29307247989625,2.307212303622,2.35698752184042,2.41835586758502,2.4732365248176,2.53138176095325
"29312",1.83549509990106,1.81415877849417,1.8041468640326,1.79114935259425,1.78825624228748,1.7967091805911,1.81304244505922,1.82973908239269,1.86559872035593,1.89917455103354,1.93211546986429,1.96976502584328,2.00678168452351,2.0443912831568,2.08022711672424,2.10257255145083,2.13882222090478,2.19868256999,2.25113034173641,2.29433489360486,2.32000050595499,2.3565285524938,2.39012294150174,2.38900105055865,2.45238852089993,2.50298069521355,2.53629983036325,2.56112896661568,2.60875025665808,2.65904976916805,2.68462567729802,2.73397579821974,2.76695918402026,2.82920300111956,2.86124990703121,2.874970234447,2.92522372299423,2.9686359570003,2.99950441607785,3.04060585295373
"29351",0.852918912904058,0.844814299847771,0.839469130061137,0.831889644127092,0.825912761556697,0.820043715184337,0.81624793933432,0.810622709221233,0.809712939792224,0.809876283489177,0.807510894757816,0.810944980892895,0.817064400770423,0.826862658885342,0.842597776040039,0.859332928701732,0.882801534366156,0.917127712823869,0.952520716368758,0.988534656223938,1.01881337823077,1.06863510233217,1.10156663410801,1.11140788363926,1.15842618322399,1.1916273508875,1.21039885945954,1.23512061890827,1.27401064745245,1.31262600120487,1.3463629807692,1.38639551618224,1.42910452201785,1.47913227628375,1.51585001967073,1.54548543392456,1.60842315627538,1.6972448560868,1.77966559703905,1.84606568171827
"29391",4.32477399299344,4.28363546536601,4.25692906178511,4.2192079144417,4.18628501027975,4.15747379805189,4.14503058985739,4.11632650946013,4.11378995226837,4.1314213900401,4.13217755797502,4.13107349973325,4.12812146744089,4.11986176549768,4.12784552871204,4.12043182058885,4.13314746584768,4.16243731319457,4.19797290564888,4.20314816517149,4.20641337334915,4.24495960228226,4.27567137812675,4.23853323874773,4.26546825888031,4.31428015875323,4.35237083674204,4.3317049004709,4.33891151400989,4.38210779391291,4.37337192964621,4.41481880215635,4.39523358597032,4.4624334184726,4.46914163190424,4.46744803127849,4.51048310544564,4.52236971503348,4.54096493668176,4.59889339192584
"29471",5.21934973803077,5.16954559603499,5.13439704905826,5.09185029798052,5.05404977864104,5.01772476262867,5.09465096625316,5.19636329902629,5.33248030637031,5.44071836879851,5.52799591517392,5.39555800628707,5.30703651966384,5.21460633202082,5.15665120270023,5.09385417013899,5.06001046310113,5.04644439323419,5.04014717639448,5.01486776643941,4.99448593558009,5.08779433191811,5.1693263719365,5.13064219911559,5.10685052043768,5.11648692210021,5.12346966471697,5.06808888362293,5.03347832056314,5.03587725207533,5.00117544225624,5.01693691623994,4.96759880562165,5.00571676319605,4.99151543640638,4.96273391799897,4.98061144573989,4.96023012117743,4.94339082083632,4.98520330264725
"29491",9.30601680075386,9.23603089123531,9.18083716803322,9.10338951090502,9.03323695839018,8.95198330372963,8.85693501629705,8.75631768248936,8.68328668822723,8.64801146230405,8.59970101219235,8.55495929216076,8.51176858707959,8.45749331100835,8.43637726266864,8.38596887799305,8.36605358758613,8.35332295531459,8.35895866309046,8.30819383800357,8.26595980428083,8.25388557134416,8.25249398072843,8.14944868642368,8.10190347011111,8.12735579891412,8.15413760211626,8.08447513136351,8.03132755730865,8.02138512114263,7.95969643210255,7.96617432266371,7.88114881848617,7.9054154653201,7.86843310041506,7.80339407847523,7.79974797007509,7.7478958113969,7.69985923255791,7.72220227892516
"29551",0.539629302138146,0.535311857287298,0.531807233068124,0.528233364565662,0.525207642430218,0.522549364475174,0.523479807845023,0.528222423077233,0.540815915492859,0.556600616467119,0.578873183345353,0.614821063857181,0.667550451339724,0.725938482538843,0.78855252787566,0.859845830664085,0.939383788478579,1.0393754674359,1.1292242835266,1.23709376149919,1.32756158848865,1.43222338987719,1.49527943048797,1.57373433557236,1.7013114835641,1.76615828937587,1.78607170772872,1.8631877699288,1.93606459620593,2.00592760023247,2.09420411983093,2.16177130032353,2.24770834822859,2.32602496465071,2.38130197034644,2.42859545236548,2.4746703909457,2.53753351800409,2.56817065447297,2.60736822697393
"29591",1.77520379625313,1.76360922674439,1.75450841670861,1.74231618435459,1.73242690259796,1.72291540888451,1.72057005162697,1.71826178635164,1.72468245638875,1.74503648649874,1.76042527233694,1.78096114309911,1.809022831897,1.83057726158552,1.86155798379574,1.88601309163749,1.92611256342915,1.97867724075128,2.02936668983254,2.07152017152601,2.10053145398359,2.15358820358359,2.19680544502198,2.21505154424501,2.28336256014861,2.35455555302758,2.40491020627601,2.45363688548876,2.52299787368345,2.60084778943424,2.64757594821844,2.68754653117649,2.69309465103827,2.74735507107385,2.77332127525471,2.79422212894955,2.86984008206344,2.95609294956872,3.01908400109934,3.11478595977566
"29691",4.9150826786627,4.88643462897644,4.86710221095283,4.8359936783953,4.81063384850229,4.78154706832544,4.78408138942474,4.77807546178014,4.78431029082871,4.84782565378197,4.86451925395251,4.84431918847692,4.82685180781011,4.79176504464591,4.79713056388235,4.77520641678269,4.80042266865145,4.83028060353165,4.88094172227228,4.87859870417178,4.88272873207187,4.97185048104902,5.06418821429742,5.01455389222877,5.01073350277796,5.07680974640808,5.14243433866799,5.13373141940269,5.15171761155645,5.21675392170475,5.21239511104672,5.27481591658186,5.19433942708384,5.20483149478093,5.18174247680104,5.1312622144716,5.16979471452485,5.16458495035353,5.15388491740493,5.20813783330655
"29734",3.2684224551905,3.24376679236064,3.22546522827058,3.20595980380735,3.19373273081884,3.18704026760645,3.18656774539409,3.18649245460708,3.20430744384956,3.25229136335719,3.29097551661114,3.36172171126409,3.44294824704945,3.4837301516809,3.54685294011304,3.58938512403404,3.6611433228644,3.73349525277169,3.77892161782708,3.80310079045504,3.80058673723247,3.80252045951806,3.80363785970164,3.77560493533928,3.79777167708099,3.86248524662841,3.91130228764751,3.92314738612288,3.94472029868211,3.99314274151191,4.00784412799593,4.0715700276861,4.07865920558486,4.14732945718362,4.18538656736239,4.1851981229298,4.25139313810534,4.29005484972172,4.30529828311459,4.38229262208813
"31211",1.48052449623625,1.46462776688353,1.45950325612144,1.45095974036415,1.44620712101367,1.44795113835267,1.45988504823453,1.46794782086761,1.48284704871014,1.5002939516426,1.5063329434931,1.52150738926704,1.54207225115373,1.56910877236786,1.60324252928846,1.6450938765475,1.70980696814776,1.79095514427302,1.89063143607827,1.97941308805371,2.05480122430377,2.1288724209335,2.19412586201816,2.27542510949491,2.40832585029443,2.53654697951172,2.56416661498861,2.63257860774786,2.74395977204253,2.82520451920572,2.90060292040594,3.02099004822649,3.13351925618029,3.27898574256414,3.36541350396323,3.37916557836387,3.48899351411083,3.59587052521141,3.68664689453051,3.74507214165854
"31351",2.49938263385911,2.47218147274043,2.4538226445668,2.42965458945012,2.41144178337675,2.39497437172396,2.38452412610062,2.37285450931956,2.37503976206425,2.38202284158429,2.38590125700096,2.42382320735173,2.45920014250984,2.48879023246411,2.5143866564825,2.52647868325508,2.53715833315172,2.56245617457407,2.57919498729823,2.59049971956527,2.60079778663685,2.55572285506364,2.52153651161251,2.47291286684949,2.466812933575,2.47354572104492,2.48085627446719,2.46955803145295,2.47420824528721,2.49273548907338,2.48748980720635,2.50458554120866,2.49665569783056,2.53032629799349,2.53614760898442,2.53919428937247,2.56428863608888,2.57366289944432,2.58358668635081,2.61582690546867
"31371",3.1085549340925,3.07278789209582,3.04890826489324,3.02039963394025,2.99895676822429,2.97921347466166,2.96753300221643,2.95160443112981,2.95144466210863,2.9536853022456,2.9506470013856,2.95085504681929,2.94997016173682,2.94683229626684,2.95156200198105,2.9464732682908,2.94893194257598,2.96518322513327,2.98286792912768,2.99222612213564,2.9901833127159,3.00738285812807,3.01767956330268,2.98951707979924,3.00952193779295,3.03896599771783,3.05732919148814,3.04674348515076,3.06201619570989,3.09314121007348,3.08877265382664,3.11353480526875,3.11181157935783,3.1592253996461,3.16856909023986,3.20753341923439,3.31634834260055,3.4377950305737,3.56054639622093,3.69231696212699
"31391",3.88995013877161,3.84788271641525,3.82078517170171,3.78649025597205,3.75744362621772,3.72773871329558,3.78657529914944,3.84517898067653,3.92905252364013,3.98893470328211,4.03320241452148,3.94147265433931,3.87399914797977,3.81351027749825,3.77488387071532,3.73424123540275,3.71368284181208,3.71143928298413,3.72233178241766,3.72593921473252,3.72108522769675,3.76320877692686,3.79143484235844,3.74238968622264,3.73935294132301,3.76288601428293,3.78226111565654,3.75785507332613,3.75439529509347,3.78647415622153,3.78088094320707,3.80737057509683,3.77835169933574,3.81801550531547,3.81294628465367,3.80109308857763,3.82160479952776,3.82458057571283,3.8356022735505,3.88448138234171
"31414",3.08465675395275,3.05348861624303,3.03556624100398,3.00984092491731,2.98740796916725,2.96239575230726,2.95560722970657,2.94173388333767,2.95222872521865,2.98850754335318,3.02170363975234,3.05997098976333,3.10560599332776,3.15063238988097,3.20614656525228,3.24546047173242,3.30270141758026,3.38061901241384,3.45633620848165,3.53044548549551,3.58477873102717,3.67851121129475,3.7300243741036,3.71191501909326,3.80125121771641,3.89529876517722,3.96950348626415,4.03191313065946,4.13053507732355,4.26006900696735,4.33861611320838,4.45215696881071,4.53226804990011,4.65475096537588,4.71375117415439,4.77429700343879,4.87752661087074,4.96889135929671,5.05925884783775,5.14716855482956
"31432",2.86593896324371,2.8375232606492,2.82109247552993,2.80062065044981,2.78441304562073,2.76728225725763,2.76522261857675,2.75625481833792,2.76658027532564,2.79622074474694,2.81580959104685,2.85147995943672,2.8896093039534,2.92062383462353,2.95636821939567,2.97223791518852,3.00724722604435,3.0497451553022,3.08368463256836,3.10099640707555,3.09997143131372,3.10426753752713,3.10776522620584,3.07601795868717,3.09975083381814,3.14690947957142,3.18426444812453,3.17845678734075,3.18586133857832,3.22048366633783,3.21810032064404,3.25023731709009,3.24520304403608,3.31383166367262,3.33359634367936,3.34122703156384,3.37547459945512,3.37965061843426,3.38012897608275,3.41534806073188
"31474",7.32900716965816,7.26591185179097,7.22033111869178,7.15967932067451,7.10397787416542,7.0424733029744,7.00217234743449,6.94568687841184,6.92269219451306,6.95067662375583,6.9493506578639,6.96154289742005,6.9735469444733,6.96766118749323,6.99329998258434,6.97335649567343,6.99682091329232,7.0267913974156,7.06246782000366,7.0336506423809,7.0005719234568,7.05106326305525,7.0968797677316,7.02360834967664,7.0326389332287,7.10666808176175,7.14420878643639,7.05710261848788,6.99324591071904,6.98669815290805,6.93067355698322,6.94894516335877,6.87585784366031,6.92714592643286,6.91134295346884,6.87063330165464,6.89626951922,6.86837143334423,6.84698101710202,6.91259018773149
"31491",0.693327853193728,0.685391670765685,0.680046904406569,0.67566180934256,0.674885092938322,0.677877732832039,0.685832201354143,0.698620243202189,0.721636063539928,0.742676689882,0.770668657740081,0.808352833296651,0.863627536725243,0.923341202183221,0.98931173750113,1.05783412530861,1.14761016739548,1.24936980353339,1.33320593509341,1.43192700870725,1.51750620591677,1.60265815121681,1.65903994745386,1.75067230119461,1.89474603854098,1.98502658020656,2.02144465184958,2.12622833871273,2.21252443339597,2.29215206362729,2.38372952523905,2.46446213185337,2.58110485436689,2.6769305907348,2.76753908713467,2.82528236476064,2.92603241101184,3.08258738078831,3.20656099155639,3.2959829882867
"31514",2.50243019998569,2.48127691430532,2.4661747348278,2.44674806477675,2.42906773563538,2.40971985877889,2.39528843496473,2.37881564682263,2.37232630673654,2.38013798837095,2.38058258491693,2.38316930037975,2.38880855151194,2.38713547446358,2.39563041605963,2.39055156718759,2.40074737122146,2.41280260643289,2.42956898183203,2.42174423845746,2.41519089198111,2.4422580853566,2.47085269831621,2.46982913952397,2.51209145454239,2.58434973048242,2.64261870327351,2.66061419529368,2.66561505573658,2.65690009439388,2.60122010076804,2.58299505104353,2.54578927828649,2.55633299031134,2.55540862515335,2.5460800881268,2.56385501396023,2.5748935963435,2.59835603586568,2.65246660045094
"31531",1.42638678619452,1.41387426483388,1.40471372327974,1.39450314608794,1.38424486898176,1.37343509654435,1.36776562646481,1.36390001980845,1.36883464228019,1.3842061760825,1.39910550422756,1.42669589441391,1.47391935245908,1.52814446792679,1.60228636102584,1.68187452332984,1.78499199647043,1.90581941958582,2.02489143538517,2.15671797711075,2.28145209711442,2.41682050415318,2.50894577128609,2.63188475879801,2.81737651121215,2.91774927130203,2.93628776134069,3.02666607490146,3.11723301550505,3.21220922697574,3.32084116759969,3.48099515293075,3.679682946873,3.87096031752349,4.00633809924286,4.05011730760871,4.0553847071123,4.03685945184756,3.99266800915888,3.98516143089984
"31591",3.64147547356776,3.6145553507476,3.59096077421542,3.56298934732703,3.54015615470419,3.51755312572185,3.50248932108754,3.48805637164785,3.48562927640417,3.49608027329644,3.49747881030846,3.50865608552546,3.52558825253287,3.53163619563836,3.5445467603661,3.54323305939653,3.55642218435989,3.57731332321463,3.59772539903843,3.59161065747481,3.57326864393074,3.59309076058094,3.60658827885214,3.56642029881056,3.57569416641966,3.61951296184341,3.6566880511688,3.64474363734574,3.64951912027461,3.67583743853758,3.67171004615731,3.71764901588163,3.69982159397857,3.75212791896125,3.76600967582432,3.76838948417644,3.82782823657839,3.86144137245802,3.88151841202781,3.9545016397265
"31611",2.28795327128495,2.27118166373074,2.25773884680042,2.24004774649023,2.22728021759545,2.21496767899283,2.20927176498451,2.20234853680622,2.20209647884574,2.21658314506107,2.22206075945576,2.2315872224765,2.24565124883845,2.25409577477218,2.27018685182522,2.27767706084302,2.29882877406909,2.32514813121777,2.35366089848289,2.36300970867544,2.36828022085331,2.39723434566982,2.42323656270068,2.41372480813688,2.44627131688808,2.4997426040226,2.53602513983493,2.53534144901707,2.54759705280538,2.57533195399541,2.58353555948712,2.6287890357407,2.64216239980995,2.70882844347263,2.73586967372844,2.73266190895295,2.76006772318531,2.77146526262193,2.77446456835628,2.81923123025698
"31651",4.30563411125891,4.27766784120543,4.25828691705297,4.22892717212838,4.20333205339828,4.17828413829053,4.16154113049685,4.14846790143256,4.13384733409791,4.16005600156363,4.16295535381511,4.16911867717781,4.1779929640406,4.16888347326802,4.18334751071381,4.17286870824647,4.19552461022327,4.21979113458536,4.25695632521185,4.24796247617752,4.2429377957167,4.27104039826824,4.30973800686268,4.26083062919725,4.2623685385992,4.3372858251348,4.41339322742836,4.40170904750272,4.40763614143707,4.44310075193486,4.43015042309078,4.48760376464233,4.45003085342067,4.50987402661959,4.51441473581439,4.48973670468873,4.54775676047849,4.54671330209316,4.54151162540649,4.60750934699732
"31673",5.8916301473205,5.85372627975359,5.82742079558982,5.7859602612084,5.75025165342309,5.71436581193647,5.6893087606311,5.66155840448545,5.63614652329182,5.66957612747459,5.66760056215983,5.69651869818852,5.73295545045083,5.74387655463028,5.78398441194426,5.78041434786661,5.82488701031463,5.86626945138032,5.92396745932041,5.91347605037746,5.88618545446085,5.86495644620202,5.85826809127474,5.7552133035316,5.7199683230749,5.77445776691385,5.84168966879722,5.81930713505328,5.81553608413812,5.84828497585629,5.8220986579726,5.88996121057558,5.83248418902977,5.89166761311336,5.88723287171285,5.84369550968283,5.90309582389575,5.8920489838339,5.88154115725902,5.96032639923806
"31711",3.66212584819662,3.63657524946888,3.61714468827501,3.58987691188576,3.57086516160105,3.55563167823321,3.54449059324358,3.52965194717283,3.52351417279902,3.55646840333546,3.56398982047255,3.58748809042445,3.61176210943478,3.62025607819204,3.64798829380914,3.65545246529498,3.69190111176523,3.73178004396825,3.77043015601104,3.77366042730845,3.76004453213026,3.80075292103897,3.84621665441892,3.81113667289402,3.82655202454544,3.89471791749798,3.95475688425159,3.94677898879925,3.94647560108404,3.97302000693427,3.95867058173608,4.01010451240608,3.98067113529058,4.02284220699454,4.02897907819029,4.00465440180154,4.05789418460274,4.06609915683475,4.06518184278772,4.12726393156175
"31731",0.931571398625716,0.922885740147206,0.91586351036827,0.909173203497922,0.906337441616323,0.908750588880518,0.920989513659288,0.95209669784649,1.01398440205983,1.09038830530299,1.1992511794887,1.3273673892102,1.46440128599904,1.5431035418407,1.62390911202058,1.70952809223359,1.79852396975652,1.89259010019725,1.92120551596106,1.99313640264192,2.05641307596208,2.0867333830629,2.0787618501549,2.10686188667175,2.15982471239567,2.19518225852561,2.20278128325514,2.23241647309063,2.2683374807128,2.32233338019792,2.36346851202365,2.41009876156976,2.48712895099273,2.56645569733293,2.62240886071477,2.64501607617767,2.68277068005168,2.72144011438984,2.72267931580982,2.76804224636255
"33231",4.82854668532674,4.78272178444661,4.76056870452459,4.71924312447836,4.68543669250745,4.66180027908235,4.64744966644158,4.62911458401235,4.63154037927534,4.65393072046341,4.64797631918228,4.76318606325806,4.8643558686603,4.94233447143157,5.00122194114499,5.04209330788544,5.10358932492801,5.17780039291649,5.23920882346075,5.25779966051669,5.24825994671392,5.1398979472965,5.06043820714274,4.98467982401182,4.97905289750831,5.05555649106096,5.14437518789222,5.20271543666507,5.28234929512473,5.33796472996816,5.28644735765709,5.25078938549254,5.15973938127573,5.15149996399252,5.09912098483413,5.03384124622993,5.0243842345264,4.99516483801722,4.97039931175819,4.978327309629
"33291",0.544559924109567,0.537756553716443,0.533966568332036,0.529584335851474,0.528616309502685,0.531112325958377,0.541093567007332,0.560382930943366,0.598735270732311,0.640172258873585,0.692870581497423,0.759589787153187,0.841796509410483,0.932985997887293,1.01664894014197,1.1033991006981,1.18824923527231,1.31196626951658,1.41931827194194,1.55884632124452,1.64255243072321,1.73087955424077,1.80534605997291,1.91007975606637,2.0899229524758,2.19497020177129,2.21312122429139,2.27259076616333,2.34564686014734,2.37977772367764,2.41428380338488,2.45248776973666,2.53082378770355,2.57454969788612,2.61566053800879,2.60730436267898,2.63899494204633,2.66979003857205,2.68117616939635,2.67226047059757
"33312",3.3803941480482,3.34273444147887,3.31595755682938,3.27922944408939,3.25120376479856,3.2268277146847,3.20715629921329,3.18926570294963,3.18764389841683,3.18451729047118,3.17666602201758,3.17335790136225,3.17713034932124,3.17837649616075,3.18354136630276,3.18376979246727,3.1916991131849,3.21472821004755,3.23513282381742,3.25394598746989,3.25477274889335,3.29141575390976,3.30998076423521,3.29096958522926,3.31045352032392,3.32959320330897,3.33374873135607,3.32209514526483,3.33983948794289,3.37452915815477,3.37717553450524,3.40005463118035,3.40142782674773,3.44176529542505,3.4472128207242,3.43381376282696,3.45576155166701,3.47088383387595,3.48501306756602,3.50972673017633
"33331",1.48312009108077,1.46397442885295,1.45323461837671,1.44099307531861,1.43685786144945,1.43971691949772,1.4475643700556,1.4597319428691,1.48940466005397,1.51249626054957,1.542937683868,1.57958676355524,1.62967114010756,1.69100726067209,1.75348334534936,1.81928992988923,1.89101365248532,1.99372273207271,2.07962636000339,2.18972611134789,2.26153327576484,2.45512407639586,2.56732988339218,2.63803002533869,2.74686160874904,2.76084533956872,2.73680487737235,2.7710681477841,2.84181462653569,2.90289351617108,2.95992405165162,3.02562654555097,3.11594232860087,3.1998766650086,3.26501822301573,3.30668594675342,3.3785970137678,3.46617415518727,3.53846202763013,3.59137213416244
"33371",8.80810733794232,8.71720305898506,8.65160757995661,8.56689814687015,8.50004242548175,8.43237570527188,8.34773617667956,8.26395656293285,8.20406294193545,8.15736110210251,8.1030327366919,8.04688541070724,7.99102404780398,7.92947625769882,7.88642257722127,7.82568922149618,7.78302843909316,7.7520292228681,7.73636217021081,7.69767321298077,7.66523073485108,7.67861439159963,7.69923551176833,7.62366855407835,7.59142335775335,7.5843519995053,7.565132673522,7.48296880586904,7.43012875818346,7.41514060891632,7.3590009097127,7.3520100924523,7.28491135731725,7.29717371842345,7.25380893572688,7.20005280375265,7.17763662001774,7.12516139224956,7.07468146591002,7.06860106486108
"33391",5.79442982733944,5.72572718586404,5.68144352326835,5.63119840525549,5.59609525899934,5.56437028508767,5.55330140800794,5.5325205493972,5.54378838680268,5.57448756528358,5.60400791410191,5.68001615711654,5.7555116994555,5.81765497417766,5.88294203589834,5.90887010406747,5.94210351865246,5.99614671217769,6.04298330435296,6.092599647194,6.05009443710946,6.02493322479663,6.00546633645794,5.91265412513814,5.92417771003596,5.96009282247977,5.9792812346094,5.94129700498171,5.94082879428345,5.98417287268017,5.97065707537351,6.01204584182848,5.99177930550415,6.07623792027927,6.08860077179353,6.08200084411612,6.1188675531755,6.11540306960218,6.11401285884251,6.17053531085452
"33431",0.382113833050651,0.378408403114662,0.375997843372636,0.372868455917649,0.370092236189868,0.366823807243796,0.369775836336874,0.382777717446011,0.422380320058959,0.47636234986269,0.564101259741488,0.644496390355463,0.730341564761436,0.812659112142924,0.87466587218089,0.93183820964582,0.994767966644388,1.06665437556991,1.10655989504134,1.17748465022574,1.22168268632939,1.27684979504872,1.31944000156648,1.37811269144361,1.49566130826918,1.55716654254275,1.59548971246725,1.68780314736158,1.79274419558684,1.90038061641913,2.00006334156287,2.07571871975279,2.19831881005359,2.30204094237239,2.36894719539774,2.43970835682534,2.50436570720395,2.59843534991646,2.66573562980132,2.69823959328071
"33452",14.8992775779974,14.7586377810794,14.6606611955478,14.55332849285,14.4630907786857,14.3556981677975,14.3095725448126,14.2217066559978,14.2236069888138,14.3023799417077,14.3249702091783,14.3634017676598,14.4039046667943,14.4098427697104,14.4771270008963,14.4544879003895,14.5396526915457,14.6390697533387,14.7482770612279,14.7455091421601,14.7670560590324,15.2764123450011,15.6810239099484,15.7245018610648,15.9760241804144,16.1988900363286,16.2290156838841,15.9698516532822,15.7458068574989,15.6469451559103,15.4567558833739,15.4411556796143,15.272939610748,15.3754768854592,15.3369643609367,15.2599827312203,15.3080438481778,15.2467478597579,15.1824481654185,15.2948267578849
"33551",4.85676748431237,4.81190918641242,4.77631973304197,4.74219253001728,4.7112437928133,4.67658264813318,4.65130557069269,4.6331766929018,4.62587980080989,4.62609798272776,4.61923003635764,4.64449447059707,4.68285417930679,4.7028904050529,4.73483107618236,4.7386122440038,4.75684293999245,4.78398930468725,4.80773010932502,4.79255220843104,4.81740498279987,4.91743521290013,4.95506111079407,4.88180399875199,4.82884944035435,4.79792104492975,4.77291725546926,4.71376160206701,4.67293002926341,4.67137833136526,4.64689583539947,4.66172681488714,4.61304927054613,4.62627160303119,4.61318829729601,4.58591267874729,4.59926433590863,4.58292451428491,4.56452085757122,4.59402594043956
"33691",4.4857379578872,4.45696956694229,4.4366127430029,4.40383940543121,4.37968680008249,4.3549773496859,4.35458734012533,4.35057303478582,4.35328268922904,4.39810619993405,4.41036429463052,4.40078378213592,4.39551052232624,4.37052010996216,4.36698149911587,4.34213863493066,4.35187812927933,4.36407235237514,4.3913918304027,4.37379579582074,4.35615500567269,4.3743030687967,4.40790273067146,4.35048022951942,4.33703390108344,4.38853696275633,4.44681930219595,4.43221464675133,4.42912614106459,4.44965627131626,4.42430886190228,4.47541848464424,4.43762075231576,4.48598658955853,4.48578289080473,4.44962634599938,4.49494802925755,4.48623801816768,4.47541810981763,4.53040975364708
"33751",2.68567286630802,2.66449922613039,2.65040688302698,2.63268624900969,2.61846149303135,2.60769093910995,2.59757451394813,2.58909520175227,2.5879408709493,2.60591161829747,2.61770552801983,2.63713526999013,2.65894157268086,2.66781953377828,2.68922070328079,2.69711575278659,2.72830787161032,2.76020499199011,2.78588198991138,2.79296600053209,2.78828675075088,2.80598925287971,2.8272009063843,2.81152113227205,2.8280759797057,2.88117476034071,2.925902822649,2.92997121565913,2.94003239642079,2.97268198891286,2.9807018739602,3.03149768033835,3.03052600372794,3.07503281345958,3.09580722955677,3.08950566359306,3.13877268127033,3.16820020400101,3.18904610578761,3.25865117568552
"33771",0.651874979260778,0.647154682346541,0.643856504433167,0.639199538238903,0.634856243048847,0.630878508601141,0.630612865547754,0.637642751260514,0.65745926005112,0.688888844777054,0.734151735269133,0.787873153377007,0.844909041569391,0.888198453809505,0.93782243971193,0.985085008706128,1.04510214088722,1.10283891968118,1.13383581352169,1.18436307945984,1.23430335750045,1.37227477645954,1.4012227597744,1.42526662306215,1.48994610494815,1.57555157968743,1.6654735824497,1.81122721436947,1.98410138075721,2.19656280864878,2.42285179610336,2.57853132322256,2.85086168985824,3.09392322154336,3.33059715795983,3.54560075388379,3.74286546439063,4.01347028136758,4.2200973502618,4.41036559317194
"35234",0.251231490802785,0.248776106590501,0.247452924985553,0.244943055763077,0.242837399954926,0.241338972419387,0.241532104464862,0.243354125687912,0.248782501333471,0.255754073223689,0.265029957178291,0.2821141833068,0.30383469348113,0.333482663136148,0.362852462982539,0.398915772284451,0.43653831531538,0.490204015022166,0.539308541403221,0.595315514479849,0.637152900617558,0.67693612176801,0.702017691889884,0.748258346423891,0.819448839748971,0.864619274447633,0.865187309462429,0.897931531844447,0.947956928901868,0.978599627425524,1.02365025154532,1.0804539435264,1.15130979827319,1.21427283394755,1.27073297302453,1.28011215264122,1.33217757479805,1.38457196867664,1.42763056290195,1.44349483920128
"35331",7.56938019395675,7.4986337891227,7.44955237975237,7.37041619191982,7.30857303481708,7.24955371361435,7.15548868136089,7.05018764621665,6.98377060271684,6.92371541134226,6.86051000602958,6.80059497883203,6.75256003991078,6.6958476787291,6.65384860924042,6.60769698369868,6.57429111258606,6.54769351217903,6.5324483477796,6.49706904101675,6.45957972416487,6.4357738177135,6.41493047239126,6.34895562288729,6.31957064179191,6.31778452576159,6.3196034745268,6.26861843335857,6.23841967193021,6.23373949320348,6.18543633406489,6.17876683763889,6.12923042833354,6.14842684301861,6.12022045732089,6.08266083800211,6.07159870301632,6.03463014911072,5.99937405755224,6.00089111446685
"35351",1.18751141931599,1.17353549700287,1.16438680624698,1.15247772088694,1.14308534820572,1.13568145132018,1.15126220963252,1.17015924753631,1.19676988547362,1.21136392006981,1.22347573679658,1.19827167238567,1.18520649607885,1.17669057534984,1.17652956163394,1.17982514705762,1.1907385406925,1.21426322798566,1.24106164128503,1.27436737594686,1.3055857797581,1.3526855410624,1.39277514342215,1.42426961242444,1.49147515641823,1.55016871863756,1.59165265625962,1.6339680781596,1.67605827162986,1.70300924478704,1.72102596308904,1.75171860819906,1.78896677146663,1.83238580280909,1.85587189682547,1.87671114620421,1.91342286251143,1.9525859639638,1.98479064453323,2.01618149232789
"35372",6.34870498596744,6.28296440721131,6.23491087009104,6.17159809784655,6.12403664982051,6.08142155333386,6.01946147865831,5.9653272604593,5.93047161674834,5.89598053632841,5.86031675136401,5.82507499193486,5.79291680475824,5.75852396320886,5.73087179228054,5.69049796908975,5.65992508620938,5.64199253801197,5.62867871557031,5.5999861451806,5.57527270049759,5.55681792092456,5.53599960620836,5.47585886755662,5.46016818411253,5.46435120663224,5.45793672867383,5.40603855816336,5.37527673253042,5.36728672824443,5.32675351691291,5.32112676893702,5.28756620716603,5.32996824703536,5.34099664161438,5.34922433678651,5.38394310385713,5.3836375967491,5.37508842928785,5.39974513385409
"35393",3.15624848494319,3.12051496722497,3.09657287822398,3.06736876161849,3.04653420360205,3.02709531607122,3.00977646497453,2.99233386502265,2.99578352844164,3.00306938462536,3.01061448593689,3.03389886240219,3.05827888042562,3.08067923950677,3.1023790511625,3.1043817769169,3.11250782911231,3.13222337198003,3.14737754730614,3.1569248005383,3.12173982227639,3.10965871881432,3.09617505233978,3.05568465329283,3.06011211422725,3.07424387597854,3.07916443104068,3.06739961556656,3.09185935811133,3.15730844112508,3.21151871128523,3.30198812024793,3.35888672562662,3.4342168186547,3.41751628661315,3.35473704133953,3.29305159370705,3.23115394610554,3.17984442368349,3.16006536696963
"35411",1.14841302658175,1.13409466781046,1.12503889444458,1.11621876584791,1.1111218017769,1.11035473587379,1.1138725727543,1.12005914366657,1.14275614691398,1.165716304586,1.19476551004403,1.22545196821378,1.26447414805548,1.3070079664013,1.34990022962236,1.38653457607641,1.43039784140105,1.48926408303801,1.53838145906273,1.60826461694117,1.64526838389833,1.70476821499913,1.74660845803954,1.77941058525526,1.88732906799972,1.95582572267977,1.97334920282609,2.00108554969368,2.02809182408448,2.06351324250405,2.09170819967406,2.12762560112754,2.18468127641055,2.24359334580018,2.27240344891656,2.30687517277283,2.3503190197475,2.39381990849722,2.41850644777747,2.44359286449138
"35491",1.20161265508955,1.19089908999591,1.18325887974288,1.17455402753086,1.1656900807706,1.15607429364736,1.14937937116429,1.14050177712472,1.1367214649697,1.13931228067095,1.13687191846344,1.14109326451393,1.15610318231481,1.18093640767622,1.22498043565784,1.27666863184003,1.3611508188929,1.46986914300233,1.58044755046915,1.7122529614951,1.84734793649895,2.00874697575067,2.09912336377965,2.1869809367541,2.3480592794261,2.46159299462961,2.52455162447422,2.65470980140574,2.7746794529341,2.89199776808373,3.02124187936422,3.1299186672555,3.26241797577863,3.37022720532529,3.43727928783594,3.49717226649879,3.56415505338509,3.66141816827413,3.73194203277371,3.7999050960243
"35511",4.56922472304044,4.52854272719579,4.50216747630884,4.47318938820182,4.44360387939942,4.4138535393578,4.39322304448326,4.36789604417389,4.3629453476315,4.38284598493421,4.38548355144806,4.40245779391646,4.42936109328532,4.44234138313244,4.46756704923303,4.46405749723358,4.49198228830027,4.5232312701861,4.55595261918656,4.54393780814318,4.52903024277683,4.54017272917806,4.55144721437664,4.55591011504013,4.71547687075696,4.97272030203077,5.16523192905291,5.21511314862727,5.17482952467375,5.08333186343902,4.96731475713074,4.92542167188423,4.84867976757568,4.85496556027742,4.83074146319916,4.79461283552592,4.79517429489425,4.76825157607093,4.74257183852365,4.77028246706584
"35531",5.88766931561923,5.83321204697082,5.79585198980334,5.75598845459623,5.71420253115841,5.67738630194633,5.6469619278864,5.62113195272089,5.61573909878675,5.62598497075104,5.62349689291167,5.64209544059917,5.67033446816258,5.68384048485326,5.70863251135835,5.69717312906892,5.72052803666786,5.75295271223084,5.7823182151415,5.76503439214757,5.74816236363297,5.76218854017973,5.77228884902674,5.72493384789911,5.75700679232665,5.82998124251708,5.8745211744994,5.82906412813873,5.80601629952027,5.81837964547772,5.7961692473707,5.87222030154354,5.88763912998998,6.0327722594538,6.0955637718545,6.08493299651371,6.10135752418123,6.03942089095032,5.96151425683698,5.95615308768394
"35591",5.29034417456258,5.24653986949528,5.21725970566201,5.18266746471404,5.14858991329787,5.11349304839494,5.0874280232453,5.05433284822152,5.03801188264251,5.05564329759717,5.04686024199023,5.04671371113628,5.04400160666628,5.04049738684602,5.05413871347098,5.04378189966682,5.07058305219966,5.09577082514383,5.14218244761533,5.13354021653586,5.12931691931679,5.16521628846258,5.22058204542391,5.21475765396921,5.32405267176419,5.51451444040116,5.66222627619734,5.64362066746927,5.59078182738398,5.53882173513146,5.43476342946684,5.415971401907,5.33843870164789,5.36646486035731,5.35854385325828,5.31825353875625,5.32999110337209,5.29482761461876,5.25890087634287,5.28576439664575
"35691",6.27584109313264,6.22864724100026,6.19554453143759,6.14975218934605,6.11735716499122,6.08708099004297,6.0677878717737,6.04508772499128,6.01717681872716,6.04534041233149,6.04458811889341,6.10257394076053,6.17351067930497,6.20563526050728,6.24829336537637,6.24653036093508,6.2800878561423,6.30760728329514,6.34444564439889,6.31652971708522,6.27490996330433,6.23260245732432,6.21908195539494,6.11699277957128,6.07549777732118,6.1137006881032,6.17341921363808,6.15021677267081,6.14312243006512,6.16208118063097,6.12740616274997,6.18134315254523,6.12571517223621,6.17244709405111,6.16287651012427,6.11529411392257,6.16643334232329,6.14740273687079,6.1283043088799,6.19247637971295
"35732",5.13878011899566,5.10678829339533,5.08246878831141,5.04305284144978,5.01115558659891,4.98102859897509,4.93853349277447,4.8885332591268,4.84069886556617,4.82888797199223,4.80158464134461,4.78042568198167,4.76311643840676,4.74190613994522,4.73499067210954,4.71350154797834,4.71877890413303,4.72993434228008,4.7613078437281,4.74193254607928,4.73297677755629,4.75534499657011,4.79877601615699,4.74411192636857,4.72869847948493,4.77879061941315,4.83190240127707,4.80942651460569,4.80088624895437,4.81894389011696,4.79741294442272,4.85624449650177,4.81963481465654,4.86562070698125,4.86982850509848,4.83637016639906,4.88775294428454,4.88974507701472,4.88826177275097,4.96227011513482
"35751",0.0728351712684044,0.0722868894683201,0.0719099309177175,0.0713506964402548,0.0708827650839807,0.0704665442090082,0.0700114632239295,0.0695210009552049,0.0691441899232784,0.0692686269750829,0.0691658062624206,0.085592213103776,0.142644266548122,0.23190289669579,0.348007738109293,0.490153821871832,0.65923086799462,0.844433923045502,0.993493902412218,1.22886930627918,1.44582315912728,1.64401270910641,1.75158132197843,1.96569566708421,2.17068024224153,2.28927018979656,2.33791469153723,2.48989096033068,2.64240493585167,2.82906075361427,3.02067716549614,3.08485976167808,3.31335109092748,3.46933013285376,3.61900272659258,3.74895467420677,3.86582090929906,4.04136170742316,4.15521034749302,4.26124613378828
"35774",3.57322441408828,3.54243217629783,3.52199549527552,3.49671931726566,3.47997310591613,3.47092751981973,3.46347642779524,3.46612787965808,3.4855033434443,3.5273149600529,3.57476941688382,3.66728688646539,3.75441035623041,3.81777484546309,3.89311331848581,3.93874996508696,4.02590437770687,4.10167377233577,4.14409772295481,4.17780456661524,4.39603448333019,4.42966537844504,4.42825276924102,4.39075288417483,4.37032158452484,4.37513110807801,4.37272916723789,4.35986108417942,4.36613141863956,4.41036501447066,4.51843421429924,4.79583641803285,5.08867655797311,5.41557324199706,5.56003623978846,5.48600576139017,5.38232431123102,5.20284628844571,5.04218116821081,4.97355723469478
"35792",0.0439910001717484,0.0436357159419497,0.0433807774576979,0.0430277999844124,0.0427335037698086,0.04247591460197,0.0424883524657035,0.0431217707961072,0.0448010251620597,0.0472752452329876,0.0509752916508392,0.0634700710430449,0.0864187868341675,0.116060479691767,0.153958232485571,0.197403518573957,0.251311319747807,0.308590670752348,0.352128325420659,0.418793874331014,0.490248943249808,0.5745221067569,0.637885256735463,0.746385337070855,0.848433644283769,0.912933074729809,0.956148483207139,1.04789312995938,1.16005443951439,1.30696445015965,1.48432274602623,1.58746252285334,1.80634835685212,1.97486496221942,2.12931310201133,2.26549701336681,2.37997286992419,2.53547984969636,2.65522783952476,2.74359501987093
"37254",0.785396287582337,0.776752130310225,0.770895221233514,0.764081076034859,0.761727989328567,0.763114020933502,0.766872530948955,0.772295985171755,0.783071879372709,0.79459472493383,0.80669571678807,0.82109069027206,0.836462856000899,0.85181982422764,0.862132227240359,0.870584613451923,0.878946898479299,0.896847648414842,0.910553426412989,0.925578197388382,0.931253195222219,0.939684132562277,0.94384072530109,0.962012184045645,1.00502557997198,1.03379213236747,1.04507948350413,1.07168778452864,1.1112427389916,1.14280632498572,1.17780640067345,1.22265504185045,1.27430859387102,1.32697903679954,1.36919858107908,1.36702509694944,1.39535756519518,1.42359050054791,1.44257878882697,1.44955686316779
"37274",9.53291005563519,9.46446682925614,9.40541493006352,9.310171826667,9.23614176679675,9.16460023986215,9.03862894565508,8.90826358838144,8.80696124974135,8.72217999952348,8.63152782208647,8.55915209063279,8.488407837357,8.41462522697708,8.34756921147637,8.2732906538044,8.21293072572545,8.16392590391627,8.12202126442866,8.06357381649324,8.00370321049798,7.94718701578699,7.88709676524381,7.80636693702642,7.76053868839347,7.73134205442867,7.7063019954237,7.64427138395662,7.59766942609155,7.5691767596487,7.50495077845636,7.47581464062909,7.42452577081218,7.44590118604591,7.43529930002501,7.40437601111497,7.385616376925,7.32815947376775,7.26248638169722,7.2135591690417
"37333",4.23751230459107,4.19172953150562,4.15983008966845,4.11518389916718,4.07762723849911,4.05351873885019,4.03272113810854,4.00829596586974,4.01216584420532,4.01507656526445,4.01538260769542,4.01939885103167,4.03643973578094,4.03544741272096,4.03973434380068,4.03619736172064,4.0398322974806,4.0528135416625,4.06996752589825,4.08912982924992,4.07624632170768,4.08060490216984,4.0773521107953,4.05949536609331,4.09012158190777,4.10742556009652,4.10782039326513,4.09240996943063,4.10354383921031,4.12534485554852,4.11167152618245,4.13816506907088,4.14083318910836,4.1906673952005,4.19210871393773,4.18642170140995,4.20545126321623,4.21004979501922,4.20549975537692,4.22696848952057
"37371",4.02829578927673,3.98058933798839,3.95086879522899,3.91453707069068,3.88709155016273,3.8773271351107,3.88782363285999,3.90218611470678,3.93855780391022,3.95151223377232,3.96086863239124,3.93808927817933,3.9240310592547,3.91051805908483,3.89838275490831,3.88033161513787,3.8727775158436,3.887070534834,3.8995058327883,3.90910266278386,3.90970070966596,3.929463385532,3.94303742885982,3.93368891847682,3.98404162871423,4.02289670840468,4.03894504917395,4.03543294649932,4.05929704400759,4.10146739799565,4.10567988805182,4.1452980308559,4.17619086692892,4.26453556547851,4.29800358672431,4.31010135291292,4.34370085135766,4.34781113709873,4.33369759399628,4.35505484176629
"37391",2.50584812095589,2.47861209043488,2.45954746286317,2.43420880341763,2.41376294495497,2.39928248426928,2.3886395658795,2.38390365288326,2.39729992132851,2.41054641731455,2.42771166844232,2.44559187676701,2.46626729759211,2.48846051387081,2.50900001306027,2.52168686820734,2.54423426168077,2.57645098378037,2.60294282742545,2.63452267500842,2.64979332289033,2.68402648360043,2.71088007848511,2.72337780339594,2.78959027911011,2.83686972130186,2.85155362279855,2.86851367754535,2.90425129085118,2.95300098826071,2.97802681377315,3.02130986059651,3.06623654441364,3.13401270381997,3.16346298388247,3.19203684878576,3.24232042981583,3.28348976458516,3.31200978700561,3.35591135312279
"37414",3.29953506725131,3.26440445042666,3.23957125624304,3.20834286069717,3.18250513281986,3.16467705518863,3.16723139955496,3.17231421965436,3.19739211826474,3.21282452578068,3.22390952316512,3.2363379407816,3.25125121818418,3.26041880851596,3.26762050996654,3.26089514030085,3.26586660027933,3.27529740308678,3.28068558647894,3.2824307098778,3.23507340529542,3.21251965078481,3.19484696912565,3.15401883031262,3.16495659590014,3.20007833715817,3.21504102040965,3.18306572780838,3.16587091502675,3.1704095754757,3.15472969268336,3.16626440202535,3.15491711451435,3.18672286613435,3.1948520507805,3.19759014230836,3.20909332401627,3.19820495711316,3.18545547789026,3.20102609915759
"37451",3.81405726151357,3.77305178301123,3.74482735332917,3.71332272551135,3.68259724006536,3.65266165666969,3.63546866161288,3.6202935976871,3.62792253495025,3.62980958845109,3.63015914801043,3.64732642232301,3.6707052662152,3.68420783582548,3.70109590566543,3.70060431345129,3.71465005631609,3.73246613800841,3.74228320491194,3.73586867739351,3.741848941854,3.73575129623175,3.71695822494122,3.65747147126069,3.64858571458435,3.65798688620142,3.66048235883205,3.63888696338718,3.63303803013946,3.64358721834854,3.627689027916,3.64508861352265,3.62681868136487,3.66499911640353,3.66184843373638,3.64980072669622,3.66411308390468,3.65673108524054,3.6492830408791,3.68052594266502
"37472",2.11771605462799,2.09416096847021,2.07882944751102,2.0624919792798,2.04796202091522,2.03503341034016,2.0340130686357,2.03684180152756,2.06204101575986,2.08635643457808,2.1158447164125,2.14980231001441,2.18961208398847,2.22245790230611,2.25527469228434,2.27438163924286,2.30537849041432,2.34250354015441,2.36463668369693,2.37857214387102,2.39213727570652,2.40956429741653,2.41778664700625,2.40638684414822,2.44967399023962,2.4880324722493,2.49898387125854,2.50284570679199,2.51669302351716,2.53933949123675,2.54688682827693,2.58071410112821,2.61046711021423,2.683365869203,2.70995307996116,2.72164552620003,2.74059875248781,2.73998869154432,2.72835726507041,2.74984369058996
"37491",3.20927220731428,3.17885630657727,3.15829585989039,3.13478844492015,3.10990058213016,3.08441140026841,3.08240706824892,3.07799310054391,3.08995276516205,3.10845869188839,3.11716621280876,3.11589598654664,3.12036017834058,3.11654018672347,3.11743936966733,3.10205543408528,3.10419660068569,3.1078856837605,3.11551443500901,3.09889600137021,3.10240815196421,3.13201661101197,3.15317857820121,3.11407575892602,3.09795517495395,3.09513858488551,3.09234384835509,3.06138753369813,3.04456259563376,3.04646773350587,3.03006449660687,3.04407106324985,3.01941153290794,3.04325875763303,3.04084318962681,3.02630802421481,3.0383807021594,3.02815411632989,3.02142046865244,3.05221941751947
"37531",4.78368941558746,4.73922703477862,4.71344016023737,4.68398993227054,4.65490591038569,4.63170681205719,4.61695811015742,4.60407250625587,4.61076714428919,4.63303072893362,4.64116804384802,4.65534022320477,4.6789108050598,4.69193997645537,4.7155338500968,4.71767308436021,4.74754444607827,4.78222813397789,4.81985125917862,4.8246038147594,4.83996105564857,4.87939365488305,4.91358059975827,4.88477257559247,4.93421853735858,5.02370190265969,5.09959330423135,5.11365833174828,5.14148868363619,5.18729923319481,5.17840542439233,5.22897566987871,5.20977955937025,5.2916393536732,5.31441303384637,5.3091397032232,5.38130720665876,5.42389282403428,5.46145527997399,5.5623031319306
"37551",0.508137847588269,0.503604199962967,0.500742145846738,0.497329894908431,0.493593310793021,0.489913893872833,0.488978364267736,0.490882770050296,0.499876717840479,0.514267376344492,0.53347512277416,0.55672734863654,0.587032778225345,0.615428596941689,0.646971300935797,0.673224340720833,0.706809056525385,0.745933512933857,0.775950865650611,0.813026081756455,0.851324107228044,0.914290275916946,0.967792518241505,1.04221879664487,1.15808400090912,1.23766031045074,1.284633495931,1.37272695942413,1.46053726136743,1.56011434145577,1.6682809956531,1.75354211710161,1.86493858738165,1.98937050101194,2.0905311591185,2.15577096091618,2.19927991849257,2.25567245189063,2.29163224609771,2.32760824396464
"37671",3.69658592734028,3.66851424723302,3.64786206774452,3.61990969944104,3.59383449220694,3.57362205510937,3.55738344866209,3.53615248893718,3.52693939800403,3.54332968863523,3.54687074384844,3.55350205306225,3.56378425779582,3.56033070648626,3.5696561702988,3.56052199571127,3.57641426588606,3.59348856063347,3.62394083012736,3.61585769674911,3.61458796627857,3.63225344292316,3.66074814704831,3.61997082999878,3.62239715612151,3.6799245861616,3.74412514778005,3.73661449858634,3.7446155005484,3.77291335894839,3.76342153815602,3.81408965529326,3.78668261718833,3.83720961071694,3.84522049132422,3.82491815217086,3.87659364328469,3.88190718652698,3.88313137922231,3.94895074261474
"37691",5.44259343241337,5.3969582662389,5.36107694210846,5.314906185266,5.27809294923699,5.25843309390353,5.2484906344134,5.2250723635376,5.20942432437459,5.22269070740243,5.22537539902974,5.25365531299907,5.28988101517961,5.30098815347208,5.32555146272804,5.31569200228947,5.34085932209144,5.36569918671898,5.39706496938357,5.37928865848765,5.3697827592904,5.34800359947952,5.34235691197193,5.25661132437725,5.22191152137948,5.25268142966691,5.2999839562012,5.27298199863669,5.26336257442434,5.27709483668247,5.24695813987249,5.28842571536272,5.23930237058707,5.2765231230965,5.26662657521569,5.2240387261353,5.26222558064537,5.24303842934055,5.22160727705046,5.27040800325781
"37711",7.4126329416952,7.352973404989,7.30474886490481,7.2411592407806,7.18988396801044,7.16053211098504,7.14151884120982,7.11087909858157,7.08920855727002,7.10634778467821,7.10359563175955,7.17850737646512,7.26765349640397,7.31591301101065,7.37240524879681,7.36929014216178,7.39886060815607,7.4217691564812,7.44054642137387,7.39552843397612,7.34327274390104,7.27535720756035,7.24059541845881,7.11490918122331,7.0542039790085,7.07984561329443,7.13295513833706,7.09944594843821,7.08632864492533,7.10526864269785,7.07738022029392,7.13265754889518,7.06642812478814,7.11045352082259,7.09598781465477,7.03869006945538,7.08650619939525,7.05468538435012,7.01855101739461,7.07172336097807
"37772",2.21358665078116,2.1945431646194,2.18102088563094,2.16293737525412,2.14868445164466,2.1389767205274,2.12874794241119,2.12184263922538,2.12379147545995,2.14040638510151,2.15382527809198,2.18464601217568,2.21713513336907,2.23723245458785,2.26511055412967,2.27115505476497,2.2972884401036,2.32873558804395,2.34841639205134,2.34784681910466,2.34092660409104,2.34362030359388,2.34717426162784,2.32130005936823,2.31957057226335,2.34515700127293,2.36791578950943,2.36617497304928,2.37294331729782,2.39707892769881,2.40489544081221,2.4485513125616,2.44920101655238,2.48544861766956,2.50027245565349,2.49407444621587,2.5334083044454,2.55126571059017,2.56160324837988,2.60970791007523
"39191",3.52885313659126,3.49651681190458,3.48128270249571,3.45240915836074,3.42069840535344,3.39828983351968,3.39135237819339,3.38922630300303,3.37951958432586,3.3811359830076,3.3709162566086,3.41346799148977,3.44184702478255,3.46378971064515,3.48178694278878,3.49342820730241,3.50764712194338,3.53849108550557,3.57622904686366,3.57751187835484,3.5598084324821,3.58425010372338,3.58288195515632,3.5714643272293,3.57614545466494,3.57293427235008,3.54142111814328,3.48885236523819,3.45222175120053,3.43786612032128,3.40596640914957,3.40300392711513,3.37953212122311,3.39721091575602,3.38553085026169,3.36225598766774,3.36515157478715,3.35352852347898,3.34607297031564,3.35901708806912
"39251",12.4047466290425,12.2896906049109,12.2005918180942,12.0559676778736,11.9597959076706,11.8735954116268,11.7982049388558,11.71113652215,11.65680362506,11.6342534696919,11.5806673570008,11.5515792832789,11.5156753676452,11.4685487641715,11.4329674502201,11.3696259123598,11.3318873397087,11.3339125445095,11.3441646515654,11.3159169254937,11.2599177503133,11.2187631647856,11.1567263879971,11.0872033583976,11.1165955752506,11.1386619331812,11.1342210580964,11.0827125714734,11.0737336946256,11.0881480558949,11.0280476070955,11.060791798333,11.0427803113561,11.1472612351962,11.1601848582397,11.0885619498844,11.1207398414811,11.0981432405173,11.0678286613522,11.082780113903
"39273",1.43467736373849,1.41889192849582,1.40852306388416,1.39461883196283,1.38803248993521,1.38589804886974,1.39104999407056,1.40168436984711,1.42934239004334,1.46942456694728,1.51559132798389,1.5718427117509,1.63144523164792,1.69553206977153,1.7620230153491,1.81969714217485,1.88319251625417,1.97484378378148,2.05568747346643,2.15301014810504,2.21335217007209,2.31109326042173,2.36059400536972,2.42372563730181,2.54291870747127,2.60816264236628,2.61368897102213,2.67048876756471,2.74618952223123,2.79643842299983,2.85237965294314,2.93620223309786,3.04888198276107,3.17761061733781,3.28606049455628,3.30604075344852,3.39401926603443,3.52449973130412,3.6328690520571,3.70564033303022
"39311",2.84157282250986,2.81104481498428,2.79003142624966,2.76202080633915,2.74238845700442,2.73247850655746,2.72795116586402,2.72297524451426,2.73991606687355,2.76472431733363,2.789252734016,2.81777541708296,2.85221809002255,2.87565118397109,2.90574664526865,2.92240140570181,2.9475799097519,2.98185873407024,3.01374224636837,3.05077646859224,3.10738202419302,3.16714859670231,3.18852417063491,3.17956269180234,3.21833636685026,3.24078241619179,3.24312692169103,3.25985412433548,3.30330184635289,3.34885110829864,3.36706702784599,3.4207227569353,3.46300608908424,3.54253876212216,3.57760337783289,3.58410096786649,3.62636802668747,3.66631990665548,3.69131050439167,3.72804651372139
"39353",4.09908602822391,4.05517954932286,4.02293499589717,3.98355781890511,3.94827351535049,3.9243122243211,3.9034334969223,3.88493146274375,3.88856857327227,3.88393611989864,3.88007683009774,3.88809990399044,3.90318836165727,3.90771450517672,3.9134532944904,3.90193686716995,3.89495317823609,3.90574475027216,3.91552844105348,3.91992935359435,3.94336963406274,3.94610373758778,3.93175220042545,3.89139314918941,3.88936505273618,3.87058892917079,3.84193252920094,3.8046063741611,3.79026699529804,3.7922435481186,3.7665130225787,3.78655841013101,3.80065618191028,3.87763305847552,3.92324287126866,3.95402773706048,4.00084610768064,4.01134172021604,3.99398767933702,4.00907869824023
"39531",5.13124797905766,5.08541648014786,5.0588161925647,5.02675951444955,4.99365497149473,4.9660378175975,4.94820966404126,4.93044133157272,4.93285992219939,4.95820223556756,4.9674931286546,5.08792226053182,5.21723681409201,5.31743371599324,5.4099945843325,5.454736292722,5.51402191569028,5.56246891861819,5.5884234026692,5.57977141682267,5.5942585180226,5.53779063542179,5.47289104044201,5.33606499370932,5.28273257321553,5.27391097918093,5.27538381534008,5.23161397970968,5.21126276609004,5.22283322346891,5.19324806347825,5.21165055680023,5.16299175764384,5.19829511973356,5.1961741589781,5.17173193476265,5.19711001376062,5.19246804536215,5.2014642572428,5.27715523075735
"39551",6.17329899103618,6.11881651184951,6.08554214298974,6.04590937904952,6.00489492882561,5.96618687520499,5.93819473387773,5.90416940600471,5.88930869663896,5.90735310758067,5.90327589860498,5.99613686184871,6.10307587603456,6.18164189490726,6.27093950890269,6.30236729152738,6.36485924106166,6.42352831720506,6.46983925284667,6.45925964633805,6.39589478971772,6.29693208350575,6.21946162241969,6.0916755809956,6.0428403645916,6.04812804035157,6.07367772263071,6.036026421078,6.0185342179722,6.02162899881013,5.97936311897933,5.99716578237305,5.93846709133968,5.96892281051189,5.95943725468337,5.92580147994684,5.95213445281138,5.93208223342003,5.91516678935339,5.96662047976385
"39611",0.987775259766167,0.979817298543962,0.974394956466858,0.968978300103962,0.963845854034457,0.958496854397098,0.957075102967795,0.956697665895333,0.962154500545141,0.976522371156513,0.989682956906792,1.00790797514362,1.03268233003634,1.05415535741193,1.08175542654576,1.1045650791587,1.14246428118495,1.18476314782621,1.22305070478974,1.2581321937691,1.38099156640678,1.42278775632492,1.4279478620161,1.42821056793637,1.47343563147531,1.52222752783746,1.56576782584012,1.60570892722636,1.64863322881803,1.69790319588545,1.73480142608833,1.781790851476,1.83013804464153,1.89846373920436,1.9540959340775,1.9923917416722,2.05173685264077,2.12302017055307,2.19197012288293,2.28110531182763
"39691",3.35818664743835,3.32668236504069,3.30192525024614,3.27377923233776,3.24871020594032,3.24218280484575,3.24519360037402,3.23701584602964,3.23946641273005,3.25041543646655,3.26094304916595,3.26042430922716,3.25733146815788,3.24003127158359,3.23722682114347,3.21913993282484,3.22422041605859,3.23158710387726,3.247728043962,3.234299259571,3.22774425007977,3.23570866969863,3.25300475144362,3.21812724894159,3.21644560200167,3.25633747163892,3.30153921038433,3.29159261363982,3.29303946042901,3.30961206440174,3.29492406398532,3.33106110142618,3.30799135182403,3.34481813358771,3.34754896082863,3.32566528093039,3.3621531588144,3.36058314197041,3.35398914830722,3.40083342438214
"39711",3.96150373865713,3.92657866441572,3.89874218626452,3.86551538057526,3.84030301575515,3.83226167216528,3.83295560092473,3.82289223687163,3.8255944512029,3.84417581538423,3.85611851703055,3.86210933316302,3.86871723312382,3.85991031661609,3.86879659327634,3.85562798501575,3.87087728341788,3.89024242804549,3.91976379827673,3.91301403695922,3.91882269124108,3.97168914856466,4.03007228112255,3.99779369923459,4.000138098415,4.05023840570162,4.10361156506514,4.08772178232092,4.08897571201428,4.11384381564224,4.10157185798791,4.15501708928117,4.13365985124129,4.18548711211145,4.19130235423242,4.16483376660927,4.21613810355976,4.21927095993784,4.21526267245594,4.28398402548093
"39751",4.9444536937343,4.90671791206345,4.87883223629263,4.83698886505756,4.80354616332804,4.77908944612841,4.75294966035652,4.72396158187786,4.70903558759938,4.72178581894184,4.72152879776752,4.76101273629417,4.80438566767512,4.83344026832065,4.87462163240932,4.87516751673923,4.91215516094809,4.94639775559595,4.98180154653121,4.96516845423614,4.91480829589825,4.89203972029774,4.88484376258743,4.81750167559272,4.7967389585042,4.84877222233202,4.92622910053445,4.95651609443834,5.0111475009003,5.08553073287222,5.087879138948,5.13580699586615,5.05996740389104,5.03657654389754,4.98359087399933,4.90806116023292,4.90784028244844,4.88375461370566,4.86311646490823,4.90470144653206
"39791",20.7417397499373,20.6205324987366,20.5101148902831,20.3508472876595,20.2116987393088,20.0723244591501,19.7669804721135,19.4883809192605,19.2483021878246,19.0461627955443,18.8566319491885,18.6929028356651,18.5462396659691,18.3899520699157,18.2773728685726,18.1267641228579,18.0329243534036,17.9534813701461,17.8947297165055,17.7754819411055,17.6658427451049,17.5782392524394,17.5068903689142,17.3493877931641,17.2314179146422,17.1847714678947,17.1403581147133,17.0275291917445,16.9185143767388,16.8292420286176,16.7034968001319,16.6393683265864,16.4997371740853,16.4118478086624,16.2936014892911,16.1340394669327,16.0390839909633,15.9174753463481,15.7840744043628,15.7024344865627
"39814",0.763666034037285,0.755180469576671,0.749229440913523,0.744132207082041,0.743394580777895,0.748493826546211,0.755618134039491,0.769197451114473,0.792597011639143,0.813465661493614,0.842089606523188,0.884814202816076,0.941246446949273,0.995188442403545,1.06490204141316,1.13156915896753,1.23011518330789,1.33459139050884,1.40823775108759,1.5046682825742,1.6249384976277,1.7936399453901,1.88509621708034,2.02680770888859,2.1549732435599,2.20986736417867,2.1982435102824,2.19436741239923,2.19159771632077,2.21895144312784,2.25709405280461,2.26660352543739,2.33578463708817,2.4079497910263,2.46059289930758,2.46788117789173,2.46913658792004,2.4849505897293,2.49873528764387,2.53024887343927
"41192",4.08915696818497,4.05158005994106,4.03445687728248,4.00142908292975,3.9666743533549,3.93779996013407,3.91685123580593,3.89352689707225,3.88513280583108,3.88729932930373,3.87902682545144,3.88158085445019,3.87381288806597,3.86405495360819,3.86093569705913,3.84813935654621,3.84346886786587,3.86094159990762,3.89557259055169,3.89015399046816,3.88150256323323,3.90520292159483,3.91557017545123,3.92026464951491,3.9547322438009,3.98635267202946,3.98456817993862,3.94989483229687,3.93251284810115,3.93793675270756,3.91769324400487,3.93727737083443,3.93549680527355,3.98152549880265,3.98933033749127,3.96528098277447,3.98126067757861,3.98017332428403,3.98274737655712,4.00392421245109
"41333",6.04073498800574,5.97449129831274,5.92720683944891,5.86595645813998,5.81632061214301,5.77887973089159,5.75323596941446,5.72022675866828,5.71858632424481,5.72464319442582,5.72604395848421,5.74401479337106,5.77491617377721,5.78882160428137,5.82484895584353,5.82089983956314,5.83051799494218,5.85804041406591,5.89592919329044,5.91625052203494,6.0412523415318,6.38617808922864,6.5665727908125,6.57330930789326,6.51060773904393,6.32331089822936,6.14900223598123,6.01385741072474,5.92745700414067,5.90100564429004,5.85596194827427,5.85124822802901,5.78948567749651,5.78622403980846,5.74550481924046,5.69982977081861,5.68647987428661,5.67279989570155,5.66955181245726,5.7095548632953
"41374",3.43932772907164,3.40164121964018,3.37297238782296,3.3382296696707,3.30777138401414,3.28369160271609,3.26735167115009,3.25968271441634,3.27895814951384,3.29013244825534,3.31268965651181,3.33852002362808,3.37694000396966,3.40958276254581,3.45035291335342,3.47978036868049,3.51675397840032,3.57875419432682,3.64100593043772,3.70833414200855,3.74628783160558,3.85339267424195,3.89450635894295,3.91369842050264,4.01566508427733,4.06655612793673,4.07351602291567,4.11911269269541,4.22741282249225,4.38152486594256,4.48637696185543,4.59683741692246,4.68726152911803,4.75735734061091,4.73815193618365,4.693381422048,4.70105347431647,4.71057401577793,4.6998891832314,4.72099959034441
"41391",3.89778195874977,3.85646488962476,3.8233243723581,3.78528037185329,3.75597985428001,3.73619961136432,3.71733550527622,3.70622454890621,3.71429419644758,3.70332790097501,3.70002361712241,3.71827452942527,3.73571962003229,3.74764143743158,3.75664193258727,3.7520717794446,3.75047529343918,3.75350057180834,3.75211592533995,3.75323578868897,3.70801138994195,3.74491369342379,3.76226404000388,3.76195527236582,3.80083819400435,3.80780107546989,3.77482610846073,3.72157197883326,3.67161891636435,3.63818913035975,3.58814118132732,3.56628934239351,3.53869690335097,3.54854934246708,3.53143865343717,3.50370707159884,3.49107360604215,3.46598698092281,3.44099710553248,3.43821329282273
"41411",2.07522137803348,2.05235637187451,2.03472411026547,2.01567309639517,2.00029141871967,1.99059675981619,1.9865268106834,1.98488525524353,1.9926443108179,1.99042405327469,1.9898195071614,1.98774066495474,1.99252325188682,2.00227886546419,2.01993290382558,2.03736505975001,2.06584236868616,2.1059618127877,2.14814619733138,2.20726617186503,2.25026875187692,2.42362927356839,2.52619305049352,2.58517681921813,2.65854916550222,2.6487504009245,2.5909229959221,2.56670486730309,2.56379710815231,2.57946119708935,2.58089666573904,2.60303957275476,2.64022981354453,2.69388036084573,2.71616914644384,2.73526696673453,2.77908643994364,2.82959892547499,2.86655365940536,2.91204310913465
"41471",5.85059802343684,5.78520128616945,5.74292615329384,5.69809789415978,5.65442377446842,5.61718976061978,5.59986554218757,5.57947798537096,5.59560451539992,5.61580809807485,5.63668421849522,5.72028822004473,5.81282029112013,5.88232951580135,5.95809223700743,5.98970726225375,6.04555489055322,6.08941945913753,6.12754488217507,6.14215334836723,6.10877349398313,6.05901440856508,6.02563993816321,5.93934649025548,5.94553977646811,5.96865289830988,5.98380566444695,5.9553123336328,5.95319621394692,5.9759336327025,5.95379742850586,5.99080323337374,5.96463830121331,6.03664597020241,6.0418994159956,6.02468067542043,6.05488440464811,6.03912079394759,6.0216343923982,6.06964496274883
"41491",4.97462249050316,4.91676327243652,4.88151163717118,4.84629346787287,4.81200644380055,4.78365905102454,4.79642326187578,4.80415414936095,4.83429114925086,4.85849577458034,4.87894643930229,4.85539331934357,4.84157794231194,4.82200226226524,4.81891633197261,4.79741566406586,4.8044049450126,4.81747660764409,4.83799983627251,4.82801737593362,4.82441811308176,4.84317665478865,4.86440378723673,4.8268240765151,4.85798220224954,4.91318142464478,4.95827756295832,4.94992901494253,4.96663376777086,5.00615267082959,5.00267600636334,5.05556808978527,5.04591358553466,5.1277186506886,5.14685182505298,5.13707654475112,5.17940031724941,5.18546726779606,5.19375627401358,5.25788316811629
"41512",8.76259551468782,8.66714481612637,8.60944162518865,8.54802158141979,8.48586277911185,8.43262542969166,8.41070735541501,8.38487075389549,8.40426019251109,8.45370561463494,8.50561795063875,8.62327711725409,8.74226100609368,8.83384620963255,8.94388768077332,8.98685809165363,9.0782064085116,9.15739514997092,9.21488771387359,9.21175501016453,9.34725626981553,9.28928733465277,9.24967588689367,9.13208428041062,9.25783785612072,9.49661979719302,9.7363906675047,9.88529808096665,10.0176593635563,10.093947372281,9.97571044834176,9.88410853046319,9.65182720660591,9.59979759070827,9.49154220032106,9.36942733488669,9.34580647958983,9.2802936315061,9.22427012969502,9.25933799080492
"41571",4.81102364993543,4.76860253211407,4.7398657856755,4.70767613829729,4.67201513714456,4.63990147575842,4.61437739726156,4.58521401200687,4.56839073946911,4.57002827436962,4.55912071499121,4.57985206829953,4.61050807573388,4.62539367686649,4.65698922291139,4.66222653146204,4.6925436576689,4.72825273075495,4.75827750527865,4.75010560191953,4.77498220685841,4.75131759990715,4.72647760607203,4.6374698973017,4.61493838336773,4.62864239295651,4.65220132425504,4.62071022996722,4.60915129615069,4.61561663589699,4.58826512566383,4.61355074155541,4.57296079742684,4.61134165684676,4.61085424283647,4.58629420714256,4.61441370361217,4.60206831317905,4.59289825522005,4.63941433392952
"41611",2.04103435951061,2.0226794777565,2.01067789750581,1.99950422147259,1.98967909083786,1.98245654770535,1.97972110723992,1.9773981144612,1.98491345698309,2.0068243973068,2.02293364284202,2.05116759114086,2.09404187254551,2.13171703639807,2.18801702176379,2.238166415064,2.32118079691812,2.42438266819228,2.50880833696219,2.58668187916092,2.65694325689035,2.75672989383816,2.82783335787084,2.87267915805934,2.99296177283883,3.09079172245044,3.16132489336321,3.22196523012304,3.29115289707434,3.37296764736165,3.42909489667427,3.52286636371294,3.60555451751182,3.70847054123971,3.77457732114596,3.81146012038105,3.89447168060667,3.98611990259247,4.05851253208446,4.17813747379202
"41653",2.4717894326659,2.45256410765835,2.43887502527559,2.42155454715349,2.40607174011264,2.39447959438059,2.38366462391022,2.37213800835332,2.37123209704888,2.38526892622646,2.38692696393859,2.39650433302269,2.40886706143664,2.41210899789128,2.42198524000623,2.42000520509703,2.43459442322608,2.44802369960439,2.47060095052963,2.46566144000557,2.46778062177369,2.48467930964343,2.5051354739638,2.47695479111985,2.48688392806893,2.53290693166748,2.579400387083,2.57253871736583,2.57791816400422,2.59710513080939,2.59141947317067,2.62752734191775,2.60997475361407,2.64756470063414,2.65668461400844,2.64273290636707,2.6768403981533,2.68023242233634,2.67764023432347,2.72027570373105
"41674",1.87435788445662,1.85677225703379,1.84487829214507,1.83330966116065,1.82946168404421,1.83500433869411,1.84430014887944,1.8574310396042,1.88995913780291,1.93107179870135,1.97526254835995,2.03217916269374,2.1078877676465,2.17112291516433,2.25385361806391,2.32955831784171,2.4397749648864,2.53923420232713,2.63661539248483,2.7442729079265,3.11156059096694,4.36116464031604,4.83970773414508,4.95652614634386,4.82853945792704,4.46303557159808,4.18590097699741,4.0190724827213,3.90807836470607,3.84764433749554,3.8730398734832,3.91025046905505,3.88385670492689,3.83448829386963,3.78810419280223,3.73327758534238,3.73279633435943,3.72671939701687,3.70848272825094,3.73996106243992
"41711",7.06670212676528,7.0212647890232,6.98483415461015,6.92794759965849,6.87998835737617,6.83988408930214,6.79673465124357,6.73484191106599,6.69155064049589,6.68823381675086,6.65433079725877,6.60853873153711,6.56138545275989,6.50562533622121,6.47011362642814,6.41581302858959,6.38999026732693,6.36828511671404,6.37509988892,6.32864258468205,6.29893593437364,6.29123709213393,6.30308469641467,6.2296131332143,6.18911757235515,6.2104680809524,6.24047339770807,6.20034621388959,6.17047530889614,6.16399095271283,6.11846100858582,6.14226615514967,6.07148376758872,6.08566921146596,6.06240638090119,6.00259788940644,6.02405223340039,5.99086874580924,5.95643162078682,5.99637989956644
"41733",4.06112593000092,4.0326137117746,4.01174720221285,3.97867865761819,3.9526742762982,3.93010469514893,3.910872595116,3.87990991796556,3.86351476299661,3.87908332710899,3.87480417393583,3.86742587382807,3.86219410703177,3.85088354096537,3.85511199822371,3.83825015004261,3.84623419505508,3.85680663907791,3.88752848578442,3.86690617650089,3.85994283619179,3.87017991541935,3.89751898473158,3.85734253858686,3.85529741969449,3.918377108502,3.98435711642771,3.97804935257212,3.97149928936103,3.98167727638783,3.95687224801922,4.00160447741189,3.97592798852941,4.02714155720409,4.05244870243708,4.04929607868533,4.12383783885242,4.13520332127148,4.1244261654825,4.18488299056547
"41771",0.329243577641354,0.325856851780963,0.323631342197979,0.321424667572727,0.320894550573861,0.323001926046837,0.326919146000564,0.333854254619027,0.346801085212967,0.360248989485703,0.379441476534957,0.410842542836321,0.457046170232047,0.511813157411294,0.579357102201029,0.652359700809073,0.74510474663488,0.844224845738288,0.923259953948851,1.03244158778542,1.15110945060552,1.25767297406028,1.32746825853057,1.45891294502672,1.59899363205775,1.69606660584586,1.75990476052522,1.86376637379394,1.96463012421638,2.07521434687535,2.19378262989368,2.2461124267866,2.36818881346557,2.44397839165759,2.5221424214146,2.60600336554299,2.70767855640879,2.8480904260741,2.9625398500811,3.06919606211261
"43191",4.65821326255032,4.61494586983263,4.59395997750649,4.5545622303985,4.51799358522123,4.48430504273735,4.46388754161709,4.436883024035,4.42576266318973,4.42501925397916,4.41366884274268,4.42513852285165,4.42611634240683,4.41991031128866,4.42205235051434,4.40595676806193,4.39491817473877,4.4115893839812,4.44435329735984,4.43532066707306,4.42564593852472,4.39653926151164,4.36274199582941,4.32154878171627,4.31324803429248,4.3172685580006,4.31943784843549,4.29491051636072,4.28214518640764,4.28889895288457,4.26286417730072,4.26983118650309,4.25393604395488,4.29059194892225,4.28442366770203,4.25747049151469,4.2679266440201,4.26468205430964,4.26758833985366,4.29336820015987
"43253",3.4278326791766,3.39307294799898,3.37127193004135,3.33597686123309,3.30761194963306,3.28495675297735,3.26683855013952,3.24385435290273,3.23070274580634,3.22924683533752,3.22403147655672,3.22553449028503,3.22579360059418,3.21775406351911,3.22509769565693,3.20975202873151,3.20069910896277,3.2070963230747,3.22037638957592,3.21287954829776,3.19835866824608,3.2604836261224,3.29358371812805,3.29237196924381,3.29257122249809,3.27314021913287,3.23449995604787,3.19337322826924,3.16971194089067,3.15997462781886,3.12824653001547,3.12597120000781,3.10854459385433,3.13023660392287,3.12540200399034,3.1098963988059,3.11603334111089,3.10486486982062,3.09895193596593,3.11340051389123
"43333",4.70519897967209,4.65000329335911,4.61141122038791,4.56614754786804,4.52421168955752,4.49702168242613,4.47863351709124,4.4531509633816,4.45175460172464,4.45760610011543,4.45536640535272,4.46058519093649,4.47490147799047,4.47258179539095,4.4896533957703,4.48378664882818,4.48217905087308,4.48606018150454,4.49571911237709,4.48466792618755,4.4556871530143,4.43106633855206,4.39888096123156,4.35555508714547,4.35114710412147,4.34765514833807,4.34108967803127,4.31383745618445,4.30263747045473,4.31167130977931,4.28226905960565,4.29674489751606,4.28884403875938,4.33305246915557,4.32905190463621,4.30926101551359,4.31821898647192,4.30712515490738,4.29736506786131,4.32074697805904
"43351",1.96576862843879,1.94498964242418,1.92856125338516,1.90781848144667,1.889525490417,1.87421403258939,1.85859106375343,1.84395908221647,1.8392288182591,1.83139511529262,1.82361194865572,1.81873884219163,1.81909009966744,1.81634157456893,1.81972337061586,1.81763253875665,1.81997003741401,1.82989457800217,1.84373625020224,1.85368003902306,1.85573971161821,1.87419734546303,1.87900915541028,1.87937571735139,1.89943586390224,1.90576426514118,1.90171992616121,1.89996377987534,1.90749484421013,1.92475539021912,1.92388614132064,1.94157812999614,1.95646534807313,1.99005396232075,2.00129271022593,2.00489397097378,2.02513239152005,2.03937415372156,2.04497893796471,2.06225531361025
"43371",5.77141331331202,5.70766151430846,5.65884299207078,5.60219801728103,5.55575657601577,5.5213662213444,5.51231283249965,5.50278250121188,5.52531890722824,5.51750469932644,5.50899849571903,5.47944512647716,5.45810230808061,5.42583846581998,5.40653837294403,5.36862323789302,5.34245796502074,5.33213994994422,5.32877986520384,5.30894215922338,5.27755206488369,5.3437034480072,5.38070643342785,5.39221492957845,5.45488539247136,5.47696041101562,5.44995711721842,5.38277205296159,5.31538695795565,5.26201553393857,5.17529663239446,5.13600835204403,5.08116287061898,5.07506688213526,5.03956032258269,5.00067251533183,4.98846330955228,4.96036126571769,4.93414412864454,4.9411048950133
"43411",7.0846817514984,7.01862150958246,6.96333843786308,6.90048795680133,6.84086184388469,6.7891184819543,6.72378849568899,6.66170447851643,6.62654887737378,6.58374598271711,6.54510775643874,6.51248606279987,6.47881640961485,6.43947052192248,6.41268988806672,6.36972471983315,6.33674615952922,6.31307946862017,6.29807387169482,6.26485931654396,6.22738468848832,6.20815489176536,6.18327971413885,6.11853411798051,6.10013877578478,6.10449472101449,6.10494322844812,6.05606874697498,6.02760051737084,6.02672621942024,5.98533884751044,5.98755386743925,5.95033314022773,5.9829245589277,5.96600544368896,5.93950568644494,5.94207167930137,5.91378299114631,5.88362519848459,5.89432893664258
"43431",8.58164402843467,8.48712748952408,8.41721048705104,8.34241348446352,8.27006752456854,8.21004055073332,8.333791903725,8.48155139150212,8.68345112341402,8.75852336407914,8.83936940338733,8.57709142233997,8.37725522098019,8.19908664283065,8.05787990533462,7.9182921731725,7.80664362779968,7.72159897323342,7.65409404744145,7.58587661510116,7.51587914044572,7.47181894856928,7.43053322865114,7.3537776802814,7.31076655895988,7.29647123234007,7.2958067761483,7.2488918961869,7.21600881789546,7.20617041502516,7.15939605021444,7.15157018019727,7.09127813718989,7.10130885695956,7.06711329103563,7.02184349619505,7.00625523599164,6.95501893644577,6.9070814597068,6.90901675385103
"43451",3.73070388201816,3.69105119012458,3.66382094233656,3.63397723602555,3.60392716731018,3.57888364138134,3.56155489517435,3.54231832896208,3.54148686893788,3.54269263639166,3.54033750231321,3.55148221849199,3.56478245440084,3.56868446075165,3.57921332271581,3.57557864980778,3.57818079466373,3.58200123669073,3.58780227777138,3.57928468858545,3.56920604214006,3.57293095959016,3.56925661681208,3.525816555915,3.52188258673342,3.5257174808597,3.52233969465142,3.48922431469423,3.4750722422462,3.47962446924493,3.46002523793555,3.47213750243144,3.45090577317715,3.4831836396026,3.48006763601364,3.46668223630569,3.47760853935526,3.46429479439927,3.45188199291361,3.47296738058266
"43471",4.9703014214377,4.91982889512802,4.88607870008983,4.84538170452875,4.80291653040668,4.76488118498565,4.73458544954968,4.69656266769669,4.68038614450939,4.67523373761276,4.66197720873664,4.66746838559415,4.67507859785957,4.66960320688118,4.67731672901856,4.66324545967791,4.66156915267896,4.65952115114088,4.66308904633748,4.63598748844386,4.61844935865605,4.59122921045325,4.56150676102588,4.48713581923107,4.45995563498542,4.46254110141191,4.47031102581055,4.4356543056926,4.42169522066531,4.42915175621394,4.40523839268415,4.42108769611677,4.38740253154391,4.42221511742209,4.41607209350896,4.39527752041525,4.40758328476959,4.38633182828896,4.36930687219426,4.39702102541505
"43511",6.9371443657354,6.86306388492349,6.81687831724964,6.76643502436995,6.7121951071791,6.66969726667531,6.64539698673072,6.61689097773858,6.61712101637318,6.63511485931709,6.64675844782827,6.68800497822887,6.73079390715468,6.75584506205267,6.80791366574333,6.8135129083876,6.85041514266606,6.88784648202897,6.92136433514214,6.90582614889909,6.95293342378199,6.94759801015559,6.9512814271816,6.86543953002181,6.95026856551996,7.14294577826686,7.3461653556259,7.44205439796649,7.53212011711813,7.59397934863614,7.50612139225942,7.45462931130816,7.2970160654636,7.27611420545622,7.20693079113301,7.1196392994459,7.10878384943017,7.05765370756666,7.01679496794143,7.04769025745253
"43531",2.93086449445136,2.90141168731338,2.88368002413311,2.86619953119877,2.85028273984959,2.84207316718649,2.84146466817618,2.8397058663762,2.85301988099835,2.87612681340383,2.89410732297012,2.91500032531145,2.93942154269596,2.95634030979561,2.99448941653995,3.01133059386126,3.04815118810344,3.08683628493871,3.11861291951338,3.13279288215579,3.15375743639459,3.22574870616423,3.27104010632741,3.25632634970632,3.31434994812533,3.37850980185999,3.42522256055248,3.4395700865948,3.4900495898779,3.56111343276598,3.57204518036365,3.62255694422958,3.63722512899784,3.72859148554133,3.77074967170724,3.85845531626147,4.10455521321255,4.41215840308251,4.75196452933141,5.06931907792754
"43611",5.49186338408188,5.44401355712031,5.41163545512055,5.37942815859351,5.34400396426393,5.31369784547346,5.28564043161438,5.25682372127594,5.24364403758943,5.26860542242693,5.26476608528301,5.30968228581068,5.36265164125714,5.38887830380553,5.43889365210417,5.45004822610136,5.50260093306496,5.57189966311159,5.62774582202017,5.62048111307025,5.63703753438041,5.6256492109204,5.62991400312536,5.54051939995326,5.53850267992766,5.61206493555724,5.69879988284269,5.67703617298217,5.68591140407217,5.72296299177612,5.70489636887493,5.77303778459043,5.73352742929614,5.81429694729667,5.82775146150445,5.7965650520044,5.86191207920493,5.85535892491707,5.84405464437847,5.9236412546774
"43672",3.13529960281142,3.11040966960596,3.09347535922867,3.07106789540629,3.05316057981488,3.0388700999683,3.04285785085174,3.04141837509611,3.05318938902946,3.07282415821637,3.07475779631428,3.05158136260488,3.03345467119011,3.00911497446095,2.99911589214649,2.97977099178499,2.98062962237905,2.98500321791048,3.00567228223665,2.99061560696678,2.98603851723187,2.99744314148634,3.01669534546317,2.9807110576146,2.97925056823858,3.02107462058822,3.06770063898202,3.05598900008289,3.05606082165541,3.07220087956978,3.05735703634336,3.09549904629691,3.07250887033272,3.11057330024301,3.11616223661608,3.09432843792758,3.12518489595254,3.12512561457554,3.12017485262451,3.16622998625107
"43691",6.14459619010792,6.11156979455814,6.08479058242505,6.04079914195372,6.00519098961149,5.97127980972533,5.91363828009476,5.84621408375625,5.79588740838978,5.78282540737319,5.75369049854057,5.73365228103365,5.71999752140726,5.7073535323007,5.71562537324601,5.70174664377653,5.72576115379819,5.75806909860094,5.8256204000014,5.82169887666534,5.85022822442526,5.9130924443659,6.00045979108154,5.97129772060574,6.01688944426918,6.16079789328368,6.29306875198603,6.30376803702973,6.33061334614311,6.39638248914466,6.40643974706426,6.51991681402367,6.53653122355877,6.64921101140121,6.69356782068547,6.68886604510851,6.8045994758925,6.87801322859751,6.93938774961326,7.11657031187112
"43732",1.60602079631424,1.59126795469201,1.58146604057143,1.57004165257252,1.56492894900346,1.5669132485739,1.5735425694096,1.58328414240051,1.6108464161591,1.64352098043478,1.6827603349368,1.72814153454014,1.78266615679241,1.82915408284889,1.89017724522948,1.93731308941328,2.00360839816128,2.07814041491964,2.12972083868572,2.18393211325448,2.24992276414126,2.35024239002336,2.41938674918216,2.47299376893046,2.54700263903122,2.60412283313554,2.6423004729854,2.67192091403754,2.70760375570312,2.76089313575385,2.80024887377981,2.85687495931394,2.9175413536026,2.98759395045037,3.03597505817332,3.06660095623176,3.13270524881615,3.20136104710191,3.25612377606697,3.35011247394284
"43791",0.847635062279994,0.840301778311552,0.834567197395395,0.827101399909654,0.821163270417265,0.816764293847661,0.814974666483761,0.819403793673007,0.83665368135894,0.86146794092956,0.898129533216608,0.963037675003805,1.06073587199064,1.17633307752459,1.33151424632465,1.49508937501013,1.71616057650874,1.95564754203511,2.14110179978042,2.38009720225996,2.67995340211909,3.02847933882276,3.22265625979223,3.52227892465489,3.78133118578666,3.91225053781665,3.95846627669859,4.0752057310409,4.1975122789067,4.32443608117029,4.47735406051904,4.57870176193405,4.79406704299823,4.94752227032992,5.09349886176531,5.16839893944892,5.2284320667316,5.29548897539695,5.34768109144513,5.43771896971316
"43831",0.472159068878809,0.46647435683224,0.462459784951469,0.459334669455795,0.459873650473969,0.465617387712867,0.475176400751119,0.493747730536103,0.52525376191983,0.552488748090558,0.591601748360708,0.654492143236889,0.742167850740752,0.832193431032715,0.947630250869517,1.06767415943339,1.22714848623518,1.38921683569127,1.5080640699793,1.66761286554304,1.8619824078083,2.13641384431569,2.27048094276455,2.47204730765687,2.61561439696294,2.64075804000131,2.63657575256872,2.70491905204886,2.79258022913398,2.8940229074495,3.01536348730307,3.0842469067805,3.24263443917878,3.35900696027742,3.47565051314542,3.56016484525719,3.6371889161742,3.7272738555116,3.80922397531704,3.90490314731917
"45192",0.839822505051414,0.830721752516425,0.826002900009577,0.820175047016156,0.818097441325745,0.818921971815843,0.826025092590488,0.837502230609036,0.860166024011688,0.891613755978425,0.93077701065909,0.978665773593671,1.03604928023514,1.09863749369072,1.17627535959939,1.2515278459758,1.32140721087226,1.43986021950474,1.56115767269027,1.68071220557296,1.78690809801857,1.88253861922101,1.98481743175024,2.1474585978012,2.33780391718071,2.50242910975845,2.54776050525218,2.65997879769744,2.77958723552946,2.85496043969808,2.95204353465006,3.07300820105852,3.23879307502724,3.36780855701344,3.49212463085704,3.51628664628312,3.63145843381153,3.7660444116015,3.8788784163862,3.92647823008755
"45211",1.9137822360562,1.89341085523082,1.88294387111931,1.86762337762196,1.8593440483592,1.8548232778318,1.86252549390838,1.87776639076236,1.91487248859158,1.97643737301433,2.0554452395671,2.16133696856942,2.25841597268127,2.33936660158749,2.43207603940875,2.48772340579825,2.5230263475845,2.60912693542832,2.69673909081925,2.74988737114192,2.74937098205479,2.75742615176766,2.75880326587288,2.79652092050195,2.87778469720595,2.94754696032635,2.93570526490314,2.96164130767972,3.00888450506245,3.05119586490723,3.09198614264195,3.16207986312261,3.25072358691042,3.3866485195491,3.47895515476707,3.45221461207873,3.50673663607397,3.56762001671306,3.63333359226373,3.67726346961941
"45231",4.42981579809265,4.38770452823774,4.36389922075801,4.31976333745149,4.28570615584987,4.25517200559228,4.23489956492377,4.20595476696207,4.18684802120043,4.19134952369151,4.18460275807112,4.20132823285218,4.21490433406861,4.21394343967155,4.23531658532738,4.22653381983699,4.22505512520659,4.24051079409072,4.27349012452375,4.26753829347752,4.24640697329871,4.22621860237009,4.19615239229307,4.15769178671512,4.15247747761644,4.1639793799308,4.17418099752687,4.15350951041297,4.14602561935918,4.15836270157334,4.1297851400559,4.13885907660675,4.12925943292246,4.18122221805107,4.18185267049968,4.1546596106462,4.16608280575705,4.15301355790689,4.1466668511618,4.16806780188288
"45251",0.178227356983608,0.176419118464025,0.175359962299187,0.173627032180449,0.172062979262445,0.170757046836665,0.175404131076936,0.19922792963911,0.259059766399474,0.351632685178488,0.480724121943654,0.629020997608979,0.799943449060791,0.9801015761752,1.19214087365902,1.37995794903854,1.55365778480917,1.82149011956058,2.07345706619044,2.34573273839892,2.56777182580748,2.82365222324386,3.01331965229674,3.36247588328774,3.74477472942183,4.02554063041422,4.02636485956705,4.20691464188149,4.40364201718557,4.47773632053836,4.6167297464686,4.85400084359702,5.35554578028541,5.75372653380368,6.09373376131047,6.07355180137699,5.99402395289954,5.85039288964163,5.66451757317143,5.49505543170658
"45271",4.84047443119925,4.78943929222569,4.75955840580143,4.7157037373229,4.67550052906721,4.64626393007903,4.62374218223794,4.59459255784842,4.58096231044149,4.58834356915882,4.59202674984634,4.63827789755226,4.68426544295808,4.70603540853134,4.75500319919491,4.75624020228715,4.75831077369615,4.7877602429277,4.81996553781147,4.81101884320483,4.75997304539347,4.71079099952585,4.6653953657416,4.61274980079182,4.60525539728272,4.62461493054513,4.63984617628797,4.6203204106242,4.60433538252865,4.60625104990573,4.56579044749442,4.57243901211667,4.55213695075491,4.59511239843671,4.59308504446321,4.57662688821463,4.59218292408161,4.57541575943329,4.56755545314069,4.59510174496791
"45313",5.43108204071817,5.36748885972527,5.32582427603799,5.2751700107271,5.22049518846299,5.18290266366793,5.16359726117088,5.13728826297531,5.13416436191719,5.15179722449354,5.15593586671067,5.134353193827,5.11797642446833,5.08869261818696,5.078673107592,5.05459652879332,5.03633897040763,5.02156382308026,5.01251253477502,4.98305025714091,4.94619223468681,4.92057159662606,4.89318067999687,4.8454794388705,4.82949484194386,4.82586194578936,4.82380393953979,4.7910432901378,4.77433837355547,4.7779186707654,4.74201011801788,4.74613859681999,4.72255647296006,4.75474820836245,4.7480162835323,4.72962367880854,4.73905213158632,4.72442982417647,4.71240183440219,4.73392185804575
"45351",11.471747983502,11.3750898746752,11.2902451836537,11.1918042884236,11.0852699426134,10.9910231202944,10.853644111395,10.7074399683791,10.6042772625126,10.5031213811065,10.4022549371381,10.3075944462848,10.2229797952639,10.1259730625128,10.0534783336606,9.96694757328867,9.8947687573404,9.8342673275437,9.78551446454334,9.71417252569462,9.64064286983142,9.58715786987939,9.52618066568485,9.4393535824745,9.38213148452295,9.34097861592344,9.30327735004869,9.22833202827573,9.16414640147078,9.12002906414905,9.04091471838002,8.99472647686502,8.92416896708086,8.90013960428971,8.84447869130904,8.7813139612224,8.73650089521988,8.67346169246369,8.60934290141542,8.57056091332031
"45391",0.871193639158796,0.860588684799201,0.852771098742077,0.847256161447451,0.84446927011685,0.846277381211545,0.8545580992372,0.870017968825377,0.903513797393596,0.934780817145635,0.984074332537002,1.03774712535698,1.09095989339328,1.15572765693143,1.22460494507823,1.29074945464699,1.35455326662421,1.43173512395702,1.49749865190015,1.59432631113031,1.66351859710902,1.76191453015928,1.8239440848542,1.93996011249838,2.10779134422389,2.18450342735019,2.19815294669037,2.29680817043469,2.38528376715447,2.48509879838024,2.55909864261795,2.64917916022849,2.81059523369614,2.93610208856996,3.02187419882855,3.09943761163554,3.22854449275046,3.3964465814489,3.51390691854369,3.59252535206534
"45411",4.53196081894538,4.48431285704924,4.44595730822063,4.41121047312013,4.3810690938766,4.35961200295395,4.3559055129823,4.34786825357738,4.3624549613655,4.36379761388232,4.36751804284207,4.36908052620956,4.35810228353003,4.3475163583409,4.34936766115795,4.33353318208809,4.32251042257746,4.32046583151677,4.32151118633476,4.31076343692281,4.30646879906761,4.30989369395835,4.29193619232364,4.24412089708427,4.23543305515193,4.23209354776781,4.22617611570261,4.19454573403112,4.1780042096006,4.18537696432076,4.15728162621265,4.16764049936711,4.15290121895933,4.19271683227308,4.18984087030608,4.17882576349557,4.20174416342085,4.20949383868661,4.21491358229816,4.25294865611017
"45451",1.92683370569958,1.90749044018635,1.89503030651351,1.88059040130306,1.86539467563257,1.85410596796814,1.84698327798402,1.83571584870067,1.83620687181296,1.84310407559484,1.84579227851419,1.86819167658918,1.88974224003523,1.90390471018442,1.92416256079056,1.93487780096057,1.94673293628004,1.95954932552731,1.97149837888324,1.97290781679445,1.97386205551335,1.95991750908333,1.94494054643161,1.91639092309047,1.91565008304911,1.92316646012753,1.93179367700216,1.92211544085118,1.92334016966502,1.93752975524902,1.93548659768682,1.9563575188487,1.95857816838259,1.99902339976781,2.0144676107735,2.02341167692608,2.0485376601728,2.05759513698376,2.06698469070972,2.09782130082525
"45471",1.11879071010333,1.10640782099529,1.09879909830678,1.09109185394701,1.08482421433599,1.08299448410537,1.09199281511501,1.09688460706284,1.10895463064478,1.11775272698165,1.12254328195282,1.12002211608921,1.12510717155177,1.13481024636635,1.15880404033916,1.18728044250786,1.23091342235215,1.28704095876104,1.34638042851795,1.41898378844913,1.4986518006863,1.58771262958361,1.65426474242269,1.72291220921773,1.86319026764377,1.93772526285349,1.96264436275808,1.99476749593401,2.04864698811227,2.11300009187997,2.16896983283558,2.24262157073309,2.33255709914044,2.46411562374612,2.55473925827391,2.61530991585354,2.65535982882967,2.70014282359686,2.71760219133257,2.73612002972036
"45491",4.12838666994086,4.08701941465256,4.0604129243348,4.02980261606753,3.9989408605905,3.97762926235371,3.98783765033022,3.98804215892977,4.01241859944027,4.04005956151325,4.05745723861494,4.04501800110994,4.03438136243334,4.01408027795384,4.01442073667978,3.99556863543732,3.9959110081338,4.00381545453578,4.01506287405841,3.99569780806558,3.98266914696122,4.03009225124234,4.0570798260008,4.00083554938361,3.9976325263236,4.02224539149812,4.05016924470799,4.02893321742082,4.02766859100166,4.05385078476814,4.03662360220989,4.06619800103593,4.04502194719485,4.10025998852871,4.10966583370984,4.13861327703817,4.28403076085821,4.45057908917989,4.64222745389578,4.87075598085188
"45551",4.79615929143787,4.74636397341989,4.7136831623268,4.68387175496221,4.66094781774182,4.6606466887167,4.75471003031722,4.84904311059844,4.97890630662787,5.05027087031324,5.13186552700359,5.03989209738031,4.98851627896501,4.92101244978057,4.8947197870511,4.85163667179654,4.84455293272969,4.84643378891136,4.85175852598315,4.83096719829472,4.82607755823615,4.8447725506722,4.86621823554949,4.82692114323062,4.87384256515605,4.96116347389323,5.05384761682016,5.07722592083687,5.13740901724282,5.23403077589141,5.28818256674533,5.42262905171722,5.44983244843746,5.53530319531997,5.50198317457198,5.38174613282207,5.3063718647114,5.21001788745799,5.12936565044689,5.10410602144267
"45571",4.83075359365086,4.78576556724968,4.75618384869542,4.72339517046585,4.68752605830006,4.66226352773835,4.64125070738769,4.61187051198881,4.59714621788415,4.60498050731234,4.59615537643224,4.59612698451262,4.60207549573963,4.59250714228155,4.60289509107209,4.58938022668875,4.60383470651135,4.62301208378423,4.64831085893242,4.62245622614011,4.65748186878424,4.69835845159275,4.71872312920053,4.62733655265636,4.60238186328942,4.62118103662175,4.65576224974279,4.62670390858429,4.62540214701309,4.64468308233193,4.62483101852443,4.67422901498144,4.6423137624437,4.69441763987937,4.69859713424803,4.6710477098448,4.70669064467521,4.70347281635001,4.70442723962669,4.76885541073141
"45671",2.04932523315242,2.03356817799603,2.02258709968282,2.0078760076148,1.99625275624434,1.98650034188773,1.97596657084273,1.96128093419057,1.95686353925947,1.96305012441522,1.96133918221067,1.96328788149347,1.96694259290567,1.9653073030639,1.97176919159125,1.96995570650788,1.98109082901032,1.99469347240163,2.01655680759633,2.01249738276547,2.01809404981977,2.06775193784064,2.11922654539091,2.13252092965294,2.17794321312758,2.23650141344738,2.27240591596141,2.2534713270365,2.22628790753183,2.21312650422347,2.18703481896914,2.1986923277949,2.1826392853281,2.2000408125615,2.20252831341403,2.18993943155505,2.2091996515548,2.21153117581182,2.20728116517981,2.23504762141221
"45713",6.70709673707581,6.66758124341694,6.63815126820637,6.58145677392287,6.5312477022866,6.47777393076719,6.41635318659058,6.33330191290786,6.26979407538398,6.24414098792757,6.19518922135747,6.14450931216307,6.09585609564477,6.04564661986247,6.01411234011911,5.9704448818669,5.95215119918211,5.94338817021568,5.9779287112469,5.93978421589854,5.92221879148429,5.93546985560727,5.97703447818675,5.9121334613318,5.90247731788713,5.98592212560556,6.07871135296724,6.05301714388385,6.04766525916092,6.07680919936581,6.04926480784985,6.13933423684743,6.1077112734447,6.20600301277971,6.24933960255902,6.22274925666272,6.2800809243641,6.27656432538558,6.26031526427545,6.34899159836405
"45734",3.29122846343855,3.26276946453594,3.2428789204675,3.21617212568672,3.19770841955508,3.18510136917825,3.17350613938058,3.15672394361604,3.15553907138196,3.16588733244572,3.16722738921459,3.1868621480112,3.2084491740258,3.2200886250067,3.24282158693026,3.24371719746754,3.26252840939846,3.2846444971731,3.30634356927278,3.28873501913303,3.28075329908656,3.27737140555943,3.28375327928276,3.25434573457692,3.26293699175728,3.3071353993588,3.35092307548695,3.34606074654599,3.34877662796423,3.36856447238873,3.3597253808861,3.40727694559586,3.39502808801697,3.43536422241673,3.44674552634275,3.43322524000829,3.48136193166063,3.49838749658794,3.50604778175321,3.57076856814348
"45772",1.81886113364183,1.80113081793399,1.78845930809841,1.77329797920053,1.76327809264802,1.760490222357,1.77774131212362,1.79730115211484,1.82550231841687,1.84005985886957,1.8551754002706,1.83449882208755,1.82045286210084,1.80476547803965,1.7984417898663,1.78577993453916,1.78422615727785,1.78733057690501,1.79042675809135,1.77749405219879,1.79821315366918,1.81250801031219,1.8145658728833,1.78979260637262,1.78364095810827,1.79742787423097,1.8170432598756,1.81860643887324,1.82876539610561,1.84844837821519,1.8550692884353,1.89176382332708,1.89624303774807,1.92940287656975,1.94650926986113,1.94862147501466,1.98341038409514,2.00832775945109,2.03024865299331,2.08313992315763
"45811",3.79234350916618,3.75580137408597,3.72739520617885,3.69223186479046,3.66773297138092,3.65192818321469,3.63255757138336,3.61835641525502,3.61803886472141,3.61845522196892,3.6172514701313,3.62441672398795,3.64267292250642,3.65447355925655,3.68216867850346,3.69225120886681,3.73061796083361,3.77326776500765,3.81330161256613,3.81417369004494,3.86118937766268,4.02437022729941,4.13589953392282,4.20448043499294,4.28323177395544,4.33617601037277,4.34273373688889,4.28775467239325,4.22590140932317,4.16802358015052,4.09301122224782,4.07985385137519,4.02899156570224,4.02595996727744,4.0082164808118,3.97011709311679,3.98925803906552,3.98351513903255,3.96923512040721,4.00605547356873
"47251",6.92806684643864,6.86289715293539,6.82410371709554,6.7636858940808,6.71531637810612,6.67643315112817,6.63889055287021,6.58970448529923,6.55334148528424,6.55079133846832,6.5255608441902,6.50650576055668,6.49082452061886,6.45434275807058,6.44765897060587,6.4159456206673,6.40378709606504,6.41084454193539,6.43533931335925,6.40640263182581,6.38320445996444,6.38199360149576,6.3671903007935,6.32565590647028,6.32813299019471,6.34958899880759,6.37165696822205,6.34780346955708,6.34508759743677,6.36993910134222,6.32808509381448,6.34577086880912,6.32638814342767,6.39557166057712,6.39283095254729,6.3654373242062,6.39027123340405,6.37534926073323,6.36742346980711,6.40385555029166
"47312",10.6457221622696,10.5276048806013,10.4383458198702,10.3472460341271,10.2420117166628,10.1674649136798,10.1036486609311,10.0343370472077,10.0035477742406,10.0161091456433,10.0099708714932,10.0057391857647,10.0119602265706,9.99245045508448,10.0275386946733,10.0166736684153,10.0636013922379,10.1170744465463,10.1713791543074,10.1893742754394,10.2560871151691,10.3046344920419,10.3427522953187,10.3470499319957,10.5141367543327,10.7336783044733,10.9300456033071,11.0802546694881,11.2128524282519,11.2920513880335,11.1365441232759,11.0159454430562,10.8236021014837,10.758071571549,10.6320046369642,10.4859275055729,10.4357372517962,10.3797456892565,10.3352451859645,10.3596444221072
"47332",2.43169825935796,2.40508904559216,2.38414211418767,2.36324911528288,2.33972068122053,2.32432108495848,2.31116195774751,2.29608631086138,2.2925467171428,2.29440431838399,2.29543943333325,2.29726072796024,2.30262315086728,2.30273153800439,2.31610229679561,2.32071199155746,2.33534520765481,2.35545853339789,2.37775215054304,2.39231610483846,2.40195306863607,2.42605850294392,2.44078676738795,2.45496099924999,2.49958898037456,2.5321767645606,2.55107045471862,2.56970092504436,2.597350827713,2.63988900760166,2.65360935600547,2.7016399511224,2.75697192082517,2.83140393977666,2.86361879278838,2.8661760796102,2.89613049845964,2.92261166544146,2.94083292462748,2.96882458010049
"47371",4.86278731598419,4.81284917584031,4.77102796075665,4.73365958224112,4.69267525973175,4.66094131892308,4.63713877136823,4.60509293825529,4.5979672618391,4.593602626838,4.58798091342569,4.61126194016691,4.62919686482158,4.63414242621434,4.65204509213096,4.6479844221253,4.65111590263491,4.66688723598062,4.67642428900434,4.66202714359268,4.6619564169122,4.65173831392121,4.61181123618246,4.55186502869999,4.5293522072824,4.51113758168209,4.49631066488001,4.46152950651304,4.43885594627541,4.44353806184822,4.40834106939885,4.41622742409069,4.40320120629812,4.43919902143183,4.42681101656727,4.40575535003693,4.41016077635041,4.39491003216805,4.3770427314595,4.3909496474035
"47412",6.22967481512827,6.16207531166444,6.10341757643152,6.05230476480651,6.00295874575744,5.96411934215678,5.9296283539532,5.88756733326296,5.87581746823643,5.85873106483791,5.8437789396035,5.83366270864221,5.8047573449064,5.78185569620277,5.7746018753665,5.75196564854815,5.7407222887228,5.74229010343114,5.7508174490351,5.73621182150125,5.68813278664036,5.68765951053028,5.67014099819192,5.62986696811621,5.64573841187054,5.66127254036407,5.66935035155773,5.64176387349694,5.62937168948307,5.64902780352544,5.6162267190191,5.63519310474877,5.62362129274238,5.67866211281937,5.67335865408211,5.65620471257607,5.67291633806982,5.66536949854999,5.6506737466899,5.6734341280743
"47451",0.0339094858603987,0.0335727800862999,0.0333506229013075,0.0330967019162023,0.0328095394827399,0.0325912194269663,0.0324088772554455,0.0321171387473944,0.0319915155749287,0.0320242242711375,0.0319426597816616,0.0434507570978369,0.0844451292091484,0.148470834394057,0.230558085018209,0.327097046046046,0.433079278556315,0.555540005872805,0.669729648822241,0.830025791799145,0.953934664526932,1.08178832201306,1.16844914220092,1.31053082456285,1.49917267885334,1.57172389248048,1.60269406969898,1.72627717213559,1.83534276299089,1.93775137430224,2.02333850503548,2.11349949137258,2.2790969185296,2.39865155248018,2.48021020450016,2.55913197465341,2.61792760000113,2.73707064876465,2.81738865339565,2.84654854515726
"47471",2.08444218203,2.06318914759037,2.04982661104498,2.03582600265658,2.02122551111276,2.01362956264367,2.01186761270977,2.00513584894033,2.01425003147115,2.03775995293442,2.05551862195039,2.07778446070362,2.09988690598631,2.11249044379802,2.13758347718136,2.14865268386059,2.16614970220882,2.19035375628964,2.21508984001632,2.21985533955767,2.22189072671902,2.24179394475447,2.25695922622127,2.24439378536467,2.27746612306484,2.3112136613667,2.3376218702678,2.33702286192114,2.34828350562445,2.37834662711564,2.37786245105992,2.40785018472955,2.41724469442012,2.47295725343528,2.48676318793859,2.49185067122073,2.51647363086447,2.52678152321983,2.53269698033142,2.56380708205066
"47511",4.42371833845641,4.38013308475954,4.35064456954822,4.31657087033814,4.28149073306578,4.25650538228149,4.23792086444828,4.21121786363125,4.20634712143879,4.21457781978373,4.21016602076017,4.23514838828708,4.2587741035913,4.26779014241091,4.29548668655191,4.29429428540736,4.30591069884625,4.32100433549393,4.3315663515158,4.30046600424178,4.2913375145085,4.26452568443193,4.23579890314296,4.16282630321183,4.13849877348754,4.1403236537398,4.15097624757553,4.11947446558812,4.10461603081809,4.11060682007446,4.08609723672774,4.1039517281017,4.07291248080914,4.10649870869477,4.1013681137711,4.07930273916295,4.09412858287657,4.07517294475365,4.05854052421687,4.085753018863
"47531",7.95195801839384,7.88018753337621,7.82972321213389,7.77031611825583,7.70932003328627,7.662724931065,7.62256199609104,7.56845550877958,7.54900207051496,7.55256093310514,7.53663763510482,7.52045876837494,7.51224018513036,7.48706095149418,7.50694095793152,7.48979858650946,7.50304113282578,7.5197879714297,7.55175061412325,7.50996168570125,7.49475133770004,7.50965615540133,7.52838467742741,7.45389474157917,7.46693159091707,7.53598205972972,7.60506412857454,7.56095097026881,7.55248957317197,7.58125945115612,7.54441316365785,7.6059879235477,7.5607631532891,7.65144752733293,7.66300222499297,7.62496107497421,7.67543452497929,7.66035563425461,7.64862269353006,7.72526213448128
"47552",4.6554366469508,4.61249802877801,4.58471822155806,4.55123303544216,4.5174017020656,4.49615297437839,4.47578795258246,4.44629331183441,4.43622440278899,4.4491229593536,4.44720085270591,4.49960440832342,4.56514454406444,4.60499099510889,4.66721833172413,4.68188149394506,4.72902937713786,4.76811772884461,4.79586129677765,4.77450226895832,4.75083743573194,4.7086409253173,4.66241127421111,4.56132717103565,4.52370998345454,4.52291413307063,4.53746696164388,4.50096707065899,4.489794661992,4.49960682861515,4.47064950936592,4.48734373947514,4.44592488783966,4.47452366214089,4.47256712865828,4.44972018018074,4.4757013725822,4.46355814259329,4.45517706370761,4.5035258298256
"47592",5.60652242130717,5.55608438385058,5.52692268297079,5.492121117256,5.45799936102861,5.43803289024018,5.41778863455434,5.38434984377559,5.37397834891971,5.41297786428703,5.42225247303737,5.49793143129013,5.5921985591742,5.64792922322786,5.7376576455265,5.77128238939346,5.84780988535975,5.91798540227662,5.98867257717128,5.97990225353453,6.01780631211126,5.96257271190377,5.91987429042535,5.81065035863497,5.8065195797844,5.87004157062519,5.95835962498099,5.96262738632441,5.99709347933563,6.04280054354965,5.99371712181031,6.0049011874423,5.91192372357062,5.91822971563102,5.88941757558237,5.83226594858021,5.84461824729242,5.82585524110039,5.80981013173968,5.86732307228066
"47633",3.81370883841905,3.77866061286651,3.75698344831707,3.73138518703467,3.71037838346798,3.69364184477795,3.67494118750917,3.64889524410142,3.63812828747344,3.6507729186551,3.64480078167055,3.64524129048953,3.64988867525999,3.64289192006144,3.65583868331909,3.65127727736923,3.66216927694124,3.68208734498288,3.71445362377285,3.69927905290543,3.69595621750816,3.70864606388275,3.751384119329,3.772730900986,3.92369014455243,4.14323877969353,4.31476244502252,4.31839086530608,4.25897752284713,4.16636424907204,4.04606123254287,4.00413930575793,3.93342867396241,3.92360984410064,3.8990101845337,3.85976871959415,3.86788445773586,3.85749183458883,3.84464834990093,3.88163760671859
"47652",2.70599463919535,2.68075225658252,2.66341403306092,2.64249127251561,2.62661158168752,2.61474499982773,2.60151553049214,2.5861101872453,2.58554959662551,2.59116809045005,2.59142117599904,2.5953924875208,2.60448253611544,2.60404090082647,2.61615456699502,2.61519634928339,2.62970210646487,2.64923505144814,2.67131324850546,2.6668884113074,2.67270330162542,2.68731448685102,2.70324788190544,2.6866687136827,2.71014462322545,2.75328637511336,2.79515984860091,2.79596384641102,2.80730074473802,2.83214289659723,2.82839354345507,2.8683406848883,2.86871266479781,2.91141161529701,2.93223726337673,2.93179169194161,2.97104706953888,2.99232266566473,2.9988497680662,3.04938710437128
"47713",2.16691469127846,2.14659582272165,2.13366859673122,2.11674566235059,2.10773366234867,2.10331740326356,2.10714989735456,2.11547934382923,2.15268222430919,2.19786335220513,2.25256506957835,2.32175446745779,2.40107353015243,2.47264112707601,2.56546216987871,2.64346049103146,2.74731313246988,2.86464550267283,2.94397035960127,3.0370822781406,3.1614061808586,3.28408203016861,3.35928968320216,3.45617041353491,3.60665591572698,3.71426155377078,3.78806792807021,3.86886338228497,3.95534659041343,4.09877010237323,4.23928638557869,4.38011086701308,4.5596159894974,4.68351721647881,4.75197279015278,4.75378974122786,4.77212714881579,4.80508936191332,4.82599525415624,4.90092287568575
"47771",8.07439670855097,7.99618941434028,7.93201348019261,7.85365727973067,7.79247010985091,7.75272230364688,7.70564279771541,7.65852400328219,7.64010109172572,7.61700755126343,7.58867778277108,7.57214093977249,7.56085888721607,7.54289290848392,7.558883858553,7.54804630278829,7.56263509012151,7.57976768035727,7.59510994971873,7.53965566938603,7.52312058325055,7.51584710955759,7.51085472094459,7.44591812232404,7.44230940531898,7.49522634199186,7.55783730595982,7.53130696742639,7.5263423148068,7.54857295607757,7.51864943070616,7.59448781494196,7.54918350631918,7.59805513682596,7.59162080693562,7.54085528782228,7.59503718552201,7.59200431535691,7.56638595596228,7.64003064866349
"47791",1.74788628349998,1.7282174419085,1.71301135368497,1.69909292894857,1.69475308467668,1.70336454217524,1.71550662025074,1.73659765771095,1.77537906925993,1.80541608728545,1.84267079454882,1.88863310279337,1.94674415603191,1.99378407706165,2.05596921236647,2.10688328492736,2.17617786728317,2.24362465759087,2.2802048557219,2.30335623717971,2.38119824816006,2.41717164535038,2.4340115227912,2.47961567916566,2.58353201831219,2.70025073116148,2.83013772011466,2.97351156120806,3.08196228221809,3.13074198969024,3.07986761774397,2.96317543683807,2.90042728815759,2.88694289314466,2.88808499872676,2.89334236302703,2.93278005633816,2.99998204664254,3.07835259412907,3.18006061237832
"49252",0.6434993895704,0.636294012465605,0.631726314926225,0.627389485083464,0.626748842578848,0.630169203355878,0.638163216929807,0.651619867443194,0.675515050967883,0.712409993695999,0.754385452179526,0.796356356966616,0.845902383262618,0.893564326330433,0.944921912575079,0.984457751821929,1.02434475750602,1.08741708273573,1.14178807445199,1.18203330422649,1.21880638203342,1.26464191382623,1.29889163087684,1.37648652712669,1.47275621109751,1.54151470100486,1.55334948189198,1.62172867313616,1.69927756328988,1.74601624071492,1.8042573044341,1.87479143269392,1.99777835355876,2.10254471974001,2.19666977788996,2.22858250637809,2.32309378485356,2.43926486211934,2.53643698313312,2.59162763764572
"49311",12.0881002954957,11.983037846971,11.8962137860156,11.8050198251983,11.6892921502579,11.5973354437715,11.4519076840862,11.3015181037969,11.1788695260611,11.0794056044192,10.9735002938741,10.8765844355579,10.7853149138781,10.6853035852311,10.6100270896966,10.5162077395461,10.4476815764643,10.3857330510639,10.3346087307172,10.2581969844276,10.1846073730498,10.127290071842,10.0700367214207,9.98062410988834,9.91934692611101,9.88283278235633,9.85629916972362,9.77567403136958,9.7098925632646,9.6706040039158,9.58573582421048,9.54283800650114,9.46232703684999,9.45087421211452,9.39687129265108,9.33431910993073,9.2982339548983,9.23507865589259,9.17365463394334,9.14630000370621
"49331",0.504015077729699,0.497411522133645,0.492459146052462,0.489328638542954,0.488329808694192,0.493197909725968,0.505806155046397,0.529873019637823,0.57417859812825,0.626221884047143,0.694361636145911,0.757339225400397,0.820565630302518,0.877570623174096,0.936991379707754,0.980587567434991,1.02740216414812,1.07945623059544,1.11489521638,1.16265941570996,1.19735509643137,1.28896763937037,1.32368486831851,1.3633129204621,1.41468300333068,1.42826433707853,1.41842185589224,1.47168949162521,1.53112401594525,1.59552208279858,1.64808851202986,1.70898022727096,1.82035896045345,1.90456691686046,1.97375375441143,2.01062325422735,2.07513098953133,2.15478798635673,2.20985689815901,2.24066564112019
"49352",4.88188741023772,4.83410814984584,4.7917372502433,4.75417572912518,4.71151767655811,4.68104895782205,4.6517542503413,4.61399640232693,4.59804320738318,4.59001936788728,4.57767319994888,4.60227369885835,4.62317484101301,4.6284725012982,4.64413306261221,4.63352907237084,4.63179693753304,4.63677154841761,4.63576638128247,4.60858210152119,4.59371904119915,4.53526751970371,4.47315443468991,4.40505856411854,4.37226086842167,4.34840197868394,4.33269095823121,4.29705748163862,4.27403435521245,4.27374793201796,4.24441980611722,4.24800298743274,4.22834639302721,4.25554072663668,4.24581266825269,4.22795940399055,4.23112693262488,4.2145665961063,4.19864408522109,4.21206771840775
"49373",4.09956046733345,4.05735486142643,4.02047963839997,3.98952420439448,3.9548144100581,3.93117520150886,3.9095808485947,3.87928996371181,3.86958808589615,3.86204895002338,3.85272215040639,3.84511252319879,3.83315314734491,3.81641439848705,3.81177506439192,3.79265144179134,3.78718238759206,3.79032874482794,3.79535022477311,3.78091613736482,3.76485370968765,3.7668853639517,3.75840809930579,3.73421280720814,3.74427629026937,3.75486746646612,3.76280550005135,3.74460879169962,3.7354440675017,3.74911796161002,3.7247560143792,3.73638841429018,3.73113260877697,3.76883790456614,3.76646154645407,3.75578214801893,3.76938098934834,3.7666457445967,3.75990300867345,3.77827717639429
"49394",3.01121163309961,2.97826929827646,2.95011908279898,2.92867402142612,2.9081583657772,2.89626755307422,2.89821804931324,2.89444106400794,2.90897710648281,2.9143999032538,2.92051469593909,2.90595810494404,2.88694770561592,2.87249211790628,2.86845377458965,2.85730151944144,2.85564223779155,2.86486991781749,2.87530796786539,2.87679468906309,2.86933702034756,2.93874470300223,2.9840260587652,3.01908890601717,3.08727934038184,3.10813466463011,3.08316700007635,3.03398768717397,2.9819690679016,2.95978856626269,2.91860166495417,2.90943918594151,2.89420274938386,2.91713878205841,2.91351410560735,2.89533068013614,2.89152723906385,2.88073377703086,2.87035891255331,2.8777165429253
"49431",1.22624442815498,1.21036628389159,1.19818367692821,1.1893276915981,1.18621280365897,1.19606455553836,1.21438922319844,1.24175971875619,1.29612786797564,1.34687754602483,1.41663170176635,1.49329456980309,1.56503063432867,1.63885432386002,1.72150398956881,1.7996443158039,1.87722716322998,1.97624511939838,2.05585555456064,2.15455530809716,2.17991076940467,2.31570574146268,2.37886950326858,2.4653902334698,2.60324662286164,2.630792670891,2.60925100790239,2.66045395092852,2.71149020799147,2.77393660845938,2.78827607896788,2.82037639499518,2.8988056692948,2.97868841761828,3.01609827678827,3.04244689340388,3.09602799870497,3.1790351124578,3.23553167222168,3.27217601633251
"49453",0.831091657101613,0.822398349087712,0.816658353518755,0.809984746852168,0.80293046614931,0.797667132601375,0.796645794062845,0.799771304158771,0.820086968177963,0.854464951559526,0.903755846534701,0.979315314088165,1.08186626898573,1.20529672299453,1.35547694625991,1.51976576598433,1.70872047481791,1.93852144381305,2.14175443053915,2.40710907905057,2.59403303165347,2.84856033178739,3.03908931320356,3.31104293834774,3.85293459376583,4.28145881561712,4.58726454754724,5.05313140405511,5.28822237056749,5.32745129076822,5.14617350667172,4.87519345760111,4.68694009165484,4.55913440827877,4.44952982993341,4.37274649822066,4.3145401218359,4.32191552334286,4.33399716375206,4.32030290869287
"49511",3.77068751947425,3.73420714402493,3.70950154832531,3.6811650309143,3.65174052760685,3.63126337817585,3.61518450143307,3.59329091881963,3.58925427976931,3.595724662411,3.59163018947674,3.59951746939686,3.60748274699086,3.60762843444706,3.62570771935452,3.62474404296705,3.63460128098632,3.64908655941498,3.66491202220644,3.64420937431871,3.65499312178149,3.64858585889778,3.64288364288937,3.59950125892312,3.62002108285426,3.68614525123844,3.76726765112778,3.80500464837397,3.84981041987504,3.8921376774269,3.86018389316228,3.8462274413678,3.77334448970946,3.74800033082243,3.69768842118273,3.64369251768745,3.62549505177008,3.59525963942148,3.56870758168025,3.5743518080655
"49551",6.58598198630477,6.52662450717159,6.48789204715344,6.44015857515706,6.39425502625301,6.36270568522228,6.33228553587459,6.28982943968426,6.27502950826298,6.28624961541563,6.27692707157502,6.29690183530789,6.32975446021237,6.33389443832986,6.37277893533901,6.36717365579555,6.40468976342924,6.43689061568095,6.47573287021501,6.44915480003734,6.44712244947254,6.46214875706985,6.46888105415341,6.38527766276715,6.36689846179559,6.38824122023897,6.42259789063716,6.37191168393033,6.35012524405819,6.35369084974544,6.31143364350652,6.35010350236721,6.30115653242835,6.35704691589689,6.35872064489304,6.32294416062553,6.35898553969143,6.34307729118807,6.32431380546151,6.3808006616183
"49672",1.6167335693924,1.59789831790441,1.58570989345677,1.5739268612878,1.56889977949458,1.57204262085857,1.57514979182927,1.5808878132419,1.60156964821897,1.6116331357519,1.62552100295741,1.64352460620882,1.66768355571981,1.68385677480753,1.70893621351174,1.72477071678332,1.75475028052914,1.78619292343488,1.8024385790175,1.821253160673,1.84640754108902,1.90858067687865,1.9362766416268,1.94860494505942,1.97248482415154,1.98830733877697,2.00060761749734,2.01170252308234,2.03227402047539,2.06697370144566,2.08567566964625,2.12346981319222,2.1577247671147,2.20145020777284,2.23434840201262,2.2487561557378,2.28854187460261,2.32764856931787,2.35210893612349,2.40150486189328
"49751",3.22586663884004,3.19498597782335,3.17024629052467,3.13967024873623,3.11659660317292,3.10090522859647,3.08493399067916,3.06542431678563,3.05998730363476,3.05741317760091,3.05047649403785,3.08010836389323,3.11012384953532,3.13061741162038,3.16524478059823,3.17840275605621,3.19876985055374,3.21773568844153,3.22526671446716,3.19538911038407,3.19116451789081,3.14206354807424,3.10218862087356,3.0472899051796,3.02404921237743,3.02198900144469,3.02637408923663,3.00484414598273,2.99675959635401,3.0043717426919,2.99827653220798,3.03976704446487,3.03375147619528,3.06863189240348,3.08123016519497,3.07950279312797,3.11922126106414,3.12493538500049,3.11372874460963,3.14710861694699
"49771",0.407505723794547,0.402583560906327,0.398900469159638,0.395672015736247,0.394662134739924,0.39696401713303,0.401351079170799,0.409080757404631,0.424019608151538,0.436167377937243,0.453681620900947,0.485748699278351,0.532712842058778,0.59072207455962,0.675606848576497,0.766559192739815,0.869358928138466,0.975570265815102,1.04719541199118,1.14746066203502,1.28263188743656,1.38459143620523,1.44933321124236,1.57546517741675,1.71397847371578,1.78660065164399,1.83165828744259,1.9262672228233,2.00872618599354,2.10409269192061,2.20201610771323,2.26011559802713,2.40024044637692,2.49170673279218,2.55348572586125,2.60722999869073,2.66132348279462,2.74622464614929,2.82400832338191,2.89683473223657
"49791",5.02459523684331,4.97516243846172,4.93309095100312,4.88423839997192,4.84641137260519,4.82188823138365,4.7948931913511,4.77203772745603,4.76941111627821,4.76458806357613,4.75839995826254,4.75992578433185,4.77145808467855,4.77902432433523,4.81217259203656,4.82916534985342,4.86709172877215,4.90123234332504,4.92810268490119,4.90405617900194,4.94187862297728,5.13183210739936,5.26280386392569,5.33849479678988,5.42585840618351,5.45713798756709,5.42915674066143,5.315581885627,5.19074085059688,5.11536010338088,5.03688000844665,5.02928612287133,4.98136387347121,4.98422864632137,4.96107273742725,4.91645058999552,4.93228061261649,4.92286296317628,4.90165973600056,4.93969780164574
"49811",15.5315090055511,15.4114687692561,15.2941635468807,15.1448935078505,15.0257177285992,14.9401085496475,14.7432242662333,14.5636569291375,14.4218883359976,14.2667806814812,14.115218730935,14.0070964269161,13.9205206020414,13.826570615512,13.7586725593262,13.6646834058378,13.6013380362694,13.5359306161224,13.4841054577345,13.3533398833656,13.2540847476969,13.1492949023483,13.0463271157006,12.8915687496829,12.7868827405327,12.7378297018099,12.7101282316372,12.6179264908487,12.5407390354541,12.4819254713028,12.3832314594743,12.3719537822866,12.2601217489804,12.218361570666,12.1379742190655,12.0231922103207,11.9839070295852,11.9047827590595,11.8080351924361,11.781436124943
"51291",4.86731437349893,4.81396115725352,4.77603897543582,4.73723062533789,4.69756385763954,4.66885819906877,4.64497144059876,4.61369474673615,4.59672156378814,4.59890893905738,4.58696363495703,4.6009233976769,4.61301557263192,4.61551570145278,4.63473354223734,4.61839217408228,4.62228745092321,4.64179573930705,4.66228011392971,4.64256741367064,4.65566926981689,4.62698834418259,4.59411300895247,4.55435674783498,4.56044728015408,4.5747274700136,4.57698787433334,4.54860707703854,4.53535787381643,4.54576544117948,4.52010337751554,4.53209834671466,4.56302542223664,4.69050977104029,4.80350392400976,4.90118804211656,5.04884192487193,5.15818402325455,5.21630993247693,5.29207948414278
"51331",4.1716436533047,4.13024844792297,4.09266752326881,4.06275319868635,4.03157576434989,4.01574551268625,3.99630585354655,3.97531809217908,3.97143592796854,3.97452344170881,3.97497770072389,4.04705110203676,4.10979376998136,4.1558483518149,4.20821356728118,4.21556220415601,4.23269341527225,4.25588892154249,4.2673232981493,4.25522203089192,4.24678790276098,4.14391721908929,4.05562736148196,3.97839254770931,3.93930422679959,3.9089902605075,3.88842084180667,3.85845901746654,3.83995602538737,3.84168683480419,3.81747668704344,3.82212433942876,3.81134708361814,3.84492539844415,3.84688773986499,3.84133886634348,3.86146443704631,3.86373250723213,3.87252102767927,3.91009799120507
"51432",0.775851894917884,0.765581406224202,0.757651715880702,0.752719476092722,0.751069478194393,0.757816769077943,0.772260358339895,0.797820927781175,0.849892167219787,0.903258967290494,0.978857647502485,1.05511000520929,1.12429941711453,1.19222716951047,1.26164386725208,1.31913247122838,1.37583028230474,1.4485814682526,1.49410166592349,1.55751963444259,1.58929502761801,1.6548948683158,1.67888396792991,1.7283214117847,1.82526017966128,1.85225261538637,1.83749226361802,1.88853487712821,1.93495057601763,1.99299295465206,2.02530354829101,2.07285179003963,2.15827955861171,2.22825586309445,2.27049952491917,2.29627153419807,2.3368971803133,2.40269715056134,2.44630190193937,2.46408697953387
"51471",4.02590873256099,3.98328738798076,3.95313296944265,3.92448758986646,3.89167717305941,3.86822767353287,3.84537938777523,3.8170934617317,3.80789412694899,3.80804716210649,3.79952679869643,3.80375129437132,3.80093064769467,3.7913792206261,3.79600404105741,3.78318638367807,3.78087662221362,3.78674005530687,3.7985682795053,3.77867867603663,3.76105055681592,3.74929027101836,3.73673645485882,3.69008964513898,3.68370024116543,3.69261480252931,3.70435788801751,3.67889009672085,3.66521912463981,3.67193965529943,3.64812479128213,3.66081902005886,3.64094270330758,3.67396358102333,3.66959907573596,3.65211228932385,3.6607560378802,3.64783925125765,3.63261735558276,3.65252488755308
"51493",2.28233177031095,2.25796383184409,2.24100387299658,2.22424503203368,2.20637072013947,2.19591302803995,2.18653677244819,2.17513674981024,2.17578564382132,2.17781114344381,2.17465363951018,2.17879428942775,2.18418837759517,2.19106059515431,2.21106735315258,2.22443897754142,2.24978121542745,2.28577958111102,2.32237701035608,2.34610430664316,2.37760030484872,2.42210356795466,2.45059563745875,2.46626384069901,2.52945338947175,2.57054365926677,2.59327692178635,2.6213773042323,2.65587426088946,2.70344131218818,2.70897624802611,2.74872823823038,2.78570468258276,2.85169477307855,2.88779010117069,2.93929474241202,3.0463238973697,3.16701082500747,3.26511720707831,3.3512947738808
"51592",3.55432734275626,3.5162506286069,3.49498953891247,3.47179616139884,3.44934964488475,3.4363857005634,3.42415123155632,3.40833930840124,3.41303174479636,3.42502457145606,3.43245606592984,3.44265122155887,3.46263800286991,3.47283864981842,3.49829165617748,3.50843234224001,3.54759210438975,3.58230145443567,3.61934295977237,3.62565255259481,3.6387711817917,3.67554142503027,3.70482679556669,3.76019524029286,3.97635129436897,4.22123136628798,4.37506340729386,4.40361393079906,4.34358908544464,4.23126445252004,4.08054206295382,4.01581132846674,3.93770215602887,3.9134601427032,3.87940625920502,3.82631520383698,3.819044589073,3.80454903814803,3.79002019218769,3.81390192014776
"51631",2.19288452274577,2.17097454492068,2.15641376691752,2.14156377906284,2.12840670756827,2.12362026449099,2.11506027589458,2.10687653885673,2.11050975563991,2.11533958153809,2.1196945608381,2.1276521970209,2.14357385471957,2.15367523492601,2.17541013467589,2.18563629569164,2.21482719662602,2.25462142817238,2.28733948623655,2.31131875322808,2.3398823263325,2.37098260358626,2.38994368887397,2.4051127511272,2.46893346741157,2.52495525968999,2.56986286068396,2.59009499480271,2.62195880620518,2.67263282572477,2.70024208887145,2.75640490389905,2.78930228643995,2.8374323562611,2.8639349705855,2.86307520609936,2.89742609374145,2.92606649201267,2.93901656970363,2.98425762459494
"51651",3.1381824965225,3.1031128313603,3.07909655825424,3.05460257311905,3.0326937666925,3.02299644070064,3.00766696210039,2.99636052635929,3.00098262664024,2.99810650527544,2.99533705920438,3.05681298539364,3.12352717806924,3.170709210189,3.2174249544966,3.24113781695457,3.27951675081412,3.31572237598883,3.31508566655213,3.31483516247813,3.28263777763406,3.2030298811949,3.13401952530942,3.07027806264609,3.0419364208811,3.02675789584209,3.01671989700826,2.98658459822273,2.96879513285656,2.95892004143022,2.93145639667698,2.93872976634641,2.91213550527032,2.91904370958692,2.91329605934604,2.89496092925116,2.9065659078908,2.90450809796481,2.89610902242693,2.92238840942931
"51712",5.40277239434389,5.35005065375798,5.31436678832985,5.26652603896138,5.22933054531344,5.20313833818178,5.17936812542627,5.14930751843578,5.14667363767687,5.15050466217797,5.14256118187602,5.16030129475098,5.18055394370084,5.18807305550108,5.21353844230383,5.20401386860398,5.21873985516347,5.24494936681589,5.27087180405055,5.24150356865251,5.2047785688186,5.18437658123069,5.17898074538884,5.11866345653859,5.10998009472046,5.14985271233675,5.20307755188032,5.18496870383589,5.19173624764916,5.22092954604988,5.19106491572881,5.24042403039693,5.19833500975024,5.23014878085631,5.25131177245832,5.28609717789592,5.46081294766674,5.63926768374891,5.80438179950276,6.06129471324972
"51771",6.20005812274721,6.13799661204292,6.08631783904143,6.03173319698509,5.99064863414579,5.97161414871845,5.99242236338089,6.01372581090391,6.06714223280611,6.08952952329548,6.10339680167636,6.09361513674076,6.0746278393554,6.0473318253589,6.05339111647447,6.04130163760031,6.03881519240335,6.03260595188513,6.02497728491592,5.96444615904558,5.94309957697208,5.94248696753805,5.93463187246605,5.86956220139521,5.83727563143588,5.83162798051845,5.82757009145361,5.76295720317307,5.7145255937193,5.68836364211534,5.63640335606328,5.64782541772777,5.59601494013588,5.59583901895506,5.57133600846514,5.52510182900156,5.53175790355527,5.51054431080301,5.47596651948399,5.49717219483945
"51791",2.09773199018394,2.0760547215365,2.05792606673781,2.03853696087173,2.02405021747606,2.01705827176785,2.01085845101541,2.0077254608853,2.01732555960612,2.02247821638002,2.02967366576456,2.0412192187915,2.05557460287512,2.06788681698452,2.09446508969816,2.11592024794542,2.14561954181594,2.17130322597149,2.1869922309654,2.186232004033,2.23518804120657,2.2711163470059,2.27984507860112,2.27156200687589,2.28457147472575,2.30367412432812,2.32509758682402,2.33482285287773,2.35002878110562,2.37704115905144,2.38977882993417,2.42465536967092,2.44563427101154,2.48952921200007,2.51467854282204,2.52790908998463,2.56690551975459,2.60887857776178,2.64130715446821,2.70049667954643
"53311",1.90409690349656,1.88451277374195,1.86849936312176,1.85282343584691,1.83660309108508,1.82505354458191,1.81739767639077,1.81157866586949,1.81860545116288,1.83671803438678,1.85816594780967,1.88565856997691,1.91672894893627,1.94776588214994,1.99076507428297,2.01569391328561,2.05462240285338,2.11192988837194,2.16675330222872,2.20967405450047,2.24983874374338,2.31720447721581,2.34674791030266,2.38152092201581,2.4524147682933,2.49922795953129,2.50959339209007,2.55542825202261,2.60785972628524,2.66080836693403,2.69585142411874,2.7373886866439,2.82325086507707,2.89930671800505,2.94995057817138,2.97983456691737,3.0793918482893,3.20541126805565,3.29886079721844,3.3710604695482
"53431",0.185231633696011,0.183140090069823,0.181411053246213,0.179924349900161,0.178271481936516,0.17724261381225,0.176084642346239,0.174803187556962,0.174367428393585,0.17379427055995,0.173167651171547,0.177151682703053,0.18948104509877,0.214731581001918,0.256103730416822,0.309342756795983,0.376381604524502,0.459314969420632,0.534734017205981,0.636674843775284,0.73687560944792,0.84481094788452,0.924504843464447,1.04444377136125,1.19134110540273,1.25337636496615,1.26580113207079,1.35300845337167,1.41602886288527,1.47894248123625,1.52826490449165,1.58237076019452,1.6928236031567,1.76504117040074,1.81702256781256,1.84495760984455,1.88636228704702,1.96341781323986,2.0227382534031,2.03834124845293
"53471",5.9728213858528,5.9166790027496,5.87114266913605,5.8298034675568,5.77382734774874,5.73436196974407,5.67526983605084,5.61268171268913,5.57535141391025,5.54341653329912,5.50549910923135,5.47788537369295,5.44314078529975,5.40649757025214,5.38382627390108,5.34690912602806,5.31961365580133,5.30009133679551,5.29076505260886,5.25146975733743,5.22263181095099,5.19922508482327,5.17679133791689,5.11715197436923,5.09273326688674,5.08997379293188,5.09249783696399,5.05108018041068,5.02208679562263,5.01354132302846,4.97615159300239,4.97576643107505,4.94178000374299,4.97426776339988,4.97709089741576,4.96965557220011,4.99265548100033,4.98557866839261,4.97025517188289,4.99194528927856
"53512",7.43103490959116,7.36086628115088,7.30764679868783,7.25146611467096,7.1802852697988,7.12733850617464,7.09807939031137,7.06321951296787,7.05501841020282,7.03147651699546,6.99372785064648,6.89748763274199,6.80645998043023,6.72255303760643,6.66291591806421,6.5940083579356,6.54422054790429,6.5081735037378,6.48686127944827,6.43597000962208,6.39697672230724,6.37701302245258,6.36287350073578,6.29466141054758,6.26276041194817,6.26486720933973,6.28278413857057,6.2406939853739,6.21520018490497,6.21468710645272,6.17408994530354,6.18965831273968,6.14476639290388,6.17900942164168,6.16637739596953,6.13599524308472,6.15172010207076,6.13408400815988,6.11609416462135,6.15185450300886
"53531",5.18333623179994,5.13239154735462,5.09613606702688,5.0570478452601,5.01705453054554,4.98457170872291,4.96673750871776,4.94649971373073,4.95132050665522,4.95832697359316,4.95314301093355,4.92793039319406,4.90204091118096,4.86812884571043,4.8577638381611,4.82898753658624,4.8167887861474,4.8151168056419,4.81950839341451,4.77965106157506,4.75664131219423,4.73943774060561,4.72655467929684,4.67261533847537,4.66374245841553,4.69178806261588,4.72956902917124,4.70269775320953,4.69583252433803,4.71362711082168,4.6842075002448,4.71006163522049,4.67864365667631,4.72554103898542,4.72910351047799,4.72409198300077,4.80034284771759,4.86612708172357,4.93559141333372,5.0557985051447
"53571",1.32722606019814,1.31430157969338,1.30578059078866,1.29564830117125,1.28556057763597,1.27689182847362,1.26835017829232,1.25914586292453,1.25752837637452,1.26060873074608,1.26224338285891,1.26906498730672,1.28366776246375,1.2992199480724,1.32934731443514,1.35492032674235,1.3952373240625,1.44688976819442,1.49035578453701,1.51998632345084,1.55827641782268,1.61696112891264,1.64789254292125,1.67267680683576,1.73340125416934,1.78281686246808,1.81344582506261,1.85000348772979,1.89018799428651,1.93901665750251,1.97280644570842,2.03217799737995,2.08627920005902,2.14458394534293,2.19972503966539,2.22248513723582,2.27427645658765,2.33471556088299,2.38364012703257,2.42586804431067
"53631",0.588519098993255,0.581365679803516,0.576849526735771,0.573906818378131,0.573736369078103,0.580217050082057,0.593451809450412,0.619935087190345,0.669342108825866,0.716806990255358,0.786140282141805,0.863245277303006,0.959897561669934,1.04720301245837,1.14580042151342,1.23921286318367,1.35958237703832,1.49117010455587,1.56375787527332,1.69698291332843,1.83676265326376,1.95884021721793,2.02026005721161,2.18269529334625,2.44590300539809,2.59700479147951,2.66360126047325,2.7536074574032,2.76937226802977,2.77504623280615,2.80662830041747,2.84865040142261,2.96793049335898,3.05573528333644,3.15638028427904,3.21946160843282,3.29636724015166,3.39696770215021,3.47393137739061,3.53988146366995
"53671",4.93297057185855,4.88022875344959,4.84341998903718,4.80439343092357,4.76914649230321,4.74937560374365,4.7208996708212,4.69138303567553,4.68337074674584,4.67710823863932,4.66608931449111,4.73219514587802,4.80903740846725,4.86156818561139,4.91934036011379,4.94195372617038,4.99152885999691,5.04394058985378,5.05720999542647,5.05241722256736,5.09008958127792,4.97445247537209,4.87803634647548,4.77963397516084,4.74014777744194,4.72227278643984,4.71860166833984,4.67634396304443,4.65227322404785,4.64557026813038,4.60689921028979,4.62646693352723,4.58711220533202,4.6028135982176,4.59799339099995,4.56843558311794,4.58613155408965,4.57675027681942,4.55461013859831,4.58660752068257
"53711",1.62589592413411,1.60840441058696,1.59685622330314,1.58409488082713,1.57580544024885,1.57358412187591,1.57358362970426,1.57509447107921,1.59280987273436,1.61178779666864,1.63446073828141,1.6627299518639,1.69752400917314,1.72830011577011,1.77142288350865,1.80340295859657,1.8564614507334,1.92002680326074,1.96191728458885,2.0014823370218,2.06189675761961,2.11104268968278,2.14061832271273,2.18651862012332,2.27707068054501,2.33516737418376,2.36982990617218,2.39474307992923,2.41998591634365,2.46715057233223,2.49436336280357,2.53754640350214,2.5903940938953,2.64926914343608,2.69932796254781,2.72563821062635,2.77606319871894,2.82434911809963,2.86460341412427,2.92995530376238
"53751",2.85554108047462,2.82605473798057,2.80332720217608,2.77992372718586,2.76490894436693,2.76176888416651,2.76414161096427,2.76915373276975,2.79895961481547,2.82283500688411,2.85380915843984,2.91859978948013,2.973867028104,3.01155853891334,3.05475612809476,3.08634312597588,3.123875765983,3.16196140676534,3.18095195007159,3.1738949693098,3.19268504834423,3.16830086317677,3.14373555496898,3.12447076408936,3.14550909387861,3.17773990454032,3.21357981754489,3.22707516190872,3.25159898305363,3.29845318298104,3.31991255374606,3.38346429775098,3.44181659908171,3.54600857649222,3.61872464283347,3.65080541476214,3.6973396786197,3.71310423296129,3.70271859229991,3.74095267075175
"55311",5.19338469827629,5.14035551976918,5.09753824054186,5.0531125337969,5.00857020313554,4.98248284673928,4.95508553754867,4.91842118469135,4.9055413829698,4.91023168120933,4.89658561648688,4.93485423037867,4.97537688582431,4.99501209304743,5.0238502391785,5.0078374282121,5.00503836955604,5.02266352044399,5.03390092835448,5.00780080038518,4.96623260275314,4.89535068428,4.83130609606624,4.76657392441485,4.73416808133036,4.71373146753319,4.70011532378408,4.6667890212644,4.64415946621681,4.64505395853067,4.61442749994723,4.61491239018078,4.59602378163015,4.6232087921306,4.60818249361176,4.57961326628535,4.5838792602566,4.57203898756986,4.55808849293635,4.57636979827374
"55353",2.48611347513539,2.46091727123115,2.43617803821682,2.42163900894655,2.40083099833894,2.39330449465883,2.38333356801648,2.37081721943283,2.36943285200121,2.36937388742103,2.36198883150608,2.35744469486987,2.3500080497302,2.34212546030412,2.3389115639922,2.32333328887921,2.32124672365159,2.32662889382613,2.32610955552934,2.31799550959971,2.31657576419641,2.31906190496029,2.32169848845994,2.32145835616315,2.34380029657411,2.35981017251205,2.37191743360927,2.37913821281093,2.39198101089843,2.41081457646545,2.40374448868587,2.41394773731765,2.42904208605933,2.46105054777409,2.4703626440609,2.48582945268178,2.53457896001279,2.59137849682198,2.63990125309912,2.69283142843145
"55392",1.51414524325079,1.49705838343443,1.48320184459889,1.47566874098264,1.46732288378366,1.47199108843851,1.47646642371185,1.4834530441232,1.50528435647519,1.52171541322628,1.54125017932912,1.56987408675985,1.59762029631578,1.62499683449667,1.66571150803337,1.69574957999188,1.74385094516329,1.80594917929523,1.84025805776225,1.89044756543624,1.94658875364045,2.00707911805575,2.04130069168865,2.10095379112822,2.19578491997966,2.22327151174837,2.21100843331334,2.24436093989743,2.28332871656593,2.33016269117453,2.35824502171121,2.40243443567441,2.49097022880814,2.5618261959886,2.59736964862813,2.61556045451581,2.6547267662665,2.71594437086872,2.76965284006035,2.80586501448526
"55411",11.2329783560189,11.1186081292807,11.016415068809,10.9357852975738,10.8280300296874,10.7727592733033,10.7222971882865,10.6685140306165,10.6644555601481,10.6398998972837,10.6066259013191,10.6273443612026,10.6301057934322,10.6007874429939,10.6097609094416,10.5732167225004,10.5682462031665,10.5894168320545,10.558625288344,10.5073901910975,10.5015050652685,10.3991454287717,10.2716189712346,10.105800469753,10.0344125987298,9.97059554153457,9.92839646426347,9.85000778519212,9.80050554881011,9.79328845928179,9.72687727143985,9.7266807853954,9.67564532327631,9.71731638276946,9.68628776369552,9.63600249026853,9.63372422357736,9.59828381290886,9.56069166981669,9.59020205101294
"55592",5.07369819656377,5.0219452855094,4.99341612836369,4.95251560895668,4.91125325146719,4.88508881581962,4.85232853128725,4.81918696789263,4.80777409752041,4.79973129436501,4.78902144071868,4.78964726126433,4.79420389072698,4.78999965475556,4.80074771292549,4.78604997884383,4.80191467778685,4.82711591492074,4.84902087747038,4.82911642304346,4.82386052362045,4.81450905443849,4.79982538958642,4.75701136601375,4.76967846568766,4.80796762020128,4.84921800368845,4.82956684299641,4.82704929985234,4.84674691252064,4.82280695465866,4.86640670306981,4.85412725233789,4.91262213648611,4.9316783960121,4.9045535820442,4.93157392321718,4.9336999025436,4.92290475446793,4.9676007951042
"55711",12.0082924373039,11.9218188072545,11.857165754059,11.7590392286362,11.6661735358439,11.5938833390752,11.4333352519876,11.2719454604047,11.1553267666858,11.0376622218959,10.9231486024507,10.8302753427245,10.7500519374285,10.6644587108263,10.5983120988987,10.5085305181967,10.4445642413478,10.3915784177815,10.3520936088535,10.2614970388686,10.1835780720073,10.1109403273514,10.0418106547278,9.93270809337585,9.86240830955569,9.82774132817889,9.81105008738171,9.73877038753453,9.67943135632686,9.63571222135818,9.55839103958417,9.53866914607026,9.45064355062275,9.41289618857803,9.35194874215061,9.27002016113397,9.23520998338309,9.17148616052712,9.0963109280865,9.07366265883284
"57353",2.87688678148304,2.84665905386875,2.81883073156476,2.79819332997081,2.76930989549245,2.75939631206818,2.74185053701158,2.72151329800571,2.71831709734039,2.71521373037295,2.70423292919818,2.70089805196142,2.69634097670323,2.68832967121239,2.68774525997452,2.67455783999073,2.67825522901866,2.69195972867645,2.69945749135197,2.69753983986486,2.69794123462963,2.70228135892838,2.69970453939367,2.69718082870754,2.72150488575819,2.73525163807039,2.73567732452891,2.7328846186671,2.73918278859504,2.75824368662875,2.75810034399752,2.78201555528635,2.83456553917782,2.92309929379261,2.99410341795717,3.04872806710918,3.11670462559716,3.17524516270865,3.20504663980976,3.24294472084082
"57371",5.55161685913672,5.49491460313137,5.44357703806513,5.40970499965411,5.35492935480683,5.33880795340116,5.30431335233339,5.26912702270563,5.26598101819488,5.25766350544942,5.2375774266051,5.27200998321662,5.29224800018568,5.29506208671309,5.30767374189476,5.27964124668925,5.28141143891443,5.29694512104357,5.28242527318324,5.24707897571903,5.20301964758958,5.13234253657125,5.06353863152853,4.99670675057198,4.96854855063988,4.94081259723136,4.92060677965385,4.88328683829885,4.8569259541612,4.84756537460651,4.80956906424311,4.79783925293018,4.76970374128438,4.7821984823304,4.76097235186076,4.7365665116463,4.7359223968433,4.7224636695357,4.71062223518057,4.72967712911082
"57412",5.90419315022869,5.84659826258804,5.79484570256206,5.75526085328694,5.69782945509198,5.66788790118032,5.62826665884818,5.5902725440106,5.57974125904384,5.56897462180306,5.54739588351819,5.55941837984188,5.56264091821594,5.54983556240208,5.55835227960039,5.53848325635275,5.53947448341226,5.55807428488536,5.55238233312316,5.52491775951968,5.48448039014417,5.46267905009537,5.42591360876057,5.36292766950212,5.34734443368353,5.33333032716735,5.32572078896359,5.29305135296797,5.2907894252094,5.33076210586749,5.34770828257774,5.4126981424428,5.44465646903398,5.50453406972888,5.47463451444533,5.39343086100293,5.33647983693139,5.27504053121179,5.21902630304707,5.20228606660603
"57452",19.1853318987475,18.9980487042571,18.828298752451,18.674589480216,18.4761390142702,18.3475709564851,18.1647352221513,17.9720198044949,17.8370546473053,17.7061480037914,17.549304209172,17.3858231046075,17.2299639949186,17.0578827215988,16.9189812740553,16.7638902526185,16.6347567991945,16.5308637470267,16.4473240670779,16.3209661642489,16.2067707453816,16.1129823672735,16.029708900151,15.8751617451937,15.7855133337742,15.7356970068679,15.7070548090715,15.5848229232039,15.4788084703158,15.4134098042251,15.2774464408638,15.2219380056863,15.0929992589157,15.080176146348,14.9961488439601,14.8811787493626,14.8231201408118,14.7226759397517,14.6199080522282,14.6048525154311
"57471",0.947464588304095,0.936313791199327,0.927609068972116,0.920639240162069,0.913863003654627,0.91406084588772,0.913964782977501,0.915702258628903,0.924720504519661,0.934142842564279,0.944176645778196,0.963525762552556,0.991528385070493,1.02300574678439,1.06177422298384,1.10261396113847,1.15127725245925,1.21157512142617,1.26768864659235,1.33152448552105,1.3958123298674,1.45919680481719,1.49872755555055,1.57474927122396,1.6865850402618,1.73395325130852,1.75322787948117,1.82053211746157,1.86853729028138,1.9253891763666,1.9573866279137,2.00191446403545,2.09691827837397,2.16842441018777,2.22377562330496,2.25252297190814,2.30445127681576,2.37151782330307,2.42676152210803,2.45586515559521
"57491",1.25833741954714,1.24433958386792,1.2339700829347,1.22427613654225,1.21376006699547,1.20995139570196,1.20432733163176,1.20049988954637,1.20159643351575,1.20198361208606,1.20188354869438,1.2095572078068,1.22301880810986,1.2412085227764,1.26683344272244,1.29180719686247,1.32821651405255,1.37223620648287,1.41775431941123,1.46832534011969,1.51429662156892,1.61748499531164,1.67079461280586,1.72549448926241,1.78977119969759,1.78134741700888,1.75652798261392,1.76731915218652,1.77590132853922,1.80735235224412,1.84354613936386,1.91893426349693,2.02690817287964,2.10460600357529,2.12820159022152,2.08138295256314,2.02065594732849,1.95847483015419,1.9137901434914,1.87779475365042
"57551",2.07345347461168,2.04999787339325,2.03615693471048,2.01977474377592,2.0065808977775,2.00349858941437,1.99805434632834,1.99587946433058,2.00259071462971,2.00875902861251,2.01583108799052,2.0239324419843,2.03406775095068,2.04042352628698,2.05539928750072,2.052962560055,2.06589024178568,2.08479694848805,2.09118048460684,2.08558314295325,2.13809873223382,2.12962663593404,2.11257563594121,2.10271688900792,2.12547038763558,2.1494061986582,2.16805647280926,2.17825935913341,2.18999221145031,2.22180728768522,2.23085112991724,2.26266008252694,2.28058300310934,2.32108517029325,2.35116549091188,2.35356864938284,2.3887290386335,2.41870427987916,2.44767151091207,2.48536439034665
"57571",4.97891625333297,4.92628622185313,4.89577453879345,4.85034744022812,4.80837983434034,4.78113590943809,4.74925288637742,4.7235889319339,4.71649554191442,4.7122415236461,4.70992059414572,4.75474506424876,4.80028234334302,4.82942067244686,4.8668417559993,4.86092056385271,4.8849492525111,4.91480967587778,4.91498217275858,4.88397290416518,4.86462291811192,4.80680285039996,4.74243434889515,4.68266901119855,4.67603204615277,4.68649234188444,4.69938552986792,4.67278847102447,4.64806649443024,4.63447412632212,4.57948119877498,4.57882987776349,4.54427516786031,4.56051646355596,4.55319644232515,4.52251092338592,4.53165642902932,4.52410884674361,4.51228868253519,4.54274151704862
"57611",0.220801803824141,0.218380735188529,0.216975822673545,0.215065709647986,0.213057492520967,0.211723915325632,0.210088621594832,0.208656931094131,0.208005551338005,0.207115839109977,0.20632033373248,0.2104035907377,0.223316328951291,0.247774568066792,0.287360035334881,0.339130773777123,0.415942929471838,0.506560845397197,0.582859822477427,0.688437120385398,0.78764614313229,0.91224308300329,0.950149211509316,1.04554528870633,1.17838388631702,1.25923029990655,1.31288711012477,1.44742063074594,1.57247559586052,1.68425441927372,1.78557501734651,1.88646459484616,2.06008626455662,2.18183963148204,2.32333484678978,2.39875790152632,2.48925468664692,2.62571636122718,2.73888639517778,2.79605310519527
"57631",0.540634717456425,0.53404139835796,0.530459497853444,0.52628618142219,0.52314979846204,0.523172755143949,0.5287406959863,0.545628949365335,0.583212919647163,0.623867376664306,0.691582912716258,0.766589485552525,0.857725168750971,0.945331213129066,1.03826759617564,1.13253113197726,1.2626897434388,1.38254175404871,1.45914492902398,1.58444684929408,1.70952374281363,1.82304161241147,1.90377132496698,2.11401430024811,2.3780624616502,2.50756459175881,2.55091403638363,2.73845600537876,2.90790605788532,3.0536991342108,3.22429994732546,3.3654423438139,3.59522201227417,3.71020418836464,3.82982265594803,3.86760669626459,3.93873843703274,4.07084573418643,4.18198843127758,4.24044897967605
"57651",4.06720767350968,4.02558325857179,3.99868569540378,3.96592198229474,3.9328130338847,3.91395942478192,3.88984291462871,3.8669536223581,3.86467355503443,3.85579454230778,3.85147097272241,3.86395802699343,3.88518581571152,3.88904721672091,3.89784610155565,3.88839478397186,3.90174672719201,3.91691015715232,3.91663766854484,3.89778832572762,3.87834941325121,3.84824189374674,3.81673388837563,3.77979990802231,3.782891714172,3.79244004011335,3.80659177482665,3.78865691156163,3.78460984239267,3.79272834987457,3.77617608804919,3.80883685610325,3.7928838164149,3.81945647223092,3.82060907305244,3.79409976278971,3.80851636092791,3.80445492014908,3.79202556314563,3.81915504249017
"57673",0.185761757653667,0.183685700571513,0.182371749514809,0.181058247802554,0.180045535110539,0.18003834480283,0.180742771603666,0.182957505149857,0.188578902598384,0.194280882961868,0.20285456332857,0.214114981487285,0.230462363215168,0.246819209109411,0.267043430544568,0.288379388892929,0.316920803733919,0.347190553568106,0.366195201906572,0.396206027372212,0.43224770074756,0.46463166140977,0.488386165024807,0.538889010778979,0.609988516982568,0.649794915863476,0.67350742257869,0.724235562357304,0.769085595776475,0.816100562245126,0.85682164978131,0.882552565335884,0.942520317938477,0.994370967563677,1.05639463320144,1.10204458935865,1.15307619390923,1.21313009450757,1.2690830165772,1.30956197454639
"57694",1.27009874266705,1.25580545373608,1.24722677253824,1.23952708945277,1.23596672405468,1.24012311754781,1.24744521799349,1.26293128445967,1.30001932169954,1.3324433495488,1.37957423363094,1.42896590733235,1.48625438472899,1.5322916704024,1.59064459618941,1.63854040545246,1.70749791759501,1.77350905256647,1.80790900724456,1.8592383132075,1.91279671489525,1.96136645229208,1.98881442228973,2.04886843827168,2.14630123086995,2.18942729826048,2.20250928173971,2.25053680075304,2.30067918914209,2.36054012553582,2.39969154545069,2.47691012781139,2.60751716571866,2.73130461751171,2.82945255431038,2.8569367816439,2.86641787880008,2.86523906414692,2.87287280516673,2.90218312495657
"59551",1.62125635278202,1.60297858673994,1.59242140750226,1.57809850183447,1.56621988747524,1.5626194821308,1.55702853893199,1.55583030020613,1.56158440520123,1.566613829629,1.57355454350458,1.60551903972111,1.63517059140802,1.65488884785914,1.67508913590079,1.67627111686981,1.69316533486566,1.7065506042518,1.70402225037564,1.69680303757426,1.68930852623676,1.67356522310922,1.64484658236783,1.61534892644514,1.605854545766,1.59886012273498,1.59484534611007,1.58520411647056,1.58028160590577,1.58313466748346,1.57371448001279,1.58333033291551,1.58095396741562,1.59772458836006,1.60475672875599,1.60033472707696,1.61303977735326,1.61857788348534,1.62027575421349,1.63458331019923
"59591",5.4148645765706,5.35397759153336,5.31961140237791,5.27257487869829,5.23047170261628,5.20548045438985,5.23621873708843,5.27269896690239,5.32758413506982,5.34695317695487,5.36722606607442,5.29765485169278,5.24747977046601,5.19061047443737,5.14747002795004,5.08608843705435,5.05914671431275,5.04188396701368,5.02213608310977,4.97706510014262,4.93258334374524,4.90976568907223,4.88700728675769,4.84507566943033,4.83770578900687,4.85227075896014,4.88164783247605,4.85702842596766,4.84203804732675,4.84638957315975,4.81588139820417,4.84068902692237,4.81485362879217,4.84974009192212,4.85278425892571,4.82695816987806,4.84768996955889,4.84732397444893,4.83475694776869,4.873167122435
"59631",0.897885260074086,0.886281936161507,0.879633532794329,0.874120833516248,0.871863576448652,0.87684470731214,0.883354007366639,0.89501695448679,0.917225259653666,0.931872156895532,0.954923171964601,0.982916315818105,1.02110596256147,1.05614732720715,1.09664271584609,1.13376779760135,1.19332266181494,1.24956852757908,1.28357607785722,1.3321420159784,1.38066889121605,1.43727189729112,1.4662561529758,1.54497751494083,1.64805841440073,1.6965973197407,1.70869589227524,1.7629807443279,1.81747046115538,1.87300841885167,1.93408269008717,2.01137170663896,2.11517904395551,2.18705974231239,2.22966427050907,2.20111812738207,2.21224401573762,2.25152408268801,2.28940795475956,2.31470769707779
"59671",3.35859546540776,3.33252430939419,3.31409702046279,3.28608278401295,3.2546033425803,3.2283656463599,3.18443386948548,3.14218014040739,3.11420448731893,3.08814445272518,3.06412755780478,3.04762085680883,3.04416762501063,3.04637702911776,3.06471509602424,3.08749139533131,3.13790408573282,3.20824254972262,3.28102554366324,3.35628489835957,3.46363259551314,3.59205384636948,3.71058729885302,3.88323856845332,4.13979501993554,4.30986606566284,4.41199383569122,4.56975897263078,4.74867697241418,4.91196691099859,5.02905573575299,5.14126897180753,5.31181402146171,5.48303248700442,5.65000341496973,5.7506651822346,5.90026764340187,6.06528584323333,6.213912956985,6.35492394247101
"61351",2.94334240624666,2.91264097090253,2.88410342289788,2.8566536664683,2.82410894290674,2.8101765074252,2.79288639526226,2.77233427420149,2.76910984724782,2.76450938458236,2.75108652391305,2.73448385159582,2.72062588466589,2.69933494284124,2.68622384406741,2.66435970908369,2.65651038317437,2.65513608317578,2.65709112434866,2.65073302432343,2.6398892055089,2.65205630589095,2.64473974653873,2.62554931528061,2.62624225782284,2.63445717979898,2.63596833320893,2.63766620987788,2.64532742335665,2.66052368328754,2.68298712145006,2.7299472306168,2.78287957773005,2.82836725365302,2.83574931431362,2.80530929373652,2.78756290420074,2.7773082758798,2.76472311116332,2.76483438337593
"61391",5.66044416666954,5.60681450481892,5.55436827401884,5.50597140536772,5.44723440765628,5.42137085662164,5.38440763883441,5.34800075012663,5.342843765426,5.34289783153095,5.33035686649224,5.34117824819773,5.34532564645812,5.33192206006842,5.33618252546641,5.31433590773787,5.31885816742083,5.33632236102967,5.34519846012263,5.32245266410292,5.30579792141741,5.27881897411271,5.23730592685575,5.19247777737251,5.19557247128378,5.20700800531154,5.2027133889608,5.17509459282791,5.15524583934395,5.15353032217533,5.12614216787939,5.13338518851027,5.12452611312219,5.16250575901873,5.16275884214947,5.14323162558425,5.16031122139307,5.16119913083155,5.15809869160148,5.1917884926901
"61511",0.151170112312863,0.149460075136189,0.148192821863364,0.146913692607594,0.145409157461264,0.144589091530529,0.143820086072744,0.143877937101202,0.145146917827969,0.147431580492371,0.150561605625925,0.187510591847959,0.285771621993352,0.445253425605648,0.652861034221749,0.894535539636622,1.21524028746999,1.54947125606623,1.86789036911436,2.31519688653152,2.73262851802806,3.15701013953606,3.3337647135694,3.71143721813623,4.14913104689929,4.26161243475204,4.23336316105473,4.41873552821226,4.53606702880313,4.64127764166812,4.71925540028838,4.80301453379983,5.07981004138696,5.22614970289129,5.4187027754403,5.51186234810484,5.64473872973918,5.84078631708866,6.00198582087619,6.0209158335819
"61531",4.19628037080516,4.14992197478868,4.11707445284121,4.0832169712427,4.04624842602159,4.0321785123312,4.00774208642208,3.9974195675566,3.99733845690165,3.9995069522201,3.99837899570099,4.04186516948849,4.07537500392368,4.09790804092267,4.11423037627853,4.10956717413583,4.14009432563721,4.15436734053121,4.15070115203793,4.14564733819824,4.09902598471025,4.17504587250801,4.19527267538183,4.21296143119546,4.2580025298165,4.24472114507516,4.19079347093286,4.10161819678051,4.01119159667714,3.95017905166671,3.87968817030245,3.8497173931195,3.81000239120488,3.8115768871606,3.79977014980595,3.76917171902731,3.75452872176563,3.72919652983447,3.70201995054189,3.69802811249097
"61612",6.1929892797513,6.12378260603877,6.0795068575263,6.02548468092166,5.972381822769,5.93465891133638,5.89245501219475,5.8568653278908,5.84433394909012,5.82550554186613,5.81542301565572,5.89552542042603,5.97943594692395,6.04166699850942,6.10126720093618,6.12587013657425,6.18702670300166,6.24447396431132,6.25634867586057,6.23944220785188,6.19449771614134,6.09369867035293,5.98815122158858,5.90701051731881,5.87578690728406,5.85086955875595,5.83646842157263,5.79615428907246,5.78004079177306,5.78382869662816,5.73757036422711,5.75076497479851,5.72060902735432,5.74903176348465,5.74305269175749,5.74006901565881,5.84007194908703,5.95898315840524,6.07102857567135,6.22835791326065
"61692",2.94783639481631,2.91529920315826,2.89286840819845,2.86996519470682,2.85130227856614,2.83920207176153,2.8260915563484,2.81405707753958,2.81907022771617,2.82339010873649,2.82678666470412,2.8350831314133,2.85191907742369,2.86136308952909,2.88109181180005,2.90358092211886,2.92913242975723,2.96420748756793,2.99496194726639,3.00412693297453,3.02435931767025,3.0762756432235,3.10607660115733,3.10205175954992,3.13868838050396,3.17035174368493,3.19499198029166,3.19907789681011,3.21662103607844,3.24735218770015,3.24779181849659,3.28495726323499,3.29555938801919,3.34852349664492,3.38461788706435,3.3946500255756,3.45511068859503,3.51876579396537,3.56483857345326,3.64764721940713
"61751",1.47819949435171,1.46086137419605,1.44927858439214,1.43822570087883,1.43092483537849,1.43242466880536,1.43496645189492,1.443772467302,1.46645426076887,1.47543663220901,1.49286403377886,1.51305567870101,1.53331556202623,1.54856310652477,1.56904741551294,1.58540938219115,1.61214343879329,1.64014126290299,1.64838741878183,1.66152031553313,1.70003836701197,1.70650510163687,1.710230139491,1.73579995423199,1.78646299477575,1.8157476837235,1.82530798617504,1.84698394469025,1.87327195664977,1.90520187431983,1.9248815098371,1.96867666824429,2.03125101649435,2.0891180596599,2.12193696934914,2.11043744484036,2.12042603351674,2.14842344572812,2.1775619398805,2.21248767513698
"63491",3.25366736679529,3.21639923790036,3.1895003903593,3.16158811427818,3.12984141787345,3.11495149633881,3.09638890842198,3.08163950916359,3.07752111772849,3.08137123829125,3.08227706295369,3.09603616734314,3.10595868949423,3.11520012184536,3.13559267696809,3.13667525605762,3.16268781471658,3.19043249487674,3.21917497920984,3.23990166171806,3.25548242304345,3.28544029810816,3.28944089227152,3.29619986256166,3.34652261265173,3.36976427242061,3.39122352689007,3.41039714065633,3.4375332173988,3.47676009751632,3.47147755604434,3.49376059949361,3.52199140461583,3.57779806474652,3.61489164361738,3.62204093820715,3.66559664724274,3.70506385874931,3.74008337425549,3.78086751441724
"63511",0.800356928660343,0.791465215822635,0.784908977590322,0.77817080587616,0.769965476010145,0.765559828882503,0.760703217112942,0.756552482463687,0.753642908299459,0.751439601264032,0.74715950175762,0.744718551572934,0.743495351276444,0.743939009928691,0.748133636876198,0.751952690421593,0.763039037015815,0.776298654629908,0.790525962647583,0.805297599109723,0.81833284996362,0.845996291012245,0.855381224318254,0.861586368317216,0.877314769671233,0.882661453422078,0.885310307766793,0.890633955525383,0.899075348151837,0.913884785457246,0.918711544232484,0.928984289405313,0.945162216072607,0.965427647566722,0.98306494833322,0.989787444470302,1.0073230866176,1.02629421972479,1.04494586280907,1.05787615501632
"63633",1.13715841726421,1.1236910349992,1.11517458557347,1.107047683587,1.09967876269912,1.10026091972119,1.10084472851748,1.10722098490161,1.12209743513502,1.13191949929296,1.14917083518482,1.16813131947609,1.19373904333865,1.22050290776601,1.25448624128685,1.28920711889454,1.3409749386031,1.40365664246004,1.43840914495574,1.48693375279846,1.5407424722111,1.5951072817921,1.62384276001714,1.69626874025898,1.80624839623322,1.86674733374381,1.89123505955035,1.95712793073106,2.00406363100051,2.03342718323713,2.04206718004823,2.0592204891343,2.10505525963897,2.14037637871771,2.1615604030398,2.14976120316024,2.16945322554923,2.20168110358011,2.22334432691702,2.23150113157824
"63651",5.28888001389581,5.23480079068238,5.19950038760672,5.15885607835373,5.11532768066219,5.09422984635049,5.07020220669161,5.05301521018952,5.05470167948481,5.03906201595803,5.02923571213167,5.05820127903923,5.08628312968633,5.10291119053921,5.11823019793804,5.11516556805191,5.13137807897294,5.15218844988443,5.14397415140832,5.10601434795778,5.06035069287545,4.97764778943551,4.90533101321149,4.83293004638724,4.79708029231355,4.77208252669397,4.75862838442213,4.71907654337261,4.69283239661941,4.6794340241096,4.64214950583817,4.65285982461904,4.62215070229911,4.63820990284957,4.62834788571797,4.60060965215823,4.61048523888853,4.60003008349389,4.5764864137826,4.59543793349199
"63734",4.39266179050662,4.34340187567846,4.31083678133908,4.27310829316561,4.23388362127266,4.21030246522727,4.1814850084781,4.15790363162892,4.15356929849034,4.13563307962751,4.12286810120633,4.11262288502159,4.10259761473243,4.09493950246102,4.10191179902393,4.08882156026679,4.09226389472635,4.10407723357305,4.1096267487592,4.0934040450856,4.08250904573358,4.0774767270466,4.0776276901907,4.071607871245,4.11345199263341,4.15771334543162,4.19513341966606,4.20697814175049,4.23410308841426,4.26716026896105,4.27145047604148,4.32452270858306,4.3451268012675,4.40089713834603,4.43740572019652,4.4462766572108,4.49745256577731,4.5409951551339,4.56115553546234,4.61602467426829
"65431",6.74427637803576,6.67519410061257,6.62485350117437,6.5726421460479,6.49832454985717,6.45964953356474,6.39574182751832,6.33496803625247,6.29473240563174,6.25557416603947,6.20958243387058,6.17153643185603,6.12785810583682,6.08037669439947,6.04120565263636,5.98308687610072,5.94286984650551,5.91258915471922,5.88599361755032,5.84193110652227,5.79683201658656,5.75720403855727,5.7084427969405,5.6498634640231,5.61584604082499,5.59134114979122,5.57247954771292,5.53139718444578,5.49625751087352,5.4776195790097,5.43681123698557,5.42281722559103,5.38477237006999,5.39078795521577,5.36791536150669,5.33013210901237,5.31719126303137,5.28863617097445,5.25986235256011,5.26181788485407
"65491",4.71589886994369,4.66305374151893,4.62477961483162,4.58414292554981,4.53719072671271,4.51525396608695,4.4866287294326,4.46203639043408,4.44936010613746,4.44269711456211,4.43150918324548,4.44282387757925,4.44295141780628,4.43932413047282,4.44822909781754,4.42803994989823,4.43394197396005,4.44135010073024,4.44398218022074,4.42704109501627,4.41859835011471,4.39624540322636,4.36075212228374,4.31890650315027,4.3184092893829,4.31738132067987,4.32035694819134,4.30126518705156,4.29543351004678,4.30848225883268,4.28605495570729,4.2998727697752,4.29636087746691,4.33707274416941,4.35005925782837,4.3372220345471,4.35925202009801,4.38034237736179,4.40450802157327,4.45112665537944
"65611",0.990625928917,0.978098054161684,0.969187725685493,0.961302074937885,0.95505530380039,0.956626412669609,0.96078811421823,0.973938140222002,0.998440672969587,1.02297682496842,1.06189304395619,1.0950282101303,1.12886785414574,1.15206960810612,1.17982484063445,1.20381685843666,1.2353318092819,1.26631969631739,1.27300024781727,1.28855918771713,1.29951826391337,1.31847260218759,1.320699638491,1.34810321855925,1.3884950808468,1.39982188644082,1.39768070859119,1.41545455372959,1.43125608191893,1.44775486274028,1.45156853051649,1.47086048709966,1.49947824576805,1.52802933509773,1.5516100211304,1.55293363667609,1.57732891479395,1.60381226685624,1.61897670649888,1.63131386305792
"65631",2.09682045646008,2.07384570365392,2.05769761196474,2.04079900694656,2.02263350979652,2.01615166167557,2.00677206623451,2.0032211536847,2.00981096621764,2.0101408970777,2.01786403853782,2.02593565490453,2.03967242614707,2.05329575928468,2.07582282712081,2.09654950420306,2.13500661529849,2.18291401061078,2.20965058369664,2.2438141218289,2.28552280852968,2.4476378711793,2.51952805362845,2.55765128452155,2.60004004297863,2.60843956399546,2.6034525628761,2.63220247329173,2.74868353860943,2.96318648161762,3.21511596505906,3.47134140995346,3.7253860817716,3.81629746482017,3.76806095965299,3.56881591148225,3.3952658166432,3.28737180650435,3.20087525419938,3.12884354930351
"65691",3.542753997299,3.50400139385468,3.47897137416455,3.44848043840665,3.41618074808054,3.39858753042542,3.37270336510451,3.35198521998039,3.3439548458252,3.32926128599168,3.31644592292756,3.30446964457391,3.2930550045119,3.28378812853885,3.27879767214865,3.27271812373061,3.27555058999389,3.28647014911147,3.2934915644352,3.28186739207634,3.27919406029385,3.29525257751355,3.30417924869648,3.29943476854042,3.32138347473457,3.32687093246735,3.32829567942736,3.31180342905226,3.3064532697451,3.30819306776472,3.28938571180654,3.30956506633472,3.30791630385557,3.33700819995702,3.33929675022543,3.32546255544343,3.34664663091021,3.36101304474731,3.36411289789874,3.39553823162648
"65711",0.757972167833677,0.748581045756229,0.742569903241167,0.737298245036094,0.7332952406598,0.734761365717384,0.735722358598621,0.740340119488527,0.750539014546077,0.755653563598178,0.764632271879738,0.776695748091929,0.793610886717212,0.813527102552871,0.839889071609875,0.870015081380765,0.908498345896925,0.953750344867253,0.985976430829265,1.02461377058223,1.0642116185894,1.10078328394933,1.12016353653852,1.16425072575684,1.23618871747873,1.27372067128793,1.29368423370492,1.33966877748348,1.38984288446428,1.43755811080445,1.47624840751503,1.51874253289542,1.59095094651693,1.65011646736167,1.69965928112989,1.72692376013239,1.76668862201451,1.8256572388256,1.87329848124927,1.90759066141534
"65731",0.962615984102112,0.95077254751237,0.943411616951926,0.936133106423335,0.930011047655698,0.930089857439261,0.931752333548502,0.935529969794969,0.944230135290397,0.943814924190478,0.945861067526723,0.952273664180621,0.970672749875233,1.00135931912079,1.05375796709437,1.1110469768509,1.19779648693364,1.30563212659026,1.39962484726753,1.51944224866738,1.63312997222153,1.82644114984712,1.92741545602478,2.03969195333528,2.15281860635079,2.19447247383168,2.19507686601832,2.26710858337455,2.34702562395575,2.42837815724768,2.50436866973283,2.57531873540707,2.70929126392411,2.81345130368845,2.92632290307295,3.0087042150202,3.08852016134688,3.20558266105498,3.30140375081926,3.36108497218806
"67391",6.78058946688689,6.70187661101869,6.65406416152534,6.60054328887784,6.52959643848459,6.49789830395918,6.45745135367604,6.42002213939629,6.41443932755729,6.41206602234868,6.39359562906658,6.4460329037756,6.51962080306519,6.54651340751575,6.5681906734771,6.54901803917664,6.52962664976698,6.53180893827107,6.50731199316848,6.47194425349108,6.44879605689159,6.38385174962284,6.27687147510088,6.18121658985083,6.09949530606821,6.04002373512317,5.9726377205639,5.91320129957051,5.86570507033779,5.83483715829921,5.78687086012206,5.76512015136634,5.73106356483052,5.7326592372819,5.70753930599906,5.66586454985765,5.65451651061971,5.63416404801619,5.61061344278907,5.616677480198
"67493",4.02740501924164,3.98481929750623,3.94995464444908,3.91669016147019,3.87644281664921,3.85787368025678,3.84379393395075,3.83322763187977,3.83102912280008,3.82533538004541,3.81716753709816,3.79644235451251,3.76723107323805,3.73722424247227,3.71762300189503,3.68259047100725,3.66686446343369,3.65538214629108,3.64624251231681,3.61994685521374,3.59481802046977,3.59069906442298,3.57565976376867,3.53665322840005,3.5174503158573,3.50654611829716,3.50291020613157,3.47925316259014,3.46538051428476,3.46360346374788,3.43963671183964,3.44322618316941,3.42783112950076,3.44851265829243,3.44650433835845,3.42818812162266,3.43822804399938,3.4414238772386,3.44629580184195,3.47638145508263
"67574",2.44280231568447,2.41342412839812,2.38930099478303,2.36798023339567,2.34565682483261,2.34005823484172,2.33365834485043,2.33591363010693,2.34847057343302,2.35755587247908,2.3735777715899,2.39301813393088,2.40726019583762,2.41582223646588,2.43076520142538,2.44019098080153,2.47455020984079,2.50501694467256,2.52464833629188,2.5439459969188,2.55680982841182,2.58085343162034,2.58800657606611,2.61932131048345,2.68048609194947,2.70946516470352,2.7068602800442,2.71483720245369,2.72350411885162,2.73834833236761,2.7333079200006,2.75734276014257,2.79378136980296,2.84819321286995,2.8873581295004,2.88043295512323,2.89783732253199,2.9225403552925,2.93888416908704,2.95591503051539
"67611",3.6793102819728,3.63790048757794,3.607315880235,3.57436374114809,3.53691930496888,3.51789319147799,3.49471732957358,3.47910340239103,3.47576462354246,3.46424404526554,3.46088500045823,3.46571588356853,3.46870161634601,3.45889594463309,3.45787753087808,3.44894250041633,3.45091812371229,3.45111210208513,3.43847905583755,3.42370518065922,3.43200194850511,3.41119804486906,3.39263503608448,3.38141692661513,3.41795413809637,3.5126183845222,3.62760597145771,3.74431783121264,3.81645935590511,3.82357749947245,3.74460068483718,3.6746513071081,3.58341430384693,3.53174678853091,3.48055848260882,3.42068648230522,3.39535488004115,3.37375461636311,3.34901879011275,3.34757441732735
"67631",7.94119298547982,7.86201794495327,7.80332010856654,7.73805197352978,7.65913139439501,7.61826522299512,7.56062284074009,7.51642129652415,7.49776831322177,7.45795188212526,7.43334460200572,7.39946145445879,7.36667558185754,7.3210598605279,7.29586872064878,7.25552667996574,7.23932692800721,7.2332867420382,7.2096561321418,7.16748661120583,7.12265903526989,7.09813354338543,7.06597811272434,7.01940893196088,7.01759286151212,7.01324991693699,7.01308027581991,6.97579690372046,6.95015458821127,6.93818921241967,6.87934915874702,6.89475351211091,6.85978496995565,6.89023296079663,6.87898267821356,6.83634311272186,6.85587552088094,6.85353780878686,6.82731455918008,6.8573940097902
"69553",1.84495551616264,1.82271363190017,1.80456897312734,1.78875944008653,1.77119173092339,1.76884164155945,1.76519691933753,1.77090618866111,1.78487970799838,1.7944098516583,1.81316189721639,1.84322010270073,1.87566167721945,1.91152896073744,1.96610148009044,2.0204902141034,2.1185597478978,2.22214935848124,2.31245344232218,2.4337353109916,2.52081304367171,2.78657716857046,2.87823659181494,2.92709781859366,3.03307723214382,3.09277796055818,3.10060489426111,3.22237008739321,3.33135077896287,3.48556343151561,3.57740596100933,3.62456754365809,3.77681694296879,3.90822344969702,4.03758397032439,4.24279405022616,4.67481934873767,5.24358809262886,5.67463057445168,5.92064241552321
"69651",5.22126329715744,5.16846238373733,5.13396806273291,5.09863092399627,5.04759754487264,5.02618776302028,4.9937221489217,4.97494462996253,4.97561252589041,4.9549956918986,4.94481929233056,4.97553662485964,5.00499729108122,5.00785980902464,5.01769129489395,5.0156957030058,5.02757940189505,5.03842310867721,5.00984402368939,4.9783186693919,4.93000507016782,4.85531140140066,4.77734672600982,4.71358133669977,4.68643279892373,4.65358559176492,4.61874932440021,4.57355176626692,4.53380565549191,4.50431114976485,4.45528108152548,4.44323299282905,4.40979022020237,4.40965630738808,4.38799779263578,4.35049775817253,4.34230299078574,4.32523066128995,4.29829382431652,4.30212194662911
"69711",1.29878363700461,1.28359083647481,1.27484255693419,1.26426781847091,1.2532511320655,1.25054303360081,1.24455887335147,1.24375782193531,1.2475367909723,1.2421857694822,1.24233056233813,1.24457702636715,1.25202456542249,1.25804984271731,1.2690626026036,1.28272314756703,1.30720180869281,1.33500780164268,1.35434783501998,1.37747316351389,1.39908743124783,1.42716630487968,1.43360338170539,1.46228378387711,1.51637742117106,1.54245081059721,1.55163853717296,1.5789242953194,1.60497437842211,1.64569665651742,1.67632499435092,1.69837961565244,1.72996939834515,1.76021331752422,1.78945156969881,1.80497678623219,1.83569418745066,1.89580086242781,1.94826822032897,1.98449501532411
"71433",5.5045860050731,5.44349068815227,5.40414202271529,5.36558125840639,5.31162501580203,5.28118506255099,5.25623940736453,5.22407679468372,5.21955260916342,5.21677543738119,5.20591183900297,5.21749335850281,5.22392598879544,5.20756720050807,5.20574064707019,5.17074311024403,5.15701886618397,5.15968929207538,5.15802514973953,5.13288385121805,5.14259302828454,5.08304442393481,5.00944897522917,4.94856936992631,4.91213468918955,4.88933853486725,4.8685908976276,4.84062668635662,4.81924790405377,4.81298954192256,4.77937763989674,4.7775259674004,4.75864919037113,4.78134784142995,4.7735870785514,4.74075585895093,4.74268389824709,4.73236817423599,4.72040902620646,4.74302671706876
"71492",0.517475567100888,0.512241842372333,0.507814201473259,0.503728268145964,0.498787049408528,0.49690755719204,0.495027789147627,0.492877559029652,0.492407847215477,0.491919826865138,0.491561879711758,0.495425037068917,0.50476263548722,0.519480672033188,0.547613843136545,0.57791053599309,0.630693603413989,0.689689707019576,0.751597660659183,0.814465133918559,0.871273073147456,0.967564412518257,1.00693179067988,1.04149199942282,1.09902384655247,1.13671144688737,1.14428458189753,1.2040056590082,1.25333107639868,1.31329859646305,1.35790087563181,1.39412994593275,1.45582638745985,1.50200758655232,1.55503822835539,1.57617744920653,1.61396314368503,1.67099814698343,1.73628819531844,1.7673104299734
"71531",5.65801928422291,5.60025348367957,5.55057221161869,5.50323177432906,5.44310843309842,5.41594190810279,5.38155942947933,5.35233037677918,5.33884691359726,5.31774414392958,5.30311852171422,5.32735593710381,5.33869261806854,5.33018695097148,5.33871565677466,5.31130021379149,5.31821396216118,5.3216820191686,5.32176193921916,5.2951103302876,5.26179350319688,5.23401213376664,5.1746977950741,5.08867877939175,5.04058539000949,5.00907249715536,4.99267553127295,4.96167928121372,4.9471108502509,4.94779266068436,4.91531180263597,4.92417627489839,4.90772721486827,4.94131563823268,4.9417947207534,4.91635208020254,4.9271811753158,4.92863741325043,4.93093030348356,4.97159900539003
"71553",2.40468260435349,2.3787372167437,2.35686095897348,2.33601764278055,2.31045352688131,2.29992139419269,2.28673047697607,2.27969039177419,2.27971467464273,2.27421228406702,2.27485480581985,2.28171205851455,2.28248266232904,2.2742938078301,2.27225094059081,2.26230431311563,2.26681799762858,2.26803883112529,2.26752206893054,2.26199743543771,2.26520415231639,2.25890599916207,2.23265632871243,2.21427996392102,2.21488050298111,2.22124376743048,2.2289003340473,2.23810992704886,2.25520654415316,2.2761083007112,2.28345142805507,2.30121062826443,2.3195094070166,2.3594298985983,2.38715808802061,2.39117443736224,2.41751936292241,2.46056260891847,2.50753679521464,2.55143861904268
"71591",4.74497931593077,4.69061795688018,4.64826786418579,4.61147866478137,4.56648078797235,4.54672939686503,4.58014763919566,4.62768197851259,4.68483867732132,4.6923650473998,4.70416675646836,4.60426639334024,4.52105797185055,4.4381649913927,4.37862814283865,4.32017342465571,4.281305717669,4.24087639695917,4.20048140824812,4.15777099033087,4.11474687920248,4.08357898031291,4.05156405775375,4.01525390809908,3.99552479787217,3.97993532154932,3.97046117259812,3.94348700203913,3.92323817185009,3.90865865080064,3.86996137018079,3.86292327401365,3.83297065784945,3.83832891793543,3.82457142537483,3.8006917514456,3.80396044070568,3.79687771271616,3.78464985322869,3.80154243247059
"71613",4.89422200875491,4.83940768176045,4.80040733479309,4.7613901846434,4.71271092734232,4.68727494294359,4.67380427517206,4.6729389369135,4.68669498312247,4.66992485959154,4.66715288863644,4.63248054684553,4.60065487940523,4.5568563364992,4.52846961199542,4.49824672380727,4.48900800095755,4.47229550433894,4.43321598734287,4.40724413264045,4.38538344582106,4.37012743425072,4.33218179717048,4.30394839841779,4.3026088355657,4.2872314977093,4.25755913481985,4.23881275531089,4.22264541033067,4.21440169429447,4.18372991398874,4.18082313318789,4.16570954101022,4.17692994544121,4.17031241881562,4.14143499258405,4.15000354587901,4.16491597801016,4.17478724527157,4.19855187589533
"71632",0.224628381127956,0.22178095829356,0.220043771993739,0.21896461373169,0.218041257778381,0.219480077728757,0.222014895998425,0.22744414430453,0.23667597805779,0.244381767267182,0.256322074566236,0.269532987918451,0.284828266321016,0.29812804125154,0.316747619354394,0.336113637346878,0.363926459808992,0.391183341453209,0.403533093144955,0.430024302105932,0.461050422830014,0.512632593381181,0.558865076464052,0.638869114897426,0.731848077458759,0.785483711202205,0.797999579349262,0.858265382876092,0.910453591056003,0.959216362036896,1.01556924689214,1.07071692509198,1.1736264482853,1.2419329583782,1.32311674159242,1.37367305122025,1.43442446877364,1.5246502315165,1.60652414949494,1.63616479018443
"71651",1.63031481364935,1.61202797106845,1.60096143266659,1.58929406578825,1.57246171999871,1.56645948826866,1.55921813118179,1.55910428071666,1.5685869310843,1.56962875664089,1.57832844200812,1.58954752279764,1.60134541422914,1.60725312850711,1.62093862308537,1.63465962050985,1.66548857004764,1.69326994299045,1.70574306995246,1.72851453977313,1.74490163557683,1.77027302804989,1.77687754489525,1.8039006448644,1.85453031175773,1.87554524979997,1.86905578496138,1.8891558074004,1.90615202527257,1.92400600007189,1.93064202723958,1.94657012099107,1.97719826629302,2.00040407868732,2.01463457373394,2.00770802189693,2.0179751587832,2.04106917279362,2.05597244459319,2.06250649963322
"71671",4.8565783807388,4.80469975131546,4.77520069586665,4.73872348662107,4.68123396225206,4.65691846929009,4.62162028264071,4.60331101632104,4.60134547400633,4.57101378981434,4.55079271927837,4.54407951719581,4.53699039445285,4.51267658438716,4.49789455575943,4.47881810156735,4.4813671566409,4.47668039913003,4.4598873981993,4.43910849218721,4.40171926653805,4.38742599540092,4.35908763342778,4.33602760011894,4.34306384806109,4.33439016828804,4.31155213438205,4.28605855688731,4.2618467086446,4.24221107315384,4.19805616028202,4.18651451218148,4.16249002784451,4.164533986157,4.15073502047945,4.12328235055026,4.12291338915225,4.12202583601163,4.11139556124901,4.12076669343784
"71694",15.2540572688018,15.0831392379276,14.9848910748598,14.8479704125135,14.6761182080462,14.6030951492819,14.4907124700388,14.4296380203393,14.4131098452626,14.3038642703839,14.2318616064349,14.1847669510082,14.1437581512119,14.0550062560022,13.9956568537675,13.9223830356644,13.9179146848327,13.8967608967471,13.8399074250824,13.7692479283154,13.6810551357579,13.6183618429501,13.5174585167094,13.4427649525203,13.4563956696126,13.4081303828429,13.3178967540496,13.2257360801219,13.1525783437165,13.1057265362901,13.0039400860319,12.9961790176998,12.9500774737611,12.9860709568855,12.9699773748904,12.9013237462027,12.9066038780774,12.893967755826,12.8363179796341,12.838287079176
"73453",5.90715042263607,5.84844822092401,5.80142590730558,5.75648566843326,5.69537432235441,5.66258700506722,5.6271779491657,5.58049293937554,5.57168129377996,5.57476288135097,5.5650602105774,5.59483112325747,5.61864052963853,5.62772748602719,5.64783102788847,5.63851366696283,5.67734626470886,5.73243370861362,5.79470940783092,5.80693522994544,5.8151575153254,5.84695352956391,5.84022627538285,5.85406444862595,5.90632136763456,5.96375327233879,5.98722625042679,6.02651234455891,6.0749251463432,6.14055563568812,6.15024628506643,6.24334185513934,6.34702020474696,6.48034318875234,6.56545732884498,6.5791117154695,6.66550199843959,6.75324689032746,6.83627911690053,6.96290885261199
"73471",1.60223434866817,1.58562135563156,1.57217872538102,1.5606662362908,1.5457600971078,1.53981061038686,1.53423703208915,1.52712864638645,1.53085111582589,1.53634711232168,1.5411301844354,1.55578993747957,1.56913646195243,1.57832790116567,1.5938639132818,1.59851383310915,1.62267857471134,1.65142775816523,1.68244013090058,1.69589833711399,1.71101591693447,1.74565309613836,1.75472786588977,1.76481656342495,1.78359742494641,1.79906899822774,1.79684728436884,1.81072260316333,1.82473832233626,1.84357708666471,1.84489873945502,1.87307190603025,1.9078470608647,1.95121819776665,1.98035619507967,1.97912610729279,2.00677844739468,2.03746593117859,2.06894326687629,2.10469055450708
"73511",6.55110803097635,6.48725437829097,6.43457884300597,6.38400057732677,6.31872273388133,6.29126416011407,6.25811750227346,6.2196652737192,6.20714498923017,6.19162246061879,6.17730610333458,6.19482853184972,6.2022039368386,6.18796419485447,6.20031215691467,6.16718561280256,6.1792061760571,6.1915321228846,6.20971382653006,6.18390100828825,6.12027460362216,6.08342717223253,6.03826959845997,5.9849895223206,5.97964013304327,5.98513258127717,5.9892519354818,5.95062697352982,5.91900085389537,5.90891291109251,5.85785841352635,5.86467554261034,5.84391008480527,5.88454342519342,5.88180438390602,5.8445046784221,5.85483719818839,5.84377321946971,5.82934162207553,5.86202929918385
"73532",2.7992380770296,2.77044729802502,2.7480163588134,2.72797749524215,2.70352245902979,2.69733987880666,2.6936694052253,2.695974811757,2.72064122202065,2.74035544780333,2.77472061014949,2.86830107729073,2.94107814862661,2.98854377046413,3.05132206075615,3.06146588321275,3.10960731611353,3.14653118665412,3.15188551268901,3.1611326982684,3.14612681880873,3.09344682942259,3.02605181643684,2.98685571049647,2.97456204830448,2.95993108197572,2.93325092578027,2.92134045098293,2.91509571492326,2.91645980201862,2.89748344735238,2.90722416263909,2.91621464724817,2.94868708842374,2.96047505490586,2.94602827603157,2.95866165817817,2.97225858612713,2.98427179831902,3.00946168629863
"73612",4.63853397244764,4.58808137880643,4.55232634337497,4.51576970224357,4.47280206329079,4.44957836789925,4.41878639876433,4.4022172004914,4.39809975399113,4.37084488201747,4.35454963388933,4.3471481709423,4.33651398153389,4.31304252068632,4.30045210373328,4.28668947446004,4.28816239058407,4.27795594995113,4.24350691509742,4.22035947640154,4.2038557170519,4.18587837768489,4.1454365686216,4.12388052746682,4.12351010969485,4.10816561119309,4.07860588405449,4.07706880843108,4.07958486353793,4.07638565241357,4.0370210133351,4.00188035215439,3.9452484639644,3.90852090071884,3.86621009757597,3.8135267871015,3.78455900998215,3.7651285723038,3.74726395335294,3.74363728988414
"73631",0.405335731444894,0.400832706584971,0.397866503357013,0.394537018081237,0.390346139468787,0.3881063038622,0.387770880092596,0.392331962551758,0.404227465235008,0.417640085782044,0.440537153756575,0.467009691889904,0.497101540136473,0.524430384517875,0.560193007739911,0.599494165552284,0.65740266356977,0.710805282217077,0.736935932009493,0.791593188507607,0.837392457046908,0.901231468060776,0.942758099690494,1.0312771758637,1.13607251594149,1.18749369679632,1.19291100111555,1.26210137953989,1.30349802343022,1.32704766655185,1.35803412886634,1.38783349098698,1.47109820085495,1.52423774462518,1.58883723408645,1.62215687404029,1.66685535653497,1.74038382162314,1.80620529501557,1.82436748023714
"73651",5.33745169753113,5.27613942231914,5.23864470659712,5.19690178999129,5.1389397016557,5.1144054763729,5.09950760007452,5.10477757475605,5.12646728202624,5.10730718514908,5.10050626260838,5.07806572153626,5.04830070943242,5.00467738903033,4.97377913915231,4.94202394326084,4.94202298769017,4.93424680776739,4.90174205723253,4.8758716679294,4.83265171864895,4.8055708792779,4.76743378448184,4.74097050153825,4.7604756505793,4.77306605508521,4.75852331404236,4.73928837560842,4.70696837059526,4.68347015470272,4.63859782238134,4.62799017852414,4.60897050468257,4.61425258123049,4.60105147415071,4.57043822884089,4.56896689703567,4.56921603390493,4.5599573734472,4.56594798451584
"75453",4.03870394128495,3.99901762881218,3.96835198859875,3.93961482711346,3.89991951151003,3.87939856367687,3.85511310656703,3.8229489650454,3.81118132821437,3.80266963980762,3.78552630236176,3.81810565673635,3.84705979782667,3.85569837272144,3.86518013664844,3.84988218654843,3.8573812587849,3.8693775328347,3.87188416974193,3.85013647177573,3.81374824535443,3.76724335460239,3.70604097413869,3.6524310231018,3.61659440301917,3.5896477413392,3.56672696129525,3.53722681747761,3.51462727191422,3.50364791715297,3.47723093964589,3.47034664509652,3.45078456364871,3.45913254140658,3.44767440235193,3.42248449953897,3.42129620961709,3.40771310162126,3.39231823846821,3.40125975072662
"75491",4.44878267424085,4.40510880002117,4.37049686593648,4.3378046358631,4.29161045370015,4.27001105678157,4.24347488073682,4.20819476470938,4.19585537179168,4.18222005984978,4.16366467598196,4.16150173466422,4.15224331572851,4.13168757187684,4.12583288019382,4.09637872217298,4.09464078702724,4.09841301808527,4.10345956585442,4.08714489283808,4.07039179820406,4.0619637159862,4.04345512217678,4.04265398288906,4.11846525245943,4.233462833359,4.31998578655459,4.34793064006441,4.31457800065971,4.24203865941455,4.14588276221107,4.1068432804879,4.0649819592544,4.06253756403709,4.04761724186604,4.01054020147584,3.9967468013662,3.97215479193966,3.94744569163124,3.95141804737989
"75571",6.18074234656565,6.11724413065547,6.06525195608369,6.01850464802592,5.96400758146601,5.93739638156523,5.91024184265939,5.894170635634,5.89783053668562,5.88034137797306,5.86188196666256,5.84070424307359,5.81321702042996,5.77330278922257,5.75549057196235,5.72945292916692,5.71861195326869,5.70157481173904,5.67472318537964,5.63568230648258,5.57891020076693,5.54769382914793,5.50023773815122,5.45241967495903,5.4277908781657,5.40515967365926,5.38210441033358,5.34806138063921,5.32676980265265,5.31915000363643,5.2731487754336,5.26615839140586,5.23496149533949,5.24949954529853,5.23389252294458,5.19477945293458,5.20346374136276,5.20878004487894,5.21252955781268,5.2514229492227
"75591",3.79259551574895,3.75002468413242,3.71876477838653,3.69160697065266,3.66289237201705,3.65166110067952,3.63050752953928,3.6226019987512,3.62811686211856,3.61985178546159,3.61789340263535,3.62123243327261,3.62350029730595,3.61806208318855,3.62846702493879,3.64011999945512,3.6608620145891,3.67354666508712,3.66617250410956,3.66552034839591,3.6476476300296,3.65496558389677,3.64060137063044,3.64782648085252,3.68137847232888,3.69266658558858,3.67859489285509,3.69202371738722,3.70671075329031,3.72555158443028,3.72069950247221,3.7478484456685,3.77609441598489,3.824629985807,3.85761924555249,3.85041286305688,3.88179772603907,3.91635986487156,3.94950252494343,3.98234509283172
"75691",2.60279470668552,2.57513895981844,2.55710574593228,2.53540393483983,2.50947023341144,2.50030698711953,2.48555333182636,2.48431826358924,2.49178768522268,2.4810930589145,2.47939613352784,2.48432336028551,2.49013160926176,2.47961496985796,2.47595949597472,2.46831913636177,2.48116770258929,2.48501499842728,2.47431232850645,2.47072139990708,2.45637065497365,2.44738529413369,2.42433541938631,2.41504045332829,2.4234865507783,2.41561200372792,2.39377397072818,2.38964964013955,2.39290100214527,2.40100972500311,2.39693619242312,2.39405922909769,2.38502110511111,2.37629248929138,2.36631074351701,2.35193836080661,2.3549723931024,2.36834124311307,2.38160084806853,2.39199983072904
"75711",4.99176498997836,4.94006702661388,4.90585934650714,4.85977652227527,4.80488238789344,4.78183827105103,4.74491325524652,4.72824866576001,4.72499641170678,4.68568850721301,4.65900200747365,4.65103750950387,4.64541418806319,4.61504422910719,4.5973261732655,4.5733401141791,4.57912219981889,4.57020782805975,4.54360197543474,4.52355011521658,4.47128150423364,4.43177616926165,4.38397902101863,4.35679988148165,4.36162339423143,4.35376536614424,4.32528748281705,4.29971088267901,4.26721593350825,4.24232379115271,4.20540209703856,4.18937924323212,4.17483409959937,4.1792481741394,4.17053345697597,4.13950226142527,4.12471689983469,4.11490696962805,4.09925295735807,4.09239145903911
"77473",2.9776155003341,2.94798754957935,2.92566940918551,2.90560564319784,2.87449368217149,2.85863753319991,2.83582735454588,2.80936304184404,2.79614326580641,2.78449406988158,2.76966230582016,2.76911428090176,2.76564541867086,2.75424034948857,2.75032027877701,2.73776695274483,2.74564452957644,2.76127357184898,2.77392275280924,2.78331047810137,2.77888162603826,2.7918799625727,2.78526618754985,2.78533534809634,2.80121035161189,2.81895765401503,2.82040647617062,2.82585350732214,2.83718969239608,2.85170045750765,2.84040991333011,2.85379414936911,2.87296051412523,2.90849914034361,2.92465485221659,2.9230949102535,2.96295005715832,3.00745775450696,3.04772851856487,3.09248062005426
"77591",1.24210200609801,1.22961664350315,1.22045446137874,1.20970118835355,1.19686265673736,1.18920459993062,1.17873939049364,1.1723356776864,1.17193446977065,1.17007625792592,1.17110382731477,1.1772811825785,1.18594750466569,1.19299357381235,1.20845720752016,1.22627817092787,1.25712722983071,1.28911946845532,1.30752956743431,1.34271643354197,1.37130368031432,1.43233913975959,1.44777320810881,1.49499799456405,1.56699201004091,1.61989139808185,1.63377322697451,1.70979978927139,1.77244661509146,1.84714173746586,1.9080024426712,1.94107547976753,2.01640050246044,2.07649264649237,2.15766442236878,2.19980743533102,2.25840906210407,2.37645941016304,2.51294673798452,2.58114048260161
"77611",5.65621625484949,5.59646904599987,5.55331468676459,5.5055155105631,5.45068252844506,5.4207600990462,5.38061436361947,5.35399400405017,5.34513486210725,5.31871444656346,5.29808577097883,5.32718878949375,5.35229173893689,5.34702734264131,5.35317527513732,5.34442089640773,5.36428128752765,5.36571082841062,5.33053105488265,5.30526029713622,5.25493779890254,5.177261091377,5.0933579654366,5.03292445152548,5.0158535836591,5.00226882828527,4.97912795214547,4.95317669538672,4.91774799437863,4.8808366709494,4.81289454343239,4.78042816858956,4.73503001142161,4.71959449763528,4.68727436970738,4.64372763781704,4.62636495312415,4.60379874329229,4.57797274793272,4.57710186485885
"77631",5.92449314917738,5.85822461034047,5.81482398803731,5.76518028624693,5.7110148590836,5.68897217287611,5.66641338966921,5.66044413241718,5.67302865937463,5.65054235085004,5.6361516148325,5.65462998647041,5.6674321502408,5.64885178014836,5.63811162059989,5.61741192989342,5.64627276320378,5.64662687527435,5.60023958528095,5.58944101307648,5.49730780189635,5.44248250047953,5.37292567463694,5.33425629702617,5.32426647452482,5.30756904665857,5.27040215133729,5.24972891162614,5.20964085164885,5.17441260077005,5.12706831724817,5.11641962458295,5.10409962995042,5.11338915401739,5.10498896412515,5.07793682192893,5.07751727692029,5.07822839392454,5.07324582124154,5.07989811851634
"77654",6.77686418158824,6.70571607209234,6.6606738789673,6.59971254237208,6.53381120455661,6.50581585162757,6.46101791608702,6.4405117784306,6.43519182137215,6.3948774018506,6.36444317479079,6.4039671195808,6.43844862336623,6.42693614307711,6.41727669112938,6.39161505731992,6.43119964188048,6.42984927975782,6.37557208383613,6.35702290940401,6.30592419533772,6.18258655646978,6.05489397901954,5.97178892463622,5.92493328246101,5.86020212287657,5.77200594070753,5.71263739931491,5.65832131817055,5.61058191340549,5.55245367119152,5.52124357391626,5.4838867156877,5.46358658539457,5.42872927354434,5.38327651635304,5.35983554190329,5.33796581482382,5.31230421570145,5.30184624234744
"77693",0.923230192874622,0.913240851763222,0.906447717484803,0.89934541710629,0.891677012255052,0.89110481769397,0.888691036969082,0.893688930762949,0.904480057720797,0.910488950689452,0.922950858820822,0.939043858525493,0.965144396734863,0.983776011131358,1.01668188772577,1.05284262072981,1.11765276626351,1.17344900836083,1.2165797768033,1.28578643924723,1.35072904476846,1.45927395155578,1.51858683716594,1.60987887281033,1.71841996620526,1.78693186208635,1.8451188661282,2.01654372336797,2.19009733338249,2.32480323959294,2.39261417977612,2.3494116021798,2.29105986740284,2.14260628207551,2.0477309119448,1.96705260619217,1.90872607984241,1.87864581196998,1.86704447089694,1.83827750874137
"79491",1.76789998147626,1.7479186209663,1.73337343928674,1.72270038632675,1.70688182701377,1.70373420847747,1.69881198066733,1.69559700915111,1.70528103986227,1.71491416315743,1.72424944907724,1.75075649082747,1.77381845548464,1.78727387097954,1.81494576122941,1.8323309383454,1.8872968213849,1.95128879606584,1.98462149094429,2.04337544960325,2.0713115096938,2.13564302663714,2.15123936179542,2.19930486660982,2.26599936733668,2.32225249919605,2.32098441566347,2.37694103984842,2.42861716705899,2.47162497089984,2.49635359118663,2.54483675329626,2.63608903344602,2.70684056718901,2.76207887158869,2.77160035830367,2.81488452839674,2.88059031625409,2.9475007296095,2.97905755871703
"79533",6.16200020890197,6.11009047538509,6.07081284962717,6.02817682821528,5.96066593290481,5.91939308920456,5.8501727208225,5.77855694444775,5.72959324388119,5.67937650246307,5.62614050243098,5.5877293936573,5.54385484452754,5.49143032014995,5.45287914328539,5.40584650875539,5.37742415957831,5.35569835180554,5.33578531831376,5.30397765687553,5.27052328118785,5.27479180779151,5.27482171870997,5.25782389679774,5.24329583159085,5.22456723759108,5.19318429991286,5.13888345825378,5.08541847647722,5.0422746414208,4.98324979281452,4.9521282013126,4.91388988718566,4.89951250160164,4.87071697144068,4.83334932054909,4.81411254306062,4.78795853995269,4.76029568562686,4.75218371105425
"79551",1.73238498195157,1.71512404391377,1.70190638062339,1.68851634448114,1.67027029869773,1.66177172150817,1.65359624235738,1.64735897350467,1.65394159382104,1.66234600219678,1.67049285790954,1.68966317534562,1.70561545555129,1.7126399479897,1.73318550972005,1.74777718280507,1.78196439680157,1.82006965028016,1.83878509557939,1.86728055221407,1.89222112960278,1.92046505694573,1.92788535711769,1.96850375527465,2.01658291593068,2.0561263127278,2.05583141030738,2.09596863703532,2.12726386336646,2.15706887810092,2.17213595962583,2.2127937774368,2.2683801742252,2.31517323275614,2.35218977101019,2.35851142776727,2.39129357343949,2.42901393175238,2.475348461549,2.49786929710986
"79571",3.21610946493875,3.18577014469829,3.16262824126268,3.13590903527939,3.10238669817578,3.08400416222768,3.05916578268937,3.03535854353178,3.02436514266805,3.01034706327392,2.99377997910824,2.9864954952465,2.97682766691969,2.95962486530173,2.953102157778,2.94144470369489,2.94446930210016,2.95057604026395,2.9499247485324,2.94449681854926,2.93304462675291,2.9947614124987,3.0144260348955,3.01016013916714,2.99603101478137,2.98463234198636,2.96355469195663,2.95305378152432,2.96430476730138,3.0167452504368,3.06402209546886,3.12832810402248,3.16296253753833,3.16657202780421,3.12267477126585,3.03884225029255,2.97953923196985,2.92999465845407,2.89047609544355,2.86285530560535
"79591",0.861904312222058,0.852203275179696,0.845640300418086,0.839134900393547,0.832468483032005,0.831660035228472,0.830627731885172,0.832965200292608,0.84169178563191,0.848265761867142,0.856829250306245,0.874727014531592,0.899005902071514,0.923396881124785,0.960774627483084,1.002283243241,1.06833694301702,1.13787822046513,1.18042204723671,1.25690008418929,1.31834442553655,1.4153017673297,1.46194170134145,1.54513660537823,1.6394355543645,1.68944638538856,1.67433023438474,1.7520273074794,1.81999503650358,1.87750486479639,1.93557918145589,1.99464352257466,2.10712925115641,2.17145963931733,2.26002971359744,2.29965973946061,2.35229673587143,2.42450120410676,2.50574479598857,2.52559150709723
"79631",3.65016255804919,3.6099656079972,3.5845785598259,3.55325914056671,3.51834564667558,3.50193806515883,3.47960463169627,3.46825342579471,3.4670105696776,3.44793478324089,3.43478239044341,3.45394132002353,3.47180194155535,3.46724400422822,3.46542773961065,3.45358038931861,3.47096087820155,3.47103416542283,3.43973701476595,3.4310422211192,3.36716700745917,3.32411927236988,3.27460064497381,3.24187006266014,3.22976216835685,3.21772396397209,3.19291100784841,3.17694653969121,3.15257292927129,3.12418115750824,3.08745331734764,3.06886163205439,3.05058194574212,3.04716014764184,3.03688761863124,3.01724588930582,3.00677794196137,2.99252185299681,2.97407164100777,2.96390149157806
"79651",0.523086565821915,0.516016678046682,0.511914020194875,0.50926976197254,0.50953666510597,0.519409208065855,0.532416925491866,0.557027674283147,0.593294036639973,0.62450521862475,0.668241793625609,0.731678462224215,0.786095412121092,0.809842947910429,0.834292667524443,0.848352923709229,0.886193382864287,0.89960781836472,0.88556627332883,0.894031045383821,0.860955178069365,0.852052691057183,0.842790667794313,0.860381389381855,0.88915501162434,0.89643032235865,0.878931249308456,0.893602488045474,0.902154288855448,0.906986314702406,0.913937885122508,0.922157016021404,0.950748807822844,0.965360982756114,0.985324424708388,0.99745969409767,1.01423407827627,1.03972612259524,1.06133811073668,1.06413058111729
"79671",1.98058571932772,1.95820023901474,1.94451001771943,1.92853144685836,1.91179143573106,1.90994095393684,1.90205881726518,1.90296707294449,1.9071761832051,1.898600494909,1.89348781596872,1.88410037217691,1.88003918050864,1.86457647687152,1.85766882459828,1.84871447613913,1.85770187165372,1.8584887461986,1.85044485135546,1.8533526189893,1.84820364606457,1.85573929482848,1.84808361775787,1.84894853620703,1.85882617860676,1.85289479368326,1.83125407527663,1.8303055422967,1.83159432924034,1.83403529222584,1.82989967152828,1.82573549323671,1.83012164768732,1.83300394704105,1.83712437000529,1.8329159879029,1.83657870372751,1.84834936860854,1.86039689723183,1.86218566881612
"80691",5.4433721855197,5.38200546051285,5.3414521528134,5.29310870675467,5.2366118457362,5.21934462696721,5.18813987983754,5.17394916563729,5.17215273934444,5.14052752925918,5.11897552091313,5.09080222562469,5.06601033295592,5.01777550686768,4.98721629460079,4.94834101053744,4.94496448044771,4.92383829062012,4.87749410553273,4.86375774483248,4.82794465548241,4.79947864648314,4.75877594727775,4.74755925858952,4.75291288012084,4.72797050340461,4.68486044449922,4.66339969946761,4.64022541675356,4.62501754236139,4.59616236220542,4.58108548404846,4.57355452373344,4.56732675428592,4.55612562070686,4.53001720988874,4.52181450781645,4.52151403117449,4.51425418076884,4.49810070540186
"81531",6.4053585425312,6.34217132580001,6.29466861368871,6.24327978720291,6.17380826000362,6.1341874469298,6.08240787311884,6.02677578497112,6.00049939356975,5.9696509002677,5.93289901172014,5.92736909918523,5.90804705064472,5.86312371615759,5.83409012949906,5.78427321478903,5.76879004674272,5.7581207767573,5.72906719131728,5.69110387692917,5.65685505409255,5.61573955320892,5.55890377339796,5.50784728157707,5.47920056011498,5.46699837743089,5.45927858295707,5.44250236327373,5.43713744791502,5.44940572594395,5.42931118768392,5.45236822597614,5.46236831136318,5.51433461885975,5.52879309997233,5.51628359205914,5.5469389597494,5.57303106963713,5.60355437439082,5.64766431704298
"81573",3.75979997104231,3.72091142764656,3.69386191956306,3.66234635736314,3.62461549653213,3.60700227478366,3.58565501844109,3.56475200260833,3.5617034821482,3.54957791437139,3.53429001660694,3.53096230457432,3.52270412960308,3.49882362339973,3.48726794977206,3.46464787623898,3.46566959982193,3.46828663640476,3.4537073867683,3.44180818178358,3.43949123459712,3.43472704637068,3.41512336559673,3.40824542517611,3.42869314035682,3.44568094561311,3.42527693748134,3.41501606145568,3.40891744060978,3.41444530306268,3.39896148273672,3.42085240899811,3.49763672519368,3.63150278398415,3.76494337428114,3.84506270423976,3.91761399674189,3.95283465636635,3.95939024177323,3.95207853529154
"81591",0.224929353775136,0.222021068996334,0.220441528916059,0.218956231814835,0.217991549108684,0.219320735740902,0.222256637291105,0.228195937943715,0.238884725128074,0.248813068617205,0.262043660105553,0.283642455001852,0.310922749869587,0.337684099617208,0.373124533788061,0.409941408997869,0.466871350595449,0.52181530088044,0.55156648690826,0.614858787326476,0.662261835155167,0.743309638118868,0.774705795133614,0.825572364101369,0.889726403510171,0.928697024926535,0.917272025147841,0.988200737847074,1.05460105929577,1.1120861412649,1.17039580354377,1.22069478967483,1.32689504588885,1.37667933273502,1.45342802984782,1.49845341869855,1.55497016757563,1.64135278697481,1.74331877070251,1.77356284409484
"81671",3.04688806845911,3.0116698973149,2.98994536341033,2.96289110558369,2.9349268326168,2.92824722873002,2.94548941306491,2.97223286199772,3.00096649944866,2.99442353794455,2.99256216552428,2.9334578915823,2.89084040684202,2.84169799091447,2.81004780570031,2.77896082443398,2.77294557280125,2.76223298919539,2.7422114479526,2.74256289757454,2.73070738405531,2.75601957028233,2.75270999309454,2.7505470703845,2.73817325581799,2.71395385938505,2.67951300778436,2.67165186284576,2.66920511637209,2.6708634738873,2.66874799663186,2.70209025531226,2.77127634843281,2.82816304343635,2.86593399118942,2.85235089349037,2.82134237551436,2.78483020107235,2.74038058810594,2.69237266290136
"83491",3.97510053663523,3.93758744235256,3.91078188962343,3.88228401739834,3.84513307861749,3.81946953033915,3.7802084093051,3.74042571207848,3.71792866317952,3.69467980635991,3.67012967008882,3.65954609635331,3.64083945460922,3.61176451928033,3.59121866941282,3.56187033552533,3.5595344388371,3.56626409186255,3.55973218744506,3.55319569507943,3.54034682251432,3.5633349314791,3.56819981078155,3.58197935080798,3.61574475542925,3.64592507266934,3.63903982106285,3.61952507623962,3.59503819801088,3.57674514500598,3.54273124850386,3.53515387798237,3.53485204376065,3.55567735301599,3.55532265722985,3.52945022194249,3.52955849581373,3.53315729661791,3.53829076289301,3.54808638988216
"83571",2.77226777789586,2.74241520604105,2.72246637462533,2.69873934617042,2.67218279953019,2.66031247064634,2.64776151365002,2.63738320362132,2.64307732812187,2.64117808822429,2.63968490412436,2.65231415291113,2.66060659997603,2.64951831163623,2.64842849640439,2.63576153722311,2.64768049397219,2.65723944878464,2.64266428672856,2.63805684328257,2.62145375774724,2.62744779873775,2.61166992685269,2.60665623124361,2.61138550117906,2.61268330516985,2.59127685078165,2.58757529702484,2.58351262398332,2.58372231380078,2.56709223928799,2.57017154759461,2.5813371319225,2.59820014642448,2.60286633760453,2.59933936481227,2.62438111488876,2.65575196527314,2.68682984966668,2.71121830434947
"83591",3.6396705685346,3.59830673195667,3.57497375661964,3.53983043829045,3.50644979590392,3.49338395625325,3.47982901880457,3.47204282169413,3.48001449336933,3.46639085422711,3.45774477433772,3.45753961969505,3.45655196644975,3.43710928704771,3.42617200107845,3.40829469256868,3.42180331615192,3.4275910017356,3.39846525486109,3.39921299559384,3.38112440706183,3.38892754387283,3.37479416051188,3.3914234560928,3.44774330881046,3.50392683542149,3.50327399302956,3.56750556509853,3.60298066024699,3.59846851612469,3.53989776614668,3.46846894612126,3.41597220317285,3.36695179134438,3.32911311089555,3.28209359816004,3.2546493945569,3.24540356311084,3.24158481978896,3.23282264570471
"83672",5.43832406486455,5.37732442941005,5.33851783918416,5.28491425514991,5.23208581006366,5.21556400153879,5.18460846148913,5.16110447486395,5.15402719009148,5.12118154779373,5.09878354544151,5.09597872960171,5.08774420020452,5.05013067540553,5.0313735788573,4.99621553511029,5.003002928681,4.987360072686,4.93284613701789,4.92408781970828,4.85341817269062,4.81228081066112,4.7573869775289,4.7381253421104,4.73231896872183,4.70661699845291,4.65287377811175,4.64085887657259,4.62868641223583,4.61466580724004,4.58942908781194,4.56659286710714,4.56682099886253,4.55295013515467,4.53168503553497,4.48647089329642,4.45452420380834,4.4367133533058,4.41791611999608,4.38952449133002
"86531",1.54638560102624,1.53017726194525,1.51903214307754,1.50670417140773,1.4944861615207,1.48981891241883,1.48653865385853,1.48640811832084,1.49910948205224,1.50917520867119,1.52074530891622,1.54352237821308,1.56347569714507,1.56255544841763,1.57561872661956,1.57836826522073,1.60208055891446,1.63262649563252,1.62797817587876,1.64788673563501,1.65190916991633,1.68261067818843,1.6845671762204,1.71541873904962,1.75612446402551,1.7904061526374,1.78269188415307,1.81143030135896,1.84194642048878,1.8561632339842,1.86847272863805,1.88358949416736,1.93923207857927,1.97393012469101,2.00090299767801,2.00832800215619,2.03017548119277,2.07006853414383,2.11149020137183,2.11412264231065
"89391",1.78455979583894,1.76355656815901,1.74732844224526,1.73312608625056,1.71787838281334,1.70612093056659,1.69522494110465,1.68593737759789,1.683449933174,1.68465508266822,1.68272347279888,1.68636372969999,1.69182722741502,1.68047698649999,1.67712323849489,1.6665970945779,1.66741464221592,1.67498020942305,1.6694069603475,1.665646674686,1.67713906297462,1.67636961261125,1.66347762130286,1.66839199831347,1.67663935594501,1.68884198717619,1.67434081575582,1.67991080783191,1.69307583270154,1.69121794649146,1.67968532912485,1.6696116215194,1.6794584775119,1.69318825585309,1.69774740999014,1.68711187818157,1.69146447707036,1.70644784951201,1.71868294947651,1.72067135826332
"89433",3.49588430452611,3.45867712212134,3.42952057851061,3.40437017541859,3.37305895314478,3.35192367695883,3.32973391554057,3.30436974638591,3.29588352310009,3.29023573940007,3.2771550418547,3.31986516056362,3.3684326121602,3.37224617523688,3.39582900539188,3.3878963013864,3.40927658798643,3.45367627959414,3.45533966076471,3.45632701743049,3.4443956126403,3.38625384776509,3.31412887634784,3.26582000853146,3.23279109368231,3.21164184414311,3.17701200281698,3.14777985526146,3.13119182295178,3.11904771126279,3.09249084242396,3.08134959746358,3.07278472645707,3.08465645524615,3.08226729302956,3.06497467760704,3.06498407056675,3.06966245078333,3.06853209475749,3.08060453132934
"89471",1.1256532485999,1.11408023996125,1.10539580226335,1.09723718574757,1.08713031353689,1.08100157476272,1.07475275983701,1.06924146191931,1.07086465281948,1.07183464989038,1.07335256916887,1.07813043309392,1.08620627430964,1.08282889587577,1.08665962987069,1.08550351367104,1.09536498251771,1.11372164883417,1.11776878532722,1.1270570051865,1.12963376665834,1.16693896939134,1.17872520961412,1.1944489463482,1.206432505727,1.22000430986745,1.20964270910988,1.21741170221579,1.23373773614192,1.24229166816958,1.24640173378251,1.25506552246491,1.29120705386505,1.32320735432901,1.35259612067952,1.36725111566239,1.39354357268721,1.44184436321526,1.49253760306364,1.51268916489385
"89551",1.39386814558012,1.38119884700136,1.37210996466867,1.35847909434611,1.34545342124945,1.3387495939246,1.33037090057601,1.32293557126094,1.32421537101457,1.32013785589972,1.31602771710724,1.31806078483613,1.32033594488082,1.31415502193054,1.31388266050995,1.30697073953415,1.31483848235574,1.32176363759376,1.30945181573239,1.31362426439697,1.30785939585186,1.3155834445926,1.30947500795352,1.31967201386805,1.33264139987856,1.3419475488476,1.32941491445323,1.33555413788898,1.34361101980891,1.34535206178393,1.34355550339646,1.34578224593009,1.36822480404841,1.38075254344743,1.39246471686149,1.39432699001265,1.40381642968909,1.42237595681286,1.44171533173032,1.4423875267313
"92531",2.4003248078758,2.37855056530984,2.36251783332785,2.34211116304674,2.31932073858055,2.30702546446132,2.2905680316111,2.27546877479465,2.27426517415537,2.2660692650653,2.25562812764461,2.25270926438564,2.25388682660073,2.24020764347172,2.23531518380428,2.21837310634743,2.22068202778912,2.22539958932956,2.2062585641321,2.20327923636192,2.19073848907405,2.21900477040091,2.22323969512775,2.24695425944028,2.27352837097542,2.28883517641819,2.26368519327351,2.258467265676,2.25432275000919,2.23629865086603,2.2120422934293,2.19936077797655,2.21451218995617,2.22176219073971,2.22641393969135,2.21451234967553,2.20703668888003,2.20810997532336,2.20988184586213,2.1992967693494
"92571",3.00633341931717,2.97783149723316,2.95841635368674,2.9301790484327,2.90239205353227,2.8890183677975,2.87281015366421,2.85721777143794,2.86026416444649,2.8509445465191,2.83779548326784,2.82807556312881,2.82253658954286,2.79694405417028,2.78026574230974,2.75839736369391,2.75476778161696,2.74396504262815,2.70631444161422,2.69546360482132,2.66738902084523,2.65282159041368,2.62347595023311,2.61564192229868,2.61185873535638,2.60482061600816,2.57941224074188,2.56994346804799,2.56410576831618,2.55315715959051,2.53471019513849,2.52470829297745,2.52899565558127,2.52991811971133,2.52764045234648,2.51719316496123,2.51530816327161,2.51822233171417,2.52160011347577,2.51546286291936
"92651",0.609430597569431,0.602662692306237,0.598534489444535,0.592331034522693,0.588217391978394,0.588560596254976,0.591568157767386,0.601574676240706,0.623650275106973,0.646527551474885,0.675869675677849,0.712337197794998,0.755627670745891,0.787462217318211,0.83184108980033,0.876985832539952,0.951532996851102,1.01950869558567,1.05517132273902,1.13450028750597,1.17207001250738,1.35696539378319,1.4400510581648,1.57361067185599,1.66354771054212,1.69070802048543,1.60064582479181,1.59122696862523,1.58716983310235,1.57606202835677,1.57764694197392,1.56696982313711,1.62766302526923,1.65180604920619,1.68813708083433,1.7052056428673,1.71321762657495,1.7438525625301,1.78264983426159,1.77014195169625
"95432",0.865207440263223,0.854791226383862,0.847479261870017,0.841002390122414,0.834022459695279,0.828514986893915,0.824278955981703,0.822305122943765,0.825279350948062,0.82944177063745,0.833678240937312,0.839136202078597,0.85074438061051,0.853560051309881,0.86361481105821,0.869084591031921,0.882534587283554,0.902735917569449,0.911565229326189,0.931832932589745,0.940688795406001,0.967551506592092,0.973010707017663,1.00275086381071,1.0319976532477,1.0603778821931,1.0520964134272,1.07367923973984,1.10842769453922,1.12700773181857,1.1383961854738,1.1425131280461,1.19357552412997,1.24413770375388,1.2912911390625,1.31177142801674,1.32559519817285,1.35250746328313,1.37123777226388,1.36773143213045
"95551",2.07111512155878,2.0499406188115,2.03626429444318,2.01768151928418,2.00155605865467,1.99531179336359,1.98773104159221,1.9820109153515,1.98906310037549,1.98761591623629,1.98127006357045,1.97697772136253,1.98271631682749,1.96652211958698,1.961591272238,1.94660174970678,1.9479183733499,1.94695917426941,1.92573043460933,1.92214984018237,1.90804508507079,1.91559507265378,1.90613491037434,1.92000549740702,1.93923924271992,1.9469007023582,1.91706557516934,1.91525944693397,1.9176427815259,1.90806660967258,1.89432566748725,1.88742816990214,1.90567847068524,1.90719459218487,1.91732905243505,1.91528605786806,1.92075881149962,1.93026996842869,1.9434725673263,1.93606952775018
"95591",2.60892546148252,2.58324209777663,2.56448275283701,2.53785479560299,2.5119969944571,2.4971271257805,2.47989890482703,2.46209213496856,2.45877602292238,2.44617353113473,2.43099995068739,2.42137627782825,2.41496935273572,2.39057883322133,2.37886775442293,2.3610855878846,2.35946037586341,2.35402629740407,2.33695381637867,2.33097993934665,2.3127585973205,2.32782199463176,2.31804012021724,2.31934242919295,2.31665571256682,2.31058882339988,2.28484890667494,2.28169596637814,2.28106116085635,2.27098556189991,2.25643907551138,2.2479808439534,2.25774531376006,2.25778494576877,2.25895551684254,2.25546860702919,2.26101356114748,2.27363366593348,2.28953868459805,2.288661908379
"98451",2.28697151746619,2.26053516067798,2.2425155349144,2.22383253991162,2.20261912116719,2.18412318531439,2.18082692246056,2.18252854539647,2.19423256051351,2.19867354372052,2.19560874094579,2.16975992432102,2.15741093403453,2.13049619681215,2.11731003245562,2.09426498210512,2.08127862584568,2.0772980199033,2.06426851506018,2.05940675434952,2.04826564572746,2.07851582197867,2.07618872702379,2.07632016471622,2.07583918635993,2.07598074267393,2.05591717172755,2.05792411995088,2.07184963727339,2.07651349905529,2.07185121233525,2.06413142623084,2.08825849268371,2.10375746513231,2.11901172456603,2.12174006124316,2.13214144852456,2.15464409164831,2.17003445525548,2.17184801534969
"98491",1.33493375610247,1.31966862735028,1.30994721135562,1.2982112716289,1.28687998608984,1.27762384600725,1.26849082369521,1.26291286370177,1.2643836786773,1.2632243903949,1.25990386491109,1.26018587383192,1.26864442636696,1.26728505169684,1.27497643497883,1.27680617777946,1.29055297694591,1.31096459109771,1.31423449289645,1.33557364386104,1.34620272152761,1.37872769651468,1.38629300345078,1.42638859280791,1.47505764287152,1.51151186695492,1.49157036090198,1.54909166110272,1.64225230310715,1.7026219763208,1.74157068883872,1.73368416977642,1.7795579323674,1.7532660156996,1.7535601880922,1.74040758892057,1.75515637006808,1.80220162966253,1.84868330280592,1.85593923678977
"98611",1.76338921427807,1.74704216226776,1.73460039225937,1.71552767135839,1.69866519327427,1.6895401338259,1.67898805528963,1.67543088584427,1.68178365054489,1.6827093502554,1.68391713695112,1.69829853396184,1.70838865907184,1.71431046429893,1.73718116466433,1.75145371795255,1.80168812820004,1.8334036893034,1.83359993515428,1.87600332022136,1.89254254681977,1.92644491716531,1.91844468865407,1.97698818805042,2.03631607413753,2.07549289041375,2.05346546621274,2.11362533949609,2.17587101058643,2.18651601606888,2.19496428507074,2.19340194779558,2.26835190334903,2.28836007484371,2.33823954509839,2.3826457688964,2.42162035309915,2.49434399514448,2.59007034349376,2.61064268600946
"101391",1.48877966610143,1.47242614846497,1.46231433896321,1.45161513066085,1.44235794296152,1.43387624934226,1.42705217089121,1.42506481537393,1.42779909360109,1.42980222589045,1.43357402173953,1.43516770078591,1.43924725744316,1.43364305019758,1.4367900853525,1.43277714764146,1.43234265323861,1.43720783199299,1.42554955540994,1.42655632585786,1.41536868287997,1.43180882914595,1.4246763024899,1.44152036798349,1.45565158726168,1.46355090431717,1.44191527413224,1.45365039047071,1.4756529442642,1.48127993384,1.48915126947877,1.48672887332858,1.52525722399958,1.55168026722943,1.5739719385876,1.58540445416882,1.60492054939506,1.63309274935979,1.65639523217979,1.66013325052057
"101431",2.3669459608708,2.34057886424841,2.3257457095365,2.3082124071744,2.29001733508725,2.2730336125123,2.2579509299342,2.25026067503596,2.24812489126547,2.24066266353367,2.23191040784185,2.22843469684156,2.22750005936398,2.21250176426731,2.209988945855,2.19189484371844,2.18182903128917,2.17613255038439,2.1547065431815,2.14455393669302,2.12638046877421,2.11701670626942,2.09043939462336,2.08845363709773,2.09139120537107,2.08629889980456,2.05698846545213,2.05282532904945,2.05514217158154,2.04720328983881,2.03801463545607,2.02033016090537,2.0340515962625,2.04167108356658,2.04817976147885,2.04631984002157,2.05393333016611,2.07265866599169,2.08765681095597,2.08979060921624
"101471",1.65825975544419,1.63895048431477,1.62773110743126,1.61481698875527,1.60161195130434,1.58935904482348,1.57939096983927,1.57420492895888,1.57558167519629,1.57201571991945,1.56680733857826,1.56505177683803,1.5676734434316,1.5571122317203,1.55496033801386,1.54289728320756,1.54020432374337,1.54000789835014,1.52600246472542,1.52277730315517,1.51229622523795,1.51540301718364,1.50188452712928,1.50718787388482,1.51650319072824,1.51514471162177,1.48821194611766,1.48974563563732,1.49688292634494,1.49198830295352,1.48784995465872,1.47308188938909,1.49152214110869,1.49823127665488,1.51013267371648,1.50904529924893,1.51057711533453,1.52164261015005,1.53086742709492,1.526151744807
"101631",2.33098910336991,2.31060794039023,2.292086148295,2.26626401190843,2.24142850776976,2.22827174918357,2.21294506282064,2.20188824067486,2.20299823282716,2.19386583902422,2.18693094558545,2.1879719908062,2.19229585674336,2.17894497270444,2.17824347825261,2.16949764202633,2.19095705705575,2.20255901306951,2.18595489345811,2.20036687458028,2.20023316128936,2.21487110564043,2.19724836981197,2.23059469249494,2.27331903082578,2.29038555319796,2.24248147002136,2.25139665000522,2.26720943775698,2.25845956091814,2.26830079820411,2.2670764763106,2.31977775488574,2.34369948042159,2.40153351177479,2.4473920166788,2.47703449271575,2.50318870139907,2.53509412661878,2.51482865733812
"104411",0.951482088004175,0.940282589568008,0.934343195027188,0.927877640508558,0.92154690871441,0.915912640902615,0.912686091743427,0.913449285125645,0.918680305934081,0.923005407762074,0.928746062288985,0.935965085909716,0.948577279307064,0.953016392818111,0.967938196549921,0.977881112431006,0.99609576504664,1.01951694948495,1.03006884549422,1.05109579907303,1.06337617742504,1.12396945931381,1.14778705788025,1.20553732423325,1.2557576776678,1.2735116783969,1.23477549403136,1.24295932402923,1.24937557682999,1.23889790950511,1.23553302111117,1.2178822286295,1.24995568611992,1.26995473631911,1.29370016281535,1.31024113318639,1.33730102449118,1.38032685806708,1.42294867558488,1.44174889860834
"104452",2.90994680501427,2.87541424295376,2.85570611098102,2.8344029021243,2.81007154414119,2.78697019490036,2.77719078790032,2.77234051797066,2.77501403592309,2.76585223843676,2.7525812246935,2.74972950558844,2.75269430127792,2.72971682698728,2.72195557433944,2.69494936457045,2.68522001008351,2.67520148417556,2.64608798717936,2.62709607744572,2.59953261712406,2.5728108763538,2.53016277076653,2.50773901003637,2.49197856553271,2.46724328709633,2.42397538323211,2.40371332014987,2.38638385903478,2.36174159651117,2.33750739764711,2.30639916944728,2.29646608683278,2.28356243931026,2.27102902317336,2.25442880968942,2.24099361179863,2.23147362963987,2.21965023906824,2.20582547300461
"104531",3.89339579970712,3.85131938182774,3.82065671124912,3.78754516388221,3.75934708518963,3.73656934319008,3.7195583140332,3.69827062016425,3.70023213987102,3.68793942261748,3.66821769991784,3.71168182149407,3.76264711589198,3.75667931244474,3.76940341232218,3.74402056295078,3.74722661184356,3.74121587245626,3.68251488216744,3.66011621103866,3.62695560711035,3.56566895147982,3.48638911000222,3.44698898831021,3.41219607069251,3.37175738197634,3.30302714162078,3.27126555776364,3.24751753359957,3.21119996725545,3.17984567731924,3.14215913996235,3.14320733309574,3.1357732479505,3.13469296836379,3.11823905276206,3.09137159078416,3.06936861928195,3.04877373007424,3.02169030007335
"104651",2.44882466734398,2.42642637000603,2.40893549639782,2.38117630243232,2.35861570554208,2.34635515740165,2.33045043956963,2.31853206794817,2.31814285392591,2.30313724401463,2.28796792303351,2.29247300855249,2.29607259408721,2.27717125624097,2.26738795777337,2.25329488381415,2.26297998090924,2.26152393296832,2.23851023261235,2.23720295067052,2.21225657368856,2.22142122440844,2.19361593881161,2.19246965584543,2.18218092360537,2.16109747297854,2.11063560421107,2.1031667292794,2.09633912660226,2.07547635966676,2.06116296797933,2.04350023706728,2.06793455968947,2.06489100480359,2.06267775532386,2.04909030132207,2.03654870222395,2.03096452469628,2.03782216578194,2.02187417527013
"107431",2.22457793988137,2.19821128107097,2.18209498352766,2.16493091808034,2.14361765694023,2.12305582011584,2.11403821164653,2.10748747393098,2.10841900387215,2.10916980372142,2.10759918022886,2.10928694398621,2.1228161712318,2.10966433486092,2.11109311345028,2.10072507446769,2.10595582184463,2.1130377428186,2.09957732532494,2.09526863591288,2.08284993605076,2.08719970859559,2.07116001754362,2.08321670984113,2.10108739666873,2.10513522046625,2.07233007084056,2.08397670321828,2.09768868257686,2.09083584139059,2.08926141304252,2.0670727402472,2.09979177304626,2.11722328743284,2.13059208508655,2.13390544849567,2.14310467871028,2.16517103960916,2.18114854181831,2.17678175484665
"107511",3.37691942477895,3.33958142584037,3.31284091363012,3.28445677381373,3.25795192356099,3.23529018358191,3.21626839238387,3.1950897652365,3.19315081841208,3.17743576947735,3.15383362962555,3.13860945852798,3.13043008017456,3.1015108524359,3.08811448415093,3.05957917546059,3.04699556143358,3.03666766438689,3.00230723993841,2.98725288160041,2.96017634443536,2.95091437016233,2.92010226809387,2.91579760552752,2.91240707040669,2.89978424179726,2.85045975876928,2.84180167589588,2.83770932848297,2.8140963283507,2.79747850765576,2.76593741513462,2.77662708544777,2.76422428732443,2.7636861987342,2.75406658781682,2.74413995677731,2.74061529991839,2.73661399232404,2.71798026012383
"107551",3.77464726387773,3.73400726820822,3.70474158905912,3.67070460533987,3.64066367112289,3.6177950362604,3.60272580303791,3.58760274789741,3.59228863002041,3.57874022353921,3.55633613940485,3.5611726167674,3.57090803593669,3.5438724675603,3.53607386137354,3.50452909776452,3.49989276643523,3.48918039075529,3.44151633620656,3.42080177355929,3.38975139780012,3.3433591226237,3.28001553436527,3.25098168774716,3.2246578694754,3.19264178336983,3.13253127348239,3.10848987569329,3.09278984222786,3.06415805172718,3.04034715436917,3.00402045843152,2.99187704438836,2.96193209566886,2.94180889345268,2.9176136562143,2.89521437725104,2.87802456634049,2.86349323623805,2.84185667278449
"107632",8.50087165343749,8.41627778110131,8.35487982945703,8.26597609387123,8.17992993923643,8.14565468965239,8.23897166426104,8.33655671937895,8.47252992012551,8.5028231901061,8.50940643852945,8.30914508354747,8.15712579626876,7.95630896984184,7.81427376635108,7.66786152439568,7.58972904038251,7.49264485254728,7.37781385345623,7.2893429024966,7.21998302867602,7.14134638210496,7.04071882610478,6.9817330208182,6.93501295684496,6.89008490292442,6.80650064245087,6.76986701967624,6.72848342871412,6.65034649562168,6.57784836276288,6.48995881304878,6.4444862231002,6.38363654767428,6.33545862242003,6.28489824850451,6.23691280630684,6.19377981444887,6.1560387768386,6.10973138437301
"110371",3.85951541496229,3.81726157364659,3.78711512207957,3.75723140486023,3.72613301086304,3.69382206080466,3.66692366960775,3.65520982576466,3.6508985480291,3.6374410091116,3.62368699734442,3.63337428730194,3.65473410773713,3.64628486912642,3.64077585759848,3.63299909944108,3.63737694821521,3.64515764353984,3.6034506314149,3.58457045088046,3.54554839176348,3.50572700315366,3.44700611690397,3.43203707800196,3.41956206388476,3.39470477924906,3.31895394118612,3.30397139217966,3.29264894426171,3.25137874423422,3.22688826942407,3.18364084358776,3.18740651973566,3.18103469931411,3.18124286139195,3.17399928152599,3.16803027304339,3.16626224435539,3.16299767813223,3.13757058274049
"110452",1.41396542308112,1.39612226187105,1.38536791854682,1.37445753227794,1.36286441106134,1.35443521071513,1.35060838875713,1.3498865342163,1.3559570741584,1.35577201863129,1.3541088113678,1.35983068858858,1.37870243142246,1.38141522136525,1.39808817727128,1.40710176774788,1.43023447003202,1.45961332118044,1.46611519567701,1.49379635964984,1.5090104515388,1.54317733121917,1.54615263888191,1.59075980026877,1.63974276708274,1.68004249526704,1.6501786282615,1.70211317301908,1.7444680460058,1.73413007188711,1.72984811905911,1.67683685144308,1.71131049896894,1.71899494638438,1.74579066654447,1.76231396481334,1.77773511868998,1.81353992855053,1.84711263027655,1.84228944855106
"110532",2.37867469576847,2.35212430005858,2.33184590364577,2.31233536985716,2.29284267928603,2.27930942106521,2.26686691069485,2.25660985827113,2.25777185214546,2.25023664432159,2.23492163241974,2.23519286188613,2.23834111612785,2.22087735045494,2.21419471676571,2.19647119678925,2.19179689312834,2.18840632604105,2.163540796279,2.15323393709087,2.13779100572317,2.12615639572038,2.09911213592355,2.0937344129032,2.08670406517287,2.07380256110897,2.03342860950834,2.02697463382728,2.02210627560088,2.00506210392213,1.99616734021026,1.97185581979139,1.98204070463175,1.97359054295684,1.97815416219339,1.9770990879712,1.98017924798375,1.98828102795387,2.00047785395978,1.98972248871829
"110571",2.29047954139324,2.26668030532275,2.24827147148967,2.22766213212489,2.20702261348253,2.19306304185669,2.18096103605713,2.17016031451571,2.17065199480086,2.16257982107857,2.14774164788758,2.14534371086053,2.14432716508852,2.12518453416259,2.1187894170242,2.10511457771564,2.10832201278614,2.11067529082794,2.08844147519219,2.08571684576567,2.08081309062677,2.08854663189716,2.07128155612181,2.08812391532639,2.10392413495551,2.108803257592,2.06621213535823,2.08283917637478,2.09775937013519,2.09063810125058,2.09594562188239,2.07308586812258,2.110882750416,2.11236208240008,2.14322304326647,2.15626199712586,2.16696055380298,2.17783257968765,2.19589897740063,2.18070621424196
"110611",3.64474114418582,3.608275263905,3.58731344625308,3.55139645590152,3.5162999648676,3.49910741362068,3.48159557160414,3.46724768874797,3.46662212548071,3.44661300020218,3.42178379743565,3.43676605524285,3.44832887085252,3.42220149808946,3.41364784518821,3.39392867337508,3.40416792691982,3.38980496180299,3.34099913314987,3.31775260984118,3.29577478311581,3.24853434881697,3.18260381958875,3.1597951013466,3.14041298451366,3.1096252185609,3.04104468782151,3.02403372523754,3.00827781684218,2.9748282439227,2.95145196581452,2.90283718906827,2.89452218669886,2.86244141445699,2.84810408625249,2.82734495513317,2.80504454419385,2.78678991071076,2.77541458051137,2.75046293875921
"110653",0.528083047865271,0.523148429140113,0.520698203835746,0.514927872022159,0.509202773197352,0.506782338441898,0.504976109464199,0.504478351501935,0.507286669439907,0.508143650422166,0.510049138276465,0.515766223612981,0.524787108040869,0.527338840979632,0.536789738558881,0.546921929058091,0.571611395054075,0.588415673978368,0.599778289262097,0.621011829052304,0.642610807165335,0.676580004915537,0.685319004445926,0.717105460495522,0.749957314000536,0.770528152224014,0.758290337053214,0.796888931773207,0.833481260771545,0.847219164776547,0.875419918651004,0.867628568103655,0.928169535667189,0.948408601456154,0.99616011548977,1.03166256186032,1.05280224980016,1.08179442015358,1.12671229045567,1.13593907484483
"113392",6.24785978418467,6.18983940089287,6.15084037081456,6.1073505134955,6.05296479407492,5.99770491009341,5.92680351745787,5.87473202320471,5.83119636467078,5.77404384904287,5.71933121397235,5.6702749107404,5.63494424666998,5.57909861776267,5.52896601880598,5.47797249302303,5.4419169972933,5.41192760923764,5.35282511368269,5.30728924460596,5.25265937380462,5.2163546754531,5.16158977884399,5.13914152655351,5.11370964575893,5.07613460110625,4.98566291290748,4.95499670617819,4.92909990815734,4.87113693208797,4.82862032605723,4.76275195792646,4.74903914906252,4.71919294441675,4.69977282033129,4.67519204133007,4.64962153424386,4.63136610578173,4.61583035392611,4.57898574425723
"113473",6.65523886310044,6.57108742019292,6.51844986066588,6.45859525644614,6.38714857497971,6.33885453063103,6.41794929822464,6.5152655103608,6.6545830350722,6.71283192936549,6.7297721117254,6.5631404079132,6.45987775714658,6.30406253384395,6.20117162643748,6.09348610077319,6.01486752474738,5.94864328919418,5.85845744879716,5.78783670782893,5.7074335187645,5.64675369958462,5.56983582051448,5.52360313521825,5.4778536572135,5.42810955608433,5.33845581692239,5.29078613050157,5.24667012094987,5.18664236118367,5.13421203031802,5.05932161754732,5.0246486691978,4.97807278329934,4.94156622942242,4.90149137280398,4.86392910081353,4.83027307372988,4.79707351631431,4.75453707586134
"116371",3.35755431939937,3.32928985748699,3.30911552307529,3.28801737485509,3.26122309150788,3.23532344111672,3.20798341159643,3.1929014040845,3.18097745124801,3.15828402390264,3.13518335582945,3.12066843409668,3.1066714506513,3.08022199710985,3.05544064403564,3.0360614265298,3.02526381656814,3.01445194746158,2.9786598422643,2.95668879612378,2.93213285599418,2.92302687405613,2.89645263238712,2.8963223976132,2.89292475459,2.87624073920591,2.81435183899617,2.80567685701397,2.79760102375568,2.75759087591971,2.73934805518812,2.69733430818062,2.70064602250223,2.68388003689263,2.68125757187325,2.67489520223508,2.66534820183436,2.6583962662709,2.65736672178986,2.63076349308841
"116491",3.42130663035911,3.38528812693786,3.36530276339445,3.34168291876529,3.31185249859223,3.29794183970734,3.29007255844868,3.28765757713315,3.30048511048968,3.28963511812083,3.27333430310271,3.28758368817078,3.2991819149311,3.27392150534747,3.26307827624898,3.24898216524623,3.2499276705193,3.24945818607588,3.21370830586531,3.19727177600999,3.17872726759283,3.14178130838734,3.09184694669061,3.07789179053692,3.05969219570082,3.03453386574621,2.97375479312143,2.96176043685509,2.94942433453165,2.9171107182415,2.89728555453319,2.8439897108883,2.83827369330269,2.81309258926338,2.80611656251881,2.79151369561957,2.78030223920573,2.77425782672122,2.77498989384967,2.74995294818573
"116571",2.40250876682918,2.38045677662627,2.36534006335382,2.34498152402427,2.32412571465337,2.31353393928467,2.3012380114855,2.29366685186628,2.29449250256706,2.28133117502116,2.26699283534167,2.26879025143455,2.26711746779072,2.24436259073963,2.23398313442186,2.2222376354732,2.2217814007663,2.21676264166704,2.18877758687857,2.17454724641762,2.15580777655964,2.16200134545324,2.13776971132269,2.13793680693905,2.13289985089965,2.12062402046838,2.07281268337637,2.07841507401554,2.08424000163936,2.07920624723232,2.08164852905901,2.05330698257093,2.07742756631668,2.07042992587634,2.09920537752268,2.11178514444732,2.11800857427439,2.1169115227518,2.12916535675973,2.09938197649766
"119353",4.00526998086545,3.97208188164815,3.94905006385295,3.92459371991778,3.89268967420192,3.86488196970166,3.8347576175738,3.8262759606949,3.82052010034134,3.80354494818519,3.7828698715459,3.77231583749583,3.7633740006958,3.73346158100218,3.70638317717652,3.6884392645132,3.67796083130304,3.665857967066,3.62201473782677,3.59162076380444,3.55945993491144,3.54267382390236,3.50397379309117,3.50191651854652,3.50150351875991,3.50054930333524,3.44738391962549,3.46477297578588,3.47593756334331,3.43449076680716,3.42625636621316,3.3712729310798,3.37247439439379,3.33178689663324,3.30641604530642,3.27936993943957,3.24807492256257,3.2179967467176,3.19992178035272,3.15002098170959
"119391",4.30644415780764,4.27145192947238,4.24710161405009,4.21780994277231,4.18357686942971,4.15424579248887,4.12213343965968,4.10824012904937,4.10290222475586,4.07985465504473,4.05522560715553,4.0508339153405,4.0445256998205,4.01221643882961,3.98553341277054,3.96848901926804,3.96193527871567,3.94959225617403,3.90252412371739,3.87087183252899,3.83532308008283,3.80529016888591,3.75544769665216,3.74347750114448,3.7304955899882,3.70896832351348,3.63402430326617,3.61958215803963,3.60347621675851,3.55426782408954,3.5311259296616,3.47688485130785,3.47997462820533,3.45189893317843,3.4495862751027,3.44357122812578,3.43054096557649,3.41593728866516,3.41240656113384,3.37313508031484
"119473",6.80455127966927,6.73583275306651,6.6965696357792,6.64391565880145,6.58513049792122,6.54469630123188,6.50483556540002,6.47062626901039,6.46349117725485,6.42102164529358,6.37478069467526,6.3531660933278,6.32748364438054,6.24914289905921,6.19532203085079,6.15156135583951,6.12294305188246,6.09021437354785,6.0171688039714,5.96459234444182,5.89951038730753,5.85941319676931,5.78718129099282,5.77428529791419,5.75388056321627,5.71978970756719,5.61134883032458,5.59780027184117,5.58249084089293,5.52653028998871,5.48444017677137,5.3791720968063,5.36606986311827,5.30340378911499,5.28848524180174,5.26156964870474,5.23729594615776,5.21399248489499,5.20971070781189,5.15616096186939
"119551",1.11439091159852,1.10314626829376,1.09663369570531,1.08770774527443,1.07854604152697,1.07678278055572,1.07573628583568,1.07735198403248,1.08525045801729,1.08819649007382,1.09193428014468,1.10462149426034,1.12051983167769,1.12424107870124,1.13952065635284,1.16006293314036,1.1947367302881,1.22840458876194,1.24425323133775,1.27522328460295,1.3129085129623,1.37140190256817,1.38354830095791,1.45163741468876,1.50847750187669,1.54292507636637,1.51387119500598,1.59021588691405,1.68228811703182,1.76340267421958,1.86465491594045,1.8890167708323,2.01805785435928,2.00945381606588,2.02661104843065,1.95660069259687,1.90634569413954,1.87208022253356,1.88563826410847,1.84523508210163
"122571",7.94175674551168,7.8852966223184,7.85961802742134,7.80244559791831,7.72761084423256,7.69119171551436,7.61066386663624,7.52606076213058,7.4650978016691,7.38991699646417,7.31196412864956,7.24897803638116,7.18957782633417,7.09561044661883,7.01427586293883,6.94214638614173,6.88387976745128,6.82005677940348,6.73653563497296,6.66264364447161,6.59348638554276,6.54516922220056,6.47229689748166,6.43790594716979,6.39862564174602,6.3496414986021,6.27362491200993,6.23567004009831,6.19830265355734,6.15117288243815,6.10375839927786,6.03200506503784,5.9989714997587,5.94251756683236,5.91176536755837,5.87371223555899,5.8322648807101,5.78906659320965,5.7576164032932,5.70782682044688
"122612",1.04031678714942,1.02888527462889,1.02345553189559,1.01445088573387,1.0064540394956,1.00524489160121,1.00571070590588,1.0076654747442,1.01741385976522,1.02277893346197,1.02775951049884,1.04457057223659,1.06694455090233,1.07617847781348,1.09598855880548,1.12905170541275,1.18114727853483,1.23103536739528,1.25400155575745,1.3090543087427,1.35608522521283,1.43705300932647,1.47037889173643,1.56931004669189,1.66698908428275,1.7504952102475,1.76294345199067,1.887681857849,1.99785149177806,2.05489828893251,2.07860648455989,1.98839490066208,2.0385796310373,1.97107396445156,1.99726050554859,1.99743214967597,1.99348513872338,2.01457901269605,2.06138114956696,2.05101952571822
"125273",3.99389980435489,3.98172151032281,3.97511888621325,3.96070517622801,3.93749516231681,3.90876567355325,3.880070616459,3.87989776282168,3.86746623851439,3.84872665506732,3.8334368774542,3.82491505820363,3.80603053849853,3.78449536781329,3.77005917489592,3.75291656617217,3.74185267450454,3.73034035109464,3.67059489370574,3.63752908376584,3.60181928036227,3.56571545447106,3.51051295779678,3.49610712819744,3.48080742101299,3.46302297035107,3.38796173159185,3.37711335061111,3.35253375544907,3.30205019260404,3.27138419174907,3.22733737610071,3.22968871756566,3.20222994462659,3.19517887289059,3.17855027232488,3.15868258811235,3.13704687244453,3.12834608004718,3.08332874634243
"125511",2.16268689723218,2.14495241661075,2.13502447234951,2.11735468661837,2.09716740743743,2.08693383552572,2.07767575458949,2.06783115089022,2.06420037551152,2.0540766091104,2.04223657452112,2.04520169254992,2.04663961572883,2.02662437244682,2.01194480911845,2.00560591502811,2.00031076509472,1.99497064817743,1.97453278506612,1.96166061683311,1.94429010012324,1.93403331682723,1.9063720821079,1.90605075312619,1.89889678612827,1.88464583139029,1.85024231352028,1.84833661004183,1.84555303580557,1.83395628933058,1.82387662345108,1.79561006697525,1.79844791846112,1.78010968542136,1.78536095065888,1.78569000422431,1.78912871211428,1.78780021473891,1.80164331782592,1.78672226547883
"125551",3.21551381156646,3.18494098111102,3.17171177859129,3.14712430735801,3.11782499377044,3.10409455219968,3.11547744205439,3.11922893588961,3.13348749726962,3.12942647882816,3.12253657167002,3.1006591941827,3.08023441369606,3.03196713860908,2.99517453759817,2.97562102121053,2.96246483968476,2.94881517044095,2.91382950309313,2.89410522360663,2.86884092025513,2.86192046795065,2.83089313920159,2.84144399764547,2.83987681834023,2.82186754487956,2.76606679958095,2.76953617071462,2.77406335480474,2.76284133085174,2.75543185556494,2.70759981350271,2.72158769356297,2.70391195185064,2.7280662721232,2.72581216388494,2.72123293930823,2.71012382735271,2.72217526860378,2.69631189583934
"128531",2.1993677051388,2.18308526649744,2.17318037824346,2.15463224724547,2.13472274757776,2.12366654016612,2.11524892776931,2.10440374919797,2.09940828811002,2.087163626363,2.07317037949007,2.0728156635514,2.06995149372429,2.04919537712416,2.03240868779335,2.02520665289503,2.01911611279149,2.01384008700447,1.99216014708693,1.97881169693452,1.96173997851821,1.95551149087483,1.93217719471886,1.93431466021157,1.92967374311131,1.91824492445121,1.88396521335628,1.88241192511642,1.87907895246856,1.86761764864938,1.86109457662067,1.83705420944217,1.84683448235423,1.83056469409011,1.83461586816593,1.82414306932035,1.81768470146161,1.80503558887633,1.80521394456487,1.78352352558009
"128611",4.03224825666236,3.992115424489,3.97573549031413,3.94091559012528,3.90150440255639,3.878847932134,3.86772217639982,3.84599667125305,3.84212368064069,3.81695077459763,3.79895117066824,3.79278820548934,3.78814904378105,3.74975375136681,3.71176358857179,3.69907785825255,3.69385267696639,3.68772264087217,3.64618203222492,3.62249635206644,3.60082429945763,3.58498770505647,3.53449169405666,3.53698860983888,3.53144580897876,3.51851183046095,3.47104677055543,3.48531678841283,3.49738090013699,3.49246036441097,3.48266997925547,3.40858388619448,3.40214944577068,3.35233553182284,3.34442699773046,3.31491627407628,3.28816353931107,3.26075428033899,3.2451073789517,3.2078787648357
"131591",6.8741515968769,6.81906687226856,6.79161517425243,6.74149332730357,6.68484202682222,6.65482738792987,6.65339068860522,6.63546212109098,6.64548999049678,6.61607566902095,6.59568177981481,6.58591785085649,6.56981063434819,6.50239570289122,6.4202437366752,6.38767900367465,6.36262369657361,6.34404579420751,6.2623956524842,6.20114806385933,6.13849075858694,6.09292166908151,5.99558336062737,5.9776957310376,5.93918430850482,5.88376062571433,5.78188123057785,5.7513859733145,5.71604922466234,5.67096330310765,5.62541076025786,5.52989100041237,5.50654580369623,5.44708850475886,5.436723982456,5.39799964115124,5.36985570907246,5.33561761321528,5.31469989310851,5.26186362215548
"137551",9.8761875724312,9.81006014479513,9.78841032967797,9.72311829007042,9.65518202681193,9.6294623192211,9.58794361524642,9.52770294444028,9.50047984990267,9.43633468616675,9.39530248583653,9.42533170598103,9.43208613229607,9.37300364705854,9.27238504335907,9.24641198572539,9.22679385680156,9.22013651804957,9.11869511123587,9.04216672164697,8.96263534152395,8.88859310466866,8.71876603178807,8.6849263738776,8.62235363840364,8.53311040768324,8.3404602013991,8.28488344556963,8.23171078117435,8.14215471833151,8.07526345140799,7.95750438870739,7.92459200943415,7.84087564466633,7.83913942522573,7.78389890331087,7.76444979547168,7.71824026985113,7.69607077653462,7.6149721182361
